date,Palm_Oil,FFR_midpoint,EFFR,UST_10Y,VIX,USDMYR,DXY,Brent_Oil,KLCI,cpi_inflation_yoy,OPR,financials,plantation,reits,technology,energy,industrial_products
2015-01-01,,0.125,0.06,2.122999906539917,17.790000915527344,3.5250000953674316,91.08000183105469,56.41999816894531,,,,,,,,,
2015-01-02,,0.125,0.12,,,,,,1752.77001953125,,,100.0,,100.0,100.0,100.0,100.0
2015-01-03,,0.125,0.12,,,,,,,,,,,,,,
2015-01-04,,0.125,0.12,2.0390000343322754,19.920000076293945,3.551500082015991,91.37999725341797,53.11000061035156,,,,,,,,,
2015-01-05,,0.125,0.12,1.9630000591278076,21.1200008392334,3.570499897003174,91.5,51.099998474121094,1736.6199951171875,,,98.28905436044127,,99.25640850613145,100.24692164935907,98.39430463692395,99.61542959423963
2015-01-06,,0.125,0.12,1.9539999961853027,19.309999465942383,3.5739998817443848,91.88999938964844,51.150001525878906,1716.5799560546875,,,96.4364408325467,,99.58116308673172,96.74317632773085,97.0042092813456,97.1057632403056
2015-01-07,,0.125,0.12,2.0160000324249268,17.010000228881836,3.5515999794006348,92.37000274658203,50.959999084472656,1709.1800537109375,,,95.16408434760447,,99.28192255178526,100.62248613461769,95.56227388324996,96.49820789543378
2015-01-08,,0.125,0.12,1.9709999561309814,17.549999237060547,3.546799898147583,91.94000244140625,50.11000061035156,1728.06005859375,,,95.77343960382936,,99.36396046840113,105.41358465034565,95.99942779206157,97.09386430629226
2015-01-09,,0.125,0.12,,,,,,1732.43994140625,,,95.55169129865165,,99.8896856875156,104.43430729396836,96.79203279341203,96.13653699674032
2015-01-10,,0.125,0.12,,,,,,,,,,,,,,
2015-01-11,,0.125,0.12,1.9119999408721924,19.600000381469727,3.5752999782562256,91.9800033569336,47.43000030517578,,,,,,,,,
2015-01-12,,0.125,0.12,1.8899999856948853,20.559999465942383,3.5738000869750977,92.30999755859375,46.59000015258789,1735.0799560546875,,,94.52999180072783,,99.67062316712278,106.64915199928227,97.43524540962642,97.98000720925013
2015-01-13,,0.125,0.12,1.8370000123977661,21.479999542236328,3.572999954223633,92.16000366210938,48.689998626708984,1748.9000244140625,,,99.07038746142042,,99.45060637639416,109.37045967564596,96.59815394326391,103.40718600725378
2015-01-14,,0.125,0.12,1.774999976158142,22.389999389648438,3.563999891281128,92.3499984741211,47.66999816894531,1742.010009765625,,,97.35443779437134,,99.72115474179391,108.96715932530212,96.40276452909472,101.14711327249827
2015-01-15,,0.125,0.12,1.815000057220459,20.950000762939453,3.553999900817871,92.5199966430664,47.689998626708984,1745.0,,,99.06968845508916,,100.17772803631209,112.23381963265815,96.56801459347147,103.2757377930849
2015-01-16,,0.125,0.13,,,,,,1743.5699462890625,,,98.8098324348,,99.98129363933803,112.08711018133721,95.60440631487448,103.06054373463436
2015-01-17,,0.125,0.13,,,,,,,,,,,,,,
2015-01-18,,0.125,0.13,,,3.5632998943328857,,,,,,,,,,,
2015-01-19,,0.125,0.13,1.8070000410079956,19.889999389648438,3.606300115585327,93.05000305175781,47.9900016784668,1753.31005859375,,,100.25056500457694,,100.66017649544028,111.40641956554562,95.32782872074517,104.44790113510827
2015-01-20,,0.125,0.12,1.8530000448226929,18.850000381469727,3.615000009536743,92.9000015258789,49.029998779296875,1750.1099853515625,,,100.18582834693244,,100.17873915787605,112.59422019662641,94.83013958964905,104.36156751599714
2015-01-21,,0.125,0.12,1.8960000276565552,16.399999618530273,3.5954999923706055,94.23999786376953,48.52000045776367,1770.0899658203125,,,100.30589401807018,,100.46492753930187,116.08663607928278,95.97700531703815,106.12660499624387
2015-01-22,,0.125,0.12,1.8170000314712524,16.65999984741211,3.5871999263763428,95.0,48.790000915527344,1781.75,,,99.24126154391722,,101.18634595230418,118.1468378067728,98.44164314858723,108.61068784762935
2015-01-23,,0.125,0.12,,,,,,1803.0799560546875,,,99.40414551661591,,101.44579701969157,118.59606088573994,101.54468552667876,108.657995242411
2015-01-24,,0.125,0.12,,,,,,,,,,,,,,
2015-01-25,,0.125,0.12,1.8279999494552612,15.520000457763672,3.6010000705718994,94.80000305175781,48.15999984741211,,,,,,,,,
2015-01-26,,0.125,0.12,1.8250000476837158,17.219999313354492,3.6010000705718994,94.0199966430664,49.599998474121094,1796.43994140625,,,98.72249494343014,,101.7039302308868,116.96478022841121,100.60118741242843,106.43092745239791
2015-01-27,,0.125,0.11,1.7239999771118164,20.440000534057617,3.6024999618530273,94.47000122070312,48.470001220703125,1803.1700439453125,,,99.31398777645647,,103.40252542736125,120.5621118176137,102.6436432887027,106.93683860236953
2015-01-28,,0.125,0.12,1.7510000467300415,18.760000228881836,3.629499912261963,94.77999877929688,49.130001068115234,1795.8800048828125,,3.25,98.61644505023764,,103.58260324861881,118.59805629326286,101.00311110686597,106.72175251704377
2015-01-29,,0.125,0.11,1.6749999523162842,20.969999313354492,3.631700038909912,94.80000305175781,52.9900016784668,1782.1800537109375,,,98.03950326416079,,103.1455335595678,116.88600539065624,99.99994289669414,106.4500785101973
2015-01-30,,0.125,0.06,,,,,,1781.260009765625,,,98.3743812090445,,102.9251437851896,119.1508241570927,99.65452896063402,107.25038060323631
2015-01-31,634.3781252,0.125,0.06,,,,,,,,,,,,,,
2015-02-01,,0.125,0.06,1.6729999780654907,19.43000030517578,3.617799997329712,94.5,54.75,,,,,,,,,
2015-02-02,,0.125,0.12,1.7799999713897705,17.329999923706055,3.566499948501587,93.5999984741211,57.90999984741211,,,,,,,,,
2015-02-03,,0.125,0.12,1.7970000505447388,18.329999923706055,3.5905001163482666,93.98999786376953,54.15999984741211,,,,,,,,,
2015-02-04,,0.125,0.11,1.815000057220459,16.850000381469727,3.53439998626709,94.69999694824219,56.56999969482422,1803.02001953125,,,100.08002660179338,,105.2936084158753,120.39568704728809,102.01642181077466,105.6854197262408
2015-02-05,,0.125,0.12,1.937999963760376,17.290000915527344,3.553499937057495,94.69999694824219,57.79999923706055,1803.0899658203125,,,101.09680191371686,,104.02894128859275,122.80364620385689,102.04306274676658,106.13466988763133
2015-02-06,,0.125,0.11,,,,,,1809.43994140625,,,102.10818691275041,,104.3013692215846,123.90086790520184,103.20533717795006,106.95212059054553
2015-02-07,,0.125,0.11,,,,,,,,,,,,,,
2015-02-08,,0.125,0.11,1.9479999542236328,18.549999237060547,3.553999900817871,94.44999694824219,58.34000015258789,,,,,,,,,
2015-02-09,,0.125,0.12,1.9910000562667847,17.229999542236328,3.5710999965667725,94.76000213623047,56.43000030517578,1811.5799560546875,,,101.788143941192,,103.89496727469884,123.76089092794702,102.73014006339301,107.57347914701568
2015-02-10,,0.125,0.12,1.9880000352859497,16.959999084472656,3.6157000064849854,94.98999786376953,54.65999984741211,1811.1199951171875,,,102.04609660173718,,104.09994142011247,124.33385592655011,102.22015817075362,110.75916153525557
2015-02-11,,0.125,0.12,1.9859999418258667,15.34000015258789,3.5894999504089355,94.08999633789062,57.04999923706055,1798.949951171875,,,101.88716523890804,,104.18976504238535,123.53982283417531,100.82979367867561,112.89303208385502
2015-02-12,,0.125,0.12,2.0209999084472656,14.6899995803833,3.5789999961853027,94.19999694824219,57.38999938964844,1789.0699462890625,,,101.58324486817145,,103.49059970850003,122.15356637399877,98.82531533134191,111.80360759223562
2015-02-13,,0.125,0.12,,,,,,1800.949951171875,,,102.00841111560763,,103.08123414814216,123.70325082438333,101.07656497961533,113.85745296442897
2015-02-14,,0.125,0.12,,,,,,,,,,,,,,
2015-02-15,,0.125,0.12,,,3.582200050354004,,,,,,,,,,,
2015-02-16,,0.125,0.12,2.1449999809265137,15.800000190734863,3.5815999507904053,94.05999755859375,62.529998779296875,1808.8900146484375,,,103.18084271479988,,104.05313912219705,125.12173019127546,102.20548496750143,113.96834338561672
2015-02-17,,0.125,0.12,2.065999984741211,15.449999809265137,3.6177000999450684,94.19999694824219,60.529998779296875,1810.0899658203125,,,103.29782896521336,,105.13114570843544,128.75636290164448,103.3930013954712,112.47374946818123
2015-02-18,,0.125,0.12,2.11299991607666,15.289999961853027,3.6359000205993652,94.4000015258789,60.209999084472656,1807.8699951171875,,,103.5048888592588,,105.664732331422,128.47258470781046,103.96310268755435,113.19184381593996
2015-02-19,,0.125,0.12,2.132999897003174,14.300000190734863,3.644700050354004,94.25,60.220001220703125,,,,,,,,,
2015-02-20,,0.125,0.12,,,,,,,,,,,,,,
2015-02-21,,0.125,0.12,,,,,,,,,,,,,,
2015-02-22,,0.125,0.12,2.059000015258789,14.5600004196167,3.63700008392334,94.56999969482422,58.900001525878906,,,,,,,,,
2015-02-23,,0.125,0.11,1.9880000352859497,13.6899995803833,3.6201999187469482,94.48999786376953,58.65999984741211,1809.3900146484375,,,103.26171570139115,,105.20857264525534,131.56385068599334,104.96010549978125,112.16945223670136
2015-02-24,,0.125,0.11,1.968999981880188,13.84000015258789,3.6059999465942383,94.20999908447266,61.630001068115234,1818.6800537109375,,,103.56819070466558,,107.21384885642158,130.4783562700252,105.74887263466401,113.20587922744426
2015-02-25,,0.125,0.11,2.0160000324249268,13.90999984741211,3.6045000553131104,95.29000091552734,60.04999923706055,1815.8599853515625,,,102.76559175399989,,105.70715991900141,130.8357068735022,106.92752611941528,113.62167081607477
2015-02-26,,0.125,0.11,2.002000093460083,13.34000015258789,3.6080000400543213,95.25,62.58000183105469,1820.8699951171875,,,103.04060050546282,,105.70715991900141,133.24277275778456,106.29685734311425,114.1505953206654
2015-02-27,,0.125,0.06,,,,,,1821.2099609375,,,103.78543484147833,,105.95454471209185,136.34401015435043,107.15752948803487,114.83812850072263
2015-02-28,607.6548653,0.125,0.06,,,,,,,,,,,,,,
2015-03-01,,0.125,0.06,2.0840001106262207,13.039999961853027,3.6322999000549316,95.45999908447266,59.540000915527344,,,,,,,,,
2015-03-02,,0.125,0.12,2.121999979019165,13.859999656677246,3.6284000873565674,95.37999725341797,61.02000045776367,1817.1300048828125,,,104.12535605309019,,105.71854769149796,136.57435765933363,107.34242836026068,113.84821662164737
2015-03-03,,0.125,0.12,2.122999906539917,14.229999542236328,3.6589999198913574,95.97000122070312,60.54999923706055,1821.25,,,104.82054012264257,,106.76678178092077,133.90030199899715,107.01715026449448,114.08434919341627
2015-03-04,,0.125,0.11,2.111999988555908,14.039999961853027,3.6603000164031982,96.37999725341797,60.47999954223633,1825.5400390625,,,104.91338237197701,,105.97747772414591,133.0641445852847,107.63210996348992,116.48098123168882
2015-03-05,,0.125,0.11,2.240000009536743,15.199999809265137,3.6823999881744385,97.62000274658203,59.72999954223633,1806.0899658203125,,3.25,103.03951423031732,,106.14970143647291,135.6042705767916,106.83885587117408,116.1606400496584
2015-03-06,,0.125,0.12,,,,,,1806.9599609375,,,103.71378317799282,,104.61910985858249,136.89771715107756,105.64716928446056,117.16129729213098
2015-03-07,,0.125,0.12,,,,,,,,,,,,,,
2015-03-08,,0.125,0.12,2.194999933242798,15.0600004196167,3.6826999187469482,97.58999633789062,58.529998779296875,,,,,,,,,
2015-03-09,,0.125,0.12,2.125999927520752,16.690000534057617,3.7195000648498535,98.62000274658203,56.38999938964844,1791.739990234375,,,103.03868349260318,,104.22354429706866,135.63162225369445,103.82191670501885,117.34544820053631
2015-03-10,,0.125,0.12,2.1089999675750732,16.8700008392334,3.697000026702881,99.80000305175781,57.540000915527344,1789.72998046875,,,104.03893910880366,,105.22604280235723,138.77422684620294,103.5158314288284,121.09850678747485
2015-03-11,,0.125,0.11,2.0959999561309814,15.420000076293945,3.6879000663757324,99.1500015258789,57.08000183105469,1778.1600341796875,,,102.29902247578568,,103.7531778615987,137.93580772557564,103.01539052734918,119.96318610345011
2015-03-12,,0.125,0.11,2.111999988555908,16.0,3.7019999027252197,100.33000183105469,54.66999816894531,1786.8699951171875,,,103.08024221118038,,103.85342944795816,141.99123577809763,102.72591375906985,123.69076480716419
2015-03-13,,0.125,0.11,,,,,,1781.75,,,103.30399475261649,,105.32747589685943,139.56526032371946,102.62824901115373,123.0879153892787
2015-03-14,,0.125,0.11,,,,,,,,,,,,,,
2015-03-15,,0.125,0.11,2.0980000495910645,15.609999656677246,3.692199945449829,99.5999984741211,53.439998626708984,,,,,,,,,
2015-03-16,,0.125,0.12,2.058000087738037,15.65999984741211,3.6986000537872314,99.58999633789062,53.43000030517578,1780.5400390625,,,103.20798109415324,,103.91099810956159,138.1653346669938,103.08604664664152,123.93593106076682
2015-03-17,,0.125,0.12,1.9509999752044678,13.970000267028809,3.6475000381469727,98.55000305175781,55.90999984741211,1787.8699951171875,,,103.87651085813519,,104.94497939486251,137.61893602044756,103.7040705501088,122.79476673882408
2015-03-18,,0.125,0.11,1.9769999980926514,14.069999694824219,3.7035000324249268,99.0999984741211,54.43000030517578,1797.5699462890625,,,103.83232289740192,,103.59365062003141,136.3444224029852,104.20803603261312,120.55355792754068
2015-03-19,,0.125,0.12,1.9299999475479126,13.020000457763672,3.7049999237060547,97.91000366210938,55.31999969482422,1809.1300048828125,,,105.11875436340377,,104.61652400981119,140.74084958398535,105.81499225064135,121.18636273342729
2015-03-20,,0.125,0.12,,,,,,1803.6500244140625,,,104.73985504925176,,104.5436988625597,141.5756672712773,105.2786881199768,121.93448797894779
2015-03-21,,0.125,0.12,,,,,,,,,,,,,,
2015-03-22,,0.125,0.12,1.9149999618530273,13.40999984741211,3.6514999866485596,97.02999877929688,55.91999816894531,,,,,,,,,
2015-03-23,,0.125,0.12,1.878000020980835,13.619999885559082,3.65339994430542,97.19000244140625,55.11000061035156,1795.8499755859375,,,104.22981861037223,,104.76567305156041,141.669443893049,106.95186377838766,123.6978528101931
2015-03-24,,0.125,0.11,1.9199999570846558,15.4399995803833,3.67549991607666,96.9800033569336,56.47999954223633,1814.0400390625,,,105.03434894293693,,104.32361956391966,139.9824280262799,108.28597796175711,126.73045935820801
2015-03-25,,0.125,0.12,2.006999969482422,15.800000190734863,3.6679999828338623,97.44000244140625,59.189998626708984,1819.0999755859375,,,105.64372603100213,,103.8006950468678,141.8355811281992,108.14800362384585,127.42948144434799
2015-03-26,,0.125,0.11,1.9479999542236328,15.069999694824219,3.681999921798706,97.29000091552734,56.40999984741211,1818.4200439453125,,,105.81484609447776,,104.2865972272457,136.77566143159086,108.09842623721791,126.59256719129577
2015-03-27,,0.125,0.12,,,,,,1813.3699951171875,,,105.89036650955211,,104.2865972272457,138.46676850524878,108.61950692725905,126.0356999291607
2015-03-28,,0.125,0.12,,,,,,,,,,,,,,
2015-03-29,,0.125,0.12,1.9630000591278076,14.510000228881836,3.7102999687194824,97.9800033569336,56.290000915527344,,,,,,,,,
2015-03-30,,0.125,0.12,1.934000015258789,15.289999961853027,3.7054998874664307,98.36000061035156,55.11000061035156,1821.8299560546875,,,106.71187076814768,,104.80559840101817,140.02894143903995,109.84254095537158,126.11008786897035
2015-03-31,591.7879205,0.125,0.06,1.8680000305175781,15.109999656677246,3.6710000038146973,98.19000244140625,57.099998474121094,1830.780029296875,,,107.22692585777807,,104.51196818551823,138.48464169901072,110.21932446358447,125.42874804313709
2015-04-01,,0.125,0.12,1.9040000438690186,14.670000076293945,3.652100086212158,97.44000244140625,54.95000076293945,1826.31005859375,,,107.22868818444604,,104.8237398068576,137.3625929375472,110.07379996759352,126.30126730420739
2015-04-02,,0.125,0.12,,,3.6584999561309814,,,1831.969970703125,,,107.68644079703813,,106.20900284082613,139.3342211274847,109.91672637850431,125.39001641937134
2015-04-03,,0.125,0.12,,,,,,1834.52001953125,,,108.12462735914414,,106.87723329132616,141.7467681632016,109.9531272574738,125.39001641937134
2015-04-04,,0.125,0.12,,,,,,,,,,,,,,
2015-04-05,,0.125,0.12,1.9040000438690186,14.739999771118164,3.626499891281128,97.11000061035156,58.119998931884766,,,,,,,,,
2015-04-06,,0.125,0.13,1.8930000066757202,14.779999732971191,3.640500068664551,97.83000183105469,59.099998474121094,1842.93994140625,,,108.58062004154725,,108.26662529367728,141.44552740611556,110.44682075921463,124.85602914006333
2015-04-07,,0.125,0.12,1.8949999809265137,13.979999542236328,3.626300096511841,98.06999969482422,55.54999923706055,1856.510009765625,,,109.28736252954138,,108.54850207088313,141.66881557212812,111.70574831014383,125.1915381314738
2015-04-08,,0.125,0.12,1.9579999446868896,13.09000015258789,3.63700008392334,99.16000366210938,56.56999969482422,1850.31005859375,,,108.9026058473489,,108.82607915098515,144.50957278671052,111.46007745527785,126.07455047592691
2015-04-09,,0.125,0.12,1.9509999752044678,12.579999923706055,3.6705000400543213,99.38999938964844,57.869998931884766,1849.3900146484375,,,108.41066620524344,,108.72695105286442,146.5082967238783,111.49316115794915,127.76801121981805
2015-04-10,,0.125,0.12,,,,,,1844.31005859375,,,107.49284998453825,,108.49869247505846,150.2786322919898,111.90113218050064,126.70197920145709
2015-04-11,,0.125,0.12,,,,,,,,,,,,,,
2015-04-12,,0.125,0.12,1.9390000104904175,13.9399995803833,3.7074999809265137,99.48999786376953,57.93000030517578,,,,,,,,,
2015-04-13,,0.125,0.13,1.9040000438690186,13.670000076293945,3.697999954223633,98.76000213623047,58.43000030517578,1842.0799560546875,,,107.78155327064725,,108.28342149551275,155.42775065858103,112.297945086893,126.5140602546236
2015-04-14,,0.125,0.13,1.899999976158142,12.84000015258789,3.6705000400543213,98.33000183105469,60.31999969482422,1839.6099853515625,,,107.43987891665365,,108.19494429529529,156.20574578984682,112.16134884682492,126.54423515147981
2015-04-15,,0.125,0.13,1.878000020980835,12.600000381469727,3.6278998851776123,97.41999816894531,60.400001525878906,1840.1300048828125,,,107.65190441732824,,108.45001627616011,160.93599276315905,112.28977681326475,127.07976382629485
2015-04-16,,0.125,0.13,1.850000023841858,13.890000343322754,3.6331000328063965,97.5199966430664,63.45000076293945,1847.93994140625,,,107.9720177809103,,108.40262750804368,161.10633257707653,112.41726188301038,127.71361152018343
2015-04-17,,0.125,0.13,,,,,,1845.8599853515625,,,108.24331986838729,,108.25049492031842,164.96740159971733,112.45642040362618,127.48008102831155
2015-04-18,,0.125,0.13,,,,,,,,,,,,,,
2015-04-19,,0.125,0.13,1.8949999809265137,13.300000190734863,3.628000020980835,97.94000244140625,63.45000076293945,,,,,,,,,
2015-04-20,,0.125,0.13,1.9160000085830688,13.25,3.626300096511841,97.9800033569336,62.08000183105469,1848.6600341796875,,,108.76060442623547,,108.53497580766944,172.477534013756,112.45642040362618,127.69314324475909
2015-04-21,,0.125,0.13,1.972000002861023,12.710000038146973,3.6120998859405518,98.0199966430664,62.72999954223633,1862.800048828125,,,109.6924388757829,,108.91829433249669,171.56009168370957,114.67321302428523,126.73828817196568
2015-04-22,,0.125,0.13,1.9470000267028809,12.479999542236328,3.6005001068115234,97.27999877929688,64.8499984741211,1854.77001953125,,,109.36752916219005,,109.63085042173772,174.9422395251763,114.95370175236692,125.75809452569402
2015-04-23,,0.125,0.13,1.9170000553131104,12.289999961853027,3.5678000450134277,96.91999816894531,65.27999877929688,1846.0799560546875,,,109.12559450574555,,108.70139182837933,171.89608853639848,114.99967690060492,123.92489686734613
2015-04-24,,0.125,0.13,,,,,,1862.5799560546875,,,109.66217508340614,,109.16436012792259,172.39859315397678,117.45151115114574,117.19538124141498
2015-04-25,,0.125,0.13,,,,,,,,,,,,,,
2015-04-26,,0.125,0.13,1.9240000247955322,13.119999885559082,3.542799949645996,96.7699966430664,64.83000183105469,,,,,,,,,
2015-04-27,,0.125,0.13,1.9730000495910645,12.40999984741211,3.5271999835968018,96.08999633789062,64.63999938964844,1859.5799560546875,,,109.62361290558773,,108.42935063061168,166.07211195350865,118.36880240101418,117.14247977669905
2015-04-28,,0.125,0.13,2.0350000858306885,13.390000343322754,3.53439998626709,95.12000274658203,65.83999633789062,1855.06005859375,,,109.65660577665935,,109.7869592649215,160.78577520498834,118.35665829407236,116.32328294847734
2015-04-29,,0.125,0.13,2.0460000038146973,14.550000190734863,3.5687999725341797,94.5999984741211,66.77999877929688,1842.9300537109375,,,108.89668062055544,,108.67351130856441,162.05916141157846,116.38707148102732,115.90034555280158
2015-04-30,601.3965402,0.125,0.08,2.117000102996826,12.699999809265137,3.5908000469207764,95.30000305175781,66.45999908447266,1818.27001953125,,,107.2986665646243,,109.06023381902703,161.83689708490132,113.82516591866225,117.591686645823
2015-05-01,,0.125,0.13,,,,,,,,,,,,,,
2015-05-02,,0.125,0.13,,,,,,,,,,,,,,
2015-05-03,,0.125,0.13,2.134999990463257,12.850000381469727,3.5943000316619873,95.4800033569336,66.44999694824219,,,,,,,,,
2015-05-04,,0.125,0.13,2.1760001182556152,14.3100004196167,3.5840001106262207,95.12999725341797,67.5199966430664,,,,,,,,,
2015-05-05,,0.125,0.13,2.240000009536743,15.149999618530273,3.5636000633239746,94.12999725341797,67.7699966430664,1827.4200439453125,,,107.35666511007764,,110.58790718979179,162.58625393981742,114.79902462445754,118.6304277666878
2015-05-06,,0.125,0.13,2.184000015258789,15.130000114440918,3.5998001098632812,94.62000274658203,65.54000091552734,1820.969970703125,,,107.38255929957157,,109.90433890854858,161.8089698042856,113.93598944937631,117.69481656570959
2015-05-07,,0.125,0.13,2.1500000953674316,12.859999656677246,3.581899881362915,94.79000091552734,65.38999938964844,1805.0999755859375,,3.25,106.65430160532152,,107.999046253511,163.0244358268316,114.26491162876316,119.34668685633565
2015-05-08,,0.125,0.13,,,,,,1807.6500244140625,,,107.18512968470775,,108.592602435054,165.53073212891508,114.37553624107537,121.79058793481194
2015-05-09,,0.125,0.13,,,,,,,,,,,,,,
2015-05-10,,0.125,0.13,2.2739999294281006,13.850000381469727,3.6085000038146973,95.01000213623047,64.91000366210938,,,,,,,,,
2015-05-11,,0.125,0.13,2.259999990463257,13.859999656677246,3.600600004196167,94.52999877929688,66.86000061035156,1805.489990234375,,,107.54313233396955,,108.54134247270228,165.5472986039434,114.0039532545332,120.90178583604137
2015-05-12,,0.125,0.13,2.2820000648498535,13.760000228881836,3.5845999717712402,93.62000274658203,66.80999755859375,1798.6099853515625,,,107.13356215807485,,109.10584589403418,165.69890480638568,112.10749465347595,120.79335698460163
2015-05-13,,0.125,0.13,2.239000082015991,12.739999771118164,3.55679988861084,93.36000061035156,66.58999633789062,1803.02001953125,,,106.88469483599962,,109.0816399896928,164.9944789566015,110.74929544532512,120.39065297208286
2015-05-14,,0.125,0.13,2.1410000324249268,12.380000114440918,3.5559000968933105,93.13999938964844,66.56999969482422,1805.8699951171875,,,107.5898888110357,,109.17352031127547,164.5596132383978,111.4611695889335,120.17460078809263
2015-05-15,,0.125,0.13,,,,,,1811.9200439453125,,,107.58025438052994,,108.7428616703551,166.4482879256364,112.49019360799927,120.49940136593675
2015-05-16,,0.125,0.13,,,,,,,,,,,,,,
2015-05-17,,0.125,0.13,2.2279999256134033,12.729999542236328,3.5804998874664307,94.19000244140625,66.2699966430664,,,,,,,,,
2015-05-18,,0.125,0.13,2.26200008392334,12.850000381469727,3.612499952316284,95.2699966430664,64.0199966430664,1823.5,,,107.74870020779153,,110.17533954775473,177.6594156386407,115.52100723853593,120.39133338663493
2015-05-19,,0.125,0.12,2.250999927520752,12.880000114440918,3.589099884033203,95.44999694824219,65.02999877929688,1809.719970703125,,,107.8617638277211,,110.54291835452497,179.41332053007457,112.76123018756475,117.02988359476356
2015-05-20,,0.125,0.12,2.184999942779541,12.109999656677246,3.589600086212158,95.26000213623047,66.54000091552734,1810.1099853515625,,,108.11216147736715,,109.74003634694527,180.87992061407567,112.3967189270237,116.03529287688801
2015-05-21,,0.125,0.12,2.2149999141693115,12.130000114440918,3.5994999408721924,96.01000213623047,65.37000274658203,1795.0400390625,,,106.6761878138497,,108.6844510270163,172.87553026950684,112.05771630245476,115.24640313055512
2015-05-22,,0.125,0.13,,,,,,1787.5,,,105.97299126687103,,108.38296898589049,173.85241998105013,112.69524753534577,115.68284034887427
2015-05-23,,0.125,0.13,,,,,,,,,,,,,,
2015-05-24,,0.125,0.13,,,3.596299886703491,,,,,,,,,,,
2015-05-25,,0.125,0.13,2.13700008392334,14.0600004196167,3.637200117111206,97.30000305175781,63.720001220703125,1767.3800048828125,,,105.29747213018138,,108.43625215631181,169.31727098070894,111.43831780562677,113.46740007430489
2015-05-26,,0.125,0.12,2.134999990463257,13.270000457763672,3.6429998874664307,97.37000274658203,62.060001373291016,1764.0699462890625,,,104.44037390498045,,107.25799873229691,168.3481592480262,111.66464636261986,114.51444005640532
2015-05-27,,0.125,0.12,2.130000114440918,13.3100004196167,3.6489999294281006,96.97000122070312,62.58000183105469,1755.050048828125,,,104.12333507941072,,107.1360579572239,167.67476930040996,112.40647275013372,112.12039011341439
2015-05-28,,0.125,0.12,2.0950000286102295,13.84000015258789,3.6484999656677246,96.91000366210938,65.55999755859375,1755.56005859375,,,104.5270249835092,,107.73648190102926,164.47914100832887,113.06935593085727,112.11607345150307
2015-05-29,,0.125,0.08,,,,,,1747.52001953125,,,103.43729524924359,,107.12573989661409,162.8126285794694,112.81219652013823,111.79339749958407
2015-05-30,,0.125,0.08,,,,,,,,,,,,,,
2015-05-31,606.4044885,0.125,0.08,2.191999912261963,13.970000267028809,3.6874001026153564,97.38999938964844,64.87999725341797,,,,,,,,,
2015-06-01,,0.125,0.12,2.2660000324249268,14.239999771118164,3.674099922180176,95.83999633789062,65.48999786376953,1743.4100341796875,,,103.57405226211958,,108.78887402114925,167.21596491546177,113.10764386778847,112.95947739503605
2015-06-02,,0.125,0.12,2.365999937057495,13.65999984741211,3.677999973297119,95.47000122070312,63.79999923706055,1741.3699951171875,,,102.6452578112043,,107.72449450876668,169.5772723603082,113.17115605266164,113.32311380171551
2015-06-03,,0.125,0.13,2.306999921798706,14.710000038146973,3.7112998962402344,95.45999908447266,62.029998779296875,1749.1700439453125,,,101.87972735768393,,109.37819724141184,170.5740877504908,114.03118816041749,112.28920081090668
2015-06-04,,0.125,0.13,2.4019999504089355,14.210000038146973,3.7513999938964844,96.30999755859375,63.310001373291016,1741.47998046875,,,101.7994557842818,,109.75540490104461,166.12071655461466,112.65271935690923,115.13993438719811
2015-06-05,,0.125,0.13,,,,,,1745.3299560546875,,,102.16643911302081,,110.41413358750678,165.9597418449237,112.39196760679806,114.08709649966966
2015-06-06,,0.125,0.13,,,,,,,,,,,,,,
2015-06-07,,0.125,0.13,2.38100004196167,15.289999961853027,3.7321999073028564,95.30000305175781,62.689998626708984,,,,,,,,,
2015-06-08,,0.125,0.13,2.4170000553131104,14.470000267028809,3.741499900817871,95.16999816894531,64.87999725341797,1739.449951171875,,,102.23201545192792,,108.63099033917149,165.41802732599984,112.38138328434313,114.61193896046125
2015-06-09,,0.125,0.13,2.4779999256134033,13.220000267028809,3.7142999172210693,94.6500015258789,65.69999694824219,1729.050048828125,,,101.91876158059365,,107.67552330503223,163.49639134432886,111.82654035864135,113.76678864517298
2015-06-10,,0.125,0.13,2.382999897003174,12.850000381469727,3.731100082397461,94.9800033569336,65.11000061035156,1735.6300048828125,,,102.37459947532929,,107.24662455784187,164.28851030670003,112.3477316791396,117.9569954715429
2015-06-11,,0.125,0.13,2.384999990463257,13.779999732971191,3.7421000003814697,94.97000122070312,63.869998931884766,1734.760009765625,,,102.62815123398335,,107.67968878261946,164.4463467521352,112.72587113946813,116.77809965442295
2015-06-12,,0.125,0.13,,,,,,1734.3699951171875,,,102.501210565728,,107.19689951308875,161.82405956957982,112.95677188260665,117.28751785545852
2015-06-13,,0.125,0.13,,,,,,,,,,,,,,
2015-06-14,,0.125,0.13,2.3580000400543213,15.390000343322754,3.758500099182129,94.80999755859375,62.61000061035156,,,,,,,,,
2015-06-15,,0.125,0.13,2.318000078201294,14.8100004196167,3.741300106048584,95.0,62.630001068115234,1722.1600341796875,,,102.62257918897029,,106.664139739278,154.00785872709807,112.36944589259164,117.7797781053399
2015-06-16,,0.125,0.14,2.305999994277954,14.5,3.7256999015808105,94.30000305175781,63.869998931884766,1722.239990234375,,,102.44775673272298,,105.8734615018399,154.9892608550391,112.60454112477089,116.80007631793225
2015-06-17,,0.125,0.14,2.3510000705718994,13.1899995803833,3.691999912261963,94.04000091552734,64.26000213623047,1726.8599853515625,,,103.78331074074329,,106.39455387657408,156.43339883192584,112.52588834195592,116.87882464464035
2015-06-18,,0.125,0.14,2.2669999599456787,13.960000038146973,3.73799991607666,94.08999633789062,63.02000045776367,1718.1199951171875,,,103.98169138037355,,106.4117404662303,158.5276243924685,112.05683661838768,121.75714603924538
2015-06-19,,0.125,0.13,,,,,,1721.77001953125,,,104.37993263542877,,106.19980795077726,162.4349547368552,111.83958414507953,124.0544687602522
2015-06-20,,0.125,0.13,,,,,,,,,,,,,,
2015-06-21,,0.125,0.13,2.359999895095825,12.739999771118164,3.7149999141693115,94.33000183105469,63.34000015258789,,,,,,,,,
2015-06-22,,0.125,0.13,2.4089999198913574,12.109999656677246,3.7434000968933105,95.43000030517578,64.44999694824219,1732.760009765625,,,105.04365053041298,,107.28180341415063,166.0770857534233,112.30306165021209,124.66804069723953
2015-06-23,,0.125,0.13,2.371000051498413,13.260000228881836,3.75,95.26000213623047,63.4900016784668,1726.8599853515625,,,104.46911004567517,,106.02162122633865,166.4146442568557,112.43578660583127,123.68117089283727
2015-06-24,,0.125,0.13,2.3929998874664307,14.010000228881836,3.7523000240325928,95.19000244140625,63.20000076293945,1731.6800537109375,,,104.85717120639109,,106.25518491744033,168.07764771973507,113.78746921345706,123.11553437213385
2015-06-25,,0.125,0.13,2.4760000705718994,14.020000457763672,3.7674999237060547,95.47000122070312,63.2599983215332,1716.81005859375,,,104.70895152187279,,105.37132351852452,162.4211383509788,113.53700927544811,126.4248770004605
2015-06-26,,0.125,0.13,,,,,,1710.469970703125,,,103.56343031027633,,106.00421944645629,163.42991339026543,113.40852771074603,125.2567483683288
2015-06-27,,0.125,0.13,,,,,,,,,,,,,,
2015-06-28,,0.125,0.13,2.3310000896453857,18.850000381469727,3.7695000171661377,94.79000091552734,62.0099983215332,,,,,,,,,
2015-06-29,,0.125,0.14,2.3350000381469727,18.229999542236328,3.751499891281128,95.48999786376953,63.59000015258789,1691.9200439453125,,,101.73940669098407,,105.61374351250714,156.71251669144627,111.59416924328991,124.26462885863681
2015-06-30,575.6821296,0.125,0.08,2.4179999828338623,16.09000015258789,3.765000104904175,96.30999755859375,62.0099983215332,1706.6400146484375,,,103.09053130539228,,104.45567793021186,158.89717023805724,113.38597426682537,124.5922619384928
2015-07-01,,0.125,0.13,2.3929998874664307,16.790000915527344,3.756999969482422,96.11000061035156,62.06999969482422,1727.9599609375,,,103.86336604046747,,105.17231555978594,162.77104149621508,114.12294991898773,125.11292390983597
2015-07-02,,0.125,0.13,,,3.7725000381469727,,,1733.8800048828125,,,104.38993155263499,,105.70349837406343,167.3809828666564,114.49102316709573,125.49861945544427
2015-07-03,,0.125,0.13,,,,,,1734.239990234375,,,103.97561422441726,,105.85406671736834,166.0351072689744,114.75983311247649,125.92544443616278
2015-07-04,,0.125,0.13,,,,,,,,,,,,,,
2015-07-05,,0.125,0.13,2.2780001163482666,17.010000228881836,3.819499969482422,96.30000305175781,56.540000915527344,,,,,,,,,
2015-07-06,,0.125,0.13,2.2309999465942383,16.09000015258789,3.8197999000549316,96.87000274658203,56.849998474121094,1717.050048828125,,,103.30287092101211,,105.34051059478264,162.1947886656434,114.30032656038843,125.20996373237641
2015-07-07,,0.125,0.13,2.2060000896453857,19.65999984741211,3.7950000762939453,96.29000091552734,57.04999923706055,1712.300048828125,,,103.00646165543326,,104.58884133001007,163.50541210196903,112.15269794671782,125.72399788420805
2015-07-08,,0.125,0.13,2.3010001182556152,19.969999313354492,3.780400037765503,96.61000061035156,58.61000061035156,1695.8299560546875,,,101.87551971892816,,103.78329290230862,158.51612903468774,111.63411677476718,124.84458659339252
2015-07-09,,0.125,0.13,2.4170000553131104,16.829999923706055,3.7920000553131104,96.02999877929688,58.72999954223633,1701.5400390625,,3.25,101.95352840713423,,103.60959975030508,162.45520108095457,111.27202129138607,127.98588201335146
2015-07-10,,0.125,0.13,,,,,,1715.5799560546875,,,103.07159860184252,,104.05224821681406,164.16728761402416,112.3528103730077,127.28280640779674
2015-07-11,,0.125,0.13,,,,,,,,,,,,,,
2015-07-12,,0.125,0.13,2.430000066757202,13.899999618530273,3.803499937057495,96.86000061035156,57.849998474121094,,,,,,,,,
2015-07-13,,0.125,0.13,2.3989999294281006,13.369999885559082,3.7899999618530273,96.63999938964844,58.5099983215332,1716.1099853515625,,,102.65251925000574,,103.61130090426846,165.12824666719695,113.7239252259117,127.08218950379204
2015-07-14,,0.125,0.13,2.3499999046325684,13.229999542236328,3.791599988937378,97.12999725341797,57.04999923706055,1721.0999755859375,,,102.91656891894097,,104.15850718063795,164.0698311176922,113.90047003430894,129.0928696460098
2015-07-15,,0.125,0.13,2.3519999980926514,12.109999656677246,3.7939999103546143,97.66000366210938,57.5099983215332,1715.5799560546875,,,103.08145857596955,,104.62548022867348,163.31244791621978,113.97013991216318,130.23148020403204
2015-07-16,,0.125,0.14,2.3489999771118164,11.949999809265137,3.804500102996826,97.86000061035156,57.52000045776367,1726.72998046875,,,103.8802120407021,,103.8372721087851,166.437389633205,114.16950386059305,130.92497059785546
2015-07-17,,0.125,0.13,,,,,,,,,,,,,,
2015-07-18,,0.125,0.13,,,,,,,,,,,,,,
2015-07-19,,0.125,0.13,2.371999979019165,12.25,3.8141000270843506,98.02999877929688,56.650001525878906,,,,,,,,,
2015-07-20,,0.125,0.14,2.3399999141693115,12.220000267028809,3.7799999713897705,97.33000183105469,57.040000915527344,1724.1300048828125,,,104.07956551744478,,104.15502365123344,167.64567875996667,114.46556862196309,131.61956305881054
2015-07-21,,0.125,0.13,2.322000026702881,12.119999885559082,3.8078999519348145,97.5999984741211,56.130001068115234,1736.18994140625,,,104.63177633804968,,104.82699496759477,168.5184334245526,115.64490422007776,133.2734550252026
2015-07-22,,0.125,0.13,2.2769999504089355,12.640000343322754,3.809499979019165,97.12000274658203,55.27000045776367,1729.530029296875,,,104.39548588134886,,105.10208681074482,167.00733098514056,116.02917137538194,131.72025334155512
2015-07-23,,0.125,0.13,2.2709999084472656,13.739999771118164,3.815000057220459,97.23999786376953,54.619998931884766,1722.43994140625,,,104.04417328769104,,105.74719451042938,166.03725773502836,114.80774887786558,131.04288948109024
2015-07-24,,0.125,0.13,,,,,,1720.760009765625,,,104.15866137201557,,104.86514316893751,168.64180972955293,114.12055536205368,131.91516849486612
2015-07-25,,0.125,0.13,,,,,,,,,,,,,,
2015-07-26,,0.125,0.13,2.2279999256134033,15.600000381469727,3.815999984741211,96.5,53.470001220703125,,,,,,,,,
2015-07-27,,0.125,0.14,2.25,13.4399995803833,3.801300048828125,96.7699966430664,53.29999923706055,1709.760009765625,,,102.63944627823352,,105.20729298729017,166.8010141228631,114.24249141663627,133.71994596897233
2015-07-28,,0.125,0.14,2.2790000438690186,12.5,3.801500082015991,96.9800033569336,53.380001068115234,1699.699951171875,,,102.12341456685974,,103.74017275607461,163.83740031624197,114.45769084158815,128.89313941269353
2015-07-29,,0.125,0.14,2.2679998874664307,12.130000114440918,3.815999984741211,97.55999755859375,53.310001373291016,1698.989990234375,,,101.90174414709612,,104.45158053980414,164.80207632511394,114.56710536466505,129.92555037789566
2015-07-30,,0.125,0.14,2.2049999237060547,12.119999885559082,3.822999954223633,97.37000274658203,52.209999084472656,1699.9200439453125,,,101.13352721834579,,104.76702782590621,166.65964584702192,114.84060491886903,132.23130473273147
2015-07-31,484.6775913,0.125,0.08,,,,,,1723.1400146484375,,,103.30218037488011,,106.13426146548936,165.13317290584004,116.37307971727509,130.0498924073205
2015-08-01,,0.125,0.08,,,,,,,,,,,,,,
2015-08-02,,0.125,0.08,2.1500000953674316,12.5600004196167,3.852299928665161,97.48999786376953,49.52000045776367,,,,,,,,,
2015-08-03,,0.125,0.14,2.2109999656677246,13.0,3.868499994277954,97.93000030517578,49.9900016784668,1744.18994140625,,,102.95204505036362,,106.09693475298756,165.87110996445477,117.64024631443009,130.99688889233704
2015-08-04,,0.125,0.14,2.2679998874664307,12.510000228881836,3.875,97.95999908447266,49.59000015258789,1723.72998046875,,,102.51415673112523,,106.02115527415472,164.18368926693515,117.45674293075,131.90265706105646
2015-08-05,,0.125,0.14,2.2339999675750732,13.770000457763672,3.9040000438690186,97.83000183105469,49.52000045776367,1725.56005859375,,,102.94503638985657,,105.20109522214578,162.80753454499862,117.84342465238228,133.13500784765293
2015-08-06,,0.125,0.14,2.174999952316284,13.390000343322754,3.9205000400543213,97.55999755859375,48.61000061035156,1694.6400146484375,,,102.24595845992535,,106.46126562087706,158.91239742984297,116.34301348629042,131.1042767974975
2015-08-07,,0.125,0.14,,,,,,1682.6500244140625,,,102.04054964675109,,106.6778994814326,156.67426177933083,115.46551421449351,126.97362861346244
2015-08-08,,0.125,0.14,,,,,,,,,,,,,,
2015-08-09,,0.125,0.14,2.23799991607666,12.229999542236328,3.9130001068115234,97.16000366210938,50.40999984741211,,,,,,,,,
2015-08-10,,0.125,0.14,2.13700008392334,13.710000038146973,3.9790000915527344,97.29000091552734,49.18000030517578,1654.3699951171875,,,99.85728239010123,,104.43291414165765,147.64264012139853,113.77545408720526,122.14358122952585
2015-08-11,,0.125,0.15,2.130000114440918,13.609999656677246,3.9739999771118164,96.26000213623047,49.65999984741211,1636.7099609375,,,98.12527855949818,,103.94114554840854,147.67104690438816,111.99033495596318,118.04676719005658
2015-08-12,,0.125,0.15,2.188999891281128,13.489999771118164,4.025000095367432,96.44999694824219,49.220001220703125,1609.9300537109375,,,96.49494131474202,,102.74919472601253,135.1390796237632,111.34575447845292,109.79321519370981
2015-08-13,,0.125,0.15,2.196000099182129,12.829999923706055,4.053999900817871,96.56999969482422,49.029998779296875,1621.6199951171875,,,98.3099052591654,,103.29203580080078,145.69022382775128,111.20554518966522,114.79240355375788
2015-08-14,,0.125,0.14,,,,,,1596.8199462890625,,,96.23999961631694,,102.80015507041185,141.25863407826688,110.10018469483273,111.25581149067538
2015-08-15,,0.125,0.14,,,,,,,,,,,,,,
2015-08-16,,0.125,0.14,2.1500000953674316,13.020000457763672,4.090000152587891,96.81999969482422,49.029998779296875,,,,,,,,,
2015-08-17,,0.125,0.15,2.196000099182129,13.789999961853027,4.083000183105469,96.97000122070312,48.810001373291016,1572.5400390625,,,95.01342672167551,,102.04604073013563,133.2730642902426,109.27894344676194,109.27094008810674
2015-08-18,,0.125,0.15,2.128999948501587,15.25,4.091000080108643,96.45999908447266,47.15999984741211,1579.5999755859375,,,96.16482647980234,,102.04604073013563,137.49507148454086,109.50019755339622,111.30251573630781
2015-08-19,,0.125,0.15,2.0840001106262207,19.139999389648438,4.097499847412109,95.75,46.619998931884766,1582.43994140625,,,96.63252594565182,,103.33626956860549,140.39524807160183,109.00922499329558,111.48838281416529
2015-08-20,,0.125,0.15,2.053999900817871,28.030000686645508,4.1504998207092285,94.83000183105469,45.459999084472656,1577.4100341796875,,,97.05783630628832,,103.8014172719176,139.04408539903787,108.69408218469749,110.38317882064578
2015-08-21,,0.125,0.15,,,,,,1574.6700439453125,,,96.37098997220353,,103.75204585508418,136.35166081633082,108.81068140786114,110.76754469204143
2015-08-22,,0.125,0.15,,,,,,,,,,,,,,
2015-08-23,,0.125,0.15,1.996999979019165,40.7400016784668,4.2210001945495605,93.30999755859375,42.689998626708984,,,,,,,,,
2015-08-24,,0.125,0.15,2.132999897003174,36.02000045776367,4.2164998054504395,94.52999877929688,43.209999084472656,1532.1400146484375,,,92.45745468345264,,101.88757737054009,129.74480512428914,107.26939185975151,107.0215857230636
2015-08-25,,0.125,0.15,2.171999931335449,30.31999969482422,4.190400123596191,95.0999984741211,43.13999938964844,1563.93994140625,,,93.58687309209813,,101.93610774927264,130.66802870785511,111.14675944267785,104.1576467478918
2015-08-26,,0.125,0.14,2.1679999828338623,26.100000381469727,4.168000221252441,95.61000061035156,47.560001373291016,1580.3699951171875,,,94.73147231929752,,102.8904722136556,126.37078035370163,111.68576883976094,104.70498893871374
2015-08-27,,0.125,0.14,2.186000108718872,26.049999237060547,4.1570000648498535,96.11000061035156,50.04999923706055,1601.699951171875,,,96.74704356023307,,103.2095301086544,127.91681354949569,113.12110494093304,108.18589604066777
2015-08-28,,0.125,0.14,,,,,,1612.739990234375,,,97.91434775390675,,103.73740937573747,126.34584384329229,114.29375486844367,110.82442949220166
2015-08-29,,0.125,0.14,,,,,,,,,,,,,,
2015-08-30,,0.125,0.14,2.200000047683716,28.43000030517578,4.165999889373779,95.94999694824219,54.150001525878906,,,,,,,,,
2015-08-31,483.4873077,0.125,0.08,2.171999931335449,31.399999618530273,4.184999942779541,95.44999694824219,49.560001373291016,,,,,,,,,
2015-09-01,,0.125,0.14,2.193000078201294,26.09000015258789,4.204999923706055,95.83000183105469,50.5,1609.2099609375,,,96.90720374245394,,103.73740937573747,127.40486061081171,114.0858530247532,111.61400716252408
2015-09-02,,0.125,0.14,2.1679999828338623,25.610000610351562,4.2245001792907715,96.41000366210938,50.68000030517578,1590.18994140625,,,94.68427742154569,,103.47138805626001,127.67117354636399,113.51225565619198,112.22358818542556
2015-09-03,,0.125,0.14,2.128000020980835,27.799999237060547,4.2870001792907715,96.2300033569336,49.61000061035156,1602.75,,,96.06270586703799,,103.23835073887302,130.375428305282,113.89745975913408,116.28354557785026
2015-09-04,,0.125,0.14,,,,,,1589.1600341796875,,,94.28256695678249,,103.26277993647437,128.91915843815968,114.46123439746852,118.16202095396528
2015-09-05,,0.125,0.14,,,,,,,,,,,,,,
2015-09-06,,0.125,0.14,,,4.335999965667725,,,,,,,,,,,
2015-09-07,,0.125,0.14,2.194000005722046,24.899999618530273,4.291500091552734,95.87999725341797,49.52000045776367,1582.8499755859375,,,94.29938914442614,,104.0240385656523,128.2708861838499,114.961695238214,117.24841812566649
2015-09-08,,0.125,0.14,2.180999994277954,26.229999542236328,4.332499980926514,96.01000213623047,47.58000183105469,1587.1199951171875,,,95.19100915383551,,103.44993463902013,131.2326946812233,115.03341837229574,116.38422137148568
2015-09-09,,0.125,0.14,2.2219998836517334,24.3700008392334,4.293000221252441,95.45999908447266,48.88999938964844,1603.3599853515625,,,96.06590779490027,,104.38191999972064,132.9597180746176,114.6562470937288,120.06047429003763
2015-09-10,,0.125,0.14,2.183000087738037,23.200000762939453,4.2870001792907715,95.19000244140625,48.13999938964844,1614.02001953125,,,96.57233986709632,,104.15300744862246,132.6910723970869,114.89817784187775,119.62030860003942
2015-09-11,,0.125,0.14,,,,,,1603.5999755859375,,3.25,94.79243015930716,,104.38293067263456,134.396388463145,114.93408975062118,121.29224937914955
2015-09-12,,0.125,0.14,,,,,,,,,,,,,,
2015-09-13,,0.125,0.14,2.180000066757202,24.25,4.309500217437744,95.25,46.369998931884766,,,,,,,,,
2015-09-14,,0.125,0.14,2.2809998989105225,22.540000915527344,4.261499881744385,95.61000061035156,46.630001068115234,1639.6300048828125,,,96.3883700893852,,104.80952892345574,134.53175053839365,115.11741706644109,119.0628087549525
2015-09-15,,0.125,0.14,2.302999973297119,21.350000381469727,4.21150016784668,95.41999816894531,46.61000061035156,1647.1500244140625,,,96.71617251634635,,104.07466416547233,133.3687580930993,115.18849556934218,118.34326660087228
2015-09-16,,0.125,0.14,2.2170000076293945,21.139999389648438,4.2170000076293945,94.55000305175781,49.08000183105469,,,,,,,,,
2015-09-17,,0.125,0.14,2.130000114440918,22.280000686645508,4.209000110626221,94.86000061035156,47.470001220703125,1681.5400390625,,,98.93674386196281,,104.12393863963926,136.45033132701715,116.6484218514043,121.33025135635683
2015-09-18,,0.125,0.14,,,,,,1669.449951171875,,,98.5779585476092,,103.46269436072528,134.1749026994806,116.7720383099233,128.73200331228313
2015-09-19,,0.125,0.14,,,,,,,,,,,,,,
2015-09-20,,0.125,0.14,2.2139999866485596,20.139999389648438,4.258500099182129,95.88999938964844,48.91999816894531,,,,,,,,,
2015-09-21,,0.125,0.14,2.125,22.440000534057617,4.309999942779541,96.27999877929688,49.08000183105469,1639.469970703125,,,96.14124599286544,,103.59700602286178,132.2063519980262,116.40330680118491,124.9631685933118
2015-09-22,,0.125,0.14,2.1440000534057617,22.1299991607666,4.380000114440918,96.06999969482422,47.75,1635.3699951171875,,,95.6704851167918,,102.80294380957329,133.23531564230714,116.63731545543969,125.86022932334527
2015-09-23,,0.125,0.14,2.119999885559082,23.469999313354492,4.392000198364258,95.98999786376953,48.16999816894531,1613.1700439453125,,,94.48437348921262,,103.07977967394677,130.77866858867597,115.78935760787459,125.08693508636345
2015-09-24,,0.125,0.14,2.1679999828338623,23.6200008392334,4.3927998542785645,96.2699966430664,48.599998474121094,,,,,,,,,
2015-09-25,,0.125,0.13,,,,,,1615.010009765625,,,94.14168319499481,,103.40571121363942,133.50337082317162,116.54268403239168,125.42883775753313
2015-09-26,,0.125,0.13,,,,,,,,,,,,,,
2015-09-27,,0.125,0.13,2.0950000286102295,27.6299991607666,4.412300109863281,96.02999877929688,47.34000015258789,,,,,,,,,
2015-09-28,,0.125,0.13,2.053999900817871,26.829999923706055,4.455999851226807,95.88999938964844,48.22999954223633,1608.4300537109375,,,93.48895533006112,,104.13650360467872,132.57955619932488,116.09683300769105,124.88012820391958
2015-09-29,,0.125,0.13,2.059999942779541,24.5,4.385499954223633,96.3499984741211,48.369998931884766,1603.3199462890625,,,92.67182937420158,,103.61558553100761,130.5503637530719,116.65921800286134,123.37927038030271
2015-09-30,530.2466398,0.125,0.07,2.0420000553131104,22.549999237060547,4.417500019073486,96.19000244140625,47.689998626708984,1621.0400390625,,,92.99772151104702,,104.36230017413112,132.00980139341118,117.09206126287775,124.90858925691089
2015-10-01,,0.125,0.13,1.9889999628067017,20.940000534057617,4.382500171661377,95.83000183105469,48.130001068115234,1633.9300537109375,,,93.41773618079432,,104.36230017413112,133.05044360519776,117.22542590990628,125.3473687300847
2015-10-02,,0.125,0.13,,,,,,1628.800048828125,,,93.16167996865016,,103.64166715233863,132.28639291924762,117.29758837708503,124.89167060250088
2015-10-03,,0.125,0.13,,,,,,,,,,,,,,
2015-10-04,,0.125,0.13,2.055999994277954,19.540000915527344,4.338500022888184,96.11000061035156,49.25,,,,,,,,,
2015-10-05,,0.125,0.13,2.0350000858306885,19.399999618530273,4.298999786376953,95.45999908447266,51.91999816894531,1647.5899658203125,,,94.51482946766323,,104.88094662869459,136.05727771684198,118.32947075929394,126.9831549391762
2015-10-06,,0.125,0.13,2.062000036239624,18.399999618530273,4.215000152587891,95.5,51.33000183105469,1662.510009765625,,,95.58086107029935,,105.1860178123596,138.9781984081519,119.75883187843274,127.37911608816917
2015-10-07,,0.125,0.13,2.1080000400543213,17.420000076293945,4.113500118255615,95.31999969482422,53.04999923706055,1689.25,,,97.91100511227859,,104.66683619281905,144.02306265522608,122.13392386160243,129.12489067285728
2015-10-08,,0.125,0.13,2.0989999771118164,17.079999923706055,4.127500057220459,94.80999755859375,52.650001525878906,1692.199951171875,,,98.4513668964413,,104.25765229706754,142.98836969984444,122.22555004146602,125.16620401212472
2015-10-09,,0.125,0.13,,,,,,1706.5400390625,,,99.06201027863388,,104.0725874848193,142.35096291892745,123.78642794723906,127.04116976277405
2015-10-10,,0.125,0.13,,,,,,,,,,,,,,
2015-10-11,,0.125,0.13,2.0899999141693115,16.170000076293945,4.139500141143799,94.83999633789062,49.86000061035156,,,,,,,,,
2015-10-12,,0.125,0.13,2.055000066757202,17.670000076293945,4.201499938964844,94.76000213623047,49.2400016784668,1709.8599853515625,,,98.72687372622467,,104.12500245677676,145.2735677116022,124.0182305532239,130.01716920088586
2015-10-13,,0.125,0.13,1.9809999465942383,18.030000686645508,4.138000011444092,93.93000030517578,49.150001525878906,1711.1400146484375,,,99.32570810644285,,103.77143678486102,150.7179704615951,124.19958847913848,127.23627186461127
2015-10-14,,0.125,0.13,2.0230000019073486,16.049999237060547,4.102499961853027,94.37000274658203,48.709999084472656,,,,,,,,,
2015-10-15,,0.125,0.13,2.0230000019073486,15.050000190734863,4.171000003814697,94.54000091552734,48.72999954223633,1713.25,,,99.69316895140561,,103.77143678486102,154.94871010785556,123.96867445032865,131.50752290162308
2015-10-16,,0.125,0.13,,,,,,1716.8199462890625,,,99.97707781723052,,106.05131946779332,155.70379623675223,123.71671657462831,134.13648879311262
2015-10-17,,0.125,0.13,,,,,,,,,,,,,,
2015-10-18,,0.125,0.13,2.0280001163482666,14.979999542236328,4.2829999923706055,94.95999908447266,48.61000061035156,,,,,,,,,
2015-10-19,,0.125,0.13,2.071000099182129,15.75,4.2769999504089355,94.8499984741211,48.709999084472656,1718.199951171875,,,100.42267584105727,,105.24619485682314,153.61563650579475,123.59166434764535,133.4600650050408
2015-10-20,,0.125,0.13,2.0299999713897705,16.700000762939453,4.297500133514404,95.05000305175781,47.849998474121094,1705.030029296875,,,99.00281680194841,,105.15623177482362,148.79498919032048,123.66912934683802,135.6566609711043
2015-10-21,,0.125,0.13,2.0250000953674316,14.449999809265137,4.2204999923706055,96.33999633789062,48.08000183105469,1707.1099853515625,,,99.65199459212074,,104.5485285378413,154.13372186451716,123.42472557243738,139.64187249349905
2015-10-22,,0.125,0.12,2.0829999446868896,14.460000038146973,4.248499870300293,97.06999969482422,47.9900016784668,1705.0899658203125,,,99.00171032794867,,104.5485285378413,158.20635805882205,123.95819181550203,136.3077178928953
2015-10-23,,0.125,0.12,,,,,,1710.9300537109375,,,99.13668380522323,,105.47414642241071,158.39163588016746,124.74077767023142,140.64029117019194
2015-10-24,,0.125,0.12,,,,,,,,,,,,,,
2015-10-25,,0.125,0.12,2.058000087738037,15.289999961853027,4.238500118255615,96.86000061035156,47.540000915527344,,,,,,,,,
2015-10-26,,0.125,0.12,2.0280001163482666,15.430000305175781,4.28000020980835,96.91000366210938,46.810001373291016,1706.7900390625,,,98.92153040679113,,105.20779627948727,156.3878160590569,123.62638236235868,141.17797608147342
2015-10-27,,0.125,0.12,2.0920000076293945,14.329999923706055,4.268499851226807,97.77999877929688,49.04999923706055,1696.949951171875,,,98.28813023620376,,105.00967404679,152.43670654536464,123.39529756564589,142.80211478573236
2015-10-28,,0.125,0.12,2.1730000972747803,14.609999656677246,4.2204999923706055,97.27999877929688,48.79999923706055,1686.510009765625,,,97.38804762659365,,104.20530282528182,152.26731715984937,122.2852419296042,143.49483149243437
2015-10-29,,0.125,0.12,2.1510000228881836,15.069999694824219,4.2210001945495605,96.94999694824219,49.560001373291016,1666.97998046875,,,95.59016210552504,,104.36072527489553,153.17873320702577,121.03841199220354,144.65106702565447
2015-10-30,,0.125,0.07,,,,,,1665.7099609375,,,94.85493997216223,,105.98638713160551,156.4565847435701,121.5181134003718,144.34172763151275
2015-10-31,503.163620012229,0.125,0.07,,,,,,,,,,,,,,
2015-11-01,,0.125,0.07,2.187000036239624,14.149999618530273,4.290999889373779,96.93000030517578,48.790000915527344,,,,,,,,,
2015-11-02,,0.125,0.12,2.2200000286102295,14.539999961853027,4.232999801635742,97.16000366210938,50.540000915527344,1664.0699462890625,,,94.75604896257708,,105.47425501724754,156.80546628605904,121.12194764676283,143.7222923258405
2015-11-03,,0.125,0.12,2.2300000190734863,15.510000228881836,4.298999786376953,97.94999694824219,48.58000183105469,1677.56005859375,,,95.5292060844983,,104.92580049152629,163.4959939210232,122.62159630380442,142.86459397045172
2015-11-04,,0.125,0.12,2.244999885559082,15.050000190734863,4.292500019073486,97.94000244140625,47.97999954223633,1685.6199951171875,,,95.99247304375996,,105.8204646958632,161.68672842844614,122.99890196781303,143.80463740347804
2015-11-05,,0.125,0.12,2.3329999446868896,14.329999923706055,4.35699987411499,99.16000366210938,47.41999816894531,1688.5400390625,,3.25,96.21072235365133,,104.93627327919712,162.68761270883712,122.93640531059012,144.73841101126982
2015-11-06,,0.125,0.12,,,,,,1685.699951171875,,,96.03020801192503,,103.97703370373195,166.1874804129851,124.32955101159808,144.28578051551403
2015-11-07,,0.125,0.12,,,,,,,,,,,,,,
2015-11-08,,0.125,0.12,2.3420000076293945,16.520000457763672,4.382999897003174,98.9800033569336,47.189998626708984,,,,,,,,,
2015-11-09,,0.125,0.12,2.322000026702881,15.289999961853027,4.243500232696533,99.29000091552734,47.439998626708984,1686.1099853515625,,,95.94176188705516,,105.03417486459763,163.93855514098638,123.78158941921215,146.74175926183756
2015-11-10,,0.125,0.12,2.3380000591278076,16.059999465942383,4.337500095367432,99.01000213623047,45.810001373291016,,,,,,,,,
2015-11-11,,0.125,0.12,2.319000005722046,18.3700008392334,4.379499912261963,98.6500015258789,44.060001373291016,1665.3199462890625,,,94.18111072860194,,104.63289345042392,162.01692967083602,125.1693382758621,147.2942978112381
2015-11-12,,0.125,0.12,2.2799999713897705,20.079999923706055,4.381499767303467,98.98999786376953,43.61000061035156,1663.199951171875,,,94.82594352997708,,104.75544592701607,161.62745381978402,124.2998954337046,146.16079160399198
2015-11-13,,0.125,0.12,,,,,,1658.9100341796875,,,94.49765731015486,,104.02639407294932,163.13198734766763,124.3463117833783,146.62027284477358
2015-11-14,,0.125,0.12,,,,,,,,,,,,,,
2015-11-15,,0.125,0.12,2.2730000019073486,18.15999984741211,4.36299991607666,99.44000244140625,43.58000183105469,,,,,,,,,
2015-11-16,,0.125,0.13,2.260999917984009,18.84000015258789,4.375699996948242,99.62999725341797,43.56999969482422,1656.0,,,94.4619835362958,,104.20992646828076,161.28179690978888,124.13769093596001,144.55470550343452
2015-11-17,,0.125,0.13,2.2690000534057617,16.850000381469727,4.323999881744385,99.6500015258789,44.13999938964844,1661.530029296875,,,94.5488643667441,,104.70871826996351,165.27933593743526,124.27241448189639,148.34162840446362
2015-11-18,,0.125,0.12,2.247999906539917,16.989999771118164,4.277500152587891,98.98999786376953,44.18000030517578,1656.5,,,94.54337880816311,,102.62840476817718,168.23149712960927,124.5542251872767,146.70246890293106
2015-11-19,,0.125,0.12,2.26200008392334,15.470000267028809,4.258500099182129,99.56999969482422,44.65999984741211,1660.06005859375,,,94.3776594637103,,104.94239628555553,172.05344263194308,125.85443643903666,144.51182415817692
2015-11-20,,0.125,0.12,,,,,,1661.8900146484375,,,94.78772173560559,,104.52693969463817,172.58547416653184,126.42580440857152,142.33987039989307
2015-11-21,,0.125,0.12,,,,,,,,,,,,,,
2015-11-22,,0.125,0.12,2.25,15.619999885559082,4.262499809265137,99.80000305175781,44.83000183105469,,,,,,,,,
2015-11-23,,0.125,0.12,2.243000030517578,15.930000305175781,4.204999923706055,99.52999877929688,46.119998931884766,1670.9000244140625,,,95.5781802825381,,105.55338142437903,176.51223796947505,128.35979083059243,138.17387343730832
2015-11-24,,0.125,0.12,2.2320001125335693,15.1899995803833,4.198500156402588,99.80000305175781,46.16999816894531,1677.030029296875,,,95.108529346775,,105.32196780983108,175.60720087189932,129.19382139548438,138.05054459550936
2015-11-25,,0.125,0.12,,,4.2129998207092285,,,1684.4200439453125,,,95.65272640358522,,105.50349844924472,162.26791513074335,130.34393657430684,134.81488527296423
2015-11-26,,0.125,0.12,2.2249999046325684,15.119999885559082,4.263000011444092,100.0199966430664,44.86000061035156,1683.0899658203125,,,95.25993161814912,,105.68374295884313,165.8996426551094,129.55496195025805,137.6412303316812
2015-11-27,,0.125,0.12,,,,,,1682.5899658203125,,,95.46297337068857,,105.45499278069022,166.45056077603994,128.93882780653558,138.69164375849425
2015-11-28,,0.125,0.12,,,,,,,,,,,,,,
2015-11-29,,0.125,0.12,2.2179999351501465,16.1299991607666,4.248000144958496,100.16999816894531,44.61000061035156,,,,,,,,,
2015-11-30,520.584651292273,0.125,0.08,2.1549999713897705,14.670000076293945,4.2179999351501465,99.80000305175781,44.439998626708984,1672.1600341796875,,,94.86997237158026,,104.3279067708362,167.38215514435342,128.91721171061562,138.5044309166566
2015-12-01,,0.125,0.13,2.177999973297119,15.90999984741211,4.244999885559082,99.98999786376953,42.4900016784668,1682.3699951171875,,,95.71546983309405,,104.75692154831866,167.68558011450816,129.37478883952772,139.7585751150196
2015-12-02,,0.125,0.13,2.3299999237060547,18.110000610351562,4.206500053405762,97.62000274658203,43.84000015258789,1676.77001953125,,,95.38948484901908,,105.02761784512194,166.18814364692597,129.15057998433588,142.5758542412691
2015-12-03,,0.125,0.13,2.2750000953674316,14.8100004196167,4.182000160217285,98.3499984741211,43.0,1673.9200439453125,,,95.30618823147293,,104.49893350040043,167.12473418351848,129.56750769424787,143.43131776158705
2015-12-04,,0.125,0.13,,,,,,1667.8699951171875,,,94.96095394947976,,104.79835772375121,168.71439994308344,129.76498157357776,144.8486348434362
2015-12-05,,0.125,0.13,,,,,,,,,,,,,,
2015-12-06,,0.125,0.13,2.2249999046325684,15.84000015258789,4.269999980926514,98.66000366210938,40.72999954223633,,,,,,,,,
2015-12-07,,0.125,0.13,2.23799991607666,17.600000381469727,4.263299942016602,98.47000122070312,40.2599983215332,1672.0,,,95.21613495137382,,105.07930937913761,174.29984221062915,129.1607159005297,150.29455065166385
2015-12-08,,0.125,0.13,2.2079999446868896,19.610000610351562,4.251399993896484,97.3499984741211,40.11000061035156,1669.239990234375,,,95.18151874478482,,104.61843577195529,172.18737347604045,128.27887882544394,148.56297360842234
2015-12-09,,0.125,0.14,2.239000082015991,19.34000015258789,4.261000156402588,97.94000244140625,39.72999954223633,1659.3599853515625,,,95.17950517266819,,104.11769851715471,171.28850779433168,127.72684839489293,146.83263379260381
2015-12-10,,0.125,0.14,2.1389999389648438,24.389999389648438,4.319499969482422,97.56999969482422,37.93000030517578,1648.6500244140625,,,95.11324915137307,,102.50991687924504,171.09436654626444,127.54736616540512,150.31566164241082
2015-12-11,,0.125,0.14,,,,,,1640.1400146484375,,,94.25052543509578,,102.26301774106139,168.67877540065825,127.37833096204324,149.10406046724373
2015-12-12,,0.125,0.14,,,,,,,,,,,,,,
2015-12-13,,0.125,0.14,2.2249999046325684,22.729999542236328,4.3420000076293945,97.5999984741211,37.91999816894531,,,,,,,,,
2015-12-14,,0.125,0.15,2.2679998874664307,20.950000762939453,4.295000076293945,98.22000122070312,38.45000076293945,1629.9599609375,,,93.91249562434717,,102.37905484505265,165.24774200012723,125.5202921516559,146.039102594704
2015-12-15,,0.125,0.15,2.2869999408721924,17.860000610351562,4.265500068664551,97.87000274658203,37.189998626708984,1622.8399658203125,,,93.40059903540686,,102.66288372152835,164.3522520320851,126.38845802896661,152.46724847705462
2015-12-16,,0.375,0.15,2.23799991607666,18.940000534057617,4.307000160217285,99.2699966430664,37.18000030517578,1634.1300048828125,,,94.21504502443008,,103.95735006661961,167.19572549234982,127.38925885658578,156.15394348156184
2015-12-17,,0.375,0.37,2.1989998817443848,20.700000762939453,4.273499965667725,98.69999694824219,36.880001068115234,1656.52001953125,,,95.85840431726899,,103.70123802470137,170.267461126109,127.8702918170095,163.56157738084877
2015-12-18,,0.375,0.37,,,,,,1643.9000244140625,,,94.98232587827506,,103.25803460375798,167.4735742144092,127.42339707014519,161.5493616611293
2015-12-19,,0.375,0.37,,,,,,,,,,,,,,
2015-12-20,,0.375,0.37,2.197000026702881,18.700000762939453,4.291999816894531,98.45999908447266,36.349998474121094,,,,,,,,,
2015-12-21,,0.375,0.36,2.239000082015991,16.600000381469727,4.294000148773193,98.23999786376953,36.11000061035156,1629.0899658203125,,,93.81097156289452,,102.82999521227963,166.2581613678204,126.34618016557194,164.7803136815474
2015-12-22,,0.375,0.36,2.2639999389648438,15.569999694824219,4.290999889373779,98.33999633789062,37.36000061035156,1643.260009765625,,,94.2431800827152,,102.77879575404793,168.95016701315748,126.94276692607423,165.15351776855022
2015-12-23,,0.375,0.36,2.243000030517578,15.739999771118164,4.289999961853027,97.9800033569336,37.88999938964844,1663.510009765625,,,94.81626157396373,,103.72859984791577,169.54323070603598,127.8379993713116,164.76571559207582
2015-12-24,,0.375,0.36,,,4.290999889373779,,,,,,,,,,,
2015-12-25,,0.375,0.36,,,,,,,,,,,,,,
2015-12-26,,0.375,0.36,,,,,,,,,,,,,,
2015-12-27,,0.375,0.36,2.2249999046325684,16.90999984741211,4.2932000160217285,97.91999816894531,36.619998931884766,,,,,,,,,
2015-12-28,,0.375,0.36,2.306999921798706,16.079999923706055,4.281000137329102,98.0999984741211,37.790000915527344,1670.72998046875,,,95.29944097895329,,104.37806700895311,169.69782720956877,129.41558608459792,164.87271590861346
2015-12-29,,0.375,0.36,2.302999973297119,17.290000915527344,4.305200099945068,98.2699966430664,36.459999084472656,1685.3599853515625,,,95.83671970975003,,104.67544082820667,172.5197970047958,131.25130962073058,167.10250473958826
2015-12-30,,0.375,0.35,2.2690000534057617,18.209999084472656,4.294000148773193,98.62999725341797,37.279998779296875,1693.1400146484375,,,96.18926075735116,,104.52760387112652,174.3541925830337,131.44690682796073,165.85661600435512
2015-12-31,531.619442572607,0.375,0.2,,,4.305200099945068,,,1692.510009765625,,,95.71996527970053,,104.83901157211051,169.5993584379024,131.62846734550786,165.21807698353425
2016-01-01,,0.375,0.2,,,,,,,,,,,,,,
2016-01-02,,0.375,0.2,,,,,,,,,,,,,,
2016-01-03,,0.375,0.2,2.244999885559082,20.700000762939453,4.350500106811523,98.87000274658203,37.220001220703125,,,,,,,,,
2016-01-04,,0.375,0.36,2.247999906539917,19.34000015258789,4.355500221252441,99.4000015258789,36.41999816894531,1653.3699951171875,,,93.70344270106345,,104.3440282482325,169.60309332275284,126.15897546718759,162.54201255331267
2016-01-05,,0.375,0.36,2.177000045776367,20.59000015258789,4.414999961853027,99.18000030517578,34.22999954223633,1665.699951171875,,,94.26698531696219,,103.54831747843323,170.35681439115586,131.0430975428072,163.81140410992163
2016-01-06,,0.375,0.36,2.1530001163482666,24.989999771118164,4.4019999504089355,98.22000122070312,33.75,1667.969970703125,,,94.01693350994772,,104.04949141699807,169.7590889051915,130.96163037989618,166.25959248548997
2016-01-07,,0.375,0.36,2.130000114440918,27.010000228881836,4.4079999923706055,98.54000091552734,33.54999923706055,1655.1300048828125,,,93.33165804585538,,103.54952833430946,168.0360409083532,129.0000010782848,166.02003767152434
2016-01-08,,0.375,0.36,,,,,,1657.6099853515625,,,93.30744990683158,,103.83853565717946,168.61472501416713,130.0470825598528,165.01947933288324
2016-01-09,,0.375,0.36,,,,,,,,,,,,,,
2016-01-10,,0.375,0.36,2.1579999923706055,24.299999237060547,4.388500213623047,98.7300033569336,31.549999237060547,,,,,,,,,
2016-01-11,,0.375,0.36,2.1019999980926514,22.469999313354492,4.39300012588501,98.97000122070312,30.860000610351562,1637.5899658203125,,,92.0136937999374,,104.19133543970385,165.82314457815684,126.78410687235488,164.32800305718996
2016-01-12,,0.375,0.36,2.065999984741211,25.219999313354492,4.385499954223633,98.93000030517578,30.309999465942383,1641.3699951171875,,,91.85953076422027,,104.1027168956822,164.7058110479508,128.5693689662671,164.99755515305455
2016-01-13,,0.375,0.36,2.0980000495910645,23.950000762939453,4.380499839782715,99.08999633789062,31.030000686645508,1642.5400390625,,,91.92610902392668,,104.8422822414233,161.96380459480704,129.16204896606857,164.4685040224169
2016-01-14,,0.375,0.36,2.0329999923706055,27.020000457763672,4.420499801635742,98.95999908447266,31.010000228881836,1633.43994140625,,,91.44096051423399,,104.3437242643881,157.530205204269,126.34124168482444,161.98973765014935
2016-01-15,,0.375,0.36,,,,,,1628.550048828125,,,91.13853738458847,,104.99233991745345,157.23183807844237,126.0134788262338,162.05629173401005
2016-01-16,,0.375,0.36,,,,,,,,,,,,,,
2016-01-17,,0.375,0.36,,,4.39900016784668,99.12000274658203,,,,,,,,,,
2016-01-18,,0.375,0.36,2.0350000858306885,26.049999237060547,4.365799903869629,98.98999786376953,28.760000228881836,1622.6400146484375,,,90.67783672515247,,104.56589697003054,157.32321512536834,125.55421457449984,162.2983841500658
2016-01-19,,0.375,0.36,1.9839999675750732,27.59000015258789,4.382999897003174,99.08999633789062,27.8799991607666,1629.219970703125,,,91.2691000980989,,104.99721911803559,161.9503901577167,126.13445051676773,161.99914760836768
2016-01-20,,0.375,0.37,2.0190000534057617,26.690000534057617,4.3414998054504395,99.05999755859375,29.25,1618.8299560546875,,,90.49242392152314,,104.58335528185296,158.232010572862,125.10674107652133,159.04701042449943
2016-01-21,,0.375,0.37,2.0480000972747803,22.34000015258789,4.257500171661377,99.56999969482422,32.18000030517578,1600.9200439453125,,3.25,89.43456988540395,,104.14372918434711,158.3936231805044,124.4713477737521,156.74508322142017
2016-01-22,,0.375,0.38,,,,,,1625.2099609375,,,91.83782774737462,,104.84144615904196,160.10209841867135,125.53363862089743,156.69977645178582
2016-01-23,,0.375,0.38,,,,,,,,,,,,,,
2016-01-24,,0.375,0.38,2.0220000743865967,24.149999618530273,4.276800155639648,99.36000061035156,30.5,,,,,,,,,
2016-01-25,,0.375,0.38,1.99399995803833,22.5,4.252299785614014,99.36000061035156,31.799999237060547,,,,,,,,,
2016-01-26,,0.375,0.38,2.000999927520752,23.110000610351562,4.239799976348877,98.9000015258789,33.099998474121094,1626.6600341796875,,,91.06880401224835,,105.59640145520122,158.9645271357208,125.45092818932086,150.99614120445617
2016-01-27,,0.375,0.38,1.9850000143051147,22.420000076293945,4.15749979019165,98.51000213623047,33.88999938964844,1631.5400390625,,,91.31883594143949,,106.07856435649478,157.6624136849015,127.37038559245504,148.28242291156556
2016-01-28,,0.375,0.38,1.930999994277954,20.200000762939453,4.131999969482422,99.61000061035156,34.7400016784668,1634.530029296875,,,92.1268597752533,,107.37192752276168,154.52808715798986,128.99897761460767,141.00302218167192
2016-01-29,,0.375,0.29,,,,,,1667.800048828125,,,93.39149206220905,,107.42522636959326,157.85031146546424,132.85063360123218,140.28620905894329
2016-01-30,,0.375,0.29,,,,,,,,,,,,,,
2016-01-31,595.900683226908,0.375,0.29,1.965999960899353,19.979999542236328,4.156000137329102,99.0,34.689998626708984,,,,,,,,,
2016-02-01,,0.375,0.38,1.8639999628067017,21.979999542236328,4.196499824523926,98.87000274658203,32.720001220703125,,,,,,,,,
2016-02-02,,0.375,0.38,1.88100004196167,21.649999618530273,4.140999794006348,97.29000091552734,35.040000915527344,1653.1800537109375,,,92.99481349993536,,107.81699858957504,161.42348822954514,132.67819766433502,145.06355299545282
2016-02-03,,0.375,0.38,1.8639999628067017,21.84000015258789,4.086999893188477,96.47000122070312,34.459999084472656,1633.300048828125,,,91.87382674000895,,108.11317146927104,160.621564024539,129.3838560118619,146.8467491688532
2016-02-04,,0.375,0.38,1.8480000495910645,23.3799991607666,4.1539998054504395,97.02999877929688,34.060001373291016,1656.77001953125,,,93.12160250799201,,109.70959736319826,157.8516313230741,130.6709573775281,146.02306643293966
2016-02-05,,0.375,0.38,,,,,,1662.4599609375,,,93.34083708355779,,109.12568957813131,155.72616374015752,130.08642817371083,146.33238788156942
2016-02-06,,0.375,0.38,,,,,,,,,,,,,,
2016-02-07,,0.375,0.38,1.7350000143051147,26.0,4.171500205993652,96.56999969482422,32.880001068115234,,,,,,,,,
2016-02-08,,0.375,0.38,1.7289999723434448,26.540000915527344,4.157299995422363,96.06999969482422,30.31999969482422,,,,93.34083708355779,,109.12568957813131,155.72616374015752,130.08642817371083,146.33238788156942
2016-02-09,,0.375,0.38,1.7050000429153442,26.290000915527344,4.104000091552734,95.88999938964844,30.84000015258789,,,,93.34083708355779,,109.12568957813131,155.72616374015752,130.08642817371083,146.33238788156942
2016-02-10,,0.375,0.38,1.6440000534057617,28.139999389648438,4.120500087738037,95.55999755859375,30.059999465942383,1644.4100341796875,,,93.12098097996136,,106.10217301698492,155.72616374015752,129.14553075771406,147.60719511321128
2016-02-11,,0.375,0.38,1.7480000257492065,25.399999618530273,4.143499851226807,95.9800033569336,33.36000061035156,1643.949951171875,,,93.35336066946654,,105.76669811848633,153.55870486495652,129.36532957315984,147.7385298289041
2016-02-12,,0.375,0.38,,,,,,1643.739990234375,,,93.69503254745511,,110.21578315040801,154.16932668984904,128.9161563415907,144.95460924302466
2016-02-13,,0.375,0.38,,,,,,,,,,,,,,
2016-02-14,,0.375,0.38,,,4.125,,,,,,,,,,,
2016-02-15,,0.375,0.38,1.777999997138977,24.110000610351562,4.191299915313721,96.87000274658203,32.18000030517578,1649.9599609375,,,94.18669448300908,,111.22978411485211,154.32296589080374,130.20021450125085,145.67461752285055
2016-02-16,,0.375,0.38,1.819000005722046,22.309999465942383,4.160999774932861,96.79000091552734,34.5,1664.989990234375,,,95.36586891018972,,111.21174716824133,155.4453173245058,131.1194548863878,146.83900387122034
2016-02-17,,0.375,0.37,1.7589999437332153,21.639999389648438,4.168000221252441,96.94999694824219,34.279998779296875,1664.3199462890625,,,94.64640666574358,,110.82203784050331,153.39429817445316,130.4086092361209,147.92073751197327
2016-02-18,,0.375,0.38,1.7480000257492065,20.530000686645508,4.200799942016602,96.5999984741211,33.0099983215332,1680.02001953125,,,95.80876345734569,,110.64609275003899,157.8492978052007,130.96205129625804,149.5879372583513
2016-02-19,,0.375,0.38,,,,,,1674.8800048828125,,,95.1885094043566,,111.97088026306228,158.53284892538105,130.7757569002439,150.67385325118752
2016-02-20,,0.375,0.38,,,,,,,,,,,,,,
2016-02-21,,0.375,0.38,1.7660000324249268,19.3799991607666,4.171500205993652,97.37999725341797,34.689998626708984,,,,,,,,,
2016-02-22,,0.375,0.38,1.7450000047683716,20.979999542236328,4.210000038146973,97.4800033569336,33.27000045776367,1674.5899658203125,,,95.21892923095383,,111.40462974298289,161.5281225820801,130.72813334117112,152.91105117051373
2016-02-23,,0.375,0.38,1.7419999837875366,20.719999313354492,4.21750020980835,97.45999908447266,34.40999984741211,1677.280029296875,,,95.69392311425227,,113.06246326871201,158.05004122372247,131.0621645795728,154.82006465413934
2016-02-24,,0.375,0.38,1.6970000267028809,19.110000610351562,4.2042999267578125,97.29000091552734,35.290000915527344,1664.1700439453125,,,94.96635362346295,,111.99589092545641,159.44398122592375,130.3785912491146,156.31391238937033
2016-02-25,,0.375,0.37,1.7619999647140503,19.809999465942383,4.1585001945495605,98.1500015258789,35.099998474121094,1658.1600341796875,,,94.92381903247312,,112.55610164807541,155.86409464357632,127.96024446914419,155.7375176800029
2016-02-26,,0.375,0.37,,,,,,1663.43994140625,,,96.29657657133035,,112.30656335511897,157.14600445271176,128.35020030550578,152.07350413168874
2016-02-27,,0.375,0.37,,,,,,,,,,,,,,
2016-02-28,,0.375,0.37,1.7400000095367432,20.549999237060547,4.191800117492676,98.20999908447266,35.970001220703125,,,,,,,,,
2016-02-29,632.789085261169,0.375,0.29,1.8339999914169312,17.700000762939453,4.11899995803833,98.3499984741211,35.959999084472656,1654.75,,,96.61515284406367,,112.99837860855946,156.99013263270584,127.14206293220256,153.16948821292252
2016-03-01,,0.375,0.36,1.8480000495910645,17.09000015258789,4.129000186920166,98.20999908447266,36.93000030517578,1670.8199462890625,,,97.53308196714279,,113.27831561139897,159.51280191521693,127.89797706505944,153.4370563528669
2016-03-02,,0.375,0.37,1.8300000429153442,16.700000762939453,4.113500118255615,97.56999969482422,37.06999969482422,1691.030029296875,,,98.72676598739983,,113.3566219797852,159.82927224183297,129.17858776033395,157.63767385468796
2016-03-03,,0.375,0.37,1.8830000162124634,16.860000610351562,4.054500102996826,97.33999633789062,38.720001220703125,1688.199951171875,,,97.66288671615017,,113.51810111306764,162.0455995129583,129.3846166435768,156.01984616315332
2016-03-04,,0.375,0.36,,,,,,1692.489990234375,,,98.88484777407004,,113.76540597233107,161.78366772461584,129.01276103848608,154.31779662354288
2016-03-05,,0.375,0.36,,,,,,,,,,,,,,
2016-03-06,,0.375,0.36,1.9019999504089355,17.350000381469727,4.057499885559082,97.06999969482422,40.84000015258789,,,,,,,,,
2016-03-07,,0.375,0.36,1.8320000171661377,18.670000076293945,4.109499931335449,97.20999908447266,39.650001525878906,1697.9300537109375,,,98.97263122805666,,113.95012991097933,159.42689795821445,129.6999106185679,150.98167689925617
2016-03-08,,0.375,0.36,1.8919999599456787,18.34000015258789,4.1020002365112305,97.16999816894531,41.06999969482422,1687.8599853515625,,,98.46689790172807,,113.70349576980321,158.31602675511655,129.75956953189532,152.19826041062888
2016-03-09,,0.375,0.36,1.9290000200271606,18.049999237060547,4.11899995803833,96.06999969482422,40.04999923706055,1686.3499755859375,,3.25,97.92063629136601,,114.00504222216732,156.79266275817153,128.71087556909328,153.05236853461602
2016-03-10,,0.375,0.36,1.9769999980926514,16.5,4.064799785614014,96.16999816894531,40.38999938964844,1690.9100341796875,,,98.71952235147496,,113.24202234856402,157.90169405608947,129.20544202486695,158.79551651101883
2016-03-11,,0.375,0.36,,,,,,1696.5400390625,,,98.72604019040348,,113.6858059103471,161.46316622595953,128.56079828639508,165.95148469518955
2016-03-12,,0.375,0.36,,,,,,,,,,,,,,
2016-03-13,,0.375,0.36,1.9630000591278076,16.920000076293945,4.108500003814697,96.62000274658203,39.529998779296875,,,,,,,,,
2016-03-14,,0.375,0.36,1.9589999914169312,16.84000015258789,4.156300067901611,96.62999725341797,38.7400016784668,1700.31005859375,,,98.68844401635116,,113.51157235584289,159.59125819979187,127.69006277425079,171.63464710538466
2016-03-15,,0.375,0.37,1.937999963760376,14.989999771118164,4.052499771118164,95.88999938964844,40.33000183105469,1690.9200439453125,,,98.78064228167149,,113.04903655256737,159.5733239361624,127.05067256625988,171.94449450132154
2016-03-16,,0.375,0.37,1.902999997138977,14.4399995803833,4.023499965667725,94.76000213623047,41.540000915527344,1693.4300537109375,,,99.19121370525652,,113.31440975918834,160.20820772244133,126.89460474824483,165.67573692289386
2016-03-17,,0.375,0.37,1.871000051498413,14.020000457763672,4.043499946594238,94.98999786376953,41.20000076293945,1703.18994140625,,,100.59148440800854,,113.40967974596303,160.0120181770489,127.33949261898015,169.14182240131862
2016-03-18,,0.375,0.37,,,,,,1716.3399658203125,,,101.44195383424785,,112.50338598585465,161.2948278389765,129.64630526387378,169.7636159711648
2016-03-19,,0.375,0.37,,,,,,,,,,,,,,
2016-03-20,,0.375,0.37,1.9229999780654907,13.789999961853027,4.03249979019165,95.29000091552734,41.540000915527344,,,,,,,,,
2016-03-21,,0.375,0.37,1.934999942779541,14.170000076293945,3.9718000888824463,95.6500015258789,41.790000915527344,1718.3599853515625,,,101.00819485090366,,112.11310912452494,167.71951833232222,127.9493521812042,167.42081604012893
2016-03-22,,0.375,0.37,1.875,14.9399995803833,4.027500152587891,96.05000305175781,40.470001220703125,1724.75,,,101.60721060176279,,112.39768364129358,161.90334345349936,126.89832534713328,163.4427385467893
2016-03-23,,0.375,0.37,1.899999976158142,14.739999771118164,4.015500068664551,96.13999938964844,40.439998626708984,1724.550048828125,,,101.4253863720296,,112.27731213171836,162.503913396347,126.8991037523697,157.32590526904826
2016-03-24,,0.375,0.37,,,4.014500141143799,,,1715.530029296875,,,101.53116479000546,,112.66213494425345,161.54167548601598,127.00433400535138,155.32570283368625
2016-03-25,,0.375,0.37,,,,,,1703.7900390625,,,100.19985570322285,,112.66856484654146,162.05288504122242,126.84584634555425,157.2513629470709
2016-03-26,,0.375,0.37,,,,,,,,,,,,,,
2016-03-27,,0.375,0.37,1.8700000047683716,15.239999771118164,4.002999782562256,95.94000244140625,40.27000045776367,,,,,,,,,
2016-03-28,,0.375,0.37,1.8140000104904175,13.819999694824219,3.9625000953674316,95.16000366210938,39.13999938964844,1702.4100341796875,,,100.1324406392934,,113.45270711808142,159.07365481419825,127.01579664052316,159.95187077882008
2016-03-29,,0.375,0.37,1.8300000429153442,13.5600004196167,3.9094998836517334,94.83999633789062,39.2599983215332,1715.0400390625,,,101.28616873919765,,114.12253233113827,160.65031003259014,126.77813354405676,161.58730532036913
2016-03-30,,0.375,0.37,1.7860000133514404,13.949999809265137,3.8635001182556152,94.58999633789062,39.599998474121094,1717.8199462890625,,,101.8597964917807,,114.79843948125786,163.19739808515516,127.07518450109663,163.48740047595558
2016-03-31,681.076987743652,0.375,0.25,1.7920000553131104,13.100000381469727,3.882499933242798,94.62000274658203,39.65999984741211,1717.5799560546875,,,102.22425942623481,,114.42794139268715,161.9968672273399,127.09992758536058,163.3114876121934
2016-04-01,,0.375,0.37,,,,,,1710.550048828125,,,101.54886561124776,,115.10071109190501,162.4570865944708,126.97048187548663,162.6609052101002
2016-04-02,,0.375,0.37,,,,,,,,,,,,,,
2016-04-03,,0.375,0.37,1.7790000438690186,14.119999885559082,3.9068000316619873,94.51000213623047,37.689998626708984,,,,,,,,,
2016-04-04,,0.375,0.37,1.7269999980926514,15.420000076293945,3.934299945831299,94.62999725341797,37.869998931884766,1725.239990234375,,,102.53897907276348,,115.65265938247198,164.00461213987992,126.82977196909376,162.72010224992817
2016-04-05,,0.375,0.37,1.7549999952316284,14.09000015258789,3.865999937057495,94.43000030517578,39.84000015258789,1718.0799560546875,,,102.48274286056657,,115.95793982333016,163.83485384133687,126.5807089685794,165.6132877141665
2016-04-06,,0.375,0.37,1.690999984741211,16.15999984741211,3.939500093460083,94.4800033569336,39.43000030517578,1717.010009765625,,,102.41749876344993,,115.34845403541442,162.47140114452768,127.81153315977014,167.05034383064682
2016-04-07,,0.375,0.37,1.7200000286102295,15.359999656677246,3.911099910736084,94.23999786376953,41.939998626708984,1724.2900390625,,,103.65703397856055,,115.85480161008283,162.15051186725717,126.45544749422434,168.17648171745952
2016-04-08,,0.375,0.37,,,,,,1718.4000244140625,,,103.1956493687022,,115.90911787155534,160.2685910359594,126.45544749422434,170.07692831553908
2016-04-09,,0.375,0.37,,,,,,,,,,,,,,
2016-04-10,,0.375,0.37,1.7239999771118164,16.260000228881836,3.8450000286102295,93.94999694824219,42.83000183105469,,,,,,,,,
2016-04-11,,0.375,0.37,1.781000018119812,14.850000381469727,3.8434998989105225,93.95999908447266,44.689998626708984,1715.280029296875,,,103.12182445478328,,115.86795499954061,161.95515238179047,126.24171856286783,170.39077349214244
2016-04-12,,0.375,0.37,1.7619999647140503,13.84000015258789,3.856300115585327,94.73999786376953,44.18000030517578,1715.0,,,103.41073488117036,,115.1375626316031,161.6593335251391,126.17881566050875,170.18119229303772
2016-04-13,,0.375,0.37,1.781000018119812,13.720000267028809,3.8701999187469482,94.9000015258789,43.84000015258789,1723.1099853515625,,,103.69724285087788,,115.17911946150367,163.49731955253532,126.94889564792237,171.1640569779532
2016-04-14,,0.375,0.37,1.7519999742507935,13.619999885559082,3.8980000019073486,94.69999694824219,43.099998474121094,1723.780029296875,,,103.98146303954421,,115.93295965146172,164.2621585607862,127.09347182846093,174.84157849404664
2016-04-15,,0.375,0.37,,,,,,1727.989990234375,,,104.40945642295551,,114.99089970620217,164.1953437998116,127.29554897909657,174.14149209675176
2016-04-16,,0.375,0.37,,,,,,,,,,,,,,
2016-04-17,,0.375,0.37,1.7730000019073486,13.350000381469727,3.8935000896453857,94.48999786376953,42.90999984741211,,,,,,,,,
2016-04-18,,0.375,0.37,1.7829999923706055,13.239999771118164,3.824399948120117,93.9800033569336,44.029998779296875,1717.6800537109375,,,102.96354180947873,,113.70111708994352,163.19110509171244,126.8389935240566,173.70023138435442
2016-04-19,,0.375,0.37,1.8539999723434448,13.279999732971191,3.876499891281128,94.48999786376953,45.79999923706055,1711.1500244140625,,,102.87739588798199,,114.66885874352346,159.8534580290182,126.1798895495909,173.8401733333188
2016-04-20,,0.375,0.37,1.8700000047683716,13.949999809265137,3.8977999687194824,94.5999984741211,44.529998779296875,1708.9100341796875,,,102.86608392957852,,113.87360365040426,159.88755966708274,126.1798895495909,174.7311787304011
2016-04-21,,0.375,0.37,1.8880000114440918,13.220000267028809,3.9058001041412354,95.12000274658203,45.11000061035156,1721.469970703125,,,103.286401718425,,113.79621349917142,159.85086319293177,126.92201584123784,175.4347325415555
2016-04-22,,0.375,0.37,,,,,,1717.9599609375,,,103.44136671622013,,114.1477463896297,161.6063037419621,126.54463667464064,178.09823635621268
2016-04-23,,0.375,0.37,,,,,,,,,,,,,,
2016-04-24,,0.375,0.37,1.9019999504089355,14.079999923706055,3.9103000164031982,94.83999633789062,44.47999954223633,,,,,,,,,
2016-04-25,,0.375,0.37,1.930999994277954,13.960000038146973,3.9052999019622803,94.56999969482422,45.7400016784668,1714.510009765625,,,102.48045681252759,,114.04191380674493,157.21338134225385,126.96418976168513,177.11331963394593
2016-04-26,,0.375,0.37,1.8600000143051147,13.770000457763672,3.8919999599456787,94.38999938964844,47.18000030517578,1692.5,,,101.33037840978494,,113.94922773454759,155.60625194458729,126.32505092467206,173.9340099726495
2016-04-27,,0.375,0.37,1.8380000591278076,15.220000267028809,3.878000020980835,93.76000213623047,48.13999938964844,1692.3399658203125,,,101.89715032963808,,114.14967917652848,154.2971942608339,126.4328097209458,174.2717952425185
2016-04-28,,0.375,0.37,1.819000005722046,15.699999809265137,3.9140000343322754,93.08000183105469,48.130001068115234,1674.760009765625,,,100.89699714298506,,114.42622436258027,151.55524077090587,126.61889469278478,174.05367693557855
2016-04-29,,0.375,0.3,,,,,,1672.719970703125,,,100.51369489965842,,114.73346673398375,151.2207582530131,126.64350830249857,170.99330190935987
2016-04-30,644.564789449039,0.375,0.3,,,,,,,,,,,,,,
2016-05-01,,0.375,0.3,1.8650000095367432,14.680000305175781,3.9168999195098877,92.62999725341797,48.099998474121094,,,,,,,,,
2016-05-02,,0.375,0.37,1.7999999523162842,15.600000381469727,3.9795000553131104,92.94000244140625,46.75,,,,,,,,,
2016-05-03,,0.375,0.37,1.784000039100647,16.049999237060547,4.0177998542785645,93.18000030517578,44.619998931884766,1651.43994140625,,,98.76739543090736,,114.99201587560238,149.73599074201718,126.19980287303395,171.28515706306817
2016-05-04,,0.375,0.37,1.746999979019165,15.90999984741211,4.01200008392334,93.77999877929688,45.0099983215332,1657.5799560546875,,,100.65414365378491,,114.676976858335,150.98544723844228,125.79568458306085,174.55402572784342
2016-05-05,,0.375,0.37,1.7790000438690186,14.720000267028809,3.993000030517578,93.88999938964844,45.369998931884766,1645.0899658203125,,,100.1877363612961,,114.23935029651702,154.37544986995817,124.73112505788106,176.57645295143078
2016-05-06,,0.375,0.37,,,,,,1649.3599853515625,,,101.09188793595453,,114.46844128703029,155.55281543192382,123.24089514478709,177.14415376333125
2016-05-07,,0.375,0.37,,,,,,,,,,,,,,
2016-05-08,,0.375,0.37,1.7599999904632568,14.569999694824219,4.052499771118164,94.1500015258789,43.630001068115234,,,,,,,,,
2016-05-09,,0.375,0.37,1.7599999904632568,13.630000114440918,4.03849983215332,94.29000091552734,45.52000045776367,1632.18994140625,,,101.83634708693899,,114.984437485934,151.28588495839247,119.28473315100754,178.10605907786268
2016-05-10,,0.375,0.37,1.7369999885559082,14.6899995803833,4.0167999267578125,93.81999969482422,47.599998474121094,1635.8399658203125,,,101.84887008026844,,116.76087556016657,151.0175344636731,121.8210657588231,181.43137017796408
2016-05-11,,0.375,0.37,1.7569999694824219,14.40999984741211,4.023499965667725,94.13999938964844,48.08000183105469,1644.5799560546875,,,101.93360880215361,,117.53982291140095,155.76038519136418,121.47357746906722,181.20481092177894
2016-05-12,,0.375,0.37,1.7050000429153442,15.039999961853027,4.032800197601318,94.61000061035156,47.83000183105469,1648.97998046875,,,101.81751514073069,,118.43198431473337,154.0013233754247,121.91403398616873,179.23355724117965
2016-05-13,,0.375,0.37,,,,,,1628.260009765625,,,98.6569118629114,,117.4169672590275,151.29335572245546,120.18908379861679,178.3099136827103
2016-05-14,,0.375,0.37,,,,,,,,,,,,,,
2016-05-15,,0.375,0.37,1.753000020980835,14.680000305175781,4.0157999992370605,94.56999969482422,48.970001220703125,,,,,,,,,
2016-05-16,,0.375,0.37,1.7589999437332153,15.569999694824219,4.019000053405762,94.55000305175781,49.279998779296875,1621.2099609375,,,97.68548522296683,,117.6504753172787,150.23627266917376,119.60198438817567,175.74623200478808
2016-05-17,,0.375,0.37,1.8799999952316284,15.949999809265137,4.065999984741211,95.08000183105469,48.93000030517578,1633.3900146484375,,,98.41941837312409,,117.36018549189104,149.38968101237754,122.83151014206707,177.6044388565112
2016-05-18,,0.375,0.37,1.8450000286102295,16.329999923706055,4.078000068664551,95.29000091552734,48.810001373291016,1635.719970703125,,,98.91939355985889,,116.62909132380275,147.88895740715304,122.34191836790109,177.14032230133364
2016-05-19,,0.375,0.37,1.8489999771118164,15.199999809265137,4.065800189971924,95.30999755859375,48.720001220703125,1633.760009765625,,3.25,98.35976460329421,,116.66080273659499,147.6524728948214,122.27940351160072,178.44378733787175
2016-05-20,,0.375,0.37,,,,,,1628.7900390625,,,98.45884741452139,,116.25271052105953,149.9410798697273,122.98174329901714,179.377663427497
2016-05-21,,0.375,0.37,,,,,,,,,,,,,,
2016-05-22,,0.375,0.37,1.8380000591278076,15.819999694824219,4.046500205993652,95.2300033569336,48.349998474121094,,,,,,,,,
2016-05-23,,0.375,0.37,1.8589999675750732,14.420000076293945,4.081500053405762,95.56999969482422,48.61000061035156,1634.8900146484375,,,98.85616683441054,,116.34352434580192,152.61476785831368,123.51746482198197,179.82057321310606
2016-05-24,,0.375,0.37,1.8700000047683716,13.899999618530273,4.066999912261963,95.3499984741211,49.7400016784668,1625.8399658203125,,,97.61138026602094,,116.85034663518536,152.16618131336728,123.25994363249401,177.1739341910909
2016-05-25,,0.375,0.37,1.8229999542236328,13.430000305175781,4.055500030517578,95.16999816894531,49.59000015258789,1630.9599609375,,,97.94135275911931,,116.45132955253368,153.05535805642222,124.36749987341929,174.7266173788678
2016-05-26,,0.375,0.37,1.8509999513626099,13.119999885559082,4.089000225067139,95.5199966430664,49.31999969482422,1631.0899658203125,,,98.15567123459546,,118.59064632523979,152.3508982395632,125.1802407068167,171.3290776701295
2016-05-27,,0.375,0.37,,,,,,1637.18994140625,,,97.76477543369431,,119.05585507978473,152.84369403415144,126.18137799385988,171.29113674843296
2016-05-28,,0.375,0.37,,,,,,,,,,,,,,
2016-05-29,,0.375,0.37,,,4.105000019073486,,,,,,,,,,,
2016-05-30,,0.375,0.37,1.8339999914169312,14.1899995803833,4.116499900817871,95.88999938964844,49.689998626708984,1629.8699951171875,,,97.72223506200234,,117.88481032825966,154.1504059523559,125.57616323439407,173.67844659088877
2016-05-31,618.453034128718,0.375,0.29,1.8459999561309814,14.199999809265137,4.151500225067139,95.45999908447266,49.709999084472656,1626.0,,,97.44518149294397,,118.6448931164106,154.63233697928206,125.03206144181156,175.09490690024185
2016-06-01,,0.375,0.37,1.8109999895095825,13.630000114440918,4.14300012588501,95.55999755859375,50.040000915527344,1626.5,,,97.45805126804579,,117.90644038266633,154.083396690523,125.28689937584704,176.84249517765983
2016-06-02,,0.375,0.37,1.7039999961853027,13.470000267028809,4.077000141143799,94.02999877929688,49.63999938964844,1630.530029296875,,,98.19114470962734,,117.64691598523483,153.4098248348862,124.6574862416271,176.4764400243839
2016-06-03,,0.375,0.37,,,,,,1636.4599609375,,,98.62287365885891,,118.59156697329063,154.59902864302023,124.53867081548746,177.97278289394816
2016-06-04,,0.375,0.37,,,,,,,,,,,,,,
2016-06-05,,0.375,0.37,1.7230000495910645,13.649999618530273,4.059000015258789,93.9000015258789,50.54999923706055,,,,,,,,,
2016-06-06,,0.375,0.37,1.7130000591278076,14.050000190734863,4.055500030517578,93.83000183105469,51.439998626708984,1648.989990234375,,,99.1847598430243,,118.91371303844443,154.43171987206355,125.0622407498676,175.62865944196056
2016-06-07,,0.375,0.37,1.7059999704360962,14.079999923706055,4.021299839019775,93.58999633789062,52.5099983215332,1660.6199951171875,,,99.2488493331896,,120.5985738983797,156.1665064693404,126.51775727779227,177.42512862392624
2016-06-08,,0.375,0.37,1.6799999475479126,14.640000343322754,4.039999961853027,94.0999984741211,51.95000076293945,1657.8499755859375,,,99.03033909253148,,118.9532724445371,155.14266467637873,127.19771342237158,181.06413179465383
2016-06-09,,0.375,0.37,1.6390000581741333,17.030000686645508,4.074999809265137,94.5999984741211,50.540000915527344,1650.510009765625,,,98.70534705093465,,119.1943354211993,151.78845686335498,126.20336963994241,184.6983621911367
2016-06-10,,0.375,0.37,,,,,,1641.219970703125,,,98.14276676016975,,119.44776337001402,153.94375030386198,124.95212123449484,182.6059494371487
2016-06-11,,0.375,0.37,,,,,,,,,,,,,,
2016-06-12,,0.375,0.37,1.6160000562667847,20.969999313354492,4.08650016784668,94.37000274658203,50.349998474121094,,,,,,,,,
2016-06-13,,0.375,0.37,1.6109999418258667,20.5,4.098999977111816,94.93000030517578,49.83000183105469,1629.77001953125,,,97.39901432432478,,118.59489628241971,152.06075225505643,123.5624300724753,181.6716655296862
2016-06-14,,0.375,0.37,1.5959999561309814,20.139999389648438,4.073699951171875,94.61000061035156,48.970001220703125,1626.1099853515625,,,96.7059812234529,,117.48764192384694,150.63229332881414,124.21734440790368,182.6965466721457
2016-06-15,,0.375,0.37,1.5640000104904175,19.3700008392334,4.092800140380859,94.56999969482422,47.189998626708984,1627.9599609375,,,97.01471444610321,,117.81534602604242,149.2706208555402,123.61911638372133,180.4148857990178
2016-06-16,,0.375,0.38,1.6180000305175781,19.40999984741211,4.083000183105469,94.20999908447266,49.16999816894531,1614.9000244140625,,,95.57377607742788,,117.13504805396342,145.60387511893146,122.85777031632857,176.55669668737465
2016-06-17,,0.375,0.38,,,,,,1624.1800537109375,,,96.1152271072671,,118.3945534679005,147.5697944151725,122.98425038621501,178.3945223559013
2016-06-18,,0.375,0.38,,,,,,,,,,,,,,
2016-06-19,,0.375,0.38,1.6699999570846558,18.3700008392334,4.059999942779541,93.61000061035156,50.650001525878906,,,,,,,,,
2016-06-20,,0.375,0.38,1.6970000267028809,18.479999542236328,4.0289998054504395,94.0199966430664,50.619998931884766,1634.22998046875,,,97.18883362236622,,119.51294864966941,147.12637729139237,123.98612710022509,176.97195011866864
2016-06-21,,0.375,0.38,1.684999942779541,21.170000076293945,4.028500080108643,93.72000122070312,49.880001068115234,1637.68994140625,,,97.25313977711878,,119.8299989989606,148.35411783579394,124.4565649475749,177.81972230987867
2016-06-22,,0.375,0.38,1.7389999628067017,17.25,3.9502999782562256,93.52999877929688,50.90999984741211,,,,,,,,,
2016-06-23,,0.375,0.39,1.5789999961853027,25.760000228881836,4.086299896240234,95.44999694824219,48.40999984741211,1639.97998046875,,,97.50950806657734,,119.03613820447288,145.61261143595013,123.79335256094886,180.82916276640864
2016-06-24,,0.375,0.4,,,,,,1634.050048828125,,,96.73422972979841,,118.66081340298011,144.97529482284034,124.08363536647454,178.2095366356155
2016-06-25,,0.375,0.4,,,,,,,,,,,,,,
2016-06-26,,0.375,0.4,1.4600000381469727,23.850000381469727,4.0929999351501465,96.54000091552734,47.15999984741211,,,,,,,,,
2016-06-27,,0.375,0.41,1.4609999656677246,18.75,4.053500175476074,96.25,48.58000183105469,1629.52001953125,,,96.63820231711976,,118.20778496059789,145.41368398866226,124.42546448067998,177.7518289023612
2016-06-28,,0.375,0.41,1.4769999980926514,16.639999389648438,3.9830000400543213,95.7699966430664,50.61000061035156,1634.0400390625,,,96.89127307882993,,119.99109799365537,144.35978496530083,124.28449756501922,181.41326366389336
2016-06-29,,0.375,0.41,1.4880000352859497,15.630000114440918,3.984999895095825,96.13999938964844,49.68000030517578,1642.2099609375,,,96.81729848943286,,120.99731041919716,147.0376906517606,125.05634405027044,182.93092309454036
2016-06-30,584.190132904984,0.375,0.3,1.4559999704360962,14.770000457763672,3.9855000972747803,95.6500015258789,49.84000015258789,1654.0799560546875,,,97.6672260180179,,120.44858870146398,149.5178120783942,125.87110645696,187.20399722805246
2016-07-01,,0.375,0.41,,,,,,1646.219970703125,,,97.83251284888524,,120.31470463980529,149.01437262625345,125.6080854786846,189.03547126842645
2016-07-02,,0.375,0.41,,,,,,,,,,,,,,
2016-07-03,,0.375,0.41,,,3.982300043106079,,,,,,,,,,,
2016-07-04,,0.375,0.41,1.3669999837875366,15.579999923706055,4.035799980163574,96.16999816894531,47.959999084472656,1654.8399658203125,,,98.29304049651631,,119.80177953591051,149.08871549949194,125.55955437688154,191.68831860188138
2016-07-05,,0.375,0.4,1.3849999904632568,14.960000038146973,4.032299995422363,96.05999755859375,48.79999923706055,1650.7099609375,,,97.80127699697096,,121.55551314559303,145.23947001998593,127.0610151491454,191.67104994539096
2016-07-06,,0.375,0.4,1.3869999647140503,14.760000228881836,4.039599895477295,96.33000183105469,46.400001525878906,,,,97.80127699697096,,121.55551314559303,145.23947001998593,127.0610151491454,191.67104994539096
2016-07-07,,0.375,0.4,1.3660000562667847,13.199999809265137,4.0,96.30000305175781,46.7599983215332,,,,97.80127699697096,,121.55551314559303,145.23947001998593,127.0610151491454,191.67104994539096
2016-07-08,,0.375,0.4,,,,,,1644.5400390625,,,98.03376379233232,,120.57615564747218,148.2921521072358,126.02130382381635,191.55116909253292
2016-07-09,,0.375,0.4,,,,,,,,,,,,,,
2016-07-10,,0.375,0.4,1.434000015258789,13.539999961853027,3.9814999103546143,96.56999969482422,46.25,,,,,,,,,
2016-07-11,,0.375,0.4,1.5130000114440918,13.550000190734863,3.9584999084472656,96.44000244140625,48.470001220703125,1653.8699951171875,,,98.06836527566836,,122.6873672989848,147.6330751382909,127.02118821548987,191.6517497869639
2016-07-12,,0.375,0.4,1.468000054359436,13.039999961853027,3.94350004196167,96.22000122070312,46.2599983215332,1653.969970703125,,,97.9934867809367,,122.35912007934328,149.96461191648504,126.17110920125563,191.40845721083227
2016-07-13,,0.375,0.4,1.531000018119812,12.819999694824219,3.909899950027466,96.08000183105469,47.369998931884766,1660.3900146484375,,3.0,97.29485324344847,,125.61303205266192,154.21785282558915,126.39147133097867,190.4652184326141
2016-07-14,,0.375,0.4,1.593999981880188,12.670000076293945,3.9159998893737793,96.58000183105469,47.61000061035156,1654.780029296875,,,96.66202399841065,,124.32600706739345,159.1853082481488,126.201703471269,191.68621298589494
2016-07-15,,0.375,0.4,,,,,,1668.4000244140625,,,97.08094300468447,,124.11936981369041,157.40340083218896,127.10889816144612,193.84077274420176
2016-07-16,,0.375,0.4,,,,,,,,,,,,,,
2016-07-17,,0.375,0.4,1.5870000123977661,12.4399995803833,3.9600000381469727,96.55999755859375,46.959999084472656,,,,,,,,,
2016-07-18,,0.375,0.4,1.5579999685287476,11.970000267028809,4.0142998695373535,97.05000305175781,46.65999984741211,1670.8399658203125,,,97.15667898695692,,123.82550862582558,157.14964287282186,126.25900438192521,195.5098708873341
2016-07-19,,0.375,0.4,1.5800000429153442,11.770000457763672,4.033699989318848,97.19999694824219,47.16999816894531,1670.550048828125,,,97.39445620253923,,122.87971305671745,158.79115550980657,126.12992185381191,195.02985743989848
2016-07-20,,0.375,0.4,1.565000057220459,12.739999771118164,4.061699867248535,97.0,46.20000076293945,1669.6099853515625,,,96.96513808375113,,122.53284500449737,159.3001061173596,126.41350660845877,194.58862870905088
2016-07-21,,0.375,0.4,1.5700000524520874,12.020000457763672,4.072199821472168,97.47000122070312,45.689998626708984,1657.5400390625,,,96.0969288373926,,121.35915786442348,157.4203113906124,126.56634211915568,194.6152921757077
2016-07-22,,0.375,0.4,,,,,,1657.4200439453125,,,95.76090509213738,,121.7418026541947,157.2542627707005,126.0038593852321,193.21520530651415
2016-07-23,,0.375,0.4,,,,,,,,,,,,,,
2016-07-24,,0.375,0.4,1.5709999799728394,12.869999885559082,4.053500175476074,97.29000091552734,44.720001220703125,,,,,,,,,
2016-07-25,,0.375,0.4,1.562999963760376,13.050000190734863,4.031300067901611,97.16000366210938,44.869998931884766,1668.260009765625,,,96.58961283212811,,123.3159149869088,157.42066280233405,126.60172447708355,191.39266411478587
2016-07-26,,0.375,0.4,1.5149999856948853,12.829999923706055,4.047500133514404,97.05000305175781,43.470001220703125,1661.4200439453125,,,96.2936021543078,,122.49610910603914,156.59037348040383,125.16052716069619,192.86186174802208
2016-07-27,,0.375,0.4,1.5110000371932983,12.720000267028809,4.031799793243408,96.73999786376953,42.70000076293945,1663.56005859375,,,97.0648325917271,,122.63802978680785,156.57537343784725,126.17563310058566,193.7520820563475
2016-07-28,,0.375,0.4,1.4579999446868896,11.869999885559082,4.018799781799316,95.52999877929688,42.459999084472656,1658.5,,,96.92549717017091,,122.12540518529033,162.27388374953708,126.06759274447884,194.88592044507698
2016-07-29,,0.375,0.3,,,,,,1653.260009765625,,,97.48019771415808,,121.63636907913198,160.33813073189177,125.639271301445,192.6504774305824
2016-07-30,,0.375,0.3,,,,,,,,,,,,,,
2016-07-31,664.377119626144,0.375,0.3,1.496000051498413,12.4399995803833,4.031000137329102,95.70999908447266,42.45000076293945,,,,,,,,,
2016-08-01,,0.375,0.4,1.5369999408721924,13.369999885559082,4.020999908447266,95.05999755859375,41.79999923706055,1665.22998046875,,,98.47385355797282,,122.47287137735495,161.47079589337542,126.24893562103361,194.24162481058605
2016-08-02,,0.375,0.4,1.5420000553131104,12.859999656677246,4.040999889373779,95.55999755859375,43.099998474121094,1660.22998046875,,,98.45193802645242,,121.6438481171531,157.3603259062253,125.78201067216703,193.08538291213867
2016-08-03,,0.375,0.4,1.503000020980835,12.420000076293945,4.011499881744385,95.76000213623047,44.290000915527344,1648.5,,,97.07957382846647,,122.42190665726844,158.32371234636597,125.53400362495644,194.4424849971231
2016-08-04,,0.375,0.4,1.5820000171661377,11.390000343322754,4.03000020980835,96.19000244140625,44.27000045776367,1655.2900390625,,,97.49133701076398,,123.9219577071515,158.1873424506731,125.4028050877024,193.7857434224402
2016-08-05,,0.375,0.4,,,,,,1664.0400390625,,,98.04180385075867,,124.96478322862168,158.03337714788788,125.44011237458254,196.87045685325222
2016-08-06,,0.375,0.4,,,,,,,,,,,,,,
2016-08-07,,0.375,0.4,1.5829999446868896,11.5,4.034999847412109,96.4000015258789,45.38999938964844,,,,,,,,,
2016-08-08,,0.375,0.4,1.5449999570846558,11.65999984741211,4.027500152587891,96.18000030517578,44.97999954223633,1672.6800537109375,,,98.71792151161229,,124.09352067909165,156.04717477720905,125.76679246432944,197.06603427672528
2016-08-09,,0.375,0.4,1.5089999437332153,12.050000190734863,4.00570011138916,95.6500015258789,44.04999923706055,1671.7099609375,,,98.66282957366204,,122.75440113494315,159.23064419469569,126.10759467380568,197.39854230641674
2016-08-10,,0.375,0.4,1.5729999542236328,11.680000305175781,3.9825000762939453,95.86000061035156,46.040000915527344,1673.030029296875,,,98.76485451542626,,122.23347428233318,157.35719313985308,126.39833616048442,198.82204641206255
2016-08-11,,0.375,0.4,1.5149999856948853,11.550000190734863,4.011000156402588,95.72000122070312,46.970001220703125,1678.800048828125,,,99.94675790871803,,122.23347428233318,157.49169127581877,126.43436898408838,201.13233487743477
2016-08-12,,0.375,0.4,,,,,,1684.1500244140625,,,100.15939237200075,,122.47599915939016,157.87210156872317,126.79836661516424,201.34097998269303
2016-08-13,,0.375,0.4,,,,,,,,,,,,,,
2016-08-14,,0.375,0.4,1.5529999732971191,11.8100004196167,3.9897000789642334,95.62999725341797,48.349998474121094,,,,,,,,,
2016-08-15,,0.375,0.4,1.5759999752044678,12.640000343322754,3.9816999435424805,94.79000091552734,49.22999954223633,1690.3299560546875,,,100.42493308413762,,124.89357998712578,160.07950860842095,126.80719626038106,200.91390634281305
2016-08-16,,0.375,0.4,1.5609999895095825,12.1899995803833,3.993299961090088,94.72000122070312,49.849998474121094,1699.8900146484375,,,101.39120988167514,,124.3673903107287,163.92750463445162,127.18577586234142,200.2610559195271
2016-08-17,,0.375,0.4,1.5360000133514404,11.430000305175781,3.9797000885009766,94.16000366210938,50.88999938964844,1694.3199462890625,,,101.30417624751908,,123.99477923723003,162.965678889307,126.52974965915264,198.28351996677412
2016-08-18,,0.375,0.4,1.5779999494552612,11.34000015258789,4.011000156402588,94.51000213623047,50.880001068115234,1694.8699951171875,,,101.2588434446537,,124.56104353574524,163.19999065667042,126.70489485517136,198.04822987632932
2016-08-19,,0.375,0.4,,,,,,1687.6800537109375,,,100.72882898816708,,123.86742652815643,161.7204622083296,126.53989649203486,198.5042373017368
2016-08-20,,0.375,0.4,,,,,,,,,,,,,,
2016-08-21,,0.375,0.4,1.5390000343322754,12.270000457763672,4.01800012588501,94.5199966430664,49.15999984741211,,,,,,,,,
2016-08-22,,0.375,0.4,1.5529999732971191,12.380000114440918,4.037700176239014,94.54000091552734,49.959999084472656,1691.0699462890625,,,100.86866841547972,,125.49642305391858,160.73536233399375,127.18103143115884,196.21888441047022
2016-08-23,,0.375,0.4,1.559000015258789,13.449999809265137,4.0320000648498535,94.79000091552734,49.04999923706055,1683.0699462890625,,,100.79713165901154,,125.88528791931539,159.38989791190704,126.98363729539415,195.32784231904017
2016-08-24,,0.375,0.4,1.5770000219345093,13.630000114440918,4.019000053405762,94.7699966430664,49.66999816894531,1682.06005859375,,,100.65761298531564,,124.94759303814446,158.67052437134066,127.41141978121124,191.45102813585544
2016-08-25,,0.375,0.4,1.6349999904632568,13.649999618530273,4.038000106811523,95.56999969482422,49.91999816894531,1680.300048828125,,,100.31740931361617,,126.53455947234613,160.60272660003884,127.50432764693784,190.08341685534685
2016-08-26,,0.375,0.4,,,,,,1683.0899658203125,,,100.74422267508618,,127.6425622648614,165.8185374243335,127.54265489860681,191.91123607484363
2016-08-27,,0.375,0.4,,,,,,,,,,,,,,
2016-08-28,,0.375,0.4,1.565999984741211,12.9399995803833,4.0370001792907715,95.58000183105469,49.2599983215332,,,,,,,,,
2016-08-29,,0.375,0.4,1.5700000524520874,13.119999885559082,4.064499855041504,96.05000305175781,48.369998931884766,1681.5999755859375,,,96.1647565554903,,127.13262047582789,162.35967065591345,126.543281045044,191.45866126611585
2016-08-30,,0.375,0.4,1.5679999589920044,13.420000076293945,4.093500137329102,96.0199966430664,47.040000915527344,1678.06005859375,,,101.69106707273106,,125.57033377971585,160.81740317370895,127.42729429789613,192.83119254460826
2016-08-31,692.406658440732,0.375,0.3,1.5700000524520874,13.479999542236328,4.085000038146973,95.6500015258789,47.04999923706055,,,,,,,,,
2016-09-01,,0.375,0.4,1.5959999561309814,11.979999542236328,4.083499908447266,95.87999725341797,46.83000183105469,1670.550048828125,,,100.69877335530867,,123.95998207860657,164.9715647638161,127.47121649822772,195.7804406087638
2016-09-02,,0.375,0.4,,,,,,1671.7900390625,,,101.00710480083943,,123.89266592791108,163.2444677490325,127.1858184666323,200.46295624202236
2016-09-03,,0.375,0.4,,,,,,,,,,,,,,
2016-09-04,,0.375,0.4,,,4.071000099182129,,,,,,,,,,,
2016-09-05,,0.375,0.4,1.5429999828338623,12.020000457763672,4.048500061035156,94.81999969482422,47.2599983215332,1678.0799560546875,,,101.30205689822027,,123.22998654650472,167.36199222439583,127.10203319816846,202.31181588009525
2016-09-06,,0.375,0.4,1.5410000085830688,11.9399995803833,4.046000003814697,94.95999908447266,47.97999954223633,1689.9200439453125,,,101.95972387134506,,126.00339494663717,169.08527552307257,127.63785958767544,202.85571601260827
2016-09-07,,0.375,0.4,1.6160000562667847,12.510000228881836,4.073800086975098,95.02999877929688,49.9900016784668,1689.5699462890625,,3.0,102.61601011396723,,126.09950924723638,168.8956143206254,127.42028776942955,199.6317676176907
2016-09-08,,0.375,0.4,1.6720000505447388,17.5,4.101799964904785,95.33999633789062,48.0099983215332,1691.3800048828125,,,102.90342082523945,,126.97534842868905,169.37992121526278,127.2478124757602,201.64829445857268
2016-09-09,,0.375,0.4,,,,,,1686.43994140625,,,102.62595704208432,,126.81317664879373,166.65745738988448,127.10943157537424,202.004018469195
2016-09-10,,0.375,0.4,,,,,,,,,,,,,,
2016-09-11,,0.375,0.4,1.6720000505447388,15.15999984741211,4.0904998779296875,95.0999984741211,48.31999969482422,,,,,,,,,
2016-09-12,,0.375,0.4,1.7339999675750732,17.850000381469727,4.126999855041504,95.62999725341797,47.099998474121094,,,,,,,,,
2016-09-13,,0.375,0.4,1.6890000104904175,18.139999389648438,4.126999855041504,95.33000183105469,45.849998474121094,1677.1800537109375,,,101.46590632219565,,125.02182336514338,163.4257233934697,127.06259998877607,199.9835609141165
2016-09-14,,0.375,0.4,1.7029999494552612,16.299999237060547,4.133200168609619,95.29000091552734,46.59000015258789,1661.3900146484375,,,100.38672301458658,,124.4041419828218,164.14110258165678,126.82183949826921,199.73974506495261
2016-09-15,,0.375,0.4,1.7009999752044678,15.369999885559082,4.133500099182129,96.11000061035156,45.77000045776367,1652.989990234375,,,99.81625986636806,,124.5325136007205,165.06990310364256,126.49203493805106,206.4590908136145
2016-09-16,,0.375,0.4,,,,,,,,,,,,,,
2016-09-17,,0.375,0.4,,,,,,,,,,,,,,
2016-09-18,,0.375,0.4,1.6959999799728394,15.529999732971191,4.132500171661377,95.83999633789062,45.95000076293945,,,,,,,,,
2016-09-19,,0.375,0.4,1.687999963760376,15.920000076293945,4.133999824523926,96.0199966430664,45.880001068115234,1651.7099609375,,,99.8114133995638,,125.11687462853536,163.81600113824385,125.14608363396691,202.91969652467952
2016-09-20,,0.375,0.4,1.6679999828338623,13.300000190734863,4.098700046539307,95.66000366210938,46.83000183105469,1655.780029296875,,,99.82057582377652,,125.6075335080562,163.00103043805305,126.12180749264257,202.82247483589256
2016-09-21,,0.375,0.4,1.6319999694824219,12.020000457763672,4.106500148773193,95.44999694824219,47.650001525878906,1658.72998046875,,,99.7625461803303,,126.10471657276845,163.68163021609692,126.28567329240362,204.22818017296325
2016-09-22,,0.375,0.4,1.6150000095367432,12.289999961853027,4.113999843597412,95.4800033569336,45.88999938964844,1669.6600341796875,,,100.21249470278642,,125.84552464075867,167.95083213019376,127.0646664244439,205.76653352095317
2016-09-23,,0.375,0.4,,,,,,1670.989990234375,,,100.86419921721952,,126.01580877681717,166.03589219642387,127.26529340415513,207.17359856728197
2016-09-24,,0.375,0.4,,,,,,,,,,,,,,
2016-09-25,,0.375,0.4,1.5889999866485596,14.5,4.133500099182129,95.30999755859375,47.349998474121094,,,,,,,,,
2016-09-26,,0.375,0.4,1.555999994277954,13.100000381469727,4.13100004196167,95.44000244140625,45.970001220703125,1669.5,,,102.00309314978297,,125.57761014550597,163.59381870947155,127.31232107984223,208.12019806388423
2016-09-27,,0.375,0.4,1.5670000314712524,12.390000343322754,4.103799819946289,95.43000030517578,48.689998626708984,1664.719970703125,,,101.85304614337689,,125.19708020984872,163.14377999003582,127.45741133818012,211.03371498039309
2016-09-28,,0.375,0.4,1.5570000410079956,14.020000457763672,4.130899906158447,95.54000091552734,49.2400016784668,1664.9599609375,,,101.89581559898977,,125.33730067153883,164.81283286663947,126.70951111848834,212.2622344920702
2016-09-29,,0.375,0.4,1.6080000400543213,13.289999961853027,4.124199867248535,95.45999908447266,49.060001373291016,1669.6400146484375,,,102.24527622533563,,125.97669873152255,162.41920855799296,127.32410281230256,212.7208519329768
2016-09-30,651.448642642048,0.375,0.29,,,,,,1652.550048828125,,,100.82789783012632,,125.18520746785431,160.94228643158777,127.06510427058308,214.41592285902647
2016-10-01,,0.375,0.29,,,,,,,,,,,,,,
2016-10-02,,0.375,0.29,1.621999979019165,13.569999694824219,4.105999946594238,95.75,49.099998474121094,,,,,,,,,
2016-10-03,,0.375,0.4,1.6829999685287476,13.630000114440918,4.146299839019775,96.12000274658203,50.869998931884766,,,,,,,,,
2016-10-04,,0.375,0.4,1.715999960899353,12.989999771118164,4.138800144195557,96.12999725341797,51.86000061035156,1661.25,,,101.64493217225257,,124.59729658220773,162.4883145936572,127.38356648238359,214.83630302579226
2016-10-05,,0.375,0.4,1.7419999837875366,12.84000015258789,4.1529998779296875,96.66000366210938,52.5099983215332,1662.9200439453125,,,102.23952836496719,,124.59729658220773,161.5641220621431,126.81164745827289,214.62644803878527
2016-10-06,,0.375,0.4,1.7359999418258667,13.479999542236328,4.150300025939941,96.5199966430664,51.93000030517578,1666.72998046875,,,102.53070505853017,,125.56315732932785,159.3148846167225,127.49835301654244,211.26641585306362
2016-10-07,,0.375,0.4,,,,,,1665.3800048828125,,,102.15438146709617,,124.82917654792631,159.83981068837204,127.30307456667727,209.6576523841208
2016-10-08,,0.375,0.4,,,,,,,,,,,,,,
2016-10-09,,0.375,0.4,1.7230000495910645,13.380000114440918,4.130099773406982,,,,,,,,,,,
2016-10-10,,0.375,0.4,1.7589999437332153,15.359999656677246,4.172299861907959,97.69999694824219,52.40999984741211,1665.3199462890625,,,101.86985124494359,,123.85331790765694,159.42118764279996,127.71331580868066,209.19844116151992
2016-10-11,,0.375,0.41,1.777999997138977,15.90999984741211,4.195499897003174,97.97000122070312,51.810001373291016,1668.719970703125,,,102.22804238905911,,125.26522268207523,158.5044784037447,127.52258871575518,213.7387239584625
2016-10-12,,0.375,0.41,1.7380000352859497,16.690000534057617,4.196700096130371,97.5199966430664,52.029998779296875,1667.030029296875,,,102.15883486717546,,124.37019963225995,159.91791734048303,128.24397055102094,216.2787616768322
2016-10-13,,0.375,0.41,1.7940000295639038,16.1200008392334,4.2093000411987305,98.0199966430664,51.95000076293945,1665.02001953125,,,102.06181646503549,,124.54064635117778,159.16455547423732,127.68237453713327,214.30806723372024
2016-10-14,,0.375,0.41,,,,,,1658.969970703125,,,101.44408610779357,,124.54064635117778,158.55380222557122,127.71169767662091,214.5538689240451
2016-10-15,,0.375,0.41,,,,,,,,,,,,,,
2016-10-16,,0.375,0.41,1.7660000324249268,16.209999084472656,4.212600231170654,97.88999938964844,51.52000045776367,,,,,,,,,
2016-10-17,,0.375,0.41,1.7489999532699585,15.279999732971191,4.193299770355225,97.9000015258789,51.68000030517578,1653.7099609375,,,101.5077367453775,,125.31771821321081,157.77427686251647,127.37024879205362,213.08615136432576
2016-10-18,,0.375,0.41,1.7519999742507935,14.40999984741211,4.166500091552734,97.87000274658203,52.66999816894531,1667.5699462890625,,,102.59706498349547,,124.44178591094985,160.36179639498803,127.67160537494068,213.707499872738
2016-10-19,,0.375,0.41,1.746999979019165,13.75,4.176799774169922,98.31999969482422,51.380001068115234,1668.27001953125,,,102.83391901281944,,124.73606443503253,161.13230904883878,128.09875048696742,213.8633905260529
2016-10-20,,0.375,0.41,1.7400000095367432,13.34000015258789,4.180600166320801,98.69999694824219,51.779998779296875,1667.1800537109375,,,102.81107433708637,,124.65523162886258,157.77464296714948,128.65894925780108,211.99279133141417
2016-10-21,,0.375,0.41,,,,,,1669.97998046875,,,103.98154539221511,,125.38139753722213,159.33592596562775,128.72866096251713,212.87899922300463
2016-10-22,,0.375,0.41,,,,,,,,,,,,,,
2016-10-23,,0.375,0.41,1.7630000114440918,13.020000457763672,4.168499946594238,98.66999816894531,51.459999084472656,,,,,,,,,
2016-10-24,,0.375,0.41,1.7580000162124634,13.460000038146973,4.151100158691406,98.72000122070312,50.790000915527344,1677.760009765625,,,104.4719320701096,,124.65535881462873,159.49684894006288,129.29238586340455,212.73433230267136
2016-10-25,,0.375,0.41,1.7899999618530273,14.239999771118164,4.159299850463867,98.62999725341797,49.97999954223633,1677.4300537109375,,,105.16751227661871,,125.34333601662439,160.52905185969487,129.15912334191654,211.87822114237088
2016-10-26,,0.375,0.41,1.843000054359436,15.359999656677246,4.196300029754639,98.88999938964844,50.470001220703125,1673.9200439453125,,,104.808644542218,,125.6370886521641,162.39194589038544,128.86705759656112,209.8781439976129
2016-10-27,,0.375,0.41,1.8450000286102295,16.190000534057617,4.200799942016602,98.3499984741211,49.709999084472656,1669.030029296875,,,104.09488727209224,,125.84725356757977,161.95423054703133,129.06402240910995,212.75225478348986
2016-10-28,,0.375,0.41,,,,,,1670.27001953125,,,104.62173541596458,,126.24662506230497,160.31647978664375,128.85744721790945,209.82910363641355
2016-10-29,,0.375,0.41,,,,,,,,,,,,,,
2016-10-30,,0.375,0.41,1.8339999914169312,17.059999465942383,4.19350004196167,98.44999694824219,48.29999923706055,,,,,,,,,
2016-10-31,669.997588232871,0.375,0.31,1.8200000524520874,18.559999465942383,4.184000015258789,97.69999694824219,48.33000183105469,1672.4599609375,,,104.96866280369079,,128.85512369217892,161.20253303478748,129.33234651132372,213.1240678286853
2016-11-01,,0.375,0.41,1.7990000247955322,19.31999969482422,4.180099964141846,97.4000015258789,46.86000061035156,1670.9300537109375,,,104.69033851137584,,126.6085045572777,160.65898930886064,129.21146247140175,211.80315730581452
2016-11-02,,0.375,0.41,1.812000036239624,22.079999923706055,4.174799919128418,97.16000366210938,46.349998474121094,1659.5999755859375,,,103.52333648575755,,125.94670961578332,158.640595249008,129.37842561289452,208.42483606357735
2016-11-03,,0.375,0.41,1.7829999923706055,22.510000228881836,4.207600116729736,97.06999969482422,45.58000183105469,1648.0799560546875,,,102.50749061020454,,126.16311051842007,158.16705353463308,128.93065569809218,209.26788383768823
2016-11-04,,0.375,0.41,,,,,,1648.239990234375,,,102.02725123537486,,125.903508550733,157.41967421023594,129.05450077367368,215.5551539488151
2016-11-05,,0.375,0.41,,,,,,,,,,,,,,
2016-11-06,,0.375,0.41,1.8279999494552612,18.709999084472656,4.209099769592285,97.77999877929688,46.150001525878906,,,,,,,,,
2016-11-07,,0.375,0.41,1.8619999885559082,18.739999771118164,4.17710018157959,97.86000061035156,46.040000915527344,1650.5899658203125,,,102.55975422791535,,127.34971488539766,158.9754906704862,129.04378090265718,216.86952759503407
2016-11-08,,0.375,0.41,2.072000026702881,14.380000114440918,4.249599933624268,98.5,46.36000061035156,1663.8199462890625,,,103.90994924829103,,127.20976226131914,159.89571038246012,129.06460071038518,217.34579428300637
2016-11-09,,0.375,0.41,2.117000102996826,14.739999771118164,4.354599952697754,98.79000091552734,45.84000015258789,1647.6199951171875,,,102.92386695538795,,127.15581468630386,154.57857105236837,128.81251730866083,215.36988228304236
2016-11-10,,0.375,0.41,,14.170000076293945,4.403800010681152,,,1652.739990234375,,,104.70561134730994,,125.49381777303506,159.73894512794178,128.33844932579763,224.08459359581542
2016-11-11,,0.375,0.41,,,,,,1634.18994140625,,,102.84411929385948,,122.51624278132816,158.98054539010428,127.82535171328195,226.1280613796568
2016-11-12,,0.375,0.41,,,,,,,,,,,,,,
2016-11-13,,0.375,0.41,2.2219998836517334,14.479999542236328,4.316800117492676,100.11000061035156,44.43000030517578,,,,,,,,,
2016-11-14,,0.375,0.41,2.23799991607666,13.369999885559082,4.3267998695373535,100.19000244140625,46.95000076293945,1616.6400146484375,,,101.56748171704793,,121.66793542075207,157.1817501528746,127.86461438964405,222.4136721438014
2016-11-15,,0.375,0.41,2.2230000495910645,13.720000267028809,4.363800048828125,100.41000366210938,46.630001068115234,1630.56005859375,,,102.5071948701797,,121.93952020149116,158.90722370194206,127.77765940881936,224.00454323957365
2016-11-16,,0.375,0.41,2.2760000228881836,13.350000381469727,4.391600131988525,100.88999938964844,46.4900016784668,1627.6300048828125,,,101.91077650178093,,121.62510204221162,159.88852121143097,127.47451594501223,226.95550828103697
2016-11-17,,0.375,0.41,2.3350000381469727,12.850000381469727,4.414000034332275,101.20999908447266,46.86000061035156,1626.77001953125,,,101.49884736663728,,121.25284967030507,159.73177065148332,128.0898590565034,223.57823159421764
2016-11-18,,0.375,0.41,,,,,,1623.800048828125,,,100.69216116928507,,121.31285575944106,161.5602079689123,127.25025144867965,226.13667707176518
2016-11-19,,0.375,0.41,,,,,,,,,,,,,,
2016-11-20,,0.375,0.41,2.3389999866485596,12.420000076293945,4.414000034332275,101.05000305175781,48.900001525878906,,,,,,,,,
2016-11-21,,0.375,0.41,2.321000099182129,12.40999984741211,4.417500019073486,101.04000091552734,49.119998931884766,1627.280029296875,,,101.52526570463367,,119.76607337944525,159.63211315976272,127.59729680216432,226.9012273157322
2016-11-22,,0.375,0.41,2.3570001125335693,12.430000305175781,4.397500038146973,101.69999694824219,48.95000076293945,1629.3199462890625,,,100.91729733316097,,121.4808617239366,158.8165572376537,128.43205153986884,227.1667420943836
2016-11-23,,0.375,0.41,,,4.440000057220459,,,1630.3800048828125,,3.0,100.47487141127263,,122.15880028077515,159.36462604075578,128.63348343770005,227.38302055323837
2016-11-24,,0.375,0.41,2.371999979019165,12.34000015258789,4.441500186920166,101.48999786376953,47.2400016784668,1624.2099609375,,,100.85331842271226,,121.04214915985594,160.0008464994032,128.31920213080082,226.25751958283885
2016-11-25,,0.375,0.41,,,,,,1627.260009765625,,,101.3316939521643,,121.5341931629491,166.2714616203824,127.74869666762065,227.26019697737013
2016-11-26,,0.375,0.41,,,,,,,,,,,,,,
2016-11-27,,0.375,0.41,2.319999933242798,13.149999618530273,4.459000110626221,101.33000183105469,48.2400016784668,,,,,,,,,
2016-11-28,,0.375,0.41,2.302000045776367,12.899999618530273,4.459799766540527,100.93000030517578,46.380001068115234,1628.6600341796875,,,101.18445589008336,,121.26942089418729,162.50619588982923,127.6117487474276,225.75529618073364
2016-11-29,,0.375,0.41,2.368000030517578,13.329999923706055,4.46750020980835,101.5,50.470001220703125,1626.9300537109375,,,101.57327895101491,,121.778859357494,161.88162277179876,127.70365995050057,224.1922634642645
2016-11-30,711.756236551718,0.375,0.31,2.440999984741211,14.069999694824219,4.460000038146973,101.04000091552734,50.459999084472656,1619.1199951171875,,,100.69190212592989,,124.1260170867663,161.42562813342036,126.19305477515282,229.9730134175954
2016-12-01,,0.375,0.41,2.390000104904175,14.119999885559082,4.45989990234375,100.7699966430664,54.459999084472656,1626.43994140625,,,101.61558889005748,,124.54593894746841,163.1993697558419,126.09357864678734,225.58214890752967
2016-12-02,,0.375,0.41,,,,,,1628.9599609375,,,101.87647350862854,,125.21843861218788,162.23081799041975,126.51211722762903,224.68208982265838
2016-12-03,,0.375,0.41,,,,,,,,,,,,,,
2016-12-04,,0.375,0.41,2.38700008392334,12.140000343322754,4.446000099182129,100.13999938964844,54.939998626708984,,,,,,,,,
2016-12-05,,0.375,0.41,2.3959999084472656,11.789999961853027,4.416500091552734,100.48999786376953,53.93000030517578,1624.969970703125,,,101.33487091854812,,124.38690829936618,160.64993249867962,126.38952351348571,223.5806124528709
2016-12-06,,0.375,0.41,2.3469998836517334,12.220000267028809,4.415999889373779,100.2300033569336,53.0,1629.72998046875,,,101.75320552398934,,124.12448155360653,161.66093982112716,127.35988449853046,219.36130202206306
2016-12-07,,0.375,0.41,2.38700008392334,12.640000343322754,4.421000003814697,101.06999969482422,53.88999938964844,1632.469970703125,,,101.83081465325894,,123.11630719589834,159.92280608632032,127.7297581037363,219.58548408470614
2016-12-08,,0.375,0.41,2.4639999866485596,11.75,4.421000003814697,101.56999969482422,54.33000183105469,1643.75,,,101.83927736189358,,123.91060709907345,160.07380957917877,128.0820314926732,221.8234960761329
2016-12-09,,0.375,0.41,,,,,,1641.4200439453125,,,101.95540312655753,,123.45752288764733,160.37527016819507,128.50946655826667,220.7077678045025
2016-12-10,,0.375,0.41,,,,,,,,,,,,,,
2016-12-11,,0.375,0.41,2.4790000915527344,12.640000343322754,4.4120001792907715,100.95999908447266,55.689998626708984,,,,,,,,,
2016-12-12,,0.375,0.41,2.4809999465942383,12.720000267028809,4.427999973297119,101.02999877929688,55.720001220703125,,,,,,,,,
2016-12-13,,0.375,0.41,2.5250000953674316,13.1899995803833,4.44350004196167,102.0,53.900001525878906,1645.280029296875,,,102.29595545972447,,122.95021578777931,163.48833082749795,128.95477856581093,224.27594072658317
2016-12-14,,0.625,0.41,2.5799999237060547,12.789999961853027,4.461999893188477,103.12999725341797,54.02000045776367,1643.2900390625,,,102.23111288294639,,122.2844112183156,164.85835655885228,128.77811797906307,225.413320827511
2016-12-15,,0.625,0.66,2.5969998836517334,12.199999809265137,4.473499774932861,102.94999694824219,55.209999084472656,1636.989990234375,,,101.84803507445828,,122.93920230960961,164.68928721044256,128.24489014398745,227.22383623473422
2016-12-16,,0.625,0.66,,,,,,1637.7900390625,,,102.0285565959959,,123.43292264499381,164.508549310793,127.97593981728615,227.2344007857522
2016-12-17,,0.625,0.66,,,,,,,,,,,,,,
2016-12-18,,0.625,0.66,2.5420000553131104,11.710000038146973,4.475500106811523,103.13999938964844,54.91999816894531,,,,,,,,,
2016-12-19,,0.625,0.66,2.568000078201294,11.449999809265137,4.4770002365112305,103.29000091552734,55.349998474121094,1634.300048828125,,,101.83982609402788,,123.43292264499381,164.3545057986911,127.8027747512532,229.2421745010858
2016-12-20,,0.625,0.66,2.5460000038146973,11.270000457763672,4.4770002365112305,103.0199966430664,54.459999084472656,1634.52001953125,,,101.76257212650867,,123.48566782734966,168.2651044554313,128.4794519405164,230.34848201096412
2016-12-21,,0.625,0.66,2.552999973297119,11.430000305175781,4.480000019073486,103.08999633789062,55.04999923706055,1629.5899658203125,,,101.18299954036951,,123.99286994925463,166.9079386566292,128.33154777299268,232.35129948353054
2016-12-22,,0.625,0.66,2.5429999828338623,11.4399995803833,4.471499919891357,103.01000213623047,55.15999984741211,1623.199951171875,,,100.8319379630166,,123.74224511711421,165.93817799292324,128.34249505832076,229.86199144719396
2016-12-23,,0.625,0.66,,,,,,1617.1500244140625,,,100.8188600850656,,122.21293048089927,166.10787332088833,128.01081615470426,225.83460744704226
2016-12-24,,0.625,0.66,,,,,,,,,,,,,,
2016-12-25,,0.625,0.66,,,4.471499919891357,,,,,,,,,,,
2016-12-26,,0.625,0.66,2.562999963760376,11.989999771118164,4.47599983215332,103.0199966430664,56.09000015258789,,,,,,,,,
2016-12-27,,0.625,0.66,2.50600004196167,12.949999809265137,4.479499816894531,103.26000213623047,56.220001220703125,1619.6800537109375,,,100.86227861719424,,124.20672014789196,166.03074844071088,128.007872588616,223.11505259977915
2016-12-28,,0.625,0.66,2.4769999980926514,13.369999885559082,4.482500076293945,102.68000030517578,56.13999938964844,1630.300048828125,,,101.58308151719406,,125.49757787652543,166.73088723517267,127.98600504610545,226.23375658115626
2016-12-29,,0.625,0.66,2.446000099182129,14.039999961853027,4.483500003814697,102.38999938964844,56.130001068115234,1637.9300537109375,,,101.71086508645983,,126.8284233865449,167.0933234967949,128.7311957782279,225.66590111879697
2016-12-30,,0.625,0.55,,,,,,1641.72998046875,,,102.34271864233055,,128.14227399394147,170.9327869443338,129.25792344334727,226.02507900603405
2016-12-31,726.488555994266,0.625,0.55,,,,,,,,,,,,,,
2017-01-01,,0.625,0.55,,,4.483500003814697,,,,,,,,,,,
2017-01-02,,0.625,0.55,2.450000047683716,12.850000381469727,4.489999771118164,103.20999908447266,55.470001220703125,,,,102.34271864233055,,128.14227399394147,170.9327869443338,129.25792344334727,226.02507900603405
2017-01-03,,0.625,0.66,2.4519999027252197,11.850000381469727,4.494999885559082,102.69999694824219,56.459999084472656,1635.530029296875,,,101.84838379982759,,125.51865839198109,170.77920778631926,129.4814762674722,232.787418704703
2017-01-04,,0.625,0.66,2.368000030517578,11.670000076293945,4.4710001945495605,101.5199966430664,56.88999938964844,1647.469970703125,,,102.69683252396543,,125.98498826803777,178.8480088058716,130.3880430544415,238.6264187829356
2017-01-05,,0.625,0.66,2.4179999828338623,11.319999694824219,4.4704999923706055,102.22000122070312,57.099998474121094,1659.8199462890625,,,103.67844669743465,,125.73939275945713,177.98067506828076,130.94211560218656,238.6264187829356
2017-01-06,,0.625,0.66,,,,,,1675.489990234375,,,104.76856549494835,,125.11805902244524,175.9085101951579,131.2341919406583,238.05678799025821
2017-01-07,,0.625,0.66,,,,,,,,,,,,,,
2017-01-08,,0.625,0.66,2.375999927520752,11.5600004196167,4.4745001792907715,101.93000030517578,54.939998626708984,,,,,,,,,
2017-01-09,,0.625,0.66,2.378999948501587,11.489999771118164,4.4720001220703125,102.01000213623047,53.63999938964844,1667.9000244140625,,,104.95824205936695,,125.9623111823552,179.4861744677111,130.81250427710427,239.22984241248093
2017-01-10,,0.625,0.66,2.369999885559082,11.260000228881836,4.468999862670898,101.77999877929688,55.099998474121094,1672.050048828125,,,105.37194146580859,,126.82107787514123,178.23704502339834,129.81165391540833,238.5578238139459
2017-01-11,,0.625,0.66,2.3610000610351562,11.539999961853027,4.427499771118164,101.3499984741211,56.0099983215332,1675.2099609375,,,105.67331419560453,,128.42702773660338,180.2453493215248,128.95829960711848,245.98982681820044
2017-01-12,,0.625,0.66,2.380000114440918,11.229999542236328,4.460000038146973,101.18000030517578,55.45000076293945,1677.760009765625,,,106.00806859034041,,128.28920650818478,182.5517624661367,129.79442954733977,243.48586853715557
2017-01-13,,0.625,0.66,,,,,,1672.5,,,105.7949840100709,,128.42859663625245,178.01662091502266,129.49094841574714,245.23977358965058
2017-01-14,,0.625,0.66,,,,,,,,,,,,,,
2017-01-15,,0.625,0.66,,,4.4654998779296875,,,,,,,,,,,
2017-01-16,,0.625,0.66,2.3269999027252197,11.869999885559082,4.460000038146973,100.33000183105469,55.470001220703125,1658.8399658203125,,,103.81356118143079,,128.17534232163936,177.2168978855591,128.28291128326538,241.1308945117851
2017-01-17,,0.625,0.66,2.3889999389648438,12.479999542236328,4.46750020980835,100.93000030517578,53.91999816894531,1663.030029296875,,,104.54517923829198,,129.51977415424324,177.2297669983472,126.79576507823963,244.54538715341525
2017-01-18,,0.625,0.66,2.4590001106262207,12.779999732971191,4.447500228881836,101.1500015258789,54.15999984741211,1665.02001953125,,,105.3386879027898,,128.9795448013643,178.87518708369834,127.4504920942189,244.87052634421084
2017-01-19,,0.625,0.66,2.4670000076293945,11.539999961853027,4.444499969482422,100.73999786376953,55.4900016784668,1666.510009765625,,3.0,105.5447488304188,,129.91892443001706,181.20811860839748,127.47593810839479,247.85518866340686
2017-01-20,,0.625,0.66,,,,,,1664.8900146484375,,,105.7760235431831,,129.24448855302475,179.0454665109787,127.43379281396936,244.9182362900449
2017-01-21,,0.625,0.66,,,,,,,,,,,,,,
2017-01-22,,0.625,0.66,2.4030001163482666,11.770000457763672,4.435500144958496,100.16000366210938,55.22999954223633,,,,,,,,,
2017-01-23,,0.625,0.66,2.4709999561309814,11.069999694824219,4.433000087738037,100.3499984741211,55.439998626708984,1671.31005859375,,,106.21528946241882,,129.43558312302318,179.61309661649122,127.16957402485232,246.57941203562416
2017-01-24,,0.625,0.66,2.5230000019073486,10.8100004196167,4.418799877166748,100.02999877929688,55.08000183105469,1680.68994140625,,,106.6765283970476,,130.9349390948824,177.385720352736,127.38417525654044,249.8238933285263
2017-01-25,,0.625,0.66,2.507999897003174,10.630000114440918,4.427499771118164,100.37999725341797,56.2400016784668,1683.9300537109375,,,107.07891716818938,,130.00448388960314,175.75232263022588,127.59436394803609,254.0691716500253
2017-01-26,,0.625,0.66,2.4809999465942383,10.579999923706055,4.430099964141846,100.52999877929688,55.52000045776367,1692.219970703125,,,107.60920154915141,,131.35346012923216,177.40393694533213,128.99823468616498,255.46893604189444
2017-01-27,,0.625,0.66,,,,,,1686.3599853515625,,,107.05838133111006,,131.35346012923216,178.67517829946453,128.6773727394612,256.7151389375948
2017-01-28,,0.625,0.66,,,,,,,,,,,,,,
2017-01-29,,0.625,0.66,2.4830000400543213,11.880000114440918,4.43120002746582,100.43000030517578,55.22999954223633,,,,,,,,,
2017-01-30,,0.625,0.66,2.4509999752044678,11.989999771118164,4.427199840545654,99.51000213623047,55.70000076293945,,,,,,,,,
2017-01-31,706.793595646491,0.625,0.56,2.4739999771118164,11.8100004196167,4.427700042724609,99.63999938964844,55.65999984741211,1671.5400390625,,,106.50271643203408,,131.70467404545542,180.2204522640762,128.88888403054537,255.4749564077609
2017-02-01,,0.625,0.66,2.4700000286102295,11.930000305175781,4.421999931335449,99.8499984741211,56.560001373291016,,,,,,,,,
2017-02-02,,0.625,0.66,2.490999937057495,10.970000267028809,4.42549991607666,99.87000274658203,56.810001373291016,1673.47998046875,,,106.04179172796762,,131.29196436571056,181.55152994057323,128.2252955333747,258.9680981869022
2017-02-03,,0.625,0.66,,,,,,1685.010009765625,,,106.59427000678343,,130.74737395291174,184.35622755819477,128.20249043542583,261.0184552651183
2017-02-04,,0.625,0.66,,,,,,,,,,,,,,
2017-02-05,,0.625,0.66,2.4130001068115234,11.369999885559082,4.427499771118164,99.91000366210938,55.720001220703125,,,,,,,,,
2017-02-06,,0.625,0.66,2.3889999389648438,11.289999961853027,4.434500217437744,100.26000213623047,55.04999923706055,1691.239990234375,,,106.64575052804581,,130.8268345665511,188.35717294987555,129.10151978618416,262.6453861384942
2017-02-07,,0.625,0.66,2.3510000705718994,11.449999809265137,4.4375,100.27999877929688,55.119998931884766,1688.8399658203125,,,106.4647567331348,,131.2723137733496,186.40385587117513,128.896645439902,263.71995257710887
2017-02-08,,0.625,0.66,2.3949999809265137,10.880000114440918,4.436999797821045,100.6500015258789,55.630001068115234,1688.5,,,106.42276957087316,,129.31498945172498,193.28612861781363,129.95796520505718,262.09956255896043
2017-02-09,,0.625,0.66,2.4089999198913574,10.850000381469727,4.436299800872803,100.80000305175781,56.70000076293945,,,,,,,,,
2017-02-10,,0.625,0.66,,,,,,1698.93994140625,,,107.63603382410774,,129.86281916600302,194.30236841755666,129.46156455462906,265.96140641683996
2017-02-11,,0.625,0.66,,,,,,,,,,,,,,
2017-02-12,,0.625,0.66,2.434000015258789,11.069999694824219,4.44980001449585,100.95999908447266,55.59000015258789,,,,,,,,,
2017-02-13,,0.625,0.66,2.4700000286102295,10.739999771118164,4.447500228881836,101.25,55.970001220703125,1710.239990234375,,,108.70201059615377,,129.5528146586304,196.5914023437648,130.2050944562006,268.671390829598
2017-02-14,,0.625,0.66,2.502000093460083,11.970000267028809,4.446499824523926,101.18000030517578,55.75,1708.9000244140625,,,108.57182234289762,,129.71868894378446,194.2296774948871,129.5957330166354,271.2096874600437
2017-02-15,,0.625,0.66,2.450000047683716,11.760000228881836,4.450500011444092,100.44000244140625,55.650001525878906,1709.7900390625,,,108.78931557097906,,128.54139674712513,197.38803304970605,129.50028765784788,276.2182397463494
2017-02-16,,0.625,0.66,2.424999952316284,11.489999771118164,4.451000213623047,100.94999694824219,55.810001373291016,1707.5899658203125,,,108.68617705698523,,129.34127292688493,194.1281292987366,130.15902573553174,277.0211877059265
2017-02-17,,0.625,0.66,,,,,,1707.6800537109375,,,108.72943238361954,,129.28613403194655,195.6686666432339,131.38393333887623,272.2382666574815
2017-02-18,,0.625,0.66,,,,,,,,,,,,,,
2017-02-19,,0.625,0.66,,,4.45550012588501,,,,,,,,,,,
2017-02-20,,0.625,0.66,2.427000045776367,11.569999694824219,4.454999923706055,101.37000274658203,56.65999984741211,1712.5799560546875,,,108.70191148698409,,128.21464877454778,197.04615373779174,131.77893708452018,272.5031290304085
2017-02-21,,0.625,0.66,2.4179999828338623,11.739999771118164,4.451300144195557,101.33000183105469,55.84000015258789,1706.550048828125,,,108.54464992005663,,127.7598246635193,195.50274041540396,130.81292655338586,273.82590933266596
2017-02-22,,0.625,0.66,2.388000011444092,11.710000038146973,4.442999839782715,101.05000305175781,56.58000183105469,1708.0799560546875,,,108.63079933290585,,128.09123353151415,197.21540811608577,131.01488460522876,273.24333393408017
2017-02-23,,0.625,0.66,2.316999912261963,11.470000267028809,4.4375,101.08999633789062,55.9900016784668,1704.47998046875,,,108.57994170990789,,128.14618677083644,199.64125473658595,131.11675506177787,274.38192961252247
2017-02-24,,0.625,0.66,,,,,,1698.3499755859375,,,109.3705811189043,,128.21431599387725,202.90343128478276,131.30498312285184,273.8102566996335
2017-02-25,,0.625,0.66,,,,,,,,,,,,,,
2017-02-26,,0.625,0.66,2.36899995803833,12.09000015258789,4.4375,101.12999725341797,55.93000030517578,,,,,,,,,
2017-02-27,,0.625,0.66,2.3580000400543213,12.920000076293945,4.4375,101.12000274658203,55.59000015258789,1693.8399658203125,,,108.30495669719882,,126.80607521388659,203.7673403698109,130.38917383835965,270.44734968416975
2017-02-28,663.299519382585,0.625,0.57,2.4630000591278076,12.539999961853027,4.446000099182129,101.77999877929688,55.599998474121094,1693.77001953125,,,108.47665145644572,,127.58506631822453,201.56752171363487,129.56978130604125,276.86091728436554
2017-03-01,,0.625,0.66,2.489000082015991,11.8100004196167,4.444499969482422,102.19999694824219,55.08000183105469,1697.68994140625,,,109.3975498395265,,127.52450976720004,207.75410235336747,130.67066135556007,281.0202375085042
2017-03-02,,0.625,0.66,2.492000102996826,10.960000038146973,4.452000141143799,101.54000091552734,55.900001525878906,1715.6700439453125,,3.0,110.80871087651755,,128.86721116027914,210.41642438462907,132.05584663551363,287.9669240084963
2017-03-03,,0.625,0.66,,,,,,1708.3800048828125,,,110.68148580208795,,128.56094203471244,208.53756850412265,131.75227879230022,286.02810937753304
2017-03-04,,0.625,0.66,,,,,,,,,,,,,,
2017-03-05,,0.625,0.66,2.49399995803833,11.239999771118164,4.44950008392334,101.63999938964844,56.0099983215332,,,,,,,,,
2017-03-06,,0.625,0.66,2.510999917984009,11.449999809265137,4.444499969482422,101.80999755859375,55.91999816894531,1727.3599853515625,,,112.86944669512123,,130.63257884226206,208.53756850412265,131.70993401341224,288.24121897073167
2017-03-07,,0.625,0.66,2.552000045776367,11.859999656677246,4.452000141143799,102.06999969482422,53.11000061035156,1728.6600341796875,,,112.71522560346179,,130.43397803086756,212.64160463109314,131.38822392006648,288.5034917844334
2017-03-08,,0.625,0.66,2.5980000495910645,12.300000190734863,4.460000038146973,101.8499984741211,52.189998626708984,1725.5400390625,,,112.25412302550541,,130.74518337904018,215.34376776741,131.7088587254421,288.78457645594364
2017-03-09,,0.625,0.66,2.5820000171661377,11.65999984741211,4.450500011444092,101.25,51.369998931884766,1717.4200439453125,,,111.67463266342735,,128.77003399307569,216.61963926712744,130.8497856456028,287.70569177194074
2017-03-10,,0.625,0.66,,,,,,1717.5799560546875,,,111.7759901080344,,128.9676195918131,217.62252110016664,130.5541241564149,285.48978100083076
2017-03-11,,0.625,0.66,,,,,,,,,,,,,,
2017-03-12,,0.625,0.66,2.6080000400543213,11.350000381469727,4.445000171661377,101.37999725341797,51.349998474121094,,,,,,,,,
2017-03-13,,0.625,0.66,2.5950000286102295,12.300000190734863,4.447500228881836,101.69999694824219,50.91999816894531,1721.9200439453125,,,112.22450065221032,,128.71770355739375,218.99184682179742,130.58371894940862,284.92252728227925
2017-03-14,,0.625,0.66,2.507999897003174,11.630000114440918,4.440999984741211,100.73999786376953,51.810001373291016,1722.469970703125,,,112.53792982886723,,129.71990266641978,221.20678493689329,129.97594027098503,288.8218654251411
2017-03-15,,0.625,0.66,2.5220000743865967,11.210000038146973,4.436999797821045,100.2699966430664,51.7400016784668,1717.3599853515625,,,111.73659959875586,,129.07076060833583,221.29645260005918,129.0527069093675,282.9511083021409
2017-03-16,,0.875,0.91,2.500999927520752,11.279999732971191,4.434999942779541,100.30000305175781,51.7599983215332,1737.1400146484375,,,113.79799817663843,,129.4309885650024,221.8492321132709,129.35945098761187,284.6556051173752
2017-03-17,,0.875,0.91,,,,,,1745.199951171875,,,114.99187191468008,,131.01343306631213,224.04151895839365,130.60596690475262,280.70208893874667
2017-03-18,,0.875,0.91,,,,,,,,,,,,,,
2017-03-19,,0.875,0.91,2.4730000495910645,11.34000015258789,4.425000190734863,100.41000366210938,51.619998931884766,,,,,,,,,
2017-03-20,,0.875,0.91,2.436000108718872,12.470000267028809,4.422999858856201,99.80999755859375,50.959999084472656,1749.4100341796875,,,114.91589134429469,,129.90026105013658,221.00685435108153,130.68762616582225,277.2980619939673
2017-03-21,,0.875,0.91,2.3959999084472656,12.8100004196167,4.424499988555908,99.68000030517578,50.63999938964844,1754.6700439453125,,,115.23218205579941,,130.54078557395346,219.97565895544224,131.62306929344456,275.3820493383002
2017-03-22,,0.875,0.91,2.4179999828338623,13.119999885559082,4.426499843597412,99.76000213623047,50.560001373291016,1748.300048828125,,,114.40666220147781,,130.1964038375414,216.93850191356523,130.90306592229103,275.5392255378395
2017-03-23,,0.875,0.91,2.4000000953674316,12.960000038146973,4.422999858856201,99.62999725341797,50.79999923706055,1747.0,,,114.66259918302943,,130.27765814291254,223.12846081797542,130.95399980489378,283.74941848971287
2017-03-24,,0.875,0.91,,,,,,1745.75,,,114.7566342445563,,129.98712966528572,220.55091812194146,130.93888223580169,284.5818454071101
2017-03-25,,0.875,0.91,,,,,,,,,,,,,,
2017-03-26,,0.875,0.91,2.372999906539917,12.5,4.4095001220703125,99.16999816894531,50.75,,,,,,,,,
2017-03-27,,0.875,0.91,2.4089999198913574,11.529999732971191,4.409999847412109,99.70999908447266,51.33000183105469,1744.949951171875,,,114.59486418529062,,130.08401722866824,220.80301895989896,131.25044639051782,280.130511064318
2017-03-28,,0.875,0.91,2.385999917984009,11.420000076293945,4.417500019073486,100.0,52.41999816894531,1754.4200439453125,,,115.1393310009807,,130.27194867750484,222.6233684559776,133.84853298271523,281.23330985079224
2017-03-29,,0.875,0.91,2.4159998893737793,11.539999961853027,4.419000148773193,100.41000366210938,52.959999084472656,1750.4100341796875,,,115.18798307806357,,130.52737447126987,221.16007052322507,131.91991696759393,284.26166744718176
2017-03-30,,0.875,0.91,2.3959999084472656,12.369999885559082,4.422999858856201,100.3499984741211,52.83000183105469,1749.25,,,115.18038328999793,,129.8006688595724,220.51440675267696,132.07779292830452,282.5321631170734
2017-03-31,623.207664785016,0.875,0.82,,,,,,1740.0899658203125,,,114.82960707008338,,129.6918214266177,225.64038597929442,132.4758728622158,284.1496583984522
2017-04-01,,0.875,0.82,,,,,,,,,,,,,,
2017-04-02,,0.875,0.82,2.3499999046325684,12.380000114440918,4.42549991607666,100.54000091552734,53.119998931884766,,,,,,,,,
2017-04-03,,0.875,0.91,2.3499999046325684,11.789999961853027,4.428999900817871,100.54000091552734,54.16999816894531,1745.489990234375,,,115.4257599572854,,129.53275492547783,227.62713332695546,132.08189785426023,285.34621351996134
2017-04-04,,0.875,0.91,2.3570001125335693,12.890000343322754,4.429999828338623,100.55999755859375,54.36000061035156,1747.18994140625,,,115.28809750969327,,129.42344880512957,229.12079919673963,132.8924242757759,285.88656093336044
2017-04-05,,0.875,0.91,2.3429999351501465,12.390000343322754,4.434000015258789,100.66999816894531,54.88999938964844,1744.6700439453125,,,114.96710503750106,,129.56621519618622,229.80861970386948,133.0200298742136,286.6437052320761
2017-04-06,,0.875,0.91,2.372999906539917,12.869999885559082,4.434000015258789,101.18000030517578,55.2400016784668,1739.56005859375,,,114.4033747000719,,129.2601941102385,233.14445850541378,132.89340157171517,286.26548863853316
2017-04-07,,0.875,0.91,,,,,,1741.719970703125,,,114.60406971349089,,130.04152833663815,231.28527699133187,132.9871991268833,286.3197141868178
2017-04-08,,0.875,0.91,,,,,,,,,,,,,,
2017-04-09,,0.875,0.91,2.3610000610351562,14.050000190734863,4.432499885559082,101.0199966430664,55.97999954223633,,,,,,,,,
2017-04-10,,0.875,0.91,2.2980000972747803,15.069999694824219,4.431000232696533,100.70999908447266,56.22999954223633,1739.52001953125,,,114.59339139018854,,130.33967628779433,230.15116706152304,132.47335951331956,287.38406813504423
2017-04-11,,0.875,0.91,2.2960000038146973,15.770000457763672,4.425000190734863,100.77999877929688,55.86000061035156,1735.8399658203125,,,114.48106640838023,,129.21815047975863,228.03226076704317,131.9757202359239,287.0919423951128
2017-04-12,,0.875,0.91,2.2320001125335693,15.960000038146973,4.409999847412109,100.55999755859375,55.88999938964844,1744.0799560546875,,,114.51276083444381,,128.71287908968975,224.98963241952447,133.02908650492768,288.91827408606343
2017-04-13,,0.875,0.91,,,4.402500152587891,,,1738.1800537109375,,,113.76146356167185,,128.8573237364964,218.2519603915286,132.62174209629012,289.4436135614714
2017-04-14,,0.875,0.91,,,,,,1730.989990234375,,,113.6430697154357,,128.49478277389431,213.1555261595528,131.29254189257438,286.75554349597996
2017-04-15,,0.875,0.91,,,,,,,,,,,,,,
2017-04-16,,0.875,0.91,2.252000093460083,14.65999984741211,4.402500152587891,100.30000305175781,55.36000061035156,,,,,,,,,
2017-04-17,,0.875,0.91,2.178999900817871,14.420000076293945,4.408999919891357,99.5,54.88999938964844,1733.9300537109375,,,114.47028458208098,,128.54970544014975,216.83905586111806,130.78562447767231,286.3408629384659
2017-04-18,,0.875,0.91,2.2019999027252197,14.930000305175781,4.39900016784668,99.73999786376953,52.93000030517578,1740.5999755859375,,,114.76493450169332,,128.80326546753773,220.26495093607593,131.0336323941562,289.47597211047247
2017-04-19,,0.875,0.91,2.240999937057495,14.149999618530273,4.395999908447266,99.77999877929688,52.9900016784668,1738.949951171875,,,114.80724785312093,,128.5506998334033,223.42781370718555,129.56083356582795,288.9590454140344
2017-04-20,,0.875,0.91,2.236999988555908,14.630000114440918,4.396999835968018,99.9800033569336,51.959999084472656,1741.6099853515625,,,115.07378711429313,,128.5506998334033,228.02068030255222,128.2440865060552,286.4275652785781
2017-04-21,,0.875,0.91,,,,,,1756.050048828125,,,117.26978404972837,,128.04509680042756,228.82992204101402,128.55446406388643,285.992855568443
2017-04-22,,0.875,0.91,,,,,,,,,,,,,,
2017-04-23,,0.875,0.91,2.2730000019073486,10.84000015258789,4.3979997634887695,99.08999633789062,51.599998474121094,,,,,,,,,
2017-04-24,,0.875,0.91,2.3269999027252197,10.760000228881836,4.36899995803833,98.81999969482422,52.099998474121094,,,,116.87335953965197,,128.2991501231932,228.82992204101402,128.1352619506936,284.80117509637535
2017-04-25,,0.875,0.91,2.311000108718872,10.850000381469727,4.34499979019165,98.95999908447266,51.81999969482422,1765.800048828125,,,118.11743769081149,,129.87968265940395,235.32284957361216,128.6074352274404,287.4707161133676
2017-04-26,,0.875,0.91,2.2960000038146973,10.359999656677246,4.34499979019165,99.08000183105469,51.439998626708984,1768.9200439453125,,,118.5796755711856,,128.30428409265787,240.8492900769118,127.81146278102604,286.825102205551
2017-04-27,,0.875,0.91,2.2820000648498535,10.819999694824219,4.3394999504089355,99.05000305175781,51.72999954223633,1767.9200439453125,,,118.8298338174086,,128.81343398719872,243.5570607388522,128.48355227959973,286.5021186698865
2017-04-28,,0.875,0.83,,,,,,1768.06005859375,,,118.92702939841922,,128.92339821418156,245.5287668896701,127.42510348758833,288.1719640978612
2017-04-29,,0.875,0.83,,,,,,,,,,,,,,
2017-04-30,655.460582018393,0.875,0.83,2.325000047683716,10.109999656677246,4.340000152587891,99.13999938964844,51.52000045776367,,,,,,,,,
2017-05-01,,0.875,0.91,2.2960000038146973,10.59000015258789,4.325500011444092,98.9800033569336,50.459999084472656,,,,,,,,,
2017-05-02,,0.875,0.91,2.309000015258789,10.680000305175781,4.317500114440918,99.20999908447266,50.790000915527344,1778.469970703125,,,120.53276937488732,,129.08803249255027,246.02872987730944,128.39730009076493,284.69198057712765
2017-05-03,,0.875,0.91,2.3559999465942383,10.460000038146973,4.326499938964844,98.76000213623047,48.380001068115234,1772.510009765625,,,119.81410583182101,,129.03329712111855,252.55045859190153,127.55908913153506,285.38508433911767
2017-05-04,,0.875,0.91,2.3519999980926514,10.569999694824219,4.335000038146973,98.6500015258789,49.099998474121094,1758.6700439453125,,,118.63475471340364,,129.10753665569675,246.89571589307008,127.90311042032161,284.8861542485827
2017-05-05,,0.875,0.91,,,,,,1762.739990234375,,,119.24077633366363,,128.85586005843976,250.73133447585357,126.9074591219019,291.3345890012704
2017-05-06,,0.875,0.91,,,,,,,,,,,,,,
2017-05-07,,0.875,0.91,2.375999927520752,9.770000457763672,4.335000038146973,99.1500015258789,49.34000015258789,,,,,,,,,
2017-05-08,,0.875,0.91,2.4070000648498535,9.960000038146973,4.343999862670898,99.58999633789062,48.72999954223633,1768.1500244140625,,,119.76223853801325,,129.72847216175842,255.16050010499995,126.6908762619057,294.17358195528607
2017-05-09,,0.875,0.91,2.4140000343322754,10.210000038146973,4.340000152587891,99.66999816894531,50.220001220703125,1766.56005859375,,,119.73173819485396,,129.78148537620956,254.0908692930258,126.5681167220957,294.04059340067124
2017-05-10,,0.875,0.91,2.4000000953674316,10.600000381469727,4.3460001945495605,99.62000274658203,50.77000045776367,,,,,,,,,
2017-05-11,,0.875,0.91,2.3350000381469727,10.399999618530273,4.343999862670898,99.25,50.84000015258789,1775.3900146484375,,,119.88792257208023,,129.71058210479484,254.35564406029206,129.41701506553156,296.71659716425836
2017-05-12,,0.875,0.91,,,,,,1775.8699951171875,,3.0,120.49890321471013,,128.62132499190352,254.681721823012,127.2158883853963,299.7388073994035
2017-05-13,,0.875,0.91,,,,,,,,,,,,,,
2017-05-14,,0.875,0.91,2.3380000591278076,10.420000076293945,4.321000099182129,98.91000366210938,51.81999969482422,,,,,,,,,
2017-05-15,,0.875,0.91,2.3289999961853027,10.649999618530273,4.315000057220459,98.11000061035156,51.650001525878906,1778.6500244140625,,,120.43140183761282,,129.12723624605314,255.5693606695851,127.51092065354455,299.78017223011136
2017-05-16,,0.875,0.91,2.2160000801086426,15.59000015258789,4.320499897003174,97.41999816894531,52.209999084472656,1778.1500244140625,,,120.86741177934361,,128.24145114138898,255.29067960719644,130.5567385214022,299.2785217639978
2017-05-17,,0.875,0.91,2.2330000400543213,14.65999984741211,4.325500011444092,97.87999725341797,52.5099983215332,1775.6500244140625,,,120.44953394311658,,129.4385755583243,254.34048982448041,129.4588960565992,298.7363160554978
2017-05-18,,0.875,0.91,2.244999885559082,12.039999961853027,4.320000171661377,97.1500015258789,53.61000061035156,1767.1700439453125,,,120.25601562489456,,129.66700566610726,254.97430221665942,128.6252305152556,297.62075774254646
2017-05-19,,0.875,0.91,,,,,,1768.280029296875,,,120.47995538470258,,129.24863124900276,269.5476529323985,130.1304216732606,302.8012104885345
2017-05-20,,0.875,0.91,,,,,,,,,,,,,,
2017-05-21,,0.875,0.91,2.253999948501587,10.930000305175781,4.302000045776367,96.9800033569336,53.869998931884766,,,,,,,,,
2017-05-22,,0.875,0.91,2.2850000858306885,10.720000267028809,4.290999889373779,97.3499984741211,54.150001525878906,1774.949951171875,,,120.61337008878436,,129.38183960241034,272.7210181159009,132.56570610355564,306.7203191952585
2017-05-23,,0.875,0.91,2.2660000324249268,10.020000457763672,4.296000003814697,97.23999786376953,53.959999084472656,1767.1700439453125,,,120.96366830282155,,129.30824778154522,270.3611286779577,130.54672499143402,305.31884158902153
2017-05-24,,0.875,0.91,2.255000114440918,9.989999771118164,4.276000022888184,97.25,51.459999084472656,1771.010009765625,,,121.82907288642322,,129.56178403524578,266.49281050013514,130.44604206407854,306.69923208350605
2017-05-25,,0.875,0.91,2.25,9.8100004196167,4.267000198364258,97.4000015258789,52.150001525878906,1773.9599609375,,,123.21793623186359,,129.56328154693153,266.90527554036396,129.99790535084983,301.67120173152904
2017-05-26,,0.875,0.91,,,,,,1772.300048828125,,,123.45663696698901,,129.95037374667479,267.9271888807872,129.76397245668042,297.5205379436701
2017-05-27,,0.875,0.91,,,,,,,,,,,,,,
2017-05-28,,0.875,0.91,,,4.273499965667725,,,,,,,,,,,
2017-05-29,,0.875,0.91,2.2170000076293945,10.380000114440918,4.281000137329102,97.27999877929688,51.84000015258789,1764.8900146484375,,,123.26887667507545,,129.3657357912302,265.4162455907418,128.0658916564424,293.89811591954225
2017-05-30,,0.875,0.91,2.196000099182129,10.40999984741211,4.288300037384033,96.91999816894531,50.310001373291016,,,,,,,,,
2017-05-31,621.181586939107,0.875,0.83,2.2170000076293945,9.890000343322754,4.2855000495910645,97.19999694824219,50.33000183105469,1765.8699951171875,,,123.9146678209287,,128.80624079258456,262.6933231836735,129.47592393012923,290.8278944676132
2017-06-01,,0.875,0.91,2.1589999198913574,9.75,4.277500152587891,96.72000122070312,49.95000076293945,1763.1099853515625,,,124.43136834339174,,129.06028963927184,269.9644925683604,128.4034957930311,292.47168623615465
2017-06-02,,0.875,0.91,,,,,,1776.949951171875,,,125.78321327772596,,129.56791880058725,275.0481540228915,129.14056619133697,297.50723104061194
2017-06-03,,0.875,0.91,,,,,,,,,,,,,,
2017-06-04,,0.875,0.91,2.181999921798706,10.069999694824219,4.261000156402588,96.80000305175781,49.470001220703125,,,,,,,,,
2017-06-05,,0.875,0.91,2.1470000743865967,10.449999809265137,4.269999980926514,96.63999938964844,50.119998931884766,1787.949951171875,,,127.3103005728272,,129.48625816638057,282.8351660251082,130.17302587934853,303.973206558287
2017-06-06,,0.875,0.91,2.177999973297119,10.390000343322754,4.258999824523926,96.75,48.060001373291016,1791.010009765625,,,127.20319276743513,,129.99705313463298,282.6577206312726,129.508312816283,303.1292386294303
2017-06-07,,0.875,0.91,2.194000005722046,10.15999984741211,4.260000228881836,96.91999816894531,47.86000061035156,1785.9200439453125,,,126.58926675990207,,130.3074871691264,290.114851572442,128.8988675198763,300.8705533793585
2017-06-08,,0.875,0.91,2.1989998817443848,10.699999809265137,4.262499809265137,97.2699966430664,48.150001525878906,1785.5699462890625,,,126.76098932227322,,130.81549490361272,290.5475410118812,129.1653911753376,309.15100717551377
2017-06-09,,0.875,0.91,,,,,,1788.8900146484375,,,126.63235127917822,,131.12633552187333,291.760964147415,129.6975057601324,317.3433459652111
2017-06-10,,0.875,0.91,,,,,,,,,,,,,,
2017-06-11,,0.875,0.91,2.2130000591278076,11.460000038146973,4.262499809265137,97.13999938964844,48.290000915527344,,,,,,,,,
2017-06-12,,0.875,0.91,2.2070000171661377,10.420000076293945,4.261499881744385,96.9800033569336,48.720001220703125,,,,,,,,,
2017-06-13,,0.875,0.91,2.138000011444092,10.640000343322754,4.255499839782715,96.94000244140625,47.0,1784.43994140625,,,126.50501867604329,,132.84114994446188,285.21309640693073,129.3585629178446,317.106722453384
2017-06-14,,0.875,0.91,2.1619999408721924,10.899999618530273,4.264999866485596,97.43000030517578,46.91999816894531,1792.3499755859375,,,127.48818618195786,,132.56089400857877,285.04050122126705,129.0002113233187,316.5025697255163
2017-06-15,,1.125,1.16,2.1570000648498535,10.380000114440918,4.27400016784668,97.16000366210938,47.369998931884766,1790.010009765625,,,127.76862753257936,,132.84073313123156,282.48655223664304,128.7539311927925,312.5307944486625
2017-06-16,,1.125,1.16,,,,,,1791.31005859375,,,127.57723243658512,,132.6181435606906,284.23306160178373,129.05007425556795,306.83092913390516
2017-06-17,,1.125,1.16,,,,,,,,,,,,,,
2017-06-18,,1.125,1.16,2.190000057220459,10.369999885559082,4.275000095367432,97.52999877929688,46.90999984741211,,,,,,,,,
2017-06-19,,1.125,1.16,2.1530001163482666,10.859999656677246,4.281499862670898,97.75,46.02000045776367,1788.9000244140625,,,127.07303353251724,,132.59248175588672,279.243591997375,128.90948121320926,303.549303862681
2017-06-20,,1.125,1.16,2.1549999713897705,10.75,4.2845001220703125,97.55999755859375,44.81999969482422,1780.7099609375,,,126.88484577297972,,131.78248197947204,282.70746795604566,128.0042002118257,304.1021638867556
2017-06-21,,1.125,1.16,2.1530001163482666,10.479999542236328,4.2845001220703125,97.54000091552734,45.220001220703125,1775.5699462890625,,,126.85406458527709,,131.72322436795451,287.7757388074498,129.0822178750616,306.5857449421491
2017-06-22,,1.125,1.16,2.1440000534057617,10.020000457763672,4.286099910736084,97.30000305175781,45.540000915527344,1777.4300537109375,,,126.80998225922416,,131.83596481599469,299.5700150313603,128.5005589858971,307.6807587783992
2017-06-23,,1.125,1.16,,,,,,1779.449951171875,,,127.08891617516504,,131.7797161146751,298.9355181981978,128.57142624071193,308.2262396531419
2017-06-24,,1.125,1.16,,,,,,,,,,,,,,
2017-06-25,,1.125,1.16,2.13700008392334,9.899999618530273,4.2855000495910645,97.43000030517578,45.83000183105469,,,,,,,,,
2017-06-26,,1.125,1.16,2.197999954223633,11.0600004196167,4.285999774932861,96.47000122070312,46.650001525878906,,,,126.96207166089563,,131.72336875781758,298.9355181981978,128.34536580304933,308.2262396531419
2017-06-27,,1.125,1.16,2.2209999561309814,10.029999732971191,4.293499946594238,96.05000305175781,47.310001373291016,,,,126.91797908253682,,131.72336875781758,298.9355181981978,128.1190085549397,308.49858854845024
2017-06-28,,1.125,1.16,2.2669999599456787,11.4399995803833,4.291999816894531,95.62999725341797,47.41999816894531,1771.22998046875,,,126.97239369818094,,132.03504016565978,296.0950859708579,127.7576001240202,311.49101418663065
2017-06-29,,1.125,1.16,2.302000045776367,11.180000305175781,4.290999889373779,95.66000366210938,47.91999816894531,1771.3599853515625,,,126.80250266292903,,132.78960333721997,299.71248623795873,127.79680861307214,310.6826464203125
2017-06-30,617.158220835306,1.125,1.06,,,,,,1763.6700439453125,,,126.46221916439566,,134.38797375103212,299.57910179720193,127.24210200242136,310.6826464203125
2017-07-01,,1.125,1.06,,,,,,,,,,,,,,
2017-07-02,,1.125,1.06,2.3459999561309814,11.220000267028809,4.295499801635742,96.19999694824219,49.68000030517578,,,,,,,,,
2017-07-03,,1.125,1.16,,,4.295000076293945,,,1768.6700439453125,,,126.12159732412869,,132.42537093357123,311.40993470779284,129.41881318469567,311.5016749236806
2017-07-04,,1.125,1.16,2.3340001106262207,11.069999694824219,4.295000076293945,96.29000091552734,47.790000915527344,1762.0799560546875,,,126.05935804965607,,132.11668257766675,308.827948039695,127.50107831866985,313.1354243838453
2017-07-05,,1.125,1.16,2.369999885559082,12.539999961853027,4.295499801635742,95.81999969482422,48.11000061035156,1768.1600341796875,,,126.18570022619646,,131.86487489385698,316.0796108607122,127.44670851140512,312.59371913957546
2017-07-06,,1.125,1.16,2.3929998874664307,11.1899995803833,4.296500205993652,96.01000213623047,46.709999084472656,1770.530029296875,,,126.68230514041183,,130.84490779436376,312.9213135189357,127.6151858584426,313.6789866265495
2017-07-07,,1.125,1.16,,,,,,1759.9300537109375,,,126.19175674634107,,129.98165290939264,309.26141500267954,126.73628017843652,308.8115771246314
2017-07-08,,1.125,1.16,,,,,,,,,,,,,,
2017-07-09,,1.125,1.16,2.371000051498413,11.109999656677246,4.295000076293945,96.05000305175781,46.880001068115234,,,,,,,,,
2017-07-10,,1.125,1.16,2.361999988555908,10.890000343322754,4.295000076293945,95.73999786376953,47.52000045776367,1757.1300048828125,,,126.10259528206807,,129.9536611678069,311.4692533381134,126.4340500167977,308.26213041355584
2017-07-11,,1.125,1.16,2.3269999027252197,10.300000190734863,4.289999961853027,95.79000091552734,47.7400016784668,1755.030029296875,,,125.2450929796859,,130.11921567832212,303.59752384055645,126.95654340792734,305.637209757081
2017-07-12,,1.125,1.16,2.3480000495910645,9.899999618530273,4.289999961853027,95.7300033569336,48.41999816894531,1757.239990234375,,,124.76352688365154,,130.37585414918752,317.61870905644014,125.7808254341182,306.49192246147254
2017-07-13,,1.125,1.16,2.319000005722046,9.510000228881836,4.289999961853027,95.11000061035156,48.90999984741211,1753.780029296875,,3.0,124.9157649870504,,130.17586864247056,328.5112260818674,125.7361440507822,309.3660494657849
2017-07-14,,1.125,1.16,,,,,,1755.0,,,124.95909442630247,,130.8765193304229,324.64258658261207,125.59392622295708,311.10405770031684
2017-07-15,,1.125,1.16,,,,,,,,,,,,,,
2017-07-16,,1.125,1.16,2.309000015258789,9.819999694824219,4.285299777984619,95.12999725341797,48.41999816894531,,,,,,,,,
2017-07-17,,1.125,1.16,2.263000011444092,9.890000343322754,4.283999919891357,94.66000366210938,48.84000015258789,1755.18994140625,,,124.52160256328963,,130.43474894771478,329.11944575608925,125.91834630344094,310.22668206132244
2017-07-18,,1.125,1.16,2.2679998874664307,9.789999961853027,4.283999919891357,94.80000305175781,49.70000076293945,1754.9200439453125,,,124.80888950652047,,130.12340088893362,337.045344399839,125.9864271954684,310.7105247597503
2017-07-19,,1.125,1.16,2.2660000324249268,9.579999923706055,4.289000034332275,94.2699966430664,49.29999923706055,1757.27001953125,,,125.57373682034252,,129.99128838665933,333.59906576966154,126.34766162710818,309.9388720275657
2017-07-20,,1.125,1.16,2.2320001125335693,9.359999656677246,4.28249979019165,93.94000244140625,48.060001373291016,1755.6300048828125,,,124.7697085738257,,129.70841652786183,336.64481754013525,125.8997395767673,312.2258449088338
2017-07-21,,1.125,1.16,,,,,,1759.1600341796875,,,125.07658535801154,,129.87513370226304,339.7988043279479,126.47704990107952,312.4387943243721
2017-07-22,,1.125,1.16,,,,,,,,,,,,,,
2017-07-23,,1.125,1.16,2.253999948501587,9.430000305175781,4.275000095367432,93.9800033569336,48.599998474121094,,,,,,,,,
2017-07-24,,1.125,1.16,2.3259999752044678,9.430000305175781,4.2795000076293945,94.05000305175781,50.20000076293945,1761.989990234375,,,125.05189092989664,,130.32905196724394,335.89710999073384,126.57817769601307,311.6237428015654
2017-07-25,,1.125,1.16,2.2820000648498535,9.600000381469727,4.2820000648498535,93.66999816894531,50.970001220703125,1763.3399658203125,,,125.15615234259553,,130.0177845902519,344.9634821155107,126.76582112892983,311.6237428015654
2017-07-26,,1.125,1.16,2.309999942779541,10.109999656677246,4.275000095367432,93.86000061035156,51.4900016784668,1766.0,,,125.69145934864136,,130.3343585520557,354.57610441242167,127.02820009127377,312.16846388331373
2017-07-27,,1.125,1.16,2.2890000343322754,10.289999961853027,4.2789998054504395,93.26000213623047,52.52000045776367,1770.0699462890625,,,126.97879201152516,,129.8819158999276,357.46341628120376,126.98088432276138,315.6244783441779
2017-07-28,,1.125,1.16,,,,,,1767.0799560546875,,,127.3825034608978,,129.6257263909708,359.0510630356567,126.92008244267858,317.66272442453095
2017-07-29,,1.125,1.16,,,,,,,,,,,,,,
2017-07-30,,1.125,1.16,2.2920000553131104,10.260000228881836,4.2789998054504395,92.86000061035156,52.650001525878906,,,,,,,,,
2017-07-31,621.819465680048,1.125,1.07,2.250999927520752,10.09000015258789,4.283999919891357,93.02999877929688,52.630001068115234,1760.030029296875,,,125.82905436313237,,130.6500033367072,358.47956721298686,126.28732332523944,321.9735381063739
2017-08-01,,1.125,1.16,2.26200008392334,10.279999732971191,4.284999847412109,92.83000183105469,52.36000061035156,1765.1300048828125,,,126.71835732998962,,130.84744413165546,356.72078502593945,126.16617874639027,324.22528988124304
2017-08-02,,1.125,1.16,2.2279999256134033,10.4399995803833,4.277500152587891,92.80999755859375,52.0099983215332,1770.6099853515625,,,127.12478798316842,,130.90334262237616,365.25815591188706,126.44376411713438,323.0995435609192
2017-08-03,,1.125,1.16,2.2669999599456787,10.029999732971191,4.2769999504089355,93.54000091552734,52.41999816894531,1771.9000244140625,,,127.25713785359112,,131.24019121469402,365.3187434094642,126.56593760729422,321.41267963780075
2017-08-04,,1.125,1.16,,,,,,1774.530029296875,,,127.75916318216764,,131.40887721389817,365.7351635510491,126.60293243202796,321.6917123761807
2017-08-05,,1.125,1.16,,,,,,,,,,,,,,
2017-08-06,,1.125,1.16,2.256999969482422,9.930000305175781,4.2795000076293945,93.43000030517578,52.369998931884766,,,,,,,,,
2017-08-07,,1.125,1.16,2.2829999923706055,10.960000038146973,4.2829999923706055,93.63999938964844,52.13999938964844,1777.9100341796875,,,128.7191214345634,,131.88936052575693,338.5899836224398,127.0844049850505,320.30687222467674
2017-08-08,,1.125,1.16,2.240999937057495,11.109999656677246,4.286499977111816,93.5199966430664,52.70000076293945,1781.6500244140625,,,129.59223166936727,,131.61374462341567,341.62066702803855,127.05212618253078,325.91855691752494
2017-08-09,,1.125,1.16,2.2119998931884766,16.040000915527344,4.289000034332275,93.4000015258789,51.900001525878906,1777.93994140625,,,129.68038802570285,,131.66851558325,336.28429057429156,126.78545673744965,344.7816278025754
2017-08-10,,1.125,1.16,2.188999891281128,15.510000228881836,4.292500019073486,93.06999969482422,52.099998474121094,1777.77001953125,,,129.5902704216312,,131.365902797732,328.1284997032455,127.2256472470066,345.6092967452814
2017-08-11,,1.125,1.16,,,,,,1766.9599609375,,,129.2782396951312,,131.87215695183212,317.82623137347827,127.02385605285467,341.66046816209996
2017-08-12,,1.125,1.16,,,,,,,,,,,,,,
2017-08-13,,1.125,1.16,2.2190001010894775,12.329999923706055,4.290999889373779,93.45999908447266,50.72999954223633,,,,,,,,,
2017-08-14,,1.125,1.16,2.2660000324249268,12.039999961853027,4.293499946594238,93.8499984741211,50.79999923706055,1771.0799560546875,,,129.15150106450903,,132.7269412087665,332.18985430501067,127.71806790201217,342.1860753797061
2017-08-15,,1.125,1.16,2.2260000705718994,11.739999771118164,4.292500019073486,93.48999786376953,50.27000045776367,1772.3900146484375,,,129.15150106450903,,133.6618341275855,341.80819156924775,128.00286115723333,342.71090431969446
2017-08-16,,1.125,1.16,2.1989998817443848,15.550000190734863,4.293000221252441,93.62000274658203,51.029998779296875,1773.75,,,129.08799776958884,,133.4960498495339,347.80855394467454,128.19855863696176,345.275430448707
2017-08-17,,1.125,1.16,2.194000005722046,14.260000228881836,4.2870001792907715,93.43000030517578,52.720001220703125,1776.31005859375,,,129.09058764897333,,132.7890929873475,357.47766851399973,128.4168184811398,347.89909492468934
2017-08-18,,1.125,1.16,,,,,,1776.219970703125,,,128.95500164644648,,133.0449656692948,351.87001745180015,128.22143813537082,350.9343187267428
2017-08-19,,1.125,1.16,,,,,,,,,,,,,,
2017-08-20,,1.125,1.16,2.180000066757202,13.1899995803833,4.2845001220703125,93.0999984741211,51.65999984741211,,,,,,,,,
2017-08-21,,1.125,1.16,2.2149999141693115,11.350000381469727,4.278500080108643,93.55000305175781,51.869998931884766,1771.6199951171875,,,128.56103234045702,,132.8468591938646,347.67222106444177,128.34048653358445,349.6976924756631
2017-08-22,,1.125,1.16,2.1710000038146973,12.25,4.275000095367432,93.1500015258789,52.56999969482422,1774.219970703125,,,128.60566129906843,,132.98960694170717,346.0999276212914,128.34048653358445,352.04368797263595
2017-08-23,,1.125,1.16,2.194000005722046,12.229999542236328,4.2769999504089355,93.27999877929688,52.040000915527344,1772.93994140625,,,128.36668467635857,,132.50746667283863,354.46669597488284,129.45725083828074,352.35809282218094
2017-08-24,,1.125,1.16,2.1689999103546143,11.279999732971191,4.269999980926514,92.73999786376953,52.40999984741211,1775.5,,,128.1950421725318,,133.00085952719428,352.89812348715606,129.53237063120864,354.88939204988134
2017-08-25,,1.125,1.16,,,,,,1769.1700439453125,,,128.19195387872747,,133.4099049117286,357.18768764601305,129.3765253268864,355.70824545159894
2017-08-26,,1.125,1.16,,,,,,,,,,,,,,
2017-08-27,,1.125,1.16,2.1589999198913574,11.319999694824219,4.265500068664551,92.20999908447266,51.88999938964844,,,,,,,,,
2017-08-28,,1.125,1.16,2.135999917984009,11.699999809265137,4.264999866485596,92.3499984741211,52.0,1769.489990234375,,,128.75227852681655,,132.7016940736869,356.1965882238218,129.18085257254543,350.77535946463
2017-08-29,,1.125,1.16,2.1429998874664307,11.220000267028809,4.269000053405762,92.87999725341797,50.86000061035156,1761.1400146484375,,,127.61998740595352,,132.36089583256367,350.08981075640077,128.48783392092687,351.9458787570726
2017-08-30,,1.125,1.16,2.121000051498413,10.59000015258789,4.26800012588501,92.66999816894531,52.380001068115234,1773.1600341796875,,,130.07403198956848,,132.30593946715342,351.27699409168594,128.9823592559055,358.68363473041325
2017-08-31,661.631565157988,1.125,1.07,2.1570000648498535,10.130000114440918,4.26800012588501,92.80999755859375,52.31999969482422,,,,130.07403198956848,,132.30593946715342,351.27699409168594,128.9823592559055,358.68363473041325
2017-09-01,,1.125,1.16,,,,,,,,,130.07403198956848,,132.30593946715342,351.27699409168594,128.9823592559055,358.68363473041325
2017-09-02,,1.125,1.16,,,,,,,,,,,,,,
2017-09-03,,1.125,1.16,,,4.26800012588501,,,,,,,,,,,
2017-09-04,,1.125,1.16,2.069999933242798,12.229999542236328,4.254499912261963,92.30999755859375,53.380001068115234,,,,130.07403198956848,,132.30593946715342,351.27699409168594,128.9823592559055,358.68363473041325
2017-09-05,,1.125,1.16,2.1080000400543213,11.630000114440918,4.236000061035156,92.29000091552734,54.20000076293945,1769.6300048828125,,,127.93102913872265,,132.75973069806034,350.18367532680196,130.5560911732432,366.81630396062707
2017-09-06,,1.125,1.16,2.061000108718872,11.550000190734863,4.206999778747559,91.52999877929688,54.4900016784668,1772.47998046875,,,128.09427638615605,,132.8505834378565,358.68676490437974,130.91642005025258,370.4066648193256
2017-09-07,,1.125,1.16,2.061000108718872,12.119999885559082,4.192500114440918,91.33000183105469,53.779998779296875,1782.97998046875,,3.0,129.15512485322444,,132.8505834378565,363.1869761387092,130.3352534367638,365.83494748806777
2017-09-08,,1.125,1.16,,,,,,1779.9000244140625,,,128.76142615639094,,132.8505834378565,359.66949379459356,130.11962988162267,366.2158343445355
2017-09-09,,1.125,1.16,,,,,,,,,,,,,,
2017-09-10,,1.125,1.16,2.125,10.729999542236328,4.195000171661377,91.86000061035156,53.84000015258789,,,,,,,,,
2017-09-11,,1.125,1.16,2.1710000038146973,10.579999923706055,4.204500198364258,91.91000366210938,54.27000045776367,1782.739990234375,,,128.91431933797614,,133.05286301446017,366.1262786826604,130.0093913853954,359.82207914782254
2017-09-12,,1.125,1.16,2.194999933242798,10.5,4.19350004196167,92.5199966430664,55.15999984741211,1789.8599853515625,,,129.50382031247273,,133.1097029338116,362.8153889062665,131.4615056458424,359.82207914782254
2017-09-13,,1.125,1.16,2.197000026702881,10.4399995803833,4.203999996185303,92.12000274658203,55.470001220703125,1786.0699462890625,,,128.91222692622435,,133.1097029338116,362.73946702491156,131.27443660371688,357.67640991052264
2017-09-14,,1.125,1.16,2.2019999027252197,10.170000076293945,4.1875,91.87000274658203,55.619998931884766,1781.3699951171875,,,129.06477164125837,,133.36918463964057,361.65485508681417,130.98462566680348,361.0192437888104
2017-09-15,,1.125,1.16,,,,,,1786.3299560546875,,,129.02046325315965,,133.62617398287097,361.1478632614976,130.38090390935795,361.7382712706809
2017-09-16,,1.125,1.16,,,,,,,,,,,,,,
2017-09-17,,1.125,1.16,2.2290000915527344,10.149999618530273,4.186999797821045,92.05000305175781,55.47999954223633,,,,,,,,,
2017-09-18,,1.125,1.16,2.243000030517578,10.180000305175781,4.190000057220459,91.79000091552734,55.13999938964844,1783.6600341796875,,,129.1653207232301,,133.05716019000118,361.6416287876172,130.00988551267858,358.6329487291579
2017-09-19,,1.125,1.16,2.2769999504089355,9.779999732971191,4.186999797821045,92.51000213623047,56.290000915527344,1776.6600341796875,,,127.77085639769456,,132.8561469426972,357.2638377445432,129.93859178230878,358.47607960486226
2017-09-20,,1.125,1.16,2.2780001163482666,9.670000076293945,4.196000099182129,92.26000213623047,56.43000030517578,1773.5799560546875,,,126.95559904871139,,133.11513437095178,355.70928308755924,129.6686624962737,360.7631348280829
2017-09-21,,1.125,1.16,2.26200008392334,9.59000015258789,4.195000171661377,92.16999816894531,56.86000061035156,1771.0400390625,,,127.18277787177601,,132.80034089364187,362.96860320638297,128.89186317108167,362.71322816179253
2017-09-22,,1.125,1.16,,,,,,,,,127.18277787177601,,132.80034089364187,362.96860320638297,128.89186317108167,362.71322816179253
2017-09-23,,1.125,1.16,,,,,,,,,,,,,,
2017-09-24,,1.125,1.16,2.2200000286102295,10.210000038146973,4.199999809265137,92.6500015258789,59.02000045776367,,,,,,,,,
2017-09-25,,1.125,1.16,2.2290000915527344,10.170000076293945,4.203999996185303,92.97000122070312,58.439998626708984,1769.1400146484375,,,126.65564640888746,,133.71384379768625,361.81184552969574,130.2584725718939,358.9310545031601
2017-09-26,,1.125,1.16,2.309000015258789,9.869999885559082,4.218999862670898,93.36000061035156,57.900001525878906,1765.5899658203125,,,126.86073290181228,,132.59813911105343,360.27544926908047,129.63863032209625,361.44099185601334
2017-09-27,,1.125,1.16,2.309000015258789,9.550000190734863,4.224999904632568,93.08999633789062,57.40999984741211,1764.239990234375,,,126.72136387194624,,133.05550435021996,366.55434982120096,129.57993531143836,360.79841730263587
2017-09-28,,1.125,1.16,2.3259999752044678,9.510000228881836,4.21999979019165,93.08000183105469,57.540000915527344,1758.06005859375,,,126.43418369440525,,132.80658220849114,359.64617703246927,129.07105898533675,362.1105027085336
2017-09-29,,1.125,1.06,,,,,,1755.5799560546875,,,126.17297952618594,,134.97720403146846,364.5699085972659,128.73772396962568,365.862793254445
2017-09-30,648.161663544148,1.125,1.06,,,,,,,,,,,,,,
2017-10-01,,1.125,1.06,2.3369998931884766,9.449999809265137,4.230999946594238,93.55999755859375,56.119998931884766,,,,,,,,,
2017-10-02,,1.125,1.16,2.3340001106262207,9.510000228881836,4.234000205993652,93.56999969482422,56.0,1754.780029296875,,,126.81636077397533,,132.94097139182563,366.6905532012911,128.62014821189513,365.0845491604474
2017-10-03,,1.125,1.16,2.3299999237060547,9.630000114440918,4.225500106811523,93.45999908447266,55.79999923706055,1759.6700439453125,,,127.03504857635633,,133.13816011258325,369.04519184329524,129.0633669179263,367.2050898919886
2017-10-04,,1.125,1.16,2.3499999046325684,9.1899995803833,4.2270002365112305,93.95999908447266,57.0,1761.8399658203125,,,127.28253894340746,,133.49503733274315,366.1678531265434,129.5621063063852,369.33181721007657
2017-10-05,,1.125,1.16,2.369999885559082,9.649999618530273,4.235000133514404,93.80000305175781,55.619998931884766,1759.0899658203125,,,127.13069737736097,,132.80933332925878,373.6888323474709,129.28972027353427,372.2785889996555
2017-10-06,,1.125,1.16,,,,,,1764.0,,,127.19690881048497,,133.21427623988328,375.03201993403417,129.67951523885702,371.13465597519723
2017-10-07,,1.125,1.16,,,,,,,,,,,,,,
2017-10-08,,1.125,1.16,2.3610000610351562,10.329999923706055,4.228499889373779,93.73999786376953,55.790000915527344,,,,,,,,,
2017-10-09,,1.125,1.16,2.3450000286102295,10.079999923706055,4.2170000076293945,93.29000091552734,56.61000061035156,1764.030029296875,,,127.30750372751318,,133.16346542569508,378.3393998627892,129.37229397806166,372.1087801676196
2017-10-10,,1.125,1.16,2.3450000286102295,9.850000381469727,4.2129998207092285,92.95999908447266,56.939998626708984,1761.1300048828125,,,127.19560738382016,,133.22030017018213,374.8035209824787,130.58820401039821,372.1087801676196
2017-10-11,,1.125,1.16,2.322999954223633,9.90999984741211,4.2195000648498535,93.12000274658203,56.25,1757.2099609375,,,127.30756411220196,,133.10376139770548,381.5102161607847,130.31804738648077,372.59451923393004
2017-10-12,,1.125,1.16,2.2799999713897705,9.609999656677246,4.21999979019165,93.08999633789062,57.16999816894531,1754.0,,,127.21868372479194,,132.44653103772902,382.2421542074221,130.294666447645,381.3418906398638
2017-10-13,,1.125,1.16,,,,,,1755.3199462890625,,,127.20819254409518,,132.33362228607547,389.3717330614508,130.3539073294958,386.90113208026895
2017-10-14,,1.125,1.16,,,,,,,,,,,,,,
2017-10-15,,1.125,1.16,2.306999921798706,9.90999984741211,4.214099884033203,93.27999877929688,57.81999969482422,,,,,,,,,
2017-10-16,,1.125,1.16,2.2980000972747803,10.3100004196167,4.2204999923706055,93.48999786376953,57.880001068115234,1754.3699951171875,,,126.36576021741797,,132.07261038770642,398.0293171585151,132.1718709317548,400.6246711257935
2017-10-17,,1.125,1.16,2.3389999866485596,10.069999694824219,4.2204999923706055,93.36000061035156,58.150001525878906,1748.989990234375,,,125.58013321502963,,131.03051547020817,398.264343270768,130.35861185145296,400.2767537881297
2017-10-18,,1.125,1.16,2.321000099182129,10.050000190734863,4.2204999923706055,93.2699966430664,57.22999954223633,,,,125.58013321502963,,131.03051547020817,398.264343270768,130.35861185145296,400.2767537881297
2017-10-19,,1.125,1.16,2.38100004196167,9.970000267028809,4.222499847412109,93.69999694824219,57.75,1743.989990234375,,,125.51417686153037,,131.94261739383091,400.776382662952,130.23895558154658,405.023262697584
2017-10-20,,1.125,1.16,,,,,,1740.6500244140625,,,125.27255674621618,,131.35161208097406,398.15914833811496,129.9616233465387,411.03540778130775
2017-10-21,,1.125,1.16,,,,,,,,,,,,,,
2017-10-22,,1.125,1.16,2.375999927520752,11.069999694824219,4.236000061035156,93.94000244140625,57.369998931884766,,,,,,,,,
2017-10-23,,1.125,1.16,2.4059998989105225,11.15999984741211,4.230999946594238,93.95999908447266,58.33000183105469,1741.469970703125,,,124.98033952117507,,131.5758536799958,403.7235046812708,130.14880893933756,414.35594321475753
2017-10-24,,1.125,1.16,2.444000005722046,11.229999542236328,4.231500148773193,93.70999908447266,58.439998626708984,1736.1400146484375,,,124.51282658021026,,132.20055481318107,408.57933497944384,130.1927573051618,408.97835627080735
2017-10-25,,1.125,1.16,2.4519999027252197,11.300000190734863,4.23330020904541,94.61000061035156,59.29999923706055,1739.050048828125,,,124.44064394408474,,132.09930694433416,409.04345219587526,129.74346169758772,409.89602516947724
2017-10-26,,1.125,1.16,2.427999973297119,9.800000190734863,4.239999771118164,94.91999816894531,60.439998626708984,1736.800048828125,,,124.14117753907693,,132.61897078469588,401.9698395453326,129.64478943427372,412.85027121557044
2017-10-27,,1.125,1.16,,,,,,1746.1300048828125,,,124.23319355795581,,132.17931845673482,403.470269568348,129.39683251368527,421.426873262028
2017-10-28,,1.125,1.16,,,,,,,,,,,,,,
2017-10-29,,1.125,1.16,2.369999885559082,10.5,4.230000019073486,94.48999786376953,60.900001525878906,,,,,,,,,
2017-10-30,,1.125,1.16,2.375999927520752,10.180000305175781,4.229100227355957,94.55000305175781,61.369998931884766,1748.3499755859375,,,124.52317133257593,,131.58803451792352,407.60279193774903,130.1339938265195,422.40923812143285
2017-10-31,635.563806500635,1.125,1.07,2.375999927520752,10.199999809265137,4.229000091552734,94.81999969482422,61.290000915527344,1747.9200439453125,,,124.75928443443856,,132.42683569567635,407.25666839598904,128.98631732492265,426.652192241602
2017-11-01,,1.125,1.16,2.3469998836517334,9.930000305175781,4.23199987411499,94.69000244140625,60.619998931884766,1743.9300537109375,,,124.4938344291996,,131.96615944211794,409.7422863820162,129.3328717743439,440.61717078922777
2017-11-02,,1.125,1.16,2.3429999351501465,9.140000343322754,4.233500003814697,94.94000244140625,62.06999969482422,1741.050048828125,,,124.85453992591327,,131.05403961129056,409.7299042792795,128.1949226559562,447.61849350046504
2017-11-03,,1.125,1.16,,,,,,1740.9300537109375,,,125.18807535779727,,131.26439813222143,408.45422893636976,126.77814148204607,456.000788410602
2017-11-04,,1.125,1.16,,,,,,,,,,,,,,
2017-11-05,,1.125,1.16,2.319999933242798,9.399999618530273,4.2270002365112305,94.72000122070312,64.2699966430664,,,,,,,,,
2017-11-06,,1.125,1.16,2.306999921798706,9.890000343322754,4.226500034332275,94.91000366210938,63.689998626708984,1742.2900390625,,,125.27403126311472,,130.99921871023642,408.9304234727632,124.25887930184136,470.87244208700463
2017-11-07,,1.125,1.16,2.325000047683716,9.779999732971191,4.225299835205078,94.87000274658203,63.4900016784668,1750.93994140625,,,125.54301288089549,,130.4790894510792,411.53802586245484,125.12197021436123,461.81725339210607
2017-11-08,,1.125,1.16,2.3310000896453857,10.5,4.204999923706055,94.44000244140625,63.93000030517578,1744.199951171875,,,124.58103538951755,,130.3797733443155,418.2814316744886,123.2102092860384,457.8956132803523
2017-11-09,,1.125,1.16,2.4000000953674316,11.289999961853027,4.190499782562256,94.38999938964844,63.52000045776367,1746.81005859375,,3.0,124.82800006898502,,130.55099812382366,419.20839093945955,123.79935204905084,461.80562407783253
2017-11-10,,1.125,1.16,,,,,,1742.280029296875,,,124.71786276201627,,130.5603698054681,429.12673116903,124.56348819817522,466.59465194797735
2017-11-11,,1.125,1.16,,,,,,,,,,,,,,
2017-11-12,,1.125,1.16,2.4000000953674316,11.5,4.189000129699707,94.48999786376953,63.15999984741211,,,,,,,,,
2017-11-13,,1.125,1.16,2.38100004196167,11.59000015258789,4.188799858093262,93.83000183105469,62.209999084472656,1737.489990234375,,,124.29092520356231,,130.56614092411684,430.4001956842094,127.81634894100655,468.62632743778335
2017-11-14,,1.125,1.16,2.3350000381469727,13.130000114440918,4.175000190734863,93.80999755859375,61.869998931884766,1733.6099853515625,,,124.83471782494782,,130.76922958686455,423.9773867540104,126.44257548985651,462.6716867904534
2017-11-15,,1.125,1.16,2.3610000610351562,11.760000228881836,4.169099807739258,93.93000030517578,61.36000061035156,1722.989990234375,,,123.55925043382227,,129.56112356897523,421.00835052369297,124.20281378455849,461.3168750209149
2017-11-16,,1.125,1.16,2.3540000915527344,11.430000305175781,4.1529998779296875,93.66000366210938,62.720001220703125,1718.1099853515625,,,123.05042042426533,,129.38873167564014,412.43686716547614,125.72640649841769,450.5574419590267
2017-11-17,,1.125,1.16,,,,,,1721.6600341796875,,,123.52885501695552,,129.9488658592014,414.2563557564814,124.45937371999918,446.8059341593193
2017-11-18,,1.125,1.16,,,,,,,,,,,,,,
2017-11-19,,1.125,1.16,2.371999979019165,10.649999618530273,4.138000011444092,94.08000183105469,62.220001220703125,,,,,,,,,
2017-11-20,,1.125,1.16,2.36299991607666,9.729999542236328,4.136300086975098,93.94999694824219,62.56999969482422,1718.3599853515625,,,123.22569757611055,,130.20024477806427,402.5425043036936,124.20433212477198,451.222993050673
2017-11-21,,1.125,1.16,2.322000026702881,9.880000114440918,4.109000205993652,93.22000122070312,63.31999969482422,1720.6800537109375,,,123.01962900591816,,130.5254565721744,391.6147429496009,125.14838595917783,446.1213359597238
2017-11-22,,1.125,1.16,,,4.1057000160217285,,,1723.5400390625,,,123.100357503948,,130.5254565721744,409.94193364519685,125.53268174642736,451.2689110863131
2017-11-23,,1.125,1.16,2.3399999141693115,9.670000076293945,4.111199855804443,92.76000213623047,63.86000061035156,1721.27001953125,,,123.22663168793233,,130.16653983808507,415.0945229804601,125.19916151904187,454.865401999552
2017-11-24,,1.125,1.16,,,,,,1717.22998046875,,,122.95903944603882,,130.3879161463956,415.0769163688965,126.21768702141358,455.13842236153863
2017-11-25,,1.125,1.16,,,,,,,,,,,,,,
2017-11-26,,1.125,1.16,2.328000068664551,9.869999885559082,4.1066999435424805,92.9000015258789,63.84000015258789,,,,,,,,,
2017-11-27,,1.125,1.16,2.3380000591278076,10.029999732971191,4.098999977111816,93.26000213623047,63.61000061035156,1719.8599853515625,,,123.07412523934404,,130.00762507055907,414.66196447134547,125.19197633600166,459.9439147247537
2017-11-28,,1.125,1.16,2.375999927520752,10.699999809265137,4.0883002281188965,93.26000213623047,63.11000061035156,1714.4200439453125,,,122.75884350472359,,129.30861780805952,422.43547339786767,125.7563820483067,467.145481443617
2017-11-29,,1.125,1.16,2.4170000553131104,11.279999732971191,4.086999893188477,93.01000213623047,63.56999969482422,1720.3800048828125,,,122.7874924818193,,129.67776972291765,425.50355906188065,125.8761451930277,471.85104068184603
2017-11-30,592.797796439949,1.125,1.07,2.361999988555908,11.430000305175781,4.087500095367432,92.9000015258789,63.4900016784668,1717.8599853515625,,,123.04060715015694,100.0,131.0029558846228,428.74158307109803,125.31822640813203,475.20962736445415
2017-12-01,,1.125,1.16,,,,,,1717.8599853515625,,,123.04060715015694,100.0,131.0029558846228,428.74158307109803,125.31822640813203,475.20962736445415
2017-12-02,,1.125,1.16,,,,,,,,,,,,,,
2017-12-03,,1.125,1.16,2.378999948501587,11.680000305175781,4.059800148010254,93.19000244140625,62.45000076293945,,,,,,,,,
2017-12-04,,1.125,1.16,2.3559999465942383,11.329999923706055,4.060800075531006,93.37999725341797,62.86000061035156,1713.1300048828125,,,122.56879983603196,98.93545675526812,130.02043087731084,421.15097299452975,125.99060177194019,473.94294643925605
2017-12-05,,1.125,1.16,2.3299999237060547,11.020000457763672,4.072999954223633,93.61000061035156,61.220001220703125,1724.8399658203125,,,123.28034207641193,98.63243751710522,129.70704218018184,414.6012964449328,126.8006136325716,466.43256165331053
2017-12-06,,1.125,1.16,2.375999927520752,10.15999984741211,4.085999965667725,93.80000305175781,62.20000076293945,1718.3299560546875,,,122.7957180423271,99.14386621513025,129.13390709970923,410.0002645687609,126.45772740695158,460.2265751742135
2017-12-07,,1.125,1.16,2.382999897003174,9.579999923706055,4.07859992980957,93.9000015258789,63.400001525878906,1719.050048828125,,,122.71723913342427,101.43527840519377,129.55045315717487,420.5067413805236,126.41547382875109,458.5421500685558
2017-12-08,,1.125,1.16,,,,,,1721.25,,,122.77166956193007,102.23965344746706,128.94624851455714,423.23768402114183,126.26762515413338,457.6413600515486
2017-12-09,,1.125,1.16,,,,,,,,,,,,,,
2017-12-10,,1.125,1.16,2.384999990463257,9.34000015258789,4.07450008392334,93.87000274658203,64.69000244140625,,,,,,,,,
2017-12-11,,1.125,1.16,2.4030001163482666,9.920000076293945,4.077000141143799,94.0999984741211,63.34000015258789,1719.469970703125,,,122.61472618481068,102.55620321606654,129.682283535441,429.4751457486386,126.31612750446509,463.4556480051167
2017-12-12,,1.125,1.17,2.3489999771118164,10.180000305175781,4.085100173950195,93.43000030517578,62.439998626708984,1729.5699462890625,,,124.56211254936981,102.584248498893,129.4608948289445,442.0219502554171,126.49417921642826,458.89418686407237
2017-12-13,,1.125,1.17,2.3459999561309814,10.489999771118164,4.081999778747559,93.48999786376953,63.310001373291016,1737.6600341796875,,,124.89098712117044,102.56380422390261,129.4608948289445,459.27307595264386,126.53910335272467,458.93125696589306
2017-12-14,,1.375,1.41,2.3550000190734863,9.420000076293945,4.078000068664551,93.93000030517578,63.22999954223633,1759.0,,,128.15070215502945,101.99740793402093,129.79129516522516,463.90178398513785,127.22612533787627,464.79725082169045
2017-12-15,,1.375,1.41,,,,,,1753.0699462890625,,,127.89127818610899,101.38422292492075,132.18646160003655,464.424675105517,126.72383871269284,472.48212054677293
2017-12-16,,1.375,1.41,,,,,,,,,,,,,,
2017-12-17,,1.375,1.41,2.3919999599456787,9.529999732971191,4.079999923706055,93.69999694824219,63.40999984741211,,,,,,,,,
2017-12-18,,1.375,1.42,2.4630000591278076,10.029999732971191,4.078499794006348,93.47000122070312,63.79999923706055,1751.6400146484375,,,127.45418387523108,101.78898145905923,129.99377497697918,487.6025718989001,127.45264940682269,475.062459563629
2017-12-19,,1.375,1.42,2.496999979019165,9.720000267028809,4.071499824523926,93.3499984741211,64.55999755859375,1736.949951171875,,,126.72881259973276,101.30576872724484,130.44807596333268,480.2867060721802,127.50779766826146,494.9641729296771
2017-12-20,,1.375,1.42,2.4809999465942383,9.619999885559082,4.075500011444092,93.27999877929688,64.9000015258789,1746.6300048828125,,,128.78118974902054,102.5599818756514,128.82717324685606,492.6125270611694,127.39920805179644,513.8231801204569
2017-12-21,,1.375,1.42,2.484999895095825,9.899999618530273,4.076000213623047,93.3499984741211,65.25,1751.2099609375,,,129.07168116629705,103.05913357532377,129.2710181994104,500.0801484857427,129.37516951886002,509.2350842675008
2017-12-22,,1.375,1.42,,,,,,1760.239990234375,,,128.71917731746066,103.92747106453216,133.4297935434604,496.5639158100329,129.69558355338995,507.5069495755296
2017-12-23,,1.375,1.42,,,,,,,,,,,,,,
2017-12-24,,1.375,1.42,,,4.081299781799316,,,,,,,,,,,
2017-12-25,,1.375,1.42,2.4670000076293945,10.25,4.082499980926514,93.26000213623047,67.0199966430664,,,,128.71917731746066,103.92747106453216,133.4297935434604,496.5639158100329,129.69558355338995,507.5069495755296
2017-12-26,,1.375,1.42,2.4140000343322754,10.470000267028809,4.078999996185303,93.02999877929688,66.44000244140625,1759.989990234375,,,128.60780669151202,104.21585619675686,131.02325771519907,492.81751403959635,129.4784542452874,505.39549545158246
2017-12-27,,1.375,1.42,2.431999921798706,10.180000305175781,4.062699794769287,92.5999984741211,66.72000122070312,1771.760009765625,,,129.10227041656208,104.45051045186821,131.42593628814802,500.94312675340024,131.10679766329338,516.0306722159261
2017-12-28,,1.375,1.42,2.4049999713897705,11.039999961853027,4.058899879455566,92.12000274658203,66.5999984741211,1779.0999755859375,,,129.661613224354,103.83758009400037,131.6836365867659,496.17496558280385,131.65154798632153,524.4114131606943
2017-12-29,,1.375,1.33,,,,,,1796.81005859375,,,130.66360623741602,107.90685678689114,146.1028003024638,483.96868932575876,131.26919984572086,529.0481301694422
2017-12-30,,1.375,1.33,,,,,,,,,,,,,,
2017-12-31,633.347501155855,1.375,1.33,,,4.058899879455566,,,,,,,,,,,
2018-01-01,,1.375,1.33,2.4649999141693115,9.770000457763672,4.017000198364258,91.8499984741211,66.56999969482422,,,,,,,,,
2018-01-02,,1.375,1.42,2.447000026702881,9.149999618530273,4.0177998542785645,92.16000366210938,67.83999633789062,1782.699951171875,,,129.7331108238422,104.44664329619148,131.7209605243316,492.66642310032245,132.40210910531917,524.4599118035686
2018-01-03,,1.375,1.42,2.453000068664551,9.220000267028809,4.001100063323975,91.8499984741211,68.06999969482422,1792.7900390625,,,130.46989369600806,104.546061858131,131.59550701339967,501.29460853940645,134.27594597043446,520.1813514321884
2018-01-04,,1.375,1.42,2.4760000705718994,9.220000267028809,3.994999885559082,91.94999694824219,67.62000274658203,1803.449951171875,,,130.6501076372137,105.45756825217252,132.10854536933618,523.7786467448881,136.17248386996977,548.3295384351545
2018-01-05,,1.375,1.42,,,,,,1817.969970703125,,,131.73144859523575,105.89420911683763,131.9724008621863,523.6246776504008,136.82443974831162,564.6561853080558
2018-01-06,,1.375,1.42,,,,,,,,,,,,,,
2018-01-07,,1.375,1.42,2.4800000190734863,9.520000457763672,3.994499921798706,92.33000183105469,67.77999877929688,,,,,,,,,
2018-01-08,,1.375,1.42,2.5460000038146973,10.079999923706055,4.006499767303467,92.52999877929688,68.81999969482422,1832.1500244140625,,,132.82647014487105,106.5416492401927,131.58498339558253,529.5989745180991,139.76047426735613,572.9039359821394
2018-01-09,,1.375,1.42,2.549999952316284,9.819999694824219,4.0,92.33000183105469,69.19999694824219,1826.949951171875,,,132.28212405523212,106.79276869975868,131.86082078133762,519.2762899142011,139.18097221031454,569.1500935314193
2018-01-10,,1.375,1.42,2.5309998989105225,9.880000114440918,3.9760000705718994,91.8499984741211,69.26000213623047,1822.9200439453125,,,132.30401621869274,106.53285909755003,131.0245464155863,518.5926190254885,138.82545873829875,572.1860712956567
2018-01-11,,1.375,1.42,2.552000045776367,10.15999984741211,3.9674999713897705,90.97000122070312,69.87000274658203,1816.8800048828125,,,132.41176860226219,106.19898811349786,131.9103089380535,500.79440244383056,137.26855948059503,562.649677183018
2018-01-12,,1.375,1.42,,,,,,1822.6700439453125,,,132.6951174638691,106.12026095915246,132.18342420762485,510.96934212242775,138.48864613789374,580.9987510294131
2018-01-13,,1.375,1.42,,,,,,,,,,,,,,
2018-01-14,,1.375,1.42,,,3.94350004196167,,,,,,,,,,,
2018-01-15,,1.375,1.42,2.5439999103546143,11.65999984741211,3.9590001106262207,90.38999938964844,69.1500015258789,1825.9100341796875,,,132.7603522211428,106.26852021252591,131.58330415887414,489.6264309240206,138.7429644397348,578.0937891667961
2018-01-16,,1.375,1.42,2.578000068664551,11.90999984741211,3.9570000171661377,90.54000091552734,69.37999725341797,1826.030029296875,,,132.7603522211428,105.90834441155579,133.00200149092012,490.03168877099154,137.14383136247946,575.7631902213451
2018-01-17,,1.375,1.42,2.6110000610351562,12.220000267028809,3.9512999057769775,90.5,69.30999755859375,1828.6300048828125,,,132.76478857054178,106.10908651880739,132.44949781010922,482.7347523241177,135.94946433565383,577.6423908415001
2018-01-18,,1.375,1.42,2.63700008392334,11.270000457763672,3.936000108718872,90.56999969482422,68.61000061035156,1821.5999755859375,,,132.87130828404509,106.36631511378864,131.80307402532728,486.1095615258544,134.30994496674018,579.2492295923137
2018-01-19,,1.375,1.42,,,,,,1828.8299560546875,,,133.1540383020147,105.99777206886183,130.5704514848572,488.1881692021379,136.09211656243843,575.8461271157574
2018-01-20,,1.375,1.42,,,,,,,,,,,,,,
2018-01-21,,1.375,1.42,2.6649999618530273,11.029999732971191,3.932499885559082,90.4000015258789,69.02999877929688,,,,,,,,,
2018-01-22,,1.375,1.42,2.624000072479248,11.100000381469727,3.924499988555908,90.12000274658203,69.95999908447266,1833.1500244140625,,,133.6713635558396,106.0454686880353,131.73162063724772,491.4815922837799,135.40237288169183,581.4846473705281
2018-01-23,,1.375,1.42,2.6540000438690186,11.470000267028809,3.9100000858306885,89.20999908447266,70.52999877929688,1838.0400390625,,,133.82633330211578,106.10973728135204,131.6399585180353,501.6133540693794,135.97282635936264,601.3023225763297
2018-01-24,,1.375,1.42,2.621000051498413,11.579999923706055,3.882999897003174,89.38999938964844,70.41999816894531,1837.0400390625,,,134.23980119313268,106.42384898510906,131.9125140373609,508.21659683797475,134.65541184871336,602.6833327024196
2018-01-25,,1.375,1.42,2.6619999408721924,11.079999923706055,3.871999979019165,89.06999969482422,70.5199966430664,1845.8599853515625,,3.25,135.60921848804523,106.3078862386585,132.15237377981617,499.5466984039166,134.94519674476763,596.2106792958438
2018-01-26,,1.375,1.42,,,,,,1853.9200439453125,,,136.4416388647872,106.47120331899454,131.62558951604677,497.6210123445318,135.98754619564778,599.3568904144926
2018-01-27,,1.375,1.42,,,,,,,,,,,,,,
2018-01-28,,1.375,1.42,2.6989998817443848,13.84000015258789,3.878999948501587,89.30999755859375,69.45999908447266,,,,,,,,,
2018-01-29,,1.375,1.42,2.7260000705718994,14.789999961853027,3.8984999656677246,89.19000244140625,69.0199966430664,1870.52001953125,,,138.90840466723046,106.1972817369521,132.17404773932938,496.68342440147694,136.49555629727064,607.749654242645
2018-01-30,,1.375,1.42,2.7200000286102295,13.539999961853027,3.8984999656677246,89.12999725341797,69.05000305175781,1868.5799560546875,,,139.2056175012301,106.369119385401,131.34767449928898,481.7520037131448,135.65030443199822,594.7358233410673
2018-01-31,642.943711013104,1.375,1.34,2.7730000019073486,13.470000267028809,3.8984999656677246,88.66999816894531,69.08000183105469,,,,,,,,,
2018-02-01,,1.375,1.42,2.8540000915527344,17.309999465942383,3.884999990463257,89.19999694824219,68.58000183105469,,,,,,,,,
2018-02-02,,1.375,1.42,,,,,,1870.47998046875,,,139.2478430452597,106.82326840061967,130.86861358470102,470.0901319549522,137.5231225596253,598.3309968034731
2018-02-03,,1.375,1.42,,,,,,,,,,,,,,
2018-02-04,,1.375,1.42,2.7939999103546143,37.31999969482422,3.8975000381469727,89.55000305175781,67.62000274658203,,,,,,,,,
2018-02-05,,1.375,1.42,2.7679998874664307,29.979999542236328,3.9124999046325684,89.58999633789062,66.86000061035156,1853.0699462890625,,,137.8136365984969,105.89036876614347,130.55843147200417,457.63480029820084,137.31709527452628,587.3612903177823
2018-02-06,,1.375,1.42,2.8440001010894775,27.729999542236328,3.9065001010894775,90.26000213623047,65.51000213623047,1812.449951171875,,,135.2515059899881,105.19730008782469,131.06546177139765,452.814820732419,132.87388010335607,561.5358348853595
2018-02-07,,1.375,1.42,2.8510000705718994,33.459999084472656,3.9235000610351562,90.2300033569336,64.80999755859375,1836.6800537109375,,,137.86562489240373,106.26716828386708,131.34914685246753,454.25058395758873,134.22018941952734,581.9570967151951
2018-02-08,,1.375,1.42,2.8289999961853027,29.059999465942383,3.9542999267578125,90.44000244140625,62.790000915527344,1839.43994140625,,,138.17056873249527,106.32340067477455,131.82726822328178,461.1197923044876,134.79919801597134,588.8998136660589
2018-02-09,,1.375,1.42,,,,,,1819.8199462890625,,,135.9624168092944,106.29530906128979,131.17708397345544,451.67800397712574,134.42328817542162,589.5993304185523
2018-02-10,,1.375,1.42,,,,,,,,,,,,,,
2018-02-11,,1.375,1.42,2.8570001125335693,25.610000610351562,3.936500072479248,90.20999908447266,62.59000015258789,,,,,,,,,
2018-02-12,,1.375,1.42,2.8399999141693115,24.969999313354492,3.936500072479248,89.69999694824219,62.720001220703125,1830.1700439453125,,,136.6986604891407,106.77435951312384,132.26806608155667,444.5087799294706,135.2089647777272,584.8668150044277
2018-02-13,,1.375,1.42,2.9130001068115234,19.260000228881836,3.9005000591278076,89.12000274658203,64.36000061035156,1833.02001953125,,,137.04598107323596,107.04676078402949,133.03101015592114,449.6344412585835,135.31046945864907,584.3784221547603
2018-02-14,,1.375,1.42,2.8910000324249268,19.1299991607666,3.8907999992370605,88.58999633789062,64.33000183105469,1834.9300537109375,,,137.5751505136069,105.88694500899966,132.26646626542134,456.48790604759137,135.1515960555517,593.4186850093528
2018-02-15,,1.375,1.42,2.877000093460083,19.459999084472656,3.8914999961853027,89.0999984741211,64.83999633789062,1838.280029296875,,,137.39783364979658,106.53119595898188,132.2398288582923,456.48790604759137,135.44316790798172,598.4605449297657
2018-02-16,,1.375,1.42,,,,,,,,,137.39783364979658,106.53119595898188,,456.48790604759137,135.44316790798172,
2018-02-17,,1.375,1.42,,,,,,,,,,,,,,
2018-02-18,,1.375,1.42,,,3.888000011444092,,,,,,,,,,,
2018-02-19,,1.375,1.42,2.8929998874664307,20.600000381469727,3.9019999504089355,89.72000122070312,65.25,1857.3199462890625,,,138.3954627431894,107.25844045845318,133.83741623747443,491.96636908834523,138.65147449012775,603.1857687607148
2018-02-20,,1.375,1.42,2.943000078201294,20.020000457763672,3.9005000591278076,90.08000183105469,65.41999816894531,1855.989990234375,,,138.80056179008741,107.5584649530287,133.9350567829429,489.1173850409441,136.63130220982782,604.7599975058257
2018-02-21,,1.375,1.42,2.9170000553131104,18.719999313354492,3.9149999618530273,89.75,66.38999938964844,1858.1700439453125,,,139.17375661963518,107.50474923925104,133.4191774109668,488.77794552611203,137.32806328329642,612.6097800298477
2018-02-22,,1.375,1.42,2.871000051498413,16.489999771118164,3.9159998893737793,89.87999725341797,67.30999755859375,1855.0699462890625,,,139.5582553004691,107.57334620826067,132.12085275670634,495.3349573490514,137.45687017206433,610.1296434377998
2018-02-23,,1.375,1.42,,,,,,1861.5,,,141.30910096925012,107.66661064389451,131.8081517968993,499.32807090617104,136.8144312654137,613.865126865977
2018-02-24,,1.375,1.42,,,,,,,,,,,,,,
2018-02-25,,1.375,1.42,2.8589999675750732,15.800000190734863,3.9000000953674316,89.81999969482422,67.5,,,,,,,,,
2018-02-26,,1.375,1.42,2.9079999923706055,18.59000015258789,3.921099901199341,90.36000061035156,66.62999725341797,1860.0799560546875,,,142.2239488235189,107.53658130289479,132.11960795040986,493.41879376429245,136.7111446693783,616.8741925854853
2018-02-27,,1.375,1.42,2.868000030517578,19.850000381469727,3.9149999618530273,90.61000061035156,65.77999877929688,1871.4599609375,,,143.29707971141045,107.7601995136922,132.05885001456622,495.18204462905703,137.90400744136912,621.029564087746
2018-02-28,624.308918836003,1.375,1.35,2.803999900817871,22.469999313354492,3.9189999103546143,90.31999969482422,65.70999908447266,1856.199951171875,,,142.64184790687057,105.16551567427021,131.41896080445693,495.12273381259195,137.0151460854042,610.113886270043
2018-03-01,,1.375,1.42,2.8570001125335693,19.59000015258789,3.927799940109253,89.94000244140625,64.37000274658203,1860.8599853515625,,,143.07997316264837,106.73658859498039,131.5315674914724,493.3211619802786,136.64044392433712,617.1279271380133
2018-03-02,,1.375,1.42,,,,,,1856.0699462890625,,,143.12986209345434,107.35705773893467,131.32834102302712,486.8876930087544,136.65878747005638,596.0428384718912
2018-03-03,,1.375,1.42,,,,,,,,,,,,,,
2018-03-04,,1.375,1.42,2.88100004196167,18.729999542236328,3.9035000801086426,90.08000183105469,65.54000091552734,,,,,,,,,
2018-03-05,,1.375,1.42,2.877000093460083,18.360000610351562,3.8917999267578125,89.62000274658203,65.79000091552734,1842.6199951171875,,,142.32194630415847,107.4603689209768,130.0351512453858,465.6908739763843,136.66219789769724,568.8014136572968
2018-03-06,,1.375,1.42,2.882999897003174,17.760000228881836,3.9019999504089355,89.63999938964844,64.33999633789062,1848.3699951171875,,,142.89334103545158,107.62028595891375,130.94558985615157,474.44135282675813,136.14770234276136,577.3428460494613
2018-03-07,,1.375,1.42,2.865999937057495,16.540000915527344,3.9054999351501465,90.12000274658203,63.61000061035156,1837.9000244140625,,3.25,142.34758356682892,106.93064498361503,129.37486227342495,457.6495336055076,134.53011360422886,554.1094399367927
2018-03-08,,1.375,1.42,2.8940000534057617,14.640000343322754,3.9100000858306885,90.08999633789062,65.48999786376953,1839.6199951171875,,,142.24841775112185,107.38745946800923,129.67512229911137,455.87568506194,134.45736064233625,553.7142407303523
2018-03-09,,1.375,1.42,,,,,,1843.9200439453125,,,142.2907640533406,107.45247988000554,130.3030593105138,458.54086150352185,134.92290770764288,556.4402830502969
2018-03-10,,1.375,1.42,,,,,,,,,,,,,,
2018-03-11,,1.375,1.42,2.869999885559082,15.779999732971191,3.9019999504089355,89.9000015258789,64.94999694824219,,,,,,,,,
2018-03-12,,1.375,1.42,2.8480000495910645,16.350000381469727,3.8984999656677246,89.66000366210938,64.63999938964844,1861.219970703125,,,143.08678895361342,108.24939856366875,130.87936761833635,469.9586245978878,138.0269138965301,566.7120710603234
2018-03-13,,1.375,1.42,2.816999912261963,17.229999542236328,3.9040000438690186,89.69999694824219,64.88999938964844,1864.030029296875,,,143.67122320874864,108.68617930349471,130.22022623221625,457.3571728931668,138.4248602082755,572.2994795645716
2018-03-14,,1.375,1.42,2.8259999752044678,16.59000015258789,3.9170000553131104,90.13999938964844,65.12000274658203,1857.06005859375,,,143.60517125878428,108.03947417746531,130.31582048544837,457.48753431048544,138.17911874433065,571.7143031471537
2018-03-15,,1.375,1.43,2.8480000495910645,15.800000190734863,3.9065001010894775,90.2300033569336,66.20999908447266,1845.27001953125,,,143.10612632004046,107.59303172393632,130.7249437038193,458.51505965608396,138.72077255825397,572.0158138960602
2018-03-16,,1.375,1.43,,,,,,1846.3900146484375,,,142.96341873314043,106.78458160296782,128.80338509717265,465.91496752065274,138.83292767357898,568.271411613333
2018-03-17,,1.375,1.43,,,,,,,,,,,,,,
2018-03-18,,1.375,1.43,2.8450000286102295,19.020000457763672,3.9140000343322754,89.9000015258789,66.05000305175781,,,,,,,,,
2018-03-19,,1.375,1.43,2.878999948501587,18.200000762939453,3.9149999618530273,90.37000274658203,67.41999816894531,1847.93994140625,,,143.43446460135226,107.20389130953927,127.13022428513318,472.50706927378917,138.47299087143708,565.9460682495683
2018-03-20,,1.375,1.44,2.9070000648498535,17.860000610351562,3.9200000762939453,89.77999877929688,69.47000122070312,1856.3900146484375,,,143.95916739912323,108.29753323286828,122.00136068793202,451.04914831383473,138.98071493319335,565.9590557530481
2018-03-21,,1.375,1.44,2.8320000171661377,23.34000015258789,3.91129994392395,89.86000061035156,68.91000366210938,1865.800048828125,,,144.67364589724073,108.39581684404781,120.9349659371833,444.49029186072454,139.92510991821462,567.6740659180664
2018-03-22,,1.625,1.68,2.8299999237060547,24.8700008392334,3.9149999618530273,89.44000244140625,70.44999694824219,1876.8699951171875,,,146.56040795402285,109.13617743095551,124.70479641160364,441.16111421385204,139.17603874876318,568.8419999822901
2018-03-23,,1.625,1.68,,,,,,1865.219970703125,,,145.75759552531434,109.62580057906126,122.36987998331898,429.6465664111869,138.51016365386408,561.5919263729306
2018-03-24,,1.625,1.68,,,,,,,,,,,,,,
2018-03-25,,1.625,1.68,2.8429999351501465,21.030000686645508,3.8898000717163086,89.02999877929688,70.12000274658203,,,,,,,,,
2018-03-26,,1.625,1.68,2.7860000133514404,22.5,3.874500036239624,89.37000274658203,70.11000061035156,1859.9100341796875,,,145.6207996608469,109.28483871784667,122.17261318280357,432.7262451017259,138.13426790153702,560.3204215772915
2018-03-27,,1.625,1.68,2.7750000953674316,22.8700008392334,3.8545000553131104,90.05999755859375,69.52999877929688,1862.449951171875,,,146.01223230522186,109.54054468115002,123.31605227162264,437.1174719621829,138.92045256005133,562.6203669443129
2018-03-28,,1.625,1.68,2.740999937057495,19.969999313354492,3.865000009536743,90.1500015258789,70.2699966430664,1857.8699951171875,,,146.22088305616833,109.08331503860616,123.1819843345737,428.97768450427066,138.9171354246567,559.4412262581264
2018-03-29,,1.625,1.68,,,3.859999895095825,,,1856.3499755859375,,,146.32712014113497,108.82852072645906,125.80513786208627,427.6962088428576,138.19173365619145,543.1140009310342
2018-03-30,,1.625,1.67,,,,,,1863.4599609375,,,146.90240949567857,109.03631836042125,125.99320066446266,422.1022674579849,139.20083804333552,526.8910960757465
2018-03-31,618.000861676943,1.625,1.67,,,,,,,,,,,,,,
2018-04-01,,1.625,1.67,2.7320001125335693,23.6200008392334,3.859499931335449,90.05000305175781,67.63999938964844,,,,,,,,,
2018-04-02,,1.625,1.68,2.7839999198913574,21.100000381469727,3.8717000484466553,90.19999694824219,68.12000274658203,1858.3499755859375,,,146.39691030882082,108.99787116891211,123.92429700094489,419.5093977395192,139.3978093345698,539.1685848714519
2018-04-03,,1.625,1.69,2.7880001068115234,20.059999465942383,3.8717000484466553,90.13999938964844,68.0199966430664,1850.780029296875,,,146.5194155165357,109.06357471348763,122.91056112948895,404.8188397247999,139.17360379874611,537.9320100709859
2018-04-04,,1.625,1.69,2.8320000171661377,18.940000534057617,3.873199939727783,90.45999908447266,68.33000183105469,1815.93994140625,,,143.52646692916042,107.91631283310672,121.16486567468914,369.08519090815116,138.4797309194175,515.1876273220578
2018-04-05,,1.625,1.69,2.7750000953674316,21.489999771118164,3.864000082015991,90.11000061035156,67.11000061035156,1836.1300048828125,,,145.0170089761547,108.18738620587085,122.35407171822203,396.7591963763514,138.47993167121837,525.4189682765451
2018-04-06,,1.625,1.69,,,,,,1837.010009765625,,,145.36179299067774,108.19566645304228,121.55435372525245,389.99635383543153,138.81880062159487,506.27096034278065
2018-04-07,,1.625,1.69,,,,,,,,,,,,,,
2018-04-08,,1.625,1.69,2.7860000133514404,21.770000457763672,3.865999937057495,89.83999633789062,68.6500015258789,,,,,,,,,
2018-04-09,,1.625,1.69,2.796999931335449,20.469999313354492,3.865999937057495,89.58999633789062,71.04000091552734,1849.7099609375,,,144.99480519904535,108.27829005469273,123.18726720199442,410.82592433867325,142.16596220048731,538.3223900423684
2018-04-10,,1.625,1.69,2.7899999618530273,20.239999771118164,3.861999988555908,89.56999969482422,72.05999755859375,1860.97998046875,,,145.2652593756947,110.49385848113542,124.30644489846208,433.5450621742053,141.85029912395268,559.6959716465051
2018-04-11,,1.625,1.69,2.8340001106262207,18.489999771118164,3.871999979019165,89.75,72.0199966430664,1869.8900146484375,,,146.92021938156705,109.34804820142996,126.4727137146634,452.06556791922725,141.92480962126578,571.335119528779
2018-04-12,,1.625,1.69,2.8289999961853027,17.40999984741211,3.873800039291382,89.80000305175781,72.58000183105469,1873.6199951171875,,,146.80653111475493,109.95780321722832,127.82603617761474,441.3541808140535,142.28369292287834,566.0622729960877
2018-04-13,,1.625,1.69,,,,,,1868.469970703125,,,146.7523674671657,109.51894756781672,126.52537660545124,455.8189185644725,141.5916062278502,569.5425767774127
2018-04-14,,1.625,1.69,,,,,,,,,,,,,,
2018-04-15,,1.625,1.69,2.8320000171661377,16.559999465942383,3.875999927520752,89.43000030517578,71.41999816894531,,,,,,,,,
2018-04-16,,1.625,1.69,2.813999891281128,15.25,3.882999897003174,89.5199966430664,71.58000183105469,1878.760009765625,,,147.35677113473236,109.87404062730623,127.83758766582626,450.2741302811117,142.9315572446724,574.3386866992159
2018-04-17,,1.625,1.69,2.867000102996826,15.600000381469727,3.888000011444092,89.62000274658203,73.4800033569336,1880.489990234375,,,147.73391642660275,109.40409138088299,125.87631534421897,440.6224248679029,145.97796900351088,583.8515621126414
2018-04-18,,1.625,1.69,2.9140000343322754,15.960000038146973,3.882999897003174,89.94000244140625,73.77999877929688,1879.3199462890625,,,147.68225183997015,109.72925112268959,125.33819505154207,438.2330522273667,145.7277418922115,583.3183422084634
2018-04-19,,1.625,1.69,2.9509999752044678,16.8799991607666,3.887500047683716,90.31999969482422,74.05999755859375,1895.1800537109375,,,148.61348859460614,109.78661842153954,127.38192820601677,435.6801027603958,147.57670537225275,598.9740687990911
2018-04-20,,1.625,1.7,,,,,,1887.75,,,148.64951191535022,109.1301260333179,126.27075472106877,420.2287849970511,147.45208391520694,586.2300771065283
2018-04-21,,1.625,1.7,,,,,,,,,,,,,,
2018-04-22,,1.625,1.7,2.9730000495910645,16.34000015258789,3.8919999599456787,90.94000244140625,74.70999908447266,,,,,,,,,
2018-04-23,,1.625,1.7,2.9830000400543213,18.020000457763672,3.8965001106262207,90.7699966430664,73.86000061035156,1880.3599853515625,,,147.98478124741808,109.48814657102272,125.4117699106308,401.2716377532108,146.15393037578613,585.6564522048025
2018-04-24,,1.625,1.7,3.0239999294281006,17.84000015258789,3.9030001163482666,91.16999816894531,74.0,1865.3399658203125,,,147.44250271204578,109.26299341468201,127.0481582222511,414.9168033620379,144.74566970121094,551.7517101509832
2018-04-25,,1.625,1.7,2.990000009536743,16.239999771118164,3.9094998836517334,91.55999755859375,74.73999786376953,1851.9300537109375,,,146.38682751299956,108.7428694643062,124.92386972751781,407.70673133474133,144.12363723176185,536.0267996617494
2018-04-26,,1.625,1.7,2.9570000171661377,15.40999984741211,3.9159998893737793,91.54000091552734,74.63999938964844,1852.27001953125,,,146.80658433854163,109.3193635944434,126.83660608284406,407.5826803248275,144.32767933206375,546.526553475751
2018-04-27,,1.625,1.7,,,,,,1863.469970703125,,,147.26540467232863,109.5007199698527,128.97138904978362,410.64322032480686,144.61745783997603,550.8779560724895
2018-04-28,,1.625,1.7,,,,,,,,,,,,,,
2018-04-29,,1.625,1.7,2.936000108718872,15.930000305175781,3.9165000915527344,91.83999633789062,75.16999816894531,,,,,,,,,
2018-04-30,606.02164191076,1.625,1.69,2.9760000705718994,15.489999771118164,3.9195001125335693,92.44999694824219,75.16999816894531,1870.3699951171875,,,147.4341264735193,109.50916691284152,130.98476505013255,404.23941498623304,144.1461493063155,556.1194049886099
2018-05-01,,1.625,1.7,2.9639999866485596,15.970000267028809,3.9189999103546143,92.51000213623047,73.36000061035156,,,,,,,,,
2018-05-02,,1.625,1.7,2.946000099182129,15.899999618530273,3.93149995803833,92.41000366210938,73.62000274658203,1852.030029296875,,,146.20791381670176,108.89893196312568,131.25560305127638,409.08464862339713,144.48065860710545,554.3924037937511
2018-05-03,,1.625,1.7,2.944000005722046,14.770000457763672,3.941999912261963,92.56999969482422,74.87000274658203,1851.800048828125,,,145.9920620759037,108.93673142272154,130.68335725175396,415.23456328989676,143.87169340597475,559.3255564860015
2018-05-04,,1.625,1.7,,,,,,1841.8299560546875,,,143.7446725802114,108.63359665897023,130.8501062553601,406.16110763425263,143.65395245363914,563.4425221339494
2018-05-05,,1.625,1.7,,,,,,,,,,,,,,
2018-05-06,,1.625,1.7,2.950000047683716,14.75,3.937999963760376,92.75,76.16999816894531,,,,,,,,,
2018-05-07,,1.625,1.7,2.9690001010894775,14.710000038146973,3.941499948501587,93.12000274658203,74.8499984741211,1828.199951171875,,,142.4746394901319,107.85494109205185,130.5604728463075,406.8126500544973,142.39727460851043,561.1885963083859
2018-05-08,,1.625,1.7,3.003999948501587,13.420000076293945,3.9885001182556152,93.04000091552734,77.20999908447266,1846.510009765625,,,145.19391098495157,107.5982863008394,129.86936007096068,417.1752157898693,142.77079521412514,564.1142798723856
2018-05-09,,1.625,1.7,2.9709999561309814,13.229999542236328,4.043499946594238,92.6500015258789,77.47000122070312,,,,,,,,,
2018-05-10,,1.625,1.7,2.9709999561309814,12.649999618530273,3.947999954223633,92.54000091552734,77.12000274658203,,,3.25,,,,,,
2018-05-11,,1.625,1.7,,,,,,,,,,,,,,
2018-05-12,,1.625,1.7,,,,,,,,,,,,,,
2018-05-13,,1.625,1.7,2.994999885559082,12.930000305175781,3.946899890899658,92.58999633789062,78.2300033569336,,,,,,,,,
2018-05-14,,1.625,1.7,3.0799999237060547,14.630000114440918,3.947999954223633,93.22000122070312,78.43000030517578,1850.4200439453125,,,145.05584169017268,107.6642181196017,132.16507732154454,440.3827298900342,143.79990877370298,587.9656488648776
2018-05-15,,1.625,1.7,3.0950000286102295,13.420000076293945,3.9535000324249268,93.38999938964844,79.27999877929688,1848.199951171875,,,144.97249603008214,108.84379212782973,133.2996528497165,450.64863942102926,143.10380547622023,580.9946874001101
2018-05-16,,1.625,1.7,3.1089999675750732,13.430000305175781,3.9649999141693115,93.47000122070312,79.30000305175781,1858.260009765625,,,146.96362428343693,108.89904780893531,134.50120785147416,449.0680199774676,143.06972110323483,578.1369423737831
2018-05-17,,1.625,1.7,3.066999912261963,13.420000076293945,3.9695000648498535,93.63999938964844,78.51000213623047,1854.43994140625,,,146.177211911849,107.56402543996708,136.53785743037633,453.50012137872045,144.40072454279843,579.8713514972119
2018-05-18,,1.625,1.7,,,,,,1854.5,,,146.18573655753386,107.63450022526891,136.88941418542186,458.9178111110475,144.47192993005135,572.767351918838
2018-05-19,,1.625,1.7,,,,,,,,,,,,,,
2018-05-20,,1.625,1.7,3.065000057220459,13.079999923706055,3.9700000286102295,93.68000030517578,79.22000122070312,,,,,,,,,
2018-05-21,,1.625,1.7,3.065000057220459,13.220000267028809,3.9774999618530273,93.61000061035156,79.56999969482422,1853.5799560546875,,,146.26196239063037,108.8091706963343,136.78960997249555,457.6790504675598,144.59601513914723,569.7883813062386
2018-05-22,,1.625,1.7,3.003000020980835,12.579999923706055,3.9644999504089355,94.01000213623047,79.80000305175781,1845.030029296875,,,147.02133613192046,108.48054848244142,137.60129445013993,466.7372191290498,142.73224563962015,571.6107776873878
2018-05-23,,1.625,1.7,2.9809999465942383,12.529999732971191,3.9760000705718994,93.77999877929688,78.79000091552734,1804.25,,,142.75711493560962,107.85783184684026,137.3434791239555,466.5377977611736,140.5521293277595,563.7141800823799
2018-05-24,,1.625,1.7,2.930999994277954,13.220000267028809,3.9769999980926514,94.19000244140625,76.44000244140625,1775.6600341796875,,,138.18225019897713,107.99937515084162,136.94539751626644,469.42391845490084,140.68237898806387,558.9166499635769
2018-05-25,,1.625,1.7,,,,,,1797.4000244140625,,,139.77407852076684,108.11505970720965,136.9710777471267,473.54273511382587,140.78418093088624,564.911076972748
2018-05-26,,1.625,1.7,,,,,,,,,,,,,,
2018-05-27,,1.625,1.7,,,3.9784998893737793,,,,,,,,,,,
2018-05-28,,1.625,1.7,2.7679998874664307,17.020000457763672,3.9800000190734863,94.83000183105469,75.38999938964844,1775.8399658203125,,,138.0992215110556,107.80366360789269,138.523711040221,473.31433260097793,139.41056143228332,562.7841935669825
2018-05-29,,1.625,1.7,2.8420000076293945,14.9399995803833,3.9809999465942383,94.1500015258789,77.5,,,,,,,,,
2018-05-30,,1.625,1.7,2.822000026702881,15.430000305175781,3.984999895095825,93.98999786376953,77.58999633789062,1719.280029296875,,,138.0992215110556,107.80366360789269,138.523711040221,473.31433260097793,139.41056143228332,562.7841935669825
2018-05-31,582.897990498486,1.625,1.7,2.8949999809265137,13.460000038146973,3.9769999980926514,94.19000244140625,77.58999633789062,1740.6199951171875,,,133.20358401622116,107.00297627739089,138.55668175797467,471.18902678296894,136.40100647018042,548.5945975224595
2018-06-01,,1.625,1.7,,,,,,1756.3800048828125,,,136.92638238913156,105.91442485219171,137.76570112589727,474.14528916286696,138.8829048643928,568.8217242365317
2018-06-02,,1.625,1.7,,,,,,,,,,,,,,
2018-06-03,,1.625,1.7,2.937000036239624,12.739999771118164,3.9760000705718994,94.0199966430664,75.29000091552734,,,,,,,,,
2018-06-04,,1.625,1.7,2.9189999103546143,12.399999618530273,3.9700000286102295,93.88999938964844,75.37999725341797,1755.1700439453125,,,136.69164427214045,105.13008403756596,136.63382866897078,486.26790541044426,139.46925857510428,567.9692170708471
2018-06-05,,1.625,1.7,2.9749999046325684,11.640000343322754,3.9700000286102295,93.66000366210938,75.36000061035156,1755.1400146484375,,,136.4950785061328,106.9220219854249,137.97686447543418,490.50522520864365,140.6192864363235,579.222568808397
2018-06-06,,1.625,1.7,2.933000087738037,12.130000114440918,3.9700000286102295,93.4000015258789,77.31999969482422,1777.1300048828125,,,139.041318589386,106.77408876385034,138.0096523053607,486.59043420696025,141.92011147022103,574.8346218865742
2018-06-07,,1.625,1.7,2.937000036239624,12.180000305175781,3.9800000190734863,93.55000305175781,76.45999908447266,1785.81005859375,,,140.99398514523892,106.47118366011436,137.15391742636965,489.2114419125182,142.0142422955344,573.7305100608023
2018-06-08,,1.625,1.7,,,,,,1778.3199462890625,,,140.13339301129054,105.31743194963568,137.77442541135696,486.47871723922316,141.30768627997935,575.1087489166019
2018-06-09,,1.625,1.7,,,,,,,,,,,,,,
2018-06-10,,1.625,1.7,2.9570000171661377,12.350000381469727,3.9860000610351562,93.58000183105469,76.45999908447266,,,,,,,,,
2018-06-11,,1.625,1.7,2.9570000171661377,12.34000015258789,3.9816999435424805,93.80000305175781,75.87999725341797,1775.800048828125,,,138.63600606579297,106.59941335125637,138.77617085664355,483.55814512011267,141.27258509841408,600.3192646114219
2018-06-12,,1.625,1.7,2.9769999980926514,12.9399995803833,3.986999988555908,93.70999908447266,76.73999786376953,1764.1600341796875,,,137.20717889305175,106.21159006166378,138.8219726199088,492.64010350537626,140.91778563115906,581.6223324242167
2018-06-13,,1.625,1.7,2.946000099182129,12.119999885559082,3.983599901199341,94.7699966430664,75.94000244140625,1763.5699462890625,,,136.4200549060106,106.65492003086305,137.18408174845257,492.3465836973651,141.24247302057998,583.9729614508898
2018-06-14,,1.875,1.9,2.9240000247955322,11.979999542236328,3.9830000400543213,94.79000091552734,73.44000244140625,1761.780029296875,,,135.52181444622937,107.75334312620997,137.01756245503077,492.11884994402755,141.44385598412325,580.3071291975907
2018-06-15,,1.875,1.9,,,,,,,,,,,,,,
2018-06-16,,1.875,1.9,,,,,,,,,,,,,,
2018-06-17,,1.875,1.9,2.9260001182556152,12.3100004196167,3.9944000244140625,94.75,75.33999633789062,,,,,,,,,
2018-06-18,,1.875,1.9,2.8929998874664307,13.350000381469727,3.994800090789795,95.08999633789062,75.08000183105469,1743.4300537109375,,,134.68168734592612,105.9482755219008,136.63922036978968,488.41755909891856,139.79545682506048,580.4808041781916
2018-06-19,,1.875,1.91,2.927999973297119,12.789999961853027,3.9997000694274902,95.05999755859375,74.73999786376953,1715.3599853515625,,,131.91090458685656,106.13797975032335,136.03993140353649,484.1005853436071,138.83575968861507,563.7312099064808
2018-06-20,,1.875,1.92,2.8970000743865967,14.640000343322754,4.002500057220459,94.87000274658203,73.05000305175781,1709.75,,,130.7046846632673,104.34817765192798,135.76839546145305,479.35125418067184,139.21647190289985,568.8321548347323
2018-06-21,,1.875,1.92,2.9000000953674316,13.770000457763672,4.012499809265137,94.5199966430664,75.55000305175781,1692.3199462890625,,,129.77172457554963,104.3690281112392,136.07009786163076,473.6104783886923,137.94434027745262,568.8321548347323
2018-06-22,,1.875,1.92,,,,,,1694.1500244140625,,,130.2913886304899,103.5580805888726,135.7968803175587,479.80998328409754,138.56941046267727,576.5611510481131
2018-06-23,,1.875,1.92,,,,,,,,,,,,,,
2018-06-24,,1.875,1.92,2.875,17.329999923706055,3.994999885559082,94.27999877929688,74.7300033569336,,,,,,,,,
2018-06-25,,1.875,1.92,2.880000114440918,15.920000076293945,4.0131001472473145,94.68000030517578,76.30999755859375,1678.0999755859375,,,126.32774635778765,104.43700170190462,135.73692514708227,477.23581271255614,138.4323098347369,566.6616229575803
2018-06-26,,1.875,1.92,2.8269999027252197,17.90999984741211,4.019999980926514,95.29000091552734,77.62000274658203,1675.8599853515625,,,126.21238191430912,104.13368569672747,133.87576559506473,473.45846877631004,138.73686223479925,572.9222557623575
2018-06-27,,1.875,1.91,2.8469998836517334,16.850000381469727,4.027500152587891,95.38999938964844,77.8499984741211,1666.0799560546875,,,125.16201334297259,103.52805837002799,134.90988815195016,470.02215066509683,139.37343176843328,571.7231726805734
2018-06-28,,1.875,1.91,2.8489999771118164,16.09000015258789,4.040500164031982,94.62999725341797,79.44000244140625,1665.6800537109375,,,126.52306414031807,104.00768181883299,134.18953846672403,466.384197027029,139.99100241644084,574.0206129276504
2018-06-29,,1.875,1.91,,,,,,1691.5,,,127.56310757980624,104.2725545863735,142.8331997315005,467.6743555376562,139.4606017382353,600.6630599065032
2018-06-30,538.208165734094,1.875,1.91,,,,,,,,,,,,,,
2018-07-01,,1.875,1.91,2.865999937057495,15.600000381469727,4.029099941253662,94.87000274658203,77.30000305175781,,,,,,,,,
2018-07-02,,1.875,1.91,2.8380000591278076,16.139999389648438,4.038000106811523,94.58999633789062,77.76000213623047,1685.050048828125,,,126.37035781491434,104.63634272183522,136.3807354591839,463.25627624314916,138.895434430603,589.3929558192533
2018-07-03,,1.875,1.91,,,4.0395002365112305,,,1680.3699951171875,,,126.4231713922864,103.94841417585863,136.61647330285598,468.9835230239186,139.76388489751258,587.9023602665859
2018-07-04,,1.875,1.91,2.8399999141693115,14.970000267028809,4.054999828338623,94.47000122070312,77.38999938964844,1688.449951171875,,,126.85476866849434,103.90657543990275,136.38854151657134,477.8658887629561,139.76388489751258,588.132231524275
2018-07-05,,1.875,1.91,2.8310000896453857,13.369999885559082,4.041299819946289,94.04000091552734,77.11000061035156,1690.6500244140625,,,127.4851309848812,103.98423127596371,136.74746291550161,479.0451697880272,140.27538503940215,593.8706923827614
2018-07-06,,1.875,1.91,,,,,,1663.8599853515625,,,124.8070215362875,102.70325851738858,137.31380943273209,474.6350499086267,138.61513630146683,580.5178698566067
2018-07-07,,1.875,1.91,,,,,,,,,,,,,,
2018-07-08,,1.875,1.91,2.859999895095825,12.6899995803833,4.034999847412109,94.08000183105469,78.06999969482422,,,,,,,,,
2018-07-09,,1.875,1.91,2.872999906539917,12.640000343322754,4.025000095367432,94.11000061035156,78.86000061035156,1672.6300048828125,,,125.27577943251835,103.41941913729727,136.6645426645336,478.81075445095667,139.93193521466716,506.4127930543738
2018-07-10,,1.875,1.91,2.8420000076293945,13.630000114440918,4.025000095367432,94.72000122070312,73.4000015258789,1687.1300048828125,,,125.94567860281181,104.52603109467624,136.6645426645336,486.17078656203176,141.43700009195442,532.8065935168761
2018-07-11,,1.875,1.91,2.8529999256134033,12.579999923706055,4.035999774932861,94.80999755859375,74.44999694824219,1688.77001953125,,3.25,126.66535653856852,104.271826798091,136.1156809415555,481.4501771947104,141.4393229244463,528.6389118755894
2018-07-12,,1.875,1.91,2.8310000896453857,12.180000305175781,4.03849983215332,94.75,75.33000183105469,1703.5699462890625,,,130.6607006652236,104.06197933670605,137.79666770094883,484.61222069107714,142.13593759880334,526.2891665170143
2018-07-13,,1.875,1.91,,,,,,1721.9300537109375,,,131.40278596023407,104.42754693598192,137.77509806071717,487.005361502806,144.68073960085746,539.0541774057489
2018-07-14,,1.875,1.91,,,,,,,,,,,,,,
2018-07-15,,1.875,1.91,2.8580000400543213,12.829999923706055,4.048999786376953,94.51000213623047,71.83999633789062,,,,,,,,,
2018-07-16,,1.875,1.91,2.864000082015991,12.0600004196167,4.029399871826172,94.97000122070312,72.16000366210938,1726.6700439453125,,,131.25776561034377,104.31827454551757,139.51045973964835,499.0068818351241,146.69134522167917,547.0881273551396
2018-07-17,,1.875,1.91,2.875,12.100000381469727,4.042300224304199,95.08000183105469,72.9000015258789,1737.280029296875,,,132.4831536527622,102.95727217716417,139.57149738558675,495.68792083431646,146.54115284003265,548.4257402426463
2018-07-18,,1.875,1.91,2.8469998836517334,12.869999885559082,4.059000015258789,95.16999816894531,72.58000183105469,1753.0699462890625,,,134.16441156203695,103.82557630238598,140.0233370749628,500.8749121216741,146.84904736944623,557.6635775176171
2018-07-19,,1.875,1.91,2.8949999809265137,12.859999656677246,4.059999942779541,94.45999908447266,73.06999969482422,1759.239990234375,,,135.59653657960433,103.64138693773002,138.01186082196878,501.1790341913109,146.46643471331046,560.5960106284232
2018-07-20,,1.875,1.91,,,,,,1754.6700439453125,,,135.19440097460995,103.72835843733543,139.33167872752094,498.27395234376615,146.05032634791897,563.753964683501
2018-07-21,,1.875,1.91,,,,,,,,,,,,,,
2018-07-22,,1.875,1.91,2.9649999141693115,12.619999885559082,4.059000015258789,94.66999816894531,73.05999755859375,,,,,,,,,
2018-07-23,,1.875,1.91,2.9489998817443848,12.40999984741211,4.063000202178955,94.61000061035156,73.44000244140625,1757.9599609375,,,135.7119085078462,103.87249677104018,140.23356477286382,515.4653308887489,146.65855986531432,566.4906834119249
2018-07-24,,1.875,1.91,2.936000108718872,12.289999961853027,4.05649995803833,94.36000061035156,73.93000030517578,1762.9300537109375,,,135.56523094627485,105.14596439301287,139.78276664692447,541.9318320123276,147.43423722029237,570.3531295324179
2018-07-25,,1.875,1.91,2.9749999046325684,12.140000343322754,4.041999816894531,94.75,74.54000091552734,1763.780029296875,,,136.01925708153462,104.61989793722633,139.08918471483744,540.4204541630635,148.4457553008216,568.5258426086504
2018-07-26,,1.875,1.91,2.9600000381469727,13.029999732971191,4.062900066375732,94.68000030517578,74.29000091552734,1766.22998046875,,,136.3960234414927,104.74352166881526,138.83218026676514,538.4366532423661,148.93265289794536,567.8004844238778
2018-07-27,,1.875,1.91,,,,,,1769.1400146484375,,,136.41935494231373,104.63894335477588,138.95348113644513,552.8302658172219,150.31395912339957,564.0871077880139
2018-07-28,,1.875,1.91,,,,,,,,,,,,,,
2018-07-29,,1.875,1.91,2.9749999046325684,14.260000228881836,4.058800220489502,94.36000061035156,74.97000122070312,,,,,,,,,
2018-07-30,,1.875,1.91,2.9639999866485596,12.829999923706055,4.055500030517578,94.48999786376953,74.25,1770.260009765625,,,135.8574178747104,104.64773401363551,139.2530512912833,542.8843108047295,150.9482403814946,570.3548275597448
2018-07-31,534.352874709735,1.875,1.91,3.003000020980835,13.149999618530273,4.042099952697754,94.62000274658203,74.25,1784.25,,,135.7489402414501,105.489281558456,140.90101662601916,548.3297219226637,150.36579731633245,583.2115596203453
2018-08-01,,1.875,1.91,2.9860000610351562,12.1899995803833,4.064000129699707,95.16999816894531,73.44999694824219,1788.31005859375,,,136.27423252180938,105.32083898545994,139.22041129476665,552.8997713663695,152.04514288030302,582.5315552036602
2018-08-02,,1.875,1.91,2.953000068664551,11.640000343322754,4.06790018081665,95.13999938964844,73.20999908447266,1778.1300048828125,,,136.1905830177975,104.31964247968817,139.22008038337466,552.7469986912587,151.02878567408487,581.346112193005
2018-08-03,,1.875,1.91,,,,,,1780.0899658203125,,,135.64126958523087,105.15614359909915,139.28425677690973,550.3552584478101,151.503254279021,574.3156028409744
2018-08-04,,1.875,1.91,,,,,,,,,,,,,,
2018-08-05,,1.875,1.91,2.937999963760376,11.270000457763672,4.079999923706055,95.36000061035156,73.75,,,,,,,,,
2018-08-06,,1.875,1.91,2.9730000495910645,10.930000305175781,4.076499938964844,95.22000122070312,74.6500015258789,1779.75,,,136.09049353543446,105.41516524600003,138.74439882036484,569.6665981387574,150.17385718062317,578.2992372033739
2018-08-07,,1.875,1.91,2.9709999561309814,10.850000381469727,4.073500156402588,95.0999984741211,72.27999877929688,1791.0899658203125,,,136.5292617713292,106.4922184150207,139.62864210257771,580.2287609871064,151.41768102428642,588.922190178083
2018-08-08,,1.875,1.91,2.934999942779541,11.270000457763672,4.072500228881836,95.5,72.06999969482422,1804.72998046875,,,137.2778177412796,106.3038387729799,139.84114050463333,603.9432081440142,151.968545439665,600.1916708123102
2018-08-09,,1.875,1.91,2.8570001125335693,13.15999984741211,4.072500228881836,96.36000061035156,72.80999755859375,1804.949951171875,,,137.50563909077468,106.34551778464237,140.32333159137,628.3226202334525,152.2846589945685,603.0933199146059
2018-08-10,,1.875,1.91,,,,,,1805.75,,,137.45934590240017,106.38254234866773,140.47822838754647,628.6714944305553,152.31767667239046,607.203860839133
2018-08-11,,1.875,1.91,,,,,,,,,,,,,,
2018-08-12,,1.875,1.91,2.877000093460083,14.779999732971191,4.085000038146973,96.38999938964844,72.61000061035156,,,,,,,,,
2018-08-13,,1.875,1.91,2.8949999809265137,13.3100004196167,4.096499919891357,96.7300033569336,72.45999908447266,1783.3399658203125,,,137.06637384127777,104.68585987764236,139.9121272678923,636.3623676022956,150.71168161310936,603.1269704024
2018-08-14,,1.875,1.91,2.8519999980926514,14.640000343322754,4.0960001945495605,96.69999694824219,70.76000213623047,1783.780029296875,,,136.42363989486017,105.13175367078595,140.3313280775995,648.4893818525885,149.70714006789117,597.6879508942312
2018-08-15,,1.875,1.91,2.871000051498413,13.449999809265137,4.10099983215332,96.6500015258789,71.43000030517578,1785.93994140625,,,136.75952483881971,104.88800345813361,139.91674906693552,652.253591551776,151.71743867030162,594.4340783119242
2018-08-16,,1.875,1.92,2.872999906539917,12.640000343322754,4.103000164031982,96.0999984741211,71.83000183105469,1777.27001953125,,,136.75952483881971,103.98582167556863,139.88189304460394,638.9649703500465,150.44290013307233,584.723506887222
2018-08-17,,1.875,1.92,,,,,,1783.469970703125,,,136.82772209303565,104.97030113512534,140.62256652775693,628.908683885739,150.13834847175778,586.0404546730853
2018-08-18,,1.875,1.92,,,,,,,,,,,,,,
2018-08-19,,1.875,1.92,2.822999954223633,12.489999771118164,4.099999904632568,95.9000015258789,72.20999908447266,,,,,,,,,
2018-08-20,,1.875,1.92,2.8440001010894775,12.859999656677246,4.09630012512207,95.26000213623047,72.62999725341797,1787.5799560546875,,,136.796918654754,103.95843084123402,141.8349574228954,651.1036866232989,151.50691418194413,592.1552341170922
2018-08-21,,1.875,1.92,2.822999954223633,12.25,4.09499979019165,95.1500015258789,74.77999877929688,1798.1099853515625,,,137.34920553610192,104.54022456367382,141.56480235943854,649.4373553811186,153.0338112287207,594.9911049868336
2018-08-22,,1.875,1.92,2.821000099182129,12.40999984741211,4.0920000076293945,95.62000274658203,74.7300033569336,,,,,,,,,
2018-08-23,,1.875,1.92,2.8259999752044678,11.989999771118164,4.1020002365112305,95.1500015258789,75.81999969482422,,,,138.87849970412913,105.75686199739805,140.72644171263983,655.3873192505972,152.64008080850792,604.2546921975094
2018-08-24,,1.875,1.92,,,,,,1808.5899658203125,,,138.4223422312874,105.7176380830237,140.47066544618392,664.354652067055,151.70917975893968,602.3080386126227
2018-08-25,,1.875,1.92,,,,,,,,,,,,,,
2018-08-26,,1.875,1.92,2.8480000495910645,12.15999984741211,4.089000225067139,94.77999877929688,76.20999908447266,,,,,,,,,
2018-08-27,,1.875,1.92,2.884000062942505,12.5,4.09499979019165,94.72000122070312,75.94999694824219,1811.5999755859375,,,138.98067434178546,104.69699979293279,140.89810973984208,660.2732037486427,153.79944779217658,614.1851618549335
2018-08-28,,1.875,1.92,2.884000062942505,12.25,4.103000164031982,94.5999984741211,77.13999938964844,1826.9000244140625,,,140.27711114581425,105.37631144309026,141.26714736454997,675.4586054197539,154.9547573027835,621.452814228784
2018-08-29,,1.875,1.92,2.859999895095825,13.529999732971191,4.124100208282471,94.72000122070312,77.7699966430664,1820.6400146484375,,,140.42882475384334,105.20656422576246,140.8548570901716,662.4118770765804,155.71977498491358,618.6190665786911
2018-08-30,,1.875,1.92,2.8529999256134033,12.859999656677246,4.113399982452393,95.13999938964844,77.41999816894531,1819.6600341796875,,,140.391134275005,105.3742444151424,141.4153077659919,662.7669930795511,154.92350352107164,625.4759987375228
2018-08-31,524.853111692692,1.875,1.91,,,,,,,,,,,,,,
2018-09-01,,1.875,1.91,,,,,,,,,,,,,,
2018-09-02,,1.875,1.91,,,4.114500045776367,,,,,,,,,,,
2018-09-03,,1.875,1.91,2.9019999504089355,13.15999984741211,4.126500129699707,95.41999816894531,78.16999816894531,1813.5799560546875,,,140.74990052568768,104.84839349062898,140.41010184922936,657.6687779183435,154.920297074859,624.9146071620072
2018-09-04,,1.875,1.92,2.9019999504089355,13.90999984741211,4.135499954223633,95.12999725341797,77.2699966430664,1812.760009765625,,,140.72148077207956,105.19550953203361,140.92854547454905,666.7521347014219,154.7908179157893,619.5950266248493
2018-09-05,,1.875,1.92,2.878999948501587,14.649999618530273,4.1504998207092285,95.0199966430664,76.5,1795.5,,3.25,138.61581358410757,104.82893421406143,141.51069210748474,672.5796185352763,154.24104583217638,614.0157754402285
2018-09-06,,1.875,1.92,2.941999912261963,14.880000114440918,4.13730001449585,95.37000274658203,76.83000183105469,1798.5699462890625,,,139.05620829279854,105.35961276664483,141.73029438358495,685.3440858976304,153.59383899018658,612.8993441154595
2018-09-07,,1.875,1.92,,,,,,1799.1700439453125,,,139.1402445677151,104.97771471051678,141.94260805308346,684.9540031936456,153.3840963914171,612.066342753076
2018-09-08,,1.875,1.92,,,,,,,,,,,,,,
2018-09-09,,1.875,1.92,2.937000036239624,14.15999984741211,4.142499923706055,95.1500015258789,77.37000274658203,,,,,,,,,
2018-09-10,,1.875,1.92,2.9769999980926514,13.220000267028809,4.1468000411987305,95.05999755859375,79.05999755859375,,,,,,,,,
2018-09-11,,1.875,1.92,2.9630000591278076,13.140000343322754,4.142300128936768,94.80000305175781,79.73999786376953,,,,,,,,,
2018-09-12,,1.875,1.92,2.9630000591278076,12.369999885559082,4.141499996185303,94.54000091552734,78.18000030517578,1785.25,,,138.41305452614912,104.31663314256225,141.33603425381935,675.8394217195226,153.81390187582733,584.2954803448162
2018-09-13,,1.875,1.92,2.99399995803833,12.069999694824219,4.14300012588501,94.9800033569336,78.08999633789062,1792.5999755859375,,,140.27548869765954,104.6345019872388,141.03740161050467,653.0825287695654,153.6502758015235,588.8208321314787
2018-09-14,,1.875,1.92,,,,,,1803.760009765625,,,141.4825630192607,105.8832426270092,140.76408672708877,669.7211482033879,153.77442798546065,594.4825854118036
2018-09-15,,1.875,1.92,,,,,,,,,,,,,,
2018-09-16,,1.875,1.92,3.000999927520752,13.680000305175781,4.136000156402588,94.51000213623047,78.05000305175781,,,,,,,,,
2018-09-17,,1.875,1.92,3.0480000972747803,12.789999961853027,4.136000156402588,94.62000274658203,79.02999877929688,,,,,,,,,
2018-09-18,,1.875,1.92,3.0829999446868896,11.75,4.139999866485596,94.55000305175781,79.4000015258789,1792.93994140625,,,139.20645779631678,105.60576610547497,140.76408672708877,665.2479129994051,154.21466808911265,591.9900943949496
2018-09-19,,1.875,1.92,3.078000068664551,11.800000190734863,4.133200168609619,93.91000366210938,78.69999694824219,1800.7099609375,,,140.16686015364505,106.33778023676467,140.94690476737603,664.5103383909383,154.25361784223145,605.7631558714371
2018-09-20,,1.875,1.92,3.068000078201294,11.680000305175781,4.136099815368652,94.22000122070312,78.80000305175781,1803.699951171875,,,140.43665547943834,106.71193513346454,141.3115561383384,662.6871262163496,154.27895371960523,608.1989885393627
2018-09-21,,1.875,1.92,,,,,,1810.6400146484375,,,140.96892784272566,106.26921059840298,140.61283988923995,657.7149964339154,154.7459115529652,616.338010213348
2018-09-22,,1.875,1.92,,,,,,,,,,,,,,
2018-09-23,,1.875,1.92,3.078000068664551,12.199999809265137,4.127500057220459,94.26000213623047,81.19999694824219,,,,,,,,,
2018-09-24,,1.875,1.93,3.1019999980926514,12.420000076293945,4.127500057220459,94.12999725341797,81.87000274658203,1800.1700439453125,,,140.5467778163607,105.95578183803514,140.21890448493167,662.7315982602948,154.66779139572097,600.6285928455978
2018-09-25,,1.875,1.93,3.061000108718872,12.890000343322754,4.134500026702881,94.19000244140625,81.33999633789062,1794.469970703125,,,140.3615596002032,106.0619455852801,139.91343753876274,678.2300644693552,154.72673831093593,598.0874480178608
2018-09-26,,1.875,1.93,3.055999994277954,12.40999984741211,4.138000011444092,95.0,81.72000122070312,1798.719970703125,,,140.5779867827177,106.37565857827542,140.22271860536216,680.1395142623855,154.26563808993424,597.5232676931003
2018-09-27,,2.125,2.18,3.055999994277954,12.119999885559082,4.138999938964844,95.19000244140625,82.72000122070312,1798.6400146484375,,,140.54831463368689,106.62676597170795,139.55302205709498,681.7614945948972,154.44720074431694,602.3426246908142
2018-09-28,,2.125,2.18,,,,,,1793.1500244140625,,,141.6206431944047,106.14778448748106,138.79483331974515,690.0452896609761,153.44664842269898,604.7792865880418
2018-09-29,,2.125,2.18,,,,,,,,,,,,,,
2018-09-30,506.85604169469,2.125,2.18,3.0799999237060547,12.0,4.132999897003174,95.30000305175781,84.9800033569336,,,,,,,,,
2018-10-01,,2.125,2.18,3.055999994277954,12.050000190734863,4.137499809265137,95.51000213623047,84.80000305175781,1792.4599609375,,,141.23489100216378,105.9597892055359,138.64247389822606,710.1905858986023,154.20907887570996,602.8030666155366
2018-10-02,,2.125,2.18,3.1610000133514404,11.609999656677246,4.138999938964844,95.76000213623047,86.29000091552734,1798.1500244140625,,,141.65300414557586,106.2294149783811,138.19193997136875,704.0632764232555,154.630409191332,605.3095227784388
2018-10-03,,2.125,2.18,3.197000026702881,14.220000267028809,4.138299942016602,95.75,84.58000183105469,1796.300048828125,,,141.54800258820978,105.8906464528983,138.80103772187448,712.3378330655692,154.71543827848353,612.173902325639
2018-10-04,,2.125,2.18,3.2249999046325684,14.819999694824219,4.144999980926514,95.62000274658203,84.16000366210938,1790.1099853515625,,,141.57738798090426,105.82354820217338,138.19227335324788,705.7564836972101,153.96188150454182,626.8045339540873
2018-10-05,,2.125,2.18,,,,,,1777.1500244140625,,,141.18927363659833,105.48387520431992,137.96065708777812,700.8688303498699,152.66400855965793,614.3867174151411
2018-10-06,,2.125,2.18,,,,,,,,,,,,,,
2018-10-07,,2.125,2.18,3.2330000400543213,15.6899995803833,4.14300012588501,95.7699966430664,83.91000366210938,,,,,,,,,
2018-10-08,,2.125,2.18,3.2079999446868896,15.949999809265137,4.15939998626709,95.68000030517578,85.0,1775.75,,,141.1405478974724,106.11035064073502,138.236023679821,699.5190527859581,152.45656016635363,604.7321800413911
2018-10-09,,2.125,2.18,3.2249999046325684,22.959999084472656,4.1529998779296875,95.51000213623047,83.08999633789062,1774.1500244140625,,,141.10289168738262,105.97712377268012,138.2376489483848,690.1171308776461,151.52845384265342,602.8921458156366
2018-10-10,,2.125,2.18,3.132999897003174,24.979999542236328,4.1504998207092285,95.0199966430664,80.26000213623047,1735.1800537109375,,,138.9007908457488,105.57145495429417,138.81546247345645,677.7733035079694,150.0780187991296,603.5073575303238
2018-10-11,,2.125,2.18,3.1410000324249268,21.309999465942383,4.155799865722656,95.22000122070312,80.43000030517578,1708.489990234375,,,136.20567911160873,105.12673740478967,138.23886029887035,660.5187368715208,147.6187419795004,604.3384382336804
2018-10-12,,2.125,2.18,,,,,,1730.739990234375,,,140.1455135399626,105.13239068985027,137.72278312103114,667.5571863258514,151.44031522981228,605.3463868991521
2018-10-13,,2.125,2.18,,,,,,,,,,,,,,
2018-10-14,,2.125,2.18,3.1630001068115234,21.299999237060547,4.1519999504089355,95.06999969482422,80.77999877929688,,,,,,,,,
2018-10-15,,2.125,2.18,3.1559998989105225,17.6200008392334,4.153500080108643,95.05000305175781,81.41000366210938,1728.739990234375,,,139.98848802065916,104.85273107461666,138.27260326098795,672.4086855282103,151.86496742202903,615.183343301435
2018-10-16,,2.125,2.18,3.178999900817871,17.399999618530273,4.151000022888184,95.58000183105469,80.05000305175781,1736.8399658203125,,,140.62925563968503,105.35522838896418,137.5753520078036,675.8133266320317,152.31390707868576,626.2458827764383
2018-10-17,,2.125,2.19,3.174999952316284,20.059999465942383,4.155799865722656,95.9000015258789,79.29000091552734,1740.5899658203125,,,140.82559857822042,106.00182465978793,137.8466922947564,697.2101910901968,152.82851732054954,626.8217440630457
2018-10-18,,2.125,2.19,3.197999954223633,19.889999389648438,4.163700103759766,95.70999908447266,79.77999877929688,1738.010009765625,,,140.9497234902413,105.35454876620358,137.76597663417397,705.7301386119519,152.79106368318713,633.2068870909616
2018-10-19,,2.125,2.19,,,,,,1732.1400146484375,,,140.8342418126977,106.02611879955413,137.73723704608457,700.0509456047591,152.18878359281013,634.1184986460139
2018-10-20,,2.125,2.19,,,,,,,,,,,,,,
2018-10-21,,2.125,2.19,3.196000099182129,19.639999389648438,4.156499862670898,96.01000213623047,79.83000183105469,,,,,,,,,
2018-10-22,,2.125,2.19,3.1659998893737793,20.709999084472656,4.1570000648498535,95.95999908447266,76.44000244140625,1722.469970703125,,,140.4847575732087,105.84747075132388,138.83402771093526,694.3092906602543,152.24046880166483,624.9145751788329
2018-10-23,,2.125,2.2,3.124000072479248,25.229999542236328,4.160799980163574,96.43000030517578,76.16999816894531,1697.5999755859375,,,137.55811814157371,105.43354465076318,138.6835758155156,687.7057386040315,150.68863203994115,624.9145751788329
2018-10-24,,2.125,2.2,3.135999917984009,24.219999313354492,4.165999889373779,96.68000030517578,76.88999938964844,1690.0400390625,,,137.02500695374798,105.77147862276055,138.74696328197987,652.4672845583975,150.55583174776774,613.514308048324
2018-10-25,,2.125,2.2,3.0769999027252197,24.15999984741211,4.166800022125244,96.36000061035156,77.62000274658203,1686.5899658203125,,,136.53839310123422,105.07857186963632,139.20936204728375,618.0983612798983,150.57076862982467,605.5947758511377
2018-10-26,,2.125,2.2,,,,,,1683.06005859375,,,136.0455607602137,104.90679316053924,138.4178645459746,610.3878548692352,150.51202931049144,613.5411239746501
2018-10-27,,2.125,2.2,,,,,,,,,,,,,,
2018-10-28,,2.125,2.2,3.0869998931884766,24.700000762939453,4.172999858856201,96.58000183105469,77.33999633789062,,,,,,,,,
2018-10-29,,2.125,2.2,3.109999895095825,23.350000381469727,4.177000045776367,97.01000213623047,75.91000366210938,1683.72998046875,,,135.15521901540853,104.38332581672536,138.42112690730724,579.1911360390968,150.56458312622786,606.6935076548269
2018-10-30,,2.125,2.2,3.1589999198913574,21.229999542236328,4.179999828338623,97.12999725341797,75.47000122070312,1685.93994140625,,,135.26119879513553,104.64206532390202,139.33373829562876,584.0271018951112,150.44711774365936,605.7337767628678
2018-10-31,444.079833274839,2.125,2.2,3.1440000534057617,19.34000015258789,4.182000160217285,96.27999877929688,75.5,1709.27001953125,,,137.2267433790723,105.5678653174474,138.87750043587835,619.5022240475699,151.34064920039273,637.8591379268311
2018-11-01,,2.125,2.2,3.2139999866485596,19.510000228881836,4.176499843597412,96.54000091552734,72.83000183105469,1706.9200439453125,,,136.63299906252112,105.54527087568519,138.32640238676944,621.984054983568,151.41100332976703,623.7527997573545
2018-11-02,,2.125,2.19,,,,,,1713.8699951171875,,,136.51022839195838,105.97013647637527,137.77579653650525,626.1189111876074,152.48298787045053,630.9904509035251
2018-11-03,,2.125,2.19,,,,,,,,,,,,,,
2018-11-04,,2.125,2.19,3.2009999752044678,19.959999084472656,4.159999847412109,96.3499984741211,73.16999816894531,,,,,,,,,
2018-11-05,,2.125,2.2,3.2139999866485596,19.90999984741211,4.172999858856201,96.31999969482422,72.12999725341797,1708.800048828125,,,136.33948948607411,106.22210122924318,139.48995952318316,635.9704880537242,156.56674533845057,636.8450488997767
2018-11-06,,2.125,2.2,3.2130000591278076,16.360000610351562,4.16349983215332,96.0,72.06999969482422,,,,,,,,,
2018-11-07,,2.125,2.2,3.2339999675750732,16.719999313354492,4.149099826812744,96.63999938964844,70.6500015258789,1714.8800048828125,,,135.8919686201489,105.8121429573094,139.0136727101496,630.960531720781,157.7662953794297,637.4895780129997
2018-11-08,,2.125,2.2,3.188999891281128,17.360000610351562,4.1620001792907715,96.91000366210938,70.18000030517578,1721.4200439453125,,3.25,136.35108290378187,105.84049655055617,139.0547329838305,639.8788954450018,158.2591951879527,640.0653255663586
2018-11-09,,2.125,2.19,,,,,,1708.0899658203125,,,135.24626461220018,105.92080619533574,138.55033940722356,628.434837315423,155.9461988954665,630.6240765164774
2018-11-10,,2.125,2.19,,,,,,,,,,,,,,
2018-11-11,,2.125,2.19,3.186000108718872,20.450000762939453,4.175899982452393,97.54000091552734,70.12000274658203,,,,,,,,,
2018-11-12,,2.125,2.19,3.1449999809265137,20.020000457763672,4.18149995803833,97.30000305175781,65.47000122070312,1696.1400146484375,,,134.28737261391183,104.77354406558814,137.10198951849827,630.0799473931056,155.26021142420842,624.2395026348291
2018-11-13,,2.125,2.2,3.119999885559082,21.25,4.191500186920166,96.80000305175781,66.12000274658203,1687.5699462890625,,,134.08492525953199,103.98338915850762,136.57282312002368,613.6084636721939,154.848962105768,624.5797991187018
2018-11-14,,2.125,2.2,3.118000030517578,19.979999542236328,4.193999767303467,96.93000030517578,66.62000274658203,1688.4100341796875,,,134.353612713712,104.58356296190507,138.26255761238767,604.1381152680544,154.2592365908909,628.9096048314659
2018-11-15,,2.125,2.2,3.0739998817443848,18.139999389648438,4.189499855041504,96.47000122070312,66.76000213623047,1694.2099609375,,,135.4837901618115,104.32724811141101,139.84618185916912,620.0794301523205,154.36946488817966,626.3425615614085
2018-11-16,,2.125,2.2,,,,,,1706.3800048828125,,,136.52675161568246,104.6470241898411,139.66383698304767,617.8048267541894,154.83662305795934,636.6119839580344
2018-11-17,,2.125,2.2,,,,,,,,,,,,,,
2018-11-18,,2.125,2.2,3.056999921798706,20.100000381469727,4.190000057220459,96.19000244140625,66.79000091552734,,,,,,,,,
2018-11-19,,2.125,2.2,3.0480000972747803,22.479999542236328,4.186999797821045,96.80999755859375,62.529998779296875,1710.7099609375,,,138.1143300658547,104.42534201732445,140.51938821462616,610.9920185937348,154.8413212444559,639.8377456044341
2018-11-20,,2.125,2.2,3.061000108718872,20.799999237060547,4.188499927520752,96.70999908447266,63.47999954223633,,,,,,,,,
2018-11-21,,2.125,2.2,,,4.175099849700928,,,1695.3699951171875,,,136.73581885776042,103.27908478306666,139.13588589456396,608.3630616650913,153.7400524673849,634.5464770496737
2018-11-22,,2.125,2.2,3.053999900817871,21.520000457763672,4.19350004196167,96.91999816894531,58.79999923706055,1695.6199951171875,,,136.57007711414994,103.19354841250843,139.19160631451496,601.9337606932539,153.7895797183575,637.2816155568505
2018-11-23,,2.125,2.2,,,,,,1695.8800048828125,,,136.55436412467975,103.5434321143351,139.22030698360294,591.5448998466447,153.90240939514862,634.0301638636367
2018-11-24,,2.125,2.2,,,,,,,,,,,,,,
2018-11-25,,2.125,2.2,3.072000026702881,18.899999618530273,4.191500186920166,97.06999969482422,60.47999954223633,,,,,,,,,
2018-11-26,,2.125,2.2,3.055000066757202,19.020000457763672,4.185500144958496,97.37000274658203,60.209999084472656,1701.989990234375,,,137.36052968135647,101.79826712983207,139.864877995738,595.9862060193711,155.39446263236076,638.0468903340036
2018-11-27,,2.125,2.2,3.0439999103546143,18.489999771118164,4.188000202178955,96.79000091552734,58.7599983215332,1684.969970703125,,,137.02246645399802,100.9594049959339,139.10168359102016,570.4897521353839,154.53086244360725,635.1667866709608
2018-11-28,,2.125,2.2,3.0350000858306885,18.790000915527344,4.197500228881836,96.77999877929688,59.5099983215332,1686.550048828125,,,137.71624736972413,100.47544823421654,139.7642270966824,575.1117690818209,153.3136152370092,643.1329748522373
2018-11-29,,2.125,2.2,3.013000011444092,18.06999969482422,4.18179988861084,97.2699966430664,58.709999084472656,1696.3399658203125,,,138.64885222856842,102.6288603168598,141.8467657762019,585.0674722007086,152.54745261672733,645.31069636474
2018-11-30,462.438918474042,2.125,2.2,,,,,,1679.8599853515625,,,137.68150758980505,99.27227978365958,140.74966639411653,573.8436959531018,152.02824660103244,634.7136475769262
2018-12-01,,2.125,2.2,,,,,,,,,,,,,,
2018-12-02,,2.125,2.2,2.992000102996826,16.440000534057617,4.179999828338623,97.04000091552734,61.689998626708984,,,,,,,,,
2018-12-03,,2.125,2.19,2.9240000247955322,20.739999771118164,4.163000106811523,96.97000122070312,62.08000183105469,1699.719970703125,,,138.91883469030927,101.35132660163681,140.9372100005158,610.4994651383541,151.14787317434948,650.5528864339539
2018-12-04,,2.125,2.2,,,4.144999980926514,,,1694.989990234375,,,138.16334700524243,101.22341719593706,140.9372100005158,596.9152118561343,151.82782592914154,637.6802998683485
2018-12-05,,2.125,2.2,2.875999927520752,21.190000534057617,4.151500225067139,96.80999755859375,60.060001373291016,1688.27001953125,,,138.0840906064981,101.66322530128598,140.99741753572707,589.981372405121,152.02736067589782,636.4461893596862
2018-12-06,,2.125,2.2,2.8499999046325684,23.229999542236328,4.161799907684326,96.51000213623047,61.66999816894531,1683.3399658203125,,,138.1818232489071,100.408177201705,140.78113653347913,578.9179248207926,151.8843851237545,637.7663785336315
2018-12-07,,2.125,2.19,,,,,,1680.5400390625,,,137.7772976193569,100.29915949808034,141.11880778877145,579.6131214467617,151.50207028551796,637.1075545588092
2018-12-08,,2.125,2.19,,,,,,,,,,,,,,
2018-12-09,,2.125,2.19,2.8559999465942383,22.639999389648438,4.164000034332275,97.22000122070312,59.970001220703125,,,,,,,,,
2018-12-10,,2.125,2.2,2.878999948501587,21.760000228881836,4.171000003814697,97.38999938964844,60.20000076293945,1663.31005859375,,,136.31540661259316,97.85489315445095,140.39791431071802,565.1211584703716,152.45156351780957,618.2104018607779
2018-12-11,,2.125,2.19,2.9059998989105225,21.459999084472656,4.18179988861084,97.04000091552734,60.150001525878906,1652.6300048828125,,,134.6760872767998,97.49277215796151,140.69131334762062,571.826240957105,151.66922436838,607.4138394382802
2018-12-12,,2.125,2.19,2.9110000133514404,20.649999618530273,4.181000232696533,97.05999755859375,61.45000076293945,1663.27001953125,,,137.12407934695656,97.79862428253175,140.5560063931045,570.7197087825447,151.97205910137276,618.7865203334512
2018-12-13,,2.125,2.19,2.8910000324249268,21.6299991607666,4.177800178527832,97.44000244140625,60.279998779296875,1676.0,,,138.72438837930744,98.41269938824745,140.08064122325155,564.5287670985552,153.77191890360817,627.3260818268215
2018-12-14,,2.125,2.19,,,,,,1661.9599609375,,,137.62049959937139,97.70426213238358,140.07053925964317,543.0168589762799,152.0485947255654,627.3875558891552
2018-12-15,,2.125,2.19,,,,,,,,,,,,,,
2018-12-16,,2.125,2.19,2.8570001125335693,24.520000457763672,4.182499885559082,97.0999984741211,59.61000061035156,,,,,,,,,
2018-12-17,,2.125,2.2,2.825000047683716,25.579999923706055,4.1666998863220215,97.13999938964844,56.2599983215332,1641.6199951171875,,,135.60174448089182,95.90618613261664,140.02171607338056,510.61680330981744,153.78966910672537,623.6786740583824
2018-12-18,,2.125,2.2,2.7780001163482666,25.579999923706055,4.191999912261963,97.04000091552734,57.2400016784668,1635.31005859375,,,134.65429883817166,94.93005859237664,139.96101431137816,510.09826367285376,153.38228515399902,613.7190844017224
2018-12-19,,2.125,2.2,2.7890000343322754,28.3799991607666,4.176000118255615,96.27999877929688,54.349998474121094,1655.6600341796875,,,136.48792585145438,97.73757660455729,140.40002683055837,507.91367403598116,152.81983229387728,607.9522824002472
2018-12-20,,2.375,2.4,2.7920000553131104,30.110000610351562,4.189899921417236,96.95999908447266,53.81999969482422,1650.56005859375,,,135.94256121725522,96.63739898238181,141.07281050932508,524.7172531520602,152.3375800985427,609.3500641818164
2018-12-21,,2.375,2.4,,,,,,1670.280029296875,,,135.93057859450707,100.90138986304086,140.3075522649879,522.9200891435637,153.58886452740825,612.4618237586069
2018-12-22,,2.375,2.4,,,,,,,,,,,,,,
2018-12-23,,2.375,2.4,2.749000072479248,36.06999969482422,4.178500175476074,96.55000305175781,50.470001220703125,,,,,,,,,
2018-12-24,,2.375,2.4,,,4.172399997711182,,,1683.8199462890625,,,136.2084378279571,100.45408482159333,140.54392810287058,519.7751659257345,155.11681998889182,625.3381422054191
2018-12-25,,2.375,2.4,2.796999931335449,30.40999984741211,4.174900054931641,97.05000305175781,54.470001220703125,,,,,,,,,
2018-12-26,,2.375,2.4,2.743000030517578,29.959999084472656,4.174499988555908,96.4800033569336,52.15999984741211,1672.5999755859375,,,136.93280040303878,100.3371377588084,141.15623782578848,507.9754423109355,153.22906854740293,614.1272783751601
2018-12-27,,2.375,2.4,2.7360000610351562,28.34000015258789,4.167200088500977,96.38999938964844,52.20000076293945,1690.719970703125,,,137.87690332173082,101.56375192418075,142.71191818341785,520.3098129304033,154.65524199263285,625.2516244260619
2018-12-28,,2.375,2.4,,,,,,1692.0699462890625,,,138.0235995086398,102.8035626179949,144.90032940585235,514.8726119255894,154.4743941137247,624.5680158188418
2018-12-29,,2.375,2.4,,,,,,,,,,,,,,
2018-12-30,,2.375,2.4,2.686000108718872,25.420000076293945,4.151000022888184,96.16999816894531,53.79999923706055,,,,,,,,,
2018-12-31,519.152943137988,2.375,2.4,,,4.130000114440918,,,1690.5799560546875,,,137.5860056749427,102.61811871625426,143.51380772999116,518.7559389622635,155.5199030584496,621.9054541916273
2019-01-01,,2.375,2.4,2.6610000133514404,23.219999313354492,4.129499912261963,96.81999969482422,54.90999984741211,,,,,,,,,
2019-01-02,,2.375,2.4,2.553999900817871,25.450000762939453,4.135000228881836,96.30999755859375,55.95000076293945,1668.1099853515625,,,136.38784092313588,99.83910594871135,144.7447897712773,509.67239002970405,152.58876457774738,613.7133062887949
2019-01-03,,2.375,2.4,2.6589999198913574,21.3799991607666,4.139999866485596,96.19000244140625,57.060001373291016,1675.8299560546875,,,136.13198347955003,101.46319050626278,145.31018984855672,476.75316376960905,152.55963205694798,599.0610952099374
2019-01-04,,2.375,2.4,,,,,,1669.780029296875,,,136.0335351650596,101.44384723142544,145.03497187205963,467.8227232425301,152.07074615039429,600.5094294179768
2019-01-05,,2.375,2.4,,,,,,,,,,,,,,
2019-01-06,,2.375,2.4,2.681999921798706,21.399999618530273,4.122000217437744,95.70999908447266,57.33000183105469,,,,,,,,,
2019-01-07,,2.375,2.4,2.7160000801086426,20.469999313354492,4.112299919128418,95.9000015258789,58.720001220703125,1679.1700439453125,,,136.72109092135042,102.65716619641591,144.9438177014922,496.2706187528198,148.71703357259983,590.1415815237037
2019-01-08,,2.375,2.4,2.7279999256134033,19.979999542236328,4.114299774169922,95.22000122070312,61.439998626708984,1672.760009765625,,,136.77628416799323,102.63854137512946,144.66774376748774,504.62059862724794,148.49952065977777,577.6810622547098
2019-01-09,,2.375,2.4,2.7309999465942383,19.5,4.101500034332275,95.54000091552734,61.68000030517578,1667.8299560546875,,,136.81324655419667,102.69365222695836,144.91502197914468,514.6262497774078,145.62837228404936,564.1219094606705
2019-01-10,,2.375,2.4,2.7009999752044678,18.190000534057617,4.09499979019165,95.66999816894531,60.47999954223633,1678.8800048828125,,,136.93868470993922,103.97290062029127,145.10305524727576,523.3288385309577,147.73647962363307,562.5565199895374
2019-01-11,,2.375,2.4,,,,,,1683.219970703125,,,136.86505743903896,104.75011579805454,144.63783554875656,520.5222349157827,148.05786114281835,568.5412882068824
2019-01-12,,2.375,2.4,,,,,,,,,,,,,,
2019-01-13,,2.375,2.4,2.7100000381469727,19.06999969482422,4.093500137329102,95.58999633789062,58.9900016784668,,,,,,,,,
2019-01-14,,2.375,2.4,2.7109999656677246,18.600000381469727,4.095300197601318,95.97000122070312,60.63999938964844,1676.1600341796875,,,136.65796232277486,105.097776957386,144.6345735633813,504.2369596196573,144.93350491621968,552.3026284068197
2019-01-15,,2.375,2.4,2.7309999465942383,19.040000915527344,4.103000164031982,96.05999755859375,61.31999969482422,1679.4200439453125,,,137.2389796216241,105.51922134079159,145.20176288896346,495.30499357215234,142.73899313892647,551.6181675744172
2019-01-16,,2.375,2.4,2.749000072479248,18.059999465942383,4.105500221252441,96.06999969482422,61.18000030517578,1673.0799560546875,,,136.61345396167735,105.59664660840883,143.97081427086587,500.8658069550715,142.58242092415892,547.2991126699195
2019-01-17,,2.375,2.4,2.7839999198913574,17.799999237060547,4.110000133514404,96.33999633789062,62.70000076293945,1682.969970703125,,,136.52823817740608,106.1921878540253,144.99037975070027,510.1066554993599,143.66989855627256,549.0458209492526
2019-01-18,,2.375,2.4,,,,,,1692.219970703125,,,137.58770122745182,106.0342005381168,145.27137358247776,515.5468266323257,145.01064041084047,559.7105141698408
2019-01-19,,2.375,2.4,,,,,,,,,,,,,,
2019-01-20,,2.375,2.4,,,4.110000133514404,,,,,,,,,,,
2019-01-21,,2.375,2.4,2.7300000190734863,20.799999237060547,4.121699810028076,96.30000305175781,61.5,,,,,,,,,
2019-01-22,,2.375,2.4,2.755000114440918,19.520000457763672,4.132500171661377,96.12000274658203,61.13999938964844,1702.1199951171875,,,138.90717783610253,106.96173430054507,145.27457002440173,524.2222493843295,146.05948803262706,561.4380486603667
2019-01-23,,2.375,2.4,2.7119998931884766,18.889999389648438,4.134500026702881,96.5999984741211,61.09000015258789,1688.1400146484375,,,137.4717887278695,106.82380638700273,146.4494764659502,522.2593235372724,144.90479083007273,542.1092574799914
2019-01-24,,2.375,2.4,2.753000020980835,17.420000076293945,4.1407999992370605,95.79000091552734,61.63999938964844,1693.5899658203125,,3.25,137.81203779645853,106.92933874728885,147.24638818048842,548.0854594309551,146.43874904778548,547.3183481675959
2019-01-25,,2.375,2.4,,,,,,1701.030029296875,,,138.20995165945064,107.32927664379339,147.40420305909475,564.2921506339397,147.560449337748,559.1260896481115
2019-01-26,,2.375,2.4,,,,,,,,,,,,,,
2019-01-27,,2.375,2.4,2.74399995803833,18.8700008392334,4.119999885559082,95.75,59.93000030517578,,,,,,,,,
2019-01-28,,2.375,2.4,2.7119998931884766,19.1299991607666,4.107500076293945,95.81999969482422,61.31999969482422,1697.5,,,138.08488743139256,107.20501616738132,149.08102525314212,556.6152051781007,147.61652987075638,546.9717573397046
2019-01-29,,2.375,2.4,2.694999933242798,17.65999984741211,4.1020002365112305,95.33999633789062,61.650001525878906,1690.4100341796875,,,138.27206652328448,106.25037945931422,146.6093424372263,547.8146572754815,146.5702697135268,547.353336410219
2019-01-30,,2.375,2.4,2.634999990463257,16.56999969482422,4.0879998207092285,95.58000183105469,61.88999938964844,1684.1099853515625,,,137.79986007928696,105.99324088933417,146.7985170839869,567.1482971187872,146.42962788860706,542.3471265016226
2019-01-31,522.287898643095,2.375,2.4,2.690999984741211,16.139999389648438,4.093999862670898,95.58000183105469,61.869998931884766,1683.530029296875,,,137.1141198158063,107.07957476567356,146.3714016070699,565.6036141319886,147.6606277335592,548.8876511503677
2019-02-01,,2.375,2.4,,,,,,,,,,,,,,
2019-02-02,,2.375,2.4,,,,,,,,,,,,,,
2019-02-03,,2.375,2.4,2.7239999771118164,15.729999542236328,4.0929999351501465,95.8499984741211,62.5099983215332,,,,,,,,,
2019-02-04,,2.375,2.4,2.7019999027252197,15.569999694824219,4.084499835968018,96.0999984741211,61.97999954223633,1683.6099853515625,,,137.57560559947575,106.52535954361804,146.10734523934798,565.6036141319886,145.6962596059753,551.1652941559242
2019-02-05,,2.375,2.4,2.7019999027252197,15.380000114440918,4.090000152587891,96.41999816894531,62.689998626708984,,,,,,,,,
2019-02-06,,2.375,2.4,2.6519999504089355,16.3700008392334,4.084400177001953,96.51000213623047,61.630001068115234,,,,,,,,,
2019-02-07,,2.375,2.4,2.631999969482422,15.720000267028809,4.070000171661377,96.63999938964844,62.099998474121094,1693.3900146484375,,,137.74535851301238,106.97219835224278,147.0881656033645,581.9057967653986,146.55376486802675,547.8959057886706
2019-02-08,,2.375,2.4,,,,,,1686.52001953125,,,137.97082199394112,106.16811393926973,147.64691137777766,582.8428686264701,147.13360081496478,548.3764853590029
2019-02-09,,2.375,2.4,,,,,,,,,,,,,,
2019-02-10,,2.375,2.4,2.6610000133514404,15.970000267028809,4.065999984741211,97.05999755859375,61.5099983215332,,,,,,,,,
2019-02-11,,2.375,2.4,2.684000015258789,15.430000305175781,4.070000171661377,96.70999908447266,62.41999816894531,1688.56005859375,,,139.0441134461434,105.34224958885572,147.05751936910252,585.2413433666242,147.6559722981557,542.6421982975669
2019-02-12,,2.375,2.4,2.7079999446868896,15.649999618530273,4.070000171661377,97.12999725341797,63.61000061035156,1687.4100341796875,,,139.16016333030723,106.60905748196106,147.92755750514732,589.2237516069179,146.96124858421652,533.9710772037766
2019-02-13,,2.375,2.4,2.6570000648498535,16.219999313354492,4.064499855041504,96.9800033569336,64.56999969482422,1685.300048828125,,,138.79283905896241,106.09174833377324,147.43369564785036,595.0620081759248,147.4773560563293,539.9632444358559
2019-02-14,,2.375,2.4,2.6659998893737793,14.90999984741211,4.072500228881836,96.91999816894531,66.25,1689.06005859375,,,138.7557497679566,105.9255462638701,146.68621084768495,610.217618854649,147.59096197497823,539.8557562285197
2019-02-15,,2.375,2.4,,,,,,1688.8299560546875,,,137.69103640633992,106.81096073734604,147.67479652658633,616.618233534645,148.4776334641811,541.615240212882
2019-02-16,,2.375,2.4,,,,,,,,,,,,,,
2019-02-17,,2.375,2.4,,,4.082300186157227,,,,,,,,,,,
2019-02-18,,2.375,2.4,2.6470000743865967,14.880000114440918,4.077300071716309,96.5199966430664,66.44999694824219,1692.739990234375,,,137.96736911201538,106.49262380328801,147.96864913305026,620.400451519426,149.27379772010343,547.5530807626724
2019-02-19,,2.375,2.4,2.6540000438690186,14.020000457763672,4.0782999992370605,96.44999694824219,67.08000183105469,1706.56005859375,,,137.80629222670748,107.72010987531706,148.58961352435676,619.2142492601238,151.06060738816674,551.8150538166033
2019-02-20,,2.375,2.4,2.687999963760376,14.460000038146973,4.064000129699707,96.61000061035156,67.06999969482422,1726.1800537109375,,,138.67546841859922,109.36965637307605,149.5910187966038,623.6996141065913,153.31774369108786,556.1303753292799
2019-02-21,,2.375,2.4,2.6549999713897705,13.510000228881836,4.076499938964844,96.51000213623047,67.12000274658203,1730.6800537109375,,,139.25537891170774,108.14446946547127,148.18803384736637,614.265128710579,152.98582564167762,563.1642996411234
2019-02-22,,2.375,2.4,,,,,,1721.4200439453125,,,139.26694676426555,107.86054071153852,147.91052625430464,595.3848520499264,152.16017735426547,549.5727694500173
2019-02-23,,2.375,2.4,,,,,,,,,,,,,,
2019-02-24,,2.375,2.4,2.6730000972747803,14.850000381469727,4.076000213623047,96.41000366210938,64.76000213623047,,,,,,,,,
2019-02-25,,2.375,2.4,2.635999917984009,15.170000076293945,4.065000057220459,96.0,65.20999908447266,1724.5799560546875,,,139.34129228321748,108.52144301296735,148.91121664991272,599.5403884848889,155.97416315222628,546.5879798510109
2019-02-26,,2.375,2.4,2.693000078201294,14.699999809265137,4.066299915313721,96.1500015258789,66.38999938964844,1719.0,,,139.7823505777805,107.75352914105434,148.91121664991272,597.2922149923091,153.49884632832712,537.1481096413985
2019-02-27,,2.375,2.4,2.7109999656677246,14.779999732971191,4.064000129699707,96.16000366210938,66.02999877929688,1713.449951171875,,,139.77023043519665,105.91516399526795,147.33506167143582,605.2237610817748,153.45072050401637,534.765308748389
2019-02-28,492.679439788188,2.375,2.4,2.755000114440918,13.569999694824219,4.064000129699707,96.52999877929688,65.06999969482422,1707.72998046875,0.2,,139.33602060481573,105.89911723548124,147.81782104117488,604.9359524257327,152.80892435170514,528.6765206673948
2019-03-01,,2.375,2.4,,,,,,1700.760009765625,,,138.0234922182222,106.23271151408109,147.821752219231,607.0026514168741,152.85699319502112,532.6241228206134
2019-03-02,,2.375,2.4,,,,,,,,,,,,,,
2019-03-03,,2.375,2.4,2.7219998836517334,14.630000114440918,4.072000026702881,96.68000030517578,65.66999816894531,,,,,,,,,
2019-03-04,,2.375,2.4,2.7219998836517334,14.739999771118164,4.076499938964844,96.8499984741211,65.86000061035156,1693.989990234375,,,137.71097471242052,106.23271151408109,147.8249530668816,610.0534417688039,151.34847227128233,535.4010918514679
2019-03-05,,2.375,2.4,2.691999912261963,15.739999771118164,4.079699993133545,96.87000274658203,65.98999786376953,1685.6199951171875,,3.25,137.20000940358335,106.036909488864,148.25771961270206,616.0868230778195,151.6767036582832,537.2773751762628
2019-03-06,,2.375,2.4,2.635999917984009,16.59000015258789,4.085999965667725,97.66999816894531,66.30000305175781,1686.8199462890625,,,136.52657897569028,106.50726313069082,148.14684526817348,633.5137819422893,153.2746175029316,543.5889071731624
2019-03-07,,2.375,2.4,2.625,16.049999237060547,4.088600158691406,97.37000274658203,65.73999786376953,1686.949951171875,,,135.9388789942623,106.60510282001772,147.86625253039497,630.4587882101591,153.31668919397237,545.4095195059748
2019-03-08,,2.375,2.4,,,,,,1679.9000244140625,,,135.36617772660682,106.38988076371912,147.52300711879198,639.9044282350748,153.24957881316473,537.4428727210835
2019-03-09,,2.375,2.4,,,,,,,,,,,,,,
2019-03-10,,2.375,2.4,2.6429998874664307,14.329999923706055,4.088500022888184,97.22000122070312,66.58000183105469,,,,,,,,,
2019-03-11,,2.375,2.4,2.6050000190734863,13.770000457763672,4.086999893188477,96.94000244140625,66.66999816894531,1664.6300048828125,,,133.60871599486825,106.38988076371912,148.36601163706996,625.8758317918569,152.29232534065906,528.6244249064313
2019-03-12,,2.375,2.4,2.6110000610351562,13.40999984741211,4.078000068664551,96.55000305175781,67.55000305175781,1671.280029296875,,,134.82997984220808,106.27942245911044,147.96119407021627,622.5458911135082,152.2886449576053,535.964122077314
2019-03-13,,2.375,2.4,2.630000114440918,13.5,4.085999965667725,96.79000091552734,67.2300033569336,1678.239990234375,,,135.93102654419314,106.33491309785232,148.03105425367303,616.6652672914139,151.54634959962644,530.5836661715093
2019-03-14,,2.375,2.4,2.5929999351501465,12.880000114440918,4.0879998207092285,96.5999984741211,67.16000366210938,1674.52001953125,,,135.73859841752753,105.90187798378142,147.75546997135316,605.7405490705595,150.85828983656913,539.3670127551269
2019-03-15,,2.375,2.4,,,,,,1680.5400390625,,,135.80001657840631,106.5946157947771,149.71434323935327,612.6733350268502,150.27458101612976,553.9470640242946
2019-03-16,,2.375,2.4,,,,,,,,,,,,,,
2019-03-17,,2.375,2.4,2.6019999980926514,13.100000381469727,4.0854997634887695,96.5199966430664,67.54000091552734,,,,,,,,,
2019-03-18,,2.375,2.4,2.614000082015991,13.5600004196167,4.074999809265137,96.37999725341797,67.61000061035156,1690.93994140625,,,135.89561393246646,107.36616317508027,150.95470709795177,621.782255538023,151.0503277130271,555.1299960667399
2019-03-19,,2.375,2.4,2.5350000858306885,13.90999984741211,4.073999881744385,95.76000213623047,68.5,1687.6800537109375,,,135.7652094969953,106.84105179013834,148.462847274704,608.4201376940892,150.3586769285731,555.0931737350966
2019-03-20,,2.375,2.41,2.5369999408721924,13.630000114440918,4.058499813079834,96.5,67.86000061035156,1684.2099609375,,,135.0186465192788,107.34660780617742,148.39867203238094,605.0402158379596,150.04513805491337,560.6203930642436
2019-03-21,,2.375,2.41,2.4549999237060547,16.479999542236328,4.047299861907959,96.6500015258789,67.02999877929688,1663.6600341796875,,,133.0809630634822,105.53321363755181,148.95447133147485,613.2389069930933,149.537957861853,552.0805127992409
2019-03-22,,2.375,2.41,,,,,,1666.6600341796875,,,132.5618606898711,105.40156334505129,151.14409341912994,627.722555616274,149.6143974784404,553.1794019757549
2019-03-23,,2.375,2.41,,,,,,,,,,,,,,
2019-03-24,,2.375,2.41,2.4200000762939453,16.329999923706055,4.0625,96.56999969482422,67.20999908447266,,,,,,,,,
2019-03-25,,2.375,2.4,2.4140000343322754,14.680000305175781,4.065999984741211,96.73999786376953,67.97000122070312,1649.1500244140625,,,131.32797554426332,105.36112213266082,150.67144787526553,614.8593100830856,149.00698667881449,543.4091319213308
2019-03-26,,2.375,2.4,2.374000072479248,15.149999618530273,4.0721001625061035,96.7699966430664,67.83000183105469,1649.93994140625,,,131.38597199141734,105.81712846086604,151.9048718219639,621.9392626931234,148.83638606900385,544.6221910160828
2019-03-27,,2.375,2.41,2.3889999389648438,14.430000305175781,4.0690999031066895,97.19999694824219,67.81999969482422,1642.72998046875,,,130.37840474433628,106.29443549670962,152.65393964646654,625.7191744039807,149.38996722760749,545.2274966033748
2019-03-28,,2.375,2.41,2.4140000343322754,13.710000038146973,4.075500011444092,97.27999877929688,68.38999938964844,1641.3299560546875,,,130.49842333347308,105.27945251691236,151.81956201862172,630.5383223552527,149.8936287950925,547.039471045966
2019-03-29,,2.375,2.43,,,,,,1643.6300048828125,,,130.66166845383435,105.47868167525931,151.57066685724607,626.9114676494319,149.97935158198504,552.5541927921595
2019-03-30,,2.375,2.43,,,,,,,,,,,,,,
2019-03-31,503.28511243152,2.375,2.43,2.496999979019165,13.399999618530273,4.081500053405762,97.25,69.01000213623047,,0.3,,,,,,,
2019-04-01,,2.375,2.41,2.4809999465942383,13.359999656677246,4.078800201416016,97.36000061035156,69.37000274658203,1628.6600341796875,,,128.46201026697267,105.69421149878487,152.10419528103134,628.2425020858225,149.13411449101653,551.9414334657936
2019-04-02,,2.375,2.41,2.5169999599456787,13.739999771118164,4.088500022888184,97.08999633789062,69.30999755859375,1632.8299560546875,,,129.45094521876698,105.39265953480388,152.38588615844557,630.3358251014357,149.2490588094154,551.909492726518
2019-04-03,,2.375,2.41,2.51200008392334,13.579999923706055,4.076499938964844,97.30999755859375,69.4000015258789,1643.2099609375,,,129.97458314475168,106.18804398080124,151.57165376070765,642.8809488060225,149.31617194029906,559.832430408675
2019-04-04,,2.375,2.41,2.500999927520752,12.819999694824219,4.078400135040283,97.4000015258789,70.33999633789062,1645.0699462890625,,,129.90835274520364,106.01081329464992,153.35817746654342,656.8420648515097,149.3690667600481,557.425617049094
2019-04-05,,2.375,2.41,,,,,,1641.81005859375,,,129.75809963380942,106.49650684620188,152.94960799131053,670.6592652920083,149.3690667600481,553.817444080621
2019-04-06,,2.375,2.41,,,,,,,,,,,,,,
2019-04-07,,2.375,2.41,2.5190000534057617,13.180000305175781,4.082499980926514,97.05000305175781,71.0999984741211,,,,,,,,,
2019-04-08,,2.375,2.41,2.499000072479248,14.279999732971191,4.0929999351501465,97.01000213623047,70.61000061035156,1644.3499755859375,,,129.19072206752293,107.25994868009528,153.22820678447243,669.3183550099436,149.73076112538143,553.8240660166481
2019-04-09,,2.375,2.41,2.4769999980926514,13.300000190734863,4.0914998054504395,96.94999694824219,71.7300033569336,1641.93994140625,,,129.20737584246734,107.12879782466742,153.1783876539559,666.7904987460829,150.10218273684407,555.0385241047826
2019-04-10,,2.375,2.41,2.503999948501587,13.020000457763672,4.108099937438965,97.18000030517578,70.83000183105469,1639.4599609375,,,129.14459202109094,106.94508401394897,153.0466212814139,684.275323772485,149.1039417085222,554.435205627472
2019-04-11,,2.375,2.41,2.559999942779541,12.010000228881836,4.125400066375732,96.97000122070312,71.55000305175781,1624.22998046875,,,128.84429751297702,106.00542839437696,153.45289865596948,673.3428107566309,148.84328458680685,552.0140498702453
2019-04-12,,2.375,2.41,,,,,,1630.1700439453125,,,128.85271528261762,106.67077249495493,155.10297037589788,682.7414357333088,148.4271848930643,549.5982445399488
2019-04-13,,2.375,2.41,,,,,,,,,,,,,,
2019-04-14,,2.375,2.41,2.552999973297119,12.319999694824219,4.111999988555908,96.94000244140625,71.18000030517578,,,,,,,,,
2019-04-15,,2.375,2.41,2.5920000076293945,12.180000305175781,4.112800121307373,97.04000091552734,71.72000122070312,1631.3299560546875,,,128.72201698804994,106.89223834849287,154.34807367854785,692.2258498742877,148.84209605712567,548.3904759994862
2019-04-16,,2.375,2.41,2.5920000076293945,12.600000381469727,4.130000114440918,97.01000213623047,71.62000274658203,1629.4599609375,,,128.48970620231,106.59453965937176,154.29094684534056,688.3642428077388,149.25613153605724,546.5746307667731
2019-04-17,,2.375,2.42,2.559999942779541,12.09000015258789,4.133600234985352,97.47000122070312,71.97000122070312,1620.9000244140625,,,127.51311741749925,106.30095845081912,153.5406151084834,701.2999384087424,148.8846624816549,548.4044369572605
2019-04-18,,2.375,2.43,,,4.1545000076293945,,,1619.72998046875,,,127.47549618300522,106.088807006257,152.98731155291676,719.0861950104049,148.638063726089,543.5778475420959
2019-04-19,,2.375,2.44,,,,,,1622.0699462890625,,,127.9557880280345,106.13959264364321,153.4874211689444,708.9811781139292,148.33420468045975,546.6112815673154
2019-04-20,,2.375,2.44,,,,,,,,,,,,,,
2019-04-21,,2.375,2.44,2.5899999141693115,12.420000076293945,4.130000114440918,97.27999877929688,74.04000091552734,,,,,,,,,
2019-04-22,,2.375,2.44,2.569999933242798,12.279999732971191,4.130000114440918,97.56999969482422,74.51000213623047,1622.06005859375,,,129.11644334243027,105.53259593622808,152.93723358686148,722.8100446940763,147.05790004936458,549.6399919837692
2019-04-23,,2.375,2.44,2.5220000743865967,13.140000343322754,4.125500202178955,98.0999984741211,74.56999969482422,1627.43994140625,,,129.27806427650387,105.04239673349969,153.00896963415613,726.8631561780867,147.17135766157816,569.6039412750474
2019-04-24,,2.375,2.44,2.5339999198913574,13.25,4.130000114440918,98.19999694824219,74.3499984741211,1638.010009765625,,,129.9270592675068,106.02967918759678,153.81493285056604,729.9646996683075,147.70613189273178,575.6721512059834
2019-04-25,,2.375,2.44,2.505000114440918,12.729999542236328,4.1468000411987305,98.01000213623047,72.1500015258789,1635.6800537109375,,,129.30820522570318,106.24443856217869,153.7510321454973,740.4167652510087,147.5621405988743,576.260230280986
2019-04-26,,2.375,2.44,,,,,,1638.3800048828125,,,129.43170045679722,106.51801972385428,154.25336814641605,730.3279162847394,147.7371728313267,576.9344558362984
2019-04-27,,2.375,2.44,,,,,,,,,,,,,,
2019-04-28,,2.375,2.44,2.5360000133514404,13.109999656677246,4.130000114440918,97.86000061035156,72.04000091552734,,,,,,,,,
2019-04-29,,2.375,2.45,2.509000062942505,13.119999885559082,4.13129997253418,97.4800033569336,72.80000305175781,1637.4000244140625,,,129.36237050865842,106.53962354043371,153.5051699497682,717.4429217631586,147.4615970527015,579.9519701584975
2019-04-30,470.236389684814,2.375,2.45,2.510999917984009,14.800000190734863,4.133999824523926,97.69000244140625,72.18000030517578,1642.2900390625,0.5,,130.34711323551016,106.78906773953702,153.38411912349042,725.9721529768193,147.6444047795601,582.3533276424449
2019-05-01,,2.375,2.45,2.552000045776367,14.420000076293945,4.13040018081665,97.83000183105469,70.75,,,,,,,,,
2019-05-02,,2.375,2.41,2.5309998989105225,12.869999885559082,4.132900238037109,97.5199966430664,70.8499984741211,1632.239990234375,,,129.9787018903903,105.7849950833957,153.79196676443357,714.7470861809485,146.5442748892058,570.16873107998
2019-05-03,,2.375,2.4,,,,,,1637.300048828125,,,130.224018869487,105.7849950833957,154.05794164626775,714.7534646279742,146.7930787937687,571.3516935412765
2019-05-04,,2.375,2.4,,,,,,,,,,,,,,
2019-05-05,,2.375,2.4,2.5,15.4399995803833,4.14300012588501,97.5199966430664,71.23999786376953,,,,,,,,,
2019-05-06,,2.375,2.4,2.447999954223633,19.31999969482422,4.145100116729736,97.62999725341797,69.87999725341797,1632.800048828125,,,130.11869535445453,106.12240640262303,154.38924680924052,688.5016483263737,145.8509850759363,568.960001238601
2019-05-07,,2.375,2.4,2.4820001125335693,19.399999618530273,4.147799968719482,97.62000274658203,70.37000274658203,1639.3699951171875,,3.0,130.01318794027796,105.5800087257403,156.1611313557926,709.3464361397293,147.4198927314155,567.7204745638477
2019-05-08,,2.375,2.39,2.4570000171661377,19.100000381469727,4.147299766540527,97.37000274658203,70.38999938964844,1633.550048828125,,,129.7625488003503,105.32189187444807,155.61631224069754,705.1491627831423,146.4542018655704,567.7204745638477
2019-05-09,,2.375,2.38,2.4549999237060547,16.040000915527344,4.160200119018555,97.33000183105469,70.62000274658203,1618.530029296875,,,128.94856961533714,104.32123118614214,156.50072216900426,702.9986306634804,146.1760227042692,557.9371000731655
2019-05-10,,2.375,2.38,,,,,,1610.27001953125,,,128.82620123883495,102.96557045554108,158.13072061844804,701.9211508175451,145.27633626603907,556.1001772132
2019-05-11,,2.375,2.38,,,,,,,,,,,,,,
2019-05-12,,2.375,2.38,2.4049999713897705,20.549999237060547,4.156000137329102,97.31999969482422,70.2300033569336,,,,,,,,,
2019-05-13,,2.375,2.38,2.4189999103546143,18.059999465942383,4.158599853515625,97.52999877929688,71.23999786376953,1601.0899658203125,,,128.9898086270847,102.76607148494585,156.17979878809786,690.7228090338161,144.7819906688841,542.6497790611454
2019-05-14,,2.375,2.38,2.378999948501587,16.440000534057617,4.168000221252441,97.56999969482422,71.7699966430664,1599.18994140625,,,129.49964635302484,100.916510269597,157.00470555231306,686.4289209279127,143.6906577628319,543.9929611332892
2019-05-15,,2.375,2.4,2.4049999713897705,15.289999961853027,4.171000003814697,97.83999633789062,72.62000274658203,1611.4300537109375,,,129.52801545507887,101.25400344481554,156.7278078540978,710.7561666818343,144.3538332723009,559.9607170009405
2019-05-16,,2.375,2.39,2.3929998874664307,15.960000038146973,4.164000034332275,98.0,72.20999908447266,1599.18994140625,,,128.86587838166142,99.95357334057474,157.34664904821975,708.315388918837,144.53608717625374,552.7618059536868
2019-05-17,,2.375,2.39,,,,,,1605.3599853515625,,,129.61758062960175,100.37536514388077,156.87166908438533,697.334265960169,144.260166041651,558.2694474957823
2019-05-18,,2.375,2.39,,,,,,,,,,,,,,
2019-05-19,,2.375,2.39,2.4159998893737793,16.309999465942383,4.173999786376953,97.93000030517578,71.97000122070312,,,,,,,,,
2019-05-20,,2.375,2.39,2.4260001182556152,14.949999809265137,4.174099922180176,98.05999755859375,72.18000030517578,,,,,,,,,
2019-05-21,,2.375,2.39,2.3929998874664307,14.75,,98.11000061035156,70.98999786376953,1603.739990234375,,,129.51774155527855,100.4548368241903,156.20513521897067,666.7726922278019,144.1978221971952,561.888488312563
2019-05-22,,2.375,2.38,2.2960000038146973,16.920000076293945,4.1828999519348145,97.8499984741211,67.76000213623047,,,,,,,,,
2019-05-23,,2.375,2.38,2.3239998817443848,15.850000381469727,4.189499855041504,97.61000061035156,68.69000244140625,1601.8699951171875,,,129.78421567829636,100.07369554621661,157.1484656081751,637.0793293038771,142.75693589683712,567.6176610723999
2019-05-24,,2.375,2.38,,,,,,1598.3199462890625,,,129.67878373412182,99.72802925945643,158.05162807703906,652.6152799849009,143.42097854716732,559.7663439410848
2019-05-25,,2.375,2.38,,,,,,,,,,,,,,
2019-05-26,,2.375,2.38,,,4.184000015258789,,,,,,,,,,,
2019-05-27,,2.375,2.38,2.2679998874664307,17.5,4.184100151062012,97.95999908447266,70.11000061035156,1601.3499755859375,,,130.42965498640763,100.791783671327,158.05455373655337,656.962417170171,142.23545400341234,557.7999940172135
2019-05-28,,2.375,2.39,2.2360000610351562,17.899999618530273,4.185999870300293,98.13999938964844,69.44999694824219,1614.5699462890625,,,131.07854814448325,100.71217139162691,159.9955597432768,680.8794854549687,142.25843740563724,561.1468110183081
2019-05-29,,2.375,2.39,2.2269999980926514,17.299999237060547,4.192999839782715,98.13999938964844,66.87000274658203,1623.6700439453125,,,130.89033043732005,100.12270894029751,157.28922548407823,669.3323318106936,142.85760901049582,576.1522333363297
2019-05-30,,2.375,2.39,2.1419999599456787,18.709999084472656,4.184000015258789,97.75,64.48999786376953,1636.5,,,132.34399241085714,99.85477122606777,156.26389781441222,671.328282169172,145.38010799694246,574.6916356073673
2019-05-31,474.627071385656,2.375,2.4,,,,,,1650.760009765625,0.5,,132.90098961287663,101.9515025250876,155.57499247729524,674.3001145914877,146.96868142318507,576.4088502019613
2019-06-01,,2.375,2.4,,,,,,,,,,,,,,
2019-06-02,,2.375,2.4,2.0810000896453857,18.860000610351562,4.189599990844727,97.13999938964844,61.279998779296875,,,,,,,,,
2019-06-03,,2.375,2.38,2.11899995803833,16.969999313354492,4.178999900817871,97.06999969482422,61.970001220703125,1655.31005859375,,,132.8091318397399,102.15054122062443,155.98831824467078,679.3021887512967,148.4148474764787,570.3387902258935
2019-06-04,,2.375,2.38,2.122999906539917,16.09000015258789,4.165999889373779,97.37000274658203,60.630001068115234,1644.0899658203125,,,132.73603036641046,100.60329402697465,155.98832037023337,677.5024586352724,148.81161040143078,563.2578314699838
2019-06-05,,2.375,2.38,2.124000072479248,15.930000305175781,4.172500133514404,97.02999877929688,61.66999816894531,,,,132.73603036641046,100.60329402697465,155.98832037023337,677.5024586352724,148.81161040143078,563.2578314699838
2019-06-06,,2.375,2.37,2.0840001106262207,16.299999237060547,4.146500110626221,96.61000061035156,63.290000915527344,,,,132.73603036641046,100.60329402697465,155.98832037023337,677.5024586352724,148.81161040143078,563.2578314699838
2019-06-07,,2.375,2.37,,,,,,1649.3299560546875,,,132.5020159622879,101.18291653456043,156.2498381068427,674.5013232288622,148.86067183493333,575.7643042064057
2019-06-08,,2.375,2.37,,,,,,,,,,,,,,
2019-06-09,,2.375,2.37,2.1429998874664307,15.9399995803833,4.145500183105469,96.76000213623047,62.290000915527344,,,,,,,,,
2019-06-10,,2.375,2.37,2.140000104904175,15.989999771118164,4.1605000495910645,96.69000244140625,62.290000915527344,1655.469970703125,,,132.89853138261384,101.10902176003509,156.74321221995592,695.8001651520674,147.57149241899455,577.6241542882566
2019-06-11,,2.375,2.37,2.127000093460083,15.90999984741211,4.161099910736084,97.0,59.970001220703125,1651.199951171875,,,132.95141058501883,101.08647725033492,156.7417328442795,702.1244889297072,147.66710932862466,575.0456522810777
2019-06-12,,2.375,2.37,2.0910000801086426,15.819999694824219,4.1570000648498535,97.01000213623047,61.310001373291016,1650.739990234375,,,132.83410732388,100.80613893957022,156.18886030621294,706.5595875397536,146.90983272364008,571.9685722096247
2019-06-13,,2.375,2.37,2.0929999351501465,15.279999732971191,4.160099983215332,97.56999969482422,62.0099983215332,1643.739990234375,,,132.6912511676172,100.94729254167515,155.63052291087263,714.9289930492349,147.20419877052723,569.6139824930766
2019-06-14,,2.375,2.36,,,,,,1638.6300048828125,,,131.79212567064366,100.66412644812743,155.62903656742108,688.2331170817449,146.93928893213905,562.7048154497627
2019-06-15,,2.375,2.36,,,,,,,,,,,,,,
2019-06-16,,2.375,2.36,2.0859999656677246,15.350000381469727,4.164999961853027,97.55999755859375,60.939998626708984,,,,,,,,,
2019-06-17,,2.375,2.38,2.059999942779541,15.149999618530273,4.176000118255615,97.63999938964844,62.13999938964844,1638.4000244140625,,,131.3524979660784,100.47447479994295,156.8096868555572,679.4571977362563,146.19217961773765,561.4873682730458
2019-06-18,,2.375,2.37,2.0290000438690186,14.329999923706055,4.162099838256836,97.12000274658203,61.81999969482422,1652.760009765625,,,131.0771521983244,102.2288802152233,156.95840152943455,671.0288250772909,147.15954958819498,558.779640580932
2019-06-19,,2.375,2.37,2.000999927520752,14.75,4.17110013961792,96.62999725341797,64.44999694824219,1666.5400390625,,,131.4904908871,104.62926069144783,156.12046648016323,679.9476360460817,147.31568195849303,566.9234715242035
2019-06-20,,2.375,2.37,2.068000078201294,15.399999618530273,4.145500183105469,96.22000122070312,65.19999694824219,1675.4300537109375,,,131.20255338040397,102.74709651963909,156.7454241229453,690.4520995863597,147.3744261918848,567.5019595744752
2019-06-21,,2.375,2.38,,,,,,1682.22998046875,,,131.16466367023716,103.34830619922177,163.50418009808288,697.6628009088447,148.63580356740545,574.6158452938846
2019-06-22,,2.375,2.38,,,,,,,,,,,,,,
2019-06-23,,2.375,2.38,2.0209999084472656,15.260000228881836,4.134399890899658,95.9800033569336,64.86000061035156,,,,,,,,,
2019-06-24,,2.375,2.38,1.99399995803833,16.280000686645508,4.13700008392334,96.16000366210938,65.05000305175781,1676.1300048828125,,,131.60461808415573,102.34599462073895,158.8440748712022,700.7379374527704,148.1421747398962,572.184296072387
2019-06-25,,2.375,2.38,2.0490000247955322,16.209999084472656,4.126500129699707,96.20999908447266,66.48999786376953,1676.6099853515625,,,131.95623936229794,103.00125530694282,158.8440748712022,697.8792966205632,147.73550716562087,570.3937907054914
2019-06-26,,2.375,2.38,2.005000114440918,15.819999694824219,4.135799884796143,96.19000244140625,66.55000305175781,1674.489990234375,,,132.23646256675715,102.891979322813,158.8440748712022,693.1865759724393,147.43593470738932,566.48240692371
2019-06-27,,2.375,2.38,2.0,15.079999923706055,4.139999866485596,96.12999725341797,66.55000305175781,1672.699951171875,,,132.1104848885968,102.97788675263932,158.3590817720432,702.8510912748607,145.80952698909027,566.1429023213716
2019-06-28,,2.375,2.4,,,,,,1672.1300048828125,,,132.00367151274946,103.10958189204702,157.39573269301937,700.7808849576666,146.70282284410914,564.3525332252233
2019-06-29,,2.375,2.4,,,,,,,,,,,,,,
2019-06-30,466.214596109574,2.375,2.4,2.0339999198913574,14.0600004196167,4.124100208282471,96.83999633789062,65.05999755859375,,0.4,,,,,,,
2019-07-01,,2.375,2.39,1.9759999513626099,12.930000305175781,4.13070011138916,96.7300033569336,62.400001525878906,1683.6199951171875,,,132.3976754486065,102.91698211045272,157.8159642951412,724.0826119149386,149.03801237312732,568.4421010586785
2019-07-02,,2.375,2.4,1.9529999494552612,12.569999694824219,4.139999866485596,96.7699966430664,63.81999969482422,1691.0,,,132.989113220439,102.38526480690118,157.68354377084205,719.2048924883378,148.84350906172148,563.1765397535735
2019-07-03,,2.375,2.41,,,4.1350998878479,,,1690.050048828125,,,132.2878530662961,102.6215722758192,158.1616867995541,718.1185308765155,148.78407491960658,565.9084400710814
2019-07-04,,2.375,2.41,2.0480000972747803,13.279999732971191,4.130000114440918,97.25,64.2300033569336,1687.47998046875,,,131.84339795332488,102.39654978127297,159.81503800925728,716.1362853498334,148.5841548588637,560.3833757479038
2019-07-05,,2.375,2.42,,,,,,1682.530029296875,,,132.37490033098013,103.08404794144941,159.55607391089262,720.1876912337221,148.96246831739825,557.2979184534424
2019-07-06,,2.375,2.42,,,,,,,,,,,,,,
2019-07-07,,2.375,2.42,2.0339999198913574,13.960000038146973,4.132999897003174,97.37999725341797,64.11000061035156,,,,,,,,,
2019-07-08,,2.375,2.41,2.053999900817871,14.09000015258789,4.132999897003174,97.48999786376953,64.16000366210938,1677.6400146484375,,,132.17275698562972,102.54245081152892,159.83598803332654,715.6529188661675,148.2205206179845,553.7050315629064
2019-07-09,,2.375,2.41,2.061000108718872,13.029999732971191,4.1392998695373535,97.0999984741211,67.01000213623047,1682.8699951171875,,3.0,132.17923736972907,103.0311222514521,159.55132191183483,716.6827543385228,148.56165650007108,557.5681049138952
2019-07-10,,2.375,2.41,2.119999885559082,12.930000305175781,4.130099773406982,97.05000305175781,66.5199966430664,1678.969970703125,,,132.12915688779242,102.99671497205216,159.6963593160762,716.338070214113,145.9111994527026,561.4630988707848
2019-07-11,,2.375,2.4,2.1059999465942383,12.390000343322754,4.114999771118164,96.80999755859375,66.72000122070312,1679.260009765625,,,132.03245660060196,102.54847467957815,160.6521603353234,742.3531611044292,145.52483548027442,557.8514221774029
2019-07-12,,2.375,2.38,,,,,,1669.449951171875,,,130.6545528280483,102.27627553674748,160.7201183199088,739.3073488803242,145.1648126911985,555.4119539718855
2019-07-13,,2.375,2.38,,,,,,,,,,,,,,
2019-07-14,,2.375,2.38,2.0920000076293945,12.680000305175781,4.110400199890137,96.93000030517578,66.4800033569336,,,,,,,,,
2019-07-15,,2.375,2.4,2.121999979019165,12.859999656677246,4.100800037384033,97.4000015258789,64.3499984741211,1672.3699951171875,,,130.427337723986,102.09248015596239,160.45088428747064,744.2732792260196,144.6026522249378,548.6809575702589
2019-07-16,,2.375,2.41,2.061000108718872,13.970000267028809,4.105299949645996,97.22000122070312,63.65999984741211,1668.93994140625,,,130.21063445203794,101.72715367143768,160.6525604899571,750.2598270488559,143.63088532639514,550.1375487912434
2019-07-17,,2.375,2.41,2.0380001068115234,13.529999732971191,4.109099864959717,96.79000091552734,61.93000030517578,1657.530029296875,,,130.03991692636833,101.69102004411205,159.6879800120089,739.1816103518979,141.14669807402947,547.1397104613274
2019-07-18,,2.375,2.41,2.0480000972747803,14.449999809265137,4.105100154876709,97.1500015258789,62.470001220703125,1648.9300537109375,,,129.753492278075,100.91582209700465,160.09637379959995,734.7557429359375,138.44330468861952,551.3625312217218
2019-07-19,,2.375,2.41,,,,,,1658.18994140625,,,130.59599677822314,100.48161588260108,159.75776484012462,747.8532905212533,140.1094997466455,553.2084352659468
2019-07-20,,2.375,2.41,,,,,,,,,,,,,,
2019-07-21,,2.375,2.41,2.0429999828338623,13.529999732971191,4.109099864959717,97.26000213623047,63.2599983215332,,,,,,,,,
2019-07-22,,2.375,2.4,2.0739998817443848,12.609999656677246,4.110499858856201,97.70999908447266,63.83000183105469,1655.4000244140625,,,130.01830370097417,100.20879169869268,158.98824483015673,750.7886309238355,139.24808501421703,557.0275611343333
2019-07-23,,2.375,2.4,2.049999952316284,12.069999694824219,4.115499973297119,97.7300033569336,63.18000030517578,1655.6700439453125,,,129.78342863892763,100.8044325690849,158.98824483015673,757.6607285684039,138.32566137638747,553.9331076652877
2019-07-24,,2.375,2.4,2.0739998817443848,12.739999771118164,4.116499900817871,97.81999969482422,63.38999938964844,1652.4100341796875,,,129.1326617229364,100.66785390108797,159.0558384346061,763.788533258388,136.29759478551557,553.9331076652877
2019-07-25,,2.375,2.4,2.0810000896453857,12.15999984741211,4.11299991607666,98.01000213623047,63.459999084472656,1656.5799560546875,,,129.04561165098733,101.60364768126638,159.04233744309687,767.1316936430904,136.88907657793783,565.7841155282028
2019-07-26,,2.375,2.4,,,,,,1647.9599609375,,,128.2045642304412,99.97347674259237,158.80811551625234,761.784432520081,136.4777237870471,564.5647813959819
2019-07-27,,2.375,2.4,,,,,,,,,,,,,,
2019-07-28,,2.375,2.4,2.055000066757202,12.829999923706055,4.117000102996826,98.04000091552734,63.709999084472656,,,,,,,,,
2019-07-29,,2.375,2.4,2.061000108718872,13.9399995803833,4.1184000968933105,98.05000305175781,64.72000122070312,1642.68994140625,,,127.36951710083235,100.50021118900057,159.03398122572173,763.8166435708968,136.11060253331488,565.7841155410347
2019-07-30,,2.375,2.39,2.0209999084472656,16.1200008392334,4.122499942779541,98.5199966430664,65.16999816894531,,,,,,,,,
2019-07-31,508.608892809685,2.375,2.4,1.8940000534057617,17.8700008392334,4.118100166320801,98.38999938964844,60.5,1634.8699951171875,1.9,,126.32330897669033,99.36477825273279,159.3202851773333,746.5161852323243,134.22117026478142,554.2015178698362
2019-08-01,,2.125,2.14,1.8550000190734863,17.610000610351562,4.140500068664551,98.0999984741211,61.88999938964844,1639.0699462890625,,,126.36420880512576,99.41925086067263,159.32448758970554,748.6413336729813,134.35066733873907,574.3016563354101
2019-08-02,,2.125,2.14,,,,,,1626.760009765625,,,126.0931122998952,99.04816349824289,162.13164999003916,736.7009589856681,134.05509118777726,573.0808751241555
2019-08-03,,2.125,2.14,,,,,,,,,,,,,,
2019-08-04,,2.125,2.14,1.7350000143051147,24.59000015258789,4.154200077056885,97.5,59.810001373291016,,,,,,,,,
2019-08-05,,2.125,2.13,1.7389999628067017,20.170000076293945,4.176499843597412,97.62999725341797,58.939998626708984,1610.4100341796875,,,124.9147091598057,97.77926276996895,161.84870658428966,720.400997195137,131.9296559419493,566.4651736946063
2019-08-06,,2.125,2.13,1.684000015258789,19.489999771118164,4.190299987792969,97.54000091552734,56.22999954223633,1611.7900390625,,,125.2888558727577,97.44819201884523,162.11332437397857,723.4871971230132,132.2413107731444,566.6951459897464
2019-08-07,,2.125,2.12,1.715999960899353,16.90999984741211,4.203999996185303,97.62000274658203,57.380001068115234,1604.699951171875,,,124.71876014000098,98.48026984075801,162.24978759112304,727.3297287315085,131.92937795955288,566.0777390705954
2019-08-08,,2.125,2.12,1.7339999675750732,17.969999313354492,4.182600021362305,97.48999786376953,58.529998779296875,1616.02001953125,,,125.08894587404697,100.83198401517355,162.7885672288427,735.5779022490157,132.59461317315518,570.8481789929014
2019-08-09,,2.125,2.12,,,,,,1615.050048828125,,,125.0220419856635,100.03271711826389,163.09547719492824,741.8549340562059,133.22706670568903,571.9331853085209
2019-08-10,,2.125,2.12,,,,,,,,,,,,,,
2019-08-11,,2.125,2.12,1.6390000581741333,21.09000015258789,4.182000160217285,97.37999725341797,58.56999969482422,,,,,,,,,
2019-08-12,,2.125,2.12,1.6799999475479126,17.520000457763672,4.199399948120117,97.80999755859375,61.29999923706055,,,,,,,,,
2019-08-13,,2.125,2.12,1.5809999704360962,22.100000381469727,4.184999942779541,97.98999786376953,59.47999954223633,1592.8800048828125,,,122.98697716764889,99.31835994453893,164.18752371089315,720.873081033974,131.89688288202277,565.3280051635338
2019-08-14,,2.125,2.12,1.5290000438690186,21.18000030517578,4.1875,98.13999938964844,58.22999954223633,1600.31005859375,,,123.98718753143687,99.90646631236997,162.82444355119173,740.5299322569805,131.7705657516927,567.1403685714392
2019-08-15,,2.125,2.13,1.5390000343322754,18.469999313354492,4.189499855041504,98.13999938964844,58.63999938964844,1600.2900390625,,,123.46994592065677,101.5374685222761,162.52480351572038,733.6833738087241,131.03281877771374,564.1469709037087
2019-08-16,,2.125,2.13,,,,,,1599.219970703125,,,123.4403892165271,100.9333784613559,163.6208974093769,740.1367975552142,130.6530148900483,564.6684167286577
2019-08-17,,2.125,2.13,,,,,,,,,,,,,,
2019-08-18,,2.125,2.13,1.5980000495910645,16.8799991607666,4.175099849700928,98.3499984741211,59.7400016784668,,,,,,,,,
2019-08-19,,2.125,2.13,1.5609999895095825,17.5,4.171199798583984,98.19000244140625,60.029998779296875,1596.449951171875,,,123.1661459515645,100.58926727767532,164.82805088578863,745.7086394513703,131.50501009425608,568.4158418064327
2019-08-20,,2.125,2.13,1.5770000219345093,15.800000190734863,4.178100109100342,98.30000305175781,60.29999923706055,1602.75,,,124.53023239686706,101.19359001755312,164.26163511618876,750.3879195622286,132.22965016608114,567.7504699412893
2019-08-21,,2.125,2.12,1.6100000143051147,16.68000030517578,4.172500133514404,98.16999816894531,59.91999816894531,1594.5899658203125,,,123.43189367100508,100.60247151669495,164.79322386292316,754.8027583342955,130.8693737553025,566.5701162304805
2019-08-22,,2.125,2.12,1.527999997138977,19.8700008392334,4.1855998039245605,97.63999938964844,59.34000015258789,1602.469970703125,,,123.61449619933948,101.22599793397025,165.1422106014493,753.7522260585572,131.4851281868455,575.1545538734848
2019-08-23,,2.125,2.12,,,,,,1609.3299560546875,,,124.12062753177608,102.66663455957135,166.55739893252925,754.4191293486974,131.9821316397129,586.4218589479326
2019-08-24,,2.125,2.12,,,,,,,,,,,,,,
2019-08-25,,2.125,2.12,1.5449999570846558,19.31999969482422,4.190000057220459,98.08000183105469,58.70000076293945,,,,,,,,,
2019-08-26,,2.125,2.12,1.4900000095367432,20.309999465942383,4.198400020599365,98.0,59.5099983215332,1600.530029296875,,,123.75985731348737,102.00367212398038,168.0912477926165,748.0873134852521,127.4525371939497,574.2298176931251
2019-08-27,,2.125,2.12,1.465999960899353,19.350000381469727,4.199999809265137,98.20999908447266,60.4900016784668,1590.8399658203125,,,123.2878986209883,101.17428314686849,168.81812818307475,741.3943101658534,125.7368452019359,577.2755010486627
2019-08-28,,2.125,2.12,1.5160000324249268,17.8799991607666,4.211999893188477,98.51000213623047,61.08000183105469,1589.8199462890625,,,122.52123495064097,101.22943704977658,167.23186042551475,746.0332966317726,127.04919464443991,579.061154327525
2019-08-29,,2.125,2.12,1.50600004196167,18.979999542236328,4.2154998779296875,98.91999816894531,60.43000030517578,1595.1800537109375,,,122.38471999366807,102.6601930752177,166.21082801932803,744.4889606987074,127.5838749668567,580.2817948538507
2019-08-30,,2.125,2.13,,,,,,1612.1400146484375,,,123.94691294909401,104.30485554764914,168.1140287150605,745.6461907033286,130.44209278311746,590.047862706904
2019-08-31,506.856315453768,2.125,2.13,,,,,,,2.0,,,,,,,
2019-09-01,,2.125,2.13,,,4.203000068664551,,,,,,,,,,,
2019-09-02,,2.125,2.13,1.465999960899353,19.65999984741211,4.219099998474121,98.94999694824219,58.2599983215332,,,,,,,,,
2019-09-03,,2.125,2.13,1.4589999914169312,17.329999923706055,4.206699848175049,98.44999694824219,60.70000076293945,1591.52001953125,,,123.34316046815985,101.88453834002453,168.78808287017878,747.820692773757,125.39170034949207,582.766391385361
2019-09-04,,2.125,2.13,1.565000057220459,16.270000457763672,4.190499782562256,98.41000366210938,60.95000076293945,1599.8900146484375,,,124.05097383137003,103.1176178971964,168.7391870265222,744.820873098824,128.47142335532823,583.4906889451826
2019-09-05,,2.125,2.13,1.5499999523162842,15.0,4.1890997886657715,98.38999938964844,61.540000915527344,1599.75,,,124.10499078352326,102.72361200108071,168.9437070296625,749.6060764588067,129.03730195038295,587.1362192432455
2019-09-06,,2.125,2.12,,,,,,1604.469970703125,,,123.74419568718784,102.88537442821718,168.98196295420883,761.5280608804891,130.2966764735047,586.5370292796567
2019-09-07,,2.125,2.12,,,,,,,,,,,,,,
2019-09-08,,2.125,2.12,1.621999979019165,15.270000457763672,4.177999973297119,98.27999877929688,62.59000015258789,,,,,,,,,
2019-09-09,,2.125,2.13,1.7020000219345093,15.199999809265137,4.162799835205078,98.33000183105469,62.380001068115234,,,,,,,,,
2019-09-10,,2.125,2.13,1.7330000400543213,14.609999656677246,4.164000034332275,98.6500015258789,60.810001373291016,1595.8499755859375,,,123.93503869758149,103.22053073486843,169.2036287718014,776.3695278926002,130.37303589265824,587.1595881087289
2019-09-11,,2.125,2.13,1.7910000085830688,14.220000267028809,4.176000118255615,98.30999755859375,60.380001068115234,1602.300048828125,,,124.3228012271274,103.59845264682195,167.22888171569042,782.6815335935032,135.24997012767506,589.6260155682152
2019-09-12,,2.125,2.13,1.902999997138977,13.739999771118164,4.16510009765625,98.26000213623047,60.220001220703125,1601.0,,3.0,124.08112956186363,102.67780426784263,166.2743233816249,783.3583421068346,135.79962960200612,592.1086009470878
2019-09-13,,2.125,2.14,,,,,,1601.25,,,124.24657780589921,103.12758098069021,166.78584284748942,785.148123912655,135.53308969083332,592.1086009470878
2019-09-14,,2.125,2.14,,,,,,,,,,,,,,
2019-09-15,,2.125,2.14,1.840999960899353,14.670000076293945,4.165999889373779,98.6500015258789,69.0199966430664,,,,,,,,,
2019-09-16,,2.125,2.25,1.812000036239624,14.4399995803833,4.161499977111816,98.26000213623047,64.55000305175781,,,,,,,,,
2019-09-17,,2.125,2.3,1.7860000133514404,13.949999809265137,4.184999942779541,98.5999984741211,63.599998474121094,1604.300048828125,,,124.12270181646873,103.11531327807835,165.67880052623997,785.2206637017422,138.46140299388253,592.1086009470878
2019-09-18,,2.125,2.25,1.7740000486373901,14.050000190734863,4.182499885559082,98.2699966430664,64.4000015258789,1599.489990234375,,,124.44461458659235,102.93549563951996,166.48752033087587,801.3115687861576,138.17744726440236,591.4906245150468
2019-09-19,,1.875,1.9,1.7549999952316284,15.319999694824219,4.187300205230713,98.51000213623047,64.27999877929688,1596.280029296875,,,124.40692638411804,102.41885188817052,166.28147029675299,804.5694887771741,138.46121283558563,590.826440678115
2019-09-20,,1.875,1.9,,,,,,1597.4100341796875,,,124.6743386285634,102.27547939587747,165.790090627877,809.5311465410575,138.50646095532946,590.2512252337848
2019-09-21,,1.875,1.9,,,,,,,,,,,,,,
2019-09-22,,1.875,1.9,1.7079999446868896,14.90999984741211,4.172500133514404,98.5999984741211,64.7699966430664,,,,,,,,,
2019-09-23,,1.875,1.9,1.6349999904632568,17.049999237060547,4.175099849700928,98.33999633789062,63.099998474121094,1592.9300537109375,,,124.75107063500745,101.20360806766627,165.47743623490163,800.6541399631831,136.85300774985467,586.0436947849769
2019-09-24,,1.875,1.9,1.7319999933242798,15.960000038146973,4.173099994659424,99.04000091552734,62.38999938964844,1592.3299560546875,,,124.33466067604742,102.0670558487061,164.70913653738762,808.4274837515263,136.77065185166768,588.4423693355801
2019-09-25,,1.875,1.9,1.684999942779541,16.06999969482422,4.189000129699707,99.20999908447266,62.7400016784668,1589.5799560546875,,,124.23168038380057,101.90493708960304,166.37221557774393,804.7333833903164,137.0881303505087,587.8418464069986
2019-09-26,,1.875,1.85,1.6749999523162842,17.219999313354492,4.184999942779541,99.11000061035156,61.90999984741211,1593.0,,,124.73997929913337,102.53552739087817,166.41492259829798,819.7033898352524,137.29985113518075,587.2205142131306
2019-09-27,,1.875,1.83,,,,,,1584.1400146484375,,,123.72706039166907,101.4776033570981,166.00402387960705,817.6197395861919,137.31979724763707,572.4858760475931
2019-09-28,,1.875,1.83,,,,,,,,,,,,,,
2019-09-29,,1.875,1.83,1.6749999523162842,16.239999771118164,4.190499782562256,99.37999725341797,60.779998779296875,,,,,,,,,
2019-09-30,523.520131772373,1.875,1.9,1.6440000534057617,18.559999465942383,4.184599876403809,99.12999725341797,58.88999938964844,1583.9100341796875,2.0,,123.5424065048903,101.43970493035867,166.4830741910994,823.0180501889377,137.33673849155977,562.5842167857601
2019-10-01,,1.875,1.88,1.5959999561309814,20.559999465942383,4.190000057220459,99.04000091552734,57.689998626708984,1589.43994140625,,,123.92922163137273,102.30107340135885,165.66698642198548,849.8476867197742,137.56759080227621,567.4765292070111
2019-10-02,,1.875,1.85,1.5360000133514404,19.1200008392334,4.184999942779541,98.86000061035156,57.709999084472656,1574.9000244140625,,,122.77561841778468,100.27612317080307,167.35404773734223,852.6662217145637,136.99594088842753,566.2942975948814
2019-10-03,,1.875,1.83,1.5149999856948853,17.040000915527344,4.184500217437744,98.80999755859375,58.369998931884766,1564.1199951171875,,,121.58168589286224,99.64218724053082,166.80714599877723,857.5384426297869,136.65809632260292,560.3324792254675
2019-10-04,,1.875,1.82,,,,,,1557.6700439453125,,,121.30730619300287,97.76402405286746,166.32553798010517,878.6419562521663,136.0379074461696,562.1245240322892
2019-10-05,,1.875,1.82,,,,,,,,,,,,,,
2019-10-06,,1.875,1.82,1.5529999732971191,17.860000610351562,4.182000160217285,98.98999786376953,58.349998474121094,,,,,,,,,
2019-10-07,,1.875,1.82,1.5369999408721924,20.280000686645508,4.190000057220459,99.13999938964844,58.2400016784668,1559.0,,,121.57687825381727,97.23791562189132,166.09560856589198,878.3614586667302,135.79676666137394,562.7519090330181
2019-10-08,,1.875,1.82,1.5889999866485596,18.639999389648438,4.190999984741211,99.12000274658203,58.31999969482422,1558.7900390625,,,121.73090279360028,97.48277177672105,166.02717774347488,876.3773780443154,134.04957321843213,563.8831314702401
2019-10-09,,1.875,1.82,1.6579999923706055,17.56999969482422,4.195000171661377,98.70999908447266,59.099998474121094,1551.22998046875,,,120.60228254861872,96.77178647202365,165.31370524438512,857.5024490418349,134.96126881742833,555.206371836785
2019-10-10,,1.875,1.82,1.7519999742507935,15.579999923706055,4.186500072479248,98.30000305175781,60.5099983215332,1551.8699951171875,,,120.85929857628285,96.56069591498195,164.17150701637314,850.5384532205067,134.17717405292865,549.6305440375718
2019-10-11,,1.875,1.82,,,,,,1556.8399658203125,,,120.88933340844233,96.56432087962588,163.85243598082172,867.9945047061492,134.42707576185722,547.7693490169684
2019-10-12,,1.875,1.82,,,,,,,,,,,,,,
2019-10-13,,1.875,1.82,1.7330000400543213,14.569999694824219,4.179999828338623,98.44999694824219,59.349998474121094,,,,,,,,,
2019-10-14,,1.875,1.82,1.7710000276565552,13.539999961853027,4.185500144958496,98.29000091552734,58.7400016784668,1567.5899658203125,,,121.98548015035504,97.77203132010614,162.98239576077808,864.1591381840458,136.0076264757219,548.248108913756
2019-10-15,,1.875,1.9,1.7480000257492065,13.680000305175781,4.189000129699707,98.01000213623047,59.41999816894531,1566.22998046875,,,122.18501402427793,98.38842223398242,163.10242604754595,877.4397000988765,135.79812210585996,552.2021685769839
2019-10-16,,1.875,1.9,1.7569999694824219,13.789999961853027,4.1880998611450195,97.61000061035156,59.90999984741211,1574.9000244140625,,,122.64593591248432,99.179767043813,161.01735361722268,887.2707585475863,137.01436016755062,557.1017303311976
2019-10-17,,1.875,1.85,1.746999979019165,14.25,4.177000045776367,97.27999877929688,59.41999816894531,1574.5,,,122.60630355621286,100.10486557728791,160.94154581917098,891.7746201424042,136.28729751243813,560.9235888610217
2019-10-18,,1.875,1.85,,,,,,1571.1500244140625,,,122.75705030416579,98.37098639108845,161.2989194291581,908.3408603814357,136.58947152340457,555.6512129023492
2019-10-19,,1.875,1.85,,,,,,,,,,,,,,
2019-10-20,,1.875,1.85,1.7920000553131104,14.0,4.183000087738037,97.33000183105469,58.959999084472656,,,,,,,,,
2019-10-21,,1.875,1.85,1.7680000066757202,14.460000038146973,4.179999828338623,97.52999877929688,59.70000076293945,1570.9300537109375,,,122.5452322698859,98.62218443882705,164.25316001588334,911.1408598695791,137.0646111129331,559.3235640466733
2019-10-22,,1.875,1.85,1.7589999437332153,14.010000228881836,4.185999870300293,97.47000122070312,61.16999816894531,1574.0899658203125,,,122.47168047386798,98.63661697953776,161.52657758749976,914.9817365258868,137.57201280551453,559.8474274467465
2019-10-23,,1.875,1.85,1.7660000324249268,13.710000038146973,4.184800148010254,97.62999725341797,61.66999816894531,1568.7900390625,,,122.07835945351336,98.84557443589938,162.14904928330174,910.8287366785687,137.07347800542306,561.2598579323803
2019-10-24,,1.875,1.85,1.8009999990463257,12.649999618530273,4.182499885559082,97.83000183105469,62.02000045776367,1571.1099853515625,,,122.27531185053128,97.91364948470171,162.13421984769695,909.2072796939337,136.62218060393104,561.2053592017924
2019-10-25,,1.875,1.83,,,,,,1570.0,,,122.06641041240044,98.69722184661556,160.50235395054128,882.2567948987203,136.78321665580432,558.7572773532623
2019-10-26,,1.875,1.83,,,,,,,,,,,,,,
2019-10-27,,1.875,1.83,1.8530000448226929,13.109999656677246,4.183499813079834,97.76000213623047,61.56999969482422,,,,,,,,,
2019-10-28,,1.875,1.83,1.8350000381469727,13.199999809265137,4.181099891662598,97.69000244140625,61.59000015258789,,,,,,,,,
2019-10-29,,1.875,1.82,1.7979999780654907,12.329999923706055,4.180600166320801,97.6500015258789,60.61000061035156,1577.7900390625,,,122.9893318598577,99.80501598481992,160.5387457027151,870.6834570498119,137.07039625208097,559.9811929333667
2019-10-30,,1.875,1.82,1.690999984741211,13.220000267028809,4.175099849700928,97.3499984741211,60.22999954223633,1580.0,,,123.60555314943326,99.256384019125,160.75064418561317,872.502130338176,137.24862611215121,561.9033137476027
2019-10-31,612.802778088192,1.625,1.58,1.7280000448226929,12.300000190734863,4.176300048828125,97.23999786376953,61.689998626708984,1597.97998046875,1.5,,127.44448953738616,100.2415212069931,159.2547306457788,885.150852013837,137.6051593839864,556.3694672034271
2019-11-01,,1.625,1.57,,,,,,1593.3399658203125,,,126.4790700103337,100.37968258711405,158.98896499408175,886.2736297639669,137.18657524019255,557.2292380511095
2019-11-02,,1.625,1.57,,,,,,,,,,,,,,
2019-11-03,,1.625,1.57,1.7860000133514404,12.829999923706055,4.1620001792907715,97.51000213623047,62.130001068115234,,,,,,,,,
2019-11-04,,1.625,1.56,1.8660000562667847,13.100000381469727,4.147600173950195,97.9800033569336,62.959999084472656,1603.56005859375,,,126.54599011927357,101.73031627805162,160.13401380512767,893.6814060432154,138.59192023749847,569.5501255064912
2019-11-05,,1.625,1.56,1.8140000104904175,12.619999885559082,4.127999782562256,97.94999694824219,61.7400016784668,1606.739990234375,,3.0,127.46320756048189,102.70348693244196,159.84390175260415,900.855953708869,139.30543576094607,560.5774072033252
2019-11-06,,1.625,1.55,1.9259999990463257,12.729999542236328,4.134500026702881,98.13999938964844,62.290000915527344,1603.25,,,127.50046598845421,102.262420876126,161.72749519746134,890.1965261323461,138.06534818043272,557.2816539234512
2019-11-07,,1.625,1.55,1.9329999685287476,12.069999694824219,,98.3499984741211,62.5099983215332,1609.3299560546875,,,127.66465306538164,102.7343482301124,161.08355087348218,901.2026449682072,138.76403132677325,561.5921759124382
2019-11-08,,1.625,1.55,,,,,,1609.72998046875,,,129.0280493614414,102.23510961129128,161.3737914023476,901.594431133394,138.13265675244438,557.184251835567
2019-11-09,,1.625,1.55,,,,,,,,,,,,,,
2019-11-10,,1.625,1.55,1.9429999589920044,12.6899995803833,4.130499839782715,98.19999694824219,62.18000030517578,,,,,,,,,
2019-11-11,,1.625,1.55,1.909000039100647,12.680000305175781,4.140999794006348,98.30999755859375,62.060001373291016,1608.1500244140625,,,128.93630690981064,102.15371355527994,161.6705859224769,893.121534728872,139.185365268347,562.1951425447261
2019-11-12,,1.625,1.55,1.8700000047683716,13.0,4.139999866485596,98.37000274658203,62.369998931884766,1609.72998046875,,,128.0406484808314,103.94845752199903,162.24388085095796,886.0574798608868,140.6322214851106,561.557584192688
2019-11-13,,1.625,1.55,1.815000057220459,13.050000190734863,4.151000022888184,98.16000366210938,62.279998779296875,1597.219970703125,,,126.59202167247747,103.1093569474435,161.74226106165102,886.4410840337162,138.60625130451245,559.4726717962265
2019-11-14,,1.625,1.55,1.8339999914169312,12.050000190734863,4.159999847412109,98.0,63.29999923706055,1593.550048828125,,,126.6895946382895,103.47052341463939,163.56341290121165,871.6135638554015,137.58303705956087,566.1869191214242
2019-11-15,,1.625,1.55,,,,,,1594.75,,,126.67636295231691,103.35435525877921,162.60634099672336,874.3800346627273,137.2811565473547,567.4106895269055
2019-11-16,,1.625,1.55,,,,,,,,,,,,,,
2019-11-17,,1.625,1.55,1.8079999685287476,12.460000038146973,4.1504998207092285,97.79000091552734,62.439998626708984,,,,,,,,,
2019-11-18,,1.625,1.55,1.7860000133514404,12.859999656677246,4.1529998779296875,97.86000061035156,60.90999984741211,1604.3599853515625,,,127.6855125103992,103.86113806529278,163.0000940303982,881.9133101924208,138.55369839666946,569.3320958726499
2019-11-19,,1.625,1.55,1.7380000352859497,12.779999732971191,4.155099868774414,97.93000030517578,62.400001525878906,1605.31005859375,,,128.13194283106336,103.94548946055673,162.40713345048565,885.5088530960094,138.45704050947532,571.2367461911241
2019-11-20,,1.625,1.55,1.7719999551773071,13.130000114440918,4.163000106811523,97.98999786376953,63.970001220703125,1601.1400146484375,,,128.05986525066436,105.79584524492445,162.7567599470329,893.6131703356693,136.73883484800098,568.8524415742987
2019-11-21,,1.625,1.55,1.7740000486373901,12.34000015258789,4.166999816894531,98.2699966430664,63.38999938964844,1592.18994140625,,,127.69786703665163,106.05643783307497,162.74922203957175,897.8576927410465,133.4941440368866,570.0628170853922
2019-11-22,,1.625,1.55,,,,,,1596.8399658203125,,,127.70465116265125,106.41315005633211,162.4003244481661,898.9853926932177,135.82703388436389,568.8550060371457
2019-11-23,,1.625,1.55,,,,,,,,,,,,,,
2019-11-24,,1.625,1.55,1.7640000581741333,11.869999885559082,4.170000076293945,98.31999969482422,63.650001525878906,,,,,,,,,
2019-11-25,,1.625,1.55,1.7400000095367432,11.539999961853027,4.176000118255615,98.25,64.2699966430664,1591.3499755859375,,,127.43677189633729,105.79130790106237,163.2942006630293,891.3772734569733,134.98421739791388,571.2625675416814
2019-11-26,,1.625,1.55,1.7669999599456787,11.75,4.16949987411499,98.41000366210938,64.05999755859375,1583.8699951171875,,,125.89296363329763,105.11951060524495,165.84566627840093,914.3026811837153,134.73119907022595,577.2758329633133
2019-11-27,,1.625,1.55,,,4.16949987411499,,,1587.1800537109375,,,126.20132037261192,105.22474911127591,163.34235722853342,888.297009490508,134.58404015562093,575.5578334892024
2019-11-28,,1.625,1.55,1.7760000228881836,12.619999885559082,4.171999931335449,98.2699966430664,62.43000030517578,1583.77001953125,,,125.74689851521794,104.6615466901681,163.18920178712872,879.4631008702011,133.7585925475706,572.5107301112491
2019-11-29,,1.625,1.56,,,,,,1561.739990234375,,,125.14054902041013,103.53066960182737,163.18314147450454,874.3974208364831,130.81435151094064,562.6970995152526
2019-11-30,685.283404717487,1.625,1.56,,,,,,,1.4,,,,,,,
2019-12-01,,1.625,1.56,1.8359999656677246,14.90999984741211,4.175000190734863,97.86000061035156,60.91999816894531,,,,,,,,,
2019-12-02,,1.625,1.56,1.7089999914169312,15.960000038146973,4.176300048828125,97.73999786376953,60.81999969482422,1570.550048828125,,,124.99572534532852,105.40959928833406,162.59825300555028,874.8706238050377,131.93557914549714,562.0718138968123
2019-12-03,,1.625,1.55,1.781000018119812,14.800000190734863,4.172999858856201,97.6500015258789,63.0,1562.27001953125,,,124.46158978685189,105.05439947870106,161.5790737963527,886.5863119680874,131.45073208236317,552.9068446953352
2019-12-04,,1.625,1.55,1.7970000505447388,14.520000457763672,4.173500061035156,97.41000366210938,63.38999938964844,1560.9300537109375,,,124.07172861188222,104.85180547431563,161.5960997469289,891.7186787568369,131.52303999086897,547.984380910159
2019-12-05,,1.625,1.55,1.8420000076293945,13.619999885559082,4.166999816894531,97.69999694824219,64.38999938964844,1563.5799560546875,,,124.54432008160923,105.93852225198567,161.9475517195822,902.0273410985668,132.0233169900113,548.0745259568032
2019-12-06,,1.625,1.55,,,,,,1568.43994140625,,,124.17222760350018,107.85324031010839,163.6783546774561,907.6055465779751,131.6651476833257,551.1012656438088
2019-12-07,,1.625,1.55,,,,,,,,,,,,,,
2019-12-08,,1.625,1.55,1.8289999961853027,15.859999656677246,4.1579999923706055,97.63999938964844,64.25,,,,,,,,,
2019-12-09,,1.625,1.55,1.8329999446868896,15.680000305175781,4.158999919891357,97.41000366210938,64.33999633789062,1562.7099609375,,,124.00276268408422,109.37275855894156,163.0533296383285,903.629520399668,130.4468908779199,546.7818447859073
2019-12-10,,1.625,1.55,1.7899999618530273,14.989999771118164,4.159999847412109,97.16000366210938,63.720001220703125,1561.7900390625,,,123.45661011390038,109.00659157954753,163.5759893039825,901.2424348453332,130.30395045590367,553.6277263282269
2019-12-11,,1.625,1.55,1.8969999551773071,13.9399995803833,4.1620001792907715,97.4000015258789,64.19999694824219,1563.18994140625,,,123.78360787094833,109.05347595491148,163.43178062379158,900.4035510283476,131.56088751062384,562.7578432041672
2019-12-12,,1.625,1.55,1.819000005722046,12.630000114440918,4.157599925994873,97.16999816894531,65.22000122070312,1567.3399658203125,,,123.63161058478542,109.60247578013977,163.06115922793643,924.170840089708,135.74556725629589,562.1255991310677
2019-12-13,,1.625,1.55,,,,,,1571.1600341796875,,,124.24684673644293,109.80926489263413,162.63181779163656,932.3916996260225,137.87299063475848,557.9134418712863
2019-12-14,,1.625,1.55,,,,,,,,,,,,,,
2019-12-15,,1.625,1.55,1.8919999599456787,12.140000343322754,4.131999969482422,97.06999969482422,65.33999633789062,,,,,,,,,
2019-12-16,,1.625,1.56,1.8890000581741333,12.289999961853027,4.139999866485596,97.20999908447266,66.0999984741211,1569.3499755859375,,,124.05362519141751,109.27312576913697,161.7602085290603,940.810527678471,139.10296165432234,561.7259973772972
2019-12-17,,1.625,1.55,1.9240000247955322,12.579999923706055,4.138999938964844,97.41000366210938,66.16999816894531,1576.949951171875,,,124.23594558616962,110.11884586014808,161.1142649850234,951.4682587638636,137.24441210486444,575.5803851708716
2019-12-18,,1.625,1.55,1.9079999923706055,12.5,4.13700008392334,97.41999816894531,66.54000091552734,1599.1099853515625,,,126.7650882730655,110.56418556103769,160.8175426561084,946.589396314713,138.1290448622476,582.9951908698447
2019-12-19,,1.625,1.55,1.9170000553131104,12.510000228881836,4.138999938964844,97.70999908447266,66.13999938964844,1596.010009765625,,,127.59267795981803,110.22857169710463,161.31472097176237,901.0270785323061,137.83348536368462,585.4580077464869
2019-12-20,,1.625,1.55,,,,,,1610.1800537109375,,,126.75376232835089,111.71894113439089,160.87068037531412,899.5001014816744,141.37573018966486,584.2124081976276
2019-12-21,,1.625,1.55,,,,,,,,,,,,,,
2019-12-22,,1.625,1.55,1.934999942779541,12.609999656677246,4.137499809265137,97.66000366210938,66.38999938964844,,,,,,,,,
2019-12-23,,1.625,1.55,1.909999966621399,12.670000076293945,4.139999866485596,97.6500015258789,67.19999694824219,1614.1800537109375,,,127.22274615099067,110.60039495561362,161.72120341453058,892.4797956348452,141.22228550490811,582.4074551616138
2019-12-24,,1.625,1.55,,,4.133999824523926,,,1604.22998046875,,,126.81972993117287,110.14302032399621,162.00491047594906,894.5863627127346,141.43404630613426,580.5237756695803
2019-12-25,,1.625,1.55,1.9049999713897705,12.649999618530273,4.133999824523926,97.58999633789062,67.91999816894531,,,,,,,,,
2019-12-26,,1.625,1.55,1.8739999532699585,13.430000305175781,4.130000114440918,96.91999816894531,68.16000366210938,1603.550048828125,,,126.3981106389306,110.92386539840436,161.77741202532923,911.9050389227615,139.8199724657459,578.7255577272178
2019-12-27,,1.625,1.55,,,,,,1610.6099853515625,,,127.08125520604099,112.04155446666108,162.3165733476535,915.8842544724741,138.96562805904566,582.4460121737384
2019-12-28,,1.625,1.55,,,,,,,,,,,,,,
2019-12-29,,1.625,1.55,1.8949999809265137,14.819999694824219,4.125,96.73999786376953,68.44000244140625,,,,,,,,,
2019-12-30,,1.625,1.55,1.9190000295639038,13.779999732971191,4.10699987411499,96.38999938964844,66.0,1615.6700439453125,,,127.91545644850176,113.0191056639452,161.9563956279956,925.0128437053064,138.66446230092865,578.7362389011636
2019-12-31,726.585601903826,1.625,1.55,,,4.0879998207092285,,,1588.760009765625,1.4,,125.08710726974759,111.10209945756766,160.54424332036658,910.0522329662317,137.1895929086009,575.69025465904
2020-01-01,,1.625,1.55,1.8819999694824219,12.470000267028809,4.0879998207092285,96.8499984741211,66.25,,,,,,,,,
2020-01-02,,1.625,1.55,1.7879999876022339,14.020000457763672,4.085000038146973,96.83999633789062,68.5999984741211,1602.5,,,127.00939878761982,112.21118756245569,161.3598920700118,923.3535182400386,138.1590397185609,578.8182747562322
2020-01-03,,1.625,1.55,,,,,,1611.3800048828125,,,127.29987556430562,112.78611046713003,162.0633292048972,938.7194788092959,139.39645740127895,586.7649565854333
2020-01-04,,1.625,1.55,,,,,,,,,,,,,,
2020-01-05,,1.625,1.55,1.8109999895095825,13.850000381469727,4.099999904632568,96.66999816894531,68.91000366210938,,,,,,,,,
2020-01-06,,1.625,1.55,1.8270000219345093,13.789999961853027,4.099999904632568,96.9800033569336,68.2699966430664,1597.760009765625,,,126.68736339690909,111.77714269416039,161.89827153496486,926.2611194950788,138.5357730355387,583.722224160299
2020-01-07,,1.625,1.55,1.8739999532699585,13.449999809265137,4.089399814605713,97.30000305175781,65.44000244140625,1611.0400390625,,,127.72050354121602,112.41002698110665,161.68194851498586,934.1793679124613,139.4584745930452,584.9125443396662
2020-01-08,,1.625,1.55,1.8580000400543213,12.539999961853027,4.098999977111816,97.44999694824219,65.37000274658203,1589.0999755859375,,,125.113043580151,111.01016094280227,161.39680004077454,923.3533631036801,138.8846714551062,588.4267539889935
2020-01-09,,1.625,1.55,1.8250000476837158,12.5600004196167,4.0879998207092285,97.36000061035156,64.9800033569336,1595.6500244140625,,,126.12977267935355,111.65602672031892,161.6155357012931,928.8169890533716,137.32086628364647,583.5402158446163
2020-01-10,,1.625,1.54,,,,,,1591.4599609375,,,125.76584512735806,111.6258579326242,162.76463758862073,942.6418851577046,135.88862571994343,588.4702774613779
2020-01-11,,1.625,1.54,,,,,,,,,,,,,,
2020-01-12,,1.625,1.54,1.8480000495910645,12.319999694824219,4.074100017547607,97.3499984741211,64.19999694824219,,,,,,,,,
2020-01-13,,1.625,1.54,1.8179999589920044,12.390000343322754,4.058000087738037,97.37000274658203,64.48999786376953,1584.72998046875,,,125.07930747465042,111.2250946383358,161.53662369191582,953.7375066085891,134.32688797210886,589.7439119048482
2020-01-14,,1.625,1.54,1.7879999876022339,12.420000076293945,4.071499824523926,97.2300033569336,64.0,1580.5999755859375,,,124.74540357930395,110.63256728697475,160.6209648081657,945.042270299188,134.2239492175398,591.6119717457425
2020-01-15,,1.625,1.54,1.809000015258789,12.319999694824219,4.070000171661377,97.31999969482422,64.62000274658203,1585.1400146484375,,,125.4175068815929,110.32622573706242,161.4753217032898,961.6655871717793,133.72570242820788,612.450756221105
2020-01-16,,1.625,1.54,1.8359999656677246,12.100000381469727,4.061999797821045,97.61000061035156,64.8499984741211,1587.8800048828125,,,125.38540281028472,109.65647266793192,161.85271877222067,968.3324700481197,133.80672070175393,609.6819828971984
2020-01-17,,1.625,1.55,,,,,,1595.81005859375,,,125.43857783361851,109.73480007561602,161.3689892065253,971.306392122581,136.27823527989642,611.1592052954679
2020-01-18,,1.625,1.55,,,,,,,,,,,,,,
2020-01-19,,1.625,1.55,,,4.052599906921387,,,,,,,,,,,
2020-01-20,,1.625,1.55,1.7690000534057617,12.850000381469727,4.057000160217285,97.52999877929688,64.58999633789062,1588.8800048828125,,,124.76144470876656,109.08127608463703,161.70986396879854,982.6740097621547,134.417239806083,616.7842782731134
2020-01-21,,1.625,1.55,1.7690000534057617,12.90999984741211,4.0690999031066895,97.52999877929688,63.209999084472656,1587.3299560546875,,,124.84266981736482,109.98213106548715,160.48845985263145,993.592605507534,135.04517427110918,635.93214207691
2020-01-22,,1.625,1.55,1.7400000095367432,12.979999542236328,4.062600135803223,97.69000244140625,62.040000915527344,1577.97998046875,,2.75,122.80684344965542,109.35154283493259,162.10324149715808,1014.4330644314977,134.64323725647068,653.4027424666015
2020-01-23,,1.625,1.55,1.680999994277954,14.5600004196167,4.072000026702881,97.8499984741211,60.689998626708984,1574.43994140625,,,123.03638331972782,108.5350010399875,162.87948211492292,1022.3190704647889,134.06488226355918,651.086770869874
2020-01-24,,1.625,1.55,,,,,,1572.81005859375,,,123.29968854871456,108.24952922710513,162.0355474841483,1044.472480132794,134.03905572977965,655.7587220950621
2020-01-25,,1.625,1.55,,,,,,,,,,,,,,
2020-01-26,,1.625,1.55,1.6050000190734863,18.229999542236328,4.063000202178955,97.95999908447266,59.31999969482422,,,,,,,,,
2020-01-27,,1.625,1.55,1.6410000324249268,16.280000686645508,4.064499855041504,98.0199966430664,59.5099983215332,,,,,,,,,
2020-01-28,,1.625,1.55,1.593999981880188,16.389999389648438,4.083499908447266,97.98999786376953,59.810001373291016,1551.6400146484375,,,121.67872696530075,105.22026052452055,161.1370966870004,1016.264029283204,131.30228256763561,672.6970887470204
2020-01-29,,1.625,1.55,1.5579999685287476,15.489999771118164,4.078100204467773,97.87000274658203,58.290000915527344,1550.469970703125,,,121.96166825375656,105.27349350669961,159.93104872416976,1050.1535767576772,129.90859876813298,665.0894951119046
2020-01-30,,1.625,1.6,1.5199999809265137,18.84000015258789,4.084000110626221,97.38999938964844,58.15999984741211,1545.5899658203125,,,121.61425848445784,104.93227850441846,159.92818179582696,1016.0205463533026,128.68367801543405,666.5957169248667
2020-01-31,642.252155857179,1.625,1.59,,,,,,1531.06005859375,1.4,,120.52053586172711,105.50189090345276,161.00465655624012,981.0310475741308,126.3063866335658,660.2841790180664
2020-02-01,,1.625,1.59,,,,,,,,,,,,,,
2020-02-02,,1.625,1.59,1.5199999809265137,17.969999313354492,4.093599796295166,97.80000305175781,54.45000076293945,,,,,,,,,
2020-02-03,,1.625,1.59,1.6030000448226929,16.049999237060547,4.113500118255615,97.95999908447266,53.959999084472656,1521.949951171875,,,119.4486299621597,104.22033075601806,159.77193618831262,979.1345599359491,125.77783338000259,657.6866695305547
2020-02-04,,1.625,1.59,1.6490000486373901,15.149999618530273,4.107999801635742,98.2699966430664,55.279998779296875,1535.800048828125,,,119.44151816819608,105.30847732165094,159.3382089850612,987.594784734018,129.25743793290914,655.8196964041617
2020-02-05,,1.625,1.59,1.6440000534057617,14.960000038146973,4.117599964141846,98.5,54.93000030517578,1536.7900390625,,,119.29994769081166,105.99311426731823,160.303652055188,1004.1029092240074,128.9913398516283,656.9260036860933
2020-02-06,,1.625,1.59,1.5779999494552612,15.470000267028809,4.119999885559082,98.68000030517578,54.470001220703125,1552.77001953125,,,120.93116867570504,107.20550618941984,160.16218592071775,1018.9480894521915,129.44076812207985,660.4372862430479
2020-02-07,,1.625,1.58,,,,,,1554.489990234375,,,122.12984388742485,107.46139080089259,161.84436537476103,1007.97501614004,128.91640992423405,660.8375342218477
2020-02-08,,1.625,1.58,,,,,,,,,,,,,,
2020-02-09,,1.625,1.58,1.5470000505447388,15.039999961853027,4.139100074768066,98.83000183105469,53.27000045776367,,,,,,,,,
2020-02-10,,1.625,1.58,1.590000033378601,15.180000305175781,4.145100116729736,98.72000122070312,54.0099983215332,1542.800048828125,,,121.22075465352407,107.16753099059248,162.99499092973545,984.1430049353089,128.45848338555322,662.890513324052
2020-02-11,,1.625,1.58,1.6299999952316284,13.739999771118164,4.1305999755859375,99.05000305175781,55.790000915527344,1551.47998046875,,,121.63057942061141,107.86333759153885,163.70563811859742,988.201665878732,130.70120928709676,660.4126571779161
2020-02-12,,1.625,1.58,1.6169999837875366,14.149999618530273,4.139999866485596,99.06999969482422,56.34000015258789,1542.93994140625,,,119.06117696600775,107.94252584181353,166.64419162601928,992.6139055983431,129.52868419014376,667.917483036561
2020-02-13,,1.625,1.58,1.5880000591278076,13.680000305175781,4.139500141143799,99.12000274658203,57.31999969482422,1539.1600341796875,,,118.54459143507307,107.47705467334087,167.4767646659591,995.409014034491,129.425014062462,669.1574307897718
2020-02-14,,1.625,1.58,,,,,,1544.4599609375,,,118.11074090673965,108.2507192258121,168.62998843169467,991.3204274889353,129.28412879462823,668.586538980398
2020-02-15,,1.625,1.58,,,,,,,,,,,,,,
2020-02-16,,1.625,1.58,,,4.138999938964844,,,,,,,,,,,
2020-02-17,,1.625,1.58,1.555999994277954,14.829999923706055,4.142499923706055,99.45999908447266,57.75,1537.1199951171875,,,118.60791421779706,107.61508753277187,167.85207102481326,985.556232646992,129.42935251545742,662.2149282775964
2020-02-18,,1.625,1.59,1.5700000524520874,14.380000114440918,4.152500152587891,99.5999984741211,59.119998931884766,1537.0799560546875,,,119.01571708518908,106.5707714389585,167.2719880622924,972.9988610951821,129.5104613144256,653.9095472049667
2020-02-19,,1.625,1.59,1.524999976158142,15.5600004196167,4.1605000495910645,99.87000274658203,59.310001373291016,1534.1600341796875,,,119.14578482290845,105.72308575283978,167.34048099266826,958.2495075377184,130.07130593883232,639.8575653594855
2020-02-20,,1.625,1.59,1.4709999561309814,17.079999923706055,4.178100109100342,99.26000213623047,58.5,1534.97998046875,,,119.87953268462095,105.25774779807526,166.7578765421712,962.7531882045158,129.88956676980317,636.0917646886887
2020-02-21,,1.625,1.58,,,,,,1531.199951171875,,,120.03664851251126,105.32013211922795,166.2001517763438,958.7683345531117,129.0191379305856,629.7553348861737
2020-02-22,,1.625,1.58,,,,,,,,,,,,,,
2020-02-23,,1.625,1.58,1.3769999742507935,25.030000686645508,4.186600208282471,99.29000091552734,56.29999923706055,,,,,,,,,
2020-02-24,,1.625,1.58,1.3300000429153442,27.850000381469727,4.222499847412109,98.97000122070312,54.95000076293945,1490.06005859375,,,116.28494793136153,101.58076230772492,166.64668912524243,935.1817100768673,127.74163643539069,637.3986265880618
2020-02-25,,1.625,1.58,1.309999942779541,27.559999465942383,4.23199987411499,99.0,53.43000030517578,1500.8800048828125,,,117.24946267822753,101.66267336070885,167.92356648065362,955.9771624141364,127.35709521036146,643.3723652524482
2020-02-26,,1.625,1.58,1.2990000247955322,39.15999984741211,4.222599983215332,98.44000244140625,52.18000030517578,1495.18994140625,,,116.85138701661128,102.3118024321574,167.57991899832643,940.347582363648,125.06167230893168,642.7939158694662
2020-02-27,,1.625,1.58,1.1269999742507935,40.11000061035156,4.208499908447266,98.12999725341797,50.52000045776367,1505.5899658203125,,,117.56962463893447,102.09022973614724,168.30962603126054,910.2555493347786,124.97541490895969,646.7429531244759
2020-02-28,,1.625,1.58,,,,,,1482.6400146484375,,,116.3340311579628,100.41579345747296,168.88798513603487,873.594543735072,123.87075591909593,634.4696718130399
2020-02-29,557.90283704059,1.625,1.58,,,,,,,1.6,,,,,,,
2020-03-01,,1.625,1.58,1.0880000591278076,33.41999816894531,4.210999965667725,97.36000061035156,51.900001525878906,,,,,,,,,
2020-03-02,,1.625,1.59,1.0099999904632568,36.81999969482422,4.200099945068359,97.1500015258789,51.86000061035156,1466.93994140625,,,114.38056369347893,98.84028287193892,166.98095757453865,871.65349925185,120.49280372256727,631.5390483297041
2020-03-03,,1.625,1.59,0.9919999837875366,31.989999771118164,4.2108001708984375,97.33999633789062,51.130001068115234,1478.6400146484375,,2.5,115.16053273920852,100.10759318284828,167.35038675175355,880.9610546766341,121.44249880941602,641.2521998808459
2020-03-04,,1.125,1.09,0.9259999990463257,39.619998931884766,4.177999973297119,96.81999969482422,49.9900016784668,1489.949951171875,,,116.07821822779769,100.15183436502775,167.8815901100421,861.5040819241854,123.71551914425982,648.059662862444
2020-03-05,,1.125,1.09,0.7059999704360962,41.939998626708984,4.158999919891357,95.94999694824219,45.27000045776367,1491.030029296875,,,116.22756134628634,100.00136689837727,168.03013069969725,875.4528443839367,124.61491433765555,653.1332724097233
2020-03-06,,1.125,1.09,,,,,,1483.0999755859375,,,114.84294098583877,100.01328476968688,168.3876381598898,860.4282519774889,123.98292784142274,658.4420179371152
2020-03-07,,1.125,1.09,,,,,,,,,,,,,,
2020-03-08,,1.125,1.09,0.49900001287460327,54.459999084472656,4.170100212097168,94.9000015258789,34.36000061035156,,,,,,,,,
2020-03-09,,1.125,1.09,0.7480000257492065,47.29999923706055,4.215000152587891,96.41000366210938,37.220001220703125,1424.1600341796875,,,110.21544362808413,93.71767556293604,167.59620386441537,772.427233193815,111.504353702274,643.5081639202986
2020-03-10,,1.125,1.09,0.8199999928474426,53.900001525878906,4.232500076293945,96.51000213623047,35.790000915527344,1430.469970703125,,,112.7115411274305,93.03859714255084,167.57067028426863,815.2562693060793,109.91955784647138,636.4152442454133
2020-03-11,,1.125,1.09,0.8489999771118164,75.47000122070312,4.244999885559082,97.47000122070312,33.220001220703125,1443.8299560546875,,,112.92446692139187,95.34770455938592,169.1554540799808,817.7296451341748,113.38170350219583,654.1156294688877
2020-03-12,,1.125,1.1,0.9509999752044678,57.83000183105469,4.269999980926514,98.75,33.849998474121094,1419.4300537109375,,,110.05769226188018,92.57349239769991,166.09945653863812,783.5419749926949,112.37276679231856,659.4343635671729
2020-03-13,,1.125,1.1,,,,,,1344.75,,,110.05769226188018,89.46004404818052,163.14606966830215,746.5704456008158,110.19781108435302,659.4343635671729
2020-03-14,,1.125,1.1,,,,,,,,,,,,,,
2020-03-15,,1.125,1.1,0.7279999852180481,82.69000244140625,4.276000022888184,98.08999633789062,30.049999237060547,,,,,,,,,
2020-03-16,,0.125,0.25,0.996999979019165,75.91000366210938,4.306099891662598,99.58000183105469,28.729999542236328,1280.6300048828125,,,96.95959409566825,87.33716031550867,150.39498867346825,658.8940408175756,105.38665711316142,562.0397805691999
2020-03-17,,0.125,0.25,1.2660000324249268,76.44999694824219,4.348499774932861,101.16000366210938,24.8799991607666,1256.5799560546875,,,94.94500953085875,85.34362818890583,146.2847568642143,695.9049147369432,105.92335895096596,553.6490681306675
2020-03-18,,0.125,0.25,1.11899995803833,72.0,4.370999813079834,102.76000213623047,28.469999313354492,1239.010009765625,,,91.24181345472316,84.17127914674401,148.0552701731071,646.7082782048002,108.19415741060921,517.5358905274625
2020-03-19,,0.125,0.2,0.9380000233650208,66.04000091552734,4.412600040435791,102.81999969482422,26.979999542236328,1219.719970703125,,,87.74027116925804,85.34991177423308,143.5299864051926,591.0325188359768,106.38488379365039,509.0978839670018
2020-03-20,,0.125,0.15,,,,,,1303.280029296875,,,97.36171970827253,91.41976186773925,146.90959485503356,671.6563869227629,111.62779002258347,563.0993824280301
2020-03-21,,0.125,0.15,,,,,,,,,,,,,,
2020-03-22,,0.125,0.15,0.7639999985694885,61.59000015258789,4.392000198364258,102.48999786376953,27.030000686645508,,,,,,,,,
2020-03-23,,0.125,0.15,0.8159999847412109,61.66999816894531,4.440000057220459,101.73999786376953,27.149999618530273,1259.8800048828125,,,92.23217387309144,88.86594273307384,143.74663250887002,625.0978660450783,107.87326025486561,538.5884352060704
2020-03-24,,0.125,0.12,0.8579999804496765,63.95000076293945,4.427999973297119,101.05000305175781,27.389999389648438,1291.1400146484375,,,97.37494119068432,90.10238138770379,146.7147345343137,672.9406175755486,107.57662468217978,529.7591836516922
2020-03-25,,0.125,0.1,0.8109999895095825,61.0,4.387499809265137,99.41999816894531,26.34000015258789,1324.5,,,99.15208510441427,94.31183984072594,150.8497026767835,704.928482148502,111.25518474590359,538.1502831411029
2020-03-26,,0.125,0.1,0.7490000128746033,65.54000091552734,4.329999923706055,98.37000274658203,24.93000030517578,1328.0899658203125,,,98.45003598201573,94.48753433687976,153.58561694010757,695.9037673805806,113.18506732684077,536.3564396812504
2020-03-27,,0.125,0.1,,,,,,1343.0899658203125,,,100.31800263342963,95.43928825840041,153.6820815887894,728.1441269664242,113.98576007422186,547.8464825570239
2020-03-28,,0.125,0.1,,,,,,,,,,,,,,
2020-03-29,,0.125,0.1,0.6700000166893005,57.08000183105469,4.320000171661377,99.18000030517578,22.760000228881836,,,,,,,,,
2020-03-30,,0.125,0.09,0.6980000138282776,53.540000915527344,4.330999851226807,99.05000305175781,22.739999771118164,1328.8800048828125,,,99.31550857522437,94.11414120851073,148.71479195097555,714.2490459910787,113.83527711464083,553.1413484180263
2020-03-31,518.474155088473,0.125,0.08,0.6349999904632568,57.060001373291016,4.309999942779541,99.66999816894531,24.739999771118164,1350.8900146484375,1.3,,100.96579074164391,98.15455338552846,146.68458853246125,753.0448029542666,118.1931836595501,575.0330449637959
2020-04-01,,0.125,0.06,0.6269999742507935,50.90999984741211,4.355100154876709,100.18000030517578,29.940000534057617,1322.6600341796875,,,99.25844404794665,95.52041346188899,146.99840225194066,754.2152586388289,113.27479746832412,551.8126601672554
2020-04-02,,0.125,0.05,0.5870000123977661,46.79999923706055,4.355500221252441,100.58000183105469,34.11000061035156,1330.9000244140625,,,99.50833025544176,95.66105790419516,148.30852662005236,795.7300359599335,116.65802235036271,563.4974239733707
2020-04-03,,0.125,0.05,,,,,,1330.6500244140625,,,99.38107035232501,95.95010917615878,146.82543775049447,791.6761146792547,114.83441143921813,569.6994952699032
2020-04-04,,0.125,0.05,,,,,,,,,,,,,,
2020-04-05,,0.125,0.05,0.6759999990463257,45.2400016784668,4.355999946594238,100.69000244140625,33.04999923706055,,,,,,,,,
2020-04-06,,0.125,0.05,0.7360000014305115,46.70000076293945,4.361000061035156,99.9800033569336,31.8700008392334,1341.68994140625,,,100.92222874229282,95.00126027639847,147.07059347999024,826.3032325252423,113.92802578877715,568.3915533423593
2020-04-07,,0.125,0.05,0.7639999985694885,43.349998474121094,4.335000038146973,100.12000274658203,32.84000015258789,1369.9200439453125,,,102.29046319141733,99.13594952277573,146.95462473530435,851.419952559416,115.80108719397377,590.4087610752788
2020-04-08,,0.125,0.05,0.7289999723434448,41.66999816894531,4.34250020980835,99.5199966430664,31.479999542236328,1361.3900146484375,,,101.90998671564253,95.94743485602913,147.3792631611422,831.8528562081658,115.98525632945396,603.5295255529768
2020-04-09,,0.125,0.05,,,4.317500114440918,,,1369.760009765625,,,102.36132759099274,97.85241454634838,146.96170279262753,845.2649101441052,116.22183935829113,612.5300338434198
2020-04-10,,0.125,0.05,,,,,,1357.5,,,102.12311884281264,97.18369802063079,146.70371276068602,825.5600666341595,116.2354064836636,610.6480612720022
2020-04-11,,0.125,0.05,,,,,,,,,,,,,,
2020-04-12,,0.125,0.05,0.7490000128746033,41.16999816894531,4.305500030517578,99.3499984741211,31.739999771118164,,,,,,,,,
2020-04-13,,0.125,0.05,0.7519999742507935,37.7599983215332,4.326099872589111,98.88999938964844,29.600000381469727,1356.030029296875,,,101.61702031175307,96.56061536292661,145.18278930721144,804.639949728022,116.48995941146364,616.9695863513648
2020-04-14,,0.125,0.05,0.6380000114440918,40.84000015258789,4.329999923706055,99.45999908447266,27.690000534057617,1371.6600341796875,,,102.88552627268608,96.8703845395473,145.4831662470426,840.3387750297005,119.52050391774698,627.6539473320428
2020-04-15,,0.125,0.05,0.609000027179718,40.11000061035156,4.3404998779296875,100.02999877929688,27.81999969482422,1387.7900390625,,,103.06092347436831,97.7498611835953,147.7647171810743,859.6183114029129,122.01391480806166,641.6809635576838
2020-04-16,,0.125,0.05,0.6539999842643738,38.150001525878906,4.372000217437744,99.77999877929688,28.079999923706055,1386.530029296875,,,102.91151358357018,97.44513509080465,149.79609730017302,863.5306473335075,121.59239451378217,634.9717258600239
2020-04-17,,0.125,0.05,,,,,,1407.3399658203125,,,104.4428360166757,98.32023128509252,151.692653191185,882.2491364914775,122.95406088619667,641.5896103816897
2020-04-18,,0.125,0.05,,,,,,,,,,,,,,
2020-04-19,,0.125,0.05,0.6259999871253967,43.83000183105469,4.367499828338623,99.95999908447266,25.56999969482422,,,,,,,,,
2020-04-20,,0.125,0.05,0.5709999799728394,45.40999984741211,4.372000217437744,100.26000213623047,19.329999923706055,1413.1199951171875,,,106.00078800614297,98.34216327151746,151.70901462178108,872.2121521901526,122.5595704978925,646.3340586463739
2020-04-21,,0.125,0.05,0.6190000176429749,41.97999954223633,4.39300012588501,100.38999938964844,20.3700008392334,1381.72998046875,,,102.98556877803493,95.41768100980997,149.5254579811931,850.7847868480361,118.42835820921327,619.1779031135766
2020-04-22,,0.125,0.05,0.6129999756813049,41.380001068115234,4.367199897766113,100.43000030517578,21.329999923706055,1381.8900146484375,,,101.52838489566598,94.62514041251508,149.7212201991214,858.5753747483722,120.37420137608387,635.0269860424742
2020-04-23,,0.125,0.04,0.5960000157356262,35.93000030517578,4.357800006866455,100.37999725341797,21.440000534057617,1381.6400146484375,,,101.46879680983942,95.17516127554522,148.2038581727054,860.7434929173627,120.37420137608387,638.1891187937198
2020-04-24,,0.125,0.05,,,,,,1369.8499755859375,,,101.20690513334051,94.62058443477552,148.29395349094062,869.0931729003527,118.20327245572156,648.9826194506212
2020-04-25,,0.125,0.05,,,,,,,,,,,,,,
2020-04-26,,0.125,0.05,0.656000018119812,33.290000915527344,4.35699987411499,100.04000091552734,19.989999771118164,,,,,,,,,
2020-04-27,,0.125,0.04,0.6100000143051147,33.56999969482422,4.355500221252441,99.87000274658203,20.459999084472656,1370.1600341796875,,,101.45507813427929,95.13159301902908,147.41646806584035,868.0933443168607,116.78338397371158,645.5609869004289
2020-04-28,,0.125,0.04,0.6269999742507935,31.229999542236328,4.359000205993652,99.56999969482422,22.540000915527344,1372.199951171875,,,100.60170266679609,95.27863478840413,147.097387759658,859.556208252828,116.8074783561266,653.0145469688804
2020-04-29,,0.125,0.04,0.621999979019165,34.150001525878906,4.3414998054504395,99.0199966430664,25.270000457763672,1380.300048828125,,,100.56237921300722,97.19741299036906,149.53569743015336,872.586450041808,117.0236321811949,655.6895492079248
2020-04-30,498.330427767313,0.125,0.05,0.6420000195503235,37.189998626708984,4.293000221252441,98.80000305175781,26.440000534057617,1407.780029296875,1.3,,102.87803686290012,99.2186995284343,150.69381928491308,891.8019561796569,121.19449075848905,669.5665824597104
2020-05-01,,0.125,0.05,,,,,,,,,,,,,,
2020-05-02,,0.125,0.05,,,,,,,,,,,,,,
2020-05-03,,0.125,0.05,0.6370000243186951,35.970001220703125,4.295599937438965,99.4800033569336,27.200000762939453,,,,,,,,,
2020-05-04,,0.125,0.05,0.6570000052452087,33.61000061035156,4.315000057220459,99.70999908447266,30.969999313354492,1376.5899658203125,,,100.53107530489814,96.33088450476258,151.68813988293186,875.4414869372081,118.38013713105669,659.540911520752
2020-05-05,,0.125,0.05,0.7110000252723694,34.119998931884766,4.300000190734863,100.08999633789062,29.719999313354492,1389.550048828125,,2.0,101.60425718358579,96.8774755386369,151.87730991047826,881.8316340870442,120.27105092261137,663.8755319038514
2020-05-06,,0.125,0.05,0.6309999823570251,31.440000534057617,4.322000026702881,99.88999938964844,29.459999084472656,1376.9300537109375,,,100.41500793326304,96.42033629866175,152.4702999981886,885.6695240896416,119.47210673247697,659.5928429771469
2020-05-07,,0.125,0.05,0.6819999814033508,27.979999542236328,4.322000026702881,99.7300033569336,30.969999313354492,,,,,,,,,
2020-05-08,,0.125,0.05,,,,,,1382.31005859375,,,100.70948386000329,95.99394190568059,153.49449936470538,890.8747208503064,119.22590795296206,665.258640330348
2020-05-09,,0.125,0.05,,,,,,,,,,,,,,
2020-05-10,,0.125,0.05,0.7260000109672546,27.56999969482422,4.331500053405762,100.23999786376953,29.6299991607666,,,,,,,,,
2020-05-11,,0.125,0.05,0.6779999732971191,33.040000915527344,4.331500053405762,99.93000030517578,29.979999542236328,,,,,,,,,
2020-05-12,,0.125,0.05,0.6489999890327454,35.279998779296875,4.326000213623047,100.23999786376953,29.190000534057617,1379.9300537109375,,,100.0834186520543,95.54528942300192,152.15075998399854,891.8429745358117,117.50662551925879,685.8601337206403
2020-05-13,,0.125,0.05,0.6190000176429749,32.61000061035156,4.328000068664551,100.47000122070312,31.1299991607666,1397.1300048828125,,,100.9116756800995,96.69807111555292,151.1084859555373,899.1545168383972,117.48347904669461,735.1790449486898
2020-05-14,,0.125,0.05,0.6399999856948853,31.889999389648438,4.3379998207092285,100.4000015258789,32.5,1397.25,,,99.70412279864165,95.23067044186887,150.1053467929788,882.4850169696501,117.60108996060417,767.2370296512127
2020-05-15,,0.125,0.05,,,,,,1403.43994140625,,,100.01900225737934,95.16106728691297,149.5132199812613,884.6270200503824,119.30861613053638,778.7652983137077
2020-05-16,,0.125,0.05,,,,,,,,,,,,,,
2020-05-17,,0.125,0.05,0.7440000176429749,29.299999237060547,4.3491997718811035,99.66999816894531,34.810001373291016,,,,,,,,,
2020-05-18,,0.125,0.05,0.7110000252723694,30.530000686645508,4.35260009765625,99.37000274658203,34.650001525878906,1410.1600341796875,,,100.10752700581314,97.58728663171593,149.40671975639418,875.8008916571956,119.60803248365104,785.3887685012551
2020-05-19,,0.125,0.05,0.6800000071525574,27.989999771118164,4.346099853515625,99.12000274658203,35.75,1423.969970703125,,,100.78468837877497,100.18738044105267,149.95824990964127,882.654715839499,121.70956655501296,792.0902360098963
2020-05-20,,0.125,0.05,0.6769999861717224,29.530000686645508,4.3460001945495605,99.37000274658203,36.060001373291016,1435.1199951171875,,,100.8783599659544,101.36941866020628,150.96913594286087,904.8863504010392,122.2364746993418,804.1832433508303
2020-05-21,,0.125,0.05,0.6570000052452087,28.15999984741211,4.343999862670898,99.86000061035156,35.130001068115234,1452.1099853515625,,,101.78467036920328,104.43930344218475,151.77209577234424,899.4996319444704,129.82659600029697,840.4791625040325
2020-05-22,,0.125,0.05,,,,,,1436.760009765625,,,100.083338813168,102.95958349445067,150.37951246367157,895.8309447423778,127.73062933724431,839.6105060564395
2020-05-23,,0.125,0.05,,,,,,,,,,,,,,
2020-05-24,,0.125,0.05,,,4.361000061035156,,,,,,,,,,,
2020-05-25,,0.125,0.05,0.6980000138282776,28.010000228881836,4.361000061035156,98.91000366210938,36.16999816894531,,,,,,,,,
2020-05-26,,0.125,0.05,0.6800000071525574,27.6200008392334,4.361000061035156,99.05999755859375,34.7400016784668,,,,,,,,,
2020-05-27,,0.125,0.05,0.7049999833106995,28.59000015258789,4.3480000495910645,98.37999725341797,35.290000915527344,1451.72998046875,,,99.4242061668882,104.5509135875746,151.44229161881034,908.2544409829444,131.52178765673955,878.7924705748891
2020-05-28,,0.125,0.05,0.6480000019073486,27.510000228881836,4.3480000495910645,98.33999633789062,35.33000183105469,1457.5,,,100.21064807210234,104.8759306775083,150.44713842931074,901.9647022168572,132.9268127403294,882.3182344094105
2020-05-29,,0.125,0.05,,,,,,1473.25,,,101.94644213849153,104.97902688544343,152.5572527044688,945.5799722353912,142.2390251479279,894.9831726667649
2020-05-30,,0.125,0.05,,,,,,,,,,,,,,
2020-05-31,573.22358653095,0.125,0.05,0.6620000004768372,28.229999542236328,4.3420000076293945,97.83000183105469,38.31999969482422,,1.3,,,,,,,
2020-06-01,,0.125,0.05,0.6800000071525574,26.84000015258789,4.311999797821045,97.66999816894531,39.56999969482422,,,,,,,,,
2020-06-02,,0.125,0.06,0.7609999775886536,25.65999984741211,4.272500038146973,97.27999877929688,39.790000915527344,1507.68994140625,,,101.94644213849153,104.97902688544343,152.5572527044688,945.5799722353912,142.2390251479279,894.9831726667649
2020-06-03,,0.125,0.06,0.8199999928474426,25.809999465942383,4.254499912261963,96.68000030517578,39.9900016784668,1538.530029296875,,,111.05726824920366,103.82195016778368,151.93403833661446,981.4823340263002,138.7858867092368,991.9407907010342
2020-06-04,,0.125,0.06,0.9039999842643738,24.520000457763672,4.270500183105469,96.94000244140625,42.29999923706055,1561.8399658203125,,,113.44390534109836,104.5329922672556,155.09798097921097,984.3468500075378,141.8514495133568,1029.9286797918573
2020-06-05,,0.125,0.07,,,,,,1556.3299560546875,,,112.54705848805729,103.83306177127514,154.85884420654818,975.893794457161,139.38081696048823,1091.220092540984
2020-06-06,,0.125,0.07,,,,,,,,,,,,,,
2020-06-07,,0.125,0.07,0.8840000033378601,25.809999465942383,4.264999866485596,96.62000274658203,40.79999923706055,,,,,,,,,
2020-06-08,,0.125,0.07,0.8289999961853027,27.56999969482422,4.257500171661377,96.31999969482422,41.18000030517578,,,,,,,,,
2020-06-09,,0.125,0.07,0.7480000257492065,27.56999969482422,4.2729997634887695,95.95999908447266,41.72999954223633,1575.1600341796875,,,113.99207868829646,104.37557650889036,157.04084996260505,988.1336233719031,141.32484120966254,1135.8545038946363
2020-06-10,,0.125,0.08,0.652999997138977,40.790000915527344,4.249000072479248,96.7300033569336,38.54999923706055,1575.27001953125,,,113.99867888799076,104.5916600149246,158.04109129970024,1030.9826646371757,142.0012286573959,1132.5491160970278
2020-06-11,,0.125,0.08,0.6990000009536743,36.09000015258789,4.247000217437744,97.31999969482422,38.72999954223633,1557.25,,,112.28518297806829,104.77335601349091,156.23907615944174,1007.6315133942356,139.73128257746615,1122.3601697947527
2020-06-12,,0.125,0.08,,,,,,1546.02001953125,,,109.21588520186059,104.52654212704691,158.65093742394362,1015.9935209678844,140.4415490244011,1118.3806714644622
2020-06-13,,0.125,0.08,,,,,,,,,,,,,,
2020-06-14,,0.125,0.08,0.7020000219345093,34.400001525878906,4.26800012588501,96.68000030517578,39.720001220703125,,,,,,,,,
2020-06-15,,0.125,0.09,0.7559999823570251,33.66999816894531,4.276500225067139,96.95999908447266,40.959999084472656,1498.8299560546875,,,105.7059801254967,103.5101266684925,154.58843952134504,967.7634197739533,134.52399795490356,1048.8451332538582
2020-06-16,,0.125,0.09,0.7329999804496765,33.470001220703125,4.275000095367432,97.16000366210938,40.709999084472656,1517.7099609375,,,106.95120664179146,103.9193913705214,156.78444558271042,996.3564944090404,135.1952539517464,1100.5914489996799
2020-06-17,,0.125,0.09,0.6940000057220459,32.939998626708984,4.2779998779296875,97.41999816894531,41.5099983215332,1526.3199462890625,,,108.36073176161808,104.60848644166352,157.08950335071304,1000.3579074862328,135.09105905522787,1091.6266591403246
2020-06-18,,0.125,0.09,0.6970000267028809,35.119998931884766,4.2754998207092285,97.62000274658203,42.189998626708984,1504.9100341796875,,,107.25945915829902,103.71016777193685,154.90770490138596,993.4953625542007,134.35187539597572,1051.0916253495577
2020-06-19,,0.125,0.09,,,,,,1507.260009765625,,,106.36613668589254,104.75687274345704,153.71620924880696,1000.1466060018956,135.45289989236772,1072.7488813742746
2020-06-20,,0.125,0.09,,,,,,,,,,,,,,
2020-06-21,,0.125,0.09,0.7039999961853027,31.770000457763672,4.264999866485596,97.04000091552734,43.08000183105469,,,,,,,,,
2020-06-22,,0.125,0.08,0.7089999914169312,31.3700008392334,4.270500183105469,96.69000244140625,42.630001068115234,1511.239990234375,,,106.8901707463902,103.65444219476865,156.7235818005117,993.4891545456784,136.07138914146734,1072.7939595891228
2020-06-23,,0.125,0.08,0.6840000152587891,33.84000015258789,4.276000022888184,97.1500015258789,40.310001373291016,1507.0400390625,,,105.5539850614698,103.29387233591349,155.53238185964585,992.704455349727,137.77246946738867,1075.3377327307214
2020-06-24,,0.125,0.08,0.6740000247955322,32.220001220703125,4.276000022888184,97.43000030517578,41.04999923706055,1502.6300048828125,,,105.48630125234266,104.25199720207445,156.82949786574838,1017.4069661540241,135.50603867074275,1068.118605920816
2020-06-25,,0.125,0.08,0.6359999775886536,34.72999954223633,4.276500225067139,97.5,41.02000045776367,1489.199951171875,,,104.6492060659889,102.94369615636339,156.73555371407315,1009.7726713174085,133.5681899398704,1063.4234487545903
2020-06-26,,0.125,0.08,,,,,,1488.1400146484375,,,105.17609097437699,102.4818676648501,155.5390595543471,1016.3535737491804,133.2888261067155,1042.841014751367
2020-06-27,,0.125,0.08,,,,,,,,,,,,,,
2020-06-28,,0.125,0.08,0.6359999775886536,31.780000686645508,4.28849983215332,97.54000091552734,41.709999084472656,,,,,,,,,
2020-06-29,,0.125,0.08,0.652999997138977,30.43000030517578,4.28249979019165,97.38999938964844,41.150001525878906,1494.4300537109375,,,104.01831762755593,103.79781795105241,154.66648104632884,999.727346880578,131.39302487582412,1069.6804626910266
2020-06-30,610.495597533936,0.125,0.08,0.6819999814033508,28.6200008392334,4.2820000648498535,97.19999694824219,42.029998779296875,1500.969970703125,1.1,,104.34743096597911,103.35061042913762,156.19662139121888,1025.4922212854942,131.1350939432001,1086.8727324543138
2020-07-01,,0.125,0.08,0.6690000295639038,27.68000030517578,4.283999919891357,97.31999969482422,43.13999938964844,1514.4300537109375,,,104.92442243271537,104.24700201682865,157.20006491613864,1045.7799136666679,131.36532367685575,1126.7751867151735
2020-07-02,,0.125,0.09,,,4.2829999923706055,,,1536.280029296875,,,107.05378005754172,105.34838352257536,157.74578692010374,1061.1319787784414,134.06360313089968,1146.0051493470928
2020-07-03,,0.125,0.09,,,,,,1552.6500244140625,,,107.82473643823592,104.58027759733912,156.5304628425195,1069.5273567673953,136.46172718910202,1184.863883954299
2020-07-04,,0.125,0.09,,,,,,,,,,,,,,
2020-07-05,,0.125,0.09,0.6840000152587891,27.940000534057617,4.284999847412109,96.79000091552734,43.099998474121094,,,,,,,,,
2020-07-06,,0.125,0.09,0.6499999761581421,29.43000030517578,4.275000095367432,96.87999725341797,43.08000183105469,1576.9000244140625,,,108.97402723884746,105.6597447781782,156.76404361720193,1113.153968930249,138.34987439789157,1236.7925411405156
2020-07-07,,0.125,0.09,0.652999997138977,28.079999923706055,4.2729997634887695,96.43000030517578,43.290000915527344,1566.719970703125,,1.75,109.05332649581571,104.82225689452011,158.6107241794131,1127.6486975739303,133.81937698892506,1258.8343825904412
2020-07-08,,0.125,0.09,0.6050000190734863,29.260000228881836,4.267000198364258,96.69999694824219,42.349998474121094,1583.5,,,111.7076499989793,105.9934892662054,157.18436196028952,1139.432220178947,134.93206169757516,1262.6148345335798
2020-07-09,,0.125,0.09,0.6330000162124634,27.290000915527344,4.261000156402588,96.6500015258789,43.2400016784668,1583.25,,,112.35002656527098,105.41368661721356,156.31046374276008,1169.6772346510743,132.10612487693027,1282.285643015622
2020-07-10,,0.125,0.09,,,,,,1591.8399658203125,,,112.80067716987048,106.2394332398094,157.06677442922316,1166.7345456237076,131.97644779007243,1307.3687577952212
2020-07-11,,0.125,0.09,,,,,,,,,,,,,,
2020-07-12,,0.125,0.09,0.6399999856948853,32.189998626708984,4.264500141143799,96.45999908447266,42.720001220703125,,,,,,,,,
2020-07-13,,0.125,0.09,0.6150000095367432,29.520000457763672,4.262499809265137,96.26000213623047,42.900001525878906,1606.4300537109375,,,112.69504078034191,105.96492502045025,155.5776996425261,1183.1215576873628,131.20652399972423,1368.0355070118433
2020-07-14,,0.125,0.09,0.6299999952316284,27.760000228881836,4.26800012588501,96.08000183105469,43.790000915527344,1598.75,,,112.02761780249651,106.20806026978822,154.6090338199107,1174.2542252319336,132.00821837948362,1345.5227820847872
2020-07-15,,0.125,0.1,0.6119999885559082,28.0,4.260000228881836,96.3499984741211,43.369998931884766,1585.56005859375,,,111.6628530173416,107.33827187454297,154.90019251262956,1192.4605217857686,131.2085796366685,1299.009020588255
2020-07-16,,0.125,0.1,0.628000020980835,25.68000030517578,4.265500068664551,95.94000244140625,43.13999938964844,1573.47998046875,,,110.87915068351933,107.2028082471374,154.73560515764206,1174.7715736123803,131.0626723019736,1235.0746161295924
2020-07-17,,0.125,0.09,,,,,,1596.3299560546875,,,110.56115131688358,106.95635402949301,154.5125092193061,1181.6147129567064,131.64295379134518,1332.6817829973634
2020-07-18,,0.125,0.09,,,,,,,,,,,,,,
2020-07-19,,0.125,0.09,0.6200000047683716,24.459999084472656,4.262499809265137,95.83000183105469,43.279998779296875,,,,,,,,,
2020-07-20,,0.125,0.1,0.6069999933242798,24.84000015258789,4.257999897003174,95.12000274658203,44.31999969482422,1589.449951171875,,,107.89718891675675,107.14323330335367,155.2242336203745,1181.2395040948193,130.56487360413053,1381.78211682098
2020-07-21,,0.125,0.1,0.5950000286102295,24.31999969482422,4.258999824523926,94.97000122070312,44.290000915527344,1595.9300537109375,,,109.38568839787222,106.24941186104708,155.51168827043048,1233.7214840970748,131.35635217876708,1383.642949763805
2020-07-22,,0.125,0.09,0.5820000171661377,26.079999923706055,4.250500202178955,94.69000244140625,43.310001373291016,1586.97998046875,,,108.68968510007913,107.22675805467368,155.864025062877,1218.2456978871523,131.28696769654147,1382.9239432784273
2020-07-23,,0.125,0.09,0.5889999866485596,25.84000015258789,4.254000186920166,94.44000244140625,43.34000015258789,1606.4200439453125,,,110.07248556283895,108.3232244933608,156.14949263365065,1217.769126080889,133.25455918104544,1424.1471423811156
2020-07-24,,0.125,0.09,,,,,,1589.6099853515625,,,108.62106027036016,107.25250045217007,156.31615901023582,1207.628957863155,130.224030079411,1404.0975634503498
2020-07-25,,0.125,0.09,,,,,,,,,,,,,,
2020-07-26,,0.125,0.09,0.609000027179718,24.739999771118164,4.260000228881836,93.66999816894531,43.40999984741211,,,,,,,,,
2020-07-27,,0.125,0.1,0.5809999704360962,25.440000534057617,4.25,93.76000213623047,43.220001220703125,1591.47998046875,,,108.07403342495464,108.86773285316154,154.7819528897949,1245.1835628968422,129.31560735100828,1408.7713557449893
2020-07-28,,0.125,0.1,0.5789999961853027,24.100000381469727,4.249000072479248,93.26000213623047,43.75,1609.93994140625,,,108.32191786282192,109.6154874717012,154.6708537893811,1336.4370010554126,132.09017705847,1433.5280638853026
2020-07-29,,0.125,0.1,0.5410000085830688,24.760000228881836,4.240499973297119,93.0199966430664,42.939998626708984,1611.4200439453125,,,108.09479283445864,109.24979000235223,154.67510113672043,1347.8421135029025,133.07782899225975,1438.6175888217817
2020-07-30,,0.125,0.1,0.5360000133514404,24.459999084472656,4.236999988555908,93.48999786376953,43.29999923706055,1603.75,,,106.51347454027145,109.48356438055458,154.01409201304114,1369.5196184429306,132.94722216364792,1437.4571641689622
2020-07-31,674.699438865209,0.125,0.1,,,,,,,1.2,,,,,,,
2020-08-01,,0.125,0.1,,,,,,,,,,,,,,
2020-08-02,,0.125,0.1,0.5630000233650208,24.280000686645508,4.236999988555908,93.5,44.150001525878906,,,,,,,,,
2020-08-03,,0.125,0.1,0.5149999856948853,23.760000228881836,4.222499847412109,93.37999725341797,44.43000030517578,1572.6099853515625,,,103.52192853118571,107.51270264043467,152.3925462774192,1407.000779705787,128.2056046556451,1451.8640957274233
2020-08-04,,0.125,0.1,0.5429999828338623,22.989999771118164,4.218999862670898,92.83000183105469,45.16999816894531,1575.93994140625,,,103.81365504369005,107.07400441219377,152.56473594644768,1447.2011336427358,126.9215000313187,1485.7201015336632
2020-08-05,,0.125,0.1,0.5360000133514404,22.649999618530273,4.192500114440918,92.79000091552734,45.09000015258789,1568.1300048828125,,,103.33375519702246,105.85437744548538,153.59424933469222,1439.9951585521164,125.36604947305283,1506.2628005109198
2020-08-06,,0.125,0.1,0.5619999766349792,22.209999084472656,4.185999870300293,93.44000244140625,44.400001525878906,1588.5699462890625,,,104.38465544929869,107.69054546989894,153.44298610132972,1437.372046327154,127.50835456552514,1540.136667144553
2020-08-07,,0.125,0.1,,,,,,1578.1400146484375,,,103.74045301867841,105.83636460303538,153.72504874567025,1394.0839916231903,127.88916744467731,1525.462279755252
2020-08-08,,0.125,0.1,,,,,,,,,,,,,,
2020-08-09,,0.125,0.1,0.5740000009536743,22.1299991607666,4.184999942779541,93.58000183105469,44.9900016784668,,,,,,,,,
2020-08-10,,0.125,0.1,0.6579999923706055,24.030000686645508,4.192999839782715,93.62999725341797,44.5,1571.6600341796875,,,104.01571179250581,107.69685706135638,154.15068100255843,1333.3317518769577,128.00587937981882,1498.4582658882084
2020-08-11,,0.125,0.1,0.6700000166893005,22.280000686645508,4.192500114440918,93.44000244140625,45.43000030517578,1564.739990234375,,,104.02455634039507,106.3134950986163,154.84761311491505,1336.777005389148,127.6137114508282,1471.1835969807805
2020-08-12,,0.125,0.1,0.7160000205039978,22.1299991607666,4.190999984741211,93.33999633789062,44.959999084472656,1556.6400146484375,,,106.75694167055931,106.23745768608579,154.5553105837675,1343.370189058157,127.26836233522015,1420.3091227272093
2020-08-13,,0.125,0.1,0.7089999914169312,22.049999237060547,4.189000129699707,93.0999984741211,44.79999923706055,1576.4200439453125,,,108.87589855545647,107.35836349156625,156.4023969445982,1357.505237491646,129.31480177035405,1441.9753269330783
2020-08-14,,0.125,0.1,,,,,,1564.5899658203125,,,108.37184882086777,107.01735121232096,154.20947205310432,1331.864340278405,129.3906702652295,1403.6188381120571
2020-08-15,,0.125,0.1,,,,,,,,,,,,,,
2020-08-16,,0.125,0.1,0.6830000281333923,21.350000381469727,4.188000202178955,92.8499984741211,45.369998931884766,,,,,,,,,
2020-08-17,,0.125,0.1,0.6690000295639038,21.510000228881836,4.189000129699707,92.2699966430664,45.459999084472656,1560.739990234375,,,108.62168793109703,107.6572455004237,155.78428366774864,1344.8204656795576,132.7922269851296,1375.0793442130891
2020-08-18,,0.125,0.09,0.675000011920929,22.540000915527344,4.180500030517578,92.88999938964844,45.369998931884766,1577.8499755859375,,,106.79248328859936,106.86679497087121,155.1966783223617,1353.8880806449783,130.68828277090861,1476.4480285835214
2020-08-19,,0.125,0.09,0.6439999938011169,22.719999313354492,4.170000076293945,92.79000091552734,44.900001525878906,1575.3800048828125,,,106.06948145917987,106.88285678353866,155.5400383850309,1378.0452437356291,129.96479349561082,1522.758499386487
2020-08-20,,0.125,0.09,0.6399999856948853,22.540000915527344,4.170000076293945,93.25,44.349998474121094,,,,,,,,,
2020-08-21,,0.125,0.09,,,,,,1577.1199951171875,,,104.98234301174476,106.69959325641618,156.36504215918177,1417.8387617520484,130.70522463863804,1549.8767181135524
2020-08-22,,0.125,0.09,,,,,,,,,,,,,,
2020-08-23,,0.125,0.09,0.6460000276565552,22.3700008392334,4.177499771118164,93.30000305175781,45.130001068115234,,,,,,,,,
2020-08-24,,0.125,0.09,0.6819999814033508,22.030000686645508,4.172999858856201,93.0199966430664,45.86000061035156,1568.5799560546875,,,103.70452500033691,107.09922717475848,156.4228327889793,1440.0799764446194,129.0996168162459,1545.5925384897541
2020-08-25,,0.125,0.09,0.6869999766349792,23.270000457763672,4.166999816894531,93.01000213623047,45.63999938964844,1554.9599609375,,,103.60834349224915,107.99535282224394,156.46317299416998,1408.613973757483,130.85047108883407,1486.9523870704893
2020-08-26,,0.125,0.09,0.7459999918937683,24.469999313354492,4.166999816894531,93.01000213623047,45.09000015258789,1549.5799560546875,,,102.53317770883466,106.77032847160335,156.81847854482345,1424.0232693869532,129.08891040016766,1511.5907947955473
2020-08-27,,0.125,0.08,0.7289999723434448,22.959999084472656,4.170000076293945,92.37000274658203,45.04999923706055,1554.780029296875,,,102.57436124531102,107.39423794122243,156.49177847837632,1436.7387677975753,128.69644079299187,1522.1180724841986
2020-08-28,,0.125,0.09,,,,,,1525.2099609375,,,100.8568766167344,106.64425384171643,157.87065625213955,1432.371801198032,125.18812660070517,1518.6588015396112
2020-08-29,,0.125,0.09,,,,,,,,,,,,,,
2020-08-30,,0.125,0.09,0.6930000185966492,26.40999984741211,4.163000106811523,92.13999938964844,45.279998779296875,,,,,,,,,
2020-08-31,707.32528125622,0.125,0.09,0.671999990940094,26.1200008392334,4.168000221252441,92.33999633789062,45.58000183105469,,1.1,,,,,,,
2020-09-01,,0.125,0.09,0.6510000228881836,26.56999969482422,4.144999980926514,92.8499984741211,44.43000030517578,1521.4300537109375,,,97.89710549099443,106.69512519724556,156.35108679551584,1439.3439498616417,125.28522146327587,1525.0153657112423
2020-09-02,,0.125,0.09,0.621999979019165,33.599998474121094,4.143499851226807,92.73999786376953,44.06999969482422,1537.5400390625,,,99.71307283608701,107.79803211430948,157.30145638386057,1452.5731724812754,128.67716051902144,1515.857049815916
2020-09-03,,0.125,0.09,0.7210000157356262,30.75,4.144999980926514,92.72000122070312,42.65999984741211,1515.4000244140625,,,99.1433223403885,106.72786579011513,157.41827292366816,1463.932086653148,128.37023565191038,1478.9720843651492
2020-09-04,,0.125,0.09,,,,,,1515.8599853515625,,,99.03974575087203,105.59466812703953,156.8474823551557,1422.1909993845052,128.17394913801357,1485.5881516633633
2020-09-05,,0.125,0.09,,,,,,,,,,,,,,
2020-09-06,,0.125,0.09,,,4.146999835968018,,,,,,,,,,,
2020-09-07,,0.125,0.09,0.6840000152587891,31.459999084472656,4.15500020980835,93.4800033569336,39.779998779296875,1516.3800048828125,,,99.18994062857305,106.89064492318896,157.9538534712636,1404.5189677555054,129.2247177418095,1476.7241680837178
2020-09-08,,0.125,0.09,0.703000009059906,28.809999465942383,4.164999961853027,93.26000213623047,40.790000915527344,1519.3199462890625,,,100.05737414025045,106.73181875595685,158.49018860884485,1379.0208971647144,131.80167492845933,1421.072786914686
2020-09-09,,0.125,0.09,0.6850000023841858,29.709999084472656,4.169000148773193,93.33999633789062,40.060001373291016,1496.719970703125,,,99.7337024309495,106.34082212716578,158.8300336769239,1367.9692522566047,129.87397644556478,1374.1378037177258
2020-09-10,,0.125,0.09,0.6690000295639038,26.8700008392334,4.1620001792907715,93.33000183105469,39.83000183105469,1490.1199951171875,,1.75,99.91423689516343,107.24662409406709,160.16219389603364,1328.9209031203989,129.82758126042785,1308.1937145032161
2020-09-11,,0.125,0.09,,,,,,1504.8499755859375,,,99.3816295332536,106.35156652591336,160.4687963765511,1380.798680662305,128.63920889381419,1441.0413485164247
2020-09-12,,0.125,0.09,,,,,,,,,,,,,,
2020-09-13,,0.125,0.09,0.6710000038146973,25.850000381469727,4.151500225067139,93.06999969482422,39.61000061035156,,,,,,,,,
2020-09-14,,0.125,0.09,0.6790000200271606,25.59000015258789,4.143499851226807,93.05000305175781,40.529998779296875,1511.3599853515625,,,98.33430314205785,106.02919947858638,162.52525633925367,1405.6373258838312,128.48888680902994,1518.561580035358
2020-09-15,,0.125,0.09,0.6869999766349792,26.040000915527344,4.127999782562256,93.20999908447266,42.220001220703125,1531.280029296875,,,101.50602396591613,107.32691384188814,161.01002076332227,1416.793721195178,129.19564599039361,1499.4694664509868
2020-09-16,,0.125,0.09,0.6840000152587891,26.459999084472656,4.127999782562256,92.97000122070312,43.29999923706055,,,,,,,,,
2020-09-17,,0.125,0.09,0.6940000057220459,25.829999923706055,4.13700008392334,92.93000030517578,43.150001525878906,1513.0699462890625,,,99.99056728832898,106.7096650548501,161.07812885789855,1409.5231872357976,128.02248619812633,1442.549982466025
2020-09-18,,0.125,0.09,,,,,,1506.6300048828125,,,97.92615526763862,106.24408312880524,157.21705766789182,1384.7596317790537,129.83809193183197,1467.1040563456775
2020-09-19,,0.125,0.09,,,,,,,,,,,,,,
2020-09-20,,0.125,0.09,0.6710000038146973,27.780000686645508,4.111999988555908,93.54000091552734,41.439998626708984,,,,,,,,,
2020-09-21,,0.125,0.09,0.6639999747276306,26.860000610351562,4.119999885559082,93.98999786376953,41.720001220703125,1499.4300537109375,,,96.88998219596817,106.71727732566903,158.11585475182434,1371.7222127892899,128.33585745543502,1459.1246260770145
2020-09-22,,0.125,0.09,0.6759999990463257,28.579999923706055,4.131999969482422,94.38999938964844,41.77000045776367,1505.780029296875,,,97.30565430202205,106.73197373305116,159.69167488220893,1387.8406197555903,128.39867643181506,1451.9632422139973
2020-09-23,,0.125,0.09,0.6660000085830688,28.510000228881836,4.119999885559082,94.3499984741211,41.939998626708984,1496.47998046875,,,96.51266963767009,106.9570158365757,158.0996636204258,1391.2095815693538,126.66043653277816,1439.6489297250084
2020-09-24,,0.125,0.09,0.6589999794960022,26.3799991607666,4.165999889373779,94.58000183105469,41.91999816894531,1500.800048828125,,,95.38800101582771,107.01903017854157,158.48949986169987,1392.5695509570874,125.20383926378142,1467.103408476623
2020-09-25,,0.125,0.09,,,,,,1509.1400146484375,,,95.28351202384049,106.3489717315216,157.50254432921687,1424.2247768162333,125.69745661367276,1515.665268496619
2020-09-26,,0.125,0.09,,,,,,,,,,,,,,
2020-09-27,,0.125,0.09,0.6629999876022339,26.190000534057617,4.169000148773193,94.26000213623047,42.43000030517578,,,,,,,,,
2020-09-28,,0.125,0.09,0.6449999809265137,26.270000457763672,4.172999858856201,93.88999938964844,41.029998779296875,1511.6600341796875,,,95.43588918433625,106.29602680499579,156.3485309031178,1445.1501504402736,126.14790867174874,1520.5848299799304
2020-09-29,,0.125,0.09,0.6769999861717224,26.3700008392334,4.15500020980835,93.88999938964844,40.95000076293945,1503.9000244140625,,,96.24203647903349,106.75709456550663,155.9281987655339,1449.0402552985183,125.16549390357734,1496.0679407480984
2020-09-30,730.949822826911,0.125,0.09,0.6769999861717224,26.700000762939453,4.152500152587891,93.70999908447266,40.93000030517578,1504.8199462890625,1.1,,96.65413723722658,106.89648387687285,155.2863407462528,1427.7875960755016,126.61627175859805,1485.4460321125057
2020-10-01,,0.125,0.09,0.6959999799728394,27.6299991607666,4.1479997634887695,93.83999633789062,39.27000045776367,1496.77001953125,,,96.63981805070641,104.3464298047956,155.04931815174447,1460.41733977767,126.4545407073643,1492.7439552478374
2020-10-02,,0.125,0.09,,,,,,1500.300048828125,,,96.03492871955102,104.71612010335012,153.87810098517937,1431.4468088479307,126.26154569526189,1513.19788749414
2020-10-03,,0.125,0.09,,,,,,,,,,,,,,
2020-10-04,,0.125,0.09,0.7620000243186951,27.959999084472656,4.1620001792907715,93.51000213623047,41.290000915527344,,,,,,,,,
2020-10-05,,0.125,0.09,0.7419999837875366,29.479999542236328,4.149499893188477,93.83000183105469,42.650001525878906,1512.4300537109375,,,96.20198377959267,106.73797643219388,153.22049706822537,1447.9933268291948,129.50326013842533,1530.013389432466
2020-10-06,,0.125,0.09,0.7850000262260437,28.059999465942383,4.150000095367432,93.62999725341797,41.9900016784668,1509.469970703125,,,96.49363328299742,105.85383465461113,151.27732718916138,1458.7292022685174,129.98819765655767,1499.963996361219
2020-10-07,,0.125,0.09,0.7649999856948853,26.360000610351562,4.15500020980835,93.61000061035156,43.34000015258789,1489.56005859375,,,95.35215211741823,103.7570194743862,151.52299112042041,1499.6010556542035,125.13122388796798,1509.3795662280916
2020-10-08,,0.125,0.09,0.7749999761581421,25.0,4.150000095367432,93.05999755859375,42.849998474121094,1519.4300537109375,,,97.94348921330489,106.55417798268087,153.22896585944463,1507.2604035716947,130.7256284615392,1539.566939004324
2020-10-09,,0.125,0.09,,,,,,1530.3499755859375,,,99.20127214147797,107.09507287273394,152.4994363611498,1511.184931571864,128.71400802440428,1533.0401404171105
2020-10-10,,0.125,0.09,,,,,,,,,,,,,,
2020-10-11,,0.125,0.09,0.7770000100135803,25.06999969482422,4.142499923706055,93.06999969482422,41.720001220703125,,,,,,,,,
2020-10-12,,0.125,0.09,0.7269999980926514,26.06999969482422,4.143499851226807,93.52999877929688,42.45000076293945,1518.4300537109375,,,97.69437402551787,105.2222985789516,150.35996723397403,1503.0350792725776,128.44330250699733,1551.426219225576
2020-10-13,,0.125,0.09,0.722000002861023,26.399999618530273,4.139999866485596,93.37999725341797,43.31999969482422,1525.199951171875,,,98.08761079697139,106.23884769540433,150.1901418909507,1511.6272295398123,130.50766574245958,1557.3109596554343
2020-10-14,,0.125,0.09,0.7310000061988831,26.969999313354492,4.1479997634887695,93.86000061035156,43.15999984741211,1523.25,,,96.92652848267934,104.8912557491051,149.1213751414554,1500.8586102426887,129.51852073703495,1593.7422996088212
2020-10-15,,0.125,0.09,0.7440000176429749,27.40999984741211,4.1529998779296875,93.68000030517578,42.93000030517578,1513.949951171875,,,97.11695428706795,103.74445674166566,148.57037906765368,1491.788213148273,128.42565721645883,1594.305172805261
2020-10-16,,0.125,0.09,,,,,,1503.8399658203125,,,96.36499003520169,102.19530266424913,148.41126698051968,1518.0067163656665,125.82260160470958,1598.8604525329167
2020-10-17,,0.125,0.09,,,,,,,,,,,,,,
2020-10-18,,0.125,0.09,0.7609999775886536,29.18000030517578,4.146999835968018,93.43000030517578,42.619998931884766,,,,,,,,,
2020-10-19,,0.125,0.09,0.796999990940094,29.350000381469727,4.145999908447266,93.06999969482422,43.15999984741211,1518.1099853515625,,,96.65442050013262,103.74406393805917,147.42185832555688,1547.1775406002316,126.65605473006542,1634.7169352969904
2020-10-20,,0.125,0.09,0.8159999847412109,28.649999618530273,4.146999835968018,92.61000061035156,41.72999954223633,1510.969970703125,,,96.27299249844302,103.32125807413166,146.2780914588987,1575.6888660355592,123.84874273972125,1662.9094744610666
2020-10-21,,0.125,0.09,0.8479999899864197,28.110000610351562,4.140999794006348,92.94999694824219,42.459999084472656,1492.4000244140625,,,95.95210714970901,102.72715768745194,147.47372964872773,1571.0346662826764,123.45216502124082,1614.7642068388077
2020-10-22,,0.125,0.09,0.8410000205039978,27.549999237060547,4.141499996185303,92.7699966430664,41.77000045776367,1498.800048828125,,,95.14362680357526,103.37920862249294,147.67394217095915,1562.4149729925814,124.484453564081,1620.9076077432946
2020-10-23,,0.125,0.09,,,,,,1494.6400146484375,,,96.01350072479413,102.55015139869937,147.55959225718144,1581.5230278145968,123.5078420661893,1596.93714115464
2020-10-24,,0.125,0.09,,,,,,,,,,,,,,
2020-10-25,,0.125,0.09,0.8009999990463257,32.459999084472656,4.15500020980835,93.05000305175781,40.459999084472656,,,,,,,,,
2020-10-26,,0.125,0.09,0.777999997138977,33.349998474121094,4.163000106811523,92.94000244140625,41.20000076293945,1494.6099853515625,,,95.62569477342538,105.34124216124394,146.63523563692203,1585.043253625988,122.86800171952879,1591.2237033618758
2020-10-27,,0.125,0.09,0.781000018119812,40.279998779296875,4.159999847412109,93.41000366210938,39.119998931884766,1500.3499755859375,,,95.62128006613035,104.65674983746275,148.76018804791173,1587.7396951193143,122.70594782576867,1614.7288068305552
2020-10-28,,0.125,0.09,0.8349999785423279,37.59000015258789,4.1539998054504395,93.95999908447266,37.650001525878906,1495.199951171875,,,95.12079227899368,104.18035597365984,146.82875174302592,1589.0560362041685,122.65115853939663,1607.289860272407
2020-10-29,,0.125,0.09,0.8600000143051147,38.02000045776367,4.1545000076293945,94.04000091552734,37.459999084472656,,,,,,,,,
2020-10-30,,0.125,0.09,,,,,,1466.8900146484375,,,93.06512624191595,101.8015212633779,146.2495427583013,1542.6112298386051,121.20823001389904,1570.8778641173067
2020-10-31,841.639684375727,0.125,0.09,,,,,,,1.0,,,,,,,
2020-11-01,,0.125,0.09,0.8489999771118164,37.130001068115234,4.150000095367432,94.05000305175781,38.970001220703125,,,,,,,,,
2020-11-02,,0.125,0.09,0.8820000290870667,35.54999923706055,4.15500020980835,93.55000305175781,39.709999084472656,1466.4599609375,,,92.25451763597823,103.32512918090345,144.1874545066994,1523.6500377954203,121.79385351628842,1564.3956683630042
2020-11-03,,0.125,0.09,0.7680000066757202,29.56999969482422,4.1539998054504395,93.41000366210938,41.22999954223633,1461.449951171875,,1.75,92.82328362130298,102.99438664600214,142.6880955926771,1528.485652399404,122.81514890889127,1552.2421537151342
2020-11-04,,0.125,0.09,0.7760000228881836,27.579999923706055,4.165500164031982,92.52999877929688,40.93000030517578,1464.6099853515625,,,92.82622625674549,104.33375827886063,141.77512440196253,1545.803382624319,123.37295159487817,1535.937855405708
2020-11-05,,0.125,0.09,0.8199999928474426,24.860000610351562,4.14300012588501,92.2300033569336,39.45000076293945,1501.489990234375,,,94.40901605871063,107.62385442340394,143.08821563349025,1600.3042158524422,128.2595196096925,1582.5747911389583
2020-11-06,,0.125,0.09,,,,,,1519.6400146484375,,,95.72640667405707,107.44642742169236,142.8571055170202,1621.6883891482958,127.0872390411279,1620.9079359705477
2020-11-07,,0.125,0.09,,,,,,,,,,,,,,
2020-11-08,,0.125,0.09,0.9580000042915344,25.75,4.125999927520752,92.7300033569336,42.400001525878906,,,,,,,,,
2020-11-09,,0.125,0.09,0.972000002861023,24.799999237060547,4.105000019073486,92.75,43.61000061035156,1524.3199462890625,,,95.21576580037544,107.77877117744356,142.95215207719755,1642.2776394673938,129.8528562884398,1632.7607921347494
2020-11-10,,0.125,0.09,0.9580000042915344,23.450000762939453,4.105000019073486,93.04000091552734,43.79999923706055,1575.0699462890625,,,104.883363893811,108.28206806222147,149.5728316405548,1619.759261562798,134.4725367681022,1575.47370679097
2020-11-11,,0.125,0.09,0.8849999904632568,25.350000381469727,4.126999855041504,92.95999908447266,43.529998779296875,1570.0799560546875,,,105.16847682966251,107.45779036201488,150.3298876437496,1588.9111549823865,132.9430476971576,1568.5127770157553
2020-11-12,,0.125,0.09,0.8930000066757202,23.100000381469727,4.127999782562256,92.76000213623047,42.779998779296875,1590.780029296875,,,107.1018707486459,109.69870798673958,152.42338336007458,1594.7586384816123,135.3664109640945,1560.456886273137
2020-11-13,,0.125,0.09,,,,,,1589.68994140625,,,107.90469057477941,109.50018220782485,153.28302801156752,1608.616039625905,133.52866188733964,1597.1239250880503
2020-11-14,,0.125,0.09,,,,,,,,,,,,,,
2020-11-15,,0.125,0.09,0.906000018119812,22.450000762939453,4.120999813079834,92.56999969482422,43.81999969482422,,,,,,,,,
2020-11-16,,0.125,0.09,0.871999979019165,22.709999084472656,4.114999771118164,92.41999816894531,43.75,1599.6600341796875,,,113.76580705348121,108.8892932601391,152.94643580612387,1613.6621599931138,133.83287491708106,1551.6907941657219
2020-11-17,,0.125,0.09,0.8820000290870667,23.84000015258789,4.102499961853027,92.31999969482422,44.34000015258789,1610.1500244140625,,,115.67482100384805,109.53249546746773,153.6651183704219,1598.4161427711351,133.5546880997431,1541.1530053515635
2020-11-18,,0.125,0.09,0.8539999723434448,23.110000610351562,4.0854997634887695,92.29000091552734,44.20000076293945,1604.75,,,114.86430485584016,110.4332529064441,154.02619122185595,1587.5071672124236,133.84223568442872,1543.4524803030395
2020-11-19,,0.125,0.08,0.8289999961853027,23.700000762939453,4.0970001220703125,92.38999938964844,44.959999084472656,1583.6800537109375,,,112.07010469341343,110.13861289136332,153.9487073082027,1566.8038737513675,134.63500827030356,1534.5476674186675
2020-11-20,,0.125,0.08,,,,,,1593.75,,,112.18421682638574,110.10814773141391,153.123744976558,1561.875961781444,136.0438211010917,1581.5957774963056
2020-11-21,,0.125,0.08,,,,,,,,,,,,,,
2020-11-22,,0.125,0.08,0.8569999933242798,22.65999984741211,4.090000152587891,92.51000213623047,46.060001373291016,,,,,,,,,
2020-11-23,,0.125,0.08,0.8820000290870667,21.639999389648438,4.0879998207092285,92.2300033569336,47.86000061035156,1597.47998046875,,,111.74578771207206,110.1340875424598,153.82522967369766,1556.6751164262657,142.02129730770187,1563.7723104025401
2020-11-24,,0.125,0.08,0.878000020980835,21.25,4.085000038146973,91.98999786376953,48.61000061035156,1578.3900146484375,,,112.2108496701907,109.15643306060387,151.6080394560731,1497.018882635232,140.42091349564745,1480.4419683313677
2020-11-25,,0.125,0.08,,,4.085000038146973,,,1597.5799560546875,,,115.1624297144968,109.90922189433054,151.59960624732227,1547.261735512241,141.21308357320297,1500.5180592183472
2020-11-26,,0.125,0.08,0.8420000076293945,20.84000015258789,4.065000057220459,91.79000091552734,48.18000030517578,1612.1099853515625,,,114.92119381300174,110.06229267930567,149.3285181288264,1548.3099060185364,143.38211513899142,1580.814674169618
2020-11-27,,0.125,0.08,,,,,,1607.5899658203125,,,115.34445114130287,107.88958078766959,148.862908431586,1562.583606367155,141.93390713791672,1609.4791848458403
2020-11-28,,0.125,0.08,,,,,,,,,,,,,,
2020-11-29,,0.125,0.08,0.843999981880188,20.56999969482422,4.066999912261963,91.87000274658203,47.59000015258789,,,,,,,,,
2020-11-30,910.648399616273,0.125,0.09,0.9340000152587891,20.770000457763672,4.071499824523926,91.30999755859375,47.41999816894531,1562.7099609375,0.8,,109.04741117285326,106.69901489856186,150.1763012358542,1570.2575941606642,140.30737126204184,1624.4457052526664
2020-12-01,,0.125,0.09,0.9480000138282776,21.170000076293945,4.072500228881836,91.12000274658203,48.25,1602.260009765625,,,112.66966942734355,108.74742925656274,150.44569823116058,1566.5918161913114,143.81911988711286,1627.4117507113917
2020-12-02,,0.125,0.09,0.9200000166893005,21.280000686645508,4.072999954223633,90.70999908447266,48.709999084472656,1598.719970703125,,,113.47904290048865,108.62417686739461,151.28674625118444,1592.4615659032756,145.0928588962053,1614.2295169885738
2020-12-03,,0.125,0.09,0.968999981880188,20.790000915527344,4.0625,90.69999694824219,49.25,1628.260009765625,,,115.50688613099771,109.20318996743651,151.1901374005293,1603.146954864538,147.2289457865895,1648.2744748953476
2020-12-04,,0.125,0.09,,,,,,1621.8499755859375,,,115.6446024438287,109.06204909414257,153.00615212955506,1600.5692499924257,145.63321448917424,1663.03649672776
2020-12-05,,0.125,0.09,,,,,,,,,,,,,,
2020-12-06,,0.125,0.09,0.9279999732971191,21.299999237060547,4.058000087738037,90.79000091552734,48.790000915527344,,,,,,,,,
2020-12-07,,0.125,0.09,0.9129999876022339,20.68000030517578,4.070000171661377,90.97000122070312,48.84000015258789,1622.8900146484375,,,116.36904642750636,108.38302704694772,154.3924128123116,1603.259121081589,146.36053849483343,1662.0940851698049
2020-12-08,,0.125,0.09,0.9409999847412109,22.270000457763672,4.070000171661377,91.08999633789062,48.86000061035156,1631.699951171875,,,115.83791010914715,108.34195069021621,154.3924128123116,1596.802596491632,147.7415042282625,1725.902462014042
2020-12-09,,0.125,0.09,0.9079999923706055,22.520000457763672,4.063000202178955,90.79000091552734,50.25,1646.530029296875,,,120.60133433296913,108.61982833678734,153.81165694258533,1588.1958545451184,147.5078531927756,1709.674420026089
2020-12-10,,0.125,0.09,0.8930000066757202,23.309999465942383,4.05649995803833,90.9800033569336,49.970001220703125,1654.3900146484375,,,123.57255572321148,108.77466553852481,154.42552464841683,1564.896404259965,146.45678824672476,1730.5499184722996
2020-12-11,,0.125,0.09,,,,,,1684.5799560546875,,,131.28032734753057,109.888925584754,153.9378247488621,1569.973317940137,147.8487384729767,1704.3420807891184
2020-12-12,,0.125,0.09,,,,,,,,,,,,,,
2020-12-13,,0.125,0.09,0.8920000195503235,24.719999313354492,4.050000190734863,90.70999908447266,50.290000915527344,,,,,,,,,
2020-12-14,,0.125,0.09,0.9229999780654907,22.889999389648438,4.051000118255615,90.47000122070312,50.7599983215332,1662.739990234375,,,130.3273396063816,108.97246033035506,152.58127443529358,1506.8563520879718,148.44348063968008,1623.7680452078362
2020-12-15,,0.125,0.09,0.9200000166893005,22.5,4.052999973297119,90.44999694824219,51.08000183105469,1674.02001953125,,,131.05223873003092,109.92195232256617,152.10152305897532,1506.6845307837132,149.91166992351305,1644.1572117537958
2020-12-16,,0.125,0.09,0.9300000071525574,21.93000030517578,4.048999786376953,89.81999969482422,51.5,1681.4100341796875,,,131.2577838109982,109.3188385413973,151.999675637408,1548.036105196873,146.73997391507478,1686.1647887200377
2020-12-17,,0.125,0.09,0.9480000138282776,21.56999969482422,4.0329999923706055,90.0199966430664,52.2599983215332,1674.3499755859375,,,129.65172577075296,111.23225525991147,151.84753724569592,1542.5501602266004,145.20267635523388,1695.6819711601565
2020-12-18,,0.125,0.09,,,,,,1652.489990234375,,,126.53439652377428,109.16438739875534,150.4467005983766,1555.352189483035,148.20808338243273,1690.2009395636608
2020-12-19,,0.125,0.09,,,,,,,,,,,,,,
2020-12-20,,0.125,0.09,0.9409999847412109,25.15999984741211,4.038000106811523,90.04000091552734,50.90999984741211,,,,,,,,,
2020-12-21,,0.125,0.09,0.9179999828338623,24.229999542236328,4.038000106811523,90.6500015258789,50.08000183105469,1647.8900146484375,,,125.90459216514766,109.49242688387324,150.3514920170637,1548.0566675206176,148.27116502873477,1682.4064734352105
2020-12-22,,0.125,0.09,0.9549999833106995,23.309999465942383,4.059000015258789,90.41000366210938,51.20000076293945,1631.9200439453125,,,123.34558512018283,108.50014742100646,148.67588080466035,1551.588024519466,147.09999086478953,1671.3226337353299
2020-12-23,,0.125,0.09,0.9279999732971191,21.530000686645508,4.060999870300293,90.33000183105469,51.290000915527344,1647.5,,,124.9655889278768,109.54299420803993,150.14714669049835,1578.5345263226816,147.99990823630847,1687.0190054982004
2020-12-24,,0.125,0.09,,,4.059000015258789,,,1641.1700439453125,,,124.44150154099482,110.40470266361189,149.043783183486,1586.249367848494,147.72298154324733,1686.980114925098
2020-12-25,,0.125,0.09,,,,,,,,,,,,,,
2020-12-26,,0.125,0.09,,,,,,,,,,,,,,
2020-12-27,,0.125,0.09,0.9330000281333923,21.700000762939453,4.058000087738037,90.33999633789062,50.86000061035156,,,,,,,,,
2020-12-28,,0.125,0.09,0.9350000023841858,23.079999923706055,4.047500133514404,90.01000213623047,51.09000015258789,1643.9000244140625,,,126.46582886602395,110.44021755317715,149.53805147844298,1624.4950512804135,147.42988455426442,1657.087579863923
2020-12-29,,0.125,0.09,0.9259999990463257,22.770000457763672,4.047999858856201,89.62999725341797,51.34000015258789,1634.989990234375,,,126.99116303382138,109.70364474180343,149.65503805917527,1625.3534188047763,147.1128706732984,1623.9988699117553
2020-12-30,,0.125,0.09,0.9169999957084656,22.75,4.034999847412109,89.94000244140625,51.79999923706055,1644.4100341796875,,,127.23375835058515,110.01402858680989,149.02098072011174,1648.1417914180915,148.20808225645078,1689.6103981681429
2020-12-31,936.449653369777,0.125,0.09,,,4.019999980926514,,,1627.2099609375,0.7,,125.70987139992515,107.69926061150596,148.05652947360372,1623.652628274095,147.2911324080633,1678.6774662100331
2021-01-01,,0.125,0.09,,,,,,,,,,,,,,
2021-01-02,,0.125,0.09,,,,,,,,,,,,,,
2021-01-03,,0.125,0.09,0.9169999957084656,26.969999313354492,4.019999980926514,89.87999725341797,51.09000015258789,,,,,,,,,
2021-01-04,,0.125,0.09,0.9549999833106995,25.34000015258789,4.004000186920166,89.44000244140625,53.599998474121094,1602.5699462890625,,,124.80739143861939,108.28311514814688,148.8978036002482,1623.6909594868853,145.89454848156402,1595.6472541547246
2021-01-05,,0.125,0.09,1.0420000553131104,25.06999969482422,4.014999866485596,89.52999877929688,54.29999923706055,1608.3499755859375,,,125.00525076884594,108.9707000391325,146.8039997766118,1614.537068677829,144.30436021864836,1612.3818625893618
2021-01-06,,0.125,0.09,1.0709999799728394,22.3700008392334,4.007999897003174,89.83000183105469,54.380001068115234,1591.969970703125,,,122.73178302879883,108.75280370577572,145.905384200937,1573.7408089522705,143.02752980120655,1613.1336339298816
2021-01-07,,0.125,0.09,1.1050000190734863,21.559999465942383,4.037499904632568,90.0999984741211,55.9900016784668,1602.949951171875,,,122.8543661011994,110.29042209413873,145.45536203533592,1587.369348477752,144.3452459314269,1634.4725233667234
2021-01-08,,0.125,0.09,,,,,,1633.18994140625,,,123.03067203876148,110.63784012054137,143.86777621176253,1589.6560362784514,146.9017117821228,1737.0147354855753
2021-01-09,,0.125,0.09,,,,,,,,,,,,,,
2021-01-10,,0.125,0.09,1.1319999694824219,24.079999923706055,4.03000020980835,90.54000091552734,55.65999984741211,,,,,,,,,
2021-01-11,,0.125,0.09,1.1380000114440918,23.329999923706055,4.045000076293945,90.05000305175781,56.58000183105469,1617.25,,,121.18598050374771,111.91705833134257,143.86777621176253,1624.512867836687,144.93953973953003,1712.1524873684973
2021-01-12,,0.125,0.09,1.0880000591278076,22.209999084472656,4.052499771118164,90.31999969482422,56.060001373291016,1612.0400390625,,,118.65060823420232,111.66420444771332,139.45386539155288,1668.1432276170135,144.05756872646072,1747.5126598409809
2021-01-13,,0.125,0.09,1.128999948501587,23.25,4.041999816894531,90.23999786376953,56.41999816894531,1636.68994140625,,,124.24706283698667,111.7853483328253,141.52655721898122,1731.7418059373001,144.83571557070073,1742.0287588100412
2021-01-14,,0.125,0.09,1.097000002861023,24.34000015258789,4.035999774932861,90.77999877929688,55.099998474121094,1635.7099609375,,,125.78944643026124,111.24137459729522,144.17834152121773,1775.251829894826,146.1740638114112,1758.36511988342
2021-01-15,,0.125,0.09,,,,,,1627.010009765625,,,123.9160577810354,109.61741735526796,142.92363461891836,1800.7086180537797,146.27748201413687,1762.2548222811101
2021-01-16,,0.125,0.09,,,,,,,,,,,,,,
2021-01-17,,0.125,0.09,,,4.033999919891357,,,,,,,,,,,
2021-01-18,,0.125,0.09,1.0920000076293945,23.239999771118164,4.046000003814697,90.5,55.900001525878906,1609.52001953125,,,121.62881931249667,108.61626300517892,142.07218997194545,1847.1304838223105,144.80512835294158,1759.3497530925085
2021-01-19,,0.125,0.09,1.090000033378601,21.579999923706055,4.045499801635742,90.47000122070312,56.08000183105469,1601.8800048828125,,,121.57457632900797,108.43432770433392,141.45513224813877,1835.2843295588866,144.76389841076212,1728.2153443581706
2021-01-20,,0.125,0.09,1.1089999675750732,21.31999969482422,4.043000221252441,90.12999725341797,56.099998474121094,1601.5400390625,,1.75,122.74417715407458,107.59810266295293,143.04458760190525,1873.1015825852764,143.18285409279673,1730.608187197554
2021-01-21,,0.125,0.08,1.090999960899353,21.90999984741211,4.0279998779296875,90.23999786376953,55.40999984741211,1594.800048828125,,,122.59735992069847,107.39459001953607,143.25697123756584,1858.5705410964688,142.3819484471203,1704.8469117939853
2021-01-22,,0.125,0.08,,,,,,1596.739990234375,,,122.32875063070958,107.28219875461909,142.42807133108917,1932.5689007475446,142.51341036677596,1735.4570455131739
2021-01-23,,0.125,0.08,,,,,,,,,,,,,,
2021-01-24,,0.125,0.08,1.0399999618530273,23.190000534057617,4.040500164031982,90.38999938964844,55.880001068115234,,,,,,,,,
2021-01-25,,0.125,0.08,1.0399999618530273,23.020000457763672,4.043000221252441,90.16999816894531,55.90999984741211,1576.6199951171875,,,119.60505409460995,107.06659973573002,142.29426661345633,1886.7997865292186,137.68894672093128,1733.0015266617063
2021-01-26,,0.125,0.08,1.0140000581741333,37.209999084472656,4.046500205993652,90.6500015258789,55.810001373291016,1575.31005859375,,,120.92318291689391,107.05773414496937,142.58348455102862,1918.282941688714,135.88805922060078,1687.3382755792268
2021-01-27,,0.125,0.08,1.0570000410079956,30.209999084472656,4.044000148773193,90.45999908447266,55.529998779296875,1580.6199951171875,,,121.54356500124229,105.97656982942232,141.8211193029581,2013.9631346310105,136.67164615270892,1671.3353569540047
2021-01-28,,0.125,0.07,1.093000054359436,33.09000015258789,4.044000148773193,90.58000183105469,55.880001068115234,,,,,,,,,
2021-01-29,,0.125,0.07,,,,,,1566.4000244140625,,,118.62668136160333,104.84598581963508,144.70542410314687,1990.6358781057525,134.90044683153158,1732.3265069399574
2021-01-30,,0.125,0.07,,,,,,,,,,,,,,
2021-01-31,968.868406413008,0.125,0.07,1.0770000219345093,30.239999771118164,4.039999961853027,91.0199966430664,56.349998474121094,,0.7,,,,,,,
2021-02-01,,0.125,0.08,1.1050000190734863,25.559999465942383,4.039999961853027,91.19999694824219,57.459999084472656,,,,,,,,,
2021-02-02,,0.125,0.08,1.13100004196167,22.90999984741211,4.043000221252441,91.12000274658203,58.459999084472656,1580.489990234375,,,118.18579695304807,106.29687810350586,144.22890729897046,2052.099034401484,138.0828717756483,1768.9130411360868
2021-02-03,,0.125,0.08,1.1390000581741333,21.770000457763672,4.048999786376953,91.52999877929688,58.84000015258789,1582.989990234375,,,119.04570522797027,106.49339329338592,145.67040423684037,2085.8605725395937,138.74561542142774,1751.1697005626825
2021-02-04,,0.125,0.08,1.1699999570846558,20.8700008392334,4.056000232696533,91.04000091552734,59.34000015258789,1584.9000244140625,,,119.1109811814774,107.14198593829684,146.09208528797208,2080.391254210185,139.89648983694414,1733.7883413579875
2021-02-05,,0.125,0.08,,,,,,1578.6300048828125,,,118.74619260905112,105.54427173728884,142.84199046629695,2073.788790046163,139.88227074238728,1723.0279962995955
2021-02-06,,0.125,0.08,,,,,,,,,,,,,,
2021-02-07,,0.125,0.08,1.159999966621399,21.239999771118164,4.067999839782715,90.93000030517578,60.560001373291016,,,,,,,,,
2021-02-08,,0.125,0.07,1.156999945640564,21.6299991607666,4.063000202178955,90.44000244140625,61.09000015258789,1573.3299560546875,,,118.82133154494821,105.29130096116042,143.19694181950163,2041.4082571529282,140.2354409994235,1699.0479466214413
2021-02-09,,0.125,0.08,1.1330000162124634,21.989999771118164,4.046500205993652,90.37000274658203,61.470001220703125,1586.1300048828125,,,121.11378117609743,105.61185873848862,143.2367774030275,2056.5960658399367,141.68705383706975,1731.8336773739884
2021-02-10,,0.125,0.08,1.1579999923706055,21.25,4.041500091552734,90.41999816894531,61.13999938964844,1596.8499755859375,,,123.5928289769432,106.41675425539619,143.7944028621737,2053.984598165223,141.86155255409054,1711.8369810415488
2021-02-11,,0.125,0.08,1.2000000476837158,19.969999313354492,4.039999961853027,90.4800033569336,62.43000030517578,1599.4200439453125,,,123.53154913252438,105.55755108686502,143.26914242349704,2058.346223449985,140.8590665788927,1719.025471121606
2021-02-12,,0.125,0.08,,,,,,,,,,,,,,
2021-02-13,,0.125,0.08,,,,,,,,,,,,,,
2021-02-14,,0.125,0.08,,,4.039999961853027,,,,,,,,,,,
2021-02-15,,0.125,0.08,1.2990000247955322,21.459999084472656,4.0329999923706055,90.51000213623047,63.349998474121094,1608.0699462890625,,,124.25744299994304,106.57518465941776,143.77867808696624,2099.9249712450633,142.43952426433523,1712.608518861282
2021-02-16,,0.125,0.08,1.3009999990463257,21.5,4.027500152587891,90.94999694824219,64.33999633789062,1606.1400146484375,,,125.04673916201358,104.55442125487096,147.94606177780466,2101.128728723179,142.8370442464974,1715.4758737995267
2021-02-17,,0.125,0.08,1.2869999408721924,22.489999771118164,4.0370001792907715,90.58999633789062,63.93000030517578,1595.2900390625,,,124.2996143234327,104.3416288807754,146.72304847736498,2063.796635298048,140.38741588192275,1735.8523514945325
2021-02-18,,0.125,0.07,1.3450000286102295,22.049999237060547,4.0395002365112305,90.36000061035156,62.90999984741211,1575.8399658203125,,,121.42468463913094,105.6695997648143,144.7603812914379,2042.433388172934,139.05876940035026,1721.0221676112862
2021-02-19,,0.125,0.07,,,,,,1584.9300537109375,,,123.30807337573675,106.48973935933421,146.14848984335836,2076.3440645896667,139.52274186810035,1735.9492321350344
2021-02-20,,0.125,0.07,,,,,,,,,,,,,,
2021-02-21,,0.125,0.07,1.3700000047683716,23.450000762939453,4.034999847412109,90.01000213623047,65.23999786376953,,,,,,,,,
2021-02-22,,0.125,0.07,1.3619999885559082,23.110000610351562,4.0395002365112305,90.16999816894531,65.37000274658203,1570.4599609375,,,121.72960307222216,105.82008900320857,146.1967610925852,2035.5278922021935,140.030949416713,1677.7082140898035
2021-02-23,,0.125,0.07,1.3890000581741333,21.34000015258789,4.040999889373779,90.18000030517578,67.04000091552734,1565.050048828125,,,121.51804302152594,105.77141575964808,146.31011737512222,2103.036912203528,140.1862710426448,1663.6727725991886
2021-02-24,,0.125,0.07,1.5180000066757202,28.889999389648438,4.039999961853027,90.12999725341797,66.87999725341797,1557.550048828125,,,121.71138955218001,106.41390366946439,146.70712158557035,2083.073723219074,141.8121727404499,1621.061251447522
2021-02-25,,0.125,0.07,1.4600000381469727,27.950000762939453,4.0370001792907715,90.93000030517578,66.12999725341797,1581.5400390625,,,124.79113963154285,107.01656209761887,147.03978736630285,2186.8111871914466,142.68684883810897,1696.2089015934155
2021-02-26,,0.125,0.07,,,,,,1577.75,,,124.38287471508688,106.68532161993073,147.6796552541125,2138.412771324032,142.30994282205563,1689.2410770761974
2021-02-27,,0.125,0.07,,,,,,,,,,,,,,
2021-02-28,995.801045240987,0.125,0.07,1.4459999799728394,23.350000381469727,4.052000045776367,91.04000091552734,63.689998626708984,,0.7,,,,,,,
2021-03-01,,0.125,0.07,1.4149999618530273,24.100000381469727,4.054999828338623,90.79000091552734,62.70000076293945,1567.1400146484375,,,123.8831509530994,106.60656209839618,147.78296225350115,2100.5700018994407,141.47745630693072,1639.6675627672746
2021-03-02,,0.125,0.07,1.4700000286102295,26.670000076293945,4.056000232696533,90.94999694824219,64.06999969482422,1569.8699951171875,,,124.76938198871743,106.34582098390662,147.99591542111574,2132.600608086055,141.7182444268348,1610.3663846026514
2021-03-03,,0.125,0.07,1.5499999523162842,28.56999969482422,4.05049991607666,91.62999725341797,66.73999786376953,1588.449951171875,,,125.17539826237685,106.72868302300836,148.57092327695523,2104.8127701438934,143.13511324775072,1692.903241546932
2021-03-04,,0.125,0.07,1.5540000200271606,24.65999984741211,4.054999828338623,91.9800033569336,69.36000061035156,1581.260009765625,,1.75,126.35991670324638,106.62538840472658,148.53207855766405,2059.4025876726514,143.7401033194668,1647.5835334454623
2021-03-05,,0.125,0.07,,,,,,1600.1199951171875,,,129.53328055171812,106.81785876503965,147.86750713662877,2002.9718437893173,143.6455270236831,1685.5789980508252
2021-03-06,,0.125,0.07,,,,,,,,,,,,,,
2021-03-07,,0.125,0.07,1.5959999561309814,25.469999313354492,4.072000026702881,92.30999755859375,68.23999786376953,,,,,,,,,
2021-03-08,,0.125,0.07,1.5460000038146973,24.030000686645508,4.105000019073486,91.95999908447266,67.5199966430664,1611.81005859375,,,131.61812778872587,105.84285056083094,147.8535326727576,1862.8290683071882,147.1269195413055,1651.8674457006575
2021-03-09,,0.125,0.07,1.5199999809265137,22.559999465942383,4.114500045776367,91.79000091552734,67.9000015258789,1624.780029296875,,,132.48808761580204,106.90667552244936,149.7070597473585,1837.3270909827725,146.215277163673,1679.8901694684969
2021-03-10,,0.125,0.07,1.5269999504089355,21.90999984741211,4.125,91.41999816894531,69.62999725341797,1639.8299560546875,,,132.90068689675493,107.17604741597357,149.79164419213524,1841.2914605384383,149.1294710168961,1741.0095742034907
2021-03-11,,0.125,0.07,1.6349999904632568,20.690000534057617,4.105000019073486,91.68000030517578,69.22000122070312,1629.4100341796875,,,132.77576618840803,106.73042516317204,150.3487675021808,1902.9298201754536,146.71194140423313,1732.390687115366
2021-03-12,,0.125,0.07,,,,,,1615.68994140625,,,130.54454563554657,105.86280319375865,149.61939635945697,1901.7981623267087,148.28646144128476,1719.140255728869
2021-03-13,,0.125,0.07,,,,,,,,,,,,,,
2021-03-14,,0.125,0.07,1.6069999933242798,20.030000686645508,4.116000175476074,91.83000183105469,68.87999725341797,,,,,,,,,
2021-03-15,,0.125,0.07,1.621000051498413,19.790000915527344,4.110000133514404,91.87000274658203,68.38999938964844,1620.9200439453125,,,131.54306687712597,106.28570482088284,150.59772500820233,1862.8747386169355,148.91851908447444,1719.2521478389174
2021-03-16,,0.125,0.07,1.6410000324249268,19.229999542236328,4.111499786376953,91.4000015258789,68.0,1623.9599609375,,,131.53365524314106,106.38370860420623,149.8358215055588,1881.9911159969504,147.8890448603422,1719.1665517199353
2021-03-17,,0.125,0.07,1.7300000190734863,21.579999923706055,4.11899995803833,91.8499984741211,63.279998779296875,1624.969970703125,,,129.86426963748784,106.1249586346253,150.7635679192424,1906.6138765986834,147.39027545540074,1743.7947069783238
2021-03-18,,0.125,0.07,1.7319999933242798,20.950000762939453,4.109000205993652,91.91999816894531,64.52999877929688,1627.989990234375,,,130.76027834367306,105.67172820538812,151.30916203273762,1951.3216330132889,147.43956975161797,1738.2974767853939
2021-03-19,,0.125,0.07,,,,,,1626.18994140625,,,130.59053769041546,106.35722960793674,149.78297622863855,1967.044136850032,147.25429600656938,1733.9973803818207
2021-03-20,,0.125,0.07,,,,,,,,,,,,,,
2021-03-21,,0.125,0.07,1.684000015258789,18.8799991607666,4.105000019073486,91.80000305175781,64.62000274658203,,,,,,,,,
2021-03-22,,0.125,0.07,1.6380000114440918,20.299999237060547,4.110499858856201,92.33999633789062,60.790000915527344,1616.72998046875,,,129.46754929544915,106.03431553107212,150.44867148162214,1952.492415947743,147.15535793551885,1748.2869168773402
2021-03-23,,0.125,0.07,1.6139999628067017,21.200000762939453,4.119999885559082,92.52999877929688,64.41000366210938,1595.2900390625,,,128.55584578354845,105.78598989584486,149.2880373428652,1962.3983534597135,144.87891986658113,1722.9047393941755
2021-03-24,,0.125,0.07,1.6139999628067017,19.809999465942383,4.129499912261963,92.87999725341797,61.95000076293945,1602.4000244140625,,,129.05884247904712,106.52198067233016,149.07458329218917,1935.3315301886869,146.29675293756256,1723.533661077474
2021-03-25,,0.125,0.07,1.659999966621399,18.860000610351562,4.144000053405762,92.7699966430664,64.56999969482422,1597.72998046875,,,128.52132719007858,104.60884043093593,149.43911642293293,1908.9064264955362,145.91545742160872,1734.280209693068
2021-03-26,,0.125,0.07,,,,,,1601.4200439453125,,,128.63879620295452,105.0624530273795,149.06122454530123,1921.715930988541,145.13291930541047,1740.1618167494557
2021-03-27,,0.125,0.07,,,,,,,,,,,,,,
2021-03-28,,0.125,0.07,1.7209999561309814,20.739999771118164,4.144000053405762,92.94000244140625,64.9800033569336,,,,,,,,,
2021-03-29,,0.125,0.07,1.7259999513626099,19.610000610351562,4.138999938964844,93.30000305175781,64.13999938964844,1611.280029296875,,,129.72382332530083,105.0085015278571,149.7326751172068,1964.900537493012,148.3964268474375,1733.813729127754
2021-03-30,,0.125,0.07,1.746000051498413,19.399999618530273,4.14900016784668,93.2300033569336,63.540000915527344,1609.18994140625,,,130.53293237095062,106.01791409167625,149.83019675116205,1967.5555225462592,148.77500583320952,1696.1159063689165
2021-03-31,1036.29341179646,0.125,0.06,1.6790000200271606,17.329999923706055,4.144000053405762,92.93000030517578,64.86000061035156,1573.510009765625,0.7,,127.77196405964013,103.60756886174028,149.26022687172107,1975.6622441300535,146.64084302241395,1631.5510875923844
2021-04-01,,0.125,0.07,,,4.144000053405762,,,1582.6400146484375,,,128.17104953771056,103.907066108121,150.4991112233568,2029.655842645764,146.35997493920942,1666.3931021079702
2021-04-02,,0.125,0.07,,,,,,1585.3499755859375,,,128.86347657528623,104.09395391422038,150.42764749966312,2089.058420830507,145.7129844343628,1686.1455813667576
2021-04-03,,0.125,0.07,,,,,,,,,,,,,,
2021-04-04,,0.125,0.07,1.7200000286102295,17.90999984741211,4.137499809265137,92.5999984741211,62.150001525878906,,,,,,,,,
2021-04-05,,0.125,0.07,1.656000018119812,18.1200008392334,4.139999866485596,92.33999633789062,62.7400016784668,1584.239990234375,,,128.54503263368235,103.87499751128557,150.92836029282932,2085.1180243786685,145.9117981155125,1672.0452041748563
2021-04-06,,0.125,0.07,1.652999997138977,17.15999984741211,4.129000186920166,92.45999908447266,63.15999984741211,1578.9100341796875,,,127.69531990953998,101.88685035193154,151.35941352708406,2026.0605253860476,144.65214978168603,1693.1188763406174
2021-04-07,,0.125,0.07,1.6319999694824219,16.950000762939453,4.129000186920166,92.05999755859375,63.20000076293945,1600.5899658203125,,,129.26371954245866,104.60457252111297,152.3029559904959,2044.670273900929,145.94387149927488,1721.3183053707362
2021-04-08,,0.125,0.07,1.6660000085830688,16.690000534057617,4.135000228881836,92.16000366210938,62.95000076293945,1602.4000244140625,,,127.35297967254331,102.69855338453885,152.01450883912645,2064.4149251261224,144.97800602829338,1805.5112343584722
2021-04-09,,0.125,0.07,,,,,,1612.25,,,127.50224367037788,102.57807304580237,152.8831513487367,2059.1918508754766,145.14290349555162,1768.1707640787192
2021-04-10,,0.125,0.07,,,,,,,,,,,,,,
2021-04-11,,0.125,0.07,1.6749999523162842,16.90999984741211,4.132500171661377,92.13999938964844,63.279998779296875,,,,,,,,,
2021-04-12,,0.125,0.07,1.6230000257492065,16.649999618530273,4.130499839782715,91.8499984741211,63.66999816894531,1608.4200439453125,,,127.36097137139161,102.06915538971244,152.55646600827998,2079.5242577960225,145.51778803311865,1785.6684985923846
2021-04-13,,0.125,0.07,1.6380000114440918,16.989999771118164,4.131999969482422,91.69000244140625,66.58000183105469,1597.7099609375,,,127.36286439327525,101.81239363460968,151.3289442634405,2054.1566949908593,144.64049298997486,1740.9708958666645
2021-04-14,,0.125,0.07,1.5299999713897705,16.56999969482422,4.126999855041504,91.66999816894531,66.94000244140625,1598.280029296875,,,127.51256379103594,102.41092781331645,150.7557302651001,2079.294700978693,144.65228053673653,1751.2797371395645
2021-04-15,,0.125,0.07,1.5729999542236328,16.25,4.123000144958496,91.55999755859375,66.7699966430664,1608.25,,,127.9636386109336,101.51255432524444,149.8175350385791,2056.593227514444,146.05047300435018,1863.618195213342
2021-04-16,,0.125,0.07,,,,,,1608.3800048828125,,,127.45913289633415,100.28494251010054,149.75236736220842,2071.2798444067175,146.18237702458845,1894.5941576182095
2021-04-17,,0.125,0.07,,,,,,,,,,,,,,
2021-04-18,,0.125,0.07,1.6009999513626099,17.290000915527344,4.123499870300293,91.06999969482422,67.05000305175781,,,,,,,,,
2021-04-19,,0.125,0.07,1.562000036239624,18.68000030517578,4.120999813079834,91.23999786376953,66.56999969482422,1600.2900390625,,,126.86279529617089,99.79556054179562,149.8216247498391,2084.1179819375575,145.42082790388025,1872.3778543106846
2021-04-20,,0.125,0.07,1.5640000104904175,17.5,4.112500190734863,91.16000366210938,65.31999969482422,1607.5699462890625,,,127.61561392316327,100.09492881267037,150.29834523993821,2075.5476493768624,145.61450295247596,1841.2086047913842
2021-04-21,,0.125,0.07,1.5540000200271606,18.709999084472656,4.118500232696533,91.33000183105469,65.4000015258789,1596.5799560546875,,,126.6677658155572,98.45348174706804,150.11228750131212,2050.786919254952,144.6156571819629,1847.9824644052503
2021-04-22,,0.125,0.07,1.5670000314712524,17.329999923706055,4.109799861907959,90.86000061035156,66.11000061035156,1607.72998046875,,,126.96813757229617,99.1259929492544,150.11228750131212,2060.4347543314043,145.5276673747041,1869.7643387054416
2021-04-23,,0.125,0.07,,,,,,1608.4300537109375,,,126.06453927602823,98.8858757621937,150.87584577437283,2058.042139267204,146.26930837466313,1904.212221865772
2021-04-24,,0.125,0.07,,,,,,,,,,,,,,
2021-04-25,,0.125,0.07,1.5700000524520874,17.639999389648438,4.10699987411499,90.80999755859375,65.6500015258789,,,,,,,,,
2021-04-26,,0.125,0.07,1.621999979019165,17.559999465942383,4.096499919891357,90.91000366210938,66.41999816894531,1623.469970703125,,,126.57423139467554,100.16296703013114,150.49986520225917,2070.532056946481,146.49446172243123,1946.8311389955143
2021-04-27,,0.125,0.07,1.6200000047683716,17.280000686645508,4.09499979019165,90.61000061035156,67.2699966430664,1606.6800537109375,,,125.46345005810944,100.13524886583653,149.1244322993867,2076.9023778977394,144.47803634758378,1916.1768009588413
2021-04-28,,0.125,0.07,1.6399999856948853,17.610000610351562,4.099999904632568,90.61000061035156,68.55999755859375,1608.5,,,126.0203900837554,101.67459588634897,149.58477964720237,2025.780173795678,145.85354306226094,1903.3462064031762
2021-04-29,,0.125,0.06,1.63100004196167,18.610000610351562,4.099999904632568,91.27999877929688,67.25,,,,,,,,,
2021-04-30,1104.58493292694,0.125,0.05,,,,,,1601.6500244140625,0.7,,125.21580221893129,101.11327364216936,149.6567225740025,2010.6056906678803,147.4509597958973,1873.3068471130366
2021-05-01,,0.125,0.05,,,,,,,,,,,,,,
2021-05-02,,0.125,0.05,1.6069999933242798,18.309999465942383,4.0929999351501465,90.94999694824219,67.55999755859375,,,,,,,,,
2021-05-03,,0.125,0.06,1.5920000076293945,19.479999542236328,4.1020002365112305,91.29000091552734,68.87999725341797,1590.72998046875,,,125.11670798736093,101.0234600117202,147.5163143320269,1986.7330209478987,146.21979348045375,1843.3230881113507
2021-05-04,,0.125,0.06,1.5839999914169312,19.149999618530273,4.119999885559082,91.30999755859375,68.95999908447266,1588.25,,,124.66245806700509,101.30635780314012,148.13669388728633,1951.2942710092773,146.24297615287927,1838.2775172618442
2021-05-05,,0.125,0.06,1.5609999895095825,18.389999389648438,4.114999771118164,90.94999694824219,68.08999633789062,1575.6700439453125,,,123.90479162663235,100.24913200413454,148.13669388728633,1908.4330115685123,145.55410574636505,1809.269202348125
2021-05-06,,0.125,0.06,1.5770000219345093,16.690000534057617,4.119500160217285,90.2300033569336,68.27999877929688,1578.3299560546875,,1.75,124.31305740650853,101.8762417385769,147.80305610083124,1904.654145386662,145.58643754419379,1791.406303338501
2021-05-07,,0.125,0.06,,,,,,1587.449951171875,,,124.96882274333554,103.42000997034486,147.87527512343448,1880.9286274307535,145.8024055248309,1840.3296425565088
2021-05-08,,0.125,0.06,,,,,,,,,,,,,,
2021-05-09,,0.125,0.06,1.6019999980926514,19.65999984741211,4.110000133514404,90.20999908447266,68.31999969482422,,,,,,,,,
2021-05-10,,0.125,0.06,1.6239999532699585,21.84000015258789,4.105000019073486,90.13999938964844,68.55000305175781,1583.9200439453125,,,124.66842506447765,103.82853692759204,147.61598256497717,1856.2089453637568,145.9702708955953,1822.835970808377
2021-05-11,,0.125,0.06,1.6950000524520874,27.59000015258789,4.116000175476074,90.70999908447266,69.31999969482422,1577.6400146484375,,,124.11441007014959,102.9026279898878,146.327348885849,1792.7100267667488,145.94908972859585,1829.75670884889
2021-05-12,,0.125,0.06,1.6679999828338623,23.1299991607666,4.123000144958496,90.75,67.05000305175781,1582.52001953125,,,125.42631168877824,102.46450994137658,146.2841532561885,1795.8405626812823,144.43969317113448,1859.7816952884828
2021-05-13,,0.125,0.06,1.6349999904632568,18.809999465942383,4.123000144958496,90.31999969482422,68.70999908447266,,,,,,,,,
2021-05-14,,0.125,0.06,,,,,,,,,,,,,,
2021-05-15,,0.125,0.06,,,,,,,,,,,,,,
2021-05-16,,0.125,0.06,1.6399999856948853,19.719999313354492,4.128499984741211,90.22000122070312,69.45999908447266,,,,,,,,,
2021-05-17,,0.125,0.06,1.6419999599456787,21.34000015258789,4.127500057220459,89.75,68.70999908447266,1583.4599609375,,,127.79663297997878,100.78088566692,145.01796528625053,1787.5820660330633,144.1974246196157,1835.5767999639668
2021-05-18,,0.125,0.06,1.6829999685287476,22.18000030517578,4.122000217437744,90.19000244140625,66.66000366210938,1591.3199462890625,,,127.95947900945028,100.81380638309037,145.37861606725565,1830.775513002841,145.1154375825667,1840.801345756476
2021-05-19,,0.125,0.06,1.6339999437332153,20.670000076293945,4.135000228881836,89.80999755859375,65.11000061035156,1580.52001953125,,,126.50543671167995,100.36273438493637,144.2266949814005,1815.3739313719748,143.71017741161245,1842.394850089196
2021-05-20,,0.125,0.06,1.6319999694824219,20.149999618530273,4.138500213623047,90.0199966430664,66.44000244140625,1575.3199462890625,,,127.05715633021495,100.86720623687486,142.97034693322635,1783.012243357426,144.1084791937301,1805.8428858849315
2021-05-21,,0.125,0.06,,,,,,1562.1700439453125,,,125.50245118753016,100.90350017789935,141.22758911289813,1776.9253570921005,141.73181035650236,1783.2880304987023
2021-05-22,,0.125,0.06,,,,,,,,,,,,,,
2021-05-23,,0.125,0.06,1.6080000400543213,18.399999618530273,4.138500213623047,89.83000183105469,68.45999908447266,,,,,,,,,
2021-05-24,,0.125,0.06,1.5640000104904175,18.84000015258789,4.144999980926514,89.63999938964844,68.6500015258789,1571.8199462890625,,,126.51320108339243,101.68375714846877,143.36778171077327,1891.1500477052637,142.8299548959317,1796.2913598042205
2021-05-25,,0.125,0.06,1.5740000009536743,17.360000610351562,4.139999866485596,90.04000091552734,68.87000274658203,1577.8199462890625,,,126.66442485205238,102.10822247842299,143.55365847193485,1920.2410512436238,143.7217154410153,1801.8342900060666
2021-05-26,,0.125,0.06,1.6100000143051147,16.739999771118164,4.139999866485596,89.97000122070312,69.45999908447266,,,,,,,,,
2021-05-27,,0.125,0.06,1.5809999704360962,16.760000228881836,4.13700008392334,90.02999877929688,69.62999725341797,1593.9000244140625,,,127.77721583092227,102.89011278717257,143.40480079834595,1947.7325597791578,147.73892744077065,1786.2446536092148
2021-05-28,,0.125,0.05,,,,,,1594.43994140625,,,130.45633535782784,101.88480485747706,144.03529429887283,1887.8612294910333,146.44322160752296,1781.0115373213857
2021-05-29,,0.125,0.05,,,,,,,,,,,,,,
2021-05-30,,0.125,0.05,,,4.13100004196167,,,,,,,,,,,
2021-05-31,920.962647934837,0.125,0.05,1.6150000095367432,17.899999618530273,4.122000217437744,89.83000183105469,70.25,1583.550048828125,0.7,,129.03948090655115,101.7028003310547,142.87975432222723,1901.2915695981867,144.89180368668468,1796.757240904427
2021-06-01,,0.125,0.06,1.590999960899353,17.479999542236328,4.124000072479248,89.9000015258789,71.3499984741211,1585.9000244140625,,,130.85310580743527,100.70203417963045,142.8788132948375,1917.9692347993025,144.6873704508419,1779.4206834543627
2021-06-02,,0.125,0.06,1.625,18.040000915527344,4.122499942779541,90.5,71.30999755859375,1597.93994140625,,,132.25884253449175,100.80961049435837,146.99731417503526,1962.8325223920622,145.8638847224208,1788.0255610312631
2021-06-03,,0.125,0.06,1.559999942779541,16.420000076293945,4.120500087738037,90.13999938964844,71.88999938964844,1590.5699462890625,,,131.46220091719178,100.41391802642117,147.79701302243186,1948.3195769239337,145.4063573201947,1765.3680566888506
2021-06-04,,0.125,0.06,,,,,,1578.449951171875,,,130.59501976229296,99.02856758216905,146.08893170188637,1908.8635059758499,144.6734270662799,1749.4117897043743
2021-06-05,,0.125,0.06,,,,,,,,,,,,,,
2021-06-06,,0.125,0.06,1.569000005722046,16.420000076293945,4.125500202178955,89.94999694824219,71.48999786376953,,,,,,,,,
2021-06-07,,0.125,0.06,1.527999997138977,17.06999969482422,4.125999927520752,90.08000183105469,72.22000122070312,,,,,,,,,
2021-06-08,,0.125,0.06,1.4889999628067017,17.889999389648438,4.117499828338623,90.12000274658203,72.22000122070312,1587.9599609375,,,132.9477662157016,99.43690786838803,146.30251675135452,1894.468824589304,145.35028633044706,1727.990513441324
2021-06-09,,0.125,0.06,1.4589999914169312,16.100000381469727,4.116000175476074,90.08000183105469,72.5199966430664,1581.47998046875,,,132.7029633456772,98.20760353918575,145.25945707641324,1853.0850774420426,144.92197469325959,1720.5936229379045
2021-06-10,,0.125,0.06,1.4620000123977661,15.649999618530273,4.118000030517578,90.55999755859375,72.69000244140625,1579.9000244140625,,,132.30969379972072,98.1137203715251,146.17495092789602,1879.642160957814,145.1797167038476,1718.5443591896785
2021-06-11,,0.125,0.06,,,,,,1575.1600341796875,,,132.03286080106008,96.78780214689823,145.96186318097563,1865.994055548176,146.02746691383578,1692.49817189887
2021-06-12,,0.125,0.06,,,,,,,,,,,,,,
2021-06-13,,0.125,0.06,1.5010000467300415,16.389999389648438,4.110499858856201,90.5199966430664,72.86000061035156,,,,,,,,,
2021-06-14,,0.125,0.06,1.4989999532699585,17.020000457763672,4.112500190734863,90.54000091552734,73.98999786376953,1582.4599609375,,,132.39183672286575,96.57947789902764,147.69133461827246,1876.8682307791685,146.03631439232626,1706.4798706642093
2021-06-15,,0.125,0.06,1.569000005722046,18.149999618530273,4.114500045776367,91.12999725341797,74.38999938964844,1581.3699951171875,,,132.52550414098442,95.13623628616075,147.93331603053406,1902.089882666032,145.508504208151,1702.7899016306585
2021-06-16,,0.125,0.06,1.5110000371932983,17.75,4.114999771118164,91.88999938964844,73.08000183105469,1578.3199462890625,,,132.459500617546,94.11075364030391,146.9652312275502,1900.288211716314,145.8835001912092,1657.9090230957
2021-06-17,,0.125,0.1,1.4500000476837158,20.700000762939453,4.137499809265137,92.2300033569336,73.51000213623047,1570.8599853515625,,,132.24974196052,94.4597942322528,146.89112424286998,1876.0033784623515,145.45119137869312,1628.936087846738
2021-06-18,,0.125,0.1,,,,,,1589.050048828125,,,132.23118648556203,97.65857393892442,147.7856094335767,1892.9497958597317,144.46495567103946,1663.447084596645
2021-06-19,,0.125,0.1,,,,,,,,,,,,,,
2021-06-20,,0.125,0.1,1.4839999675750732,17.889999389648438,4.136499881744385,91.86000061035156,74.9000015258789,,,,,,,,,
2021-06-21,,0.125,0.1,1.472000002861023,16.65999984741211,4.14300012588501,91.7300033569336,74.80999755859375,1572.239990234375,,,131.817974945688,95.98419361479606,146.75277378426202,1874.8007351515132,144.59559327581056,1632.67757122563
2021-06-22,,0.125,0.1,1.4869999885559082,16.31999969482422,4.158999919891357,91.80000305175781,75.19000244140625,1574.02001953125,,,132.2313664497546,94.43017472446702,146.69956247635682,1871.1950591316483,144.2690332546004,1634.3373227817565
2021-06-23,,0.125,0.1,1.4869999885559082,15.970000267028809,4.1579999923706055,91.81999969482422,75.55999755859375,1564.760009765625,,,132.1264262000308,94.13631288079308,146.84315522445536,1874.6090493412485,144.20739345744,1634.1000349172973
2021-06-24,,0.125,0.1,1.5360000133514404,15.619999885559082,4.15500020980835,91.80999755859375,76.18000030517578,1555.7099609375,,,132.9787519709729,94.36165965723407,146.48712766278481,1868.1845531766096,144.43096507590653,1600.419751557062
2021-06-25,,0.125,0.1,,,,,,1559.6800537109375,,,132.93643034279083,94.35610996961769,146.1861164229226,1860.0820406587327,145.9260387046057,1629.3022142512382
2021-06-26,,0.125,0.1,,,,,,,,,,,,,,
2021-06-27,,0.125,0.1,1.4780000448226929,15.760000228881836,4.153500080108643,91.87999725341797,74.68000030517578,,,,,,,,,
2021-06-28,,0.125,0.1,1.4800000190734863,16.020000457763672,4.143499851226807,92.05000305175781,74.76000213623047,1544.7099609375,,,131.48702898614104,92.6477972826118,143.95506007270694,1862.2423228472055,145.2296120335791,1591.8045322331898
2021-06-29,,0.125,0.1,1.4429999589920044,15.829999923706055,4.149499893188477,92.44000244140625,75.12999725341797,1548.31005859375,,,131.43318677695723,93.46008807498491,144.79502104143086,1868.8120805001377,144.567766076074,1613.283470354415
2021-06-30,1010.22385393131,0.125,0.08,1.4800000190734863,15.479999542236328,4.14900016784668,92.5999984741211,75.83999633789062,1532.6300048828125,0.8,,130.90312810110404,92.00477834904082,145.27454703538962,1853.5148563788312,142.98908927860825,1578.8970642825823
2021-07-01,,0.125,0.1,1.430999994277954,15.069999694824219,4.156000137329102,92.2300033569336,76.16999816894531,1534.22998046875,,,131.29324534472207,92.77553737752639,144.65272004026903,1856.5727612004866,143.14520616782383,1555.0107389090622
2021-07-02,,0.125,0.1,,,,,,1533.3499755859375,,,131.18702012196033,92.44144090229926,144.7250013181951,1877.9490454653676,143.41816359249268,1548.4593525914645
2021-07-03,,0.125,0.1,,,,,,,,,,,,,,
2021-07-04,,0.125,0.1,,,4.160999774932861,,,,,,,,,,,
2021-07-05,,0.125,0.1,1.3700000047683716,16.440000534057617,4.153500080108643,92.55000305175781,74.52999877929688,1532.3599853515625,,,131.11853492321686,91.47603327169026,143.1382574585494,1919.7273654700161,143.1552329578911,1549.8324480667202
2021-07-06,,0.125,0.1,1.3209999799728394,16.200000762939453,4.144999980926514,92.63999938964844,73.43000030517578,1531.6300048828125,,,130.55546656779225,91.63468355858386,145.5234339594667,1901.4956743433522,144.03463898558587,1584.5437492360834
2021-07-07,,0.125,0.1,1.2879999876022339,19.0,4.159999847412109,92.36000061035156,74.12000274658203,1530.1500244140625,,,130.22308182993606,91.21385785113755,143.3264415846906,1933.9420795218587,143.97300792535802,1560.6741978880568
2021-07-08,,0.125,0.1,1.3559999465942383,16.18000030517578,4.178999900817871,92.12999725341797,75.55000305175781,1508.7099609375,,1.75,128.13815927551173,89.26503818591013,143.8977664239677,1889.8427272106,143.72043007340451,1515.3407776430295
2021-07-09,,0.125,0.1,,,,,,1520.5799560546875,,,129.35403330385725,90.11247166194052,144.1867087759796,1919.8526207137484,143.8254810355122,1531.0975569273064
2021-07-10,,0.125,0.1,,,,,,,,,,,,,,
2021-07-11,,0.125,0.1,1.3630000352859497,16.170000076293945,4.188000202178955,92.2300033569336,75.16000366210938,,,,,,,,,
2021-07-12,,0.125,0.1,1.4149999618530273,17.1200008392334,4.188000202178955,92.75,76.48999786376953,1512.8900146484375,,,129.38724138758784,89.33498352833146,144.1157024359252,1930.2079032290144,143.78758510091777,1498.1165686959312
2021-07-13,,0.125,0.1,1.3559999465942383,16.329999923706055,4.190499782562256,92.41000366210938,74.76000213623047,1519.56005859375,,,129.29160802786734,89.53828107020642,143.52340176852593,1949.624525025285,145.02262377184337,1513.3325050112742
2021-07-14,,0.125,0.1,1.2970000505447388,17.010000228881836,4.197999954223633,92.62000274658203,73.47000122070312,1512.3199462890625,,,129.419833746925,88.89575176854412,142.5391264744436,2014.140385626488,144.25689864124215,1511.32539522383
2021-07-15,,0.125,0.1,1.2999999523162842,18.450000762939453,4.197999954223633,92.69000244140625,73.58999633789062,1520.8199462890625,,,129.30308028883312,87.48143851731787,143.2327512451413,2013.9896532311373,143.40758872970926,1575.3883934633295
2021-07-16,,0.125,0.1,,,,,,1522.47998046875,,,129.3145575723326,88.27320781831247,144.40722935792522,1991.7040223191061,144.44957961876122,1553.702673445426
2021-07-17,,0.125,0.1,,,,,,,,,,,,,,
2021-07-18,,0.125,0.1,1.180999994277954,22.5,4.206999778747559,92.88999938964844,68.62000274658203,,,,,,,,,
2021-07-19,,0.125,0.1,1.2089999914169312,19.729999542236328,4.2220001220703125,92.97000122070312,69.3499984741211,1519.969970703125,,,129.28058140707944,88.73217577149066,144.08835833881963,2021.6544687493779,143.2685280294828,1537.8667070511221
2021-07-20,,0.125,0.1,1.2799999713897705,17.90999984741211,4.2220001220703125,92.75,72.2300033569336,,,,,,,,,
2021-07-21,,0.125,0.1,1.2649999856948853,17.690000534057617,4.231500148773193,92.81999969482422,73.79000091552734,1516.52001953125,,,128.0972400384124,87.33190216997117,144.23470563465025,2026.960104331649,142.93473521005308,1582.8678687045888
2021-07-22,,0.125,0.1,1.2860000133514404,17.200000762939453,4.2204999923706055,92.91000366210938,74.0999984741211,1527.6199951171875,,,129.0308216319413,88.55741722957782,144.44744144349403,2087.638321631534,144.36388764884208,1584.6436611047286
2021-07-23,,0.125,0.1,,,,,,1523.43994140625,,,128.59920161962455,88.32868262855442,143.61819177310161,2168.8815290961957,143.74592454015155,1584.2553641727613
2021-07-24,,0.125,0.1,,,,,,,,,,,,,,
2021-07-25,,0.125,0.1,1.2760000228881836,17.579999923706055,4.223999977111816,92.6500015258789,74.5,,,,,,,,,
2021-07-26,,0.125,0.1,1.2339999675750732,19.360000610351562,4.230000019073486,92.43000030517578,74.4800033569336,1512.530029296875,,,128.03568844484448,87.06769824146602,143.1131722181901,2184.8794549170343,142.91877656718341,1588.0820253193904
2021-07-27,,0.125,0.1,1.2610000371932983,18.309999465942383,4.230000019073486,92.31999969482422,74.73999786376953,1514.5999755859375,,,128.52260396181381,87.45400072138912,144.37431194317313,2188.8070445380386,141.87053899780966,1568.715191129218
2021-07-28,,0.125,0.1,1.2690000534057617,17.700000762939453,4.230999946594238,91.86000061035156,76.05000305175781,1515.3900146484375,,,128.547667451607,86.66535519576392,144.30300254615375,2151.8408669084383,142.97221901284075,1559.110927538431
2021-07-29,,0.125,0.1,1.2389999628067017,18.239999771118164,4.236000061035156,92.16999816894531,76.33000183105469,1512.9300537109375,,,128.71399257038655,87.49280645383773,144.30300254615375,2167.0514983521093,142.93910807906983,1554.874894350556
2021-07-30,,0.125,0.07,,,,,,1494.5999755859375,,,127.5033917876572,84.1302794320841,143.588478591138,2143.397178924583,141.62206353484936,1552.0242564366895
2021-07-31,1077.78061255766,0.125,0.07,,,,,,,0.7,,,,,,,
2021-08-01,,0.125,0.07,1.1740000247955322,19.459999084472656,4.218999862670898,92.05000305175781,72.88999938964844,,,,,,,,,
2021-08-02,,0.125,0.1,1.1759999990463257,18.040000915527344,4.222499847412109,92.08000183105469,72.41000366210938,1493.0,,,127.48150085024461,83.51746373233209,143.3206796384413,2224.6761401097347,142.93732219567616,1546.765466922338
2021-08-03,,0.125,0.1,1.184000015258789,17.969999313354492,4.230999946594238,92.2699966430664,70.37999725341797,1500.260009765625,,,128.78717651599823,85.40026123844409,143.73376351333465,2249.0927118209547,143.31738816157252,1527.0362875448593
2021-08-04,,0.125,0.1,1.2170000076293945,17.280000686645508,4.2195000648498535,92.23999786376953,71.29000091552734,1491.3299560546875,,,127.86090274660418,85.12534773627459,142.75166333165456,2247.0896339351666,143.41240497546087,1518.3257758456307
2021-08-05,,0.125,0.1,1.2899999618530273,16.149999618530273,4.215000152587891,92.80000305175781,70.69999694824219,1495.780029296875,,,128.39854883917278,85.95671357049889,142.28697774386072,2261.2949309040114,144.19183415386487,1513.9042111712295
2021-08-06,,0.125,0.1,,,,,,1489.800048828125,,,127.8629850830391,86.59346972686652,142.73088396468123,2263.6629162906966,144.01083775944505,1502.0897328712622
2021-08-07,,0.125,0.1,,,,,,,,,,,,,,
2021-08-08,,0.125,0.1,1.3170000314712524,16.719999313354492,4.218999862670898,92.94999694824219,69.04000091552734,,,,,,,,,
2021-08-09,,0.125,0.1,1.3420000076293945,16.790000915527344,4.22599983215332,93.05999755859375,70.62999725341797,1496.72998046875,,,127.90512952188344,85.71699626390932,142.73088396468123,2255.0362413308003,143.67856692797628,1521.5282582572033
2021-08-10,,0.125,0.1,1.3289999961853027,16.170000076293945,4.22599983215332,92.91000366210938,71.44000244140625,,,,,,,,,
2021-08-11,,0.125,0.1,1.3669999837875366,15.59000015258789,4.232500076293945,93.04000091552734,71.30999755859375,1504.43994140625,,,128.630957617528,86.90795248919278,143.43143290918653,2244.596469814367,144.22037097326103,1538.9264745021064
2021-08-12,,0.125,0.1,1.2970000505447388,15.449999809265137,4.230500221252441,92.5199966430664,70.58999633789062,1501.969970703125,,,128.6031259074263,86.14481367411196,143.43143290918653,2230.738467743451,143.40231385794422,1536.8527720508298
2021-08-13,,0.125,0.1,,,,,,1505.1099853515625,,,128.70867670512135,88.26828889356202,142.57255348832922,2197.885557702616,143.96575186457298,1534.9397730395194
2021-08-14,,0.125,0.1,,,,,,,,,,,,,,
2021-08-15,,0.125,0.1,1.2569999694824219,16.1200008392334,4.235000133514404,92.62999725341797,69.51000213623047,,,,,,,,,
2021-08-16,,0.125,0.1,1.2580000162124634,17.90999984741211,4.235000133514404,93.12999725341797,69.02999877929688,1502.9000244140625,,,127.81367312746457,88.71406720174745,143.15212259932952,2200.398811175361,144.53942304367973,1508.8458703920187
2021-08-17,,0.125,0.1,1.2730000019073486,21.56999969482422,4.235499858856201,93.13999938964844,68.2300033569336,1523.5899658203125,,,129.30356587664207,90.11519494465826,143.7804197573584,2199.0001877566124,146.21900924978925,1554.395322130939
2021-08-18,,0.125,0.09,1.2419999837875366,21.670000076293945,4.235499858856201,93.56999969482422,66.44999694824219,1525.239990234375,,,129.28815583816896,91.1171249943039,145.60818089948023,2180.388466419189,145.74473110425475,1579.7602876543185
2021-08-19,,0.125,0.09,1.2599999904632568,18.559999465942383,4.236000061035156,93.5,65.18000030517578,1514.949951171875,,,128.60181059107956,90.66726091916033,144.72660184326273,2152.676203235545,144.8027067138008,1525.704722790477
2021-08-20,,0.125,0.09,,,,,,1518.030029296875,,,129.24316594002332,91.57423290190138,144.31245786302097,2149.800484908213,144.4029578411745,1527.1142635935917
2021-08-21,,0.125,0.09,,,,,,,,,,,,,,
2021-08-22,,0.125,0.09,1.2549999952316284,17.149999618530273,4.235000133514404,92.95999908447266,68.75,,,,,,,,,
2021-08-23,,0.125,0.09,1.2899999618530273,17.219999313354492,4.223999977111816,92.88999938964844,71.05000305175781,1522.4300537109375,,,130.0996317905416,91.5066675882231,146.2561498448181,2185.5893128889948,144.67134072989288,1530.029152285735
2021-08-24,,0.125,0.09,1.3420000076293945,16.790000915527344,4.2170000076293945,92.83000183105469,72.25,1553.3699951171875,,,134.1569260993192,95.23367628855637,145.6795549380954,2215.768366818777,146.02894131307357,1556.068313857673
2021-08-25,,0.125,0.09,1.3420000076293945,18.84000015258789,4.202000141143799,93.05999755859375,71.06999969482422,1569.800048828125,,,134.37963866743863,96.36919647629912,145.47335983562232,2206.410778025035,146.6060026537901,1607.560015172001
2021-08-26,,0.125,0.09,1.312000036239624,16.389999389648438,4.192800045013428,92.69000244140625,72.69999694824219,1585.739990234375,,,136.14125368050676,98.01724921115299,146.4125336101096,2216.0594621356167,149.03127992388985,1619.8000429970182
2021-08-27,,0.125,0.08,,,,,,1590.1600341796875,,,135.7449465620723,98.0957862976777,146.6520163682737,2187.808766068345,149.4006263154954,1625.7917163710842
2021-08-28,,0.125,0.08,,,,,,,,,,,,,,
2021-08-29,,0.125,0.08,1.284999966621399,16.190000534057617,4.1875,92.6500015258789,73.41000366210938,,,,,,,,,
2021-08-30,,0.125,0.08,1.3040000200271606,16.479999542236328,4.1545000076293945,92.62999725341797,72.98999786376953,1601.3800048828125,,,136.09218117690241,97.41067577963724,147.1370229774996,2199.75245778278,152.06426092595382,1649.04403631325
2021-08-31,1105.97830115752,0.125,0.06,1.3020000457763672,16.110000610351562,4.15500020980835,92.44999694824219,71.58999633789062,,0.7,,,,,,,
2021-09-01,,0.125,0.08,1.2940000295639038,16.40999984741211,4.151299953460693,92.2300033569336,73.02999877929688,1586.8900146484375,,,134.28209831176974,97.56998035670203,147.6636474058864,2189.9168798620753,150.81241809448008,1650.8764715571267
2021-09-02,,0.125,0.08,1.3220000267028809,16.40999984741211,4.1554999351501465,92.04000091552734,72.61000061035156,1582.18994140625,,,134.19367776203003,96.16611976038685,146.15686820520853,2161.0021912818042,151.4510430076918,1623.288497835036
2021-09-03,,0.125,0.08,,,,,,1589.18994140625,,,135.7954099517435,96.67999889646218,146.38478693379722,2167.4189274678515,152.91771969243322,1602.5484076253506
2021-09-04,,0.125,0.08,,,,,,,,,,,,,,
2021-09-05,,0.125,0.08,,,4.144000053405762,,,,,,,,,,,
2021-09-06,,0.125,0.08,1.3700000047683716,18.139999389648438,4.145500183105469,92.5199966430664,71.69000244140625,1581.5899658203125,,,135.19457391332804,94.90901047156926,146.0759238149943,2240.638694244181,150.63126733504083,1607.0850308030901
2021-09-07,,0.125,0.08,1.3339999914169312,17.959999084472656,4.1529998779296875,92.6500015258789,72.5999984741211,1583.47998046875,,,134.52587631095255,94.33838476576825,147.25932164006667,2253.4537457561228,151.27084505909687,1638.576542400338
2021-09-08,,0.125,0.08,1.2990000247955322,18.799999237060547,4.1519999504089355,92.4800033569336,71.44999694824219,1597.6300048828125,,,135.56360632385568,96.77297785450129,146.74647716988403,2290.268518731734,152.01762620636057,1642.4984190725809
2021-09-09,,0.125,0.08,1.340999960899353,20.950000762939453,4.145500183105469,92.58000183105469,72.91999816894531,1578.8900146484375,,1.75,133.7410793260881,95.11856227482511,145.614627192913,2258.8362971291785,150.63226109671396,1580.572249150435
2021-09-10,,0.125,0.08,,,,,,1575.969970703125,,,134.0875866923208,94.70865248867386,145.6881642361614,2267.471917750453,151.91656131139814,1595.7065449535487
2021-09-11,,0.125,0.08,,,,,,,,,,,,,,
2021-09-12,,0.125,0.08,1.3240000009536743,19.3700008392334,4.133999824523926,92.62000274658203,73.51000213623047,,,,,,,,,
2021-09-13,,0.125,0.08,1.2769999504089355,19.459999084472656,4.144999980926514,92.6500015258789,73.5999984741211,1570.1300048828125,,,134.4380091411937,94.49798295402191,144.84378706677984,2267.0731561408315,152.1206905436218,1552.6598186791705
2021-09-14,,0.125,0.08,1.3040000200271606,18.18000030517578,4.159999847412109,92.48999786376953,75.45999908447266,1555.510009765625,,,133.16624027233414,93.21784037436566,144.4481636699321,2283.832131445158,151.45258251163995,1510.0930935862286
2021-09-15,,0.125,0.08,1.3309999704360962,18.690000534057617,4.156000137329102,92.86000061035156,75.66999816894531,1555.260009765625,,,133.46294244996685,93.58108432957279,144.1727689014253,2271.3534667063027,152.28583206443128,1524.730312970231
2021-09-16,,0.125,0.08,1.3700000047683716,20.809999465942383,4.1554999351501465,93.19999694824219,75.33999633789062,,,,,,,,,
2021-09-17,,0.125,0.08,,,,,,1548.510009765625,,,133.98834967548345,91.5836725993438,145.1815069639581,2351.5736814278634,151.39543708025772,1499.3459934355806
2021-09-18,,0.125,0.08,,,,,,,,,,,,,,
2021-09-19,,0.125,0.08,1.309000015258789,25.709999084472656,4.16949987411499,93.23999786376953,73.91999816894531,,,,,,,,,
2021-09-20,,0.125,0.08,1.3240000009536743,24.360000610351562,4.190000057220459,93.19999694824219,74.36000061035156,1527.8900146484375,,,133.63368683800186,88.06696150070515,143.59685547827434,2326.6606133880236,149.25925574470273,1418.7101374388656
2021-09-21,,0.125,0.08,1.3359999656677246,20.8700008392334,4.184000015258789,93.45999908447266,76.19000244140625,1530.43994140625,,,133.7198991560544,89.10724183574132,144.08803500425208,2385.9357900445784,149.09172757637674,1375.8353929947834
2021-09-22,,0.125,0.08,1.409999966621399,18.6299991607666,4.190999984741211,93.0999984741211,77.25,1529.02001953125,,,134.29384924590258,88.9749850917741,144.86386700878427,2404.644686765268,150.638955504827,1419.289958302414
2021-09-23,,0.125,0.08,1.4600000381469727,17.75,4.179999828338623,93.33000183105469,78.08999633789062,1539.3399658203125,,,135.44459417228686,90.52745488846568,144.34859809987444,2435.411209683327,150.93180703137938,1390.2138103835873
2021-09-24,,0.125,0.08,,,,,,1532.06005859375,,,134.38896152538337,89.36562125225174,144.47926939805683,2468.9610166133325,151.1520330635689,1402.5046990210208
2021-09-25,,0.125,0.08,,,,,,,,,,,,,,
2021-09-26,,0.125,0.08,1.4839999675750732,18.760000228881836,4.185999870300293,93.37999725341797,79.52999877929688,,,,,,,,,
2021-09-27,,0.125,0.08,1.534000039100647,23.25,4.1875,93.7699966430664,79.08999633789062,1533.050048828125,,,134.83248881426852,90.00046055712279,143.69556457309838,2451.9795963098377,151.91826437800393,1378.367930394225
2021-09-28,,0.125,0.08,1.5410000085830688,22.559999465942383,4.179999828338623,94.33999633789062,78.63999938964844,1546.8199462890625,,,135.49152789300803,90.39313113648687,143.99307088940662,2385.087922968626,155.03520784222783,1435.4265872568162
2021-09-29,,0.125,0.08,1.5290000438690186,23.139999389648438,4.182300090789795,94.25,78.5199966430664,1547.6500244140625,,,136.04861466935463,90.39146220081338,144.13064464973158,2370.8415058506234,156.13483917023038,1430.1192018907684
2021-09-30,1238.17285657319,0.125,0.06,1.4789999723434448,21.100000381469727,4.184000015258789,94.04000091552734,79.27999877929688,1537.800048828125,0.6,,135.15401731672887,89.70234152972834,144.01301752889623,2360.045350959744,154.71323824020806,1450.169895563255
2021-10-01,,0.125,0.08,,,,,,1524.47998046875,,,134.06794067496634,89.68818022974388,143.67012704661707,2327.318247929005,154.69538542482738,1406.4724904520895
2021-10-02,,0.125,0.08,,,,,,,,,,,,,,
2021-10-03,,0.125,0.08,1.4809999465942383,22.959999084472656,4.177000045776367,93.80999755859375,81.26000213623047,,,,,,,,,
2021-10-04,,0.125,0.08,1.5290000438690186,21.299999237060547,4.171999931335449,93.9800033569336,82.55999755859375,1522.469970703125,,,133.84629265695088,89.51244010990094,144.08845146508912,2386.624472323585,154.12372737718377,1403.4067195503874
2021-10-05,,0.125,0.08,1.5240000486373901,21.0,4.177499771118164,94.2699966430664,81.08000183105469,1530.4200439453125,,,134.25715243385136,90.4637124471751,144.56955433323367,2331.932085084253,154.48527570220415,1433.3612376077315
2021-10-06,,0.125,0.08,1.5709999799728394,19.540000915527344,4.183000087738037,94.22000122070312,81.94999694824219,1559.4200439453125,,,135.59638519302987,99.96245366089535,145.55279215319484,2341.7855967662895,157.3007681865011,1450.7203800909895
2021-10-07,,0.125,0.08,1.6050000190734863,18.770000457763672,4.181000232696533,94.06999969482422,82.38999938964844,1561.2900390625,,,136.02632297442742,100.24672343692677,146.18569362376797,2354.3389977488027,156.25038075459733,1450.9171900421345
2021-10-08,,0.125,0.08,,,,,,1563.9000244140625,,,136.3995102032673,100.96772264545115,146.36214885127887,2343.8709761229748,156.04825345925371,1482.1936550881044
2021-10-09,,0.125,0.08,,,,,,,,,,,,,,
2021-10-10,,0.125,0.08,1.6139999628067017,20.0,4.178500175476074,94.31999969482422,83.6500015258789,,,,,,,,,
2021-10-11,,0.125,0.08,1.5800000429153442,19.850000381469727,4.167500019073486,94.5199966430664,83.41999816894531,1570.8199462890625,,,138.2829830669328,101.64839923910725,147.18714241802832,2326.3725941351368,156.0372822100039,1495.0584777167214
2021-10-12,,0.125,0.08,1.5490000247955322,18.639999389648438,4.163000106811523,94.08000183105469,83.18000030517578,1583.9100341796875,,,140.25324457147377,101.40255429016986,147.79057519358298,2338.33857901726,157.02024583968958,1497.9399674770432
2021-10-13,,0.125,0.08,1.5190000534057617,16.860000610351562,4.15749979019165,93.95999908447266,84.0,1600.3800048828125,,,141.75462818132203,103.36305913527993,148.67468937987996,2319.478269632099,157.9524702345142,1486.1281564331423
2021-10-14,,0.125,0.08,1.5759999752044678,16.299999237060547,4.152500152587891,93.94000244140625,84.86000061035156,1592.52001953125,,,140.97066570048912,101.4841773230371,147.63832839101022,2353.9285934743575,156.95963629947929,1498.309556023796
2021-10-15,,0.125,0.08,,,,,,1598.280029296875,,,141.35814168825829,102.13556269786692,147.71133419131374,2382.266955415804,158.16863821735802,1489.0456442062605
2021-10-16,,0.125,0.08,,,,,,,,,,,,,,
2021-10-17,,0.125,0.08,1.5839999914169312,16.309999465942383,4.1554999351501465,93.94999694824219,84.33000183105469,,,,,,,,,
2021-10-18,,0.125,0.08,1.6349999904632568,15.699999809265137,4.16949987411499,93.79000091552734,85.08000183105469,1605.969970703125,,,143.23786700449315,102.14740559232361,148.77801258272189,2386.4881341291793,158.05394611629043,1486.6402561300795
2021-10-19,,0.125,0.08,1.6360000371932983,15.489999771118164,4.16949987411499,93.55999755859375,85.81999969482422,,,,,,,,,
2021-10-20,,0.125,0.08,1.6759999990463257,15.010000228881836,4.1554999351501465,93.7699966430664,84.61000061035156,1606.3199462890625,,,144.68030174386254,101.54366352561135,147.7110806400521,2428.188073143345,158.784480069101,1495.501128791735
2021-10-21,,0.125,0.08,1.6549999713897705,15.430000305175781,4.156000137329102,93.61000061035156,85.52999877929688,1591.6199951171875,,,142.87699749806774,102.18369649242602,147.86087653292256,2445.2465967151193,157.8994880391989,1447.8491834543509
2021-10-22,,0.125,0.08,,,,,,1588.0799560546875,,,141.69306581776306,101.88721719016533,147.13284545724918,2411.278443675851,158.82492163166842,1436.2057668452612
2021-10-23,,0.125,0.08,,,,,,,,,,,,,,
2021-10-24,,0.125,0.08,1.6349999904632568,15.239999771118164,4.147500038146973,93.80999755859375,85.98999786376953,,,,,,,,,
2021-10-25,,0.125,0.08,1.61899995803833,15.979999542236328,4.14900016784668,93.94999694824219,86.4000015258789,1587.93994140625,,,141.8950207171674,101.59060436296772,147.5762337242992,2401.635231618216,159.27657631441588,1442.4502773776376
2021-10-26,,0.125,0.08,1.5290000438690186,16.979999542236328,4.144999980926514,93.86000061035156,84.58000183105469,1584.199951171875,,,141.699642327267,101.08339370334221,148.23408081287795,2396.420476322321,158.09022574224218,1427.0236635840665
2021-10-27,,0.125,0.08,1.5679999589920044,16.530000686645508,4.1529998779296875,93.3499984741211,84.31999969482422,1583.0799560546875,,,142.02770994566464,100.94633501825336,148.35517219166073,2415.0817592257404,159.68501477292634,1403.8520419072
2021-10-28,,0.125,0.08,1.5570000410079956,16.260000228881836,4.1479997634887695,94.12000274658203,84.37999725341797,1566.8599853515625,,,141.30648348154114,99.05744553086714,148.09159784803333,2433.364770291659,158.06210905216568,1355.8255160808276
2021-10-29,,0.125,0.07,,,,,,1562.31005859375,,,140.35241771225193,97.44536353918485,148.16419062661564,2430.5053940547023,157.77241021504165,1402.2680126726398
2021-10-30,,0.125,0.07,,,,,,,,,,,,,,
2021-10-31,1279.64081229113,0.125,0.07,1.5750000476837158,16.40999984741211,4.138999938964844,93.87999725341797,84.70999908447266,,0.6,,,,,,,
2021-11-01,,0.125,0.08,1.5490000247955322,16.030000686645508,4.150000095367432,94.08999633789062,84.72000122070312,1530.9200439453125,,,136.9319659080727,96.38768594000723,146.12577953904207,2402.4471409568173,155.4731948333699,1374.136019700054
2021-11-02,,0.125,0.08,1.5789999961853027,15.100000381469727,4.145999908447266,93.86000061035156,81.98999786376953,1537.6300048828125,,,137.38478684696707,99.01456193462079,147.2311238825104,2469.028087042188,153.44798067615122,1363.509436370367
2021-11-03,,0.125,0.08,1.5240000486373901,15.4399995803833,4.151000022888184,94.3499984741211,80.54000091552734,1531.3299560546875,,1.75,137.26216531056022,97.67328510819706,147.76345694612417,2435.351509010602,153.36660338607862,1338.4968066783774
2021-11-04,,0.125,0.08,1.4529999494552612,16.479999542236328,4.1519999504089355,94.31999969482422,82.73999786376953,,,,,,,,,
2021-11-05,,0.125,0.08,,,,,,1531.72998046875,,,137.20610935708365,96.1307511842706,147.09786141498162,2496.768162530044,153.00849679047403,1327.3375550763283
2021-11-06,,0.125,0.08,,,,,,,,,,,,,,
2021-11-07,,0.125,0.08,1.496999979019165,17.219999313354492,4.1579999923706055,94.05000305175781,83.43000030517578,,,,,,,,,
2021-11-08,,0.125,0.08,1.4320000410079956,17.780000686645508,4.152500152587891,93.95999908447266,84.77999877929688,1535.4100341796875,,,137.31959563856765,96.90575532509003,147.17016840234456,2482.082680426536,155.46164264160504,1298.6358575806514
2021-11-09,,0.125,0.08,1.559999942779541,18.729999542236328,4.146999835968018,94.8499984741211,82.63999938964844,1524.030029296875,,,136.6405901562778,95.25864134548861,147.73942227421915,2485.381540920102,154.13254165681792,1268.8755409492956
2021-11-10,,0.125,0.08,1.559999942779541,17.65999984741211,4.151000022888184,95.18000030517578,82.87000274658203,1520.739990234375,,,136.34610522377048,94.90824542368262,146.65487811261613,2471.5940713303153,154.7634461985194,1267.8754476833444
2021-11-11,,0.125,0.08,1.5820000171661377,16.290000915527344,4.163000106811523,95.12999725341797,82.16999816894531,1518.8499755859375,,,136.49389293741132,94.77859027158696,147.0689350924573,2460.2078417285375,153.5932750351202,1258.4314130225305
2021-11-12,,0.125,0.08,,,,,,1531.219970703125,,,137.39192394235127,95.98206375880584,146.9966309553801,2498.5872639790837,154.16542203500103,1305.4143002174028
2021-11-13,,0.125,0.08,,,,,,,,,,,,,,
2021-11-14,,0.125,0.08,1.6230000257492065,16.489999771118164,4.151000022888184,95.41000366210938,82.05000305175781,,,,,,,,,
2021-11-15,,0.125,0.08,1.6339999437332153,16.3700008392334,4.158999919891357,95.91999816894531,82.43000030517578,1522.3399658203125,,,136.94893877434174,93.22141908824827,146.23804517174497,2496.2167931144045,152.4691433584298,1312.4040020335046
2021-11-16,,0.125,0.08,1.6039999723434448,17.110000610351562,4.1645002365112305,95.83000183105469,80.27999877929688,1522.8900146484375,,,137.09752996879726,92.65444282804062,146.09467679450108,2483.9569737495194,152.5297135850478,1298.8996249603777
2021-11-17,,0.125,0.08,1.5889999866485596,17.59000015258789,4.171500205993652,95.54000091552734,81.23999786376953,1525.1300048828125,,,137.78076193578002,93.35879335475963,145.75172919385057,2472.982438170105,153.2753154810872,1333.978126873369
2021-11-18,,0.125,0.08,1.5360000133514404,17.90999984741211,4.179999828338623,96.06999969482422,78.88999938964844,1523.7900390625,,,137.70062945393317,94.57308030247827,145.53675067227263,2495.0733667734576,153.71922033607598,1318.2342225683064
2021-11-19,,0.125,0.08,,,,,,1525.5400390625,,,138.3363537805507,94.65582741087067,145.20798747354365,2512.075201486744,153.07083880045073,1299.4555082563502
2021-11-20,,0.125,0.08,,,,,,,,,,,,,,
2021-11-21,,0.125,0.08,1.625,19.170000076293945,4.181000232696533,96.5,79.69999694824219,,,,,,,,,
2021-11-22,,0.125,0.08,1.6670000553131104,19.3799991607666,4.183000087738037,96.48999786376953,82.30999755859375,1526.8699951171875,,,139.27833017539757,95.69091926622313,145.62813352102415,2518.207249810874,153.26711579642242,1296.009879678714
2021-11-23,,0.125,0.08,1.6449999809265137,18.579999923706055,4.192999839782715,96.83999633789062,82.25,1522.8800048828125,,,139.60521583430935,93.0819620578874,146.44615470896542,2536.327636437413,153.01716622292767,1297.2799587021934
2021-11-24,,0.125,0.08,,,4.208000183105469,,,1522.27001953125,,,139.3771047691664,93.91169823751143,145.50600736170145,2530.0730233292247,153.33244484423284,1294.4603209238237
2021-11-25,,0.125,0.08,1.4819999933242798,28.6200008392334,4.2270002365112305,96.08999633789062,72.72000122070312,1517.5999755859375,,,138.5701003007117,93.98386948250248,146.35802987649572,2527.476897621895,153.8154536241388,1287.6123245557571
2021-11-26,,0.125,0.08,,,,,,1512.219970703125,,,137.65795804274734,92.17051298365138,146.25928419969742,2515.1099712906316,153.9434388497733,1391.2148786639002
2021-11-27,,0.125,0.08,,,,,,,,,,,,,,
2021-11-28,,0.125,0.08,1.5299999713897705,22.959999084472656,4.236999988555908,96.33999633789062,73.44000244140625,,,,,,,,,
2021-11-29,,0.125,0.08,1.4429999589920044,27.190000534057617,4.236000061035156,95.98999786376953,70.56999969482422,1510.5699462890625,,,137.00583223394963,90.22982042998878,142.37648465367644,2503.8367638138893,151.90034588004718,1493.6720819466404
2021-11-30,1207.46390510091,0.125,0.07,1.434000015258789,31.1200008392334,4.202499866485596,96.05000305175781,68.87000274658203,1513.97998046875,0.7,,137.00364544506755,91.9043736164549,144.57319920879607,2521.8958445254657,155.81820008306156,1449.9373902419925
2021-12-01,,0.125,0.08,1.4479999542236328,27.950000762939453,4.21750020980835,96.12999725341797,69.66999816894531,1496.9300537109375,,,135.16180119169113,91.84644877818867,145.0644316910658,2560.7312122120684,155.80864756779152,1398.8605127704675
2021-12-02,,0.125,0.08,1.343000054359436,30.670000076293945,4.227499961853027,96.12000274658203,69.87999725341797,1501.739990234375,,,136.32622578569485,92.99686943182506,144.41488251769124,2498.2623040477465,155.25887125700274,1412.7851570929768
2021-12-03,,0.125,0.08,,,,,,,,,,,,,,
2021-12-04,,0.125,0.08,,,,,,,,,,,,,,
2021-12-05,,0.125,0.08,1.434000015258789,27.18000030517578,4.229000091552734,96.29000091552734,73.08000183105469,,,,,,,,,
2021-12-06,,0.125,0.08,1.4800000190734863,21.889999389648438,4.230000019073486,96.37000274658203,75.44000244140625,1483.449951171875,,,136.91072742584058,91.16420352753126,143.89647155519265,2446.400297604751,154.420509278207,1353.7880686441754
2021-12-07,,0.125,0.08,1.5089999437332153,19.899999618530273,4.229499816894531,95.88999938964844,75.81999969482422,1497.969970703125,,,139.35542618535914,91.76423896021288,145.08252285866536,2496.3297505682444,155.59306190632518,1348.1227868377025
2021-12-08,,0.125,0.08,1.4869999885559082,21.579999923706055,4.2179999351501465,96.2699966430664,74.41999816894531,1494.030029296875,,,139.06370878871385,91.88182461904088,144.97863738601225,2510.1850418143495,155.39247603661087,1338.1864188002494
2021-12-09,,0.125,0.08,1.4889999628067017,18.690000534057617,4.215000152587891,96.05000305175781,75.1500015258789,1501.7900390625,,,138.88623244395959,93.04917613628591,144.68487977752557,2492.3052547384677,157.36399187347644,1338.5538160443223
2021-12-10,,0.125,0.08,,,,,,1488.8800048828125,,,138.41322216548076,92.49572876260522,144.27620413933118,2473.5796572812305,155.02499988357326,1263.0646109236789
2021-12-11,,0.125,0.08,,,,,,,,,,,,,,
2021-12-12,,0.125,0.08,1.4240000247955322,20.309999465942383,4.210000038146973,96.31999969482422,74.38999938964844,,,,,,,,,
2021-12-13,,0.125,0.08,1.437999963760376,21.889999389648438,4.2220001220703125,96.56999969482422,73.69999694824219,1494.8599853515625,,,139.4041825834716,93.75100843063348,145.17372470353513,2473.2837676810504,156.99943260798256,1220.362700195251
2021-12-14,,0.125,0.08,1.4630000591278076,19.290000915527344,4.230999946594238,96.51000213623047,73.87999725341797,1480.9200439453125,,,138.00612029590957,91.92471541472898,145.31642496480518,2457.7509916366603,156.92256501323465,1198.3632512903926
2021-12-15,,0.125,0.08,1.4220000505447388,20.56999969482422,4.228000164031982,96.04000091552734,75.0199966430664,1482.81005859375,,,138.35699523883133,91.15867708374465,145.24314598641496,2448.6574555531733,157.62265091577314,1216.3386566188597
2021-12-16,,0.125,0.08,1.4019999504089355,21.56999969482422,4.203999996185303,96.56999969482422,73.5199966430664,1484.6400146484375,,,139.26959436237087,90.47818885431107,144.76482338151152,2483.3357387365663,157.4165909334713,1210.4341852342288
2021-12-17,,0.125,0.08,,,,,,1502.010009765625,,,140.47270641158335,92.2832517385299,142.8415932818909,2431.6923168831763,160.2180576532731,1259.7383134885872
2021-12-18,,0.125,0.08,,,,,,,,,,,,,,
2021-12-19,,0.125,0.08,1.4190000295639038,22.8700008392334,4.216000080108643,96.55000305175781,71.5199966430664,,,,,,,,,
2021-12-20,,0.125,0.08,1.4869999885559082,21.010000228881836,4.224999904632568,96.48999786376953,73.9800033569336,1493.9000244140625,,,140.26774593227825,90.59085106759183,143.23017583062006,2421.10858753071,159.99606094908356,1253.9707482972622
2021-12-21,,0.125,0.08,1.4570000171661377,18.6299991607666,4.206999778747559,96.08000183105469,75.29000091552734,1492.5899658203125,,,140.9091141029614,91.0562884707788,143.5304518878995,2445.4994428888394,159.45578594734081,1217.1433405894952
2021-12-22,,0.125,0.08,1.4930000305175781,17.959999084472656,4.210999965667725,96.0199966430664,76.8499984741211,1500.3199462890625,,,142.04160091652437,91.05405852309113,143.01312625855692,2457.3938482235985,159.06367199747694,1241.4973063661157
2021-12-23,,0.125,0.08,,,4.197999954223633,,,1516.4200439453125,,,142.50031697834024,94.22087987938518,144.08688199769531,2468.380714175638,160.57416598147154,1282.269109088317
2021-12-24,,0.125,0.08,,,,,,1516.449951171875,,,142.2708465343339,93.20891300276611,144.1267922327748,2481.605380019064,160.57691741223113,1286.7910050501798
2021-12-25,,0.125,0.08,,,,,,,,,,,,,,
2021-12-26,,0.125,0.08,1.4809999465942383,17.68000030517578,4.192500114440918,96.08999633789062,78.5999984741211,,,,,,,,,
2021-12-27,,0.125,0.08,1.4809999465942383,17.540000915527344,4.181000232696533,96.19999694824219,78.94000244140625,1533.9100341796875,,,143.1690120328059,94.25137590973904,144.1789241565558,2481.9685744715157,162.10820793029345,1350.6965731444639
2021-12-28,,0.125,0.08,1.5429999828338623,16.950000762939453,4.178500175476074,95.93000030517578,79.2300033569336,1539.8900146484375,,,143.77962073150593,94.94844488788655,145.10487706795828,2506.41367231279,163.37988694760102,1361.9254037636786
2021-12-29,,0.125,0.08,1.5149999856948853,17.329999923706055,4.179500102996826,95.97000122070312,79.31999969482422,1545.0400390625,,,144.1559320325573,94.05945985700119,145.74205797058136,2512.721062825459,162.8986608034842,1380.5613949037524
2021-12-30,,0.125,0.08,1.5119999647140503,17.219999313354492,4.171500205993652,95.66999816894531,77.77999877929688,1543.6099853515625,,,143.3471536001105,95.0177383818938,144.73925108229116,2529.31679005942,162.27707901547882,1389.1541138197574
2021-12-31,1293.59521574041,0.125,0.07,,,,,,1567.530029296875,0.9,,143.81557194832564,94.15387286360394,144.73925108229116,2524.5279694865394,165.79112166788693,1431.853519130762
2022-01-01,,0.125,0.07,,,,,,,,,,,,,,
2022-01-02,,0.125,0.07,1.628000020980835,16.600000381469727,4.175000190734863,96.23999786376953,78.9800033569336,,,,,,,,,
2022-01-03,,0.125,0.08,1.6679999828338623,16.90999984741211,4.170000076293945,96.29000091552734,80.0,1549.050048828125,,,144.22547389197388,96.22552968458557,144.44684556972103,2527.0118314344954,161.11739674372308,1361.7061158841695
2022-01-04,,0.125,0.08,1.7050000429153442,19.729999542236328,4.184000015258789,96.19000244140625,80.80000305175781,1541.9000244140625,,,143.55393364348504,95.45402965347283,144.44773690670215,2561.3713559503926,158.93376478169955,1349.4249773126464
2022-01-05,,0.125,0.08,1.7330000400543213,19.610000610351562,4.191999912261963,96.25,81.98999786376953,1547.949951171875,,,144.4015803234401,95.63353828444853,144.84693844845057,2538.7422656208696,157.65207607377772,1383.6460077085105
2022-01-06,,0.125,0.08,1.7710000276565552,18.760000228881836,4.210999965667725,95.73999786376953,81.75,1533.3599853515625,,,143.18422355125279,94.48559996097234,143.50552746590796,2507.6769320025805,155.97066364751967,1381.2268047714347
2022-01-07,,0.125,0.08,,,,,,1543.1099853515625,,,144.02628932818533,97.20129866999527,143.6518081640709,2505.6316233333137,156.63967714029786,1395.7760944523714
2022-01-08,,0.125,0.08,,,,,,,,,,,,,,
2022-01-09,,0.125,0.08,1.7799999713897705,19.399999618530273,4.206999778747559,95.98999786376953,80.87000274658203,,,,,,,,,
2022-01-10,,0.125,0.08,1.746000051498413,18.40999984741211,4.197999954223633,95.62000274658203,83.72000122070312,1550.1700439453125,,,146.21900923059377,97.62311318274669,144.7376767298552,2390.909416684291,157.23721802665474,1420.0309834108955
2022-01-11,,0.125,0.08,1.725000023841858,17.6200008392334,4.190000057220459,95.0,84.66999816894531,1564.2900390625,,,147.3072532697808,98.60246260313048,145.1667833602159,2312.2125467375595,159.5809379421729,1417.0555269087029
2022-01-12,,0.125,0.08,1.7109999656677246,20.309999465942383,4.183499813079834,94.79000091552734,84.47000122070312,1563.199951171875,,,146.4952911764199,97.77610201729112,144.32243641052574,2324.882170626757,160.52143544038105,1419.4627943232047
2022-01-13,,0.125,0.08,1.7719999551773071,19.190000534057617,4.175000190734863,95.16999816894531,86.05999755859375,1569.510009765625,,,147.1664429865748,98.38214519638348,143.39382392908328,2292.0926006064797,162.24654886051576,1423.4473943623402
2022-01-14,,0.125,0.08,,,,,,1555.3299560546875,,,146.0340269620074,98.29357422781783,143.91497008209723,2146.152935471935,159.64639780969122,1394.2665451961068
2022-01-15,,0.125,0.08,,,,,,,,,,,,,,
2022-01-16,,0.125,0.08,,,4.175000190734863,,,,,,,,,,,
2022-01-17,,0.125,0.08,1.8650000095367432,22.790000915527344,4.181000232696533,95.7300033569336,87.51000213623047,1542.9200439453125,,,145.7145283537279,96.29256395089868,142.28634988955008,2143.7026479986575,157.92248150497272,1382.2659094097012
2022-01-18,,0.125,0.08,1.8270000219345093,23.850000381469727,4.181000232696533,95.51000213623047,88.44000244140625,,,,,,,,,
2022-01-19,,0.125,0.08,1.8329999446868896,25.59000015258789,4.190999984741211,95.73999786376953,88.37999725341797,1530.3299560546875,,,143.14761935657015,96.48009782882511,140.62063170025,2049.0893128727516,158.61645024778662,1345.2453790943764
2022-01-20,,0.125,0.08,1.746999979019165,28.850000381469727,4.186999797821045,95.63999938964844,87.88999938964844,1527.75,,1.75,142.0878893530171,96.61710909135418,139.65113525447927,2069.1938704456256,158.41769638787474,1363.6909155726842
2022-01-21,,0.125,0.08,,,,,,1527.06005859375,,,142.65254400308118,96.75571924372673,139.53889380721654,2024.0135554580306,158.71632998913708,1355.8064408074079
2022-01-22,,0.125,0.08,,,,,,,,,,,,,,
2022-01-23,,0.125,0.08,1.7350000143051147,29.899999618530273,4.184999942779541,95.91999816894531,86.2699966430664,,,,,,,,,
2022-01-24,,0.125,0.08,1.7829999923706055,31.15999984741211,4.186500072479248,95.94999694824219,88.19999694824219,1521.8599853515625,,,142.14542049233455,97.45892134301414,140.24857808727856,2031.19186620664,158.57078820374286,1321.0875424656638
2022-01-25,,0.125,0.08,1.8480000495910645,31.959999084472656,4.188000202178955,96.48999786376953,89.95999908447266,1508.9100341796875,,,141.91747443467767,95.74036920457124,139.2466683594797,2014.5492570822435,159.35179361776767,1297.5561566688893
2022-01-26,,0.125,0.08,1.8070000410079956,30.489999771118164,4.190000057220459,97.26000213623047,89.33999633789062,1515.760009765625,,,142.6362680982477,94.91442903042352,138.97798267806382,2048.4888330471676,159.73758567335605,1317.8464669022976
2022-01-27,,0.125,0.08,1.781999945640564,27.65999984741211,4.195000171661377,97.2699966430664,90.02999877929688,1515.989990234375,,,142.6590958632771,95.65532963241502,139.2533987159239,2000.0233747063824,159.6809000318545,1318.9320610415493
2022-01-28,,0.125,0.08,,,,,,1520.02001953125,,,143.10107045365785,95.54813727697145,139.54670960932538,2016.826480271719,159.40793484270782,1332.698685795
2022-01-29,,0.125,0.08,,,,,,,,,,,,,,
2022-01-30,,0.125,0.08,1.781999945640564,24.829999923706055,4.188000202178955,96.54000091552734,91.20999908447266,,,,,,,,,
2022-01-31,1458.06977711168,0.125,0.08,1.7999999523162842,21.959999084472656,4.184000015258789,96.38999938964844,89.16000366210938,1512.27001953125,1.1,,142.03570514906937,92.57400877394356,139.7657808298051,2056.3046612998614,159.285743005197,1343.5011306988683
2022-02-01,,0.125,0.08,1.7660000324249268,22.09000015258789,4.184000015258789,95.94000244140625,89.47000122070312,,,,,,,,,
2022-02-02,,0.125,0.08,1.8270000219345093,24.350000381469727,4.181000232696533,95.37999725341797,91.11000061035156,,,,,,,,,
2022-02-03,,0.125,0.08,1.9299999475479126,23.219999313354492,4.182000160217285,95.4800033569336,93.2699966430664,1525.72998046875,,,143.18419621731798,93.47901153348651,141.58337941017967,2019.5852264461578,161.6522199549013,1336.9580050228462
2022-02-04,,0.125,0.08,,,,,,1522.760009765625,,,142.7494485430903,92.2755286588796,140.2494789272804,2011.7006625972258,161.85559222757735,1361.5662288825145
2022-02-05,,0.125,0.08,,,,,,,,,,,,,,
2022-02-06,,0.125,0.08,1.9160000085830688,22.860000610351562,4.177999973297119,95.4000015258789,92.69000244140625,,,,,,,,,
2022-02-07,,0.125,0.08,1.9539999961853027,21.440000534057617,4.183499813079834,95.63999938964844,90.77999877929688,1530.6500244140625,,,143.0401966687815,93.42430139280812,140.27983929844714,2042.2545837799096,162.30043746894899,1426.806679265865
2022-02-08,,0.125,0.08,1.9290000200271606,19.959999084472656,4.182300090789795,95.48999786376953,91.55000305175781,1530.0899658203125,,,142.86039969234443,93.57260357240926,139.21728942015753,2038.6079804236256,161.96771982578954,1409.7262980060007
2022-02-09,,0.125,0.08,2.0309998989105225,23.90999984741211,4.183000087738037,95.55000305175781,91.41000366210938,1551.510009765625,,,146.18789783097202,94.88925022927921,139.08637397922288,2093.127922287245,163.16611109484933,1397.1261629421094
2022-02-10,,0.125,0.08,1.9550000429153442,27.360000610351562,4.182000160217285,96.08000183105469,94.44000244140625,1570.0999755859375,,,148.30453392767964,98.85056052673569,138.56023742826014,2116.1065339171446,165.29036751371905,1420.7814760398553
2022-02-11,,0.125,0.08,,,,,,1578.8900146484375,,,148.50939290462014,104.15394529292192,138.0523692843176,2083.246456265892,165.62591291752796,1412.1137245186546
2022-02-12,,0.125,0.08,,,,,,,,,,,,,,
2022-02-13,,0.125,0.08,1.996000051498413,28.329999923706055,4.188000202178955,96.37000274658203,96.4800033569336,,,,,,,,,
2022-02-14,,0.125,0.08,2.0450000762939453,25.700000762939453,4.188000202178955,95.98999786376953,93.27999877929688,1583.8399658203125,,,149.3316606065154,105.58878096100457,139.7215395965007,2024.8050864474667,166.86068490748738,1400.0937558481248
2022-02-15,,0.125,0.08,2.046999931335449,24.290000915527344,4.183800220489502,95.69999694824219,94.80999755859375,1599.6099853515625,,,150.14484523041676,112.10544040552179,140.40356745019452,2024.4931209726562,167.46358695792225,1404.8153500331414
2022-02-16,,0.125,0.08,1.972000002861023,28.110000610351562,4.183499813079834,95.80000305175781,92.97000122070312,1603.199951171875,,,150.77927826239318,112.43680825462808,140.84647514169245,2068.778632075632,166.8581320942422,1424.6068016021331
2022-02-17,,0.125,0.08,1.9320000410079956,27.75,4.184999942779541,96.04000091552734,93.54000091552734,1605.02001953125,,,150.54352524462053,115.99533189337843,140.41398436269492,2092.2872243869015,166.41109726165587,1401.880846887742
2022-02-18,,0.125,0.08,,,,,,1603.050048828125,,,149.93292305480023,119.40600416645361,139.5404769585706,2024.9594234962558,165.0805789622414,1408.9815877930662
2022-02-19,,0.125,0.08,,,,,,,,,,,,,,
2022-02-20,,0.125,0.08,,,4.184000015258789,,,,,,,,,,,
2022-02-21,,0.125,0.08,1.9479999542236328,28.809999465942383,4.177000045776367,96.02999877929688,96.83999633789062,1582.68994140625,,,150.24545015739304,113.27090944607762,140.09557037488727,1945.5459800792357,163.32031677772716,1375.67476232597
2022-02-22,,0.125,0.08,1.9769999980926514,31.020000457763672,4.183000087738037,96.19000244140625,96.83999633789062,1576.9599609375,,,148.81695246784574,113.37747775769688,141.23041225317925,1864.9769604611652,162.80411472196107,1376.7993634820386
2022-02-23,,0.125,0.08,1.968999981880188,30.31999969482422,4.184000015258789,97.13999938964844,99.08000183105469,1586.1400146484375,,,149.7809662732311,114.15394123165525,140.45141186403356,1935.524620578881,163.7010188663657,1392.092399326767
2022-02-24,,0.125,0.08,1.9859999418258667,27.59000015258789,4.198500156402588,96.62000274658203,97.93000030517578,1573.8900146484375,,,147.836649101867,116.07011693897142,139.66313373849343,1925.1545432777816,164.2318719105743,1355.7712346058931
2022-02-25,,0.125,0.08,,,,,,1591.719970703125,,,151.60102530492892,116.89055155815483,139.00542891773176,1971.1480988738049,164.98487599252564,1366.0943398073966
2022-02-26,,0.125,0.08,,,,,,,,,,,,,,
2022-02-27,,0.125,0.08,1.8389999866485596,30.149999618530273,4.198500156402588,96.70999908447266,100.98999786376953,,,,,,,,,
2022-02-28,1652.71639279719,0.125,0.08,1.7070000171661377,33.31999969482422,4.196000099182129,97.41000366210938,104.97000122070312,1608.280029296875,1.6,,152.1997317377778,118.74539117486596,139.6934088621837,1917.4423903016504,170.37770938196113,1391.265750252246
2022-03-01,,0.125,0.08,1.8650000095367432,30.739999771118164,4.190499782562256,97.38999938964844,112.93000030517578,1596.43994140625,,,148.93681624789787,118.80628734927477,138.09924018911263,1913.4791039871106,167.06650503267707,1390.5850799748468
2022-03-02,,0.125,0.08,1.843999981880188,30.479999542236328,4.192999839782715,97.79000091552734,110.45999908447266,1598.0999755859375,,,146.60757360649447,123.46103139811939,137.91845092631345,1888.2628716904455,167.6768316566395,1412.50668672209
2022-03-03,,0.125,0.08,1.7239999771118164,31.979999542236328,4.184000015258789,98.6500015258789,118.11000061035156,1618.5400390625,,1.75,148.49324554178628,126.3580586134627,137.90885652470243,1850.069813658919,172.4821814294142,1420.566632080441
2022-03-04,,0.125,0.08,,,,,,1603.93994140625,,,147.43905848935577,123.31868996029218,137.43250317929034,1790.42513557747,173.63628030637045,1388.9203800260125
2022-03-05,,0.125,0.08,,,,,,,,,,,,,,
2022-03-06,,0.125,0.08,1.7510000467300415,36.45000076293945,4.176000118255615,99.29000091552734,123.20999908447266,,,,,,,,,
2022-03-07,,0.125,0.08,1.871999979019165,35.130001068115234,4.174499988555908,99.05999755859375,127.9800033569336,1572.56005859375,,,143.13049274459706,122.09485442130752,137.44378604256414,1663.2654712802105,172.1412464919287,1366.5834827472413
2022-03-08,,0.125,0.08,1.9479999542236328,32.45000076293945,4.179999828338623,97.97000122070312,111.13999938964844,1546.8699951171875,,,141.8984646171379,119.41278757020632,137.80059429147164,1537.6781328244715,168.31029781528383,1325.9607238268995
2022-03-09,,0.125,0.08,2.010999917984009,30.229999542236328,4.184999942779541,98.51000213623047,109.33000183105469,1562.3299560546875,,,144.44630776916497,121.475644134776,140.02055597239658,1698.319712750352,169.5641812842982,1266.4102975468825
2022-03-10,,0.125,0.08,2.003999948501587,30.75,4.185999870300293,99.12000274658203,112.66999816894531,1580.530029296875,,,147.90306395850243,119.17161854506003,141.11010203044543,1727.2630079299233,172.0636692659875,1248.2235004304284
2022-03-11,,0.125,0.08,,,,,,1568.219970703125,,,147.40161934768932,118.0195023583674,140.7160130813117,1769.4952781045547,171.4545294402192,1229.8128989900804
2022-03-12,,0.125,0.08,,,,,,,,,,,,,,
2022-03-13,,0.125,0.08,2.140000104904175,31.770000457763672,4.191999912261963,99.05999755859375,106.9000015258789,,,,,,,,,
2022-03-14,,0.125,0.08,2.1600000858306885,29.829999923706055,4.202499866485596,99.06999969482422,99.91000366210938,1567.43994140625,,,148.04288612950157,116.99981304695338,141.11012054323155,1738.8781855388113,169.92038550034744,1245.8213839559285
2022-03-15,,0.125,0.08,2.187999963760376,26.670000076293945,4.204999923706055,98.37999725341797,98.0199966430664,1557.4100341796875,,,149.01443557754664,115.70869336843404,140.24276221161347,1667.7158610289027,165.6817026483262,1240.5088164987449
2022-03-16,,0.125,0.08,2.191999912261963,25.670000076293945,4.190000057220459,98.01000213623047,106.63999938964844,1571.3199462890625,,,152.82493690113589,115.4120909190172,138.71902375097923,1758.0852890924355,166.4985459268661,1247.6033053682067
2022-03-17,,0.375,0.33,2.1480000019073486,23.8700008392334,4.195000171661377,98.2300033569336,107.93000030517578,1590.8800048828125,,,156.25266931607467,113.75907239504204,139.43992540396889,1922.5153664162356,168.26426799793998,1289.3974016097093
2022-03-18,,0.375,0.33,,,,,,1591.260009765625,,,156.01909176201931,114.46682808183095,137.08128108606553,1883.1164678932937,167.8871712694383,1268.7118503397678
2022-03-19,,0.375,0.33,,,,,,,,,,,,,,
2022-03-20,,0.375,0.33,2.315000057220459,23.530000686645508,4.190999984741211,98.5,115.62000274658203,,,,,,,,,
2022-03-21,,0.375,0.33,2.372999906539917,22.940000534057617,4.202499866485596,98.48999786376953,115.4800033569336,1587.1600341796875,,,154.27658299358745,113.79810515108586,139.1742932260574,1992.737485728973,169.7775718242944,1286.2355502902417
2022-03-22,,0.375,0.33,2.321000099182129,23.56999969482422,4.215000152587891,98.62000274658203,121.5999984741211,1585.81005859375,,,153.5686840400184,116.6926438804829,139.8446328598817,2013.200447903223,170.78545759380052,1249.7754026530117
2022-03-23,,0.375,0.33,2.3410000801086426,21.670000076293945,4.2220001220703125,98.79000091552734,119.02999877929688,1597.8800048828125,,,155.21486261244866,116.05126868259524,140.10824760705788,2068.298713711521,171.8190698915136,1278.8619965215587
2022-03-24,,0.375,0.33,2.492000102996826,20.809999465942383,4.223999977111816,98.80999755859375,120.6500015258789,1598.969970703125,,,155.73537784060073,115.7129612943598,140.24970073686734,2048.622761938348,173.44370436881354,1268.7657422912462
2022-03-25,,0.375,0.33,,,,,,1603.300048828125,,,156.3244734614316,116.3680095099291,141.30734233443803,2061.5371607849697,173.34429021590702,1286.915815257001
2022-03-26,,0.375,0.33,,,,,,,,,,,,,,
2022-03-27,,0.375,0.33,2.4769999980926514,19.6299991607666,4.208000183105469,99.08999633789062,112.4800033569336,,,,,,,,,
2022-03-28,,0.375,0.33,2.4000000953674316,18.899999618530273,4.214000225067139,98.4000015258789,110.2300033569336,1597.949951171875,,,156.39944169164298,115.1339419185027,141.13013780421971,1993.4365679306165,172.7467771310242,1270.443286912639
2022-03-29,,0.375,0.33,2.3580000400543213,19.329999923706055,4.211999893188477,97.79000091552734,113.44999694824219,1583.4200439453125,,,155.50599037958307,114.74143837665198,140.1485111194785,1964.2969498733055,169.85854584402966,1268.4730361664763
2022-03-30,,0.375,0.33,2.3269999027252197,20.559999465942383,4.202499866485596,98.30999755859375,107.91000366210938,1583.219970703125,,,155.71084899387571,114.63473665633323,141.31291646334068,1984.203677859372,168.25075108925193,1294.517073987987
2022-03-31,1613.0743554943,0.375,0.33,2.377000093460083,19.6299991607666,4.203000068664551,98.62999725341797,104.38999938964844,1587.3599853515625,1.8,,156.28479090307664,114.43581909720608,144.16607282547076,2005.9574104234534,168.67344575449565,1292.4358493888167
2022-04-01,,0.375,0.33,,,,,,1602.4100341796875,,,157.74493753104645,115.54470375170922,144.704312411298,1998.332160251648,171.54848193532942,1328.8941277749996
2022-04-02,,0.375,0.33,,,,,,,,,,,,,,
2022-04-03,,0.375,0.33,2.4119999408721924,18.56999969482422,4.208000183105469,98.98999786376953,107.52999877929688,,,,,,,,,
2022-04-04,,0.375,0.33,2.555999994277954,21.030000686645508,4.215000152587891,99.47000122070312,106.63999938964844,1598.9200439453125,,,156.67187480525698,116.86370179599415,143.81139804196746,2011.0699774658858,172.42000406659136,1320.254455059712
2022-04-05,,0.375,0.33,2.6089999675750732,22.100000381469727,4.209000110626221,99.5999984741211,101.06999969482422,1596.7900390625,,,155.57210844607556,118.11035635908098,143.66202547914747,2044.8156981838767,173.48461175114903,1326.7052330819815
2022-04-06,,0.375,0.33,2.6519999504089355,21.549999237060547,4.2129998207092285,99.75,100.58000183105469,1604.719970703125,,,156.25165824752793,120.367682802959,145.54522932641132,2015.1045405505602,175.61602833554386,1317.8492922807418
2022-04-07,,0.375,0.33,2.7130000591278076,21.15999984741211,4.215799808502197,99.80000305175781,102.77999877929688,1600.7900390625,,,155.9607179844317,120.9989179788001,143.47907349963876,1972.451808505152,177.28557510046483,1295.193937408129
2022-04-08,,0.375,0.33,,,,,,1607.2900390625,,,156.07847644844026,121.0315116297207,144.15603674025746,1982.8113335182793,178.09010052191152,1326.1737569081045
2022-04-09,,0.375,0.33,,,,,,,,,,,,,,
2022-04-10,,0.375,0.33,2.7799999713897705,24.3700008392334,4.218999862670898,99.93000030517578,98.4800033569336,,,,,,,,,
2022-04-11,,0.375,0.33,2.7249999046325684,24.260000228881836,4.228000164031982,100.29000091552734,104.63999938964844,1604.6099853515625,,,155.7728224692316,122.05453251471832,144.5017298893504,1854.415433238735,176.37736109812053,1327.9070978938068
2022-04-12,,0.375,0.33,2.687000036239624,21.81999969482422,4.230500221252441,99.87999725341797,108.77999877929688,1597.1300048828125,,,155.59679809909127,121.8626343387762,144.42930032991333,1861.4251477938517,176.58485167936476,1278.9754183101497
2022-04-13,,0.375,0.33,2.828000068664551,22.700000762939453,4.229000091552734,100.31999969482422,111.69999694824219,1597.1800537109375,,,155.22787021566126,122.7280572014593,145.37785372501975,1899.906643256843,175.51605146858913,1265.294250744457
2022-04-14,,0.375,0.33,,,4.230000019073486,,,1595.699951171875,,,153.79737287959603,121.96303094223336,145.66350936941714,1864.642025560126,176.1376734615968,1286.1941873631843
2022-04-15,,0.375,0.33,,,,,,1589.010009765625,,,153.06644319198395,120.03529493191478,145.66350936941714,1867.7448109485936,175.85981118656534,1282.0118765993684
2022-04-16,,0.375,0.33,,,,,,,,,,,,,,
2022-04-17,,0.375,0.33,2.861999988555908,22.170000076293945,4.232999801635742,100.77999877929688,113.16000366210938,,,,,,,,,
2022-04-18,,0.375,0.33,2.9130001068115234,21.3700008392334,4.251999855041504,100.95999908447266,107.25,1581.1400146484375,,,151.7958017997029,120.0396671378343,146.08302133933654,1840.5329274278808,176.23307229698418,1266.0730943585027
2022-04-19,,0.375,0.33,2.8399999141693115,20.31999969482422,4.252999782562256,100.38999938964844,106.80000305175781,,,,,,,,,
2022-04-20,,0.375,0.33,2.9170000553131104,22.68000030517578,4.2789998054504395,100.58000183105469,108.33000183105469,1593.75,,,152.9070688239463,123.55492659256112,145.45873218117134,1872.9950241245065,178.02555119045496,1259.7647892579148
2022-04-21,,0.375,0.33,2.9059998989105225,28.209999084472656,4.28849983215332,101.22000122070312,106.6500015258789,1598.3199462890625,,,154.3907179972973,123.81366597393757,145.38625451700182,1882.6511143476373,177.59542249022832,1263.6113150347467
2022-04-22,,0.375,0.33,,,,,,1601.969970703125,,,155.28944657663095,123.78109208117762,146.09364267946597,1814.4596727823941,178.01957941986123,1251.9448761197975
2022-04-23,,0.375,0.33,,,,,,,,,,,,,,
2022-04-24,,0.375,0.33,2.8259999752044678,27.020000457763672,4.322500228881836,101.75,102.31999969482422,,,,,,,,,
2022-04-25,,0.375,0.33,2.7720000743865967,33.52000045776367,4.355000019073486,102.30000305175781,104.98999786376953,1589.97998046875,,,154.7901709321651,128.75613656422857,145.05656025191968,1764.6440639870302,174.49892126900932,1219.396780638495
2022-04-26,,0.375,0.33,2.818000078201294,31.600000381469727,4.322500228881836,102.94999694824219,105.31999969482422,1596.6800537109375,,,155.5479254393251,127.46071222182884,145.36851361335138,1805.6926202261297,174.82579834382037,1211.705087788199
2022-04-27,,0.375,0.33,2.86299991607666,29.989999771118164,4.357500076293945,103.62000274658203,107.58999633789062,1585.97998046875,,,155.21225626013876,127.0790331836362,145.44204103994448,1795.6239620638894,173.04536161076777,1182.6010215356353
2022-04-28,,0.375,0.33,2.88700008392334,33.400001525878906,4.361499786376953,102.95999908447266,109.33999633789062,1597.31005859375,,,155.95980053444666,128.8599805251329,150.33195975135513,1841.2501027467201,173.4148374417076,1191.1900989662145
2022-04-29,,0.375,0.33,,,,,,1600.4300537109375,,,156.011729097072,129.1143899323271,149.70284216974187,1856.207142075811,177.17335476594903,1191.1900989662145
2022-04-30,1601.22210374741,0.375,0.33,,,,,,,2.0,,,,,,,
2022-05-01,,0.375,0.33,2.996000051498413,32.34000015258789,4.35099983215332,103.73999786376953,107.58000183105469,,,,,,,,,
2022-05-02,,0.375,0.33,2.9600000381469727,29.25,4.3520002365112305,103.47000122070312,104.97000122070312,,,,,,,,,
2022-05-03,,0.375,0.33,2.9170000553131104,25.420000076293945,4.3520002365112305,102.58999633789062,110.13999938964844,,,,,,,,,
2022-05-04,,0.375,0.33,3.065999984741211,31.200000762939453,4.3520002365112305,103.75,110.9000015258789,,,,,,,,,
2022-05-05,,0.875,0.83,3.122999906539917,30.190000534057617,4.347499847412109,103.66000366210938,112.38999938964844,1582.97998046875,,,153.9876876649336,129.00349090840143,151.82190545034751,1762.0933825127647,176.35102998031974,1172.730302654572
2022-05-06,,0.875,0.83,,,,,,1564.3399658203125,,,153.70177007858422,124.73795945859494,151.96291669015903,1723.1101469274072,174.62374787386858,1108.9880411012216
2022-05-07,,0.875,0.83,,,,,,,,,,,,,,
2022-05-08,,0.875,0.83,3.0789999961853027,34.75,4.367499828338623,103.6500015258789,105.94000244140625,,,,,,,,,
2022-05-09,,0.875,0.83,2.993000030517578,32.9900016784668,4.38100004196167,103.91999816894531,102.45999908447266,1549.1800537109375,,,153.16678295828322,120.75965881763591,150.40246869170258,1710.899750152446,175.3375543228443,1076.74508328755
2022-05-10,,0.875,0.83,2.9210000038146973,32.560001373291016,4.379499912261963,103.8499984741211,107.51000213623047,1554.5799560546875,,,153.86228159193195,119.85879739849364,151.11999109391755,1723.0230331174487,174.74864970424875,1045.8159526112706
2022-05-11,,0.875,0.83,2.816999912261963,31.770000457763672,4.374000072479248,104.8499984741211,107.44999694824219,1555.9300537109375,,2.0,154.7445839848324,120.46868115574676,152.1611879343247,1723.2896038444424,174.1713009922722,1046.3896269308834
2022-05-12,,0.875,0.83,2.934999942779541,28.8700008392334,4.390999794006348,104.55999755859375,111.55000305175781,1538.800048828125,,,153.84699337518364,117.5866467647519,151.00074067120525,1651.026702993447,172.03195783882043,1004.8489148803608
2022-05-13,,0.875,0.83,,,,,,1544.4100341796875,,,152.01588031607852,120.66770919257668,151.8202704998966,1691.1901544668667,175.43736151645265,1053.5739201813317
2022-05-14,,0.875,0.83,,,,,,,,,,,,,,
2022-05-15,,0.875,0.83,2.877000093460083,27.469999313354492,4.395500183105469,104.19000244140625,114.23999786376953,,,,,,,,,
2022-05-16,,0.875,0.83,2.9679999351501465,26.100000381469727,4.395500183105469,103.36000061035156,111.93000030517578,,,,,,,,,
2022-05-17,,0.875,0.83,2.885999917984009,30.959999084472656,4.382500171661377,103.80999755859375,109.11000061035156,1548.5999755859375,,,152.1604027154606,122.3506600579932,151.89405118153485,1729.0323169256376,175.9422358791403,1082.357426149908
2022-05-18,,0.875,0.83,2.8550000190734863,29.350000381469727,4.393499851226807,102.72000122070312,112.04000091552734,1554.9100341796875,,,153.38304803560268,121.82255554099066,150.64418241273822,1728.71041940937,176.3254531251539,1068.7842410565656
2022-05-19,,0.875,0.83,2.7869999408721924,29.43000030517578,4.400000095367432,103.1500015258789,112.55000305175781,1549.4100341796875,,,152.58000917781374,122.6723468434665,153.9165703347412,1690.068548420729,176.12301971080706,1020.599976790098
2022-05-20,,0.875,0.83,,,,,,1549.1199951171875,,,151.70846703643844,122.3745628577662,153.03798085273345,1707.677447300658,174.44005902832532,1038.6815389804374
2022-05-21,,0.875,0.83,,,,,,,,,,,,,,
2022-05-22,,0.875,0.83,2.8589999675750732,28.479999542236328,4.386499881744385,102.08000183105469,113.41999816894531,,,,,,,,,
2022-05-23,,0.875,0.83,2.759999990463257,29.450000762939453,4.38700008392334,101.86000061035156,113.55999755859375,1542.530029296875,,,151.9443559737944,117.4200628525302,154.94831474998335,1683.2897558952316,173.3325085669333,1056.9574967953056
2022-05-24,,0.875,0.83,2.749000072479248,28.3700008392334,4.39300012588501,102.05999755859375,114.02999877929688,1531.300048828125,,,150.77874743573156,117.03342474212275,154.62903570630596,1675.273435747236,171.4584628376144,1026.0331233559355
2022-05-25,,0.875,0.83,2.75600004196167,27.5,4.39300012588501,101.83000183105469,117.4000015258789,1535.56005859375,,,151.337188373401,119.16071575123561,154.76066260802247,1707.6109002969367,172.4499278843743,1028.7313383518317
2022-05-26,,0.875,0.83,2.743000030517578,25.719999313354492,4.395500183105469,101.66999816894531,119.43000030517578,1541.1500244140625,,,152.6156068758046,118.32206523749403,155.14687464692713,1764.2525155340304,171.89722296513992,1027.7264782093703
2022-05-27,,0.875,0.83,,,,,,1546.760009765625,,,153.29961673186511,118.9806926856243,154.24147143137824,1766.308709748791,172.97517168274373,1042.7571585374276
2022-05-28,,0.875,0.83,,,,,,,,,,,,,,
2022-05-29,,0.875,0.83,,,4.376500129699707,,,,,,,,,,,
2022-05-30,,0.875,0.83,2.8440001010894775,26.190000534057617,4.363800048828125,101.75,122.83999633789062,1543.02001953125,,,152.910943886073,117.6058481932583,154.10238839659357,1788.062888171689,172.59488768288332,1040.9359467701802
2022-05-31,1322.18462139461,0.875,0.83,2.930999994277954,25.690000534057617,4.375999927520752,102.55000305175781,116.29000091552734,1570.0999755859375,2.1,,156.15601450084816,118.28350808433503,155.857574575372,1851.6139736057266,180.8854631203845,1048.4656279065407
2022-06-01,,0.875,0.83,2.9130001068115234,24.719999313354492,4.380499839782715,101.7699966430664,117.61000061035156,1553.4100341796875,,,154.35973024384316,117.65484306906909,155.55420308420622,1820.0366237813744,175.8718717192192,1028.7156231750785
2022-06-02,,0.875,0.83,2.9570000171661377,24.790000915527344,4.388999938964844,102.13999938964844,119.72000122070312,1549.9000244140625,,,154.22895359989658,117.4469506297661,155.81473158314418,1846.3327011667263,177.85013303867134,988.3606689329993
2022-06-03,,0.875,0.83,,,,,,1537.8299560546875,,,152.7553936828431,117.38119497148934,156.91907157407906,1886.9713066648526,175.73889575140407,971.4655866773787
2022-06-04,,0.875,0.83,,,,,,,,,,,,,,
2022-06-05,,0.875,0.83,3.0380001068115234,25.06999969482422,4.388500213623047,102.44000244140625,119.51000213623047,,,,,,,,,
2022-06-06,,0.875,0.83,2.9719998836517334,24.020000457763672,4.388999938964844,102.31999969482422,120.56999969482422,,,,,,,,,
2022-06-07,,0.875,0.83,3.0290000438690186,23.959999084472656,4.39300012588501,102.54000091552734,123.58000183105469,1525.9300537109375,,,151.45961532214875,114.61760654772637,157.67011345776655,1843.2270052529866,174.17556361465608,959.0708734539387
2022-06-08,,0.875,0.83,3.0439999103546143,26.09000015258789,4.391499996185303,103.22000122070312,123.06999969482422,1523.8599853515625,,,152.11788516387097,115.67437378962721,157.51022163867924,1850.3614957491798,172.527655054262,922.9593597761761
2022-06-09,,0.875,0.83,3.1559998989105225,27.75,4.390999794006348,104.1500015258789,122.01000213623047,1509.7099609375,,,151.8884486912262,113.49732435070085,156.94271208600526,1849.694180483766,172.921797715421,933.152257816872
2022-06-10,,0.875,0.83,,,,,,1493.949951171875,,,150.8580426897834,112.41881481801148,156.29380068626878,1818.9784130757155,171.44840716435766,895.9444111143303
2022-06-11,,0.875,0.83,,,,,,,,,,,,,,
2022-06-12,,0.875,0.83,3.365999937057495,34.02000045776367,4.399499893188477,105.08000183105469,122.2699966430664,,,,,,,,,
2022-06-13,,0.875,0.83,3.4830000400543213,32.689998626708984,4.415999889373779,105.5199966430664,121.16999816894531,1464.8299560546875,,,148.80321701781918,110.00472627337312,153.3858561091942,1721.7519971594206,168.6715005295718,852.7099426785476
2022-06-14,,0.875,0.83,3.3949999809265137,29.6200008392334,4.420000076293945,105.16000366210938,118.51000213623047,1481.280029296875,,,149.73903426322468,113.40428274388346,154.0296960920385,1731.157066408143,171.56704666655997,856.5975621084024
2022-06-15,,0.875,0.83,3.306999921798706,32.95000076293945,4.410999774932861,103.62999725341797,119.80999755859375,1459.050048828125,,,148.81941440583086,110.55762129568858,153.94105845887535,1705.6580113062637,167.96789026271858,836.2406520266044
2022-06-16,,1.625,1.58,3.239000082015991,31.1299991607666,4.400000095367432,104.69999694824219,113.12000274658203,1472.77001953125,,,150.71192692266777,109.68673322154396,153.81577627302906,1733.5580665011598,171.75855896255453,829.5262410048919
2022-06-17,,1.625,1.58,,,,,,1456.739990234375,,,149.97049388194563,108.15982230656704,152.78657733863994,1730.5183831474374,165.66497786900138,825.0651866417185
2022-06-18,,1.625,1.58,,,,,,,,,,,,,,
2022-06-19,,1.625,1.58,,,4.399499893188477,,,,,,,,,,,
2022-06-20,,1.625,1.58,3.306999921798706,30.190000534057617,4.39900016784668,104.44000244140625,114.6500015258789,1441.239990234375,,,147.80447201062094,107.26300689064414,151.49881715949448,1708.003720518887,166.00009891211317,805.1989838986414
2022-06-21,,1.625,1.58,3.1559998989105225,28.950000762939453,4.395999908447266,104.19999694824219,111.73999786376953,1457.8800048828125,,,148.85261561775067,106.91657135380275,152.06451075383333,1722.6444167602917,170.57652252508794,857.1852029841082
2022-06-22,,1.625,1.58,3.068000078201294,29.049999237060547,4.4029998779296875,104.43000030517578,110.05000305175781,1431.0999755859375,,,147.18858805250247,100.06235210425504,152.99253834798927,1695.1510400697462,167.10946553550696,824.8850202802524
2022-06-23,,1.625,1.58,3.125,27.229999542236328,4.4039998054504395,104.19000244140625,113.12000274658203,1431.050048828125,,,146.9603944316234,103.9857111001672,151.19434819380402,1693.0499008738,167.12079317582993,835.9429881075455
2022-06-24,,1.625,1.58,,,,,,1436.699951171875,,,147.523296062683,102.9034948045802,152.80848937288795,1717.7772088827485,167.31041388394172,848.5813765754472
2022-06-25,,1.625,1.58,,,,,,,,,,,,,,
2022-06-26,,1.625,1.58,3.194000005722046,26.950000762939453,4.399499893188477,103.94000244140625,115.08999633789062,,,,,,,,,
2022-06-27,,1.625,1.58,3.2060000896453857,28.360000610351562,4.401500225067139,104.51000213623047,117.9800033569336,1438.1199951171875,,,147.72065781997784,102.98714669651933,149.25957361098386,1766.1950605558843,168.10468632180434,837.4245395191072
2022-06-28,,1.625,1.58,3.0929999351501465,28.15999984741211,4.394499778747559,105.11000061035156,116.26000213623047,1454.739990234375,,,149.087458514064,105.33105526723733,151.2277552563688,1731.4967060738213,170.60889987379386,856.6278415725352
2022-06-29,,1.625,1.58,2.9719998836517334,28.709999084472656,4.397299766540527,104.69000244140625,114.80999755859375,1451.47998046875,,,148.20229039980447,104.44199720819631,152.31348296737335,1696.5496043016951,168.9584385927476,866.6747468263129
2022-06-30,902.891147870967,1.625,1.58,2.8889999389648438,26.700000762939453,4.40500020980835,105.13999938964844,111.62999725341797,1444.219970703125,2.4,,147.40061036652372,103.1306882364827,152.63280362467603,1675.8671414756566,167.5302006569337,845.9731103084297
2022-07-01,,1.625,1.58,,,,,,1449.739990234375,,,148.82777754909014,103.83912652506311,152.4409867862889,1649.8869661841063,167.7544454975858,828.4397282693387
2022-07-02,,1.625,1.58,,,,,,,,,,,,,,
2022-07-03,,1.625,1.58,,,4.4045000076293945,,,,,,,,,,,
2022-07-04,,1.625,1.58,2.809000015258789,27.540000915527344,4.4105000495910645,106.5,102.7699966430664,1437.52001953125,,,148.37596676170287,103.00180018616885,151.31346678459659,1610.8745159671696,167.0209974184417,807.035098357044
2022-07-05,,1.625,1.58,2.9130001068115234,26.729999542236328,4.416999816894531,107.0999984741211,100.69000244140625,1440.81005859375,,,148.85547039008668,101.54923793126534,152.8606613834353,1602.1366863074504,169.27759367354173,802.4798288888204
2022-07-06,,1.625,1.58,3.007999897003174,26.079999923706055,4.421999931335449,107.12999725341797,104.6500015258789,1420.8499755859375,,2.25,149.17933764713186,95.44604976030081,151.3160014077251,1611.8120164309958,165.70759263515157,783.3190561328424
2022-07-07,,1.625,1.58,3.1010000705718994,24.639999389648438,4.42549991607666,107.01000213623047,107.0199966430664,1418.68994140625,,,148.5112709178984,98.06857119705803,151.83522999414163,1600.7469186186365,163.67611913399824,791.6430779203216
2022-07-08,,1.625,1.58,,,,,,1425.7900390625,,,149.682499406581,99.0669428110252,151.36754842947607,1629.7435478205164,166.03590436239216,784.731962621238
2022-07-09,,1.625,1.58,,,,,,,,,,,,,,
2022-07-10,,1.625,1.58,2.990999937057495,26.170000076293945,4.424499988555908,108.0199966430664,107.0999984741211,,,,,,,,,
2022-07-11,,1.625,1.58,2.9579999446868896,27.290000915527344,4.424499988555908,108.06999969482422,99.48999786376953,,,,,,,,,
2022-07-12,,1.625,1.58,2.9040000438690186,26.81999969482422,4.434500217437744,107.95999908447266,99.56999969482422,1426.0799560546875,,,149.6041244593602,100.9444183671128,151.3408171891394,1573.8013837617386,164.7609499078835,779.8241304047498
2022-07-13,,1.625,1.58,2.9600000381469727,26.399999618530273,4.434500217437744,108.54000091552734,99.0999984741211,1411.3199462890625,,,148.7987640078883,100.4999911257308,150.75817476706357,1552.7913598959135,161.95650857520016,774.1731851874308
2022-07-14,,1.625,1.58,2.930000066757202,24.229999542236328,4.441500186920166,108.05999755859375,101.16000366210938,1420.06005859375,,,149.29431900226948,100.2031120773166,150.71199681283966,1563.6076925613124,163.1607501248293,787.4932415157298
2022-07-15,,1.625,1.58,,,,,,1418.43994140625,,,148.63324472817453,100.15364691541994,151.2568724585591,1615.5286488801792,165.41246210053498,758.0610009098347
2022-07-16,,1.625,1.58,,,,,,,,,,,,,,
2022-07-17,,1.625,1.58,2.9600000381469727,25.299999237060547,4.446499824523926,107.37000274658203,106.2699966430664,,,,,,,,,
2022-07-18,,1.625,1.58,3.0190000534057617,24.5,4.450500011444092,106.68000030517578,107.3499984741211,1429.5400390625,,,148.8553869709489,102.56301634767094,151.0301076762586,1670.171101785063,168.9702683922683,792.3884667734183
2022-07-19,,1.625,1.58,3.0360000133514404,23.8799991607666,4.447500228881836,107.08000183105469,106.91999816894531,1428.760009765625,,,148.95023972508278,101.87303446052442,150.82799224372044,1680.9046364989695,167.80278087621005,789.5426561472865
2022-07-20,,1.625,1.58,2.9100000858306885,23.110000610351562,4.44950008392334,106.91000366210938,103.86000061035156,1436.97998046875,,,149.42340889754365,102.57688015841906,152.53850268780243,1709.7174797186178,171.04504972766082,787.331110521738
2022-07-21,,1.625,1.58,2.7829999923706055,23.030000686645508,4.454500198364258,106.7300033569336,103.19999694824219,1450.3199462890625,,,150.79998086589714,103.8601716923263,153.00219051927718,1753.3870396378234,172.6788119659338,799.5468870329585
2022-07-22,,1.625,1.58,,,,,,1465.800048828125,,,153.78406934498216,103.3430091165106,153.03713973412363,1770.8241222357124,171.27653000654797,803.0120214570786
2022-07-23,,1.625,1.58,,,,,,,,,,,,,,
2022-07-24,,1.625,1.58,2.819999933242798,23.360000610351562,4.44950008392334,106.4800033569336,105.1500015258789,,,,,,,,,
2022-07-25,,1.625,1.58,2.7869999408721924,24.690000534057617,4.451000213623047,107.19000244140625,104.4000015258789,1469.219970703125,,,153.99379763974542,103.92149554282743,153.42894382681064,1745.7761693838024,171.72530390362468,805.7188141734356
2022-07-26,,1.625,1.58,2.7339999675750732,23.239999771118164,4.453499794006348,106.44999694824219,106.62000274658203,1463.68994140625,,,153.51658504686037,103.5166308947174,153.81966503211711,1743.9083217674242,169.62740767421002,805.4929006216393
2022-07-27,,1.625,1.58,2.680999994277954,22.329999923706055,4.455999851226807,106.3499984741211,107.13999938964844,1470.7099609375,,,153.77161581259801,103.61230071506967,153.0895935016526,1814.5993877799292,171.5319238166422,814.6869339530452
2022-07-28,,2.375,2.33,2.6419999599456787,21.329999923706055,4.449999809265137,105.9000015258789,110.01000213623047,1491.199951171875,,,155.0977384510136,104.67242162272422,155.94740558534562,1862.6735335262697,174.17703156836356,826.6869915261727
2022-07-29,,2.375,2.32,,,,,,1492.22998046875,,,154.4707412970872,105.53147424597226,155.73408205062725,1903.560362487182,172.78171144048844,827.12374739126
2022-07-30,,2.375,2.32,,,,,,,,,,,,,,
2022-07-31,926.324432586423,2.375,2.32,2.6059999465942383,22.84000015258789,4.447999954223633,105.44999694824219,100.02999877929688,,3.0,,,,,,,
2022-08-01,,2.375,2.33,2.740999937057495,23.93000030517578,4.449999809265137,106.23999786376953,100.54000091552734,1502.0699462890625,,,154.92417672813207,107.65786508741459,156.47386762631038,1904.7210988443449,173.95564749691178,841.2415364848083
2022-08-02,,2.375,2.33,2.747999906539917,21.950000762939453,4.453000068664551,106.51000213623047,96.77999877929688,1495.050048828125,,,155.20497956682104,106.21501414022367,156.08108932057704,1845.9338698135587,172.66575531541218,841.28493846088
2022-08-03,,2.375,2.33,2.6760001182556152,21.440000534057617,4.454999923706055,105.69000244140625,94.12000274658203,1490.5699462890625,,,154.1615059544397,106.29641337874958,157.04054337146712,1862.4678393664783,173.66979431752324,836.9926704718775
2022-08-04,,2.375,2.33,2.8399999141693115,21.149999618530273,4.455999851226807,106.62000274658203,94.91999816894531,1507.7099609375,,,155.21125019134027,107.34366419700854,157.2845506559738,1911.4603985271908,174.47792535701757,854.250216833485
2022-08-05,,2.375,2.33,,,,,,1501.550048828125,,,154.93061027384167,108.06436797449459,157.18016770992494,1893.2571802352136,172.14185270680662,842.1698350474957
2022-08-06,,2.375,2.33,,,,,,,,,,,,,,
2022-08-07,,2.375,2.33,2.765000104904175,21.290000915527344,4.453499794006348,106.44000244140625,96.6500015258789,,,,,,,,,
2022-08-08,,2.375,2.33,2.796999931335449,21.770000457763672,4.456500053405762,106.37000274658203,96.30999755859375,1496.030029296875,,,155.2791608527486,107.99170906418969,156.56649028444548,1890.6189208430926,171.29145791125052,826.4944754703685
2022-08-09,,2.375,2.33,2.7860000133514404,19.739999771118164,4.453000068664551,105.19999694824219,97.4000015258789,1497.6800537109375,,,155.65857697105366,107.51169993072406,156.3931072928962,1890.6189208430926,171.38719626819656,821.2744467961535
2022-08-10,,2.375,2.33,2.888000011444092,20.200000762939453,4.454999923706055,105.08999633789062,99.5999984741211,1492.3299560546875,,,155.48099565713872,108.46180772910789,155.77476081299807,1819.0626336928144,170.48184504846543,799.2210414040098
2022-08-11,,2.375,2.33,2.8489999771118164,19.530000686645508,4.442999839782715,105.62999725341797,98.1500015258789,1505.56005859375,,,156.62231341024687,108.63750140209038,158.07436386376347,1921.0572542310133,171.58997407517867,813.2270453303704
2022-08-12,,2.375,2.33,,,,,,1506.18994140625,,,157.3808266599378,109.43327291563291,157.51839253455412,1914.9904140186425,171.6918520631029,778.2987443445054
2022-08-13,,2.375,2.33,,,,,,,,,,,,,,
2022-08-14,,2.375,2.33,2.7909998893737793,19.950000762939453,4.441800117492676,106.55000305175781,95.0999984741211,,,,,,,,,
2022-08-15,,2.375,2.33,2.8239998817443848,19.690000534057617,4.456999778747559,106.5,92.33999633789062,1504.010009765625,,,157.14273183841684,108.93902860612911,158.06067429468598,1920.2326988837776,172.33222811267967,748.577830429871
2022-08-16,,2.375,2.33,2.8929998874664307,19.899999618530273,4.464000225067139,106.56999969482422,93.6500015258789,1518.780029296875,,,157.5759954383644,110.72578027679205,158.4095945601664,1913.1726494108345,174.09720657615318,767.4099678564194
2022-08-17,,2.375,2.33,2.880000114440918,19.559999465942383,4.4654998779296875,107.4800033569336,96.58999633789062,1518.1600341796875,,,157.5759954383644,111.70939178891305,158.51370004062954,1882.8655089575016,172.9590049811984,774.1119098694919
2022-08-18,,2.375,2.33,2.989000082015991,20.600000381469727,4.4720001220703125,108.16999816894531,96.72000122070312,1516.6199951171875,,,157.6516299414438,111.75379919630934,157.86940071381068,1870.0176422801808,174.10579587821664,776.3622476086462
2022-08-19,,2.375,2.33,,,,,,1504.43994140625,,,156.543096660983,110.74481027088703,159.0109339030337,1874.9088596841666,172.79640034390428,786.7782098061651
2022-08-20,,2.375,2.33,,,,,,,,,,,,,,
2022-08-21,,2.375,2.33,3.0369999408721924,23.799999237060547,4.473999977111816,109.05000305175781,96.4800033569336,,,,,,,,,
2022-08-22,,2.375,2.33,3.053999900817871,24.110000610351562,4.482500076293945,108.62000274658203,100.22000122070312,1487.3699951171875,,,154.9651888056819,109.1910833042839,158.02354746900406,1798.0574549264443,171.61773814538975,757.1633493750112
2022-08-23,,2.375,2.33,3.1059999465942383,22.81999969482422,4.490300178527832,108.68000030517578,101.22000122070312,1482.5699462890625,,,154.55295301748995,107.02945199816918,156.98418259656816,1807.8724900743173,170.6667614620207,754.8963806792386
2022-08-24,,2.375,2.33,3.0260000228881836,21.780000686645508,4.486499786376953,108.47000122070312,99.33999633789062,1467.260009765625,,,155.44082355971508,102.27437245462066,157.64979578488357,1801.777852434838,168.9841706781381,754.7506285753487
2022-08-25,,2.375,2.33,3.0350000858306885,25.559999465942383,4.46999979019165,108.80000305175781,100.98999786376953,1495.489990234375,,,155.89177142710653,104.10812574637075,157.6043684938235,1844.7088298247984,171.51736583932893,776.4877761365034
2022-08-26,,2.375,2.33,,,,,,1500.2900390625,,,157.1060758727957,106.74173813165955,158.04680458676984,1868.7765819547697,170.33980051228855,756.7806938323419
2022-08-27,,2.375,2.33,,,,,,,,,,,,,,
2022-08-28,,2.375,2.33,3.109999895095825,26.209999084472656,4.465000152587891,108.83999633789062,105.08999633789062,,,,,,,,,
2022-08-29,,2.375,2.33,3.109999895095825,26.209999084472656,4.479499816894531,108.7699966430664,99.30999755859375,1501.5699462890625,,,156.70691784090778,107.80548206787928,157.07789091466947,1820.8141585033677,172.38335491358967,744.7141320771747
2022-08-30,,2.375,2.33,3.132999897003174,25.8700008392334,4.473999977111816,108.69999694824219,96.48999786376953,1512.050048828125,,,157.49457868328344,110.18237783709013,155.73634473388057,1814.6669289257552,175.96371907762008,751.7747593277414
2022-08-31,794.488878874876,2.375,2.33,3.265000104904175,25.559999465942383,4.473499774932861,109.69000244140625,92.36000061035156,,3.4,,,,,,,
2022-09-01,,2.375,2.33,3.193000078201294,25.469999313354492,4.478499889373779,109.52999877929688,93.0199966430664,1491.949951171875,,,157.66148924430556,106.14829954432285,156.26069448898693,1785.3734848410181,170.57909552567466,743.1490180439363
2022-09-02,,2.375,2.33,,,,,,1491.1800537109375,,,158.08403307058748,105.38094512791969,157.3809045809925,1791.9859960935994,170.74059054567542,738.3560592893293
2022-09-03,,2.375,2.33,,,,,,,,,,,,,,
2022-09-04,,2.375,2.33,,,4.481500148773193,,,,,,,,,,,
2022-09-05,,2.375,2.33,3.3399999141693115,26.90999984741211,4.489799976348877,110.20999908447266,92.83000183105469,1489.800048828125,,,157.95142912013898,106.0938987948556,156.2924617801707,1776.8615611245366,169.08812939716412,754.0441776509061
2022-09-06,,2.375,2.33,3.265000104904175,24.639999389648438,4.498000144958496,109.83999633789062,88.0,1488.27001953125,,,157.41094236298363,106.61077134230766,155.91765035273266,1805.4133536924041,169.64022506577368,751.2387651033904
2022-09-07,,2.375,2.33,3.2920000553131104,23.610000610351562,4.499000072479248,109.70999908447266,89.1500015258789,1491.3499755859375,,,156.78602926988165,106.45814297682318,156.23649607578486,1794.3831369476427,173.13247707562715,768.4546301657249
2022-09-08,,2.375,2.33,3.321000099182129,22.790000915527344,4.49399995803833,109.0,92.83999633789062,1494.72998046875,,2.5,156.90306732724162,106.54086052510523,156.35358497232423,1810.0765664370524,173.94372792222046,765.9916152305019
2022-09-09,,2.375,2.33,,,,,,1496.530029296875,,,157.9709514294914,106.03385966713006,154.75375188031913,1823.249770431859,173.21990726887216,764.4656655482845
2022-09-10,,2.375,2.33,,,,,,,,,,,,,,
2022-09-11,,2.375,2.33,3.361999988555908,23.8700008392334,4.495500087738037,108.33000183105469,94.0,,,,,,,,,
2022-09-12,,2.375,2.33,3.421999931335449,27.270000457763672,4.500999927520752,109.81999969482422,93.16999816894531,1497.9599609375,,,158.491016281994,106.55394632610854,155.62112861733553,1878.0689301879659,173.71432698025987,769.605403670131
2022-09-13,,2.375,2.33,3.4119999408721924,26.15999984741211,4.502500057220459,109.66000366210938,94.0999984741211,1487.8399658203125,,,156.74298251198317,107.57100641061048,154.9846405182807,1890.8965611817935,171.6872035272492,754.5046380672113
2022-09-14,,2.375,2.33,3.4590001106262207,26.270000457763672,4.524499893188477,109.73999786376953,90.83999633789062,1468.43994140625,,,154.83302993085192,106.8631999797619,153.76066836368028,1860.000658674864,169.78953890317163,731.7429320798249
2022-09-15,,2.375,2.33,3.447999954223633,26.299999237060547,4.53249979019165,109.76000213623047,91.3499984741211,1467.31005859375,,,155.04856386674427,104.90893983763046,153.19329036164476,1862.57193109523,168.8271301960244,730.3405989263244
2022-09-16,,2.375,2.33,,,,,,,,,,,,,,
2022-09-17,,2.375,2.33,,,,,,,,,,,,,,
2022-09-18,,2.375,2.33,3.490000009536743,25.760000228881836,4.53249979019165,109.73999786376953,92.0,,,,,,,,,
2022-09-19,,2.375,2.33,3.571000099182129,27.15999984741211,4.547500133514404,110.22000122070312,90.62000274658203,1451.52001953125,,,155.59971731962517,105.57505604309252,152.63314645717864,1822.0762656382317,169.98739245704468,679.2635442260754
2022-09-20,,2.375,2.33,3.509999990463257,27.989999771118164,4.556000232696533,110.63999938964844,89.83000183105469,1461.0999755859375,,,156.59459827321908,106.26061542729654,152.57752976812,1830.282330218266,171.15761787466377,678.4969811493717
2022-09-21,,2.375,2.33,3.7079999446868896,27.350000381469727,4.550000190734863,111.3499984741211,90.45999908447266,1447.1800537109375,,,155.9023331269854,105.16687559979476,152.14516278454295,1821.8592343553937,168.2793677551763,628.1337827580535
2022-09-22,,3.125,3.08,3.697000026702881,29.920000076293945,4.565000057220459,113.19000244140625,86.1500015258789,1439.1600341796875,,,154.99770364352386,105.4580987748028,152.56266342351032,1828.6828909423346,168.65722364092488,611.726538270207
2022-09-23,,3.125,3.08,,,,,,1424.97998046875,,,154.38662850473514,103.79011510275325,151.137386668468,1813.357950704138,166.2851596154101,620.6756476828903
2022-09-24,,3.125,3.08,,,,,,,,,,,,,,
2022-09-25,,3.125,3.08,3.878000020980835,32.2599983215332,4.576000213623047,114.0999984741211,84.05999755859375,,,,,,,,,
2022-09-26,,3.125,3.08,3.9639999866485596,32.599998474121094,4.577000141143799,114.11000061035156,86.2699966430664,1413.0400390625,,,152.2236989406486,101.37983383964617,150.75973141154543,1809.905745095533,165.38799283518233,611.9661439935131
2022-09-27,,3.125,3.08,3.7049999237060547,30.18000030517578,4.608500003814697,112.5999984741211,89.31999969482422,1410.8699951171875,,,150.79697873871746,101.6079358154222,149.4009059548605,1820.9958737048269,165.93453401742264,600.686495507891
2022-09-28,,3.125,3.08,3.746999979019165,31.84000015258789,4.627999782562256,112.25,88.48999786376953,1401.8900146484375,,,151.23714044938902,99.8006351233625,150.68510883181028,1783.5503859296366,167.06282752202756,590.8391511769105
2022-09-29,,3.125,3.08,3.803999900817871,31.6200008392334,4.630499839782715,112.12000274658203,87.95999908447266,1397.5,,,150.92171240939484,100.75031569383863,150.24776227554233,1779.5686671678507,165.91277373777018,588.3356115130553
2022-09-30,796.676318197842,3.125,3.08,,,,,,1394.6300048828125,3.8,,151.20321893181102,100.0466280172791,150.89770634908209,1773.9354737637505,164.07390664369592,611.3913519936701
2022-10-01,,3.125,3.08,,,,,,,,,,,,,,
2022-10-02,,3.125,3.08,3.6510000228881836,30.100000381469727,4.634500026702881,111.75,88.86000061035156,,,,,,,,,
2022-10-03,,3.125,3.08,3.617000102996826,29.06999969482422,4.645500183105469,110.06999969482422,91.80000305175781,1397.6199951171875,,,151.4607596579191,100.77849167104607,149.24509596145563,1757.5994160744024,165.93156616801372,592.934567280501
2022-10-04,,3.125,3.08,3.759000062942505,28.549999237060547,4.637499809265137,111.06999969482422,93.37000274658203,1409.3599853515625,,,153.25267816790173,99.1467462985066,150.03097561392215,1772.5493368979387,168.85812263237304,606.1342133258539
2022-10-05,,3.125,3.08,3.8259999752044678,30.520000457763672,4.629000186920166,112.26000213623047,94.41999816894531,1420.550048828125,,,153.42413717166386,101.57121311085768,150.70673172678156,1782.7222115270722,169.56243128388607,638.640579427713
2022-10-06,,3.125,3.08,3.882999897003174,31.360000610351562,4.635000228881836,112.80000305175781,97.91999816894531,1420.4300537109375,,,153.2477849855855,100.8885325277121,151.06301434889303,1787.186203242206,167.6549135752809,663.5295050848771
2022-10-07,,3.125,3.08,,,,,,1406.0,,,153.1530314613317,98.99782103217719,151.29189628041522,1787.186203242206,165.7772361798205,645.014291238986
2022-10-08,,3.125,3.08,,,,,,,,,,,,,,
2022-10-09,,3.125,3.08,3.888000011444092,32.45000076293945,4.647500038146973,113.13999938964844,96.19000244140625,,,,,,,,,
2022-10-10,,3.125,3.08,3.938999891281128,33.630001068115234,4.6479997634887695,113.22000122070312,94.29000091552734,,,,,,,,,
2022-10-11,,3.125,3.08,3.9019999504089355,33.56999969482422,4.671000003814697,113.31999969482422,92.44999694824219,1386.8199462890625,,,151.58355927469387,97.24790162100722,150.0342287060188,1685.2752546197892,165.1895578954881,623.1517386188868
2022-10-12,,3.125,3.08,3.9519999027252197,31.940000534057617,4.679999828338623,112.36000061035156,94.56999969482422,1380.5699462890625,,,152.33876701572802,97.01332605554953,150.50432046790533,1633.5429550449107,164.66322052815738,622.931676705104
2022-10-13,,3.125,3.08,4.010000228881836,32.02000045776367,4.690000057220459,113.30999755859375,91.62999725341797,1373.3599853515625,,,151.49843662017298,96.79115566441241,150.71110318486035,1634.6580208615464,163.07608226945197,655.2008470280188
2022-10-14,,3.125,3.08,,,,,,1382.469970703125,,,151.74248819026667,98.60499538584801,151.65203259406832,1652.982776293506,165.18327165737375,654.4190471466405
2022-10-15,,3.125,3.08,,,,,,,,,,,,,,
2022-10-16,,3.125,3.08,4.014999866485596,31.3700008392334,4.69950008392334,112.04000091552734,91.62000274658203,,,,,,,,,
2022-10-17,,3.125,3.08,3.997999906539917,30.5,4.7144999504089355,112.12999725341797,90.02999877929688,1386.27001953125,,,152.1615048183144,98.0816282112078,150.74985849765022,1644.4489341398387,164.8819138447785,677.3471260932201
2022-10-18,,3.125,3.08,4.126999855041504,30.760000228881836,4.715000152587891,112.9800033569336,92.41000366210938,1400.3599853515625,,,151.62348485908103,102.08689601804402,151.6253884263451,1681.2083977627453,165.89638071963583,680.5957765507005
2022-10-19,,3.125,3.08,4.22599983215332,29.979999542236328,4.7179999351501465,112.87999725341797,92.37999725341797,1415.0999755859375,,,154.89350745749311,102.77922343889645,151.77902199669958,1665.1310544296034,169.59000298199322,685.8223886791509
2022-10-20,,3.125,3.08,4.2129998207092285,29.690000534057617,4.7270002365112305,112.01000213623047,93.5,1437.719970703125,,,157.43880446372054,106.05851067191121,151.61212233184932,1674.9620299284054,172.06524024295874,692.9117242086564
2022-10-21,,3.125,3.08,,,,,,1446.4200439453125,,,158.80037934110968,105.6560774941482,150.88114933653867,1665.8428823178826,174.03808402618574,691.344117500571
2022-10-22,,3.125,3.08,,,,,,,,,,,,,,
2022-10-23,,3.125,3.08,4.234000205993652,29.850000381469727,4.735499858856201,111.98999786376953,93.26000213623047,,,,,,,,,
2022-10-24,,3.125,3.08,4.107999801635742,28.459999084472656,4.735499858856201,110.94999694824219,93.5199966430664,,,,,,,,,
2022-10-25,,3.125,3.08,4.014999866485596,27.280000686645508,4.732500076293945,109.69999694824219,95.69000244140625,1444.4100341796875,,,158.90879315214045,105.32245218489682,150.52445437741585,1664.1155687648559,171.05334829715406,684.2412562608732
2022-10-26,,3.125,3.08,3.937000036239624,27.389999389648438,4.710999965667725,110.58999633789062,96.95999908447266,1454.97998046875,,,158.65181745408938,108.66149949404655,150.44866503159352,1671.338097441728,171.18754671574874,697.1604808223465
2022-10-27,,3.125,3.08,4.010000228881836,25.75,4.7129998207092285,110.66999816894531,95.7699966430664,1454.0899658203125,,,158.7689874859295,107.8231377646323,151.62030364457357,1686.7136252934338,171.83959930703466,706.394390434137
2022-10-28,,3.125,3.08,,,,,,1447.31005859375,,,157.1839321374436,106.47938286801303,150.8855235739654,1671.1495614364032,171.12624144818272,715.6832285808194
2022-10-29,,3.125,3.08,,,,,,,,,,,,,,
2022-10-30,,3.125,3.08,4.077000141143799,25.8799991607666,4.71999979019165,111.52999877929688,94.83000183105469,,,,,,,,,
2022-10-31,875.659936221517,3.125,3.08,4.052000045776367,25.809999465942383,4.71999979019165,111.4800033569336,94.6500015258789,1460.3800048828125,4.0,,157.94466361833258,107.01105973206275,150.2864695379785,1691.6665796429484,172.9320810352227,717.948034111377
2022-11-01,,3.125,3.08,4.059000015258789,25.860000610351562,4.734000205993652,111.3499984741211,96.16000366210938,1445.9200439453125,,,156.550026596943,104.41758514188746,149.36606213671678,1685.405884029954,171.9857889241879,719.380542013698
2022-11-02,,3.125,3.08,4.124000072479248,25.299999237060547,4.736000061035156,112.93000030517578,94.66999816894531,1451.6099853515625,,,157.11856454530405,105.25790273730931,150.04546325779341,1689.2579058840831,173.50710182174177,727.1918520693108
2022-11-03,,3.875,3.83,4.156000137329102,24.549999237060547,4.742000102996826,110.87999725341797,98.56999969482422,1420.3800048828125,,2.75,153.92652417281622,103.83962924715074,150.34686620123978,1683.4731882699125,169.59062354079015,684.3018246475225
2022-11-04,,3.875,3.83,,,,,,1438.280029296875,,,154.36238671527417,105.5569640222079,151.86562381100487,1714.018593662816,172.43517628934444,708.8324311797762
2022-11-05,,3.875,3.83,,,,,,,,,,,,,,
2022-11-06,,3.875,3.83,4.214000225067139,24.350000381469727,4.745500087738037,110.12000274658203,97.91999816894531,,,,,,,,,
2022-11-07,,3.875,3.83,4.125999927520752,25.540000915527344,4.745500087738037,109.62000274658203,95.36000061035156,1442.1199951171875,,,154.2353948254331,105.60355185892266,153.72847792219582,1700.391960499591,171.32416436346932,721.222080194811
2022-11-08,,3.875,3.83,4.151000022888184,26.09000015258789,4.734000205993652,110.55000305175781,92.6500015258789,1441.3499755859375,,,155.38391267534172,105.92774318259453,151.49442600511605,1698.9184015168441,171.32416436346932,742.2300190508926
2022-11-09,,3.875,3.83,3.8289999961853027,23.530000686645508,4.689499855041504,108.20999908447266,93.66999816894531,1446.18994140625,,,156.60369338859707,105.94126115768114,151.37841852208734,1703.5224571649078,171.25697747356872,747.7122582875774
2022-11-10,,3.875,3.83,3.812999963760376,22.520000457763672,4.697999954223633,106.29000091552734,95.98999786376953,1449.739990234375,,,157.4039301507559,105.86752947464069,151.90325517884665,1697.3642463586032,171.47349264755715,768.5822207082124
2022-11-11,,3.875,3.83,,,,,,1468.2099609375,,,157.7808586167284,106.85567645056251,151.90325517884665,1778.8258272115615,172.62943524301394,831.3744996499385
2022-11-12,,3.875,3.83,,,,,,,,,,,,,,
2022-11-13,,3.875,3.83,3.865000009536743,23.729999542236328,4.625,106.66000366210938,93.13999938964844,,,,,,,,,
2022-11-14,,3.875,3.83,3.7990000247955322,24.540000915527344,4.59250020980835,106.4000015258789,93.86000061035156,1464.0,,,156.60657209932825,106.94534688970884,152.72688504354818,1789.7411837929988,173.1581712819494,850.4267944072373
2022-11-15,,3.875,3.83,3.691999912261963,24.110000610351562,4.5625,106.27999877929688,92.86000061035156,1450.5400390625,,,155.17975712040277,107.64259569000242,153.93004925302773,1776.0789745177854,172.26077232757487,830.4839042919067
2022-11-16,,3.875,3.83,3.7750000953674316,23.93000030517578,4.542500019073486,106.69000244140625,89.77999877929688,1448.3800048828125,,,153.83835866354133,107.08898766206278,152.05734974087775,1790.8548741479563,173.63514403419643,827.9588511495831
2022-11-17,,3.875,3.83,3.818000078201294,23.1200008392334,4.551300048828125,106.93000030517578,87.62000274658203,1449.3199462890625,,,154.8339941671608,106.89865967166713,152.74483097782615,1775.074063160141,175.1971045483545,812.8658708253644
2022-11-18,,3.875,3.83,,,,,,,,,,,,,,
2022-11-19,,3.875,3.83,,,,,,,,,,,,,,
2022-11-20,,3.875,3.83,3.825000047683716,22.360000610351562,4.551300048828125,107.83999633789062,87.44999694824219,,,,,,,,,
2022-11-21,,3.875,3.83,3.757999897003174,21.290000915527344,4.576499938964844,107.22000122070312,88.36000061035156,1447.9599609375,,,155.90689908641704,105.72147271578216,153.01088770042142,1772.53100105373,173.16434238102153,817.3753642631151
2022-11-22,,3.875,3.83,3.7060000896453857,20.350000381469727,4.567500114440918,106.08000183105469,85.41000366210938,1441.2900390625,,,155.4268262242519,106.16698298721536,153.11172572169755,1768.7319719671304,171.34863147571704,803.9778477996381
2022-11-23,,3.875,3.83,,,4.572000026702881,,,1443.5,,,155.3667205690234,106.81813819503085,152.56354201304842,1793.928588615652,172.51842986313963,806.7200674146114
2022-11-24,,3.875,3.83,3.690999984741211,20.5,4.492499828338623,105.95999908447266,83.62999725341797,1501.8800048828125,,,162.92644987342365,105.74967199286054,153.81949824885405,1915.1998098292079,176.64982270288309,851.4569338313619
2022-11-25,,3.875,3.83,,,,,,1486.5400390625,,,161.72085484087535,105.42537355694981,155.5358306081231,1890.2510212001748,175.47029370337512,817.2963279611722
2022-11-26,,3.875,3.83,,,,,,,,,,,,,,
2022-11-27,,3.875,3.83,3.703000068664551,22.209999084472656,4.477499961853027,106.68000030517578,83.19000244140625,,,,,,,,,
2022-11-28,,3.875,3.83,3.747999906539917,21.889999389648438,4.474999904632568,106.81999969482422,83.02999877929688,,,,,,,,,
2022-11-29,,3.875,3.83,3.703000068664551,20.579999923706055,4.50629997253418,105.94999694824219,85.43000030517578,1476.9599609375,,,160.78137154665052,104.83821125066963,154.9256917083984,1881.4197154140693,173.06258119808464,796.5340446639359
2022-11-30,887.10700458863,3.875,3.83,3.5290000438690186,19.84000015258789,4.475299835205078,104.7300033569336,86.87999725341797,1488.800048828125,4.1,,161.25974650239044,103.17805788153443,156.5294585234316,1896.2993290867282,177.02797816189008,798.4069042580576
2022-12-01,,3.875,3.83,3.50600004196167,19.059999465942383,4.402500152587891,104.55000305175781,85.56999969482422,1491.510009765625,,,160.37570913186067,105.48195518294001,154.8793059502697,1985.8534687585548,176.06095147466849,786.9355600208305
2022-12-02,,3.875,3.83,,,,,,1481.800048828125,,,158.38737068642715,105.39635681474321,156.74239250101192,2019.6349694349485,175.39451305977502,782.0679423168086
2022-12-03,,3.875,3.83,,,,,,,,,,,,,,
2022-12-04,,3.875,3.83,3.5989999771118164,20.75,4.385499954223633,105.29000091552734,82.68000030517578,,,,,,,,,
2022-12-05,,3.875,3.83,3.513000011444092,22.170000076293945,4.366000175476074,105.58000183105469,79.3499984741211,1471.56005859375,,,158.74653585733196,103.94641494307501,156.0012925142843,1978.1461434176952,174.3811156493929,768.1850590353491
2022-12-06,,3.875,3.83,3.4079999923706055,22.68000030517578,4.392499923706055,105.0999984741211,77.16999816894531,1471.550048828125,,,158.39398603967723,103.60450803762929,155.52831196126317,1979.231132467821,174.84745311574395,772.9962139910403
2022-12-07,,3.875,3.83,3.490999937057495,22.290000915527344,4.394999980926514,104.7699966430664,76.1500015258789,1466.8800048828125,,,159.13644282287282,103.84191925583708,155.60123629132434,1934.5321572932671,172.80966192195797,769.0116578384726
2022-12-08,,3.875,3.83,3.566999912261963,22.829999923706055,4.395500183105469,104.80999755859375,76.0999984741211,1465.9300537109375,,,158.3638529537457,103.92644871341173,155.30280236920174,1956.77334861528,170.66060645739077,768.2991064251563
2022-12-09,,3.875,3.83,,,,,,1477.18994140625,,,159.1689037016077,103.77885203659767,156.6233245368662,1993.7292556134075,173.14359702174931,784.2092014748836
2022-12-10,,3.875,3.83,,,,,,,,,,,,,,
2022-12-11,,3.875,3.83,3.6110000610351562,25.0,4.401000022888184,105.12999725341797,77.98999786376953,,,,,,,,,
2022-12-12,,3.875,3.83,3.500999927520752,22.549999237060547,4.4145002365112305,103.9800033569336,80.68000030517578,1474.3800048828125,,,159.95480879750716,104.07641902285593,157.02553432378326,1974.1073384216634,171.85517675422565,778.8275278521223
2022-12-13,,3.875,3.83,3.503000020980835,21.139999389648438,4.426000118255615,103.7699966430664,82.69999694824219,1470.1199951171875,,,160.32583754023167,102.58742926957657,157.34037808462196,1976.8555919826597,171.88078282102558,754.3381173559516
2022-12-14,,3.875,3.83,3.450000047683716,22.829999923706055,4.388000011444092,104.55999755859375,81.20999908447266,1483.1700439453125,,,162.2031519705291,103.73773332276987,157.22449999928818,1998.6180290875989,172.95494454468582,761.2532216034231
2022-12-15,,4.375,4.33,3.4820001125335693,22.6200008392334,4.414000034332275,104.69999694824219,79.04000091552734,1467.1300048828125,,,160.29902604236844,102.96286850138252,156.43335993136301,1954.4247654796318,172.54248215030864,742.4917131958385
2022-12-16,,4.375,4.33,,,,,,1478.5400390625,,,160.70063882878375,110.1821795471373,155.7974472814103,1987.134627109037,172.87716618346337,735.1816481991862
2022-12-17,,4.375,4.33,,,,,,,,,,,,,,
2022-12-18,,4.375,4.33,3.5810000896453857,22.420000076293945,4.421999931335449,104.72000122070312,79.80000305175781,,,,,,,,,
2022-12-19,,4.375,4.33,3.684000015258789,21.479999542236328,4.422999858856201,103.97000122070312,79.98999786376953,1477.0899658203125,,,160.88382511594477,106.84862093166419,157.58239176592238,1980.548546854853,173.15261920819458,727.5762792068994
2022-12-20,,4.375,4.33,3.684000015258789,20.06999969482422,4.431000232696533,104.16000366210938,82.19999694824219,1467.3199462890625,,,160.82772242721717,106.00556795839573,156.11968376301294,1939.1900911649727,170.3270566733731,709.4235168091886
2022-12-21,,4.375,4.33,3.6689999103546143,21.969999313354492,4.434000015258789,104.43000030517578,80.9800033569336,1462.550048828125,,,161.53503580496954,104.81680133187167,156.03345281312366,1937.942631125654,168.0100461348482,702.6005829020482
2022-12-22,,4.375,4.33,3.750999927520752,20.8700008392334,4.421999931335449,104.30999755859375,83.91999816894531,1468.3499755859375,,,160.89067953796908,106.12827493056733,155.8788805085921,1933.0599996840642,170.9647334295867,727.4843077826429
2022-12-23,,4.375,4.33,,,,,,1474.6800537109375,,,161.43807503390883,105.26728371488747,155.7638229814895,1926.5188961744634,171.5193635089302,765.1257987527256
2022-12-24,,4.375,4.33,,,,,,,,,,,,,,
2022-12-25,,4.375,4.33,,,4.422500133514404,,,,,,,,,,,
2022-12-26,,4.375,4.33,3.859999895095825,21.649999618530273,4.422500133514404,104.18000030517578,84.33000183105469,,,,,,,,,
2022-12-27,,4.375,4.33,3.88700008392334,22.139999389648438,4.420000076293945,104.45999908447266,83.26000213623047,1474.68994140625,,,158.0394710789892,109.19529555977263,157.87008507785671,1930.5640750992711,173.37269333142763,823.1044679430031
2022-12-28,,4.375,4.33,3.8350000381469727,21.440000534057617,4.420000076293945,103.83999633789062,82.26000213623047,1480.1099853515625,,,158.46627908595713,109.21842631999196,157.87008507785671,1906.6718894074797,174.32785828858704,814.9119093258977
2022-12-29,,4.375,4.33,3.878999948501587,21.670000076293945,4.420000076293945,103.5199966430664,85.91000366210938,1491.6300048828125,,,160.6647852864089,110.29192689474068,157.55823290185702,1918.3566689996837,174.19192791963783,823.4210356108148
2022-12-30,,4.375,4.33,,,,,,1495.489990234375,,,160.05033777049138,110.96157921838203,157.20096135735994,1917.3797305609362,177.3076977404989,822.0042240239081
2022-12-31,903.28692399913,4.375,4.33,,,,,,,4.2,,,,,,,
2023-01-01,,4.375,4.33,,,4.402500152587891,,,,,,,,,,,
2023-01-02,,4.375,4.33,3.7929999828338623,22.899999618530273,4.402500152587891,104.5199966430664,82.0999984741211,,,,,,,,,
2023-01-03,,4.375,4.33,3.7090001106262207,22.010000228881836,4.403500080108643,104.25,77.83999633789062,1473.989990234375,,,158.6978421120409,108.51641845533115,157.5185298433604,1928.1289335839435,174.25002083293316,805.52288382815
2023-01-04,,4.375,4.33,3.7200000286102295,22.459999084472656,4.4019999504089355,105.04000091552734,78.69000244140625,1469.550048828125,,,158.23382355401182,106.30961763979217,158.6756762803184,1932.5745862556357,173.27225323884707,803.194770233093
2023-01-05,,4.375,4.33,3.569000005722046,21.1299991607666,4.385000228881836,103.87999725341797,78.56999969482422,1480.9300537109375,,,159.65100153071305,108.32014209835432,157.91577472461069,1941.4081171616597,174.34388689581817,829.0022327241306
2023-01-06,,4.375,4.33,,,,,,1480.550048828125,,,159.03315361000594,106.62885332727838,159.22037396220693,1925.709682276706,173.74214682511206,820.4882684526792
2023-01-07,,4.375,4.33,,,,,,,,,,,,,,
2023-01-08,,4.375,4.33,3.5169999599456787,21.969999313354492,4.401000022888184,103.0,79.6500015258789,,,,,,,,,
2023-01-09,,4.375,4.33,3.621000051498413,20.579999923706055,4.373000144958496,103.23999786376953,80.0999984741211,1493.4200439453125,,,159.7117353330591,108.12344105050707,162.0714825983205,1979.2188579408546,175.39012229311524,810.6999542571922
2023-01-10,,4.375,4.33,3.553999900817871,21.09000015258789,4.369999885559082,103.19000244140625,82.66999816894531,1485.1300048828125,,,159.62095495648705,107.25167358662986,162.18565765275218,1951.7053288313894,174.73704722627227,800.5593023636145
2023-01-11,,4.375,4.33,3.4489998817443848,18.829999923706055,4.36899995803833,102.25,84.02999877929688,1487.8699951171875,,,160.45191145516148,107.39120882037821,161.32225297196874,1959.1364234461612,174.73704722627227,800.645503246384
2023-01-12,,4.375,4.33,3.510999917984009,18.350000381469727,4.35699987411499,102.19999694824219,85.27999877929688,1488.6600341796875,,,160.08481346246353,107.21859283216956,163.35831225806746,1998.7237326786876,173.16044821796103,803.8804901312458
2023-01-13,,4.375,4.33,,,,,,1495.030029296875,,,160.97466322087305,107.47497656055258,163.79711546171092,1990.790242849453,174.37203156990378,801.6164736844457
2023-01-14,,4.375,4.33,,,,,,,,,,,,,,
2023-01-15,,4.375,4.33,,,4.332499980926514,,,,,,,,,,,
2023-01-16,,4.375,4.33,3.5350000858306885,19.360000610351562,4.313499927520752,102.38999938964844,85.91999816894531,1493.56005859375,,,160.18058903593274,106.85207818734052,165.01574350427637,1989.2278013576533,175.03182513469807,842.6631801119362
2023-01-17,,4.375,4.33,3.375,20.34000015258789,4.323999881744385,102.36000061035156,84.9800033569336,1499.3800048828125,,,160.27328626948895,106.81005172862379,164.68361579408247,1982.82569494906,176.48189383824072,848.398684104284
2023-01-18,,4.375,4.33,3.3970000743865967,20.520000457763672,4.310999870300293,102.05999755859375,86.16000366210938,1495.5,,,159.62187240838904,106.15822532458425,164.91636890164426,2007.4094476100495,175.4678171429147,854.7972932320394
2023-01-19,,4.375,4.33,3.4839999675750732,19.850000381469727,4.306000232696533,102.01000213623047,87.62999725341797,1496.219970703125,,2.75,159.28241813638456,105.39761548368274,166.94878745600693,1984.2326998741796,176.95140343912993,852.4050167673142
2023-01-20,,4.375,4.33,,,,,,1500.3299560546875,,,160.0289153634417,106.30393210215234,166.72265981562626,1995.2882820876446,177.46699423279398,851.5994076673492
2023-01-21,,4.375,4.33,,,,,,,,,,,,,,
2023-01-22,,4.375,4.33,3.5250000953674316,19.809999465942383,4.2829999923706055,102.13999938964844,88.19000244140625,,,,,,,,,
2023-01-23,,4.375,4.33,3.4690001010894775,19.200000762939453,4.2820000648498535,101.91999816894531,86.12999725341797,,,,,,,,,
2023-01-24,,4.375,4.33,3.4619998931884766,19.079999923706055,4.2820000648498535,101.63999938964844,86.12000274658203,,,,,,,,,
2023-01-25,,4.375,4.33,3.493000030517578,18.729999542236328,4.2829999923706055,101.83999633789062,87.47000122070312,1499.449951171875,,,160.18197625081416,104.94044955601385,166.40690969882053,2025.2084325054068,176.57726251481787,844.5441751758805
2023-01-26,,4.375,4.33,3.5179998874664307,18.510000228881836,4.243000030517578,101.93000030517578,86.66000366210938,1498.3900146484375,,,159.32143737674443,105.4813089574544,168.1465313792267,2012.420733635811,175.80987467914932,863.2227374397698
2023-01-27,,4.375,4.33,,,,,,1497.550048828125,,,158.89292529833833,105.63960880192383,168.78708498709912,2017.3177397843765,176.01677187837717,859.1509843252538
2023-01-28,,4.375,4.33,,,,,,,,,,,,,,
2023-01-29,,4.375,4.33,3.5510001182556152,19.940000534057617,4.241499900817871,102.27999877929688,84.9000015258789,,,,,,,,,
2023-01-30,,4.375,4.33,3.5290000438690186,19.399999618530273,4.241499900817871,102.0999984741211,84.48999786376953,1499.3900146484375,,,159.62903945778822,105.42194833052949,167.6387582301578,2017.372898401097,177.7265293240762,853.7451357185461
2023-01-31,902.161131806761,4.375,4.33,3.3970000743865967,17.8700008392334,4.263299942016602,101.22000122070312,82.83999633789062,1485.5,4.1,,158.86063977773438,104.83288074610395,167.41551952915918,1975.639543936829,171.60355138062152,813.2538747797101
2023-02-01,,4.375,4.33,3.3959999084472656,18.729999542236328,4.263500213623047,101.75,82.16999816894531,,,,,,,,,
2023-02-02,,4.625,4.58,3.5320000648498535,18.329999923706055,4.243000030517578,102.91999816894531,79.94000244140625,1489.800048828125,,,157.90431947479985,106.35598499114917,170.14111410971736,2031.143201949944,172.90914161700286,825.1234223642657
2023-02-03,,4.625,4.58,,,,,,1490.469970703125,,,157.47461608937115,106.99147276026582,169.26568912138933,2034.8279547424863,173.6521704904749,837.2052342537554
2023-02-04,,4.625,4.58,,,,,,,,,,,,,,
2023-02-05,,4.625,4.58,3.634000062942505,19.43000030517578,4.255499839782715,103.62000274658203,80.98999786376953,,,,,,,,,
2023-02-06,,4.625,4.58,3.6740000247955322,18.65999984741211,4.262499809265137,103.43000030517578,83.69000244140625,,,,,,,,,
2023-02-07,,4.625,4.58,3.6530001163482666,19.6299991607666,4.301000118255615,103.41000366210938,85.08999633789062,1476.3800048828125,,,155.62712285886138,106.46377399532825,170.67635818116494,2007.567885416793,171.2009294347302,830.7185326072047
2023-02-08,,4.625,4.58,3.683000087738037,20.709999084472656,4.297500133514404,103.22000122070312,84.5,1470.75,,,153.51502089519687,105.99720844408789,170.2537262585242,2024.881438692427,172.3983979337648,813.8286290581268
2023-02-09,,4.625,4.57,3.74399995803833,20.530000686645508,4.311999797821045,103.62999725341797,86.38999938964844,1464.6400146484375,,,153.23649258123217,105.59647986689625,171.1497515905325,2010.9784405769585,171.14508461746345,822.047322087576
2023-02-10,,4.625,4.58,,,,,,1474.5899658203125,,,154.8725595301025,105.6036144774637,170.69234696177887,1993.215883151463,172.8049191323079,806.6154587275353
2023-02-11,,4.625,4.58,,,,,,,,,,,,,,
2023-02-12,,4.625,4.58,3.7170000076293945,20.34000015258789,4.329999923706055,103.3499984741211,86.61000061035156,,,,,,,,,
2023-02-13,,4.625,4.58,3.760999917984009,18.90999984741211,4.360000133514404,103.2300033569336,85.58000183105469,1475.1700439453125,,,155.5405868821794,104.49558505930617,171.315432075083,1965.814162863718,171.72857460222107,781.2907281623989
2023-02-14,,4.625,4.58,3.809000015258789,18.229999542236328,4.3470001220703125,103.91999816894531,85.37999725341797,1483.969970703125,,,155.43200588841864,106.55566068510119,171.59482309318997,1985.3165702159577,174.17978305274764,783.802776832415
2023-02-15,,4.625,4.58,3.8429999351501465,20.170000076293945,4.389999866485596,103.86000061035156,85.13999938964844,1488.18994140625,,,155.49990813121792,106.30084417938028,172.3301052624582,1968.1205283381441,175.51121533573541,791.5376534967965
2023-02-16,,4.625,4.58,3.828000068664551,20.020000457763672,4.401500225067139,103.86000061035156,83.0,1484.260009765625,,,155.19920514909614,106.39311693317563,171.32201160692446,1981.9587586048367,173.84738347932455,824.7311691859535
2023-02-17,,4.625,4.58,,,,,,1476.9000244140625,,,154.54726725280733,105.95805557220675,170.50759463858648,1919.9512403943706,173.79934961328752,817.2693208617934
2023-02-18,,4.625,4.58,,,,,,,,,,,,,,
2023-02-19,,4.625,4.58,,,4.429500102996826,,,,,,,,,,,
2023-02-20,,4.625,4.58,3.9549999237060547,22.8700008392334,4.427999973297119,104.18000030517578,83.05000305175781,1473.4599609375,,,154.8033418884388,105.26701636474243,170.2009812518976,1893.1928458990928,171.89686283145176,817.004970772048
2023-02-21,,4.625,4.58,3.9230000972747803,22.290000915527344,4.429999828338623,104.58999633789062,80.5999984741211,1474.010009765625,,,154.63354938522443,106.5199434166257,169.82928872098617,1889.6284249568623,173.26944886887475,822.5253700243409
2023-02-22,,4.625,4.58,3.878999948501587,21.139999389648438,4.439000129699707,104.5999984741211,82.20999908447266,1464.0,,,154.4323991825658,105.80447702849409,170.11235976270274,1872.5743062969786,171.41751037127614,816.1458513123691
2023-02-23,,4.625,4.58,3.9489998817443848,21.670000076293945,4.43149995803833,105.20999908447266,83.16000366210938,1457.6500244140625,,,154.48608409650723,105.41403333810547,170.60472782231713,1893.4327865423843,168.23589304934436,799.5147061773612
2023-02-24,,4.625,4.58,,,,,,1456.800048828125,,,154.9073703347483,105.23226612381833,168.66504163502063,1916.1750127227954,164.70213839012257,789.1123798899084
2023-02-25,,4.625,4.58,,,,,,,,,,,,,,
2023-02-26,,4.625,4.58,3.921999931335449,20.950000762939453,4.433000087738037,104.66999816894531,82.44999694824219,,,,,,,,,
2023-02-27,,4.625,4.57,3.9159998893737793,20.700000762939453,4.4730000495910645,104.87000274658203,83.88999938964844,1455.5,,,155.8772851394336,104.31187567699973,166.5095926317878,1895.6838562062926,163.40219554755194,780.2275734548542
2023-02-28,910.155527014026,4.625,4.57,3.99399995803833,20.579999923706055,4.485000133514404,104.4800033569336,84.30999755859375,1454.18994140625,3.9,,156.58031647278733,104.41620288370954,167.7767013685963,1921.9465639239563,160.8391550586562,775.8855644781387
2023-03-01,,4.625,4.58,4.072999954223633,19.59000015258789,4.46999979019165,105.02999877929688,84.75,1450.199951171875,,,156.68110716162016,104.28419739950417,167.8628169048212,1913.3010224718582,159.78328557803118,754.5804735663208
2023-03-02,,4.625,4.57,3.9639999866485596,18.489999771118164,4.4730000495910645,104.5199966430664,85.83000183105469,1455.489990234375,,,156.13092901481465,105.20184137426172,167.26810471845278,1900.6376152533257,161.74574380895424,751.9420656696577
2023-03-03,,4.625,4.57,,,,,,1453.550048828125,,,155.9862929114291,105.36805042209465,167.19435014441467,1899.3597171294493,161.45282028536087,758.4250898953475
2023-03-04,,4.625,4.57,,,,,,,,,,,,,,
2023-03-05,,4.625,4.57,3.9830000400543213,18.610000610351562,4.473499774932861,104.3499984741211,86.18000030517578,,,,,,,,,
2023-03-06,,4.625,4.57,3.9749999046325684,19.59000015258789,4.473499774932861,105.62000274658203,83.29000091552734,1452.6800537109375,,,155.36451873148945,106.23772331379982,167.46917244466943,1919.5243456466508,163.01744184734775,757.2882163961876
2023-03-07,,4.625,4.57,3.9760000705718994,19.110000610351562,4.475500106811523,105.66000366210938,82.66000366210938,1458.6700439453125,,,155.31329345624025,109.46342282355101,167.52710172699543,1912.592997109648,162.7428476822361,748.5521583017158
2023-03-08,,4.625,4.57,3.924999952316284,22.610000610351562,4.521999835968018,105.30999755859375,81.58999633789062,1454.6600341796875,,,155.18950297609135,107.94383095744368,169.41839498388444,1912.2314903942854,161.9595544280661,737.0632720938861
2023-03-09,,4.625,4.57,3.694999933242798,24.799999237060547,4.519000053405762,104.58000183105469,82.77999877929688,1449.530029296875,,2.75,155.02978673440106,105.56279603775836,166.8001701973812,1884.2625511743727,161.74781778740842,751.8150106451832
2023-03-10,,4.625,4.57,,,,,,1433.0799560546875,,,153.5620120803004,104.17035611517622,165.8431299388053,1872.5243972099815,161.26743080028047,734.8686778967395
2023-03-11,,4.625,4.57,,,,,,,,,,,,,,
2023-03-12,,4.625,4.57,3.515000104904175,26.520000457763672,4.517000198364258,103.5999984741211,80.7699966430664,,,,,,,,,
2023-03-13,,4.625,4.58,3.638000011444092,23.729999542236328,4.49429988861084,103.5999984741211,77.44999694824219,1421.8299560546875,,,153.9681511906796,105.31463589623624,166.85630623673632,1859.1071358410868,161.97028778688963,736.3502301611267
2023-03-14,,4.625,4.58,3.492000102996826,26.139999389648438,4.48199987411499,104.6500015258789,73.69000244140625,1393.8299560546875,,,150.15559016197696,103.59719366171281,164.90094974132504,1831.650209851667,159.87586189146677,714.4139663064312
2023-03-15,,4.625,4.58,3.5850000381469727,22.989999771118164,4.481299877166748,104.41999816894531,74.69999694824219,1403.9300537109375,,,151.69947932628202,104.40545100895484,166.84303706911706,1843.7648055562186,160.47992408628494,722.9817134136042
2023-03-16,,4.625,4.58,3.3949999809265137,25.510000228881836,4.5,103.70999908447266,72.97000122070312,1391.5999755859375,,,150.12492900341536,103.8559468328646,166.26871272101417,1841.8339178302986,159.76748263221415,788.9323147922549
2023-03-17,,4.625,4.58,,,,,,1411.72998046875,,,152.04144363431124,107.34777363115622,169.224121950432,1844.3069516554053,161.43897379546183,828.386399458156
2023-03-18,,4.625,4.58,,,,,,,,,,,,,,
2023-03-19,,4.625,4.58,3.4809999465942383,24.149999618530273,4.482999801635742,103.27999877929688,73.79000091552734,,,,,,,,,
2023-03-20,,4.625,4.58,3.6059999465942383,21.3799991607666,4.483500003814697,103.26000213623047,75.31999969482422,1401.81005859375,,,150.86457825073515,105.54177554922535,167.95344161172898,1862.2078440238724,160.23092651792442,824.727980276857
2023-03-21,,4.625,4.58,3.5,22.260000228881836,4.46999979019165,102.3499984741211,76.69000244140625,1406.550048828125,,,152.12621234700933,104.87566113089532,167.48579632959112,1860.3800733739884,159.82935189630837,848.0634496806324
2023-03-22,,4.625,4.58,3.4059998989105225,22.610000610351562,4.452499866485596,102.52999877929688,75.91000366210938,1412.0400390625,,,153.25650501407716,104.84207643136214,166.88038998260018,1871.41861234755,159.81730047439757,838.3014313400759
2023-03-23,,4.875,4.83,3.380000114440918,21.739999771118164,4.415500164031982,103.12000274658203,74.98999786376953,1410.97998046875,,,152.3576971055113,105.47380441447503,170.10353260395328,1898.3893065304962,160.65454816080583,869.1862337514856
2023-03-24,,4.875,4.83,,,,,,1399.699951171875,,,151.1609759878379,104.48455618966779,169.09217393372114,1894.7287545766385,158.25901671466116,838.7175541107373
2023-03-25,,4.875,4.83,,,,,,,,,,,,,,
2023-03-26,,4.875,4.83,3.5280001163482666,20.600000381469727,4.42549991607666,102.86000061035156,78.12000274658203,,,,,,,,,
2023-03-27,,4.875,4.83,3.563999891281128,19.969999313354492,4.418000221252441,102.43000030517578,78.6500015258789,1396.5999755859375,,,150.80027691422384,103.3612370004582,167.88659521533262,1879.364743614038,159.88430819420861,847.100319664214
2023-03-28,,4.875,4.83,3.565999984741211,19.1200008392334,4.40749979019165,102.63999938964844,78.27999877929688,1409.0899658203125,,,152.35037530642177,104.68718293449186,170.43197259750633,1880.5701033335104,161.60989050095503,853.193893710942
2023-03-29,,4.875,4.83,3.5510001182556152,19.020000457763672,4.419899940490723,102.13999938964844,79.2699966430664,1420.3499755859375,,,153.88126852149284,104.3220783302454,170.96711819989793,1886.3938709502208,161.99811489595203,874.5947834115706
2023-03-30,,4.875,4.83,3.49399995803833,18.700000762939453,4.420000076293945,102.51000213623047,79.7699966430664,1424.6099853515625,,,154.9461684731773,104.99518331781748,170.20315845770034,1918.8578369634597,163.12205513945446,865.8995991704106
2023-03-31,934.809681844592,4.875,4.83,,,,,,1422.5899658203125,3.9,,154.4604768706007,105.15752019592846,170.11998895336475,1928.227127446911,163.54483004414902,850.283402697484
2023-04-01,,4.875,4.83,,,,,,,,,,,,,,
2023-04-02,,4.875,4.83,3.430000066757202,18.549999237060547,4.4105000495910645,102.08999633789062,84.93000030517578,,,,,,,,,
2023-04-03,,4.875,4.83,3.3369998931884766,19.0,4.416999816894531,101.58999633789062,84.94000244140625,1433.3900146484375,,,154.964288846709,105.63454429649475,171.15472114663774,1972.2956754865318,165.36387627731594,875.8738015907031
2023-04-04,,4.875,4.83,3.2869999408721924,19.079999923706055,4.4039998054504395,101.8499984741211,84.98999786376953,1429.6099853515625,,,155.19708645121258,104.07122778495392,170.3670983879932,1971.4738506549086,165.784032260819,873.6507594337405
2023-04-05,,4.875,4.83,3.2880001068115234,18.399999618530273,4.396999835968018,101.81999969482422,85.12000274658203,1429.550048828125,,,155.26164261384815,104.71391127275594,171.0921286765461,1948.9105721516385,166.37880345997655,884.3648324316433
2023-04-06,,4.875,4.83,,,4.396500110626221,,,1424.8900146484375,,,154.58580482557645,104.32048244939133,169.91594141199573,1932.7411802370925,166.84968793578145,893.2548958954902
2023-04-07,,4.875,4.83,,,,,,1427.0400390625,,,153.40874561033942,104.63607289486481,170.7621648850157,1903.9120734415728,168.55974001050092,915.1484142368922
2023-04-08,,4.875,4.83,,,,,,,,,,,,,,
2023-04-09,,4.875,4.83,3.4149999618530273,18.969999313354492,4.4105000495910645,102.58000183105469,84.18000030517578,,,,,,,,,
2023-04-10,,4.875,4.83,3.434000015258789,19.100000381469727,4.410999774932861,102.19999694824219,85.61000061035156,1428.1300048828125,,,153.41973093549655,106.53545663026061,170.49352874460214,1919.601869478024,168.3508390374478,952.132751411236
2023-04-11,,4.875,4.83,3.4210000038146973,19.09000015258789,4.415999889373779,101.5,87.33000183105469,1435.8900146484375,,,154.41610223119994,106.89291748656564,170.68298153387,1935.954023659873,169.3667605591312,968.3840289217724
2023-04-12,,4.875,4.83,3.4519999027252197,17.799999237060547,4.409999847412109,101.01000213623047,86.08999633789062,1434.739990234375,,,154.82344481788036,107.26832694940687,170.4964596598681,1914.1271379230147,169.408823918426,952.9324061948494
2023-04-13,,4.875,4.83,3.5220000743865967,17.06999969482422,4.3979997634887695,101.55000305175781,86.30999755859375,1434.219970703125,,,154.10367942645732,107.52400875338598,170.84945540077317,1901.8874276918864,169.89149097445147,964.7642869609152
2023-04-14,,4.875,4.83,,,,,,1435.1300048828125,,,154.40003523646476,106.98322472275579,169.89505869700824,1922.6651305874334,170.38027759656526,951.7617689538531
2023-04-15,,4.875,4.83,,,,,,,,,,,,,,
2023-04-16,,4.875,4.83,3.5910000801086426,16.950000762939453,4.399499893188477,102.0999984741211,84.76000213623047,,,,,,,,,
2023-04-17,,4.875,4.83,3.572000026702881,16.829999923706055,4.41949987411499,101.75,84.7699966430664,1434.9000244140625,,,154.37818353345088,106.13210052272603,168.6694469196352,1909.544765978809,171.39744480096024,926.0384389157306
2023-04-18,,4.875,4.83,3.6019999980926514,16.459999084472656,4.432000160217285,101.97000122070312,83.12000274658203,1432.3599853515625,,,154.40997260404862,107.57182568024942,169.1604927777179,1912.1847254179431,170.19780642621623,925.8671527919098
2023-04-19,,4.875,4.83,3.5450000762939453,17.170000076293945,4.427499771118164,101.83999633789062,81.0999984741211,1425.0699462890625,,,153.92737400690567,107.03869834223238,168.2385025509094,1906.501459548899,167.59153291784804,908.5611814598615
2023-04-20,,4.875,4.83,3.569999933242798,16.770000457763672,4.435500144958496,101.81999969482422,81.66000366210938,1422.1099853515625,,,153.17457332493694,106.61832703685785,170.4041828656734,1885.628973206372,167.54697682607102,922.0546821078544
2023-04-21,,4.875,4.83,,,,,,,,,,,,,,
2023-04-22,,4.875,4.83,,,,,,,,,,,,,,
2023-04-23,,4.875,4.83,3.515000104904175,16.889999389648438,4.434999942779541,101.3499984741211,82.7300033569336,,,,,,,,,
2023-04-24,,4.875,4.83,3.3959999084472656,18.760000228881836,4.435299873352051,101.86000061035156,80.7699966430664,,,,,,,,,
2023-04-25,,4.875,4.83,3.431999921798706,18.84000015258789,4.442999839782715,101.47000122070312,77.69000244140625,1425.18994140625,,,152.5859880681052,109.30914935323666,170.0739405207523,1870.4340803011626,168.33055240620476,896.2145522369194
2023-04-26,,4.875,4.83,3.5280001163482666,17.030000686645508,4.454999923706055,101.5,78.37000274658203,1414.25,,,150.7488576381508,108.14351704133267,169.95827742279596,1863.6172392179913,168.33545955529158,903.4055194938828
2023-04-27,,4.875,4.83,3.4519999027252197,15.779999732971191,4.460000038146973,101.66999816894531,79.54000091552734,1418.050048828125,,,151.47311768927463,108.17986693641957,170.98108187921048,1851.8453163323911,167.37200632407,889.2765898708076
2023-04-28,,4.875,4.83,,,,,,1415.949951171875,,,151.14138436002773,107.06432651917315,172.33136948724973,1871.123518175752,168.38763452429671,895.403514314682
2023-04-29,,4.875,4.83,,,,,,,,,,,,,,
2023-04-30,834.628551223305,4.875,4.83,3.5739998817443848,16.079999923706055,4.458000183105469,102.1500015258789,79.30999755859375,,3.8,,,,,,,
2023-05-01,,4.875,4.83,3.438999891281128,17.780000686645508,4.458000183105469,101.95999908447266,75.31999969482422,,,,,,,,,
2023-05-02,,4.875,4.83,3.4030001163482666,18.34000015258789,4.461999893188477,101.33999633789062,72.33000183105469,1426.1099853515625,,,151.94499028792552,107.26430696024308,171.7593753457346,1889.4457771787136,170.15386512723728,911.7165410031769
2023-05-03,,4.875,4.83,3.3510000705718994,20.09000015258789,4.450500011444092,101.4000015258789,72.5,1425.989990234375,,3.0,151.8501673610546,108.80381070567529,171.97770359021513,1873.418567153829,168.9620261256777,911.9431282223582
2023-05-04,,5.125,5.08,3.446000099182129,17.190000534057617,4.451000213623047,101.20999908447266,75.30000305175781,,,,,,,,,
2023-05-05,,5.125,5.08,,,,,,1431.0400390625,,,153.91786816242558,108.46001986126113,171.1599327943786,1856.076943430368,168.67006560236993,900.3965038233275
2023-05-06,,5.125,5.08,,,,,,,,,,,,,,
2023-05-07,,5.125,5.08,3.5209999084472656,16.979999542236328,4.434500217437744,101.37000274658203,77.01000213623047,,,,,,,,,
2023-05-08,,5.125,5.08,3.5209999084472656,17.709999084472656,4.434999942779541,101.63999938964844,77.44000244140625,1433.739990234375,,,154.27653554229084,108.18249734506719,172.06222905066758,1855.8716123969493,168.92214893948216,872.3149669026991
2023-05-09,,5.125,5.08,3.438999891281128,16.940000534057617,4.447000026702881,101.4800033569336,76.41000366210938,1432.6300048828125,,,153.84777210402336,107.7564122618924,170.64421492175262,1833.8055187606808,169.441226505396,934.0667438445678
2023-05-10,,5.125,5.08,3.3970000743865967,16.93000030517578,4.447000026702881,102.05999755859375,74.9800033569336,1425.6800537109375,,,152.26880210617747,108.12698660637707,171.1324719085293,1853.7620116660175,170.58624301739692,928.076678408257
2023-05-11,,5.125,5.08,3.4630000591278076,17.030000686645508,4.462500095367432,102.68000030517578,74.16999816894531,1425.1800537109375,,,152.0488148106218,109.94682334702479,172.40559930198324,1809.523219369797,168.55919464827122,912.1515870605837
2023-05-12,,5.125,5.08,,,,,,1422.9200439453125,,,151.25329790077532,110.70658648972287,170.74294567656548,1793.0761046601588,166.6385429061797,912.73110096925
2023-05-13,,5.125,5.08,,,,,,,,,,,,,,
2023-05-14,,5.125,5.08,3.507999897003174,17.1200008392334,4.476500034332275,102.43000030517578,75.2300033569336,,,,,,,,,
2023-05-15,,5.125,5.08,3.5490000247955322,17.989999771118164,4.494999885559082,102.55999755859375,74.91000366210938,1417.3699951171875,,,151.17788274513063,109.41892980551195,171.9939917458559,1776.9223695071767,165.04132484396607,897.6277172283382
2023-05-16,,5.125,5.08,3.5810000896453857,16.8700008392334,4.492000102996826,102.87999725341797,76.95999908447266,1423.5,,,151.63893039737079,110.60203789842858,170.44181631620188,1778.183526162862,166.12012311631548,913.2620067257285
2023-05-17,,5.125,5.08,3.6480000019073486,16.049999237060547,4.519999980926514,103.58000183105469,75.86000061035156,1424.3399658203125,,,151.54980551998418,113.04919642257862,168.68570414563263,1789.795965865516,167.60549076739582,924.0513883124405
2023-05-18,,5.125,5.08,3.691999912261963,16.809999465942383,4.533999919891357,103.19999694824219,75.58000183105469,1428.0400390625,,,152.27168295823571,113.16603428181983,168.92478358474335,1799.761568246366,167.81286433038673,942.2878427986998
2023-05-19,,5.125,5.08,,,,,,1428.5400390625,,,152.61672712467944,112.57006796133895,168.77628515932673,1807.444047623743,167.2440427419029,959.348876956704
2023-05-20,,5.125,5.08,,,,,,,,,,,,,,
2023-05-21,,5.125,5.08,3.7190001010894775,17.209999084472656,4.535999774932861,103.19999694824219,75.98999786376953,,,,,,,,,
2023-05-22,,5.125,5.08,3.697999954223633,18.530000686645508,4.545499801635742,103.48999786376953,76.83999633789062,1419.0,,,151.37846011304626,112.96867389818905,168.93657716862776,1806.6813437409546,167.2369458074465,967.3434469286386
2023-05-23,,5.125,5.08,3.7190001010894775,20.030000686645508,4.566999912261963,103.88999938964844,78.36000061035156,1411.5400390625,,,150.64424121795165,111.92855720932593,167.9767058117009,1785.386032164396,166.65830006070757,957.3076595041284
2023-05-24,,5.125,5.08,3.813999891281128,19.139999389648438,4.589000225067139,104.20999908447266,76.26000213623047,1409.6199951171875,,,150.1803695540306,111.4349757917567,167.46393298639987,1804.5581219247179,166.8809582462529,947.3678872636995
2023-05-25,,5.125,5.08,3.809999942779541,17.950000762939453,4.623000144958496,104.20999908447266,76.94999694824219,1402.47998046875,,,149.59620334859986,108.43425420938726,166.76800281830518,1803.4001087768004,165.53767685862596,921.4689029196213
2023-05-26,,5.125,5.08,,,,,,1402.97998046875,,,149.23769365656787,107.69520214162436,166.58716021033882,1906.38378381134,165.86233054888606,943.6849292925112
2023-05-27,,5.125,5.08,,,,,,,,,,,,,,
2023-05-28,,5.125,5.08,,,4.598499774932861,,,,,,,,,,,
2023-05-29,,5.125,5.08,3.700000047683716,17.459999084472656,4.602499961853027,104.16999816894531,73.54000091552734,1404.9300537109375,,,149.12457446159678,108.6826084948758,166.25758659312913,1935.6722741409812,165.79125975406376,955.5793809567135
2023-05-30,,5.125,5.08,3.63700008392334,17.940000534057617,4.5980000495910645,104.31999969482422,72.66000366210938,1396.9100341796875,,,148.42785260527302,108.03638950432008,167.71207848852646,1928.561798086128,163.2764303623383,918.4085912333236
2023-05-31,768.955008548604,5.125,5.08,3.6080000400543213,15.649999618530273,4.61299991607666,103.55999755859375,74.27999877929688,1387.1199951171875,3.6,,147.67865319118764,104.40724230700602,167.3140932710235,1931.9832337609323,160.06356389179655,919.1694411094571
2023-06-01,,5.125,5.08,3.690999984741211,14.600000381469727,4.611000061035156,104.0199966430664,76.12999725341797,1383.010009765625,,,148.06103060560292,104.82922244562486,167.5859638405321,1943.2807182191166,158.86999888202567,924.110413376124
2023-06-02,,5.125,5.08,,,,,,1381.260009765625,,,146.7941909305531,105.5384406777037,167.60804385499023,1943.5315716717141,160.4962715895803,937.2039300515834
2023-06-03,,5.125,5.08,,,,,,,,,,,,,,
2023-06-04,,5.125,5.08,3.693000078201294,14.729999542236328,4.574999809265137,104.0,76.70999908447266,,,,,,,,,
2023-06-05,,5.125,5.08,3.6989998817443848,13.960000038146973,4.574999809265137,104.12999725341797,76.29000091552734,,,,,,,,,
2023-06-06,,5.125,5.08,3.7839999198913574,13.9399995803833,4.605000019073486,104.0999984741211,76.94999694824219,1383.1700439453125,,,147.89464080692733,107.75059804803722,168.89315866267748,1947.4745318504865,160.78724492419414,923.8643039994533
2023-06-07,,5.125,5.08,3.7139999866485596,13.649999618530273,4.605000019073486,103.33999633789062,75.95999908447266,1378.6500244140625,,,148.09669221409024,106.8895686043805,167.73840041704037,1937.8012741555665,162.4353403378493,933.1538106149243
2023-06-08,,5.125,5.08,3.744999885559082,13.829999923706055,4.617000102996826,103.55999755859375,74.79000091552734,1374.6400146484375,,,148.211767436296,106.49924568417295,167.34700422959781,1912.6933359041814,161.3685374432403,904.9489572248044
2023-06-09,,5.125,5.08,,,,,,1376.0799560546875,,,148.96042819976373,106.62640692340686,168.80219545090586,1945.0403082597575,160.17665869376614,894.7089341430064
2023-06-10,,5.125,5.08,,,,,,,,,,,,,,
2023-06-11,,5.125,5.08,3.765000104904175,15.010000228881836,4.611499786376953,103.62999725341797,71.83999633789062,,,,,,,,,
2023-06-12,,5.125,5.08,3.8389999866485596,14.609999656677246,4.617499828338623,103.33999633789062,74.29000091552734,1386.77001953125,,,150.1101674439287,108.49490661970518,169.5622740662824,1947.8329807121504,163.1787382078817,908.2135817682596
2023-06-13,,5.125,5.08,3.7960000038146973,13.880000114440918,4.613999843597412,103.01000213623047,73.19999694824219,1380.6099853515625,,,149.23330020524998,107.54125688843817,168.47234774265328,2015.785562405804,161.5855919344218,899.9570991709176
2023-06-14,,5.125,5.08,3.7279999256134033,14.5,4.61899995803833,102.12000274658203,75.66999816894531,1385.4200439453125,,,149.2484461352053,106.95511798046225,168.73349592248806,2059.1612012637775,162.37931308619758,920.9375845567264
2023-06-15,,5.125,5.07,3.7690000534057617,13.539999961853027,4.623499870300293,102.30000305175781,76.61000061035156,1381.72998046875,,,149.73884740669934,106.8545433360877,169.56373206330088,2036.1626306285675,161.52960078052155,909.7202575118874
2023-06-16,,5.125,5.08,,,,,,1388.6099853515625,,,149.62437725801178,105.10318514145025,169.14427056693023,2008.914963426792,161.672986038084,890.7641436674787
2023-06-17,,5.125,5.08,,,,,,,,,,,,,,
2023-06-18,,5.125,5.08,,,4.611999988555908,,,,,,,,,,,
2023-06-19,,5.125,5.08,3.7290000915527344,13.880000114440918,4.625,102.54000091552734,75.9000015258789,1387.3299560546875,,,151.09144172955283,107.5018499483269,168.83979513038082,2029.5926201447262,160.214238527037,840.1960843969277
2023-06-20,,5.125,5.07,3.7230000495910645,13.199999809265137,4.638000011444092,102.06999969482422,77.12000274658203,1388.3299560546875,,,151.8164287535785,107.57553075573287,169.3683925647039,2007.1006998103996,161.04244500197706,810.6727574882544
2023-06-21,,5.125,5.07,3.7990000247955322,12.90999984741211,4.644000053405762,102.38999938964844,74.13999938964844,1393.449951171875,,,153.8172433211781,107.05195470710105,169.91559411956868,2012.2128708709806,161.31935102551859,828.1441450968554
2023-06-22,,5.125,5.07,3.739000082015991,13.4399995803833,4.6479997634887695,102.9000015258789,73.8499984741211,1394.6700439453125,,,153.90937331583453,106.57229972400133,168.66548665984203,1998.3764506456573,159.8241028045271,817.0467442553
2023-06-23,,5.125,5.07,,,,,,1390.8900146484375,,,153.03352087564463,107.14413040526583,167.58368896033346,2005.9675097475135,158.63177023356064,814.685324522495
2023-06-24,,5.125,5.07,,,,,,,,,,,,,,
2023-06-25,,5.125,5.07,3.7190001010894775,14.25,4.673999786376953,102.69000244140625,74.18000030517578,,,,,,,,,
2023-06-26,,5.125,5.07,3.7679998874664307,13.739999771118164,4.671000003814697,102.48999786376953,72.26000213623047,1389.8800048828125,,,152.34129196055554,107.4445617335146,168.25600118003146,1989.5068841397126,159.8953335178267,797.8976184456382
2023-06-27,,5.125,5.07,3.7100000381469727,13.430000305175781,4.6620001792907715,102.91000366210938,74.02999877929688,1386.739990234375,,,151.87672750795045,107.43753241762172,168.34930713354487,1989.1358397451902,160.9997438275518,797.0505155141954
2023-06-28,,5.125,5.07,3.8540000915527344,13.539999961853027,4.669000148773193,103.33999633789062,74.33999633789062,1388.3699951171875,,,152.25596271883174,107.26871315075721,167.6772577334381,2000.4703429142762,159.42445869667213,790.6962735597351
2023-06-29,,5.125,5.07,3.819000005722046,13.59000015258789,4.669000148773193,102.91000366210938,74.9000015258789,,,,,,,,,
2023-06-30,844.977016726366,5.125,5.08,,,,,,1376.6800537109375,3.5,,150.52540169111126,106.09142607816563,169.49706137963489,2024.1340281679406,159.01553836730474,787.4313831135255
2023-07-01,,5.125,5.08,,,,,,,,,,,,,,
2023-07-02,,5.125,5.08,3.8580000400543213,13.569999694824219,4.664999961853027,102.98999786376953,74.6500015258789,,,,,,,,,
2023-07-03,,5.125,5.08,,,4.6645002365112305,,,1395.8900146484375,,,153.3876166800971,108.75125465155371,169.5209275859176,2023.1579910662695,161.07669147526704,814.4962049917875
2023-07-04,,5.125,5.08,3.944999933242798,14.180000305175781,4.649499893188477,103.37000274658203,76.6500015258789,1392.489990234375,,,153.10249370793633,108.6463175322302,168.61216470952533,2019.692824742074,159.91888945294804,818.7207390387275
2023-07-05,,5.125,5.08,4.040999889373779,15.4399995803833,4.650000095367432,103.16999816894531,76.5199966430664,1389.9000244140625,,,152.77568438874846,110.62635199541484,167.56483355305946,2011.2376709786672,158.85998210289503,818.7207390387275
2023-07-06,,5.125,5.08,4.050000190734863,14.829999923706055,4.659999847412109,102.2699966430664,78.47000122070312,1385.949951171875,,3.0,152.9850737222209,109.67418259861907,168.47395326083944,2008.3883871451494,158.52376459029676,811.0560977194764
2023-07-07,,5.125,5.08,,,,,,1377.6700439453125,,,151.7508993182821,108.33715973686766,168.11625298517583,2007.0241132265621,158.9521785574791,814.471087806948
2023-07-08,,5.125,5.08,,,,,,,,,,,,,,
2023-07-09,,5.125,5.08,4.00600004196167,15.069999694824219,4.666999816894531,101.97000122070312,77.69000244140625,,,,,,,,,
2023-07-10,,5.125,5.07,3.9800000190734863,14.84000015258789,4.668000221252441,101.7300033569336,79.4000015258789,1383.06005859375,,,152.176381311712,109.5335660999861,168.2270014758778,2012.967631815725,159.60938663353866,821.272465756171
2023-07-11,,5.125,5.08,3.8610000610351562,13.539999961853027,4.6554999351501465,100.5199966430664,80.11000061035156,1391.4599609375,,,152.91281740269557,111.4065021681051,167.27808789607124,2065.5151844742613,161.50367686874628,822.6166310510216
2023-07-12,,5.125,5.08,3.760999917984009,13.609999656677246,4.6479997634887695,99.7699966430664,81.36000061035156,1398.06005859375,,,153.0689631019617,111.28509209551507,168.54831124328726,2067.1399750673413,163.32079541498078,827.9511301144507
2023-07-13,,5.125,5.08,3.819000005722046,13.34000015258789,4.586999893188477,99.91000366210938,79.87000274658203,1396.22998046875,,,153.4160639025288,111.29474630873317,167.46871307243018,2070.871632261897,161.63615077675738,820.5977542807293
2023-07-14,,5.125,5.08,,,,,,1412.0899658203125,,,155.72274593147083,111.09387617222379,167.80499136642453,2170.161145475699,162.79267699913237,832.0595263497706
2023-07-15,,5.125,5.08,,,,,,,,,,,,,,
2023-07-16,,5.125,5.08,3.796999931335449,13.479999542236328,4.523499965667725,99.83999633789062,78.5,,,,,,,,,
2023-07-17,,5.125,5.08,3.7890000343322754,13.300000190734863,4.5370001792907715,99.94000244140625,79.62999725341797,1406.0999755859375,,,155.91972461876352,110.65001464319877,167.5002152601181,2224.441930089251,161.63925834432803,853.291281227126
2023-07-18,,5.125,5.08,3.742000102996826,13.760000228881836,4.539999961853027,100.27999877929688,79.45999908447266,1403.030029296875,,,154.66503406864948,111.35310187443088,167.2058028507412,2216.6932119538615,162.54334007867348,853.6405107046373
2023-07-19,,5.125,5.08,3.8540000915527344,13.989999771118164,4.539999961853027,100.87999725341797,79.63999938964844,,,,,,,,,
2023-07-20,,5.125,5.08,3.8369998931884766,13.600000381469727,4.539999961853027,101.06999969482422,81.06999969482422,1406.68994140625,,,154.67832176022262,112.24261223021767,166.9541440971741,2182.7187308965263,164.5989254224191,845.2418655360578
2023-07-21,,5.125,5.08,,,,,,1413.52001953125,,,155.48119826587626,114.23004234696552,166.2654225847397,2166.410945918459,164.12352522183326,823.5890816491099
2023-07-22,,5.125,5.08,,,,,,,,,,,,,,
2023-07-23,,5.125,5.08,3.8570001125335693,13.90999984741211,4.563499927520752,101.3499984741211,82.73999786376953,,,,,,,,,
2023-07-24,,5.125,5.08,3.9119999408721924,13.859999656677246,4.571000099182129,101.3499984741211,83.63999938964844,1424.68994140625,,,156.79652540780106,115.46887168359609,166.23112421585913,2167.9464766699934,164.3215574655975,829.2076652786316
2023-07-25,,5.125,5.08,3.8510000705718994,13.1899995803833,4.571000099182129,100.88999938964844,82.91999816894531,1436.7900390625,,,158.84887502353303,116.14763285563751,166.32046477696292,2163.6450334007336,167.02995739710104,836.5367466358027
2023-07-26,,5.125,5.08,4.01200008392334,14.40999984741211,4.550000190734863,101.7699966430664,84.23999786376953,1449.2900390625,,,159.84659554646748,116.76436772322576,165.73840684503145,2138.8892988358475,170.01165822060275,840.7616907176454
2023-07-27,,5.375,5.33,3.9690001010894775,13.329999923706055,4.51800012588501,101.62000274658203,84.98999786376953,1451.27001953125,,,160.37362214046613,116.96199286400673,165.5754406471016,2147.957698031351,168.50844452279273,842.2585311023349
2023-07-28,,5.375,5.33,,,,,,1450.3499755859375,,,160.7638268508019,115.66652662910646,166.32607009863406,2126.0935742134056,169.48019856558906,855.2805171875899
2023-07-29,,5.375,5.33,,,,,,,,,,,,,,
2023-07-30,,5.375,5.33,3.9590001106262207,13.630000114440918,4.552000045776367,101.86000061035156,85.55999755859375,,,,,,,,,
2023-07-31,823.608174534713,5.375,5.33,4.051000118255615,13.930000305175781,4.5279998779296875,102.30000305175781,84.91000366210938,1459.4300537109375,3.1,,161.81814420354496,116.23936744945762,165.8750162514488,2104.1350650059717,170.30492366487286,870.6469530506942
2023-08-01,,5.375,5.33,4.078000068664551,16.09000015258789,4.519499778747559,102.58999633789062,83.19999694824219,1451.239990234375,,,160.7004156756166,115.6054527537878,165.1757623912735,2119.383653945073,169.07711894025482,880.9741184214839
2023-08-02,,5.375,5.33,4.189000129699707,15.920000076293945,4.554500102996826,102.54000091552734,85.13999938964844,1444.56005859375,,,160.10687642554979,114.90927081907427,164.9328617167115,2115.9720649704436,167.80975765953056,862.8796322575466
2023-08-03,,5.375,5.33,4.059999942779541,17.100000381469727,4.541500091552734,102.0199966430664,86.23999786376953,1441.8499755859375,,,159.19427514435938,114.97600666088856,165.91572829112295,2154.093915628225,168.77050001344932,849.1425365132335
2023-08-04,,5.375,5.33,,,,,,1445.2099609375,,,160.0318747318377,114.52554793119656,164.84569972093993,2150.4763191094376,168.50731587041244,855.2077524617822
2023-08-05,,5.375,5.33,,,,,,,,,,,,,,
2023-08-06,,5.375,5.33,4.078000068664551,15.770000457763672,4.552499771118164,102.05000305175781,85.33999633789062,,,,,,,,,
2023-08-07,,5.375,5.33,4.026000022888184,15.989999771118164,4.55649995803833,102.52999877929688,86.16999816894531,1445.81005859375,,,160.415200168588,114.84948560340615,164.96960920995713,2144.5839633565133,168.63932206464,845.7054485415165
2023-08-08,,5.375,5.33,4.01200008392334,15.960000038146973,4.579999923706055,102.48999786376953,87.55000305175781,1451.0,,,161.619357794161,115.57539915000599,165.41175689136753,2142.487776604617,168.96993557709024,850.6605023124441
2023-08-09,,5.375,5.33,4.079999923706055,15.850000381469727,4.56850004196167,102.5199966430664,86.4000015258789,1462.030029296875,,,162.6709399971331,116.43584797018917,164.99411507300462,2164.3978471838386,169.9574208897576,849.9588305441771
2023-08-10,,5.375,5.33,4.168000221252441,14.84000015258789,4.569499969482422,102.83999633789062,86.80999755859375,1458.9300537109375,,,162.506849306356,114.84855612479348,165.77953453843926,2155.2160559575464,169.64805732647378,840.175140142721
2023-08-11,,5.375,5.33,,,,,,1457.1600341796875,,,162.27921426289726,114.53775497949819,164.80274063911614,2158.0882830469695,168.44631367935702,825.5083270177358
2023-08-12,,5.375,5.33,,,,,,,,,,,,,,
2023-08-13,,5.375,5.33,4.184000015258789,14.819999694824219,4.584499835968018,103.19000244140625,86.20999908447266,,,,,,,,,
2023-08-14,,5.375,5.33,4.2210001945495605,16.459999084472656,4.617000102996826,103.20999908447266,84.88999938964844,1457.0,,,162.414942300251,114.1938771226995,165.41594199561044,2159.9174391168576,169.0097281893921,814.8090142938019
2023-08-15,,5.375,5.33,4.257999897003174,16.780000686645508,4.632999897003174,103.41999816894531,83.44999694824219,1460.280029296875,,,163.6655797820288,112.55580317772234,166.1385198466756,2171.7638764867456,168.38518230250193,815.6220537783852
2023-08-16,,5.375,5.33,4.308000087738037,17.889999389648438,4.626999855041504,103.44000244140625,84.12000274658203,1463.510009765625,,,163.88663860599235,112.97680748327097,166.41673537316896,2136.0818413853062,168.92948021170363,809.9164741100051
2023-08-17,,5.375,5.33,4.250999927520752,17.299999237060547,4.650000095367432,103.37999725341797,84.80000305175781,1447.97998046875,,,162.2744729312342,110.24240445576912,166.4854322592406,2130.774683835798,168.02487065993944,799.1860638293601
2023-08-18,,5.375,5.33,,,,,,1446.0899658203125,,,161.20215727613595,112.03600941065844,165.35945131246135,2142.1811691533926,167.69712229809937,790.9470921271858
2023-08-19,,5.375,5.33,,,,,,,,,,,,,,
2023-08-20,,5.375,5.33,4.3420000076293945,17.1299991607666,4.644999980926514,103.33000183105469,84.45999908447266,,,,,,,,,
2023-08-21,,5.375,5.33,4.328000068664551,16.969999313354492,4.646500110626221,103.55999755859375,84.02999877929688,1450.5699462890625,,,161.75664487366603,112.89935812932302,165.63543225519513,2119.9828246979964,169.50561845358675,804.1028372441014
2023-08-22,,5.375,5.33,4.197999954223633,15.979999542236328,4.645999908447266,103.36000061035156,83.20999908447266,1451.530029296875,,,161.55378495502293,112.89259724791818,165.92029506683195,2151.393546439694,169.2361289424402,818.2090718145705
2023-08-23,,5.375,5.33,4.235000133514404,17.200000762939453,4.645999908447266,103.9800033569336,83.36000061035156,1440.1099853515625,,,160.78229661447153,111.08669671761501,165.7254738125385,2134.1749296953235,166.93569825826108,805.8504295578182
2023-08-24,,5.375,5.33,4.238999843597412,15.680000305175781,4.64300012588501,104.08000183105469,84.4800033569336,1444.6700439453125,,,160.90152438105622,111.89521638008839,166.25378372078276,2153.4262201414876,166.71668229555038,809.1397469363022
2023-08-25,,5.375,5.33,,,,,,1444.489990234375,,,161.24940268793125,110.7193360351242,167.27374639689447,2115.6541431511487,167.035140506812,804.2864251424717
2023-08-26,,5.375,5.33,,,,,,,,,,,,,,
2023-08-27,,5.375,5.33,4.211999893188477,15.079999923706055,4.637499809265137,104.05999755859375,84.41999816894531,,,,,,,,,
2023-08-28,,5.375,5.33,4.122000217437744,14.449999809265137,4.6519999504089355,103.55000305175781,85.48999786376953,1444.06005859375,,,161.03442207923575,110.39635185495027,166.07162679322144,2097.092160518271,167.34598105156505,815.0399511188438
2023-08-29,,5.375,5.33,4.118000030517578,13.880000114440918,4.64300012588501,103.16000366210938,85.86000061035156,1454.43994140625,,,162.64813623783638,110.5332780064401,166.69436945900472,2104.082622004342,170.54323522840676,796.233881721081
2023-08-30,,5.375,5.33,4.0929999351501465,13.569999694824219,4.637499809265137,103.62000274658203,86.86000061035156,1451.93994140625,,,163.94603761038533,110.64076272289903,166.6150378256478,2166.05032961079,169.98261095787973,779.5727372485482
2023-08-31,790.712155888081,5.375,5.33,4.172999858856201,13.09000015258789,4.637499809265137,104.23999786376953,88.55000305175781,,2.8,,,,,,,
2023-09-01,,5.375,5.33,,,,,,1463.4300537109375,,,165.38291196525725,110.73658384742096,166.6150378256478,2155.735769681151,172.9471956221939,772.460423088278
2023-09-02,,5.375,5.33,,,,,,,,,,,,,,
2023-09-03,,5.375,5.33,,,4.644999980926514,,,,,,,,,,,
2023-09-04,,5.375,5.33,4.26800012588501,14.010000228881836,4.652500152587891,104.80999755859375,90.04000091552734,1462.719970703125,,,165.6148778598375,110.78656483800478,166.90489613788498,2150.209017520184,171.68517203528674,776.13097481016
2023-09-05,,5.375,5.33,4.289999961853027,14.449999809265137,4.642499923706055,104.86000061035156,90.5999984741211,1454.8299560546875,,,164.52717207523867,109.72501537314412,166.98804532567723,2133.9792977025027,171.57833322801352,782.8098776841732
2023-09-06,,5.375,5.33,4.260000228881836,14.399999618530273,4.671999931335449,105.05999755859375,89.91999816894531,1460.6199951171875,,,165.50697371836148,109.6564505613031,168.0033416272141,2130.4552746461445,171.85895803019912,795.9902431162892
2023-09-07,,5.375,5.33,4.257999897003174,13.84000015258789,4.677000045776367,105.08999633789062,90.6500015258789,1460.0699462890625,,3.0,165.63976737203177,110.61398087896784,168.25261426504713,2095.3467555914517,172.7146377659796,823.8752225300077
2023-09-08,,5.375,5.33,,,,,,1454.949951171875,,,164.97818739038595,109.8635190482953,168.84957629760632,2042.2780392085529,172.3279331704312,809.1033981166166
2023-09-09,,5.375,5.33,,,,,,,,,,,,,,
2023-09-10,,5.375,5.33,4.288000106811523,13.800000190734863,4.673999786376953,104.56999969482422,90.63999938964844,,,,,,,,,
2023-09-11,,5.375,5.33,4.263999938964844,14.229999542236328,4.671999931335449,104.70999908447266,92.05999755859375,1455.0400390625,,,165.16241985521373,109.76804260673607,168.51255248718164,2059.6493800232106,173.84027003095116,809.9307372320914
2023-09-12,,5.375,5.33,4.249000072479248,13.479999542236328,4.675000190734863,104.7699966430664,91.87999725341797,1453.3900146484375,,,164.9457898452441,110.46169636298532,168.5065443746224,2052.278749824775,172.0991722073719,809.9307372320914
2023-09-13,,5.375,5.33,4.288000106811523,12.819999694824219,4.675000190734863,105.41000366210938,93.69999694824219,1453.5400390625,,,164.69299350092552,111.41306102680521,168.37989076424333,2048.971714624022,173.83525184932486,806.6147059968687
2023-09-14,,5.375,5.33,4.322000026702881,13.789999961853027,4.678999900817871,105.31999969482422,93.93000030517578,1449.5799560546875,,,165.05667643231845,111.97330979398762,168.13336062293527,2051.0798303803126,173.55400831019955,809.1655594873159
2023-09-15,,5.375,5.33,,,,,,1459.030029296875,,,166.62646719153864,113.32229999289525,166.4639719145611,2051.438694569198,174.8229551678359,812.2882610867666
2023-09-16,,5.375,5.33,,,,,,,,,,,,,,
2023-09-17,,5.375,5.33,4.318999767303467,14.0,4.68149995803833,105.19999694824219,94.43000030517578,,,,,,,,,
2023-09-18,,5.375,5.33,4.364999771118164,14.109999656677246,4.686500072479248,105.19999694824219,94.33999633789062,1457.989990234375,,,166.69151666990456,111.58030539920362,167.5656102841036,2031.3678796791794,175.40367261942197,806.4925660444762
2023-09-19,,5.375,5.33,4.348999977111816,15.140000343322754,4.693999767303467,105.16000366210938,93.52999877929688,1457.6600341796875,,,166.4706039085254,111.22202874605284,167.38930131171378,2023.0083637664234,176.57452720306438,803.1650151863317
2023-09-20,,5.375,5.33,4.480000019073486,17.540000915527344,4.683499813079834,105.36000061035156,93.30000305175781,1451.56005859375,,,166.47499034518933,111.69084819350789,167.69855743585512,2043.9383793949826,175.88474916945057,819.0455334926428
2023-09-21,,5.375,5.33,4.438000202178955,17.200000762939453,4.689000129699707,105.58000183105469,93.2699966430664,1448.2099609375,,,166.69418122884082,110.43642102587015,167.4159562171029,2047.1957962281792,175.44184942473296,806.7105305773465
2023-09-22,,5.375,5.33,,,,,,1450.22998046875,,,166.43733292173332,110.66694655008253,167.62016257041984,2044.840305450979,175.67766420391436,805.9231175266967
2023-09-23,,5.375,5.33,,,,,,,,,,,,,,
2023-09-24,,5.375,5.33,4.541999816894531,16.899999618530273,4.684999942779541,106.0,93.29000091552734,,,,,,,,,
2023-09-25,,5.375,5.33,4.558000087738037,18.940000534057617,4.683000087738037,106.2300033569336,93.95999908447266,1443.449951171875,,,165.61443869977046,110.17486783583796,167.12644454995927,2035.073393314333,175.21736596695806,795.1443786664761
2023-09-26,,5.375,5.33,4.625999927520752,18.219999313354492,4.6875,106.66999816894531,96.55000305175781,1445.550048828125,,,165.84615431452409,110.38176967293565,168.5517809106249,2024.203867084655,175.2461402593567,797.6448464821976
2023-09-27,,5.375,5.33,4.5970001220703125,17.34000015258789,4.705999851226807,106.22000122070312,95.37999725341797,1440.1099853515625,,,165.24879382850736,110.27173634102559,168.2713937513073,2021.8446639820804,173.90996180180548,790.1772905110671
2023-09-28,,5.375,5.33,4.572999954223633,17.520000457763672,4.705999851226807,106.16999816894531,95.30999755859375,,,,,,,,,
2023-09-29,,5.375,5.33,,,,,,1424.1700439453125,,,162.43512479783425,109.9229714726192,168.06132980301348,2028.276775786848,171.8372424750241,776.077004797969
2023-09-30,767.48133500497,5.375,5.33,,,,,,,2.5,,,,,,,
2023-10-01,,5.375,5.33,4.683000087738037,17.610000610351562,4.692800045013428,106.9000015258789,90.70999908447266,,,,,,,,,
2023-10-02,,5.375,5.33,4.802000045776367,19.780000686645508,4.7144999504089355,107.0,90.91999816894531,1418.760009765625,,,161.8895895839429,109.78376108751004,168.1978800080573,2010.7727637858347,171.2745963843951,792.6818187684671
2023-10-03,,5.375,5.33,4.735000133514404,18.579999923706055,4.7220001220703125,106.80000305175781,85.80999755859375,1420.010009765625,,,162.11286320111836,110.12576204512587,168.82772659826415,1990.9359710314102,170.26071810525787,788.5238968945963
2023-10-04,,5.375,5.33,4.7170000076293945,18.489999771118164,4.729000091552734,106.33000183105469,84.06999969482422,1415.8399658203125,,,161.63341028612916,109.42209368517652,167.36373895342626,1974.4078164061762,171.29331173822644,778.5730257216231
2023-10-05,,5.375,5.33,4.783999919891357,17.450000762939453,4.724999904632568,106.04000091552734,84.58000183105469,1415.5999755859375,,,161.78529932571215,109.41325613252344,168.8341235981584,1967.1456854071114,171.32714415740867,777.025904863984
2023-10-06,,5.375,5.33,,,,,,1416.8800048828125,,,161.8130738537054,109.46461840025378,168.16810463993775,1989.8370708750158,171.71742374121038,767.1804459012568
2023-10-07,,5.375,5.33,,,,,,,,,,,,,,
2023-10-08,,5.375,5.33,4.796999931335449,17.700000762939453,4.710999965667725,106.08000183105469,88.1500015258789,,,,,,,,,
2023-10-09,,5.375,5.33,4.65500020980835,17.030000686645508,4.729499816894531,105.83000183105469,87.6500015258789,1417.260009765625,,,161.99758129911154,109.78857655811379,168.20793213627837,1993.149878923338,172.53508434413186,768.0955294366987
2023-10-10,,5.375,5.33,4.59499979019165,16.09000015258789,4.723999977111816,105.81999969482422,85.81999969482422,1435.1700439453125,,,165.18495441554154,110.84307231062186,168.54168605111562,1999.455987316578,175.11304450199282,764.5259610394035
2023-10-11,,5.375,5.33,4.711999893188477,16.690000534057617,4.716000080108643,106.56999969482422,86.0,1436.489990234375,,,166.00957498028907,109.9428723735991,168.84038278370807,2006.891131393856,173.5683997536561,761.1434652565885
2023-10-12,,5.375,5.33,4.629000186920166,19.31999969482422,4.710000038146973,106.6500015258789,90.88999938964844,1443.8199462890625,,,167.56207879797304,109.1267192590474,168.84038278370807,2010.5724657718379,174.3984398342506,770.9128758252879
2023-10-13,,5.375,5.33,,,,,,1444.1400146484375,,,167.36633493547606,109.54149150178284,169.51038641179264,2013.6949303416081,175.13929454635408,771.7059770951923
2023-10-14,,5.375,5.33,,,,,,,,,,,,,,
2023-10-15,,5.375,5.33,4.711999893188477,17.209999084472656,4.72599983215332,106.23999786376953,89.6500015258789,,,,,,,,,
2023-10-16,,5.375,5.33,4.8470001220703125,17.8799991607666,4.733500003814697,106.25,89.9000015258789,1438.9599609375,,,166.87349214824917,108.72015630549359,169.84275843962405,2004.744766951221,176.171863273692,773.06047111422
2023-10-17,,5.375,5.33,4.9039998054504395,19.219999313354492,4.734000205993652,106.56999969482422,91.5,1444.1300048828125,,,167.13076681798105,110.11870901986096,170.09058139393224,2021.9704308455762,176.4324430998185,779.3775610528678
2023-10-18,,5.375,5.33,4.98799991607666,21.399999618530273,4.742000102996826,106.25,92.37999725341797,1446.5400390625,,,166.29077834785014,111.17805454597833,170.36239063464373,1999.7269555863386,177.76590348592686,774.1817131432372
2023-10-19,,5.375,5.33,4.923999786376953,21.709999084472656,4.762499809265137,106.16000366210938,92.16000366210938,1442.6600341796875,,,165.78759047533902,111.53585545458368,170.27997714630786,1998.262652507329,176.03438793626168,770.7762890135725
2023-10-20,,5.375,5.33,,,,,,1441.0400390625,,,166.6370193453699,110.83649715998112,169.86662884963016,2018.110400454223,174.09497400298898,765.5329156838043
2023-10-21,,5.375,5.33,,,,,,,,,,,,,,
2023-10-22,,5.375,5.33,4.8379998207092285,20.3700008392334,4.764999866485596,105.54000091552734,89.83000183105469,,,,,,,,,
2023-10-23,,5.375,5.33,4.840000152587891,18.969999313354492,4.764999866485596,106.2699966430664,88.06999969482422,1438.1199951171875,,,167.30070998536644,110.4742764696615,170.28102120151948,1996.386235935427,172.589328896284,755.2652462368126
2023-10-24,,5.375,5.33,4.953000068664551,20.190000534057617,4.787499904632568,106.52999877929688,90.12999725341797,1435.6500244140625,,,167.0435608862563,110.00456972749582,170.69436743994635,2031.4412785448135,172.6645153346071,750.6032650536608
2023-10-25,,5.375,5.33,4.84499979019165,20.68000030517578,4.7769999504089355,106.5999984741211,87.93000030517578,1442.510009765625,,,167.65915235580314,110.63721364438419,170.9446666196354,2030.0054732114706,174.0978167740496,757.4529131468967
2023-10-26,,5.375,5.33,4.84499979019165,21.270000457763672,4.78380012512207,106.55999755859375,90.4800033569336,1440.5999755859375,,,167.69527956779893,110.38691728761714,171.06211772612573,2019.5446170601979,173.85767411345026,760.0829724690642
2023-10-27,,5.375,5.33,,,,,,1441.9000244140625,,,167.69527956779893,110.60439111379894,170.3433781679035,1975.4044146942626,174.6219210826279,762.1927921625512
2023-10-28,,5.375,5.33,,,,,,,,,,,,,,
2023-10-29,,5.375,5.33,4.875,19.75,4.776000022888184,106.12000274658203,87.44999694824219,,,,,,,,,
2023-10-30,,5.375,5.33,4.875,18.139999389648438,4.760000228881836,106.66000366210938,87.41000366210938,1439.199951171875,,,167.56188411609097,110.83452296202678,170.8956690324526,1967.7794146009226,174.0903287183152,759.5462748364937
2023-10-31,795.987930507008,5.375,5.33,4.789000034332275,16.8700008392334,4.760000228881836,106.87999725341797,84.62999725341797,1442.1400146484375,2.5,,167.98086660935425,111.00342136109359,171.36359990531113,1972.4148600510102,175.59133352841133,767.970674667656
2023-11-01,,5.375,5.33,4.669000148773193,15.65999984741211,4.769000053405762,106.12000274658203,86.8499984741211,1435.3299560546875,,,167.74819620796444,110.80293629419518,171.32782448793847,1952.6020803013519,173.4345130516016,749.5734026816683
2023-11-02,,5.375,5.33,4.558000087738037,14.90999984741211,4.749000072479248,105.0199966430664,84.88999938964844,1439.77001953125,,3.0,168.0176717362842,111.19368269463081,172.37946996268101,1975.1118730158553,173.42123993151054,756.4446561117063
2023-11-03,,5.375,5.33,,,,,,1449.9300537109375,,,168.57093723436324,112.07859797488904,173.13385436077812,1979.0024104308968,174.29646224354852,770.9315670656076
2023-11-04,,5.375,5.33,,,,,,,,,,,,,,
2023-11-05,,5.375,5.33,4.6620001792907715,14.890000343322754,4.72599983215332,105.22000122070312,85.18000030517578,,,,,,,,,
2023-11-06,,5.375,5.33,4.571000099182129,14.8100004196167,4.632999897003174,105.54000091552734,81.61000061035156,1464.6700439453125,,,170.73153242154407,112.84003607331918,173.64377975085878,2017.9257536426323,174.9328126971431,783.2543708115793
2023-11-07,,5.375,5.33,4.5229997634887695,14.449999809265137,4.632999897003174,105.58999633789062,79.54000091552734,1463.3699951171875,,,170.84749549100533,111.93627281995171,174.53640440698715,1998.7085063079508,175.02128639085308,795.1653352092129
2023-11-08,,5.375,5.33,4.630000114440918,15.289999961853027,4.681300163269043,105.91000366210938,80.01000213623047,1457.5999755859375,,,169.865773420181,111.95412706863723,175.38513537646668,2002.289725159167,174.80185012415564,799.4512034633888
2023-11-09,,5.375,5.33,4.627999782562256,14.170000076293945,4.690000057220459,105.86000061035156,81.43000030517578,1452.27001953125,,,169.9639090175685,111.40038141742625,175.6356951335895,1992.2302008046624,173.66849578716653,796.921280738481
2023-11-10,,5.375,5.33,,,,,,1445.1800537109375,,,168.74850190565988,110.78785155642905,174.66198732139432,1985.338143079694,173.06433740565166,780.1572202922105
2023-11-11,,5.375,5.33,,,,,,,,,,,,,,
2023-11-12,,5.375,5.33,4.631999969482422,14.760000228881836,4.690000057220459,105.66000366210938,82.5199966430664,,,,,,,,,
2023-11-13,,5.375,5.33,4.440999984741211,14.15999984741211,4.705999851226807,104.11000061035156,82.47000122070312,,,,,,,,,
2023-11-14,,5.375,5.33,4.534999847412109,14.180000305175781,4.71750020980835,104.38999938964844,81.18000030517578,1451.719970703125,,,169.00912952974062,111.41024287502258,174.34084909765625,1993.6735355282938,174.06325541088472,774.8760638539057
2023-11-15,,5.375,5.33,4.445000171661377,14.319999694824219,4.670000076293945,104.37000274658203,77.41999816894531,1466.8399658203125,,,170.5567548659797,112.80467181982017,173.58550962116192,2012.9732250568154,175.81035585328354,780.6585080678976
2023-11-16,,5.375,5.33,4.440999984741211,13.800000190734863,4.670000076293945,103.81999969482422,80.61000061035156,1464.6800537109375,,,170.49511291752424,112.54888100733321,175.6013313992373,2000.476859338994,175.4464567001121,798.296254107282
2023-11-17,,5.375,5.33,,,,,,1460.6700439453125,,,170.43337390835424,112.32816411871589,175.85147604205278,1998.8850965828615,174.16022185388167,796.5896943922268
2023-11-18,,5.375,5.33,,,,,,,,,,,,,,
2023-11-19,,5.375,5.33,4.421999931335449,13.40999984741211,4.670000076293945,103.47000122070312,82.31999969482422,,,,,,,,,
2023-11-20,,5.375,5.33,4.418000221252441,13.350000381469727,4.662499904632568,103.58999633789062,82.44999694824219,1456.9200439453125,,,169.80862422966746,111.77463914771819,175.77655641315607,2025.5210780567104,174.54335642176096,800.1194825354115
2023-11-21,,5.375,5.33,4.415999889373779,12.850000381469727,4.650000095367432,103.91999816894531,81.95999908447266,1463.4000244140625,,,170.8115080543795,112.30291326954776,175.60527190771967,2045.6045228232938,176.20114923888804,814.2313455757899
2023-11-22,,5.375,5.33,,,4.67549991607666,,81.37000274658203,1455.8900146484375,,,170.5523326342896,111.25027556263196,175.1883517348139,2039.36735741304,174.12432743136773,823.5407550344493
2023-11-23,,5.375,5.33,4.4720001220703125,12.460000038146973,4.676499843597412,103.4000015258789,80.58000183105469,1453.2900390625,,,170.19427382881253,110.92417146539353,174.72344063276944,2005.6373150385791,173.114643609017,848.1365257630408
2023-11-24,,5.375,5.33,,,,,,1453.9200439453125,,,170.02739363622126,110.7674203787832,175.02621043411233,2009.9600699110997,173.21219418651933,853.5932853850217
2023-11-25,,5.375,5.33,,,,,,,,,,,,,,
2023-11-26,,5.375,5.33,4.388999938964844,12.6899995803833,4.683000087738037,103.19999694824219,79.9800033569336,,,,,,,,,
2023-11-27,,5.375,5.33,4.335999965667725,12.6899995803833,4.682000160217285,102.75,81.68000030517578,1448.1500244140625,,,169.7069879894436,111.36484529749622,174.81429347557707,1997.3574099837986,170.27160850639228,843.2342279949867
2023-11-28,,5.375,5.33,4.270999908447266,12.979999542236328,4.670499801635742,102.7699966430664,83.0999984741211,1448.02001953125,,,168.68904460767575,112.49947971301381,173.93715204523528,1992.1835291577422,170.58396857598962,851.0850275955468
2023-11-29,,5.375,5.33,4.3520002365112305,12.920000076293945,4.670499801635742,103.5,82.83000183105469,1446.0699462890625,,,168.49741091780476,112.8320682328256,174.73320792193078,1979.3953657546626,170.48134490818572,835.6816671270918
2023-11-30,783.343965701014,5.375,5.33,4.22599983215332,12.630000114440918,4.6570000648498535,103.2699966430664,78.87999725341797,1452.739990234375,2.4,,168.62162579184832,113.44895791586251,174.77881944868108,2001.5078526006646,172.13494543576877,803.6983858230643
2023-12-01,,5.375,5.33,,,,,,1456.3800048828125,,,170.59875475797526,112.1540797468524,174.9039898263302,1992.7470904804225,171.9760055609265,816.131966689405
2023-12-02,,5.375,5.33,,,,,,,,,,,,,,
2023-12-03,,5.375,5.33,4.288000106811523,13.079999923706055,4.670499801635742,103.63999938964844,78.02999877929688,,,,,,,,,
2023-12-04,,5.375,5.33,4.171000003814697,12.850000381469727,4.670000076293945,104.05000305175781,77.19999694824219,1451.02001953125,,,170.17077350094561,112.25810592823959,176.1393004764186,1975.0123371264572,171.36459254264133,808.6810842103798
2023-12-05,,5.375,5.33,4.120999813079834,12.970000267028809,4.6620001792907715,104.1500015258789,74.30000305175781,1449.4599609375,,,169.5417784430268,112.31692168736731,176.1393004764186,1981.7041484074102,171.78052789324948,818.5430443164585
2023-12-06,,5.375,5.33,4.129000186920166,13.0600004196167,4.666500091552734,103.54000091552734,74.05000305175781,1445.8199462890625,,,169.47906067315404,112.0011081988826,176.17873227135763,1984.4635587291946,171.54000440537746,814.6451551107074
2023-12-07,,5.375,5.33,4.244999885559082,12.350000381469727,4.671999931335449,104.01000213623047,75.83999633789062,1442.8499755859375,,,169.77299892753578,111.45482978768683,176.1303474721968,1988.9544795141308,169.83769668524985,804.6584159116362
2023-12-08,,5.375,5.33,,,,,,1441.969970703125,,,169.69574712469264,111.60601828978707,175.87979691481993,1995.831632905357,169.70534192887195,801.4053755257048
2023-12-09,,5.375,5.33,,,,,,,,,,,,,,
2023-12-10,,5.375,5.33,4.238999843597412,12.630000114440918,4.662499904632568,104.0999984741211,76.02999877929688,,,,,,,,,
2023-12-11,,5.375,5.33,4.205999851226807,12.069999694824219,4.679999828338623,103.87000274658203,73.23999786376953,1446.3900146484375,,,170.08814419808104,111.912404539402,176.21481265327873,2000.7904037033454,170.69138158334823,807.2176993145878
2023-12-12,,5.375,5.33,4.0329999923706055,12.1899995803833,4.682000160217285,102.87000274658203,74.26000213623047,1447.1199951171875,,,170.31151772581384,112.04115374666385,175.61310107106408,2004.6586504516326,170.0877529208798,798.9914009821996
2023-12-13,,5.375,5.33,3.930000066757202,12.479999542236328,4.697500228881836,101.95999908447266,76.61000061035156,1448.0400390625,,,170.4450974374724,112.50296047808266,176.67943980153973,2015.386568955582,171.04827203784112,839.1922064409628
2023-12-14,,5.375,5.33,3.927999973297119,12.279999732971191,4.670000076293945,102.55000305175781,76.55000305175781,1456.260009765625,,,171.0495475909631,112.68019633499698,176.63797040747545,2016.366599395929,172.28384178579478,864.6634258687969
2023-12-15,,5.375,5.33,,,,,,1462.449951171875,,,171.0633923618483,113.42594941178248,178.38357241986262,2017.7218230258834,175.14635996117508,861.452588191459
2023-12-16,,5.375,5.33,,,,,,,,,,,,,,
2023-12-17,,5.375,5.33,3.9539999961853027,12.5600004196167,4.670000076293945,102.51000213623047,77.94999694824219,,,,,,,,,
2023-12-18,,5.375,5.33,3.921999931335449,12.529999732971191,4.691500186920166,102.16999816894531,79.2300033569336,1465.280029296875,,,172.66847501466364,112.9834067215156,177.59093507822567,2025.7982946212355,175.10621848186153,885.7992602192287
2023-12-19,,5.375,5.33,3.877000093460083,13.670000076293945,4.682000160217285,102.41000366210938,79.69999694824219,1465.6700439453125,,,172.60204577867546,112.26407458053826,177.50826292020162,2026.7361621947102,174.37972543149854,876.5721886342621
2023-12-20,,5.375,5.33,3.8940000534057617,13.649999618530273,4.656000137329102,101.83999633789062,79.38999938964844,1464.56005859375,,,171.69365204535487,112.21143090553518,177.76952854896567,2034.923509588792,174.55060371756204,856.6605087840704
2023-12-21,,5.375,5.33,3.9010000228881836,13.029999732971191,4.6529998779296875,101.69999694824219,79.06999969482422,1455.5799560546875,,,169.55079942441392,112.78047255176568,177.0446903707281,2046.5211495493982,174.4109218659413,869.0893637865943
2023-12-22,,5.375,5.33,,,,,,1454.3800048828125,,,169.28607906501873,112.90318574841575,176.99209185678237,2057.7491211986785,174.43859427290323,864.441829321667
2023-12-23,,5.375,5.33,,,,,,,,,,,,,,
2023-12-24,,5.375,5.33,,,4.6529998779296875,,,,,,,,,,,
2023-12-25,,5.375,5.33,3.885999917984009,12.989999771118164,4.629499912261963,101.47000122070312,81.06999969482422,,,,,,,,,
2023-12-26,,5.375,5.33,3.7890000343322754,12.430000305175781,4.636000156402588,100.98999786376953,79.6500015258789,1450.780029296875,,,168.9587248829668,112.57956923950616,176.6916742700796,2059.2494995406014,174.09098831444834,859.4153206323269
2023-12-27,,5.375,5.33,3.8499999046325684,12.470000267028809,4.626999855041504,101.2300033569336,78.38999938964844,1454.219970703125,,,169.34977982593767,112.90179445133796,175.61700820439958,2063.803989107119,174.66213681634528,860.3124363037252
2023-12-28,,5.375,5.33,3.865999937057495,12.449999809265137,4.605000019073486,101.33000183105469,77.04000091552734,1457.4100341796875,,,170.20099695663836,113.00143236306847,175.9322187472544,2068.579878873026,174.37352576550825,856.5329646548763
2023-12-29,,5.375,5.33,,,,,,1454.6600341796875,,,170.30334530643347,112.58523361664055,176.64823627451491,2069.770081366694,173.49228125268806,851.8267137845031
2023-12-30,,5.375,5.33,,,,,,,,,,,,,,
2023-12-31,815.364421600749,5.375,5.33,,,4.59250020980835,,,,2.0,,,,,,,
2024-01-01,,5.375,5.33,3.946000099182129,13.199999809265137,4.59250020980835,102.19999694824219,75.88999938964844,,,,,,,,,
2024-01-02,,5.375,5.33,3.9070000648498535,14.039999961853027,4.60099983215332,102.45999908447266,78.25,1453.0999755859375,,,170.26555082227918,111.74373457706979,177.12379455737866,2045.8735421827669,172.90786090004806,860.9865078236247
2024-01-03,,5.375,5.33,3.990999937057495,14.130000114440918,4.60099983215332,102.41999816894531,77.58999633789062,1462.3699951171875,,,170.52516584996414,112.47243482368698,178.43138450067156,2035.1663908046191,174.27638483793146,898.8223347927127
2024-01-04,,5.375,5.33,4.041999816894531,13.350000381469727,4.632999897003174,102.41000366210938,78.76000213623047,1477.260009765625,,,172.16825356046786,112.97153429522673,178.25277221594274,2039.5973968786,173.2482979074669,891.9688848415733
2024-01-05,,5.375,5.33,,,,,,1487.6099853515625,,,173.37628931033066,112.44012482064124,178.67156267714185,2070.0244106395376,172.36992047013112,895.6546937217413
2024-01-06,,5.375,5.33,,,,,,,,,,,,,,
2024-01-07,,5.375,5.33,4.001999855041504,13.079999923706055,4.6519999504089355,102.20999908447266,76.12000274658203,,,,,,,,,
2024-01-08,,5.375,5.33,4.019000053405762,12.760000228881836,4.64900016784668,102.56999969482422,77.58999633789062,1495.699951171875,,,174.0656586856209,113.21770511142365,178.72429637039198,2082.9882943359353,172.5084216742972,899.3254107920317
2024-01-09,,5.375,5.33,4.03000020980835,12.6899995803833,4.640999794006348,102.36000061035156,76.80000305175781,1498.8299560546875,,,174.91349148145713,113.30407127780742,178.6912115122,2087.1731565347086,171.2140634493607,887.8730411125244
2024-01-10,,5.375,5.33,3.9769999980926514,12.4399995803833,4.640999794006348,102.29000091552734,77.41000366210938,1486.8599853515625,,,172.2465689326831,112.72754245064031,177.96508390284453,2124.712438975047,170.65153888975053,879.1067869274862
2024-01-11,,5.375,5.33,3.950000047683716,12.699999809265137,4.643499851226807,102.4000015258789,78.29000091552734,1483.0,,,172.11335578921535,113.62948722006001,178.6927078810757,2178.071406842603,169.61144243451304,871.9304463266207
2024-01-12,,5.375,5.33,,,,,,1487.3399658203125,,,172.20657511082953,112.81608702188434,178.6927078810757,2160.8359218130113,170.1655339049666,869.1015332445044
2024-01-13,,5.375,5.33,,,,,,,,,,,,,,
2024-01-14,,5.375,5.33,,,4.644499778747559,,,,,,,,,,,
2024-01-15,,5.375,5.33,4.065999984741211,13.84000015258789,4.666999816894531,103.36000061035156,78.29000091552734,1501.1099853515625,,,173.9099618488303,114.43353380393562,181.31918532066194,2169.0334707967395,170.76652032603116,876.1007020594456
2024-01-16,,5.375,5.33,4.105999946594238,14.789999961853027,4.644000053405762,103.44999694824219,77.87999725341797,1493.8699951171875,,,173.87889456460545,114.0715695618995,179.80865957058683,2154.167775986779,169.86020239661553,883.5063498937722
2024-01-17,,5.375,5.33,4.144000053405762,14.130000114440918,4.715000152587891,103.54000091552734,79.0999984741211,1491.2099609375,,,173.87486482278226,114.24207505300126,179.41738752674473,2143.282194836274,167.89593018832267,858.3786504834437
2024-01-18,,5.375,5.33,4.145999908447266,13.300000190734863,4.715000152587891,103.29000091552734,78.55999755859375,1479.1800537109375,,,172.28472977395418,113.31973951169996,179.07367911619417,2138.1838028272264,167.3816191722283,852.4677037133124
2024-01-19,,5.375,5.33,,,,,,1486.3699951171875,,,173.55814086333058,113.92484299059727,179.08892439243584,2175.431103241601,168.4108680936382,849.8093450925005
2024-01-20,,5.375,5.33,,,,,,,,,,,,,,
2024-01-21,,5.375,5.33,4.093999862670898,13.1899995803833,4.711999893188477,103.33000183105469,80.05999755859375,,,,,,,,,
2024-01-22,,5.375,5.33,4.142000198364258,12.550000190734863,4.723999977111816,103.62000274658203,79.55000305175781,1491.18994140625,,,172.91194324479972,113.65113231708403,180.10299686760968,2176.6703380172276,168.09886458992224,856.8911005083306
2024-01-23,,5.375,5.33,4.177999973297119,13.140000343322754,4.723999977111816,103.23999786376953,80.04000091552734,1496.1099853515625,,,174.03926143395313,113.56619404818974,179.44815266151406,2178.8057192494475,169.15001545893625,846.6297950464188
2024-01-24,,5.375,5.33,4.131999969482422,13.449999809265137,4.726500034332275,103.56999969482422,82.43000030517578,1504.0999755859375,,3.0,175.33347608225918,114.20688826865029,178.85390000643048,2151.7257829704195,169.74761364722056,856.0943186758557
2024-01-25,,5.375,5.33,4.159999847412109,13.260000228881836,4.729000091552734,103.47000122070312,83.55000305175781,,,,,,,,,
2024-01-26,,5.375,5.33,,,,,,1506.280029296875,,,176.16334903381218,113.53285256497014,178.79172246859562,2144.726923498453,169.53218972806476,860.0414028500464
2024-01-27,,5.375,5.33,,,,,,,,,,,,,,
2024-01-28,,5.375,5.33,4.091000080108643,13.600000381469727,4.724999904632568,103.61000061035156,82.4000015258789,,,,,,,,,
2024-01-29,,5.375,5.33,4.059000015258789,13.3100004196167,4.73199987411499,103.4000015258789,82.87000274658203,1515.3900146484375,,,177.65912582699082,115.29780305956257,180.33190339774848,2147.609651712192,169.10821672750856,861.7163455539513
2024-01-30,,5.375,5.33,3.9670000076293945,14.350000381469727,4.725500106811523,103.2699966430664,81.70999908447266,1512.75,,,177.58902142598643,114.68050087806994,180.67136384379768,2165.3079578541874,170.1597219128126,856.9344057129415
2024-01-31,825.08902614383,5.375,5.33,3.86299991607666,13.880000114440918,4.7270002365112305,103.05000305175781,78.69999694824219,1512.97998046875,1.9,,177.6777828088483,114.24600824478277,181.98161004615295,2122.0797478751365,170.14395508187903,860.6895523335792
2024-02-01,,5.375,5.33,4.0329999923706055,13.850000381469727,4.725599765777588,103.91999816894531,77.33000183105469,,,,,,,,,
2024-02-02,,5.375,5.33,,,,,,1516.5799560546875,,,178.72909425712956,114.3154537838025,182.2285392204992,2121.89684736343,170.6529514383858,850.2048184262327
2024-02-03,,5.375,5.33,,,,,,,,,,,,,,
2024-02-04,,5.375,5.33,4.164000034332275,13.670000076293945,4.715000152587891,104.44999694824219,77.98999786376953,,,,,,,,,
2024-02-05,,5.375,5.33,4.090000152587891,13.0600004196167,4.747799873352051,104.18000030517578,78.58999633789062,1511.3399658203125,,,178.3325473400655,114.06748800115207,181.06257000107712,2104.42975007852,170.0063522970237,857.5430922907199
2024-02-06,,5.375,5.33,4.110000133514404,12.829999923706055,4.763000011444092,104.04000091552734,79.20999908447266,1512.97998046875,,,177.80834702021463,114.30201391660377,182.5534101093214,2124.7297967343075,171.4970937030568,843.3301179097795
2024-02-07,,5.375,5.33,4.170000076293945,12.789999961853027,4.758999824523926,104.1500015258789,81.62999725341797,1513.1099853515625,,,177.58557457505216,114.16409431169122,182.98251379511123,2121.2986628528092,169.95702040789368,830.8389587781353
2024-02-08,,5.375,5.33,4.186999797821045,12.930000305175781,4.767499923706055,104.08000183105469,82.19000244140625,1512.3599853515625,,,177.41118158369903,114.77816400910082,184.290063794145,2139.114088361155,170.04230216303645,829.0484448927389
2024-02-09,,5.375,5.33,,,,,,1512.280029296875,,,176.76084641444896,114.80218304647956,185.2149176383779,2149.735106869508,169.71418563048616,829.9456616413979
2024-02-10,,5.375,5.33,,,,,,,,,,,,,,
2024-02-11,,5.375,5.33,4.171999931335449,13.930000305175781,4.762499809265137,104.16999816894531,82.0,,,,,,,,,
2024-02-12,,5.375,5.33,4.315999984741211,15.850000381469727,4.762499809265137,104.95999908447266,82.7699966430664,,,,,,,,,
2024-02-13,,5.375,5.33,4.267000198364258,14.380000114440918,4.763999938964844,104.72000122070312,81.5999984741211,1531.3699951171875,,,180.01118962749644,116.47776457267862,183.85173789405948,2163.3596504178768,171.881272823887,837.323450045014
2024-02-14,,5.375,5.33,4.239999771118164,14.010000228881836,4.7829999923706055,104.30000305175781,82.86000061035156,1529.3299560546875,,,180.04088158916005,115.61945383683083,183.76903874220366,2139.6427146017563,172.91270415367825,834.2719036596552
2024-02-15,,5.375,5.33,4.295000076293945,14.239999771118164,4.7779998779296875,104.27999877929688,83.47000122070312,1528.3800048828125,,,179.8102608152154,114.82348209803628,183.9636792195013,2158.285755297257,172.9903217588049,832.4582239950201
2024-02-16,,5.375,5.33,,,,,,1533.550048828125,,,180.74580102998942,115.504917499577,186.00619826949074,2149.1102368418656,174.22031976409284,832.8722868711272
2024-02-17,,5.375,5.33,,,,,,,,,,,,,,
2024-02-18,,5.375,5.33,,,4.777500152587891,,,,,,,,,,,
2024-02-19,,5.375,5.33,4.275000095367432,15.420000076293945,4.7845001220703125,104.08000183105469,82.33999633789062,1538.6099853515625,,,181.1167279896683,115.37426288281152,185.97216263774496,2148.7797780988003,175.76811049215436,834.1591278040713
2024-02-20,,5.375,5.33,4.324999809265137,15.34000015258789,4.796299934387207,104.01000213623047,83.02999877929688,1555.5899658203125,,,182.5888769510023,115.99402503527168,184.85446717351647,2169.5674316732066,178.1932007992359,842.7808086672369
2024-02-21,,5.375,5.33,4.327000141143799,14.539999961853027,4.792500019073486,103.95999908447266,83.66999816894531,1552.4000244140625,,,182.8413630551484,116.06991573977447,184.47430654055415,2187.4474030727583,177.4651703594175,836.2869847408708
2024-02-22,,5.375,5.33,4.260000228881836,13.75,4.775000095367432,103.94000244140625,81.62000274658203,1545.489990234375,,,182.08720141629723,116.44008694410208,183.7274504437639,2285.748818722775,177.39111143722735,847.5158857766528
2024-02-23,,5.375,5.33,,,,,,1549.1099853515625,,,182.34091793431372,114.80587309324994,184.62830767246757,2265.7922016097123,176.4049660325194,832.2187581226173
2024-02-24,,5.375,5.33,,,,,,,,,,,,,,
2024-02-25,,5.375,5.33,4.298999786376953,13.739999771118164,4.7729997634887695,103.83000183105469,82.52999877929688,,,,,,,,,
2024-02-26,,5.375,5.33,4.315000057220459,13.430000305175781,4.775000095367432,103.83000183105469,83.6500015258789,1547.5999755859375,,,182.13166140806098,112.76552372944649,185.471354843194,2196.5935741748476,176.3526917272132,806.797916884973
2024-02-27,,5.375,5.33,4.27400016784668,13.84000015258789,4.760000228881836,103.9800033569336,83.68000030517578,1558.800048828125,,,182.45661097372223,113.60929017900486,185.91302395899768,2225.022958161096,177.20510359676896,806.9647868234183
2024-02-28,,5.375,5.33,4.251999855041504,13.399999618530273,4.766499996185303,104.16000366210938,83.62000274658203,1545.5899658203125,,,181.72379757823614,113.10865395028631,185.14576003180093,2208.288324430254,175.89842839251062,803.5236135245069
2024-02-29,898.453367981277,5.375,5.33,4.179999828338623,13.109999656677246,4.742000102996826,103.86000061035156,83.55000305175781,1551.43994140625,1.8,,181.72359324010782,113.73456274174939,185.536639625734,2221.377651773442,176.76843832090557,796.375929018427
2024-03-01,,5.375,5.33,,,,,,1538.02001953125,,,179.5391946342857,113.4033366143693,184.07183190087417,2202.3400887576013,174.70154289729868,795.5250787942042
2024-03-02,,5.375,5.33,,,,,,,,,,,,,,
2024-03-03,,5.375,5.33,4.218999862670898,13.489999771118164,4.743000030517578,103.83000183105469,82.80000305175781,,,,,,,,,
2024-03-04,,5.375,5.33,4.13700008392334,14.460000038146973,4.7210001945495605,103.80000305175781,82.04000091552734,1539.27001953125,,,180.70390764627203,114.71928433907179,182.85281297326077,2191.6198090827065,174.55622315598544,792.202800823507
2024-03-05,,5.375,5.33,4.104000091552734,14.5,4.732500076293945,103.37000274658203,82.95999908447266,1536.97998046875,,,181.91940723872787,112.08915168676323,183.19372466626677,2220.0702474940895,174.28319258076525,786.954026426545
2024-03-06,,5.375,5.33,4.0920000076293945,14.4399995803833,4.730000019073486,102.81999969482422,82.95999908447266,1531.510009765625,,,181.51589922363925,112.52014431385524,182.44421834183967,2179.376126224311,174.22077147745364,780.3629085674439
2024-03-07,,5.375,5.33,4.089000225067139,14.739999771118164,4.730000019073486,102.73999786376953,82.08000183105469,1535.8299560546875,,3.0,181.985423626184,112.81794035609099,183.42089573473615,2188.159315497018,174.2152715402173,779.6507282853073
2024-03-08,,5.375,5.33,,,,,,1539.8599853515625,,,183.36656081891078,114.09841677032986,182.6227840603344,2184.5220998454356,173.21832903309405,778.0576799903201
2024-03-09,,5.375,5.33,,,,,,,,,,,,,,
2024-03-10,,5.375,5.33,4.104000091552734,15.220000267028809,4.682000160217285,102.87000274658203,82.20999908447266,,,,,,,,,
2024-03-11,,5.375,5.33,4.15500020980835,13.84000015258789,4.681000232696533,102.95999908447266,81.91999816894531,1544.7099609375,,,184.13168684682003,113.83772665046139,183.29172483671138,2176.366078393811,174.0689900955354,792.2843120292059
2024-03-12,,5.375,5.33,4.191999912261963,13.75,4.675099849700928,102.79000091552734,84.02999877929688,1554.56005859375,,,184.79703064100056,114.81116451935401,184.03883885642614,2190.470106475074,174.79216783638995,802.2326423953123
2024-03-13,,5.375,5.33,4.297999858856201,14.399999618530273,4.685999870300293,103.36000061035156,85.41999816894531,1538.1300048828125,,,185.4070564269906,112.70697472599642,184.07742587817637,2189.89430070782,172.56680103372898,808.6363007301359
2024-03-14,,5.375,5.33,4.303999900817871,14.40999984741211,4.685999870300293,103.43000030517578,85.33999633789062,1543.75,,,185.74624216797932,114.07661930683246,184.05379757479915,2190.6760242686737,173.2255758230069,809.6712139260777
2024-03-15,,5.375,5.33,,,,,,1552.8299560546875,,,188.30181221313177,113.7734253020801,184.25283652232258,2181.399080057129,173.30467869365606,795.8113224633707
2024-03-16,,5.375,5.33,,,,,,,,,,,,,,
2024-03-17,,5.375,5.33,4.340000152587891,14.329999923706055,4.702000141143799,103.58000183105469,86.88999938964844,,,,,,,,,
2024-03-18,,5.375,5.33,4.296999931335449,13.819999694824219,4.716000080108643,103.80999755859375,87.37999725341797,1553.6400146484375,,,189.23421137633034,113.61828277829242,184.00438699719186,2177.780727611169,173.28458575597293,800.003469921922
2024-03-19,,5.375,5.33,4.2729997634887695,13.039999961853027,4.730000019073486,103.41000366210938,85.94999694824219,1544.9599609375,,,188.0608063958377,113.21890233953316,184.41602998043007,2198.050307107216,172.89211743010446,787.3554728571442
2024-03-20,,5.375,5.33,4.270999908447266,12.920000076293945,4.738500118255615,104.0,85.77999877929688,1535.7900390625,,,185.72238083229425,113.65360034718518,182.68545110102508,2206.1034265823882,173.68042311732643,820.3968421948916
2024-03-21,,5.375,5.33,4.2179999351501465,13.0600004196167,4.712299823760986,104.43000030517578,85.43000030517578,1541.4100341796875,,,185.9697351322479,115.19538880918383,181.87889238773062,2231.692139830925,173.81063366935362,799.820888259654
2024-03-22,,5.375,5.33,,,,,,1542.3900146484375,,,186.52317247103386,114.75669431701886,182.58701965455967,2276.0418187195164,172.9511881012236,788.2797039322617
2024-03-23,,5.375,5.33,,,,,,,,,,,,,,
2024-03-24,,5.375,5.33,4.252999782562256,13.1899995803833,4.735000133514404,104.2300033569336,86.75,,,,,,,,,
2024-03-25,,5.375,5.33,4.234000205993652,13.239999771118164,4.7220001220703125,104.29000091552734,86.25,1537.5400390625,,,186.2430507185772,114.27058745625492,181.8851402745371,2259.636821886847,172.70761330164547,787.4246932545128
2024-03-26,,5.375,5.33,4.196000099182129,12.779999732971191,4.718999862670898,104.3499984741211,86.08999633789062,1538.4200439453125,,,186.84121209025207,114.90260104279133,183.62559344584028,2266.227108324877,173.3162693421763,794.9447415346815
2024-03-27,,5.375,5.33,4.205999851226807,13.010000228881836,4.730500221252441,104.55000305175781,87.4800033569336,1530.5999755859375,,,186.47703302058275,113.91195568937009,183.13592600255134,2280.393672520347,172.09066929231793,795.0513627618611
2024-03-28,,5.375,5.33,,,4.730500221252441,,,,,,,,,,,
2024-03-29,,5.375,5.33,,,,,,1536.0699462890625,,,187.73642231171172,114.08957008124409,183.70430274104748,2293.2264155465145,171.8899104347152,794.198343546361
2024-03-30,,5.375,5.33,,,,,,,,,,,,,,
2024-03-31,896.87261770745,5.375,5.33,4.328999996185303,13.649999618530273,4.7220001220703125,105.0199966430664,87.41999816894531,,1.8,,,,,,,
2024-04-01,,5.375,5.33,4.364999771118164,14.609999656677246,4.7270002365112305,104.81999969482422,88.91999816894531,1544.02001953125,,,188.35064915992456,114.76801051229542,183.50898678858678,2285.171241601775,174.8967184317541,797.6142568942296
2024-04-02,,5.375,5.33,4.355000019073486,14.329999923706055,4.751999855041504,104.25,89.3499984741211,1547.989990234375,,,188.33189739952937,114.96525358884281,184.73207720226083,2297.9117719755263,174.75306796633302,809.2266214994304
2024-04-03,,5.375,5.33,4.309000015258789,16.350000381469727,4.752500057220459,104.12000274658203,90.6500015258789,1537.010009765625,,,185.64071269634402,114.9236503426235,184.73207720226083,2294.5028928222146,174.595729149342,814.5554034884952
2024-04-04,,5.375,5.33,4.377999782562256,16.030000686645508,4.736999988555908,104.30000305175781,91.16999816894531,1553.239990234375,,,187.68371101929327,116.53409800735982,185.19861736357333,2285.196990379749,174.25919889095445,846.9229006264204
2024-04-05,,5.375,5.33,,,,,,1555.25,,,186.72693272082157,117.60579183477016,184.84585433769612,2284.782906922165,175.34372435118328,866.1160360504343
2024-04-06,,5.375,5.33,,,,,,,,,,,,,,
2024-04-07,,5.375,5.33,4.423999786376953,15.1899995803833,4.744999885559082,104.13999938964844,90.37999725341797,,,,,,,,,
2024-04-08,,5.375,5.33,4.366000175476074,14.979999542236328,4.75,104.1500015258789,89.41999816894531,1559.97998046875,,,187.29255166364695,117.75577836225675,184.11714350460602,2298.666280961347,174.38203679415994,853.5619837900643
2024-04-09,,5.375,5.33,4.559999942779541,15.800000190734863,4.745500087738037,105.25,90.4800033569336,1553.510009765625,,,186.24782330199255,117.72167624894622,184.74029905652066,2303.5156412159577,174.20281739876137,852.0448469688101
2024-04-10,,5.375,5.33,4.576000213623047,14.90999984741211,4.745500087738037,105.27999877929688,89.73999786376953,,,,,,,,,
2024-04-11,,5.375,5.33,4.499000072479248,17.309999465942383,4.745500087738037,106.04000091552734,90.44999694824219,,,,,,,,,
2024-04-12,,5.375,5.33,,,,,,1551.0400390625,,,186.6065714594593,117.11080434021768,184.87556375138075,2318.8158037981216,173.47380875213588,849.3937785314062
2024-04-13,,5.375,5.33,,,,,,,,,,,,,,
2024-04-14,,5.375,5.33,4.627999782562256,19.229999542236328,4.767499923706055,106.20999908447266,90.0999984741211,,,,,,,,,
2024-04-15,,5.375,5.33,4.658999919891357,18.399999618530273,4.776500225067139,106.26000213623047,90.0199966430664,1542.530029296875,,,185.431408512009,116.71055261522345,184.74492711275116,2280.6569494014916,174.34662025781034,844.9044708471282
2024-04-16,,5.375,5.33,4.585000038146973,18.209999084472656,4.774499893188477,105.94999694824219,87.29000091552734,1535.0,,,183.7436262797107,116.60605091044158,183.22934337493558,2263.4255715330914,174.52951271941095,850.3734911411618
2024-04-17,,5.375,5.33,4.646999835968018,18.0,4.790500164031982,106.1500015258789,87.11000061035156,1540.4200439453125,,,185.09100890954682,115.45442204620132,183.41529589714705,2293.099346506705,174.797562205667,858.8652839585519
2024-04-18,,5.375,5.33,4.614999771118164,18.709999084472656,4.78249979019165,106.1500015258789,87.29000091552734,1544.760009765625,,,185.9591097002127,115.43528410977399,184.90757486789184,2300.3931809320848,175.2065697157392,863.1006756976657
2024-04-19,,5.375,5.33,,,,,,1547.5699462890625,,,185.69844595878587,116.23944700271396,186.19603979149124,2260.1299588044453,174.74612910372238,865.7791752835074
2024-04-20,,5.375,5.33,,,,,,,,,,,,,,
2024-04-21,,5.375,5.33,4.623000144958496,16.940000534057617,4.781000137329102,106.08000183105469,87.0,,,,,,,,,
2024-04-22,,5.375,5.33,4.5980000495910645,15.6899995803833,4.7754998207092285,105.69000244140625,88.41999816894531,1559.5899658203125,,,187.58767211123478,116.6854402380378,185.5990614262172,2240.938224174952,174.38158761751566,868.4513157897948
2024-04-23,,5.375,5.33,4.6519999504089355,15.970000267028809,4.777500152587891,105.86000061035156,88.0199966430664,1561.6400146484375,,,188.7224232332055,115.74180719887647,186.9326400728046,2246.809025727786,174.52194404166445,879.6458048295463
2024-04-24,,5.375,5.33,4.705999851226807,15.369999885559082,4.776000022888184,105.5999984741211,89.01000213623047,1571.47998046875,,,189.1919985140886,116.68078856423989,188.0164846038776,2266.4605843553527,175.2934129615868,892.8760426295664
2024-04-25,,5.375,5.33,4.669000148773193,15.029999732971191,4.775000095367432,105.94000244140625,89.5,1569.25,,,188.86105850303346,116.55672105239825,189.34639712421236,2256.3026421492195,174.3166257594622,878.5158020538997
2024-04-26,,5.375,5.33,,,,,,1575.1600341796875,,,187.96809621860035,116.7976401623664,189.77515636973473,2235.029106401259,175.3267015774697,869.4139164856757
2024-04-27,,5.375,5.33,,,,,,,,,,,,,,
2024-04-28,,5.375,5.33,4.613999843597412,14.670000076293945,4.764999866485596,105.58000183105469,88.4000015258789,,,,,,,,,
2024-04-29,,5.375,5.33,4.685999870300293,15.649999618530273,4.763000011444092,106.22000122070312,87.86000061035156,1582.6600341796875,,,187.26561280332942,118.23202041253369,189.03779538336428,2264.818763180386,175.55035954097076,898.2198024833473
2024-04-30,826.166094575576,5.375,5.33,4.59499979019165,15.390000343322754,4.764999866485596,105.76000213623047,83.44000244140625,1575.969970703125,1.7,,186.2415568506568,117.57898462705406,191.45314607449708,2264.58165937277,174.1228571020825,897.3613936821749
2024-05-01,,5.375,5.33,4.571000099182129,14.680000305175781,4.769999980926514,105.30000305175781,83.66999816894531,,,,,,,,,
2024-05-02,,5.375,5.33,4.5,13.489999771118164,4.751999855041504,105.02999877929688,82.95999908447266,1580.300048828125,,,186.54096392470768,118.22122670708272,192.24570743421023,1879.9246303316825,175.02055416745986,888.9206170166062
2024-05-03,,5.375,5.33,,,,,,1589.5899658203125,,,187.06508472468104,117.86436106758944,191.19603440902358,1888.3831569688166,175.73617510295043,900.8585984477451
2024-05-04,,5.375,5.33,,,,,,,,,,,,,,
2024-05-05,,5.375,5.33,4.488999843597412,13.489999771118164,4.737500190734863,105.05000305175781,83.33000183105469,,,,,,,,,
2024-05-06,,5.375,5.33,4.4629998207092285,13.229999542236328,4.736999988555908,105.41000366210938,83.16000366210938,1597.3900146484375,,,189.40441501976667,117.30897712695112,191.41114090055646,1926.1151260080283,175.32968446218769,906.7379575274
2024-05-07,,5.375,5.33,4.492000102996826,13.0,4.735499858856201,105.55000305175781,83.58000183105469,1605.6800537109375,,,190.18017078239293,118.26932048822094,191.67328880955768,1940.0210253123028,176.24256075980546,905.9813586312208
2024-05-08,,5.375,5.33,4.448999881744385,12.6899995803833,4.739999771118164,105.2300033569336,83.87999725341797,1604.75,,,189.12026449313856,119.6377054389752,191.56259761452665,1953.1553439253519,176.75228055587354,920.3188359591186
2024-05-09,,5.375,5.33,4.504000186920166,12.550000190734863,4.730500221252441,105.30999755859375,82.79000091552734,1601.219970703125,,3.0,189.02082744154393,118.42016409757112,191.6102348023388,1914.2649599813392,176.19644787006328,911.8528317958811
2024-05-10,,5.375,5.33,,,,,,1600.6700439453125,,,189.5506880017961,117.45526473140575,190.38887771112005,1907.3516231843123,174.79802642580208,930.1480148837195
2024-05-11,,5.375,5.33,,,,,,,,,,,,,,
2024-05-12,,5.375,5.33,4.480999946594238,13.600000381469727,4.736499786376953,105.22000122070312,83.36000061035156,,,,,,,,,
2024-05-13,,5.375,5.33,4.445000171661377,13.420000076293945,4.729499816894531,105.01000213623047,82.37999725341797,1602.9100341796875,,,189.83067493069555,117.36910385651753,190.50515150173544,1936.2048721879623,174.4971604382447,937.4913001409864
2024-05-14,,5.375,5.33,4.355999946594238,12.449999809265137,4.712500095367432,104.3499984741211,82.75,1605.8800048828125,,,189.65036252333215,117.85260964456977,191.10547820355052,1943.1466151568789,174.2457929731837,937.6959606014168
2024-05-15,,5.375,5.33,4.376999855041504,12.420000076293945,4.704500198364258,104.45999908447266,83.2699966430664,1603.22998046875,,,189.2540587237969,116.61473546902758,190.00731967844584,1958.9448576502984,172.46116637990994,1086.8303317728196
2024-05-16,,5.375,5.33,4.420000076293945,11.989999771118164,4.683000087738037,104.44999694824219,83.9800033569336,1611.1099853515625,,,190.2105543317625,116.90186533624339,190.10365917624063,1980.440203941742,173.33954647919663,1056.9281266037733
2024-05-17,,5.375,5.33,,,,,,1616.6199951171875,,,190.39730700184413,116.4863897044992,189.86598980594604,2002.7394428341775,174.48738634627549,1041.1530026094701
2024-05-18,,5.375,5.33,,,,,,,,,,,,,,
2024-05-19,,5.375,5.33,4.436999797821045,12.149999618530273,4.684999942779541,104.56999969482422,83.70999908447266,,,,,,,,,
2024-05-20,,5.375,5.33,4.414000034332275,11.859999656677246,4.68149995803833,104.66000366210938,82.87999725341797,1627.5,,,191.12474109852073,116.64258907524379,190.1903621636744,1998.0305620787576,176.33395903280754,1055.835995530628
2024-05-21,,5.375,5.33,4.434000015258789,12.289999961853027,4.690000057220459,104.94000244140625,81.9000015258789,1622.0899658203125,,,191.12474109852073,113.95231857589123,190.27455355032245,2018.5221392136555,174.5044766606331,1051.9181811368246
2024-05-22,,5.375,5.33,4.474999904632568,12.770000457763672,4.690000057220459,105.11000061035156,81.36000061035156,,,,,,,,,
2024-05-23,,5.375,5.33,4.4670000076293945,11.930000305175781,4.702000141143799,104.72000122070312,82.12000274658203,1629.1800537109375,,,191.64935120014565,114.47993138485775,190.27455355032245,2017.2671077563568,172.87104888747768,1061.7410244602909
2024-05-24,,5.375,5.33,,,,,,1619.4000244140625,,,191.12909504621223,114.6398136655624,190.44670191634407,2060.9849971018266,171.54983101330225,1024.6611530371706
2024-05-25,,5.375,5.33,,,,,,,,,,,,,,
2024-05-26,,5.375,5.33,,,4.709000110626221,,,,,,,,,,,
2024-05-27,,5.375,5.33,4.541999816894531,12.920000076293945,4.694499969482422,104.61000061035156,84.22000122070312,1618.27001953125,,,190.76701902051917,113.7973916223288,190.09789502270982,2064.864160795114,171.16478796612788,1012.0189125609185
2024-05-28,,5.375,5.33,4.624000072479248,14.279999732971191,4.691299915313721,105.0999984741211,83.5999984741211,1615.8199462890625,,,190.70519428828044,113.60532472473575,190.11665600400602,2036.9040616557747,169.37777799548442,1011.2021038309254
2024-05-29,,5.375,5.33,4.553999900817871,14.470000267028809,4.703000068664551,104.72000122070312,81.86000061035156,1605.3499755859375,,,189.14735447389248,111.17190087093098,189.1172996829633,2038.190941505243,168.5616845414799,1000.04890456045
2024-05-30,,5.375,5.33,4.513999938964844,12.920000076293945,4.701499938964844,104.66999816894531,81.62000274658203,1604.260009765625,,,188.87204001716046,111.52018529434791,189.94242046856542,2024.3391677950158,167.91830941359166,1015.8610131604494
2024-05-31,838.229313107343,5.375,5.33,,,,,,1596.6800537109375,1.9,,189.37143502536472,109.91332342137807,189.2829007561582,1983.2159195897457,169.19807147453184,1011.9777876991463
2024-06-01,,5.375,5.33,,,,,,,,,,,,,,
2024-06-02,,5.375,5.33,4.4019999504089355,13.109999656677246,4.704500198364258,104.13999938964844,78.36000061035156,,,,,,,,,
2024-06-03,,5.375,5.33,4.335999965667725,13.15999984741211,4.704500198364258,104.11000061035156,77.5199966430664,,,,,,,,,
2024-06-04,,5.375,5.33,4.289000034332275,12.630000114440918,4.69950008392334,104.2699966430664,78.41000366210938,1615.4000244140625,,,192.35191964320722,112.5223446117606,188.59683875330248,2015.9896470633812,167.98933215924262,1027.9405591687014
2024-06-05,,5.375,5.33,4.281000137329102,12.579999923706055,4.695499897003174,104.0999984741211,79.87000274658203,1608.530029296875,,,190.61577401253606,112.26114466225039,190.0228137696254,2042.7249541520978,166.62270554745936,1027.0590050800085
2024-06-06,,5.375,5.33,4.429999828338623,12.220000267028809,4.691999912261963,104.88999938964844,79.62000274658203,1614.72998046875,,,191.16908677388173,111.51924119065424,190.86736426194707,2057.923671461524,165.6788109508871,1035.1698584020548
2024-06-07,,5.375,5.33,,,,,,1617.8599853515625,,,191.07989098865826,112.00872054651245,193.43091336036088,2079.594193532668,165.7044255281658,1072.4985815244142
2024-06-08,,5.375,5.33,,,,,,,,,,,,,,
2024-06-09,,5.375,5.33,4.468999862670898,12.739999771118164,4.688499927520752,105.1500015258789,81.62999725341797,,,,,,,,,
2024-06-10,,5.375,5.33,4.4039998054504395,12.850000381469727,4.718500137329102,105.2300033569336,81.91999816894531,1614.3699951171875,,,190.83316981367585,110.83835526083215,192.10750075990234,2121.4248174610107,165.1619178031875,1050.176562567028
2024-06-11,,5.375,5.33,4.295000076293945,12.039999961853027,4.7170000076293945,104.6500015258789,82.5999984741211,1611.489990234375,,,189.84688008122333,109.63667223317077,191.57849699829953,2244.6235642041115,162.6003316576021,1060.0140978457641
2024-06-12,,5.375,5.33,4.23799991607666,11.9399995803833,4.715000152587891,105.19999694824219,82.75,1608.949951171875,,,189.40986100854678,109.93996151222663,192.38742930201022,2283.0220045762035,162.10499445346852,1052.8397947300584
2024-06-13,,5.375,5.33,4.2129998207092285,12.65999984741211,4.704999923706055,105.55000305175781,82.62000274658203,1610.1700439453125,,,189.3756882991425,109.22504631043533,191.94136473703983,2345.015253540664,162.81482814715827,1101.9966237741428
2024-06-14,,5.375,5.33,,,,,,1607.3199462890625,,,189.86996143612689,108.57693614503272,192.1426476706517,2289.616658117612,161.70709874085074,1089.9382033303636
2024-06-15,,5.375,5.33,,,,,,,,,,,,,,
2024-06-16,,5.375,5.33,4.2789998054504395,12.75,4.7170000076293945,105.31999969482422,84.25,,,,,,,,,
2024-06-17,,5.375,5.33,4.2170000076293945,12.300000190734863,4.71750020980835,105.26000213623047,85.33000183105469,,,,,,,,,
2024-06-18,,5.375,5.33,,,4.711999893188477,,,1606.1300048828125,,,188.67290548815663,109.15271819227586,191.3046708029606,2311.0293753200776,161.6076985149376,1097.4549629959922
2024-06-19,,5.375,5.33,4.254000186920166,13.279999732971191,4.703999996185303,105.58999633789062,85.70999908447266,1599.7900390625,,,188.05811332487283,108.55446636821593,191.42127921358278,2249.660006149737,160.35814371390268,1074.0529167524248
2024-06-20,,5.375,5.33,4.256999969482422,13.199999809265137,4.708000183105469,105.80000305175781,85.23999786376953,1592.68994140625,,,187.3782756049316,108.65225752356133,191.13252327594168,2243.6124653460743,160.11541168243005,1085.3326959257622
2024-06-21,,5.375,5.33,,,,,,1590.3699951171875,,,186.93636711722294,109.17414198154498,191.42059185814827,2241.659814649224,160.41624283769002,1061.9419050205292
2024-06-22,,5.375,5.33,,,,,,,,,,,,,,
2024-06-23,,5.375,5.33,4.248000144958496,13.329999923706055,4.7104997634887695,105.47000122070312,86.01000213623047,,,,,,,,,
2024-06-24,,5.375,5.33,4.23799991607666,12.84000015258789,4.709000110626221,105.61000061035156,85.01000213623047,1589.6600341796875,,,186.5206311315994,108.9817581861297,190.78351080237329,2199.6892191103866,162.45778128848582,1045.8585970476088
2024-06-25,,5.375,5.33,4.315999984741211,12.550000190734863,4.702000141143799,106.05000305175781,85.25,1585.3800048828125,,,186.24658097942702,109.32532467313808,190.43599647466775,2179.7046930943397,160.10618322033451,1047.157966610036
2024-06-26,,5.375,5.33,4.288000106811523,12.239999771118164,4.710000038146973,105.91000366210938,86.38999938964844,1590.949951171875,,,187.45852532131428,108.59688054676933,190.3615903836017,2183.7931105050266,160.34420126068858,1051.1016300168844
2024-06-27,,5.375,5.33,4.3429999351501465,12.4399995803833,4.7170000076293945,105.87000274658203,86.41000366210938,1584.93994140625,,,187.39512939996362,107.70912548975602,189.78448958740245,2175.9699961323195,158.8065153545672,1039.639987806423
2024-06-28,,5.375,5.33,,,,,,1590.0899658203125,,,187.9842569567548,108.18735313379379,189.87475173354963,2181.5678483622937,158.72025850470345,1054.2144019818704
2024-06-29,,5.375,5.33,,,,,,,,,,,,,,
2024-06-30,860.592964766065,5.375,5.33,4.479000091552734,12.220000267028809,4.715000152587891,105.9000015258789,86.5999984741211,,1.9,,,,,,,
2024-07-01,,5.375,5.33,4.435999870300293,12.029999732971191,4.7104997634887695,105.72000122070312,86.23999786376953,1598.199951171875,,,188.4794951996451,108.37110321717948,191.63409457583694,2180.829333951231,158.14606577126696,1063.7981640380206
2024-07-02,,5.375,5.33,4.355000019073486,12.09000015258789,4.7164998054504395,105.4000015258789,87.33999633789062,1597.9599609375,,,189.22135706065453,107.44324902303121,191.28879998785726,2242.245618320095,157.2909219056309,1066.568445850291
2024-07-03,,5.375,5.33,,,4.7144999504089355,,,1615.3199462890625,,,190.30030935026207,108.4045267716256,191.89143309005357,2241.6604889142163,158.70323121574802,1079.6192861173204
2024-07-04,,5.375,5.33,4.271999835968018,12.479999542236328,4.706999778747559,104.87999725341797,86.54000091552734,1616.75,,,191.1713157839319,107.81502371824827,192.6301846649722,2214.0876871495175,158.22523196562392,1112.871933997143
2024-07-05,,5.375,5.33,,,,,,1611.02001953125,,,190.18024930031612,108.0907280986066,193.3201703980624,2236.613099270659,158.92391982347488,1115.6870217698493
2024-07-06,,5.375,5.33,,,,,,,,,,,,,,
2024-07-07,,5.375,5.33,4.269000053405762,12.369999885559082,4.708000183105469,105.01000213623047,85.75,,,,,,,,,
2024-07-08,,5.375,5.33,4.300000190734863,12.510000228881836,4.708000183105469,105.12000274658203,84.66000366210938,,,,,,,,,
2024-07-09,,5.375,5.33,4.28000020980835,12.850000381469727,4.704999923706055,105.05000305175781,85.08000183105469,1614.4200439453125,,,191.58735030402556,106.71665614480106,194.00569594440208,2293.5293094059057,157.78207447621443,1128.7986678962618
2024-07-10,,5.375,5.33,4.192999839782715,12.920000076293945,4.697999954223633,104.44000244140625,85.4000015258789,1618.3800048828125,,,192.8990825764734,107.1813911413509,194.7527809112432,2327.8191138218253,156.99491276725186,1117.4872197950938
2024-07-11,,5.375,5.33,4.189000129699707,12.460000038146973,4.689499855041504,104.08999633789062,85.02999877929688,1623.1199951171875,,3.0,192.8451314014466,106.98421673360335,195.93409300180323,2345.5805426601,156.75517796746826,1129.237732674627
2024-07-12,,5.375,5.33,,,,,,1619.06005859375,,,192.92398067096883,106.88778207561657,193.9988658901231,2324.14721960032,156.43839326706336,1115.2000196431381
2024-07-13,,5.375,5.33,,,,,,,,,,,,,,
2024-07-14,,5.375,5.33,4.229000091552734,13.119999885559082,4.666999816894531,104.19000244140625,84.8499984741211,,,,,,,,,
2024-07-15,,5.375,5.33,4.166999816894531,13.1899995803833,4.669000148773193,104.2699966430664,83.7300033569336,1629.8199462890625,,,194.3284015385335,107.28542005209466,195.28687795090974,2344.2374379451994,156.41234952353446,1136.754261448121
2024-07-16,,5.375,5.33,4.145999908447266,14.479999542236328,4.673500061035156,103.75,85.08000183105469,1625.9599609375,,,193.80222504923827,107.80598949385161,195.28687795090974,2320.122661094403,154.8086188762053,1127.3825795061553
2024-07-17,,5.375,5.33,4.189000129699707,15.930000305175781,4.660999774932861,104.16999816894531,85.11000061035156,1633.5400390625,,,194.20961134101339,109.91499473736906,194.8368542050595,2285.3717587066935,155.52860389294815,1137.6423892329663
2024-07-18,,5.375,5.33,4.238999843597412,16.520000457763672,4.664999961853027,104.4000015258789,82.62999725341797,1633.81005859375,,,195.67068246857323,110.98016383476332,196.47617672205425,2235.79155730523,156.76544090804225,1095.7356665912866
2024-07-19,,5.375,5.33,,,,,,1636.550048828125,,,195.51721153518383,113.95598829835424,196.98277851466426,2198.5982965452363,155.97365308262613,1092.87582599843
2024-07-20,,5.375,5.33,,,,,,,,,,,,,,
2024-07-21,,5.375,5.33,4.260000228881836,14.90999984741211,4.684999942779541,104.30999755859375,82.4000015258789,,,,,,,,,
2024-07-22,,5.375,5.33,4.238999843597412,14.720000267028809,4.684800148010254,104.44999694824219,81.01000213623047,1622.0699462890625,,,194.21709850631277,113.55406132327643,196.73563380268928,2206.7738389063766,154.82589465778406,1084.0305940465494
2024-07-23,,5.375,5.33,4.285999774932861,18.040000915527344,4.677000045776367,104.38999938964844,81.70999908447266,1629.6800537109375,,,195.35642979099657,113.25210449601153,196.74816143699366,2217.1370217752465,156.1161077454126,1086.9707698112095
2024-07-24,,5.375,5.33,4.25600004196167,18.459999084472656,4.670000076293945,104.36000061035156,82.37000274658203,1621.1400146484375,,,195.17528705933503,112.55997568561969,196.83489956596685,2187.1945046667365,155.54058409292625,1052.725437438098
2024-07-25,,5.375,5.33,4.199999809265137,16.389999389648438,4.6605000495910645,104.31999969482422,81.12999725341797,1615.1800537109375,,,195.68043062378874,111.92638484347428,197.17310268010084,2127.2694946425295,155.89635857267353,1044.0252319633378
2024-07-26,,5.375,5.33,,,,,,1612.8800048828125,,,195.49899096871857,111.33642461360711,198.09458493866984,2126.976968867551,155.58911102035944,1056.814025869789
2024-07-27,,5.375,5.33,,,,,,,,,,,,,,
2024-07-28,,5.375,5.33,4.177999973297119,16.600000381469727,4.65500020980835,104.55999755859375,79.77999877929688,,,,,,,,,
2024-07-29,,5.375,5.33,4.14300012588501,17.690000534057617,4.636499881744385,104.55000305175781,78.62999725341797,1624.56005859375,,,196.98516746945512,112.22446083839111,197.4580693174554,2151.4772371750855,155.89255741454934,1047.0800182094108
2024-07-30,,5.375,5.33,4.109000205993652,16.360000610351562,4.619999885559082,104.0999984741211,80.72000122070312,1611.93994140625,,,195.0114215360859,112.15162383554464,197.79734316625613,2168.244875858112,155.46973222584754,1009.6265640086149
2024-07-31,888.202718366771,5.375,5.33,3.9760000705718994,18.59000015258789,4.5920000076293945,104.41999816894531,79.5199966430664,1625.5699462890625,1.9,,198.364265798098,112.69164153070194,198.17052509310972,2150.625006645381,156.39903541022284,987.5535421800413
2024-08-01,,5.375,5.33,3.7920000553131104,23.389999389648438,4.566500186920166,103.20999908447266,76.80999755859375,1624.25,,,199.4083567345267,112.38389095840722,199.265271654821,2162.813371147513,153.83326945062066,982.0261522239077
2024-08-02,,5.375,5.33,,,,,,1611.050048828125,,,199.32246969656876,112.14495105611597,197.70562501611616,2039.9855500361757,154.6065470139387,937.808908636006
2024-08-03,,5.375,5.33,,,,,,,,,,,,,,
2024-08-04,,5.375,5.33,3.7850000858306885,38.56999969482422,4.494999885559082,102.69000244140625,76.30000305175781,,,,,,,,,
2024-08-05,,5.375,5.33,3.888000011444092,27.709999084472656,4.422500133514404,102.97000122070312,76.4800033569336,1536.47998046875,,,191.2862811950837,108.96583854739347,193.11879243839002,1894.5391100707418,149.49360114526152,862.8166098814656
2024-08-06,,5.375,5.33,3.9679999351501465,27.850000381469727,4.471499919891357,103.19999694824219,78.33000183105469,1574.3900146484375,,,195.3833237474085,112.59722148439124,198.07497963255372,1972.7210790048548,154.49933248334932,886.5038315481261
2024-08-07,,5.375,5.33,3.996999979019165,23.790000915527344,4.49399995803833,103.20999908447266,79.16000366210938,1591.8699951171875,,,197.43743861393318,111.25951538988461,198.76286143774567,2015.570457652849,151.73083659060413,898.9284458793261
2024-08-08,,5.375,5.33,3.941999912261963,20.3700008392334,4.4720001220703125,103.13999938964844,79.66000366210938,1590.3800048828125,,,196.85764702020762,111.02112095749787,199.0132526050474,2013.7702959333794,152.7707199969399,902.2511085437167
2024-08-09,,5.375,5.33,,,,,,1596.050048828125,,,197.2980695190543,111.52419787304342,198.67306186944842,2101.757642488762,152.37019899224399,921.0562001447453
2024-08-10,,5.375,5.33,,,,,,,,,,,,,,
2024-08-11,,5.375,5.33,3.9089999198913574,20.709999084472656,4.420000076293945,103.13999938964844,82.30000305175781,,,,,,,,,
2024-08-12,,5.375,5.33,3.8519999980926514,18.1200008392334,4.453499794006348,102.55999755859375,80.69000244140625,1606.6600341796875,,,198.40775165862544,112.18848654088195,200.7805450156333,2103.4257272623545,152.05152249279578,910.9054560550726
2024-08-13,,5.375,5.33,3.819999933242798,16.190000534057617,4.453499794006348,102.56999969482422,79.76000213623047,1609.52001953125,,,198.9468995904741,112.62678486209525,200.45743988947922,2091.9939126312047,155.32201525044843,887.2192688580814
2024-08-14,,5.375,5.33,3.9260001182556152,15.229999542236328,4.416999816894531,102.9800033569336,81.04000091552734,1612.3499755859375,,,198.2348370970963,113.42511333210648,203.06129787892147,2097.8514393795126,157.46028935437457,904.4900665613362
2024-08-15,,5.375,5.33,3.8919999599456787,14.800000190734863,4.433800220489502,102.45999908447266,79.68000030517578,1612.93994140625,,,199.95830020269364,113.24330200063146,201.93170607197516,2018.2278788253925,154.9028212630043,897.2972680387696
2024-08-16,,5.375,5.33,,,,,,1623.9000244140625,,,201.94499824870854,114.14156012702819,202.7475867407258,2042.1627214537036,157.8546390104175,918.2715739585358
2024-08-17,,5.375,5.33,,,,,,,,,,,,,,
2024-08-18,,5.375,5.33,3.867000102996826,14.649999618530273,4.422500133514404,101.88999938964844,77.66000366210938,,,,,,,,,
2024-08-19,,5.375,5.33,3.818000078201294,15.880000114440918,4.377500057220459,101.44000244140625,77.19999694824219,1648.699951171875,,,210.8227080745777,113.15332390987956,203.8471189894027,1999.2663424506336,157.34078679004102,948.5790169706876
2024-08-20,,5.375,5.33,3.7780001163482666,16.270000457763672,4.375,101.04000091552734,76.05000305175781,1642.77001953125,,,211.7768958707329,112.83615906718533,204.3800479418589,1971.0088892681792,156.25408592780747,948.7560445255543
2024-08-21,,5.375,5.33,3.861999988555908,17.549999237060547,4.36899995803833,101.51000213623047,77.22000122070312,1635.3199462890625,,,210.99918009585969,111.84809752853906,203.63389766298607,1994.9598303813839,160.4911408371632,946.3841698049199
2024-08-22,,5.375,5.33,3.806999921798706,15.859999656677246,4.386499881744385,100.72000122070312,79.0199966430664,1641.6600341796875,,,209.85670137759234,113.9317884676273,204.0197947285623,1999.1127669109624,164.13410050669276,953.5176723028986
2024-08-23,,5.375,5.33,,,,,,1635.739990234375,,,208.94229486920756,114.04813898968239,203.61012166118653,1946.1037552771654,163.42434302263666,944.0399057859779
2024-08-24,,5.375,5.33,,,,,,,,,,,,,,
2024-08-25,,5.375,5.33,3.818000078201294,16.149999618530273,4.373000144958496,100.8499984741211,81.43000030517578,,,,,,,,,
2024-08-26,,5.375,5.33,3.8329999446868896,15.430000305175781,4.348999977111816,100.55000305175781,79.55000305175781,1638.9599609375,,,209.3019269987007,114.56020565633666,205.1684362065553,1956.9871814185785,163.69353295783642,940.8350781596974
2024-08-27,,5.375,5.33,3.8410000801086426,17.110000610351562,4.340000152587891,101.08999633789062,78.6500015258789,1652.2900390625,,,213.3445056127511,114.10755025794259,204.278806371847,1924.3707670227013,165.71326148341058,953.4758417099979
2024-08-28,,5.375,5.33,3.867000102996826,15.649999618530273,4.34250020980835,101.33999633789062,79.94000244140625,1675.239990234375,,,220.26690144597026,116.36793130156387,203.07294414515619,1843.4539439778064,168.59595627502867,916.4906840915439
2024-08-29,,5.375,5.33,3.9110000133514404,15.0,4.309000015258789,101.69999694824219,78.80000305175781,1653.550048828125,,,214.19091168852455,116.11410430727898,203.88258745412148,1845.4472500406248,167.71950326393718,913.3231683114512
2024-08-30,,5.375,5.33,,,,,,1678.800048828125,,,218.46725138604734,116.88694186067478,204.18259826416892,1857.2183647502793,167.48640851747805,899.8575887099871
2024-08-31,942.607250673338,5.375,5.33,,,,,,,1.9,,,,,,,
2024-09-01,,5.375,5.33,,,4.323500156402588,,,,,,,,,,,
2024-09-02,,5.375,5.33,3.8440001010894775,20.719999313354492,4.352499961853027,101.83000183105469,73.75,1678.18994140625,,,218.16263276710833,116.2991793941684,205.2190538549274,1888.5499198982648,165.40157980702142,905.112239964491
2024-09-03,,5.375,5.33,3.7679998874664307,21.31999969482422,4.360000133514404,101.36000061035156,72.69999694824219,1676.6500244140625,,,218.08453143135992,115.09032506164756,205.96826914160374,1886.0441483798165,164.3071088409866,916.7959452815978
2024-09-04,,5.375,5.33,3.7309999465942383,19.899999618530273,4.340000152587891,101.11000061035156,72.69000244140625,1670.239990234375,,,217.8056863378817,115.00058851198614,204.90221910992878,1824.644105614541,162.78580007329458,901.7199537972067
2024-09-05,,5.375,5.33,3.7100000381469727,22.3799991607666,4.329999923706055,101.18000030517578,71.05999755859375,1664.8199462890625,,3.0,217.74157855443187,114.72106726925573,208.50772429416443,1777.3238567553456,163.59838659258043,914.0121592135538
2024-09-06,,5.375,5.33,,,,,,1653.1199951171875,,,217.211797166147,115.12396228677986,208.31988357866032,1756.7437748512107,161.50782698528627,894.2358857191206
2024-09-07,,5.375,5.33,,,,,,,,,,,,,,
2024-09-08,,5.375,5.33,3.697000026702881,19.450000762939453,4.335000038146973,101.55000305175781,71.83999633789062,,,,,,,,,
2024-09-09,,5.375,5.33,3.6459999084472656,19.079999923706055,4.360000133514404,101.62999725341797,69.19000244140625,1651.489990234375,,,219.70911370148926,113.09328440177455,209.04536897083216,1745.4996625343276,159.6333782343766,873.544790332259
2024-09-10,,5.375,5.33,3.6530001163482666,17.690000534057617,4.33650016784668,101.68000030517578,70.61000061035156,1660.3499755859375,,,223.5493416754302,114.1355217781828,207.91031314538833,1766.7783215107245,158.63321503020694,854.3720496520261
2024-09-11,,5.375,5.33,3.680000066757202,17.06999969482422,4.335000038146973,101.37000274658203,71.97000122070312,1639.800048828125,,,220.12420570041377,112.87312530132911,207.5165977979735,1720.5380245323481,156.4651576443978,845.9839977229573
2024-09-12,,5.375,5.33,3.6500000953674316,16.559999465942383,4.327499866485596,101.11000061035156,71.61000061035156,1638.31005859375,,,218.4477540103692,112.93181615657444,205.2573553126323,1795.2819238132515,157.540580195839,864.8153713991838
2024-09-13,,5.375,5.33,,,,,,1652.1500244140625,,,221.34265045411522,113.25582834294075,208.0322160919875,1826.244970881381,159.2709442655602,880.7609928387672
2024-09-14,,5.375,5.33,,,,,,,,,,,,,,
2024-09-15,,5.375,5.33,3.621000051498413,17.139999389648438,4.298999786376953,100.76000213623047,72.75,,,,,,,,,
2024-09-16,,5.375,5.33,3.6419999599456787,17.610000610351562,4.298500061035156,100.88999938964844,73.69999694824219,,,,,,,,,
2024-09-17,,5.375,5.33,3.684999942779541,18.229999542236328,4.261499881744385,100.5999984741211,73.6500015258789,1664.280029296875,,,223.2896815619191,114.91078065614668,211.05706434453322,1790.5249472468295,161.04147902840725,1001.0279866622063
2024-09-18,,5.375,5.33,3.740000009536743,16.329999923706055,4.241499900817871,100.61000061035156,74.87999725341797,1660.5899658203125,,,223.32060567705088,113.91832401374803,209.93794097037767,1799.1596342905148,159.43433704513598,965.9469583203652
2024-09-19,,4.875,4.83,3.7279999256134033,16.149999618530273,4.21150016784668,100.72000122070312,74.48999786376953,1665.6500244140625,,,222.36824546945772,114.07282106721863,210.52921853273898,1838.9481273149183,160.49286270097073,960.3722193351201
2024-09-20,,4.875,4.83,,,,,,1668.8199462890625,,,223.58881770287664,114.79684049412899,209.94979770202505,1870.1371833682465,158.4417463189812,989.0492879527162
2024-09-21,,4.875,4.83,,,,,,,,,,,,,,
2024-09-22,,4.875,4.83,3.739000082015991,15.890000343322754,4.202499866485596,100.91999816894531,73.9000015258789,,,,,,,,,
2024-09-23,,4.875,4.83,3.7360000610351562,15.390000343322754,4.200500011444092,100.37000274658203,75.16999816894531,1665.300048828125,,,223.40887081362885,113.96595245612448,210.54483962358458,1854.9460169128452,156.44229082367076,975.5440332485632
2024-09-24,,4.875,4.83,3.7809998989105225,15.40999984741211,4.150000095367432,100.91999816894531,73.45999908447266,1670.3699951171875,,,222.92390576907448,114.57347569403167,210.2312161944074,1807.5502127061657,157.05647459689982,970.5154977472811
2024-09-25,,4.875,4.83,3.7909998893737793,15.369999885559082,4.128499984741211,100.55999755859375,71.5999984741211,1673.3800048828125,,,221.76363555409657,116.33605013665583,209.77807883006528,1743.096781428206,157.8526706687938,936.1058846939146
2024-09-26,,4.875,4.83,3.749000072479248,16.959999084472656,4.139999866485596,100.41999816894531,71.9800033569336,1671.3199462890625,,,222.12591871397404,114.7619604314468,211.80191633582822,1753.1414760763,158.52664684090604,948.3789332063051
2024-09-27,,4.875,4.83,,,,,,1660.0899658203125,,,219.38853167558244,114.61051987819492,211.92094916929128,1725.5282490923503,157.92291652253968,954.6282935402328
2024-09-28,,4.875,4.83,,,,,,,,,,,,,,
2024-09-29,,4.875,4.83,3.802000045776367,16.729999542236328,4.11899995803833,100.77999877929688,71.7699966430664,,,,,,,,,
2024-09-30,1035.35726593028,4.875,4.83,3.743000030517578,19.260000228881836,4.121500015258789,101.19000244140625,73.55999755859375,1648.9100341796875,1.9,,217.0850290133264,114.38757472753298,215.1839253956715,1755.4308867020122,157.28473145092389,956.5223906958443
2024-10-01,,4.875,4.83,3.7850000858306885,18.899999618530273,4.1620001792907715,101.68000030517578,73.9000015258789,1656.3900146484375,,,218.65230908778724,114.72026284521807,215.34742587774667,1813.0739250995152,160.06414149518912,974.7076754271859
2024-10-02,,4.875,4.83,3.8499999046325684,20.489999771118164,4.171000003814697,101.98999786376953,77.62000274658203,1639.31005859375,,,215.84330597911986,114.49983020291756,214.2608623779869,1767.3835439529532,158.8541024250505,952.9288462049944
2024-10-03,,4.875,4.83,3.9809999465942383,19.209999084472656,4.21750020980835,102.5199966430664,78.05000305175781,1641.550048828125,,,217.1190151865905,114.49983020291756,216.03715360199408,1745.7456326118586,158.4537704956779,951.0114908356377
2024-10-04,,4.875,4.83,,,,,,1629.969970703125,,,215.57685918179484,113.85275646817203,215.44241428307828,1707.6283827461539,158.37429410541034,948.1296241976685
2024-10-05,,4.875,4.83,,,,,,,,,,,,,,
2024-10-06,,4.875,4.83,4.026000022888184,22.639999389648438,4.233500003814697,102.54000091552734,80.93000030517578,,,,,,,,,
2024-10-07,,4.875,4.83,4.0329999923706055,21.420000076293945,4.275000095367432,102.55000305175781,77.18000030517578,1635.2900390625,,,216.4156679894577,114.31929549644752,215.01540538653944,1759.3365837432116,159.4660031789726,984.2482835452209
2024-10-08,,4.875,4.83,4.066999912261963,20.860000610351562,4.28249979019165,102.93000030517578,76.58000183105469,1635.6199951171875,,,216.4364509035673,114.1796105042889,214.9513731419175,1756.1657238008297,157.98873588591098,981.3535159707928
2024-10-09,,4.875,4.83,4.0960001945495605,20.93000030517578,4.289999961853027,102.98999786376953,79.4000015258789,1634.9100341796875,,,217.20858090948477,113.37100562000195,220.4522520781433,1771.8315975938974,155.8752359552046,962.9652288591009
2024-10-10,,4.875,4.83,4.072999954223633,20.459999084472656,4.287499904632568,102.88999938964844,79.04000091552734,1640.93994140625,,,217.93521935850748,114.05311402678218,219.6092626199595,1780.956489659257,156.42954419140852,954.7806560093227
2024-10-11,,4.875,4.83,,,,,,1633.550048828125,,,215.19880876681614,113.93225681535048,219.69346116531034,1748.827869603152,156.5101813530985,967.7091147528861
2024-10-12,,4.875,4.83,,,,,,,,,,,,,,
2024-10-13,,4.875,4.83,4.0980000495910645,19.700000762939453,4.284999847412109,103.30000305175781,77.45999908447266,,,,,,,,,
2024-10-14,,4.875,4.83,4.038000106811523,20.639999389648438,4.295000076293945,103.26000213623047,74.25,1636.5400390625,,,216.65620013176112,114.5364297769223,221.7783996662217,1759.2981773210995,157.64091944129964,969.2992762421703
2024-10-15,,4.875,4.83,4.015999794006348,19.579999923706055,4.308000087738037,103.58999633789062,74.22000122070312,1641.969970703125,,,218.9589936668134,115.71081044097546,219.68721985651305,1762.8294217501643,157.254266510726,957.2424591073857
2024-10-16,,4.875,4.83,4.0960001945495605,19.110000610351562,4.292500019073486,103.83000183105469,74.44999694824219,1632.6300048828125,,,217.33768220941352,113.88439629636412,221.67309038884952,1795.8014189442058,157.3308256257181,941.761360479823
2024-10-17,,4.875,4.83,4.072999954223633,18.030000686645508,4.309000015258789,103.48999786376953,73.05999755859375,1641.43994140625,,,219.27281549035192,114.92262678422863,223.00825462634518,1798.9936374841132,157.58000372998754,942.760981724813
2024-10-18,,4.875,4.83,,,,,,1645.989990234375,,,219.5293247432392,115.6041466124072,220.83492572718134,1821.082771972768,156.41228875937642,950.7506508838864
2024-10-19,,4.875,4.83,,,,,,,,,,,,,,
2024-10-20,,4.875,4.83,4.182000160217285,18.3700008392334,4.296000003814697,104.01000213623047,74.29000091552734,,,,,,,,,
2024-10-21,,4.875,4.83,4.203999996185303,18.200000762939453,4.302499771118164,104.08000183105469,76.04000091552734,1645.6800537109375,,,219.97826260960065,115.32531451399794,220.46869893952993,1832.3384776650328,158.60539280004534,959.282936527252
2024-10-22,,4.875,4.83,4.242000102996826,19.239999771118164,4.324999809265137,104.43000030517578,74.95999908447266,1642.5400390625,,,219.0245480946717,116.00150737803794,222.7163451508431,1853.4048574470376,156.89545094435906,965.8330072250224
2024-10-23,,4.875,4.83,4.199999809265137,19.079999923706055,4.348999977111816,104.05999755859375,74.37999725341797,1641.530029296875,,,219.20349075926237,115.50118321826726,222.786809792754,1847.1767682425386,156.8355000782303,956.8900192251043
2024-10-24,,4.875,4.83,4.23199987411499,20.329999923706055,4.340000152587891,104.26000213623047,76.05000305175781,1632.22998046875,,,217.99988757419274,115.19453662734207,222.38099965587762,1814.0986086793077,155.26251693827743,957.893118672636
2024-10-25,,4.875,4.83,,,,,,1618.300048828125,,,215.86731986581995,115.47297180614049,221.74901524452375,1809.362130704901,154.39689405395228,956.8910685654632
2024-10-26,,4.875,4.83,,,,,,,,,,,,,,
2024-10-27,,4.875,4.83,4.2779998779296875,19.799999237060547,4.337500095367432,104.31999969482422,71.41999816894531,,,,,,,,,
2024-10-28,,4.875,4.83,4.27400016784668,19.34000015258789,4.358500003814697,104.27999877929688,71.12000274658203,1610.469970703125,,,214.84124038662097,116.23929914851476,222.19367137852313,1790.9335178064598,155.3188705701186,954.8850632355055
2024-10-29,,4.875,4.83,4.265999794006348,20.350000381469727,4.371500015258789,103.98999786376953,72.55000305175781,1615.0799560546875,,,215.8794594219851,116.72668922587965,218.78712324766383,1786.9391569879217,155.22772396723684,957.3789366112367
2024-10-30,,4.875,4.83,4.283999919891357,23.15999984741211,4.376299858093262,103.9800033569336,73.16000366210938,1601.8800048828125,,,214.61976149223366,114.94975290127208,217.84149088718777,1787.6418498013934,153.59989691972177,959.4030361541206
2024-10-31,1132.87300496479,4.875,4.83,4.361000061035156,21.8799991607666,4.369999885559082,104.27999877929688,73.0999984741211,,1.8,,,,,,,
2024-11-01,,4.875,4.83,,,,,,1603.97998046875,,,214.22769676819965,119.29279357572469,221.18671280594216,1786.7659314803764,153.54238428474173,952.3337010369798
2024-11-02,,4.875,4.83,,,,,,,,,,,,,,
2024-11-03,,4.875,4.83,4.309000015258789,21.979999542236328,4.375999927520752,103.88999938964844,75.08000183105469,,,,,,,,,
2024-11-04,,4.875,4.83,4.289000034332275,20.489999771118164,4.369999885559082,103.41999816894531,75.52999877929688,1616.4300537109375,,,214.67031669102008,121.7334138786393,222.32215408993713,1770.4694694151651,154.72503958836268,956.7838830066769
2024-11-05,,4.875,4.83,4.426000118255615,16.270000457763672,4.337500095367432,105.08999633789062,74.91999816894531,1620.699951171875,,,216.22962615369227,122.1675857302053,221.52956151896848,1777.6996621995168,150.86622779262927,954.7395296978955
2024-11-06,,4.875,4.83,4.341000080108643,15.199999809265137,4.39900016784668,104.51000213623047,75.62999725341797,1634.1700439453125,,3.0,218.32624882061947,121.61830594987802,222.31532771816217,1899.1245771791978,150.40156980105817,1008.5393419723832
2024-11-07,,4.875,4.83,4.306000232696533,14.9399995803833,4.392499923706055,105.0,73.87000274658203,1623.280029296875,,,218.17352908003323,120.16735450049596,218.35622845080297,1957.8378142617983,149.44350878367828,974.4806757667021
2024-11-08,,4.625,4.58,,,,,,1621.239990234375,,,217.817632881113,120.93105422370132,219.0594770268075,1934.338574992457,149.9880001087842,968.0481258833623
2024-11-09,,4.625,4.58,,,,,,,,,,,,,,
2024-11-10,,4.625,4.58,4.308000087738037,14.970000267028809,4.380000114440918,105.54000091552734,71.83000183105469,,,,,,,,,
2024-11-11,,4.625,4.58,4.432000160217285,14.710000038146973,4.410999774932861,106.0199966430664,71.88999938964844,1609.260009765625,,,214.88763675007806,122.8901250366059,217.76827955367196,1899.6023698231897,149.132049608413,960.1598256528806
2024-11-12,,4.625,4.58,4.451000213623047,14.020000457763672,4.434500217437744,106.4800033569336,72.27999877929688,1608.4300537109375,,,216.6958711280806,124.56362209071708,218.56903509591615,1910.9134373187355,146.683355356342,949.6839010871604
2024-11-13,,4.625,4.58,4.418000221252441,14.3100004196167,4.450500011444092,106.66999816894531,72.55999755859375,1611.5,,,216.77037149994965,122.33436721077547,219.2482779830577,1900.0444734255111,146.1820162660465,957.0376995948628
2024-11-14,,4.625,4.58,4.427999973297119,16.139999389648438,4.480000019073486,106.69000244140625,71.04000091552734,1600.6800537109375,,,215.9382466643826,120.84392721146085,219.29678275779264,1903.8770368266182,146.130090588967,937.2296731463476
2024-11-15,,4.625,4.58,,,,,,1592.43994140625,,,216.26975574232526,119.30740817267633,220.15595287042308,1881.9465945276188,145.1510570450065,937.2296731463476
2024-11-16,,4.625,4.58,,,,,,,,,,,,,,
2024-11-17,,4.625,4.58,4.414000034332275,15.579999923706055,4.4679999351501465,106.27999877929688,73.30000305175781,,,,,,,,,
2024-11-18,,4.625,4.58,4.379000186920166,16.350000381469727,4.475299835205078,106.20999908447266,73.30999755859375,1604.0400390625,,,216.79047723717525,121.00564605882336,220.95056377963752,1855.305339251998,146.25316164828507,972.3757817063254
2024-11-19,,4.625,4.58,4.406000137329102,17.15999984741211,4.4670000076293945,106.68000030517578,72.80999755859375,1602.3399658203125,,,215.3921235106062,120.07090488421063,219.7976131185903,1860.831253638837,145.92382239561252,977.2228075198589
2024-11-20,,4.625,4.58,4.432000160217285,16.8700008392334,4.468999862670898,106.97000122070312,74.2300033569336,1598.1800537109375,,,213.8042356838104,120.22585425725936,219.3905978368594,1848.202818760165,146.36006811549015,991.0943620735812
2024-11-21,,4.625,4.58,4.409999847412109,15.239999771118164,4.462500095367432,107.48999786376953,75.16999816894531,1588.6800537109375,,,214.20603524836127,118.52121505357674,216.68671375791493,1847.6464394638022,147.83138005183673,984.6955745788106
2024-11-22,,4.625,4.58,,,,,,1589.780029296875,,,213.9684404230972,117.60131346112992,219.01104058217976,1847.0311467215233,149.19806574402122,984.6586289565216
2024-11-23,,4.625,4.58,,,,,,,,,,,,,,
2024-11-24,,4.625,4.58,4.264999866485596,14.600000381469727,4.4654998779296875,106.81999969482422,73.01000213623047,,,,,,,,,
2024-11-25,,4.625,4.58,4.302000045776367,14.100000381469727,4.46150016784668,107.01000213623047,72.80999755859375,1597.449951171875,,,217.19582261437697,116.7795109105057,219.89591140254387,1908.8643905419208,147.7082452399553,978.2360654474564
2024-11-26,,4.625,4.58,4.242000102996826,14.100000381469727,4.454999923706055,106.08000183105469,72.83000183105469,1603.1500244140625,,,216.0489347879606,117.58048247712527,219.86114209141653,1876.364305160127,152.96948695280744,995.4198400527639
2024-11-27,,4.625,4.58,,,4.4375,,,1604.25,,,216.1021326056878,115.98449603581125,219.86114209141653,1871.706746786679,152.45538162422537,995.4198400527639
2024-11-28,,4.625,4.58,4.177999973297119,13.510000228881836,4.442500114440918,105.73999786376953,72.94000244140625,1597.489990234375,,,214.7241812254696,116.34477509217814,220.34245378877682,1823.0395561366927,152.12795773186798,997.5925592949244
2024-11-29,,4.625,4.58,,,,,,1594.2900390625,,,215.69798782993027,116.17213245249143,220.68666256912573,1797.779050483334,152.39002617617766,993.3293574529374
2024-11-30,1127.77705164522,4.625,4.58,,,,,,,1.8,,,,,,,
2024-12-01,,4.625,4.58,4.196000099182129,13.34000015258789,4.442500114440918,106.44999694824219,71.83000183105469,,,,,,,,,
2024-12-02,,4.625,4.58,4.2230000495910645,13.300000190734863,4.457499980926514,106.37000274658203,73.62000274658203,1595.47998046875,,,214.5035056362969,119.37114920173603,219.43237604206848,1816.5760310712578,153.81244670512794,1016.9513559298811
2024-12-03,,4.625,4.58,4.179999828338623,13.449999809265137,4.46750020980835,106.33999633789062,72.30999755859375,1606.9599609375,,,215.85269682677887,120.38416757126274,220.15327998552317,1840.4123292486292,156.5474819180511,1032.99947796377
2024-12-04,,4.625,4.58,4.179999828338623,13.539999961853027,4.449999809265137,105.70999908447266,72.08999633789062,1614.0899658203125,,,216.0841238257527,120.61449173319158,221.5197999947401,1893.6508964692628,158.3937489698649,1051.9794057417907
2024-12-05,,4.625,4.58,4.151000022888184,12.770000457763672,4.425000190734863,105.97000122070312,71.12000274658203,1615.6400146484375,,,216.91529431827226,121.03902136004167,221.3640264892768,1895.9747661524868,157.42793086536855,1067.0258962196235
2024-12-06,,4.625,4.58,,,,,,1613.25,,,216.47245279675954,120.46877297058212,222.40908584871448,1913.8187264747585,157.5675036222651,1092.6345938011366
2024-12-07,,4.625,4.58,,,,,,,,,,,,,,
2024-12-08,,4.625,4.58,4.198999881744385,14.1899995803833,4.416999816894531,106.1500015258789,72.13999938964844,,,,,,,,,
2024-12-09,,4.625,4.58,4.2210001945495605,14.180000305175781,4.421999931335449,106.4000015258789,72.19000244140625,1611.4300537109375,,,215.5044632929685,120.4128628240496,222.90011213842797,1929.923696886716,155.31373234885498,1093.4690338345224
2024-12-10,,4.625,4.58,4.270999908447266,13.579999923706055,4.424499988555908,106.70999908447266,73.5199966430664,1608.969970703125,,,214.57327774277016,120.29245505937061,221.3108112680148,1943.4023341898226,157.55352061274124,1113.23911517435
2024-12-11,,4.625,4.58,4.323999881744385,13.920000076293945,4.430500030517578,106.95999908447266,73.41000366210938,1603.199951171875,,,216.13907467315312,118.80228097844633,222.06859892305957,1936.9887836238086,156.03541135753522,1101.7466745569436
2024-12-12,,4.625,4.58,4.39900016784668,13.8100004196167,4.434999942779541,107.0,74.48999786376953,1602.0799560546875,,,215.8339942905099,119.16513985795703,222.82506112371544,1942.3878008014683,157.2970474582434,1091.7397932487102
2024-12-13,,4.625,4.58,,,,,,1608.75,,,215.8339942905099,119.03385491691371,220.92842784040974,2022.4090344456185,158.17294431357422,1139.9858949093825
2024-12-14,,4.625,4.58,,,,,,,,,,,,,,
2024-12-15,,4.625,4.58,4.396999835968018,14.6899995803833,4.447500228881836,106.86000061035156,73.91000366210938,,,,,,,,,
2024-12-16,,4.625,4.58,4.385000228881836,15.869999885559082,4.449999809265137,106.95999908447266,73.19000244140625,1606.8499755859375,,,214.95433575310088,119.51592103421345,221.84406473708657,2060.2204361377085,158.1040607447473,1115.4477015386635
2024-12-17,,4.625,4.58,4.49399995803833,27.6200008392334,4.464000225067139,108.02999877929688,73.38999938964844,1597.3299560546875,,,214.2495332499982,119.00397414286272,221.64498167437762,2062.366998450673,156.33295451338563,1080.0730630718404
2024-12-18,,4.625,4.58,4.570000171661377,24.09000015258789,4.479000091552734,108.41000366210938,72.87999725341797,1599.5799560546875,,,213.45702005346396,118.7909218293846,222.4463750150442,2041.0543432388838,155.71980948683907,1105.5962432174806
2024-12-19,,4.375,4.33,4.52400016784668,18.360000610351562,4.502999782562256,107.62000274658203,72.94000244140625,1600.0899658203125,,,213.21260818286913,118.05800574499268,220.99682559269337,2053.2548200688757,153.85656053250017,1109.0298985179227
2024-12-20,,4.375,4.33,,,,,,1591.4100341796875,,,211.2357118104262,117.06941121264552,226.11676302039908,2046.1034443650124,151.37623091323863,1068.0821650733308
2024-12-21,,4.375,4.33,,,,,,,,,,,,,,
2024-12-22,,4.375,4.33,4.598999977111816,16.780000686645508,4.505499839782715,108.04000091552734,72.62999725341797,,,,,,,,,
2024-12-23,,4.375,4.33,4.591000080108643,14.270000457763672,4.487500190734863,108.26000213623047,73.58000183105469,1596.199951171875,,,213.0312785341949,117.44538394682455,223.9544446254853,2066.425738011356,152.28153261833342,1067.5925431374724
2024-12-24,,4.375,4.33,,,4.484499931335449,,,1602.989990234375,,,213.68123871673194,118.3494142851257,223.7105698367126,2071.0178307322644,153.03127890772305,1064.7221050716664
2024-12-25,,4.375,4.33,4.578999996185303,14.729999542236328,4.484499931335449,108.12999725341797,73.26000213623047,,,,,,,,,
2024-12-26,,4.375,4.33,4.61899995803833,15.949999809265137,4.4664998054504395,108.0,74.16999816894531,1613.699951171875,,,214.43292201583165,118.31236455260724,224.02778377327797,2099.338646733457,155.51113713013189,1078.372328903991
2024-12-27,,4.375,4.33,,,,,,1628.1400146484375,,,215.74190599433436,119.26451250318175,223.61971318022213,2095.315135746709,156.14782054662808,1107.7824640176366
2024-12-28,,4.375,4.33,,,,,,,,,,,,,,
2024-12-29,,4.375,4.33,4.545000076293945,17.399999618530273,4.468999862670898,108.12999725341797,74.38999938964844,,,,,,,,,
2024-12-30,,4.375,4.33,4.572999954223633,17.350000381469727,4.462500095367432,108.48999786376953,74.63999938964844,1637.6800537109375,,,216.266654506811,119.38179937165967,224.59429825191424,2078.431770070733,157.3732556206843,1108.9174407787227
2024-12-31,1030.03810887266,4.375,4.33,,,,,,1642.3299560546875,1.8,,217.02648987159446,119.91929433608503,225.4302481498254,2070.5500756511055,157.98489133000757,1097.9099105518858
2025-01-01,,4.375,4.33,4.574999809265137,17.93000030517578,4.46999979019165,109.38999938964844,75.93000030517578,,,,,,,,,
2025-01-02,,4.375,4.33,4.5960001945495605,16.1299991607666,4.482500076293945,108.94999694824219,76.51000213623047,1632.8699951171875,,,215.66777922305795,119.83849304728365,227.12950282185736,2089.6431040703005,156.36487122165815,1094.164286601519
2025-01-03,,4.375,4.33,,,,,,1629.4599609375,,,214.57506026377223,119.2570406522693,227.15712355340173,2067.6366607396203,159.29064787264048,1088.3247937377384
2025-01-04,,4.375,4.33,,,,,,,,,,,,,,
2025-01-05,,4.375,4.33,4.618000030517578,16.040000915527344,4.497499942779541,108.26000213623047,76.30000305175781,,,,,,,,,
2025-01-06,,4.375,4.33,4.683000087738037,17.81999969482422,4.510000228881836,108.54000091552734,77.05000305175781,1625.469970703125,,,214.1872751722789,118.77563835546103,226.92539993414508,2067.1489555174503,156.8660138499266,1100.5991519994054
2025-01-07,,4.375,4.33,4.692999839782715,17.700000762939453,4.485000133514404,109.08999633789062,76.16000366210938,1629.7900390625,,,215.22993140409076,119.96963893730643,228.17016887579666,2097.438373079943,157.60145479894382,1077.6061055487912
2025-01-08,,4.375,4.33,,,4.5,109.18000030517578,76.91999816894531,1614.8299560546875,,,213.04117198786022,118.83338182247594,228.57046752767278,2060.311139570744,155.23243946461346,1044.951343864946
2025-01-09,,4.375,4.33,4.776000022888184,19.540000915527344,4.500500202178955,109.6500015258789,79.76000213623047,1600.81005859375,,,213.19832555240765,118.81742067319239,228.30144742014377,1994.4345558203324,154.55009117568264,1016.0989129119102
2025-01-10,,4.375,4.33,,,,,,1602.4100341796875,,,213.9527313087489,117.88954953142836,228.83798882483416,1958.34276634632,153.082326832639,1028.8001684009853
2025-01-11,,4.375,4.33,,,,,,,,,,,,,,
2025-01-12,,4.375,4.33,4.802999973297119,19.190000534057617,4.49399995803833,109.95999908447266,81.01000213623047,,,,,,,,,
2025-01-13,,4.375,4.33,4.788000106811523,18.709999084472656,4.507500171661377,109.2699966430664,79.91999816894531,1585.5899658203125,,,213.2746425475089,116.57782915966655,228.011672166758,1954.2006068752478,153.06351601143507,1022.6340916361863
2025-01-14,,4.375,4.33,4.6529998779296875,16.1200008392334,4.502500057220459,109.08999633789062,82.02999877929688,1576.4599609375,,,212.18122485650724,114.85790569925072,227.85581864547885,1922.5869896514873,153.48677566900702,1015.1447143813639
2025-01-15,,4.375,4.33,4.605999946594238,16.600000381469727,4.496500015258789,108.95999908447266,81.29000091552734,1562.1199951171875,,,210.70028306614375,114.89500980067314,226.73816848876044,1853.070966538532,150.99138568485867,1010.2990007446983
2025-01-16,,4.375,4.33,4.609000205993652,15.970000267028809,4.5,109.3499984741211,80.79000091552734,1555.5400390625,,,211.7932146212335,114.60102089727636,227.33616734157857,1919.371347623423,151.5042076468237,1025.7733901587012
2025-01-17,,4.375,4.33,,,,,,1566.719970703125,,,212.5089462901689,114.53638650777134,226.27753078812765,1944.1369909888604,152.45786794522243,1035.4258940964367
2025-01-18,,4.375,4.33,,,,,,,,,,,,,,
2025-01-19,,4.375,4.33,,,4.503499984741211,,,,,,,,,,,
2025-01-20,,4.375,4.33,4.573999881744385,15.0600004196167,4.490499973297119,108.05999755859375,79.29000091552734,1572.3399658203125,,,211.5904577772609,114.89749644523366,226.49966467561998,1932.8621465479457,153.05807624271546,1053.6170403955434
2025-01-21,,4.375,4.33,4.598999977111816,15.100000381469727,4.472499847412109,108.16999816894531,79.0,1580.4599609375,,,212.0433420233518,114.81507075935811,226.6911865283061,1979.4372305402362,151.85352716183198,1079.1277829793773
2025-01-22,,4.375,4.33,4.638000011444092,15.020000457763672,4.433000087738037,108.05000305175781,78.29000091552734,1587.800048828125,,3.0,214.14685689583587,115.23990713429684,227.56649753325027,1953.0717269505094,152.1410047258635,1056.9974739203788
2025-01-23,,4.375,4.33,4.625999927520752,14.850000381469727,4.441500186920166,107.44000244140625,78.5,1577.199951171875,,,212.37637961196478,115.12580347386006,227.44924057353074,1912.5278921470856,151.3351019578515,1054.8877332307084
2025-01-24,,4.375,4.33,,,,,,1573.72998046875,,,212.84188712482683,115.43067653956984,226.8511702022078,1887.6816810937405,153.58233644841752,1058.0587117643438
2025-01-25,,4.375,4.33,,,,,,,,,,,,,,
2025-01-26,,4.375,4.33,4.5279998779296875,17.899999618530273,4.375,107.33999633789062,77.08000183105469,,,,,,,,,
2025-01-27,,4.375,4.33,4.551000118255615,16.40999984741211,4.375999927520752,107.87000274658203,77.48999786376953,1558.969970703125,,,213.56540914009528,113.55150790747388,225.84594076239824,1842.8595385553294,151.74516496153714,1037.5652485658177
2025-01-28,,4.375,4.33,4.554999828338623,16.559999465942383,4.389999866485596,108.0,76.58000183105469,1552.68994140625,,,211.78042143672994,116.27247400156013,226.8554277880349,1828.7856223471301,151.16251718334092,1039.02194725728
2025-01-29,,4.375,4.33,4.51200008392334,15.84000015258789,4.387499809265137,107.80000305175781,76.87000274658203,,,,,,,,,
2025-01-30,,4.375,4.33,4.568999767303467,16.43000030517578,4.387499809265137,108.37000274658203,76.76000213623047,,,,,,,,,
2025-01-31,1067.32480018818,4.375,4.33,,,,,,1556.9200439453125,1.6,,212.2118477833554,114.80940398425481,228.10307838255986,1820.975929742869,152.17736391735454,1040.0864755403136
2025-02-01,,4.375,4.33,,,,,,,,,,,,,,
2025-02-02,,4.375,4.33,4.543000221252441,18.6200008392334,4.452499866485596,108.98999786376953,75.95999908447266,,,,,,,,,
2025-02-03,,4.375,4.33,4.513000011444092,17.209999084472656,4.469399929046631,107.95999908447266,76.19999694824219,1553.6300048828125,,,211.92592129582474,114.80940398425481,227.32170639455322,1793.791636909668,149.86949674300217,1062.8184505329489
2025-02-04,,4.375,4.33,4.421999931335449,15.770000457763672,4.441500186920166,107.58000183105469,74.61000061035156,1564.56005859375,,,215.4605152774136,115.1674611126889,230.93747456073856,1801.9062236478956,149.18982376470763,1056.4849418892036
2025-02-05,,4.375,4.33,4.440000057220459,15.5,4.420000076293945,107.69000244140625,74.29000091552734,1574.510009765625,,,215.66128275402568,116.45505271963275,232.43572711152532,1836.656338909039,149.37340399827278,1054.3376181133651
2025-02-06,,4.375,4.33,4.486999988555908,16.540000915527344,4.422500133514404,108.04000091552734,74.66000366210938,1585.1700439453125,,,216.8193124638774,116.91341016643688,232.58821856738416,1842.376104124244,151.38983261168372,1059.7529883247842
2025-02-07,,4.375,4.33,,,,,,1590.9100341796875,,,218.31400666844723,116.59727209913014,233.86524001639307,1914.1159796495383,149.562772977025,1060.8147700783618
2025-02-08,,4.375,4.33,,,,,,,,,,,,,,
2025-02-09,,4.375,4.33,4.493000030517578,15.8100004196167,4.438000202178955,108.31999969482422,75.87000274658203,,,,,,,,,
2025-02-10,,4.375,4.33,4.5370001792907715,16.020000457763672,4.46750020980835,107.95999908447266,77.0,1589.949951171875,,,218.68010736434877,115.35593395106952,234.0414341158089,1870.6177153933556,148.71232083055705,1060.8147700783618
2025-02-11,,4.375,4.33,4.63700008392334,15.890000343322754,4.46750020980835,107.94000244140625,75.18000030517578,,,,,,,,,
2025-02-12,,4.375,4.33,4.525000095367432,15.100000381469727,4.4695000648498535,107.30999755859375,75.0199966430664,1603.050048828125,,,220.47476490409022,117.51230245042427,235.38680648942955,1850.6396917891955,149.01667991542402,1060.8147700783618
2025-02-13,,4.375,4.33,4.4720001220703125,14.770000457763672,4.442399978637695,106.56999969482422,74.73999786376953,1592.280029296875,,,218.05365516262304,117.0963986085952,235.83516051824262,1837.6622167851178,147.8406463248357,1052.22405865018
2025-02-14,,4.375,4.33,,,,,,1591.5999755859375,,,219.59785443034642,116.50706518514977,238.80944878376025,1833.022083086057,146.9202775854381,1047.7707138758942
2025-02-15,,4.375,4.33,,,,,,,,,,,,,,
2025-02-16,,4.375,4.33,,,4.432000160217285,,,,,,,,,,,
2025-02-17,,4.375,4.33,4.544000148773193,15.350000381469727,4.43149995803833,107.05000305175781,75.83999633789062,1582.760009765625,,,218.83347681809968,116.01620000038433,239.0710432378452,1812.2692782897211,144.65607784015583,1045.04113678566
2025-02-18,,4.375,4.33,4.534999847412109,15.270000457763672,4.442999839782715,107.16999816894531,76.04000091552734,1584.8399658203125,,,220.06373254465785,116.49874968140072,238.1049862901951,1803.8079857685964,143.23796382993183,978.0922056271812
2025-02-19,,4.375,4.33,4.5,15.65999984741211,4.439000129699707,106.33999633789062,76.4800033569336,1580.8800048828125,,,219.47680148697413,116.52711446766644,237.4161694951245,1801.2770253080407,145.23018690668513,957.7232066199687
2025-02-20,,4.375,4.33,4.420000076293945,18.209999084472656,4.427499771118164,106.61000061035156,74.43000030517578,1577.6700439453125,,,218.78252182479054,116.17327323173134,236.072523532447,1819.6914771843908,141.19838816549938,960.6667419986858
2025-02-21,,4.375,4.33,,,,,,1591.030029296875,,,219.45141747659213,117.72322214105426,237.42420617260262,1770.6696369034148,149.8256552004215,961.3341542948181
2025-02-22,,4.375,4.33,,,,,,,,,,,,,,
2025-02-23,,4.375,4.33,4.39300012588501,18.979999542236328,4.415999889373779,106.5999984741211,74.77999877929688,,,,,,,,,
2025-02-24,,4.375,4.33,4.297999858856201,19.43000030517578,4.408999919891357,106.30999755859375,73.0199966430664,1584.25,,,218.99939868648536,120.17841891662732,238.16343490640156,1711.744835162332,145.8035991528373,956.6945192292079
2025-02-25,,4.375,4.33,4.249000072479248,19.100000381469727,4.421999931335449,106.41999816894531,72.52999877929688,1568.030029296875,,,217.39011095656556,118.04670298955627,237.86588556910257,1636.7862007328806,145.6370399791261,928.9978492019026
2025-02-26,,4.375,4.33,4.284999847412109,21.1299991607666,4.426499843597412,107.23999786376953,74.04000091552734,1588.7099609375,,,220.95525587466022,118.95447964379066,238.97711163488654,1663.6987212411536,147.7815509474131,932.1688039149977
2025-02-27,,4.375,4.33,4.230999946594238,19.6299991607666,4.452499866485596,107.61000061035156,73.18000030517578,1586.5999755859375,,,219.17496277000836,118.60654862047417,238.1837146277357,1700.2998055094793,145.29371228345,952.9806600906122
2025-02-28,1057.14730604186,4.375,4.33,,,,,,1574.699951171875,1.8,,216.5930096510574,119.79646654939206,237.66187855615195,1585.432027855579,141.7103481115142,922.0197617470369
2025-03-01,,4.375,4.33,,,,,,,,,,,,,,
2025-03-02,,4.375,4.33,4.179999828338623,22.780000686645508,4.460000038146973,106.75,71.62000274658203,,,,,,,,,
2025-03-03,,4.375,4.33,4.210000038146973,23.510000228881836,4.460000038146973,105.73999786376953,71.04000091552734,1571.3900146484375,,,218.5581559849735,117.30962623642192,237.2298069120372,1566.224584263773,141.3880866053453,910.152132486913
2025-03-04,,4.375,4.33,4.264999866485596,21.93000030517578,4.452499866485596,105.73999786376953,69.30000305175781,1555.6600341796875,,,217.53314815763355,117.90827332026662,237.12248044117322,1494.1415502761824,138.97682663761236,883.5636464015668
2025-03-05,,4.375,4.33,4.285999774932861,24.8700008392334,4.422500133514404,104.05999755859375,69.45999908447266,1564.4200439453125,,,217.1842467455539,118.29361971391634,240.1639629326859,1501.5555899955737,138.82951368479263,909.995215893227
2025-03-06,,4.375,4.33,4.316999912261963,23.3700008392334,4.425000190734863,103.83999633789062,70.36000061035156,1558.9100341796875,,3.0,213.63755546273083,119.24310988805591,240.93574603323006,1512.242781664819,140.5381066899066,922.2137525326891
2025-03-07,,4.375,4.33,,,,,,1547.27001953125,,,213.7463420127511,116.47162004929737,243.6753509327965,1457.3869390262755,138.06962890127707,919.6662171354692
2025-03-08,,4.375,4.33,,,,,,,,,,,,,,
2025-03-09,,4.375,4.33,4.2129998207092285,27.860000610351562,4.4120001792907715,103.91000366210938,69.27999877929688,,,,,,,,,
2025-03-10,,4.375,4.33,4.288000106811523,26.920000076293945,4.421000003814697,103.44000244140625,69.55999755859375,1536.4599609375,,,213.3445666276567,115.51347331025548,242.88056345499177,1404.6793369303614,136.20217099777813,891.3882421260396
2025-03-11,,4.375,4.33,4.317999839782715,24.229999542236328,4.4105000495910645,103.61000061035156,70.94999694824219,1520.1500244140625,,,210.282482038559,115.49061101883954,240.86069759380058,1389.2118006380992,133.92764152804682,878.1541582265286
2025-03-12,,4.375,4.33,4.27400016784668,24.65999984741211,4.427499771118164,103.83000183105469,69.87999725341797,1484.8299560546875,,,206.08996088631622,115.52889224025114,239.02957912223593,1359.108233260301,134.4247842003427,872.567994909527
2025-03-13,,4.375,4.33,4.308000087738037,21.770000457763672,4.435500144958496,103.72000122070312,70.58000183105469,1510.030029296875,,,211.73299068891046,116.05173662196356,238.93551598271193,1452.201642228848,136.25073943413585,880.6639905689735
2025-03-14,,4.375,4.33,,,,,,1512.1500244140625,,,212.07025002851748,117.09394490060095,237.30059918328772,1484.1741096839476,136.53091638553832,897.3876042920798
2025-03-15,,4.375,4.33,,,,,,,,,,,,,,
2025-03-16,,4.375,4.33,4.306000232696533,20.510000228881836,4.443999767303467,103.37000274658203,71.06999969482422,,,,,,,,,
2025-03-17,,4.375,4.33,4.281000137329102,21.700000762939453,4.440999984741211,103.23999786376953,70.55999755859375,1527.81005859375,,,215.50172194959396,117.5779155115323,238.8785372445063,1528.953664860704,138.68576648303238,898.2051194242431
2025-03-18,,4.375,4.33,4.25600004196167,19.899999618530273,4.441500186920166,103.43000030517578,70.77999877929688,,,,,,,,,
2025-03-19,,4.375,4.33,4.232999801635742,19.799999237060547,4.427499771118164,103.8499984741211,72.0,1517.6600341796875,,,211.91748916480378,118.29107888267968,237.67613061211478,1541.4744219019167,139.07517559450983,922.4688405896643
2025-03-20,,4.375,4.33,4.251999855041504,19.280000686645508,4.422999858856201,104.08999633789062,72.16000366210938,1504.1600341796875,,,208.4314959441907,118.18810844979981,236.44638256427805,1543.9623899064197,137.74733551466954,913.2542596364427
2025-03-21,,4.375,4.33,,,,,,1505.449951171875,,,209.09743153022995,117.66951262440153,235.72044349123996,1546.5995619122389,142.76299433000258,902.8240040294312
2025-03-22,,4.375,4.33,,,,,,,,,,,,,,
2025-03-23,,4.375,4.33,4.330999851226807,17.479999542236328,4.420499801635742,104.26000213623047,73.0,,,,,,,,,
2025-03-24,,4.375,4.33,4.307000160217285,17.149999618530273,4.429999828338623,104.18000030517578,73.0199966430664,1503.8199462890625,,,209.5175213126973,117.52989430050489,237.1384277770773,1521.0198491670694,138.75962440569342,885.6739619035203
2025-03-25,,4.375,4.33,4.3379998207092285,18.329999923706055,4.434000015258789,104.55000305175781,73.79000091552734,1513.5999755859375,,,210.11378404803267,117.01873712086343,236.6679209375846,1560.2311945259228,140.2228894808734,886.5614064546833
2025-03-26,,4.375,4.33,4.36899995803833,18.690000534057617,4.427000045776367,104.06999969482422,74.02999877929688,1518.050048828125,,,210.71311080013072,117.2202103484711,237.0458338026195,1573.7006394223615,141.32883398153945,881.2842574904881
2025-03-27,,4.375,4.33,4.255000114440918,21.649999618530273,4.428999900817871,104.04000091552734,73.62999725341797,1535.72998046875,,,213.16721548655858,117.50610207311396,238.2926999605377,1596.2242666402783,143.4223404462344,890.9996391322011
2025-03-28,,4.375,4.33,,,,,,1513.6500244140625,,,209.11781326025013,116.77577903444958,236.08776816070005,1570.8982598562436,139.00942795889813,874.2067964393151
2025-03-29,,4.375,4.33,,,,,,,,,,,,,,
2025-03-30,,4.375,4.33,4.245999813079834,22.280000686645508,4.432000160217285,104.20999908447266,74.73999786376953,,,,,,,,,
2025-03-31,981.177632038137,4.375,4.33,4.156000137329102,21.770000457763672,4.434999942779541,104.26000213623047,74.48999786376953,,1.9,,,,,,,
2025-04-01,,4.375,4.33,4.196000099182129,21.510000228881836,4.428999900817871,103.80999755859375,74.94999694824219,,,,,,,,,
2025-04-02,,4.375,4.33,4.054999828338623,30.020000457763672,4.462500095367432,102.06999969482422,70.13999938964844,1526.52001953125,,,211.41642005285505,116.730559699763,237.4776434533519,1536.9308845875746,139.23125874469937,870.6413481093225
2025-04-03,,4.375,4.33,3.984999895095825,45.310001373291016,4.439499855041504,103.0199966430664,65.58000183105469,1518.9100341796875,,,211.06851895392467,116.72720820950357,237.2360190114156,1499.9365546171468,137.5370639955896,878.4250167145718
2025-04-04,,4.375,4.33,,,,,,1504.1400146484375,,,209.26756087604778,115.94277915715949,239.91227334558357,1422.1837850229142,133.94617228092025,871.6369060498005
2025-04-05,,4.375,4.33,,,,,,,,,,,,,,
2025-04-06,,4.375,4.33,4.15500020980835,46.97999954223633,4.427499771118164,103.26000213623047,64.20999908447266,,,,,,,,,
2025-04-07,,4.375,4.33,4.26200008392334,52.33000183105469,4.487500190734863,102.95999908447266,62.81999969482422,1443.800048828125,,,201.19781221615068,112.54696705846506,234.90524411709362,1222.814020584049,126.90769791474506,796.4264227660999
2025-04-08,,4.375,4.33,4.400000095367432,33.619998931884766,4.488500118255615,102.9000015258789,65.4800033569336,1443.56005859375,,,201.16016051838176,108.9406358594671,233.57647519346588,1217.3319820518118,127.00065304427757,829.5411528908254
2025-04-09,,4.375,4.33,4.394000053405762,40.720001220703125,4.493500232696533,100.87000274658203,63.33000183105469,1400.5899658203125,,,193.20305161851988,107.10252938392502,232.2394939503855,1159.9271787379328,123.31573094128248,809.1273981574817
2025-04-10,,4.375,4.33,4.493000030517578,37.560001373291016,4.452499866485596,99.77999877929688,64.76000213623047,1463.1300048828125,,,204.72359163921357,110.91107394132476,238.16921866478268,1356.6242553696584,129.8295998997646,876.3766549400139
2025-04-11,,4.375,4.33,,,,,,1454.760009765625,,,200.83408009399682,110.64675390692584,241.8348504984829,1318.1857636333345,131.89997661761925,867.1376205057322
2025-04-12,,4.375,4.33,,,,,,,,,,,,,,
2025-04-13,,4.375,4.33,4.363999843597412,30.889999389648438,4.420000076293945,99.63999938964844,64.87999725341797,,,,,,,,,
2025-04-14,,4.375,4.33,4.322999954223633,30.1200008392334,4.412499904632568,100.22000122070312,64.66999816894531,1480.8599853515625,,,203.22186369794645,114.02271246916018,241.8311111669646,1374.8629092774283,133.38201304299812,885.5692183741235
2025-04-15,,4.375,4.33,4.2789998054504395,32.63999938964844,4.409999847412109,99.37999725341797,65.8499984741211,1486.4300537109375,,,203.26237002399688,113.56774087189616,242.14453778076526,1346.958374976344,133.09627784600465,898.6164420708885
2025-04-16,,4.375,4.33,4.333000183105469,29.649999618530273,4.4079999923706055,99.37999725341797,67.95999908447266,1476.9200439453125,,,202.524662992134,112.75657880561003,243.9068659136066,1329.092815596494,132.46810838184987,881.6220859889553
2025-04-17,,4.375,4.33,,,,,,1483.27001953125,,,203.70450150077664,112.13932303916113,242.26039746437274,1348.6976192836523,133.82877187288437,887.5265551673263
2025-04-18,,4.375,4.33,,,,,,1499.4000244140625,,,206.88270351755995,113.3378362521873,243.23427154195292,1366.1369538045597,136.06382176241019,891.9258619930213
2025-04-19,,4.375,4.33,,,,,,,,,,,,,,
2025-04-20,,4.375,4.33,4.40500020980835,33.81999969482422,,98.27999877929688,66.26000213623047,,,,,,,,,
2025-04-21,,4.375,4.33,4.388999938964844,30.56999969482422,4.40500020980835,98.91999816894531,67.44000244140625,1499.469970703125,,,206.5640172674477,113.18758712801954,242.50197318553012,1354.7427744206855,135.8685395970068,882.4303870634486
2025-04-22,,4.375,4.33,4.38700008392334,28.450000762939453,4.388500213623047,99.83999633789062,66.12000274658203,1486.25,,,204.7834902552402,113.20341904536772,243.71034183438454,1338.873495303425,133.47741512858622,868.1079090010716
2025-04-23,,4.375,4.33,4.304999828338623,26.469999313354492,4.388500213623047,99.29000091552734,66.55000305175781,1501.18994140625,,,206.26337184657726,113.15569197157622,243.7824601629302,1410.545946949051,137.074311334807,877.8320864420127
2025-04-24,,4.375,4.33,4.265999794006348,24.84000015258789,4.370500087738037,99.47000122070312,66.87000274658203,1506.52001953125,,,207.09942109104924,112.59106965965913,242.79816367479268,1413.8509312870026,137.8191126175118,874.3561915391372
2025-04-25,,4.375,4.33,,,,,,1509.199951171875,,,206.48531739141606,113.45239968723439,244.21008075772744,1518.8741996706458,139.21740802924847,891.2492196206134
2025-04-26,,4.375,4.33,,,,,,,,,,,,,,
2025-04-27,,4.375,4.33,4.216000080108643,25.149999618530273,4.375,99.01000213623047,65.86000061035156,,,,,,,,,
2025-04-28,,4.375,4.33,4.172999858856201,24.170000076293945,4.360499858856201,99.23999786376953,64.25,1521.5899658203125,,,208.74290417906636,113.17229705394224,244.1621009939992,1542.3761154885306,140.7727703066992,907.0176583335883
2025-04-29,,4.375,4.33,4.177000045776367,24.700000762939453,4.324999809265137,99.47000122070312,63.119998931884766,1515.56005859375,,,208.45020763043695,111.54300019595897,244.7732013832987,1544.6432885376782,139.6387727902855,899.3846831102404
2025-04-30,902.788167615884,4.375,4.33,4.230999946594238,24.600000381469727,4.311999797821045,100.25,62.130001068115234,1540.219970703125,1.9,,210.3467257364907,113.62829850789653,244.26902108125864,1535.6033572480083,145.51244146452305,902.1748711555637
2025-05-01,,4.375,4.33,4.322000026702881,22.68000030517578,4.317500114440918,100.0,61.290000915527344,,,,,,,,,
2025-05-02,,4.375,4.33,,,,,,1542.489990234375,,,210.01472455373911,113.91514296534928,245.65514930001692,1616.992895688982,141.56317945112067,915.7117110764673
2025-05-03,,4.375,4.33,,,,,,,,,,,,,,
2025-05-04,,4.375,4.33,4.3429999351501465,23.639999389648438,4.257500171661377,99.83000183105469,60.22999954223633,,,,,,,,,
2025-05-05,,4.375,4.33,4.308000087738037,24.760000228881836,4.197500228881836,99.23999786376953,62.150001525878906,1539.5400390625,,,210.03153716769577,112.85677693955878,244.7756469855759,1562.4279601961464,141.02400660493433,903.4322136790829
2025-05-06,,4.375,4.33,4.275000095367432,23.549999237060547,4.230000019073486,99.61000061035156,61.119998931884766,1536.800048828125,,,207.97156874918247,113.67214840931075,243.94643859411613,1555.840075277696,139.29047777289878,901.5921938588507
2025-05-07,,4.375,4.33,4.373000144958496,22.479999542236328,4.236499786376953,100.63999938964844,62.84000015258789,1549.9000244140625,,,208.7523212413464,114.17642539836035,245.42599310127207,1582.9506203938563,140.94155042174384,905.0754323964702
2025-05-08,,4.375,4.33,4.375,21.899999618530273,4.278500080108643,100.33999633789062,63.90999984741211,1542.739990234375,,3.0,206.80499820101406,112.40530255019645,246.94278371755755,1641.563636387681,142.17337934299255,896.6957103570952
2025-05-09,,4.375,4.33,,,,,,1546.5,,,206.71986388565156,113.54603695303605,247.0837861322173,1625.5533045942673,144.3641376270885,906.8619825779286
2025-05-10,,4.375,4.33,,,,,,,,,,,,,,
2025-05-11,,4.375,4.33,4.456999778747559,18.389999389648438,4.29449987411499,101.79000091552734,64.95999908447266,,,,,,,,,
2025-05-12,,4.375,4.33,4.499000072479248,18.219999313354492,4.29449987411499,101.0,66.62999725341797,,,,,,,,,
2025-05-13,,4.375,4.33,4.5279998779296875,18.6200008392334,4.320000171661377,101.04000091552734,66.08999633789062,1582.3900146484375,,,214.22413913510167,115.7515247975722,246.8403210829642,1763.5036568556695,147.88015338290504,899.9014230742313
2025-05-14,,4.375,4.33,4.454999923706055,17.829999923706055,4.287499904632568,100.87999725341797,64.52999877929688,1583.510009765625,,,214.01638784319874,115.86590267636838,246.62866755605785,1761.2784239434295,149.69766794501552,913.1983634981474
2025-05-15,,4.375,4.33,4.440999984741211,17.239999771118164,4.28000020980835,101.08999633789062,65.41000366210938,1573.02001953125,,,212.21376039261574,116.73709001001768,248.88605391954357,1730.6997161517604,149.3904952962281,907.1331550903491
2025-05-16,,4.375,4.33,,,,,,1571.75,,,212.5346526507775,116.65863825068806,247.26359577171885,1674.503236609577,150.08215460045884,901.8591276980736
2025-05-17,,4.375,4.33,,,,,,,,,,,,,,
2025-05-18,,4.375,4.33,4.474999904632568,18.139999389648438,4.293499946594238,100.43000030517578,65.54000091552734,,,,,,,,,
2025-05-19,,4.375,4.33,4.480999946594238,18.09000015258789,4.28849983215332,100.12000274658203,65.37999725341797,1556.1400146484375,,,211.58785816999992,115.33355251558297,248.05934084345185,1603.853904671988,147.0353863997052,887.6424368174942
2025-05-20,,4.375,4.33,4.5960001945495605,20.8700008392334,4.296000003814697,99.55999755859375,64.91000366210938,1548.8699951171875,,,210.7675322677701,113.60575638014521,248.29114078507652,1610.5638904744012,145.52791093048484,882.35885315152
2025-05-21,,4.375,4.33,4.552999973297119,20.280000686645508,4.267499923706055,99.95999908447266,64.44000244140625,1544.800048828125,,,208.68954111656942,114.35179044973376,249.53593785619773,1552.0470167438154,141.09681027769736,885.0486726535839
2025-05-22,,4.375,4.33,4.508999824523926,22.290000915527344,4.272500038146973,99.11000061035156,64.77999877929688,1527.02001953125,,,203.90540241438057,113.8904587561619,248.95641586204275,1558.21125884677,139.8738810662058,877.8995061484492
2025-05-23,,4.375,4.33,,,,,,1535.3800048828125,,,206.79437069630836,114.54095873486013,247.67711423131016,1554.4307773185096,141.27950679155578,885.7534815720641
2025-05-24,,4.375,4.33,,,,,,,,,,,,,,
2025-05-25,,4.375,4.33,,,4.228499889373779,98.93000030517578,,,,,,,,,,
2025-05-26,,4.375,4.33,4.434000015258789,18.959999084472656,4.2164998054504395,99.5199966430664,64.08999633789062,1534.300048828125,,,207.42876486881744,114.64976808082166,250.1810290275162,1541.819338886802,142.56411832715318,883.1584715281746
2025-05-27,,4.375,4.33,4.4770002365112305,19.309999465942383,4.239999771118164,99.87999725341797,64.9000015258789,1526.1600341796875,,,205.8744352942956,116.0643840411049,248.60704401948092,1552.346362939369,144.35789403698215,880.4326588148843
2025-05-28,,4.375,4.33,4.423999786376953,19.18000030517578,4.232500076293945,99.27999877929688,64.1500015258789,1523.47998046875,,,204.72300647461336,113.73606332234228,249.95345054414707,1578.3389221836562,144.85515314970428,875.383146930275
2025-05-29,,4.375,4.33,4.415999889373779,18.56999969482422,4.237500190734863,99.33000183105469,63.900001525878906,1518.97998046875,,,204.71520044569576,113.47658246948961,250.6727194092945,1623.9065713138284,145.67746714246766,880.7111082613451
2025-05-30,,4.375,4.33,,,,,,1508.3499755859375,,,204.58888051856064,111.57595436250296,252.516829624821,1588.8895489781391,143.69504767090694,878.8850120278317
2025-05-31,934.503407087944,4.375,4.33,,,,,,,2.0,,,,,,,
2025-06-01,,4.375,4.33,4.461999893188477,18.360000610351562,4.254000186920166,98.69999694824219,64.62999725341797,,,,,,,,,
2025-06-02,,4.375,4.33,4.460000038146973,17.690000534057617,4.254000186920166,99.25,65.62999725341797,,,,,,,,,
2025-06-03,,4.375,4.33,4.364999771118164,17.610000610351562,4.242499828338623,98.79000091552734,64.86000061035156,1503.25,,,203.1874704901405,112.44042223404989,253.38944798295896,1587.0577270429917,142.8370788977118,865.6126073417772
2025-06-04,,4.375,4.33,4.394000053405762,18.479999542236328,4.244500160217285,98.73999786376953,65.33999633789062,1507.969970703125,,,203.2658861051019,112.29687222244627,253.23124350626892,1600.3953828812666,144.43660846815897,853.1256753486939
2025-06-05,,4.375,4.33,4.510000228881836,16.770000457763672,4.2270002365112305,99.19000244140625,66.47000122070312,1518.1199951171875,,,202.96853391824422,112.88204036723862,252.93279914456534,1630.6553709989423,146.95314398121354,882.4854988766109
2025-06-06,,4.375,4.33,,,,,,1516.7900390625,,,202.35694922569581,113.66031967255516,256.60045363001353,1628.977778746012,145.0250965793058,865.5169125377888
2025-06-07,,4.375,4.33,,,,,,,,,,,,,,
2025-06-08,,4.375,4.33,4.48199987411499,17.15999984741211,4.224999904632568,98.94000244140625,67.04000091552734,,,,,,,,,
2025-06-09,,4.375,4.33,4.473999977111816,16.950000762939453,4.228000164031982,99.05000305175781,66.87000274658203,1519.4100341796875,,,202.71093783096444,113.92984488990494,257.70906835901656,1650.3948377463466,145.57744269610095,866.2851807426032
2025-06-10,,4.375,4.33,4.4120001792907715,17.260000228881836,4.232999801635742,98.62999725341797,69.7699966430664,1516.949951171875,,,202.1790477823265,112.72136786512523,256.81765723697134,1660.9083967861193,145.4181476381725,879.9922009737837
2025-06-11,,4.375,4.33,4.35699987411499,18.020000457763672,4.23330020904541,97.91999816894531,69.36000061035156,1523.8399658203125,,,203.74103156819814,112.66277139473209,256.25851238223953,1669.6113883876244,144.81292004897279,877.2928559057069
2025-06-12,,4.375,4.33,4.423999786376953,20.81999969482422,4.218500137329102,98.18000030517578,74.2300033569336,1526.6199951171875,,,203.81756097767973,112.24052122322922,258.5644202891623,1695.0005647569242,146.0315826461291,874.5093282014636
2025-06-13,,4.375,4.33,,,,,,1518.1099853515625,,,202.00707825583586,113.03816244629394,258.90277564944745,1656.065962729887,146.1016040687095,855.5043941463298
2025-06-14,,4.375,4.33,,,,,,,,,,,,,,
2025-06-15,,4.375,4.33,4.452000141143799,19.110000610351562,4.243000030517578,98.0,73.2300033569336,,,,,,,,,
2025-06-16,,4.375,4.33,4.39300012588501,21.600000381469727,4.239999771118164,98.81999969482422,76.44999694824219,1519.989990234375,,,200.23548855565446,115.89259011502457,260.492835814944,1628.7856685290972,147.68548426289192,847.1715463513041
2025-06-17,,4.375,4.33,4.396999835968018,20.139999389648438,4.233500003814697,98.91000366210938,76.69999694824219,1511.6400146484375,,,198.90935506699577,113.6644551551957,260.93106127478234,1632.5794028580012,146.99570407459342,824.7299258066016
2025-06-18,,4.375,4.33,,,4.248000144958496,,,1511.949951171875,,,199.6100184813091,113.5518204554592,260.187668017978,1653.2158501564322,147.23096150347394,823.9051228851594
2025-06-19,,4.375,4.33,4.375,20.6200008392334,4.257500171661377,98.70999908447266,77.01000213623047,1501.43994140625,,,197.98669091428414,113.06800326180189,258.72475750613603,1644.0594616843714,144.3336515696337,816.4751749718544
2025-06-20,,4.375,4.33,,,,,,1502.739990234375,,,199.4162432356977,113.62384801452241,260.8285557287851,1610.4492843816047,141.56099477854923,814.8088721904255
2025-06-21,,4.375,4.33,,,,,,,,,,,,,,
2025-06-22,,4.375,4.33,4.320000171661377,19.829999923706055,4.252500057220459,98.41999816894531,71.4800033569336,,,,,,,,,
2025-06-23,,4.375,4.33,4.293000221252441,17.479999542236328,4.277500152587891,97.86000061035156,67.13999938964844,1516.6099853515625,,,204.30014127542404,114.03961168647194,257.8631508848048,1630.5599500026026,143.71278537422876,824.1907104097727
2025-06-24,,4.375,4.33,4.293000221252441,16.760000228881836,4.233500003814697,97.68000030517578,67.68000030517578,1514.2900390625,,,203.22042230426666,114.05718934635263,253.4731155303843,1651.9730863006027,144.3926945617625,841.0856764746534
2025-06-25,,4.375,4.33,4.252999782562256,16.59000015258789,4.236000061035156,97.1500015258789,67.7300033569336,1519.7900390625,,,202.9941231750622,114.0775453112356,263.72181621476,1684.1948392061038,146.14308184263015,841.928522435507
2025-06-26,,4.375,4.33,4.2829999923706055,16.31999969482422,4.22599983215332,97.4000015258789,67.7699966430664,1528.1600341796875,,,204.06163670809363,116.85973226429327,260.1818019177995,1715.78016148903,149.17138881665076,828.6441171530649
2025-06-27,,4.375,4.33,,,,,,,,,,,,,,
2025-06-28,,4.375,4.33,,,,,,,,,,,,,,
2025-06-29,,4.375,4.33,4.230000019073486,16.729999542236328,4.22599983215332,96.87999725341797,67.61000061035156,,,,,,,,,
2025-06-30,931.0405934196078,4.375,4.33,4.250999927520752,16.829999923706055,4.209499835968018,96.81999969482422,67.11000061035156,1532.9599609375,1.8,,202.7287079072331,116.76630606758569,263.76738248038004,1702.9996881020186,149.40219070812236,836.9484121701814
2025-07-01,,4.375,4.33,4.293000221252441,16.639999389648438,4.195000171661377,96.77999877929688,69.11000061035156,1541.530029296875,,,201.6860000560869,118.19226275104037,267.17287772060325,1736.743735483381,148.46133613229568,824.0680959497059
2025-07-02,,4.375,4.33,4.3480000495910645,16.3799991607666,4.226500034332275,97.18000030517578,68.80000305175781,1550.2099609375,,,203.20833211348682,117.90058451559943,267.4186962819242,1725.9771910614684,150.2207619507794,822.4617380861534
2025-07-03,,4.375,4.33,,,4.21999979019165,,68.29000091552734,1548.989990234375,,,203.27225839443477,118.72648198010012,272.8926966474329,1816.6224318780014,152.3789463168134,830.5092839039838
2025-07-04,,4.375,4.33,,,,,,1550.18994140625,,,203.91842553315368,118.41477822505666,271.36240245697775,1769.506188069147,150.82953012154053,828.7203009183045
2025-07-05,,4.375,4.33,,,,,,,,,,,,,,
2025-07-06,,4.375,4.33,4.394999980926514,17.790000915527344,4.218500137329102,97.4800033569336,69.58000183105469,,,,,,,,,
2025-07-07,,4.375,4.33,4.414999961853027,16.809999465942383,4.233500003814697,97.51000213623047,70.1500015258789,1537.5400390625,,,202.80211337912812,118.73619288062784,268.41473073778764,1749.265736379676,148.89935966432293,834.0319872903946
2025-07-08,,4.375,4.33,4.3420000076293945,15.9399995803833,4.238500118255615,97.47000122070312,70.19000244140625,1530.1400146484375,,,201.4170444137525,118.66757307190367,273.79264695605514,1695.9733842258179,148.9387532436441,823.1270761898597
2025-07-09,,4.375,4.33,4.3460001945495605,15.779999732971191,4.248000144958496,97.6500015258789,68.63999938964844,1529.239990234375,,2.75,199.7731750081713,120.31786372007186,273.23051601869463,1711.69917998037,148.4610389695579,822.1661586276317
2025-07-10,,4.375,4.33,4.422999858856201,16.399999618530273,4.259500026702881,97.8499984741211,70.36000061035156,1536.52001953125,,,201.92202491074474,119.58255131669657,271.1511443891149,1693.1850598048186,147.21840582391198,823.7656910680006
2025-07-11,,4.375,4.33,,,,,,1536.0699462890625,,,201.75745829247808,118.88807724774612,269.89971564736044,1738.1834681492442,147.4555439633389,819.9828357008623
2025-07-12,,4.375,4.33,,,,,,,,,,,,,,
2025-07-13,,4.375,4.33,4.427000045776367,17.200000762939453,4.25,98.08000183105469,69.20999908447266,,,,,,,,,
2025-07-14,,4.375,4.33,4.488999843597412,17.3799991607666,4.25,98.62000274658203,68.70999908447266,1537.510009765625,,,202.37770590385574,118.22531873472725,270.2392077810518,1758.343507294374,146.00634778734678,828.1646340752269
2025-07-15,,4.375,4.33,4.454999923706055,17.15999984741211,4.239999771118164,98.38999938964844,68.5199966430664,1525.4000244140625,,,200.04338181336402,117.89622706023228,274.5585033393512,1754.9015803751904,145.2990414130219,823.5957586234694
2025-07-16,,4.375,4.33,4.4629998207092285,16.520000457763672,4.242499828338623,98.7300033569336,69.5199966430664,1511.5,,,197.43712423602386,117.80010098510311,272.7755995983383,1738.7830949616764,145.8498911078128,801.5442558772311
2025-07-17,,4.375,4.33,4.432000160217285,16.40999984741211,4.245500087738037,98.4800033569336,69.27999877929688,1520.93994140625,,,197.7482893223358,118.27425880086253,273.42372523588534,1731.3699741379792,148.09472572246466,807.7221023900531
2025-07-18,,4.375,4.33,,,,,,1525.8599853515625,,,198.71113235473456,118.33292088432795,269.7446338871969,1749.6924474518044,147.66259878909705,818.4846475519852
2025-07-19,,4.375,4.33,,,,,,,,,,,,,,
2025-07-20,,4.375,4.33,4.372000217437744,16.649999618530273,4.239999771118164,97.8499984741211,69.20999908447266,,,,,,,,,
2025-07-21,,4.375,4.33,4.335999965667725,16.5,4.232999801635742,97.38999938964844,68.58999633789062,1524.5899658203125,,,198.65918583624028,117.9055092506459,273.5073424035888,1744.022725634777,147.7676632384808,823.8825408906289
2025-07-22,,4.375,4.33,4.388000011444092,15.369999885559082,4.229000091552734,97.20999908447266,68.51000213623047,1519.4000244140625,,,199.1874397748317,116.60474350947696,271.76869598832434,1726.7255554267776,146.47073023068677,819.1988564464447
2025-07-23,,4.375,4.33,4.4079999923706055,15.390000343322754,4.224999904632568,97.37999725341797,69.18000030517578,1529.7900390625,,,200.51378366671236,117.23822374656443,271.6779782790376,1760.0112963299246,146.74843638652425,833.0181200273067
2025-07-24,,4.375,4.33,4.386000156402588,14.930000305175781,4.212500095367432,97.6500015258789,68.44000244140625,1540.3199462890625,,,201.4047798739735,118.3939506197789,271.96992903315,1773.4942388074178,153.16663953003027,840.7783578712692
2025-07-25,,4.375,4.33,,,,,,1533.760009765625,,,200.96682965775702,117.40905885128183,272.8453718810719,1791.395869022497,151.65596449569506,838.5427130688767
2025-07-26,,4.375,4.33,,,,,,,,,,,,,,
2025-07-27,,4.375,4.33,4.420000076293945,15.029999732971191,4.218999862670898,98.66000366210938,70.04000091552734,,,,,,,,,
2025-07-28,,4.375,4.33,4.329999923706055,15.979999542236328,4.228499889373779,98.91000366210938,72.51000213623047,1529.3800048828125,,,200.34221759657046,118.53976109816506,273.57883571092367,1788.2722984243276,152.0272367296576,836.289680518561
2025-07-29,,4.375,4.33,4.375999927520752,15.479999542236328,4.232500076293945,99.94000244140625,73.23999786376953,1523.8199462890625,,,198.48540449284758,116.36714403299288,271.39079341753273,1779.6350307966247,154.77263956879975,838.7827569645949
2025-07-30,,4.375,4.33,4.360000133514404,16.719999313354492,4.242499828338623,100.02999877929688,72.52999877929688,1524.5,,,198.35937957735243,116.74745855823846,273.16596862133696,1779.820047435475,158.93228752561143,835.6761743467442
2025-07-31,1026.012903505442,4.375,4.33,4.21999979019165,20.3799991607666,4.262499809265137,98.69000244140625,69.66999816894531,1513.25,1.8,,196.7065694891508,116.45141507735843,275.73127704597255,1799.9447566149584,156.40295875514744,835.8474791454183
2025-08-01,,4.375,4.33,,,,,,1533.3499755859375,,,201.82146002277906,115.7655371182826,276.6864577467265,1816.480746459785,155.13470230492473,828.9637453273618
2025-08-02,,4.375,4.33,,,,,,,,,,,,,,
2025-08-03,,4.375,4.33,4.199999809265137,17.520000457763672,4.275000095367432,98.77999877929688,68.76000213623047,,,,,,,,,
2025-08-04,,4.375,4.33,4.196000099182129,17.850000381469727,4.233500003814697,98.77999877929688,67.63999938964844,1526.97998046875,,,200.22061365264202,115.46568990305568,277.24035801568186,1785.5872465042746,155.21436276924982,813.5722364305404
2025-08-05,,4.375,4.33,4.21999979019165,16.770000457763672,4.224999904632568,98.18000030517578,66.88999938964844,1538.6400146484375,,,201.06010716151,115.26807457721011,276.85388779140794,1809.7965500040536,158.21941888286395,811.1479205470154
2025-08-06,,4.375,4.33,4.24399995803833,16.56999969482422,4.218999862670898,98.4000015258789,66.43000030517578,1541.47998046875,,,202.39609931265971,115.18355284038371,274.60657183823963,1760.4833508375598,159.91513855856968,792.3876611688077
2025-08-07,,4.375,4.33,4.284999847412109,15.149999618530273,4.227499961853027,98.18000030517578,66.58999633789062,1549.1099853515625,,,201.94200195838098,115.08997223795036,275.6942209703026,1776.3440747510433,160.0411824575751,797.581207756865
2025-08-08,,4.375,4.33,,,,,,1556.97998046875,,,203.2241021773728,116.48865964502555,275.1516242352325,1762.3685298252308,160.60188519362603,786.0866749975086
2025-08-09,,4.375,4.33,,,,,,,,,,,,,,
2025-08-10,,4.375,4.33,4.2729997634887695,16.25,4.23799991607666,98.5199966430664,66.62999725341797,,,,,,,,,
2025-08-11,,4.375,4.33,4.293000221252441,14.729999542236328,4.231500148773193,98.0999984741211,66.12000274658203,1563.239990234375,,,205.39117251358783,116.96218770391864,272.51900817737175,1774.8514765131504,162.23637679309923,798.8906641168381
2025-08-12,,4.375,4.33,4.23799991607666,14.489999771118164,4.227499961853027,97.83999633789062,65.62999725341797,1567.9000244140625,,,206.50741871322168,118.54011315943222,272.85271749515323,1764.736396056692,164.95757298498498,804.0023906238846
2025-08-13,,4.375,4.33,4.293000221252441,14.829999923706055,4.204999923706055,98.25,66.83999633789062,1586.5999755859375,,,209.96410385950225,119.83168813419556,274.4719824125874,1818.8237257929516,160.01019390532136,815.672003147488
2025-08-14,,4.375,4.33,4.328000068664551,15.09000015258789,4.212500095367432,97.8499984741211,65.8499984741211,1581.050048828125,,,210.07710887720398,119.23156820210798,272.605642817749,1781.163041054132,158.07775639380458,817.8529270718185
2025-08-15,,4.375,4.33,,,,,,1576.3399658203125,,,210.27874673695402,117.63795073518217,271.8246040708625,1778.5115923231608,156.59441249338218,805.0594046428146
2025-08-16,,4.375,4.33,,,,,,,,,,,,,,
2025-08-17,,4.375,4.33,4.341000080108643,14.989999771118164,4.2104997634887695,98.16999816894531,66.5999984741211,,,,,,,,,
2025-08-18,,4.375,4.33,4.302000045776367,15.569999694824219,4.21999979019165,98.2699966430664,65.79000091552734,1584.9599609375,,,211.06664414391187,118.24048962436046,270.628831588063,1789.0314398595517,158.79526377752114,801.7326947179082
2025-08-19,,4.375,4.33,4.296000003814697,15.6899995803833,4.2204999923706055,98.22000122070312,66.83999633789062,1590.239990234375,,,211.78641963515577,119.02174450344054,271.4937004804016,1800.7845033860256,160.41696575743453,802.4485218056396
2025-08-20,,4.375,4.33,4.329999923706055,16.600000381469727,4.223499774932861,98.62000274658203,67.66999816894531,1588.2099609375,,,211.49984496544255,119.52664078984073,274.1108341991789,1781.5239655644946,165.55082702215836,799.587730887562
2025-08-21,,4.375,4.33,4.260000228881836,14.220000267028809,4.2220001220703125,97.72000122070312,67.7300033569336,1592.8699951171875,,,212.05997510301415,119.83316627083103,272.58745249003783,1767.857178654619,174.31671840772427,805.9938069591882
2025-08-22,,4.375,4.33,,,,,,1597.469970703125,,,212.6171134069407,120.18429400900881,273.9193689263817,1789.7727128290849,175.45869554203895,805.6554638490093
2025-08-23,,4.375,4.33,,,,,,,,,,,,,,
2025-08-24,,4.375,4.33,4.275000095367432,14.789999961853027,4.224999904632568,98.43000030517578,68.80000305175781,,,,,,,,,
2025-08-25,,4.375,4.33,4.257999897003174,14.619999885559082,4.204999923706055,98.2300033569336,67.22000122070312,1602.449951171875,,,213.9929293943375,120.55742619069005,270.8079609841857,1839.0587904865893,172.1824938773108,809.4282944824736
2025-08-26,,4.375,4.33,4.23799991607666,14.850000381469727,4.2144999504089355,98.2300033569336,68.05000305175781,1581.5899658203125,,,210.8942191098357,119.76090273841189,271.1321531289052,1825.3156521747774,171.119005131292,800.9820856014787
2025-08-27,,4.375,4.33,4.206999778747559,14.430000305175781,4.23199987411499,97.80999755859375,68.62000274658203,1587.9100341796875,,,210.32119345928746,119.58458918975936,268.51271315519324,1848.9121165209933,171.17937559130684,810.038337530661
2025-08-28,,4.375,4.33,4.2270002365112305,15.359999656677246,4.207499980926514,97.7699966430664,68.12000274658203,1587.0699462890625,,,210.5634312231615,120.3487466108851,269.76684087680104,1815.1394826484634,167.33513463297407,800.2793422261268
2025-08-29,,4.375,4.33,,,,,,1575.1199951171875,,,209.85831013545013,119.90505432697331,268.669129550359,1821.88826480931,164.73297141718453,789.2823146713096
2025-08-30,,4.375,4.33,,,,,,,,,,,,,,
2025-08-31,1034.900269774872,4.375,4.33,,,4.222499847412109,,,,1.8,,,,,,,
2025-09-01,,4.375,4.33,4.2769999504089355,17.170000076293945,4.222499847412109,98.4000015258789,69.13999938964844,,,,,,,,,
2025-09-02,,4.375,4.33,4.210999965667725,16.350000381469727,4.22629976272583,98.13999938964844,67.5999984741211,1576.699951171875,,,209.6915064588885,119.82590752652635,268.422463968292,1803.8432977779942,164.99534281437477,799.4013342943557
2025-09-03,,4.375,4.33,4.176000118255615,15.300000190734863,4.224999904632568,98.3499984741211,66.98999786376953,1578.52001953125,,,208.38892312389152,120.60307357039952,269.83963869985934,1831.348444837208,166.6756591181715,823.4360552725185
2025-09-04,,4.375,4.33,4.085999965667725,15.180000305175781,4.22130012512207,97.7699966430664,65.5,1578.1500244140625,,2.75,209.2941082778062,120.47481486609959,270.40192944721804,1816.4983713835481,164.87851896382804,807.9658752630685
2025-09-05,,4.375,4.33,,,,,,,,,,,,,,
2025-09-06,,4.375,4.33,,,,,,,,,,,,,,
2025-09-07,,4.375,4.33,4.046000003814697,15.109999656677246,4.21750020980835,97.44999694824219,66.0199966430664,,,,,,,,,
2025-09-08,,4.375,4.33,4.073999881744385,15.039999961853027,4.215000152587891,97.79000091552734,66.38999938964844,1585.5899658203125,,,209.24063466690885,121.1122810474007,272.1889305926772,1805.4798993800064,168.01340166076875,809.1053298373629
2025-09-09,,4.375,4.33,4.0320000648498535,15.350000381469727,4.203499794006348,97.77999877929688,67.48999786376953,1586.81005859375,,,208.62726091163788,122.25542296681601,271.20519502307565,1788.9931924088057,168.64997796490192,799.23817720933
2025-09-10,,4.375,4.33,4.011000156402588,14.710000038146973,4.212500095367432,97.54000091552734,66.37000274658203,1590.75,,,208.7901307440293,122.49061188968295,268.38231193542003,1794.64318352443,166.913190226304,805.7418903121531
2025-09-11,,4.375,4.33,4.060999870300293,14.760000228881836,4.2195000648498535,97.55000305175781,66.98999786376953,1582.8499755859375,,,210.21418543451227,122.28848142021005,271.58918198026686,1836.6125785751997,165.4960414362789,801.4407642609054
2025-09-12,,4.375,4.33,,,,,,1600.1300048828125,,,212.68772726476962,122.82057758973546,270.528209976337,1831.3285675114616,166.5794794143266,807.9272473858964
2025-09-13,,4.375,4.33,,,,,,,,,,,,,,
2025-09-14,,4.375,4.33,4.033999919891357,15.6899995803833,4.202499866485596,97.30000305175781,67.44000244140625,,,,,,,,,
2025-09-15,,4.375,4.33,4.026000022888184,16.360000610351562,4.203999996185303,96.62999725341797,68.47000122070312,,,,,,,,,
2025-09-16,,4.375,4.33,4.076000213623047,15.720000267028809,4.202499866485596,96.87000274658203,67.94999694824219,,,,,,,,,
2025-09-17,,4.375,4.33,4.104000091552734,15.699999809265137,4.185999870300293,97.3499984741211,67.44000244140625,1611.699951171875,,,215.46753160090987,123.98275790145725,271.08750069286174,1846.926950668103,171.03282946276698,813.6470919645288
2025-09-18,,4.125,4.08,4.138999938964844,15.449999809265137,4.19350004196167,97.63999938964844,66.68000030517578,1598.9300537109375,,,214.1743304879608,123.66091471567704,271.4391404338239,1864.2042652509651,169.33393165594143,802.056517715361
2025-09-19,,4.125,4.08,,,,,,1598.22998046875,,,212.55051700039013,123.64389378867745,271.4391404338239,1872.5650613528992,171.07336970882722,801.3541950664342
2025-09-20,,4.125,4.08,,,,,,,,,,,,,,
2025-09-21,,4.125,4.08,4.14300012588501,16.100000381469727,4.207499980926514,97.33000183105469,66.56999969482422,,,,,,,,,
2025-09-22,,4.125,4.09,4.119999885559082,16.639999389648438,4.199999809265137,97.26000213623047,67.62999725341797,1603.3399658203125,,,214.12496371376494,123.72664234825659,271.7880809403638,1844.5704880815179,168.98055669572298,799.2453789115112
2025-09-23,,4.125,4.09,4.146999835968018,16.18000030517578,4.196000099182129,97.87000274658203,69.30999755859375,1603.550048828125,,,213.95176979369762,123.45203183003908,272.00805671052257,1845.6410214439857,168.14396941387037,811.0101622271927
2025-09-24,,4.125,4.09,4.171999931335449,16.739999771118164,4.204999923706055,98.55000305175781,69.41999816894531,1599.6600341796875,,,214.35765158306643,123.07556107894979,277.83288190120163,1862.0792651282716,169.80400094067724,814.6670438887325
2025-09-25,,4.125,4.09,4.186999797821045,15.289999961853027,4.212500095367432,98.1500015258789,70.12999725341797,1598.469970703125,,,213.24449112277267,123.99839917859816,279.4598243393304,1855.1354593497433,168.96555423834536,818.1190837020052
2025-09-26,,4.125,4.09,,,,,,1609.050048828125,,,215.0652001881821,124.00126791925533,279.7951791391229,1821.336589018802,171.56920163489318,814.0458595428486
2025-09-27,,4.125,4.09,,,,,,,,,,,,,,
2025-09-28,,4.125,4.09,4.140999794006348,16.1200008392334,4.21750020980835,97.91000366210938,67.97000122070312,,,,,,,,,
2025-09-29,,4.125,4.09,4.1479997634887695,16.280000686645508,4.212500095367432,97.7699966430664,67.0199966430664,1610.949951171875,,,216.56191471482106,124.53740033218683,277.952794854252,1800.4776246704516,169.7108018044451,812.6436823171405
2025-09-30,1038.281370551327,4.125,4.09,4.105999946594238,16.290000915527344,4.205999851226807,97.70999908447266,65.3499984741211,1611.8800048828125,2.0,,215.9361790749684,124.66301417411216,274.93308244342506,1799.196910866866,168.80859327049583,812.6436823171405
2025-10-01,,4.125,4.09,4.0879998207092285,16.6299991607666,4.204999923706055,97.8499984741211,64.11000061035156,1620.8699951171875,,,217.80410194020408,124.80855731950136,272.63551750674304,1864.4487114805588,170.11466210220078,817.5214680187498
2025-10-02,,4.125,4.09,4.11899995803833,16.649999618530273,4.203000068664551,97.72000122070312,64.52999877929688,1637.800048828125,,,219.65128714259876,124.78119310361686,276.77989875638895,1986.0356457180035,169.5787735842935,823.0359857389137
2025-10-03,,4.125,4.09,,,,,,1635.06005859375,,,220.06608498468822,124.19798784417362,278.7397355359709,1998.2451856253494,170.79504824213214,820.2970781474382
2025-10-04,,4.125,4.09,,,,,,,,,,,,,,
2025-10-05,,4.125,4.09,4.1620001792907715,16.3700008392334,4.212500095367432,98.11000061035156,65.47000122070312,,,,,,,,,
2025-10-06,,4.125,4.09,4.126999855041504,17.239999771118164,4.212500095367432,98.58000183105469,65.44999694824219,1638.0899658203125,,,220.62435059398632,124.71242489847596,280.75524949769795,2013.698915053208,169.63838190144168,815.3470659279824
2025-10-07,,4.125,4.09,4.129000186920166,16.299999237060547,4.211999893188477,98.8499984741211,66.25,1630.030029296875,,,219.94230435757368,124.27109353194052,278.9138894849861,2039.0717150802402,170.22047581052303,810.4431541375535
2025-10-08,,4.125,4.1,4.1479997634887695,16.43000030517578,4.213500022888184,99.54000091552734,65.22000122070312,1627.5,,,219.878820697687,124.99201405435021,279.86437424491686,2028.2051141305856,169.87968398835892,816.1970197856933
2025-10-09,,4.125,4.1,4.051000118255615,21.65999984741211,4.213500022888184,98.9800033569336,62.72999954223633,1629.6700439453125,,,218.17329064584828,125.83962694488626,281.635539660256,2101.2672377679255,169.60353541442464,885.0005468125504
2025-10-10,,4.125,4.1,,,,,,1622.25,,,217.30670907678308,125.45057897224088,281.4071440646532,2048.0939176362754,169.28947193316287,893.4311252042954
2025-10-11,,4.125,4.1,,,,,,,,,,,,,,
2025-10-12,,4.125,4.1,4.051000118255615,19.030000686645508,4.21750020980835,99.2699966430664,63.31999969482422,,,,,,,,,
2025-10-13,,4.125,4.1,4.021999835968018,20.809999465942383,4.2245001792907715,99.05000305175781,62.38999938964844,1615.18994140625,,,215.13739304275515,125.19526080137011,278.62164215303096,2032.4751261330732,168.9941700105542,923.5207966003188
2025-10-14,,4.125,4.1,4.046000003814697,20.639999389648438,4.228000164031982,98.79000091552734,61.90999984741211,1611.4599609375,,,214.12310737805512,124.58971994070744,278.7872078128178,1987.989879796748,166.7200283704246,914.11531721218
2025-10-15,,4.125,4.1,3.9760000705718994,25.309999465942383,4.229499816894531,98.38999938964844,61.060001373291016,1611.550048828125,,,213.85646741454855,124.75246086583873,284.1201625283203,2039.8821218903183,167.0636155333324,911.9388631353012
2025-10-16,,4.125,4.11,4.006999969482422,20.780000686645508,4.224999904632568,98.43000030517578,61.290000915527344,1612.2900390625,,,214.1959176992946,125.54661098297446,277.25404812689953,2102.397623852847,167.0850550025587,917.8681276834425
2025-10-17,,4.125,4.11,,,,,,1607.1800537109375,,,213.64162043897284,125.83255530154702,279.6615671441284,2033.1433636358859,164.78328817878122,903.9282452688348
2025-10-18,,4.125,4.11,,,,,,,,,,,,,,
2025-10-19,,4.125,4.11,3.9860000610351562,18.229999542236328,4.223499774932861,98.58999633789062,61.0099983215332,,,,,,,,,
2025-10-20,,4.125,4.11,3.9630000591278076,17.8700008392334,4.223499774932861,98.93000030517578,61.31999969482422,,,,,,,,,
2025-10-21,,4.125,4.11,3.953000068664551,18.600000381469727,4.226500034332275,98.9000015258789,62.59000015258789,1616.8299560546875,,,214.99754223703755,126.4909028328233,276.2475292802424,2084.415879242097,165.43764429131394,908.4545550582236
2025-10-22,,4.125,4.11,3.990999937057495,17.299999237060547,4.227499961853027,98.94000244140625,65.98999786376953,1602.68994140625,,,212.2383954307106,126.06479103523573,274.7486676745382,2095.8369867326805,164.41096132385118,891.9356442769533
2025-10-23,,4.125,4.11,3.996999979019165,16.3700008392334,4.226500034332275,98.94999694824219,65.94000244140625,1608.0,,,213.37225854510277,126.07144704969929,276.7664050764863,2101.540094518022,164.18086582660126,903.6844337682845
2025-10-24,,4.125,4.11,,,,,,1613.27001953125,,,214.36299995150648,126.13511632748573,277.98464189632807,2135.042763733486,166.70602645874385,901.0908555222275
2025-10-25,,4.125,4.11,,,,,,,,,,,,,,
2025-10-26,,4.125,4.11,3.996999979019165,15.789999961853027,4.221499919891357,98.77999877929688,65.62000274658203,,,,,,,,,
2025-10-27,,4.125,4.12,3.9830000400543213,16.420000076293945,4.206299781799316,98.69000244140625,64.4000015258789,1618.3800048828125,,,215.2107993934329,128.11501423695447,276.4819019502943,2158.7115012598556,165.7982919053349,907.7655993325372
2025-10-28,,4.125,4.12,4.058000087738037,16.920000076293945,4.196499824523926,99.22000122070312,64.91999816894531,1613.56005859375,,,214.24590017766022,127.6378656219087,278.2782475309918,2171.614981963352,164.98155043542218,897.8265846234473
2025-10-29,,4.125,4.12,4.0929999351501465,16.90999984741211,4.1875,99.52999877929688,65.0,1611.5400390625,,,213.73772796814245,126.99754986403693,277.52625156049925,2171.818976967025,164.56909087248422,884.6904925858108
2025-10-30,,3.875,3.87,4.10099983215332,17.440000534057617,4.197500228881836,99.80000305175781,65.06999969482422,1614.199951171875,,,213.7164237992343,127.86255239357315,275.4796693084067,2149.4853256024508,164.78586852027618,879.2456660600926
2025-10-31,977.0566075979775,3.875,3.86,,,,,,1609.1500244140625,2.1,,213.47490827606168,126.34652165186961,273.1133006238582,2135.0558398809803,163.8540636815674,879.2842553242729
2025-11-01,,3.875,3.86,,,,,,,,,,,,,,
2025-11-02,,3.875,3.86,4.105999946594238,17.170000076293945,4.185500144958496,99.87000274658203,64.88999938964844,,,,,,,,,
2025-11-03,,3.875,3.87,4.089000225067139,19.0,4.197000026702881,100.22000122070312,64.44000244140625,1622.4200439453125,,,215.55864337482546,128.0039332332491,273.8852409476024,2090.1189233921796,163.82984197071252,877.8786896466717
2025-11-04,,3.875,3.87,4.1570000648498535,18.010000228881836,4.199999809265137,100.19999694824219,63.52000045776367,1623.5,,,217.1564572622851,127.74239160686712,271.93030987079925,2081.4243559700485,162.5512586815976,873.7377402211191
2025-11-05,,3.875,3.87,4.0929999351501465,19.5,4.189000129699707,99.7300033569336,63.380001068115234,1621.550048828125,,,217.8181805564639,128.16551489113752,274.1597428771874,2077.9795145132953,162.63331571283004,866.7755409766057
2025-11-06,,3.875,3.87,4.0929999351501465,19.079999923706055,4.179999828338623,99.5999984741211,63.630001068115234,1618.93994140625,,2.75,216.47982113075645,127.80977685137032,275.11808570895477,2076.569985204659,158.5726567478966,870.9360761105495
2025-11-07,,3.875,3.87,,,,,,1619.1300048828125,,,216.86511746646246,129.13857799972226,276.19942558706254,2082.375837182732,158.35111879088112,870.9360761105495
2025-11-08,,3.875,3.87,,,,,,,,,,,,,,
2025-11-09,,3.875,3.87,4.110000133514404,17.600000381469727,4.173500061035156,99.62000274658203,64.05999755859375,,,,,,,,,
2025-11-10,,3.875,3.87,4.119999885559082,17.280000686645508,4.15749979019165,99.45999908447266,65.16000366210938,1627.3800048828125,,,217.56394354612624,129.4336147357804,275.12103480251125,2124.964457012192,160.7310256714427,875.7669507138651
2025-11-11,,3.875,3.87,4.065000057220459,17.510000228881836,4.135000228881836,99.4800033569336,62.709999084472656,1634.8299560546875,,,218.52430847872785,130.56154894807696,278.59692323116974,2113.431920679137,160.0339999118567,879.2982885691266
2025-11-12,,3.875,3.87,4.111999988555908,20.0,4.132999897003174,99.18000030517578,63.0099983215332,1631.6099853515625,,,217.66531730249704,130.24329773164544,279.9965407786209,2120.6092033805944,158.8538212040677,875.7810761426848
2025-11-13,,3.875,3.88,4.1479997634887695,19.829999923706055,4.126500129699707,99.2699966430664,64.38999938964844,1632.27001953125,,,218.05688105443159,130.0034429288166,281.59780054948203,2099.49736885525,157.86861136300246,887.5486810412332
2025-11-14,,3.875,3.88,,,,,,1625.6700439453125,,,217.3576711347567,129.5594475314552,281.2903740034381,2036.1017005699462,156.01883866385765,879.2193173171468
2025-11-15,,3.875,3.88,,,,,,,,,,,,,,
2025-11-16,,3.875,3.88,4.132999897003174,22.3799991607666,4.130000114440918,99.58999633789062,64.19999694824219,,,,,,,,,
2025-11-17,,3.875,3.88,4.123000144958496,24.690000534057617,4.145999908447266,99.55000305175781,64.88999938964844,1627.4300537109375,,,218.22333781084805,128.40829075904472,279.38512917530716,2026.8515021469993,155.49191712448135,874.1799209362177
2025-11-18,,3.875,3.88,4.132999897003174,23.65999984741211,4.161300182342529,100.2300033569336,63.5099983215332,1614.06005859375,,,215.84812345525015,127.72263309004732,281.27137772816815,2009.5279946925864,151.5012999426169,862.0785885949962
2025-11-19,,3.875,3.88,4.105999946594238,26.420000076293945,4.1479997634887695,100.16000366210938,63.380001068115234,1623.8900146484375,,,217.58746504089981,128.78701696577656,282.3581624629681,2009.5279946925864,150.90159619113626,866.3700560904525
2025-11-20,,3.875,3.88,4.063000202178955,23.43000030517578,4.1539998054504395,100.18000030517578,62.560001373291016,1619.9599609375,,,217.32401398509785,127.74213939440044,284.59943806564286,2040.4003194722154,152.42366728944907,874.9330056230984
2025-11-21,,3.875,3.88,,,,,,1617.5699462890625,,,216.6063422078458,127.95528213088446,287.34962279913697,2003.0682007736661,150.0774735131722,872.0234131355461
2025-11-22,,3.875,3.88,,,,,,,,,,,,,,
2025-11-23,,3.875,3.88,4.038000106811523,20.520000457763672,4.164999961853027,100.13999938964844,63.369998931884766,,,,,,,,,
2025-11-24,,3.875,3.88,4.001999855041504,18.559999465942383,4.13700008392334,99.66000366210938,62.47999954223633,1618.780029296875,,,217.1857917167521,127.80803394153826,289.2876521061201,2007.0907935277098,145.0593112191853,862.9999704478308
2025-11-25,,3.875,3.88,3.997999906539917,17.190000534057617,4.128499984741211,99.5999984741211,63.130001068115234,1611.739990234375,,,217.3311635321481,128.44206113120427,288.38902319797126,2017.4366069406651,144.93095916449604,866.0252099313409
2025-11-26,,3.875,3.88,,,4.136000156402588,,,1624.5,,,219.93969005716752,127.28082310936628,291.8500644316444,1999.6635841426182,146.9535425052799,872.6868762770197
2025-11-27,,3.875,3.88,4.017000198364258,16.350000381469727,4.127999782562256,99.45999908447266,63.20000076293945,1617.4599609375,,,218.27997074846147,125.7440121292132,286.8946476009997,1999.7034451103457,142.90882405058665,879.2981713187597
2025-11-28,,3.875,3.89,,,,,,1604.469970703125,,,219.4232671733534,124.90591419276184,287.109479215371,1935.4528833868558,141.29169432253542,883.680241424104
2025-11-29,,3.875,3.89,,,,,,,,,,,,,,
2025-11-30,981.2246703958918,3.875,3.89,4.0960001945495605,17.239999771118164,4.130000114440918,99.41000366210938,63.16999816894531,,2.2,,,,,,,
2025-12-01,,3.875,3.89,4.085999965667725,16.59000015258789,4.128499984741211,99.36000061035156,62.45000076293945,1624.5699462890625,,,222.90251899820254,123.29578469063046,284.91786497077595,1843.9299667738414,145.76023772665962,885.05253513092
2025-12-02,,3.875,3.89,4.057000160217285,16.079999923706055,4.130000114440918,98.8499984741211,62.66999816894531,1630.5999755859375,,,226.97929203321507,124.52392052137063,286.6261357695481,1832.3453100555657,147.83646515367647,878.0309304326794
2025-12-03,,3.875,3.89,4.107999801635742,15.779999732971191,4.119999885559082,98.98999786376953,63.2599983215332,1622.8399658203125,,,226.43573980600144,124.26688404397301,284.1430539851628,1847.5916527022068,146.26240363964357,883.6875744453446
2025-12-04,,3.875,3.89,4.138999938964844,15.40999984741211,4.114500045776367,98.98999786376953,63.75,1621.0699462890625,,,225.15379229456238,124.60188331329458,275.85765308620955,1840.3812680343865,145.02507349061128,890.6978688578795
2025-12-05,,3.875,3.89,,,,,,1616.52001953125,,,224.6192806664272,124.60498003221703,272.04771503825833,1815.0925750589156,143.24349033631214,889.3743890216539
2025-12-06,,3.875,3.89,,,,,,,,,,,,,,
2025-12-07,,3.875,3.89,4.171999931335449,16.65999984741211,4.108500003814697,99.08999633789062,62.4900016784668,,,,,,,,,
2025-12-08,,3.875,3.89,4.185999870300293,16.93000030517578,4.111999988555908,99.22000122070312,61.939998626708984,1612.780029296875,,,223.74221636263357,122.81775790222997,276.201252759342,1829.3123720533902,140.7177661246059,898.3819209388884
2025-12-09,,3.875,3.89,4.164000034332275,15.770000457763672,4.11299991607666,98.79000091552734,62.209999084472656,1614.1700439453125,,,223.12279870631878,124.05538307840432,280.6737850401252,1823.215764393841,142.26673111068249,920.251266567745
2025-12-10,,3.875,3.89,4.140999794006348,14.850000381469727,4.115499973297119,98.3499984741211,61.279998779296875,1611.0,,,222.985835571272,123.88758361338085,280.3207332898698,1831.90794106475,144.8646763286033,899.5898378701357
2025-12-11,,3.625,3.64,4.193999767303467,15.739999771118164,4.107999801635742,98.4000015258789,61.119998931884766,1625.3900146484375,,,226.10018647593537,126.18479836207825,280.92716406741846,1830.0711923227816,145.89468856508213,898.8797522305806
2025-12-12,,3.625,3.64,,,,,,1637.81005859375,,,227.43786989874377,126.37157592900164,282.1072638530549,1829.6400682538956,148.77306623669358,918.9186028604036
2025-12-13,,3.625,3.64,,,,,,,,,,,,,,
2025-12-14,,3.625,3.64,4.182000160217285,16.5,4.094799995422363,98.1500015258789,60.560001373291016,,,,,,,,,
2025-12-15,,3.625,3.64,4.14900016784668,16.479999542236328,4.0929999351501465,98.1500015258789,58.91999816894531,1643.719970703125,,,228.50658865670005,125.9930635470219,280.79285875981645,1816.7451737553113,149.75291185371097,923.6001602456232
2025-12-16,,3.625,3.64,4.151000022888184,17.6200008392334,4.084000110626221,98.37000274658203,59.68000030517578,1648.31005859375,,,228.64757184489224,126.95633564102747,284.74186551233015,1782.6244896277383,150.7533726050546,930.323533464243
2025-12-17,,3.625,3.64,4.116000175476074,16.8700008392334,4.085999965667725,98.43000030517578,59.81999969482422,1641.43994140625,,,226.61008300872578,126.25015738406915,281.76934395314856,1815.2058496628488,150.7533726050546,938.6266998992195
2025-12-18,,3.625,3.64,4.151000022888184,14.90999984741211,4.081999778747559,98.5999984741211,60.470001220703125,1646.9000244140625,,,226.2285856366232,127.37531338799981,282.97364364004613,1796.8612790495229,150.3463715982902,960.5598076575935
2025-12-19,,3.625,3.64,,,,,,1665.9000244140625,,,231.71835775414021,128.58674462823302,283.74918059993416,1802.6988892055417,152.2245077877953,951.4866947796274
2025-12-20,,3.625,3.64,,,,,,,,,,,,,,
2025-12-21,,3.625,3.64,4.169000148773193,14.079999923706055,4.07450008392334,98.29000091552734,62.06999969482422,,,,,,,,,
2025-12-22,,3.625,3.64,4.169000148773193,14.0,4.075300216674805,97.94000244140625,62.380001068115234,1671.2900390625,,,232.18517962226687,127.67361061678942,284.2739173420473,1792.1311338094888,152.19361706044575,952.4429668199655
2025-12-23,,3.625,3.64,4.136000156402588,13.470000267028809,4.061500072479248,97.9800033569336,62.2400016784668,1676.6400146484375,,,232.74232682702376,127.78501347989837,286.4686231209662,1809.4576238050283,152.537082180113,949.146590512345
2025-12-24,,3.625,3.64,,,,,,1678.31005859375,,,231.63678960725798,128.42768098591992,286.1175643430026,1795.2767565691288,154.24246238957494,955.5091265322245
2025-12-25,,3.625,3.64,4.136000156402588,13.600000381469727,4.042500019073486,98.0199966430664,60.63999938964844,,,,,,,,,
2025-12-26,,3.625,3.64,,,,,,1677.0999755859375,,,231.42820776137413,128.64378707048382,285.69742125648173,1775.4391159075813,154.31037528909357,951.1411004577214
2025-12-27,,3.625,3.64,,,,,,,,,,,,,,
2025-12-28,,3.625,3.64,4.116000175476074,14.199999809265137,4.046000003814697,98.04000091552734,61.939998626708984,,,,,,,,,
2025-12-29,,3.625,3.64,4.130000114440918,14.329999923706055,4.057499885559082,98.23999786376953,61.91999816894531,1680.989990234375,,,232.31147402623367,129.0158957396652,287.80433348710903,1773.860983834585,153.95534398591116,952.4658156147209
2025-12-30,,3.625,3.64,4.163000106811523,14.949999809265137,4.045000076293945,98.27999877929688,60.849998474121094,1684.530029296875,,,233.27160660218706,128.78692405203816,287.36827157944066,1768.291049052468,154.36482408214417,961.2298548469536
2025-12-31,1004.341820515184,3.625,3.64,,,,,,1680.1099853515625,2.2,,233.31246697612826,128.7451986413756,287.63781246665917,1734.404355302162,154.03897304749208,950.8761057440788
2026-01-01,,3.625,3.64,4.186999797821045,14.510000228881836,4.052499771118164,98.41999816894531,60.75,,,,,,,,,
2026-01-02,,3.625,3.64,,,,,,1669.760009765625,,,230.7451083991236,127.71688214190495,292.3948656931917,1763.9762451034571,152.48574796378392,942.5163032549882
2026-01-03,,3.625,3.64,,,,,,,,,,,,,,
2026-01-04,,3.625,3.64,4.164999961853027,14.899999618530273,4.051499843597412,98.2699966430664,61.7599983215332,,,,,,,,,
2026-01-05,,3.625,3.64,4.178999900817871,14.75,4.069499969482422,98.58000183105469,60.70000076293945,1680.3199462890625,,,234.15770868715035,128.42319937132436,295.0217293201398,1793.7106053781376,152.28943722386782,958.9089760345089
2026-01-06,,3.625,3.64,4.138000011444092,15.380000114440918,4.043499946594238,98.68000030517578,59.959999084472656,1672.3499755859375,,,232.139718704566,127.76739852379619,299.0211296026425,1809.2729774441225,150.41418850863502,939.5620415669931
2026-01-07,,3.625,3.64,4.183000087738037,15.449999809265137,4.090000152587891,98.93000030517578,61.9900016784668,1676.8299560546875,,,232.84421627738666,129.0208894002255,296.68503430293055,1804.0655343634298,150.82532067961748,946.5881774420391
2026-01-08,,3.625,3.64,4.171000003814697,14.489999771118164,4.054999828338623,99.12999725341797,63.34000015258789,1669.5699462890625,,,231.86817717650507,128.24936262380942,298.1751764736612,1833.2238974842533,148.14041910983116,948.288753572808
2026-01-09,,3.625,3.64,,,,,,1686.5400390625,,,235.87851385904867,129.12096230403046,297.82885235710484,1894.1943788201381,149.99120368055446,967.3517182278547
2026-01-10,,3.625,3.64,,,,,,,,,,,,,,
2026-01-11,,3.625,3.64,4.186999797821045,15.119999885559082,4.091000080108643,98.86000061035156,63.869998931884766,,,,,,,,,
2026-01-12,,3.625,3.64,4.171000003814697,15.979999542236328,4.060500144958496,99.12999725341797,65.47000122070312,1695.43994140625,,,237.20824542685608,131.62759701232224,300.9418302093332,1867.7578316628928,150.6432532313213,950.6795839667191
2026-01-13,,3.625,3.64,4.139999866485596,16.75,4.056000232696533,99.12999725341797,66.5199966430664,1708.199951171875,,,240.5741156820489,130.2312608339565,301.9745194140854,1860.1584056638067,150.0939026854099,948.9548100643617
2026-01-14,,3.625,3.64,4.159999847412109,15.84000015258789,4.046500205993652,99.31999969482422,63.7599983215332,1710.9100341796875,,,240.66050848384987,130.53437668889006,303.0521522819924,1869.7518327631606,153.0018426562328,955.544804301266
2026-01-15,,3.625,3.64,4.230999946594238,15.859999656677246,4.052000045776367,99.38999938964844,64.12999725341797,1715.1600341796875,,,243.43142499672445,129.57954505787097,305.2784846467756,1910.6512000395337,152.52297908150513,942.7849822364077
2026-01-16,,3.625,3.64,,,,,,1712.739990234375,,,243.14426591359185,128.3668572310374,307.98745626762735,1938.6987902075487,152.43448828365672,946.7023890480476
2026-01-17,,3.625,3.64,,,,,,,,,,,,,,
2026-01-18,,3.625,3.64,,,4.054999828338623,,,,,,,,,,,
2026-01-19,,3.625,3.64,4.295000076293945,20.09000015258789,4.052499771118164,98.63999938964844,64.91999816894531,1712.3299560546875,,,243.14426591359185,128.3668572310374,307.98745626762735,1938.6987902075487,152.43448828365672,946.7023890480476
2026-01-20,,3.625,3.64,4.252999782562256,16.899999618530273,4.052000045776367,98.76000213623047,65.23999786376953,1699.06005859375,,,239.93377413711508,128.23894495290713,306.367196846253,1870.3046908453864,152.42277165149332,925.1674857645296
2026-01-21,,3.625,3.64,4.249000072479248,15.640000343322754,4.044000148773193,98.36000061035156,64.05999755859375,1705.81005859375,,,241.05137429482326,128.1821111103105,307.6879334933528,1878.9690028776147,154.42743524177905,939.2452076834367
2026-01-22,,3.625,3.64,4.238999843597412,16.09000015258789,4.037499904632568,97.5999984741211,65.87999725341797,1717.1400146484375,,2.75,243.3800947257152,128.83640510100975,306.4472569495477,1888.45758902549,155.0567925941476,945.5914574420481
2026-01-23,,3.625,3.64,,,,,,1719.989990234375,,,244.39236940159438,128.98195796109968,307.2811266232626,1841.7898518242212,154.43965353045272,936.0104840800349
2026-01-24,,3.625,3.64,,,,,,,,,,,,,,
2026-01-25,,3.625,3.64,4.2129998207092285,16.149999618530273,4.002999782562256,97.04000091552734,65.58999633789062,,,,,,,,,
2026-01-26,,3.625,3.64,4.2230000495910645,16.350000381469727,3.9630000591278076,96.22000122070312,67.56999969482422,1744.0699462890625,,,250.0709645737381,130.28384035023527,311.9140720231207,1775.9477729524697,154.2712566398775,945.4842876447515
2026-01-27,,3.625,3.64,4.250999927520752,16.350000381469727,3.9489998817443848,96.44999694824219,68.4000015258789,1771.25,,,257.3718511697936,129.91598138112474,303.9924714686594,1787.7689269422938,155.3178429803588,959.2413669933554
2026-01-28,,3.625,3.64,4.2270002365112305,16.8799991607666,3.9165000915527344,96.27999877929688,70.70999908447266,1756.489990234375,,,253.93007433623907,130.68682777200385,304.3480036319175,1738.1419955459794,153.64252737093003,972.7627504681991
2026-01-29,,3.625,3.64,4.241000175476074,17.440000534057617,3.924999952316284,96.98999786376953,70.69000244140625,1730.8900146484375,,,249.31104955555222,129.01650577731476,306.6393844567461,1709.2639067980863,149.5474496150929,959.7386652645023
2026-01-30,,3.625,3.64,,,,,,1740.8800048828125,,,251.8753315876828,129.313094131746,312.53934693718315,1715.301512892195,152.05088352172191,953.7590591109412
2026-01-31,1033.768393945682,3.625,3.64,,,,,,,2.3,,,,,,,
2026-02-01,,3.625,3.64,4.275000095367432,16.34000015258789,3.939500093460083,97.61000061035156,66.30000305175781,,,,,,,,,
2026-02-02,,3.625,3.64,4.27400016784668,18.0,3.9625000953674316,97.44000244140625,67.33000183105469,,,,,,,,,
2026-02-03,,3.625,3.64,4.275000095367432,18.639999389648438,3.930000066757202,97.62000274658203,69.45999908447266,1748.260009765625,,,254.0549334781773,130.50252294195226,309.9754591777001,1731.1138679998855,151.17281272119374,952.1251988155641
2026-02-04,,3.625,3.64,4.210000038146973,21.770000457763672,3.929500102996826,97.81999969482422,67.55000305175781,1742.8199462890625,,,252.77701673863427,130.23303054596212,309.8187139436081,1708.7382462022963,148.7886656699019,952.4257650255098
2026-02-05,,3.625,3.64,4.205999851226807,20.3700008392334,3.9458000659942627,97.62999725341797,68.05000305175781,1731.02001953125,,,252.8036734910311,130.111803765779,310.9140352278574,1661.7049961996547,149.64945461917347,927.2266701982027
2026-02-06,,3.625,3.64,,,,,,1732.8299560546875,,,253.41405355694332,129.6299093676058,311.1836603438101,1658.6307538970982,148.88636365421263,929.9886715684639
2026-02-07,,3.625,3.64,,,,,,,,,,,,,,
2026-02-08,,3.625,3.64,4.197999954223633,17.360000610351562,3.944999933242798,96.81999969482422,69.04000091552734,,,,,,,,,
2026-02-09,,3.625,3.64,4.146999835968018,17.790000915527344,3.924999952316284,96.80000305175781,68.80000305175781,1751.300048828125,,,257.03124825140014,129.80645901117674,314.4057523040686,1694.5474532385965,152.59281015670624,936.8176951279872
2026-02-10,,3.625,3.64,4.171999931335449,17.649999618530273,3.9200000762939453,96.83000183105469,69.4000015258789,1747.5400390625,,,257.1109522870527,130.1854586527511,311.8404854797368,1678.2807750426152,150.4581066321288,948.8282151106853
2026-02-11,,3.625,3.64,4.104000091552734,20.81999969482422,3.9124999046325684,96.93000030517578,67.5199966430664,1756.3900146484375,,,259.87197082867334,130.16116513161882,315.0173527211382,1678.7095160408378,151.70837572185482,954.2382170762564
2026-02-12,,3.625,3.64,4.056000232696533,20.600000381469727,3.9000000953674316,96.87999725341797,67.75,1750.8499755859375,,,258.25051468239866,130.00971864782758,317.2972185647427,1686.5055411486626,152.84202073838657,942.5255562446707
2026-02-13,,3.625,3.64,,,,,,1739.5400390625,,,255.46657824392565,129.77172021432855,319.0817016482835,1671.7179650154105,151.4565201115591,939.199530403619
2026-02-14,,3.625,3.64,,,,,,,,,,,,,,
2026-02-15,,3.625,3.64,,,3.9049999713897705,,,,,,,,,,,
2026-02-16,,3.625,3.64,4.052000045776367,20.290000915527344,3.8975000381469727,97.16000366210938,67.41999816894531,1741.260009765625,,,253.98296421800478,129.7196560621012,320.94145271678957,1652.8541944065523,154.47769468167135,946.0232762646231
2026-02-17,,3.625,3.64,4.078999996185303,19.6200008392334,3.8975000381469727,97.69999694824219,70.3499984741211,,,,,,,,,
2026-02-18,,3.625,3.64,4.074999809265137,20.229999542236328,3.9024999141693115,97.93000030517578,71.66000366210938,,,,,,,,,
2026-02-19,,3.625,3.64,4.085999965667725,19.09000015258789,3.9063000679016113,97.80000305175781,71.76000213623047,1752.1099853515625,,,255.9107276382421,130.32185822877202,322.38852910335635,1695.7093436042005,155.61614318531602,950.0318936103639
2026-02-20,,3.625,3.64,,,,,,1752.8299560546875,,,256.7381132018784,130.72438398586672,319.89853807721005,1666.2076494808612,155.40555569901136,951.2689199424273
2026-02-21,,3.625,3.64,,,,,,,,,,,,,,
2026-02-22,,3.625,3.64,4.0289998054504395,21.010000228881836,3.9005000591278076,97.69999694824219,71.48999786376953,,,,,,,,,
2026-02-23,,3.625,3.64,4.0329999923706055,19.549999237060547,3.8884999752044678,97.87999725341797,70.7699966430664,1757.97998046875,,,257.54953294811446,132.10744371625066,320.4323889069078,1686.4211782921207,153.2763398636056,944.7648351285577
2026-02-24,,3.625,3.64,4.047999858856201,17.93000030517578,3.8912999629974365,97.69999694824219,70.8499984741211,1754.010009765625,,,258.3791756166763,130.14223673892795,322.7924950222973,1675.9486894053457,151.34855090485493,937.2367944433071
2026-02-25,,3.625,3.64,4.017000198364258,18.6299991607666,3.8884999752044678,97.79000091552734,70.75,1747.81005859375,,,256.1772758106658,129.3162396279466,321.9221497685403,1688.9451388795812,153.64516348670213,940.2882253761469
2026-02-26,,3.625,3.64,3.9619998931884766,19.860000610351562,3.881999969482422,97.61000061035156,72.4800033569336,1740.93994140625,,,254.45184518481426,128.83675683838956,321.23202577299895,1696.5578776771104,153.95850395666224,941.3389171535428
2026-02-27,,3.625,3.64,,,,,,1716.6099853515625,,,248.7708890287314,127.24904153475944,311.10490552019405,1665.4195198169236,149.33316738240174,904.2542723156158
2026-02-28,1121.177897131898,3.625,3.64,,,,,,,2.3,,,,,,,
2026-03-01,,3.625,3.64,4.047999858856201,21.440000534057617,3.8887999057769775,98.37999725341797,77.73999786376953,,,,,,,,,
2026-03-02,,3.625,3.64,4.056000232696533,23.56999969482422,3.9240000247955322,99.05000305175781,81.4000015258789,1700.2099609375,,,244.72987087525854,126.22337562876835,308.02027363365045,1638.7923379464394,156.54925225349763,893.7366742735829
2026-03-03,,3.625,3.64,4.079999923706055,21.149999618530273,3.94350004196167,98.7699966430664,81.4000015258789,1711.949951171875,,,247.0598549686773,125.27637758152859,310.45191024744867,1658.3743564514589,157.571610822241,893.8141326267676
2026-03-04,,3.625,3.64,4.145999908447266,23.75,3.938499927520752,99.31999969482422,85.41000366210938,1698.219970703125,,,244.2470107195284,124.38027531194844,307.7686401324642,1603.2486655452296,157.12703315651373,897.4673406078889
2026-03-05,,3.625,3.64,4.132999897003174,29.489999771118164,3.947499990463257,98.98999786376953,92.69000244140625,1713.199951171875,,2.75,246.45727879016462,125.20254734195075,306.12356556248574,1627.4719402261535,158.80002536574008,912.6272725095693
2026-03-06,,3.625,3.64,,,,,,1718.06005859375,,,245.66034068079384,126.41697265706628,306.12356556248574,1605.3261464581271,170.98634401976796,930.4676764695929
2026-03-07,,3.625,3.64,,,,,,,,,,,,,,
2026-03-08,,3.625,3.64,4.136000156402588,25.5,3.94350004196167,99.18000030517578,98.95999908447266,,,,,,,,,
2026-03-09,,3.625,3.64,4.136000156402588,24.93000030517578,3.9605000019073486,98.83000183105469,87.80000305175781,1674.1700439453125,,,239.33062779110864,129.07994532524572,298.8499833918894,1523.7109421993089,166.05323740610407,903.0978585232992
2026-03-10,,3.625,3.64,4.208000183105469,24.229999542236328,3.9214999675750732,99.2300033569336,91.9800033569336,1701.6800537109375,,,243.73225555208603,128.82023564029765,302.5975572976835,1584.9778316984418,164.62703358306283,905.6244332047313
2026-03-11,,3.625,3.64,4.2729997634887695,27.290000915527344,3.9135000705718994,99.73999786376953,100.45999908447266,1708.780029296875,,,246.26017605807232,128.7716661446028,302.53991086988157,1589.8360170330707,168.2684645259797,922.2413789258588
2026-03-12,,3.625,3.64,4.284999847412109,27.190000534057617,3.9240000247955322,100.36000061035156,103.13999938964844,1711.010009765625,,,246.97974260465392,130.259262605941,303.4107103819692,1591.4107160514225,174.28256691243493,918.5913655804367
2026-03-13,,3.625,3.64,,,,,,1698.8499755859375,,,245.8769056996334,129.46986210072353,302.9910555960478,1594.7927756884899,174.71027209522146,952.9401935268074
2026-03-14,,3.625,3.64,,,,,,,,,,,,,,
2026-03-15,,3.625,3.64,4.21999979019165,23.510000228881836,3.936000108718872,99.70999908447266,100.20999908447266,,,,,,,,,
2026-03-16,,3.625,3.64,4.202000141143799,22.3700008392334,3.927999973297119,99.58000183105469,103.41999816894531,1696.56005859375,,,247.2432363218989,129.96465438663012,302.9910555960478,1587.1339355071889,174.71191830555327,944.9133781561884
2026-03-17,,3.625,3.64,4.258999824523926,25.09000015258789,3.922499895095825,100.08999633789062,107.37999725341797,1710.989990234375,,,249.7688525961553,129.7641809635655,304.1431497792002,1609.1399696857682,179.4698670665251,936.2847768540522
2026-03-18,,3.625,3.64,4.281000137329102,24.059999465942383,3.933000087738037,99.2300033569336,108.6500015258789,1729.81005859375,,,252.92613751239318,130.962506097149,306.32386401023115,1633.7725681141073,179.8987007331592,935.944941999461
2026-03-19,,3.625,3.64,4.390999794006348,26.780000686645508,3.936500072479248,99.6500015258789,112.19000244140625,1720.7099609375,,,250.04629953702548,132.46245080359864,295.59087389719497,1613.3985663308306,183.08455779947542,926.3878752372628
2026-03-20,,3.625,3.64,,,,,,,,,250.04629953702548,132.46245080359864,295.59087389719497,1613.3985663308306,183.08455779947542,926.3878752372628
2026-03-21,,3.625,3.64,,,,,,,,,,,,,,
2026-03-22,,3.625,3.64,4.334000110626221,26.149999618530273,3.936500072479248,98.94999694824219,99.94000244140625,,,,,,,,,
2026-03-23,,3.625,3.64,4.392000198364258,26.950000762939453,3.922499895095825,99.43000030517578,104.48999786376953,,,,,,,,,
2026-03-24,,3.625,3.64,4.328000068664551,25.329999923706055,3.9539999961853027,99.5999984741211,102.22000122070312,1708.760009765625,,,247.58336543481158,132.5891845562057,295.840375814137,1597.484734129756,189.82820613995463,894.7929321967994
2026-03-25,,3.625,3.64,4.415999889373779,27.440000534057617,3.9619998931884766,99.9000015258789,108.01000213623047,1716.6800537109375,,,250.13218242187034,131.22009869627692,295.21345322693924,1602.1859591861135,185.90634205473785,913.5489851066937
2026-03-26,,3.625,3.64,4.440000057220459,31.049999237060547,3.991499900817871,100.1500015258789,112.56999969482422,1710.8900146484375,,,247.42644325258522,132.80224288035436,296.22052076083924,1630.574171732435,190.0566186410958,913.1838067732632
2026-03-27,,3.625,3.64,,,,,,1712.6500244140625,,,246.06678497481192,133.93422105141178,297.3217181974611,1618.655315575462,193.16420159812102,929.966740438172
2026-03-28,,3.625,3.64,,,,,,,,,,,,,,
2026-03-29,,3.625,3.64,4.3420000076293945,30.610000610351562,4.017499923706055,100.51000213623047,112.77999877929688,,,,,,,,,
2026-03-30,,3.625,3.64,4.310999870300293,25.25,4.03000020980835,99.95999908447266,118.3499984741211,1687.9000244140625,,,239.47008158486747,139.99543532904926,294.62032618592457,1561.1560994453584,196.5968231944858,1008.2411072259449
2026-03-31,1137.410862248689,3.625,3.64,4.318999767303467,24.540000915527344,4.046500205993652,99.6500015258789,101.16000366210938,1690.3599853515625,2.0,,241.700015341688,138.50716456292443,297.92533314935366,1571.7071910922668,194.07393305354492,1050.6443410812976
2026-04-01,,3.625,3.64,4.313000202178955,23.8700008392334,4.024499893188477,100.02999877929688,109.02999877929688,1708.9000244140625,,,247.0843910005728,138.2448634262591,293.4955687419481,1633.1985428636833,188.48790214317478,1024.5209954273723
2026-04-02,,3.625,3.64,,,4.035999774932861,,,1698.300048828125,,,243.35379273011796,140.74438040148794,294.6814197381311,1613.634260960435,191.79261912346138,1093.1152566968062
2026-04-03,,3.625,3.64,,,,,,1695.5,,,240.00824408021813,142.83152508024745,293.27098767062694,1672.325357191242,192.25711085031224,1138.1706273215527
2026-04-04,,3.625,3.64,,,,,,,,,,,,,,
2026-04-05,,3.625,3.64,4.335000038146973,24.170000076293945,4.028500080108643,99.9800033569336,109.7699966430664,,,,,,,,,
2026-04-06,,3.625,3.64,4.3429999351501465,25.780000686645508,4.025000095367432,99.63999938964844,109.2699966430664,1680.8299560546875,,,238.4193723528067,141.41653127095458,291.75362394134686,1674.4376161092823,188.7866326410051,1117.0226115664723
2026-04-07,,3.625,3.64,4.290999889373779,21.040000915527344,4.028500080108643,99.12999725341797,94.75,1676.8599853515625,,,236.7722843070191,141.4443641715662,291.7439797267182,1653.3163589021349,190.09433977094702,1104.9526952696676
2026-04-08,,3.625,3.64,4.293000221252441,19.489999771118164,3.9765000343322754,98.81999969482422,95.91999816894531,1696.31005859375,,,241.87452564887678,138.93939783831723,298.225871972409,1713.8069643310314,190.19407544679092,1085.622195344943
2026-04-09,,3.625,3.64,4.316999912261963,19.229999542236328,3.9804999828338623,98.6500015258789,95.19999694824219,1686.239990234375,,,237.8464181552068,140.25052307291125,297.6766490789615,1694.4401231643621,191.90539010663184,1120.0957009627325
2026-04-10,,3.625,3.64,,,,,,1691.31005859375,,,239.45311854421308,139.37530615899735,299.1419284825171,1711.576002549847,190.2524643258688,1133.5796349153325
2026-04-11,,3.625,3.64,,,,,,,,,,,,,,
2026-04-12,,3.625,3.64,4.296999931335449,19.1200008392334,3.9774999618530273,98.37000274658203,99.36000061035156,,,,,,,,,
2026-04-13,,3.625,3.64,4.25600004196167,18.360000610351562,3.9730000495910645,98.12000274658203,94.79000091552734,1680.52001953125,,,235.92764723895456,139.61486772215318,299.37947388075827,1688.4129760876608,194.65158761619875,1116.0442646115107
2026-04-14,,3.625,3.64,4.2820000648498535,18.170000076293945,3.942500114440918,98.05999755859375,94.93000030517578,1688.1199951171875,,,238.743922422846,139.19546588093348,299.8820841980897,1747.6322784861325,190.4097619863065,1113.146041803367
2026-04-15,,3.625,3.64,4.309000015258789,17.940000534057617,3.952500104904175,98.22000122070312,99.38999938964844,1683.4200439453125,,,237.67501911536618,138.74493117126175,301.44544854070443,1809.8165962965568,186.81009204860825,1109.4138992368314
2026-04-16,,3.625,3.64,4.245999813079834,17.479999542236328,3.9514999389648438,98.0999984741211,90.37999725341797,1689.7099609375,,,238.18021907567822,137.87270293116103,298.3743103110196,1901.1925908710086,187.76836757012433,1097.9600103099062
2026-04-17,,3.625,3.64,,,,,,1695.2099609375,,,239.02123626752592,137.87270293116103,302.5591164550027,1890.661680786069,186.14129290363132,1084.0111003476927
2026-04-18,,3.625,3.64,,,,,,,,,,,,,,
2026-04-19,,3.625,3.64,4.25,18.8700008392334,3.950000047683716,98.05000305175781,95.4800033569336,,,,,,,,,
2026-04-20,,3.625,3.64,4.291999816894531,19.5,3.944999933242798,98.41000366210938,98.4800033569336,1702.300048828125,,,242.19406051679258,136.8843711825475,303.74279198704073,1927.1859010026938,182.78798713484323,1078.9369102859248
2026-04-21,,3.625,3.64,4.294000148773193,18.920000076293945,3.952500104904175,98.58999633789062,101.91000366210938,1715.3299560546875,,,246.46360267544262,136.0736338306774,303.8447744845449,1953.5892192992399,180.20522512790106,1060.625061759623
2026-04-22,,3.625,3.64,4.322999954223633,19.309999465942383,3.9549999237060547,98.80000305175781,105.06999969482422,1710.3900146484375,,,244.13455640926114,136.95501509034648,303.62266840647004,1952.4885418468773,182.85189075908426,1066.0781297332903
2026-04-23,,3.625,3.64,4.309999942779541,18.709999084472656,3.9609999656677246,98.51000213623047,105.33000183105469,1721.699951171875,,,245.92281935813577,137.02355528588836,306.5311533078096,1958.876592708415,186.6459212946814,1106.4124491969012
2026-04-24,,3.625,3.64,,,,,,1720.3399658203125,,,245.18707324235004,137.03306574190816,306.75449920326776,2034.2455682537461,185.60172815587183,1115.6531691778157
2026-04-25,,3.625,3.64,,,,,,,,,,,,,,
2026-04-26,,3.625,3.64,4.335999965667725,18.020000457763672,3.9625000953674316,98.4800033569336,108.2300033569336,,,,,,,,,
2026-04-27,,3.625,3.64,4.354000091552734,17.829999923706055,3.9507999420166016,98.62000274658203,111.26000213623047,1717.27001953125,,,241.64672490565886,137.34224709918036,308.05159292691064,2148.845269562279,184.66540978856855,1133.1867962422778
2026-04-28,,3.625,3.64,4.418000221252441,18.809999465942383,3.950000047683716,98.91999816894531,118.02999877929688,1729.5999755859375,,,244.91026322644612,137.2413042450702,308.18593008230164,2144.0649693370374,187.0734827731514,1129.3236485213556
2026-04-29,,3.625,3.64,4.389999866485596,16.889999389648438,3.9502999782562256,98.08000183105469,114.01000213623047,1720.4200439453125,,,242.14382673284223,136.97980071398015,305.12364706624953,2107.3501722493806,185.79882548484346,1118.941663018047
2026-04-30,1130.026757355915,3.625,3.64,4.377999782562256,16.989999771118164,3.9674999713897705,98.20999908447266,108.16999816894531,1722.02001953125,2.1,,240.9319056870677,140.22069593781242,309.7923024116846,2066.955714761698,188.2777000431567,1126.1189627715205
2026-05-01,,3.625,3.64,,,,,,,,,,,,,,
2026-05-02,,3.625,3.64,,,,,,,,,,,,,,
2026-05-03,,3.625,3.64,4.446000099182129,18.290000915527344,3.9674999713897705,98.47000122070312,114.44000244140625,,,,,,,,,
2026-05-04,,3.625,3.64,4.415999889373779,17.3799991607666,3.950500011444092,98.4800033569336,109.87000274658203,1739.77001953125,,,243.89731992973248,142.17246735555625,314.76617176768093,2120.83970262116,186.330563364245,1131.37004459601
2026-05-05,,3.625,3.64,4.355999946594238,17.389999389648438,3.9600000381469727,98.0199966430664,101.2699966430664,1747.4300537109375,,,245.43514012100474,142.4574203957666,315.49024985299684,2116.9886636700085,189.46941194559756,1150.2503158547481
2026-05-06,,3.625,3.64,4.392000198364258,17.079999923706055,3.922499895095825,98.25,100.05999755859375,1756.8699951171875,,,246.6849370492527,141.4708144734268,313.87729683373493,2191.8384109699955,189.1247810342529,1134.6270870592398
2026-05-07,,3.625,3.63,4.363999843597412,17.190000534057617,3.9075000286102295,97.83999633789062,101.29000091552734,1758.8499755859375,,2.75,249.83537155794343,141.5066348266919,316.607998551857,2194.0422453807732,183.7096003037484,1126.9085743632115
2026-05-08,,3.625,3.63,,,,,,1748.06005859375,,,247.93401306604594,139.46104832773892,315.4063874802922,2162.6899648421345,185.83707018707892,1156.9162583070652
2026-05-09,,3.625,3.63,,,,,,,,,,,,,,
2026-05-10,,3.625,3.63,4.409999847412109,18.3799991607666,3.9165000915527344,97.94000244140625,104.20999908447266,,,,,,,,,
2026-05-11,,3.625,3.63,4.4629998207092285,17.989999771118164,3.9200000762939453,98.29000091552734,107.7699966430664,1745.31005859375,,,247.4259480225912,139.32933698990468,319.0513675105061,2162.6322177728352,184.1944943123883,1237.220687036359
2026-05-12,,3.625,3.63,4.480999946594238,17.8700008392334,3.93149995803833,98.4800033569336,105.62999725341797,1750.56005859375,,,247.38650875891133,138.80269180290685,318.0169140697178,2165.9926155932553,185.025490692952,1246.959382806086
2026-05-13,,3.625,3.63,4.460999965667725,17.260000228881836,3.927999973297119,98.87999725341797,105.72000122070312,1746.31005859375,,,247.83659279772442,137.5256262503409,319.9042002325166,2244.9930260928495,187.1435525717356,1243.7855243732652
2026-05-14,,3.625,3.63,4.59499979019165,18.43000030517578,3.928999900817871,99.2699966430664,109.26000213623047,1745.5799560546875,,,246.78153667822139,136.30284695196946,318.8725190042022,2260.5929513122733,189.37413907807687,1236.3820459385047
2026-05-15,,3.625,3.63,,,,,,1740.219970703125,,,247.347148468155,133.77864162765138,326.3006283325602,2213.9458590677473,186.80095362119263,1188.21223858197
2026-05-16,,3.625,3.63,,,,,,,,,,,,,,
2026-05-17,,3.625,3.63,4.623000144958496,17.81999969482422,3.9470999240875244,98.97000122070312,112.0999984741211,,,,,,,,,
2026-05-18,,3.625,3.63,4.666999816894531,18.059999465942383,3.9732000827789307,99.30000305175781,111.27999877929688,1727.7099609375,,,245.01817872077655,134.26422738994793,317.288532429647,2210.686312412665,184.8647256594106,1210.394178675914
2026-05-19,,3.625,3.62,4.572000026702881,17.440000534057617,3.9755001068115234,99.11000061035156,105.0199966430664,1727.27001953125,,,244.7606347537843,134.72708190941745,315.9859271005083,2206.7874310692746,182.41012498656752,1211.0757415002577
2026-05-20,,3.625,3.62,4.585999965667725,16.760000228881836,3.9667000770568848,99.19000244140625,102.58000183105469,1717.68994140625,,,243.4401966135448,135.80185116749033,314.4202642341989,2194.3150365415245,180.06926677722524,1215.162557778737
2026-05-21,,3.625,3.62,4.558000087738037,16.700000762939453,3.9591000080108643,99.31999969482422,103.54000091552734,1708.3599853515625,,,243.1888812210733,133.64633819245492,312.95204787563966,2245.382572820459,176.39576562424568,1210.410543927398
2026-05-22,,3.625,3.62,,,,,,1712.6700439453125,,,242.89517512187237,134.3922526477225,306.0698786137087,2358.1960136910966,176.36848156052395,1217.9327489552556
2026-05-23,,3.625,3.62,,,,,,,,,,,,,,
2026-05-24,,3.625,3.62,,16.59000015258789,3.965399980545044,,,,,,,,,,,
2026-05-25,,3.625,3.62,4.493000030517578,17.010000228881836,3.9500999450683594,99.16999816894531,99.58000183105469,1708.5,,,242.95813005490837,132.8077602713589,300.0800606981935,2367.4540774965653,173.07369785884165,1205.4272004798765
2026-05-26,,3.625,3.62,4.480999946594238,16.290000915527344,3.962100028991699,99.20999908447266,94.29000091552734,1699.02001953125,,,242.23614254870895,133.77422980762353,301.279356365541,2430.0357901085636,173.39759878810463,1188.4896540107516
2026-05-27,,3.625,3.62,4.454999923706055,15.739999771118164,3.965100049972534,99.0199966430664,93.70999908447266,,,,242.23614254870895,133.77422980762353,301.279356365541,2430.0357901085636,173.39759878810463,1188.4896540107516
2026-05-28,,3.625,3.62,4.453000068664551,15.319999694824219,3.9758999347686768,98.91000366210938,92.05000305175781,1684.9300537109375,,,236.48634662834408,132.7204026616468,299.6477658162374,2488.470369834355,173.41264060682266,1196.2071121277545
2026-05-29,,3.625,3.62,,,,,,1683.0699462890625,,,236.44060080432658,132.51332420724117,297.0923685649602,2483.468044655583,171.3967191724163,1215.3771260250692
2026-05-30,,3.625,3.62,,,,,,,,,,,,,,
2026-05-31,1108.681095730554,3.625,3.62,4.474999904632568,16.049999237060547,3.9679999351501465,99.19999694824219,94.9800033569336,,2.0,,,,,,,
2026-06-01,,3.625,3.62,4.454999923706055,15.770000457763672,3.9623000621795654,99.22000122070312,96.0,1683.0699462890625,,,,,,,,
2026-06-02,,3.625,3.62,4.491000175476074,16.059999465942383,3.9674999713897705,99.52999877929688,97.80999755859375,1683.0699462890625,,,236.44060080432658,132.51332420724117,297.0923685649602,2483.468044655583,171.3967191724163,1215.3771260250692
2026-06-03,,3.625,3.62,4.4770002365112305,15.399999618530273,3.9941000938415527,99.41000366210938,95.02999877929688,1672.739990234375,,,232.36274686870223,131.62313667795718,294.66220590623715,2497.1239371645347,177.23169975186744,1272.027622004833
2026-06-04,,3.625,3.62,4.535999774932861,21.510000228881836,4.01140022277832,100.06999969482422,93.08999633789062,1683.260009765625,,,235.96799120462433,136.10896913645297,299.46821503603906,2471.8187812203814,177.74926890685322,1219.3631375183686
2026-06-05,,3.625,3.62,,,,,,1693.4300537109375,,,239.36108985308323,134.93409198960532,294.0442127439269,2470.7759408440106,179.94763675715078,1229.9008594804166
2026-06-06,,3.625,3.62,,,,,,,,,,,,,,
2026-06-07,,3.625,3.62,4.552000045776367,18.920000076293945,4.046299934387207,100.05000305175781,94.25,,,,,,,,,
2026-06-08,,3.625,3.62,4.5279998779296875,19.8700008392334,4.059800148010254,99.91000366210938,91.44999694824219,1679.52001953125,,,237.1478198961638,135.91634111015077,291.8687789323629,2425.9436410509993,179.2361279039258,1239.0216626605732
2026-06-09,,3.625,3.62,4.541999816894531,22.219999313354492,4.059599876403809,99.94999694824219,93.0999984741211,1675.5,,,236.17748343170524,136.22233436383908,296.00204519010094,2484.1143058866182,177.65100991962962,1228.535144817014
2026-06-10,,3.625,3.62,4.4629998207092285,19.440000534057617,4.066699981689453,99.86000061035156,90.37999725341797,1678.9599609375,,,237.43785985379432,137.75582618960368,296.1841061000337,2454.8434489064707,179.39791909415658,1213.2532432136707
2026-06-11,,3.625,3.62,4.486999988555908,17.68000030517578,4.0644001960754395,99.75,87.33000183105469,1679.530029296875,,,235.8903297168045,138.40307292964093,295.61040745322356,2469.390656540065,179.2208585500274,1231.639656009745
2026-06-12,,3.625,3.62,,,,,,1683.6300048828125,,,238.12479853635247,137.29802508378975,296.1494407969373,2453.592203412961,176.23889296723533,1216.1959285814885
2026-06-13,,3.625,3.62,,,,,,,,,,,,,,
2026-06-14,,3.625,3.62,4.468999862670898,16.200000762939453,4.045899868011475,99.62999725341797,83.16999816894531,,,,,,,,,
2026-06-15,,3.625,3.63,4.427999973297119,16.40999984741211,4.047699928283691,99.54000091552734,78.95999908447266,1691.3900146484375,,,244.30697043794635,136.89182565845718,296.89498975369037,2575.823901308272,167.81434009749822,1158.669152313547
2026-06-16,,3.625,3.63,4.4629998207092285,18.440000534057617,4.066400051116943,100.08999633789062,79.55000305175781,1709.989990234375,,,249.20160511274835,137.6270177535941,295.75501706383477,2577.7643800203377,168.0475831149562,1118.8797260316742
2026-06-17,,3.625,3.63,4.451000213623047,16.399999618530273,4.077499866485596,100.8499984741211,79.8499984741211,,,,,,,,,
2026-06-18,,3.625,3.63,,,4.114999771118164,,,1711.3900146484375,,,248.37915446479707,137.59095079264347,299.2370446878159,2547.8971225775945,169.89822361267625,1121.9384385732183
2026-06-19,,3.625,3.63,,,,,,1712.030029296875,,,246.3161662017586,139.43995624146513,300.3630727579279,2571.8471552588094,169.21951915018658,1122.5968053930794
2026-06-20,,3.625,3.63,,,,,,,,,,,,,,
2026-06-21,,3.625,3.63,4.508999824523926,17.280000686645508,4.135300159454346,101.0199966430664,77.9000015258789,,,,,,,,,
2026-06-22,,3.625,3.63,4.493000030517578,19.489999771118164,4.146599769592285,101.41000366210938,77.08000183105469,1700.8399658203125,,,243.65649768804204,139.19244158223603,299.91963555820666,2560.246335934114,166.25688662307073,1110.852818892719
2026-06-23,,3.625,3.63,4.4019999504089355,18.6299991607666,4.137800216674805,101.61000061035156,73.73999786376953,1679.9200439453125,,,240.341773005134,140.87443878348765,296.4136334765537,2482.957271530513,163.60495598898936,1083.4033684529577
2026-06-24,,3.625,3.63,4.392000198364258,18.889999389648438,4.135200023651123,101.43000030517578,75.26000213623047,1682.1300048828125,,,239.98880141920495,140.62405709479586,294.94781378282744,2505.6856628910623,164.097240704702,1091.2541100397875
2026-06-25,,3.625,3.63,4.372000217437744,18.40999984741211,4.116399765014648,101.36000061035156,71.98999786376953,1663.8199462890625,,,237.83322330822637,138.88712689457276,294.7617404680264,2593.8923098873806,160.9288886385966,1058.3453610934284
2026-06-26,,3.625,3.63,,,,,,1667.739990234375,,,238.96903843195304,139.51100317873255,294.3464096450664,2487.03164306376,163.18799511758837,1040.8922700673863
2026-06-27,,3.625,3.63,,,,,,,,,,,,,,
2026-06-28,,3.625,3.63,4.374000072479248,17.649999618530273,4.0854997634887695,101.11000061035156,73.1500015258789,,,,,,,,,
2026-06-29,,3.625,3.63,4.418000221252441,16.450000762939453,4.06850004196167,101.19000244140625,72.91999816894531,1665.9100341796875,,,238.7393525355402,137.90212020028443,295.4967551428732,2558.700107679042,163.80315016740502,1053.8972763698712
2026-06-30,1106.469929089015,3.625,3.63,4.474999904632568,16.59000015258789,4.082200050354004,101.38999938964844,71.56999969482422,1664.06005859375,2.0,,238.33084672233463,138.278169449321,296.0761875182122,2590.2652312119585,164.2862870076266,1039.5421443310886
2026-07-01,,3.625,3.63,4.485000133514404,16.149999618530273,4.087500095367432,100.86000061035156,71.80000305175781,1656.8299560546875,,,236.72617605604435,137.99529934552976,293.1154473641051,2638.096976846983,164.59583728045433,1033.4510988877153
2026-07-02,,3.625,3.63,,,4.0777997970581055,,,1661.8299560546875,,,239.13251141170383,138.52171298569144,289.00626200217135,2567.232540258938,165.8999699551668,1021.8228844554925
2026-07-03,,3.625,3.63,,,,,,1679.050048828125,,,242.00619804378937,140.6964071724325,291.179328208951,2570.5133087859817,169.5433494851734,1038.498904925564
2026-07-04,,3.625,3.63,,,,,,,,,,,,,,
2026-07-05,,3.625,3.63,4.479000091552734,15.569999694824219,4.06879997253418,100.8499984741211,71.98999786376953,,,,,,,,,
2026-07-06,,3.625,3.63,4.5289998054504395,16.1299991607666,4.082699775695801,101.13999938964844,74.16000366210938,1683.530029296875,,,243.4879779218523,141.24795180637258,295.66475134129394,2510.2602371426447,169.97608944441643,1028.4098865436686
2026-07-07,,3.625,3.63,4.568999767303467,16.899999618530273,4.080100059509277,101.05000305175781,78.0199966430664,1682.9300537109375,,,243.2329487107533,141.70916413149422,292.07800045147445,2513.7759903537253,170.07454396653742,1027.6407174802785
2026-07-08,,3.625,3.62,4.539000034332275,15.84000015258789,4.0742998123168945,100.94000244140625,76.30000305175781,1683.6099853515625,,,244.13841784827378,141.7682505402781,293.5257186269537,2496.2230448190903,172.23308206228296,1012.4177794939454
2026-07-09,,3.625,3.62,4.568999767303467,15.029999732971191,4.0746002197265625,100.97000122070312,76.01000213623047,1677.6400146484375,,,241.79669338275275,141.78909561899698,293.58847009912796,2544.4674354698673,170.26845703596916,1016.4674467498539
2026-07-10,,3.625,3.62,,,,,,1691.489990234375,,,243.18249517709017,144.87529487774518,295.14301831836434,2517.232021413195,169.80405900369158,1022.0578710402087
2026-07-11,,3.625,3.62,,,,,,,,,,,,,,
2026-07-12,,3.625,3.62,4.609000205993652,17.15999984741211,4.070499897003174,101.27999877929688,83.30000305175781,,,,,,,,,
2026-07-13,,3.625,3.62,4.585000038146973,16.5,4.0680999755859375,100.94000244140625,84.7300033569336,1698.43994140625,,,244.50777991198157,148.0901907180082,295.2796887875139,2488.617114123092,169.28449722675424,1032.012986749601
2026-07-14,,3.625,3.63,4.545000076293945,15.670000076293945,4.074399948120117,100.5,84.94999694824219,1719.93994140625,,,247.9561870137948,147.3265644736411,295.8338945145873,2487.6994463569777,176.64314550731578,1050.4531087163145
2026-07-15,,3.625,3.63,4.568999767303467,16.729999542236328,4.065100193023682,100.7300033569336,84.2300033569336,1713.760009765625,,,247.01739508996118,148.88652084508746,297.0716358147922,2541.0429638574897,173.2055145520467,1035.5416665715256
2026-07-16,,3.625,3.63,4.540999889373779,18.770000457763672,4.070099830627441,100.75,88.0999984741211,1722.18994140625,,,249.95732285947315,149.05894912616634,294.40789176529194,2538.580849947338,173.63541609083,1046.7353601479663
2026-07-17,,3.625,3.63,,,,,,1731.449951171875,,,253.26447691478958,149.5100321908231,296.1603180137599,2476.3399775926277,174.92919104706982,1038.2306853373664
2026-07-18,,3.625,3.63,,,,,,,,,,,,,,
2026-07-19,,3.625,3.63,4.5980000495910645,18.649999618530273,4.093299865722656,100.98999786376953,89.22000122070312,,,,,,,,,
2026-07-20,,3.625,3.63,4.627999782562256,17.049999237060547,4.089900016784668,101.18000030517578,91.01000213623047,1722.2900390625,,,250.18719871737812,149.42503817376428,295.5872470977232,2562.951189660102,176.5001245203394,1040.316092937038
2026-07-21,,3.625,3.63,4.6570000648498535,16.639999389648438,4.086699962615967,101.13999938964844,94.06999969482422,1720.3699951171875,,,249.5946265228951,146.61874158211972,294.86806311610513,2625.4405302267264,174.05073186145387,1027.9255904016643
2026-07-22,,3.625,3.63,4.703000068664551,18.700000762939453,4.087500095367432,101.43000030517578,100.69000244140625,1711.3699951171875,,,247.97400015695263,145.8886554474985,293.73666668856987,2641.7109043712685,175.2553020552022,1033.7308274012862
2026-07-23,,3.625,3.63,4.678999900817871,18.579999923706055,4.085700035095215,101.47000122070312,96.77999877929688,1714.5899658203125,,,248.44591845145086,144.63062968899624,295.4797008794475,2592.6700762683004,176.02199151320949,1033.7308274012862
2026-07-24,,3.625,3.63,,,,,,1701.02001953125,,,246.33907964720345,145.33415244744535,294.37344281758976,2596.872745210154,176.7193387124997,1021.5315161153777
2026-07-25,,3.625,3.63,,,,,,,,,,,,,,
2026-07-26,,3.625,3.63,4.640999794006348,18.670000076293945,4.089000225067139,101.51000213623047,88.36000061035156,,,,,,,,,
2026-07-27,,3.625,3.63,4.604000091552734,18.209999084472656,4.084099769592285,101.37999725341797,84.08999633789062,1713.0899658203125,,,249.6609894528833,145.12138102723137,294.08384863170517,2630.2823937946846,175.39468481515567,1014.9727809813824
2026-07-28,,3.625,3.63,4.622000217437744,20.65999984741211,4.088600158691406,100.80000305175781,90.73999786376953,1712.47998046875,,,249.3948796380192,143.45437371679478,296.29601530107334,2573.4795735254597,173.4695105432984,1019.5154781274164
2026-07-29,,3.625,3.63,4.663000106811523,17.09000015258789,4.087399959564209,100.01000213623047,89.02999877929688,1715.56005859375,,,248.9847430124457,144.84193105147884,296.5772878821467,2585.8015727447482,174.54579231857915,1028.1265309655023
2026-07-30,,3.625,3.63,4.744999885559082,15.989999771118164,4.071199893951416,99.80000305175781,90.12000274658203,1720.4000244140625,,,249.51127762706275,146.30267050622686,296.220399011925,2565.496943588714,175.5774745486201,1044.5945916976927
2026-07-31,,3.625,3.63,,,,,,1724.9000244140625,1.9,,250.46266800614293,145.23053859110985,294.3227151725116,2723.765085114293,176.17588537213547,1043.9983671298319
2026-08-01,,3.625,3.63,,,,,,,,,,,,,,
2026-08-02,,3.625,3.63,4.685999870300293,15.859999656677246,4.082699775695801,99.95999908447266,83.7699966430664,,,,,,,,,
2026-08-03,,3.625,3.63,4.626999855041504,16.5,4.093100070953369,99.88999938964844,79.36000061035156,1725.72998046875,,,251.75733370724066,144.7473646420561,293.32463269548373,2678.385447931053,173.57879841300135,1035.4929234236063
2026-08-04,,3.625,3.63,4.617000102996826,15.8100004196167,4.094600200653076,99.69000244140625,79.44999694824219,1732.6600341796875,,,252.7934339575547,146.80347740602886,290.6276114988295,2716.5684825150834,174.58956978360098,1054.5135763899157
2026-08-05,,3.625,3.63,,,,,,1748.1700439453125,,,252.73663891357376,149.64943712476287,293.9105067469607,2843.5117509105066,172.69082036483957,1051.1939058720106
