date,Palm_Oil,FFR_midpoint,EFFR,UST_10Y,VIX,USDMYR,DXY,Brent_Oil,KLCI,cpi_inflation_yoy,OPR,financials,plantation,reits,technology,energy,industrial_products
2015-01-01,641.5972332,0.125,0.06,,,3.497999906539917,,,,,,,,,,,
2015-01-02,,0.125,0.06,2.122999906539917,17.790000915527344,3.5250000953674316,91.08000183105469,56.41999816894531,1752.77001953125,,,100.0,,100.0,100.0,100.0,100.0
2015-01-03,,0.125,0.12,,,,,,,,,,,,,,
2015-01-04,,0.125,0.12,,,,,,,,,,,,,,
2015-01-05,,0.125,0.12,2.0390000343322754,19.920000076293945,3.551500082015991,91.37999725341797,53.11000061035156,1736.6199951171875,,,98.28906449175919,,99.25641025229795,100.24693714186408,98.39430628726075,99.61543350933881
2015-01-06,,0.125,0.12,1.9630000591278076,21.1200008392334,3.570499897003174,91.5,51.099998474121094,1716.5799560546875,,,96.43645494947054,,99.58115404796705,96.74318174094655,97.00420717275207,97.10575184872266
2015-01-07,,0.125,0.12,1.9539999961853027,19.309999465942383,3.5739998817443848,91.88999938964844,51.150001525878906,1709.1800537109375,,,95.16409492121747,,99.28192058152476,100.62248657109647,95.56226815989433,96.49821252474446
2015-01-08,,0.125,0.12,2.0160000324249268,17.010000228881836,3.5515999794006348,92.37000274658203,50.959999084472656,1728.06005859375,,,95.77345382843535,,99.36394940878893,105.41359774806871,95.99943352082653,97.09386084223019
2015-01-09,,0.125,0.12,1.9709999561309814,17.549999237060547,3.546799898147583,91.94000244140625,50.11000061035156,1732.43994140625,,,95.55169045559917,,99.88969259185184,104.4343528055726,96.79204602661379,96.1365216058582
2015-01-10,,0.125,0.12,,,,,,,,,,,,,,
2015-01-11,,0.125,0.12,,,,,,,,,,,,,,
2015-01-12,,0.125,0.12,1.9119999408721924,19.600000381469727,3.5752999782562256,91.9800033569336,47.43000030517578,1735.0799560546875,,,94.5299767193568,,99.6706386039977,106.64914596405804,97.43526008718572,97.97999589258168
2015-01-13,,0.125,0.12,1.8899999856948853,20.559999465942383,3.5738000869750977,92.30999755859375,46.59000015258789,1748.9000244140625,,,99.07038511189002,,99.45061750083792,109.3704693359451,96.59814293810024,103.40716468581743
2015-01-14,,0.125,0.12,1.8370000123977661,21.479999542236328,3.572999954223633,92.16000366210938,48.689998626708984,1742.010009765625,,,97.35444884786482,,99.72115563364638,108.96716095608903,96.4027563593931,101.1471390764539
2015-01-15,,0.125,0.12,1.774999976158142,22.389999389648438,3.563999891281128,92.3499984741211,47.66999816894531,1745.0,,,99.06969414128432,,100.1777262757384,112.23383349822562,96.56801576778379,103.27572796688554
2015-01-16,,0.125,0.12,1.815000057220459,20.950000762939453,3.553999900817871,92.5199966430664,47.689998626708984,1743.5699462890625,,,98.80983365866771,,99.98130426669836,112.08711670732426,95.60440705158118,103.06053388716343
2015-01-17,,0.125,0.13,,,,,,,,,,,,,,
2015-01-18,,0.125,0.13,,,,,,,,,,,,,,
2015-01-19,,0.125,0.13,,,3.5632998943328857,,,1753.31005859375,,,100.25056731821567,,100.66017938363947,111.40641257391952,95.32782501560933,104.44788303902163
2015-01-20,,0.125,0.13,1.8070000410079956,19.889999389648438,3.606300115585327,93.05000305175781,47.9900016784668,1750.1099853515625,,,100.18583948082815,,100.17873737282272,112.59424459114989,94.83012431239466,104.3615805081493
2015-01-21,,0.125,0.12,1.8530000448226929,18.850000381469727,3.615000009536743,92.9000015258789,49.029998779296875,1770.0899658203125,,,100.3059034264423,,100.46494283861361,116.08663816014145,95.9770124727798,106.12660493569545
2015-01-22,,0.125,0.12,1.8960000276565552,16.399999618530273,3.5954999923706055,94.23999786376953,48.52000045776367,1781.75,,,99.24126732304359,,101.18635124865385,118.14684277072756,98.44164311737605,108.61069782262634
2015-01-23,,0.125,0.12,1.8170000314712524,16.65999984741211,3.5871999263763428,95.0,48.790000915527344,1803.0799560546875,,,99.40415017380575,,101.445794733546,118.5960696549858,101.54468509261223,108.65798034724921
2015-01-24,,0.125,0.12,,,,,,,,,,,,,,
2015-01-25,,0.125,0.12,,,,,,,,,,,,,,
2015-01-26,,0.125,0.12,1.8279999494552612,15.520000457763672,3.6010000705718994,94.80000305175781,48.15999984741211,1796.43994140625,,,98.72250558524978,,101.703930438834,116.96477510531605,100.60120262412673,106.43091886761825
2015-01-27,,0.125,0.12,1.8250000476837158,17.219999313354492,3.6010000705718994,94.0199966430664,49.599998474121094,1803.1700439453125,,,99.31398650697457,,103.40251695463213,120.56208735058999,102.64365488408671,106.93684611359544
2015-01-28,,0.125,0.11,1.7239999771118164,20.440000534057617,3.6024999618530273,94.47000122070312,48.470001220703125,1795.8800048828125,,3.25,98.6164496704114,,103.58258819354526,118.598058086965,101.00308050074192,106.72176502203703
2015-01-29,,0.125,0.12,1.7510000467300415,18.760000228881836,3.629499912261963,94.77999877929688,49.130001068115234,1782.1800537109375,,,98.03950860254334,,103.14552495736868,116.88599791281393,99.99993783396988,106.45008606802861
2015-01-30,,0.125,0.11,1.6749999523162842,20.969999313354492,3.631700038909912,94.80000305175781,52.9900016784668,1781.260009765625,,,98.3743754086718,,102.92512875775945,119.15084252905923,99.65452759046154,107.2503799504933
2015-01-31,,0.125,0.06,,,,,,,,,,,,,,
2015-02-01,634.3781252,0.125,0.06,,,,,,,,,,,,,,
2015-02-02,,0.125,0.06,1.6729999780654907,19.43000030517578,3.617799997329712,94.5,54.75,,,,,,,,,
2015-02-03,,0.125,0.12,1.7799999713897705,17.329999923706055,3.566499948501587,93.5999984741211,57.90999984741211,,,,,,,,,
2015-02-04,,0.125,0.12,1.7970000505447388,18.329999923706055,3.5905001163482666,93.98999786376953,54.15999984741211,1803.02001953125,,,100.08003636552085,,105.29361386963991,120.39569010052107,102.01641193260531,105.68541110244671
2015-02-05,,0.125,0.11,1.815000057220459,16.850000381469727,3.53439998626709,94.69999694824219,56.56999969482422,1803.0899658203125,,,101.09681828248848,,104.02893085621909,122.8036654377822,102.04305073673518,106.13467832866559
2015-02-06,,0.125,0.12,1.937999963760376,17.290000915527344,3.553499937057495,94.69999694824219,57.79999923706055,1809.43994140625,,,102.10819788993284,,104.30133128633257,123.90088136097441,103.20532742545731,106.95210529663632
2015-02-07,,0.125,0.11,,,,,,,,,,,,,,
2015-02-08,,0.125,0.11,,,,,,,,,,,,,,
2015-02-09,,0.125,0.11,1.9479999542236328,18.549999237060547,3.553999900817871,94.44999694824219,58.34000015258789,1811.5799560546875,,,101.78816244158244,,103.89496437776225,123.7609176055984,102.73012801089705,107.57347771938666
2015-02-10,,0.125,0.12,1.9910000562667847,17.229999542236328,3.5710999965667725,94.76000213623047,56.43000030517578,1811.1199951171875,,,102.04610665867293,,104.09994738575195,124.33386840295393,102.22015216486611,110.75916108989165
2015-02-11,,0.125,0.12,1.9880000352859497,16.959999084472656,3.6157000064849854,94.98999786376953,54.65999984741211,1798.949951171875,,,101.88717272966039,,104.18975202598864,123.53983256714534,100.82980750449538,112.89302638935791
2015-02-12,,0.125,0.12,1.9859999418258667,15.34000015258789,3.5894999504089355,94.08999633789062,57.04999923706055,1789.0699462890625,,,101.58326392009968,,103.49059265482516,122.15358454495941,98.8252979953096,111.80359435005568
2015-02-13,,0.125,0.12,2.0209999084472656,14.6899995803833,3.5789999961853027,94.19999694824219,57.38999938964844,1800.949951171875,,,102.00842677596245,,103.08123301357126,123.70326412548994,101.0765756745581,113.85743200663548
2015-02-14,,0.125,0.12,,,,,,,,,,,,,,
2015-02-15,,0.125,0.12,,,,,,,,,,,,,,
2015-02-16,,0.125,0.12,,,3.582200050354004,,,1808.8900146484375,,,103.18084493012853,,104.05312809811365,125.12175349710554,102.20547775448966,113.96832255873389
2015-02-17,,0.125,0.12,2.1449999809265137,15.800000190734863,3.5815999507904053,94.05999755859375,62.529998779296875,1810.0899658203125,,,103.2978335189946,,105.13113644765298,128.7563757217339,103.39298465041252,112.47373984227286
2015-02-18,,0.125,0.12,2.065999984741211,15.449999809265137,3.6177000999450684,94.19999694824219,60.529998779296875,1807.8699951171875,,,103.50489375546601,,105.66474329342664,128.4726030860446,103.96305791676093,113.1918599925803
2015-02-19,,0.125,0.12,2.11299991607666,15.289999961853027,3.6359000205993652,94.4000015258789,60.209999084472656,,,,,,,,,
2015-02-20,,0.125,0.12,2.132999897003174,14.300000190734863,3.644700050354004,94.25,60.220001220703125,,,,,,,,,
2015-02-21,,0.125,0.12,,,,,,,,,,,,,,
2015-02-22,,0.125,0.12,,,,,,,,,,,,,,
2015-02-23,,0.125,0.12,2.059000015258789,14.5600004196167,3.63700008392334,94.56999969482422,58.900001525878906,1809.3900146484375,,,103.26170860796735,,105.20855269637295,131.56389263656234,104.96008333324873,112.16943881561146
2015-02-24,,0.125,0.11,1.9880000352859497,13.6899995803833,3.6201999187469482,94.48999786376953,58.65999984741211,1818.6800537109375,,,103.56819569980713,,107.21381111731863,130.4783677579214,105.74885645537553,113.20589560068642
2015-02-25,,0.125,0.11,1.968999981880188,13.84000015258789,3.6059999465942383,94.20999908447266,61.630001068115234,1815.8599853515625,,,102.76559676850442,,105.70713955506643,130.83571864464923,106.92747746634323,113.62165988299763
2015-02-26,,0.125,0.11,2.0160000324249268,13.90999984741211,3.6045000553131104,95.29000091552734,60.04999923706055,1820.8699951171875,,,103.04060845347531,,105.70713955506643,133.24278652877484,106.29684693256634,114.15058198545447
2015-02-27,,0.125,0.11,2.002000093460083,13.34000015258789,3.6080000400543213,95.25,62.58000183105469,1821.2099609375,,,103.7854347726656,,105.95453310195526,136.344023472371,107.15752087471347,114.83813717910584
2015-02-28,,0.125,0.06,,,,,,,,,,,,,,
2015-03-01,607.6548653,0.125,0.06,,,,,,,,,,,,,,
2015-03-02,,0.125,0.06,2.0840001106262207,13.039999961853027,3.6322999000549316,95.45999908447266,59.540000915527344,1817.1300048828125,,,104.12535266176126,,105.71852758694659,136.574376879421,107.3424239599444,113.84820477217094
2015-03-03,,0.125,0.12,2.121999979019165,13.859999656677246,3.6284000873565674,95.37999725341797,61.02000045776367,1821.25,,,104.82052070487626,,106.7667425392011,133.90032834484984,107.01714894893823,114.08433220829883
2015-03-04,,0.125,0.12,2.122999906539917,14.229999542236328,3.6589999198913574,95.97000122070312,60.54999923706055,1825.5400390625,,,104.91338547435218,,105.97747672652393,133.0641767516312,107.6321226514775,116.48096446023506
2015-03-05,,0.125,0.11,2.111999988555908,14.039999961853027,3.6603000164031982,96.37999725341797,60.47999954223633,1806.0899658203125,,3.25,103.03952056475343,,106.14968552606685,135.60430147135426,106.83883793436264,116.16062691678432
2015-03-06,,0.125,0.11,2.240000009536743,15.199999809265137,3.6823999881744385,97.62000274658203,59.72999954223633,1806.9599609375,,,103.71376436313489,,104.61912428834455,136.89772992482202,105.64716070879501,117.1612916361956
2015-03-07,,0.125,0.12,,,,,,,,,,,,,,
2015-03-08,,0.125,0.12,,,,,,,,,,,,,,
2015-03-09,,0.125,0.12,2.194999933242798,15.0600004196167,3.6826999187469482,97.58999633789062,58.529998779296875,1791.739990234375,,,103.03869135833534,,104.2235478983221,135.6316484657514,103.82193433397713,117.34543516643264
2015-03-10,,0.125,0.12,2.125999927520752,16.690000534057617,3.7195000648498535,98.62000274658203,56.38999938964844,1789.72998046875,,,104.03894959427706,,105.22602444203413,138.77423362896099,103.51582873562835,121.09850650250368
2015-03-11,,0.125,0.12,2.1089999675750732,16.8700008392334,3.697000026702881,99.80000305175781,57.540000915527344,1778.1600341796875,,,102.29903011303172,,103.75320598818601,137.93582302929514,103.01538745999616,119.96321691632446
2015-03-12,,0.125,0.11,2.0959999561309814,15.420000076293945,3.6879000663757324,99.1500015258789,57.08000183105469,1786.8699951171875,,,103.08024545996584,,103.85346174999839,141.99126595474155,102.72592139684322,123.69078387249893
2015-03-13,,0.125,0.11,2.111999988555908,16.0,3.7019999027252197,100.33000183105469,54.66999816894531,1781.75,,,103.30399221059024,,105.3274807616384,139.56526405885467,102.62823918695076,123.0879510910138
2015-03-14,,0.125,0.11,,,,,,,,,,,,,,
2015-03-15,,0.125,0.11,,,,,,,,,,,,,,
2015-03-16,,0.125,0.11,2.0980000495910645,15.609999656677246,3.692199945449829,99.5999984741211,53.439998626708984,1780.5400390625,,,103.20798319249542,,103.91099464178369,138.16533495405022,103.08604382599209,123.9359612902074
2015-03-17,,0.125,0.12,2.058000087738037,15.65999984741211,3.6986000537872314,99.58999633789062,53.43000030517578,1787.8699951171875,,,103.87653096216663,,104.94499916221245,137.6189708629605,103.70405391059516,122.79472115324737
2015-03-18,,0.125,0.12,1.9509999752044678,13.970000267028809,3.6475000381469727,98.55000305175781,55.90999984741211,1797.5699462890625,,,103.83231697099862,,103.5936496227011,136.34443452897577,104.20804180600337,120.55355951980509
2015-03-19,,0.125,0.11,1.9769999980926514,14.069999694824219,3.7035000324249268,99.0999984741211,54.43000030517578,1809.1300048828125,,,105.11876258775675,,104.61653936123287,140.7408787177939,105.81498491870786,121.18637398129266
2015-03-20,,0.125,0.12,1.9299999475479126,13.020000457763672,3.7049999237060547,97.91000366210938,55.31999969482422,1803.6500244140625,,,104.73985033753443,,104.54371320778324,141.57568842192887,105.27869243437664,121.93449581068565
2015-03-21,,0.125,0.12,,,,,,,,,,,,,,
2015-03-22,,0.125,0.12,,,,,,,,,,,,,,
2015-03-23,,0.125,0.12,1.9149999618530273,13.40999984741211,3.6514999866485596,97.02999877929688,55.91999816894531,1795.8499755859375,,,104.22981427288083,,104.76567431330135,141.6694591450689,106.95185911775773,123.69785392414774
2015-03-24,,0.125,0.12,1.878000020980835,13.619999885559082,3.65339994430542,97.19000244140625,55.11000061035156,1814.0400390625,,,105.03436551299774,,104.32361871686709,139.98242843524116,108.2859607707901,126.73045778414863
2015-03-25,,0.125,0.11,1.9199999570846558,15.4399995803833,3.67549991607666,96.9800033569336,56.47999954223633,1819.0999755859375,,,105.64372158954079,,103.80069669667384,141.83560201370273,108.14799772313566,127.42946693110892
2015-03-26,,0.125,0.12,2.006999969482422,15.800000190734863,3.6679999828338623,97.44000244140625,59.189998626708984,1818.4200439453125,,,105.81482688585928,,104.28662169965823,136.77569904837833,108.09842471463496,126.59254814179634
2015-03-27,,0.125,0.11,1.9479999542236328,15.069999694824219,3.681999921798706,97.29000091552734,56.40999984741211,1813.3699951171875,,,105.89035646457101,,104.28662169965823,138.46676525144653,108.61950587630176,126.03568987077931
2015-03-28,,0.125,0.12,,,,,,,,,,,,,,
2015-03-29,,0.125,0.12,,,,,,,,,,,,,,
2015-03-30,,0.125,0.12,1.9630000591278076,14.510000228881836,3.7102999687194824,97.9800033569336,56.290000915527344,1821.8299560546875,,,106.71188922436792,,104.8055950534646,140.02894826326033,109.84251772919646,126.11009894696572
2015-03-31,,0.125,0.12,1.934000015258789,15.289999961853027,3.7054998874664307,98.36000061035156,55.11000061035156,1830.780029296875,,,107.22691350736315,,104.51198257005736,138.48465749900058,110.21932174943613,125.42874575592862
2015-04-01,591.7879205,0.125,0.06,1.8680000305175781,15.109999656677246,3.6710000038146973,98.19000244140625,57.099998474121094,1826.31005859375,,,107.22870212221223,,104.82375171813236,137.3626085699533,110.07378214268044,126.30124821208075
2015-04-02,,0.125,0.12,1.9040000438690186,14.670000076293945,3.652100086212158,97.44000244140625,54.95000076293945,1831.969970703125,,,107.6864555589357,,106.20899468762815,139.33426245770087,109.91671855966345,125.39002753660846
2015-04-03,,0.125,0.12,,,3.6584999561309814,,,1834.52001953125,,,108.12464691336426,,106.87723350895777,141.74680079717012,109.95314030730907,125.39002753660846
2015-04-04,,0.125,0.12,,,,,,,,,,,,,,
2015-04-05,,0.125,0.12,,,,,,,,,,,,,,
2015-04-06,,0.125,0.12,1.9040000438690186,14.739999771118164,3.626499891281128,97.11000061035156,58.119998931884766,1842.93994140625,,,108.58062161610825,,108.26659576872608,141.445565574883,110.44681386032372,124.85603205684026
2015-04-07,,0.125,0.13,1.8930000066757202,14.779999732971191,3.640500068664551,97.83000183105469,59.099998474121094,1856.510009765625,,,109.2873538957168,,108.54846234618691,141.6688412617614,111.7057734650465,125.19155984979466
2015-04-08,,0.125,0.12,1.8949999809265137,13.979999542236328,3.626300096511841,98.06999969482422,55.54999923706055,1850.31005859375,,,108.90261992352113,,108.8260531565269,144.50960133654974,111.46007568231893,126.0745368832267
2015-04-09,,0.125,0.12,1.9579999446868896,13.09000015258789,3.63700008392334,99.16000366210938,56.56999969482422,1849.3900146484375,,,108.41067725481408,,108.72693590650944,146.50832152510546,111.49314046123571,127.76803894687396
2015-04-10,,0.125,0.12,1.9509999752044678,12.579999923706055,3.6705000400543213,99.38999938964844,57.869998931884766,1844.31005859375,,,107.49285222431419,,108.49867068772102,150.2786532289984,111.90114986234813,126.7019500222562
2015-04-11,,0.125,0.12,,,,,,,,,,,,,,
2015-04-12,,0.125,0.12,,,,,,,,,,,,,,
2015-04-13,,0.125,0.12,1.9390000104904175,13.9399995803833,3.7074999809265137,99.48999786376953,57.93000030517578,1842.0799560546875,,,107.78156340051319,,108.28339141860359,155.42774838761125,112.29795826028754,126.51405363428654
2015-04-14,,0.125,0.13,1.9040000438690186,13.670000076293945,3.697999954223633,98.76000213623047,58.43000030517578,1839.6099853515625,,,107.43987528073345,,108.19494578175839,156.20576864437237,112.16135183564424,126.54422089464626
2015-04-15,,0.125,0.13,1.899999976158142,12.84000015258789,3.6705000400543213,98.33000183105469,60.31999969482422,1840.1300048828125,,,107.65192176341138,,108.45000085958327,160.9360171785446,112.28977776423402,127.07971961470912
2015-04-16,,0.125,0.13,1.878000020980835,12.600000381469727,3.6278998851776123,97.41999816894531,60.400001525878906,1847.93994140625,,,107.97204659867239,,108.40259756036643,161.10634720445572,112.41725009884094,127.71357282067729
2015-04-17,,0.125,0.13,1.850000023841858,13.890000343322754,3.6331000328063965,97.5199966430664,63.45000076293945,1845.8599853515625,,,108.24331272726609,,108.25049704543486,164.9674344490299,112.456431577715,127.480036944454
2015-04-18,,0.125,0.13,,,,,,,,,,,,,,
2015-04-19,,0.125,0.13,,,,,,,,,,,,,,
2015-04-20,,0.125,0.13,1.8949999809265137,13.300000190734863,3.628000020980835,97.94000244140625,63.45000076293945,1848.6600341796875,,,108.76061192124679,,108.53497350471868,172.4775327207341,112.456431577715,127.69315105092794
2015-04-21,,0.125,0.13,1.9160000085830688,13.25,3.626300096511841,97.9800033569336,62.08000183105469,1862.800048828125,,,109.69245564671355,,108.918287740224,171.56011497615737,114.67320375899288,126.73824352329444
2015-04-22,,0.125,0.13,1.972000002861023,12.710000038146973,3.6120998859405518,98.0199966430664,62.72999954223633,1854.77001953125,,,109.36754411425468,,109.63083659745452,174.9422511848113,114.95368316803281,125.75809224269045
2015-04-23,,0.125,0.13,1.9470000267028809,12.479999542236328,3.6005001068115234,97.27999877929688,64.8499984741211,1846.0799560546875,,,109.12562465212548,,108.70141044762498,171.89609296726266,114.99963396801726,123.9248595286754
2015-04-24,,0.125,0.13,1.9170000553131104,12.289999961853027,3.5678000450134277,96.91999816894531,65.27999877929688,1862.5799560546875,,,109.6621757962958,,109.16432121516029,172.39861420935964,117.45149325168431,117.19538613939604
2015-04-25,,0.125,0.13,,,,,,,,,,,,,,
2015-04-26,,0.125,0.13,,,,,,,,,,,,,,
2015-04-27,,0.125,0.13,1.9240000247955322,13.119999885559082,3.542799949645996,96.7699966430664,64.83000183105469,1859.5799560546875,,,109.62363396699854,,108.42933559581698,166.07211048108604,118.36879642167834,117.14247767356866
2015-04-28,,0.125,0.13,1.9730000495910645,12.40999984741211,3.5271999835968018,96.08999633789062,64.63999938964844,1855.06005859375,,,109.65660873731753,,109.78693950501115,160.7857813854333,118.35664719233374,116.32326874318059
2015-04-29,,0.125,0.13,2.0350000858306885,13.390000343322754,3.53439998626709,95.12000274658203,65.83999633789062,1842.9300537109375,,,108.89669088616311,,108.67349138047975,162.05918623902582,116.38704525074341,115.90033625103615
2015-04-30,,0.125,0.13,2.0460000038146973,14.550000190734863,3.5687999725341797,94.5999984741211,66.77999877929688,1818.27001953125,,,107.29867074394247,,109.06024791688505,161.8369251684227,113.82515099969721,117.59168721805244
2015-05-01,601.3965402,0.125,0.08,2.117000102996826,12.699999809265137,3.5908000469207764,95.30000305175781,66.45999908447266,,,,,,,,,
2015-05-02,,0.125,0.13,,,,,,,,,,,,,,
2015-05-03,,0.125,0.13,,,,,,,,,,,,,,
2015-05-04,,0.125,0.13,2.134999990463257,12.850000381469727,3.5943000316619873,95.4800033569336,66.44999694824219,,,,,,,,,
2015-05-05,,0.125,0.13,2.1760001182556152,14.3100004196167,3.5840001106262207,95.12999725341797,67.5199966430664,1827.4200439453125,,,107.35668968470489,,110.58786615525918,162.58626954489273,114.79901802553552,118.63040756624062
2015-05-06,,0.125,0.13,2.240000009536743,15.149999618530273,3.5636000633239746,94.12999725341797,67.7699966430664,1820.969970703125,,,107.38256608880845,,109.9043267938568,161.80901788961032,113.93598556963094,117.69479221697028
2015-05-07,,0.125,0.13,2.184000015258789,15.130000114440918,3.5998001098632812,94.62000274658203,65.54000091552734,1805.0999755859375,,3.25,106.65430374039386,,107.99905208696237,163.0244727067025,114.26488333609124,119.34667938147065
2015-05-08,,0.125,0.13,2.1500000953674316,12.859999656677246,3.581899881362915,94.79000091552734,65.38999938964844,1807.6500244140625,,,107.1851358024571,,108.59258447776381,165.53073163077278,114.37554779038332,121.79057656692575
2015-05-09,,0.125,0.13,,,,,,,,,,,,,,
2015-05-10,,0.125,0.13,,,,,,,,,,,,,,
2015-05-11,,0.125,0.13,2.2739999294281006,13.850000381469727,3.6085000038146973,95.01000213623047,64.91000366210938,1805.489990234375,,,107.5431275798306,,108.54130326948528,165.54730799490483,114.00392916718734,120.90176416534932
2015-05-12,,0.125,0.13,2.259999990463257,13.859999656677246,3.600600004196167,94.52999877929688,66.86000061035156,1798.6099853515625,,,107.13357573092365,,109.10582785202571,165.6988990140905,112.10749231758336,120.79334541210893
2015-05-13,,0.125,0.13,2.2820000648498535,13.760000228881836,3.5845999717712402,93.62000274658203,66.80999755859375,1803.02001953125,,,106.88470090217976,,109.08162428005761,164.9945007628306,110.7492903230275,120.39063330402509
2015-05-14,,0.125,0.13,2.239000082015991,12.739999771118164,3.55679988861084,93.36000061035156,66.58999633789062,1805.8699951171875,,,107.58989808794375,,109.17349729265231,164.55963941849464,111.4611583370597,120.1745711101783
2015-05-15,,0.125,0.13,2.1410000324249268,12.380000114440918,3.5559000968933105,93.13999938964844,66.56999969482422,1811.9200439453125,,,107.5802515425727,,108.74283459560468,166.44830968729337,112.4901993999457,120.49937163505797
2015-05-16,,0.125,0.13,,,,,,,,,,,,,,
2015-05-17,,0.125,0.13,,,,,,,,,,,,,,
2015-05-18,,0.125,0.13,2.2279999256134033,12.729999542236328,3.5804998874664307,94.19000244140625,66.2699966430664,1823.5,,,107.74871402801254,,110.17530369485245,177.6594297809077,115.5209847877939,120.39131372763939
2015-05-19,,0.125,0.13,2.26200008392334,12.850000381469727,3.612499952316284,95.2699966430664,64.0199966430664,1809.719970703125,,,107.86176277255805,,110.54289923131195,179.41335367841765,112.76122662609916,117.02988527436457
2015-05-20,,0.125,0.12,2.250999927520752,12.880000114440918,3.589099884033203,95.44999694824219,65.02999877929688,1810.1099853515625,,,108.11216523509366,,109.740049577073,180.87994588531328,112.39671417107044,116.03527018909946
2015-05-21,,0.125,0.12,2.184999942779541,12.109999656677246,3.589600086212158,95.26000213623047,66.54000091552734,1795.0400390625,,,106.67620509242761,,108.68444359155072,172.8755328341338,112.05771286128592,115.24641591215736
2015-05-22,,0.125,0.12,2.2149999141693115,12.130000114440918,3.5994999408721924,96.01000213623047,65.37000274658203,1787.5,,,105.97300158057041,,108.38296569343035,173.8524413996613,112.69524532601052,115.68284032966085
2015-05-23,,0.125,0.13,,,,,,,,,,,,,,
2015-05-24,,0.125,0.13,,,,,,,,,,,,,,
2015-05-25,,0.125,0.13,,,3.596299886703491,,,1767.3800048828125,,,105.29747514009595,,108.43624890118197,169.31730272774888,111.43830884498291,113.4673856116716
2015-05-26,,0.125,0.13,2.13700008392334,14.0600004196167,3.637200117111206,97.30000305175781,63.720001220703125,1764.0699462890625,,,104.44037127412467,,107.25798732778964,168.34815145967076,111.66465229535522,114.5144351703188
2015-05-27,,0.125,0.12,2.134999990463257,13.270000457763672,3.6429998874664307,97.37000274658203,62.060001373291016,1755.050048828125,,,104.12333738659565,,107.13605080150985,167.6747504549254,112.40645600003629,112.12040026183149
2015-05-28,,0.125,0.12,2.130000114440918,13.3100004196167,3.6489999294281006,96.97000122070312,62.58000183105469,1755.56005859375,,,104.52703288820253,,107.73647863192606,164.4791394511422,113.06934591866393,112.1160822360157
2015-05-29,,0.125,0.12,2.0950000286102295,13.84000015258789,3.6484999656677246,96.91000366210938,65.55999755859375,1747.52001953125,,,103.43728007841165,,107.1257148874793,162.81267172943947,112.8122023647234,111.79340084479266
2015-05-30,,0.125,0.08,,,,,,,,,,,,,,
2015-05-31,,0.125,0.08,,,,,,,,,,,,,,
2015-06-01,606.4044885,0.125,0.08,2.191999912261963,13.970000267028809,3.6874001026153564,97.38999938964844,64.87999725341797,1743.4100341796875,,,103.57406843187722,,108.78886197353017,167.2159703153015,113.10763117334403,112.9594625609005
2015-06-02,,0.125,0.12,2.2660000324249268,14.239999771118164,3.674099922180176,95.83999633789062,65.48999786376953,1741.3699951171875,,,102.64526420855982,,107.72447496372546,169.5772972945769,113.17114595386519,113.32311252426742
2015-06-03,,0.125,0.12,2.365999937057495,13.65999984741211,3.677999973297119,95.47000122070312,63.79999923706055,1749.1700439453125,,,101.87974003863351,,109.37818947315392,170.57410747765198,114.03115516896804,112.289207809043
2015-06-04,,0.125,0.13,2.306999921798706,14.710000038146973,3.7112998962402344,95.45999908447266,62.029998779296875,1741.47998046875,,,101.79945289804336,,109.75540960935939,166.12072752250677,112.65272793829728,115.13993395884884
2015-06-05,,0.125,0.13,2.4019999504089355,14.210000038146973,3.7513999938964844,96.30999755859375,63.310001373291016,1745.3299560546875,,,102.1664432019588,,110.41410345854663,165.95973278255923,112.39196406983956,114.08709895394402
2015-06-06,,0.125,0.13,,,,,,,,,,,,,,
2015-06-07,,0.125,0.13,,,,,,,,,,,,,,
2015-06-08,,0.125,0.13,2.38100004196167,15.289999961853027,3.7321999073028564,95.30000305175781,62.689998626708984,1739.449951171875,,,102.23201477226334,,108.63095988323879,165.41805720976802,112.3813702751234,114.6119281528635
2015-06-09,,0.125,0.13,2.4170000553131104,14.470000267028809,3.741499900817871,95.16999816894531,64.87999725341797,1729.050048828125,,,101.91876392154093,,107.67550524109863,163.49640018872594,111.82652892845184,113.76677372615156
2015-06-10,,0.125,0.13,2.4779999256134033,13.220000267028809,3.7142999172210693,94.6500015258789,65.69999694824219,1735.6300048828125,,,102.37460340141811,,107.24660909915906,164.28850433402906,112.34772271344622,117.95699917861373
2015-06-11,,0.125,0.13,2.382999897003174,12.850000381469727,3.731100082397461,94.9800033569336,65.11000061035156,1734.760009765625,,,102.62813622954232,,107.6796874210582,164.44636446442365,112.72588231243435,116.7781167185084
2015-06-12,,0.125,0.13,2.384999990463257,13.779999732971191,3.7421000003814697,94.97000122070312,63.869998931884766,1734.3699951171875,,,102.50120556191347,,107.19690071152259,161.82408628714163,112.95678966504263,117.28753016686315
2015-06-13,,0.125,0.13,,,,,,,,,,,,,,
2015-06-14,,0.125,0.13,,,,,,,,,,,,,,
2015-06-15,,0.125,0.13,2.3580000400543213,15.390000343322754,3.758500099182129,94.80999755859375,62.61000061035156,1722.1600341796875,,,102.62257967867538,,106.66414933391897,154.0078637911163,112.36945664484863,117.77979127375255
2015-06-16,,0.125,0.13,2.318000078201294,14.8100004196167,3.741300106048584,95.0,62.630001068115234,1722.239990234375,,,102.44775346309541,,105.87346909795126,154.98927509417513,112.6045534428971,116.80008076398158
2015-06-17,,0.125,0.14,2.305999994277954,14.5,3.7256999015808105,94.30000305175781,63.869998931884766,1726.8599853515625,,,103.78331469513513,,106.39454637258075,156.4334189190289,112.52587859926055,116.87882379796896
2015-06-18,,0.125,0.14,2.3510000705718994,13.1899995803833,3.691999912261963,94.04000091552734,64.26000213623047,1718.1199951171875,,,103.98169314361579,,106.4117373367128,158.52763871035205,112.05684095305195,121.75714979241823
2015-06-19,,0.125,0.14,2.2669999599456787,13.960000038146973,3.73799991607666,94.08999633789062,63.02000045776367,1721.77001953125,,,104.37993301041524,,106.19978342087568,162.4349480315359,111.83959377290765,124.05445458956996
2015-06-20,,0.125,0.13,,,,,,,,,,,,,,
2015-06-21,,0.125,0.13,,,,,,,,,,,,,,
2015-06-22,,0.125,0.13,2.359999895095825,12.739999771118164,3.7149999141693115,94.33000183105469,63.34000015258789,1732.760009765625,,,105.04363129517509,,107.28180327546335,166.07709397152374,112.30305455130963,124.66805671820764
2015-06-23,,0.125,0.13,2.4089999198913574,12.109999656677246,3.7434000968933105,95.43000030517578,64.44999694824219,1726.8599853515625,,,104.4691160285981,,106.0215947299175,166.41465150573998,112.43580707751258,123.68116950764436
2015-06-24,,0.125,0.13,2.371000051498413,13.260000228881836,3.75,95.26000213623047,63.4900016784668,1731.6800537109375,,,104.8571589684341,,106.25516053235025,168.0776384350331,113.7874899312452,123.11554616037226
2015-06-25,,0.125,0.13,2.3929998874664307,14.010000228881836,3.7523000240325928,95.19000244140625,63.20000076293945,1716.81005859375,,,104.70896697431805,,105.37130108514341,162.42115787336104,113.53701648916629,126.42487059744208
2015-06-26,,0.125,0.13,2.4760000705718994,14.020000457763672,3.7674999237060547,95.47000122070312,63.2599983215332,1710.469970703125,,,103.56343297922609,,106.00420763472924,163.4299442131474,113.40853078293615,125.25672864522713
2015-06-27,,0.125,0.13,,,,,,,,,,,,,,
2015-06-28,,0.125,0.13,,,,,,,,,,,,,,
2015-06-29,,0.125,0.13,2.3310000896453857,18.850000381469727,3.7695000171661377,94.79000091552734,62.0099983215332,1691.9200439453125,,,101.73941720284809,,105.61375707698026,156.71252881479177,111.59417496618345,124.26463634726473
2015-06-30,,0.125,0.14,2.3350000381469727,18.229999542236328,3.751499891281128,95.48999786376953,63.59000015258789,1706.6400146484375,,,103.0905277274889,,104.45567500121531,158.89719014631402,113.38596837304758,124.59225058916812
2015-07-01,575.6821296,0.125,0.08,2.4179999828338623,16.09000015258789,3.765000104904175,96.30999755859375,62.0099983215332,1727.9599609375,,,103.86335040464448,,105.17232578595677,162.77104710393724,114.12297673602613,125.11293150689806
2015-07-02,,0.125,0.13,2.3929998874664307,16.790000915527344,3.756999969482422,96.11000061035156,62.06999969482422,1733.8800048828125,,,104.38991334207988,,105.70349568211957,167.38098416971349,114.49102608148874,125.49861795610309
2015-07-03,,0.125,0.13,,,3.7725000381469727,,,1734.239990234375,,,103.97560841499387,,105.85408468112114,166.03512205800618,114.75980397687111,125.92542481028745
2015-07-04,,0.125,0.13,,,,,,,,,,,,,,
2015-07-05,,0.125,0.13,,,,,,,,,,,,,,
2015-07-06,,0.125,0.13,2.2780001163482666,17.010000228881836,3.819499969482422,96.30000305175781,56.540000915527344,1717.050048828125,,,103.30287459285618,,105.34051458651209,162.19479800293072,114.30033938321098,125.20995833125379
2015-07-07,,0.125,0.13,2.2309999465942383,16.09000015258789,3.8197999000549316,96.87000274658203,56.849998474121094,1712.300048828125,,,103.00646559786067,,104.58883050009655,163.5054471264821,112.15270380248283,125.72402544321517
2015-07-08,,0.125,0.13,2.2060000896453857,19.65999984741211,3.7950000762939453,96.29000091552734,57.04999923706055,1695.8299560546875,,,101.87552194268721,,103.78329453918656,158.5161488150791,111.63412937468473,124.84459058597433
2015-07-09,,0.125,0.13,2.3010001182556152,19.969999313354492,3.780400037765503,96.61000061035156,58.61000061035156,1701.5400390625,,3.25,101.95353568337424,,103.60959380852562,162.4551987914203,111.27202559511016,127.98585763122807
2015-07-10,,0.125,0.13,2.4170000553131104,16.829999923706055,3.7920000553131104,96.02999877929688,58.72999954223633,1715.5799560546875,,,103.07162335377743,,104.05224963369805,164.16729719572865,112.35282010713885,127.2828482668372
2015-07-11,,0.125,0.13,,,,,,,,,,,,,,
2015-07-12,,0.125,0.13,,,,,,,,,,,,,,
2015-07-13,,0.125,0.13,2.430000066757202,13.899999618530273,3.803499937057495,96.86000061035156,57.849998474121094,1716.1099853515625,,,102.65252586173412,,103.61129473946144,165.12824544225901,113.72392831318305,127.08223733676334
2015-07-14,,0.125,0.13,2.3989999294281006,13.369999885559082,3.7899999618530273,96.63999938964844,58.5099983215332,1721.0999755859375,,,102.91657966713697,,104.15849472799128,164.06983979444794,113.90047697706169,129.09286660538885
2015-07-15,,0.125,0.13,2.3499999046325684,13.229999542236328,3.791599988937378,97.12999725341797,57.04999923706055,1715.5799560546875,,,103.08146233861481,,104.62549213832959,163.31246732427462,113.97014453692785,130.23148936477614
2015-07-16,,0.125,0.13,2.3519999980926514,12.109999656677246,3.7939999103546143,97.66000366210938,57.5099983215332,1726.72998046875,,,103.88022037539628,,103.83725723247055,166.43741436578765,114.16949518029791,130.92498088278344
2015-07-17,,0.125,0.14,2.3489999771118164,11.949999809265137,3.804500102996826,97.86000061035156,57.52000045776367,,,,,,,,,
2015-07-18,,0.125,0.13,,,,,,,,,,,,,,
2015-07-19,,0.125,0.13,,,,,,,,,,,,,,
2015-07-20,,0.125,0.13,2.371999979019165,12.25,3.8141000270843506,98.02999877929688,56.650001525878906,1724.1300048828125,,,104.07957858435147,,104.15502495338002,167.6457027451523,114.46558369159148,131.61959467940346
2015-07-21,,0.125,0.14,2.3399999141693115,12.220000267028809,3.7799999713897705,97.33000183105469,57.040000915527344,1736.18994140625,,,104.63179293933116,,104.82700291059368,168.51844797521713,115.64490956566888,133.273486578939
2015-07-22,,0.125,0.13,2.322000026702881,12.119999885559082,3.8078999519348145,97.5999984741211,56.130001068115234,1729.530029296875,,,104.39550916776805,,105.10208394877458,167.00734985731123,116.02914909997506,131.7202705450314
2015-07-23,,0.125,0.13,2.2769999504089355,12.640000343322754,3.809499979019165,97.12000274658203,55.27000045776367,1722.43994140625,,,104.04417587302028,,105.74718432985284,166.03726127374608,114.8077388763205,131.04290505756
2015-07-24,,0.125,0.13,2.2709999084472656,13.739999771118164,3.815000057220459,97.23999786376953,54.619998931884766,1720.760009765625,,,104.15865751849181,,104.86514835157293,168.64181844830603,114.12057745928885,131.91518809758762
2015-07-25,,0.125,0.13,,,,,,,,,,,,,,
2015-07-26,,0.125,0.13,,,,,,,,,,,,,,
2015-07-27,,0.125,0.13,2.2279999256134033,15.600000381469727,3.815999984741211,96.5,53.470001220703125,1709.760009765625,,,102.63946055091515,,105.20730306673238,166.80105058889302,114.24249992616333,133.71995254910138
2015-07-28,,0.125,0.14,2.25,13.4399995803833,3.801300048828125,96.7699966430664,53.29999923706055,1699.699951171875,,,102.12342525738055,,103.74016286539324,163.83740880354594,114.4577196765161,128.89314604948956
2015-07-29,,0.125,0.14,2.2790000438690186,12.5,3.801500082015991,96.9800033569336,53.380001068115234,1698.989990234375,,,101.90174418866651,,104.45157934949383,164.80209092485345,114.56710475412399,129.92554658224645
2015-07-30,,0.125,0.14,2.2679998874664307,12.130000114440918,3.815999984741211,97.55999755859375,53.310001373291016,1699.9200439453125,,,101.13351612100539,,104.76701396924311,166.65965436260024,114.84061172626667,132.23128747456073
2015-07-31,,0.125,0.14,2.2049999237060547,12.119999885559082,3.822999954223633,97.37000274658203,52.209999084472656,1723.1400146484375,,,103.30218431370812,,106.13424939026066,165.133187930401,116.37309476176358,130.04987131962653
2015-08-01,484.6775913,0.125,0.08,,,,,,,,,,,,,,
2015-08-02,,0.125,0.08,,,,,,,,,,,,,,
2015-08-03,,0.125,0.08,2.1500000953674316,12.5600004196167,3.852299928665161,97.48999786376953,49.52000045776367,1744.18994140625,,,102.95204350432003,,106.09690743160965,165.87111500227982,117.64024774554488,130.9968782637253
2015-08-04,,0.125,0.14,2.2109999656677246,13.0,3.868499994277954,97.93000030517578,49.9900016784668,1723.72998046875,,,102.51415156356435,,106.02113790349068,164.18371944962703,117.4567537601682,131.90266321924025
2015-08-05,,0.125,0.14,2.2679998874664307,12.510000228881836,3.875,97.95999908447266,49.59000015258789,1725.56005859375,,,102.9450431021312,,105.20107231642461,162.80755427911228,117.84342186114824,133.134992699661
2015-08-06,,0.125,0.14,2.2339999675750732,13.770000457763672,3.9040000438690186,97.83000183105469,49.52000045776367,1694.6400146484375,,,102.24597603308221,,106.46125918936143,158.91239538318257,116.34304946614431,131.10425636715524
2015-08-07,,0.125,0.14,2.174999952316284,13.390000343322754,3.9205000400543213,97.55999755859375,48.61000061035156,1682.6500244140625,,,102.04055960488618,,106.67786742051904,156.67428945152432,115.46550491998147,126.97365035282306
2015-08-08,,0.125,0.14,,,,,,,,,,,,,,
2015-08-09,,0.125,0.14,,,,,,,,,,,,,,
2015-08-10,,0.125,0.14,2.23799991607666,12.229999542236328,3.9130001068115234,97.16000366210938,50.40999984741211,1654.3699951171875,,,99.85726784503862,,104.43291011669376,147.64264244492924,113.77544762991735,122.14357120243773
2015-08-11,,0.125,0.14,2.13700008392334,13.710000038146973,3.9790000915527344,97.29000091552734,49.18000030517578,1636.7099609375,,,98.12528378477403,,103.9411375336222,147.67106251195608,111.99032744591449,118.04673773308745
2015-08-12,,0.125,0.15,2.130000114440918,13.609999656677246,3.9739999771118164,96.26000213623047,49.65999984741211,1609.9300537109375,,,96.4949459144208,,102.74919184381216,135.1390793096749,111.34571053146374,109.7932632401764
2015-08-13,,0.125,0.15,2.188999891281128,13.489999771118164,4.025000095367432,96.44999694824219,49.220001220703125,1621.6199951171875,,,98.30989023156673,,103.29202833076488,145.69022049666464,111.20553786762342,114.79242090475795
2015-08-14,,0.125,0.15,2.196000099182129,12.829999923706055,4.053999900817871,96.56999969482422,49.029998779296875,1596.8199462890625,,,96.24000308114701,,102.80015956914679,141.258638150244,110.10017803767538,111.25581954032057
2015-08-15,,0.125,0.14,,,,,,,,,,,,,,
2015-08-16,,0.125,0.14,,,,,,,,,,,,,,
2015-08-17,,0.125,0.14,2.1500000953674316,13.020000457763672,4.090000152587891,96.81999969482422,49.029998779296875,1572.5400390625,,,95.01341932773677,,102.04603130452352,133.27309609891503,109.27895062985036,109.27092879927558
2015-08-18,,0.125,0.15,2.196000099182129,13.789999961853027,4.083000183105469,96.97000122070312,48.810001373291016,1579.5999755859375,,,96.16484044634005,,102.04603130452352,137.49511203062465,109.50020964789124,111.3025180845233
2015-08-19,,0.125,0.15,2.128999948501587,15.25,4.091000080108643,96.45999908447266,47.15999984741211,1582.43994140625,,,96.63253673990867,,103.33625052142466,140.39527746793658,109.00923099854352,111.48837871867201
2015-08-20,,0.125,0.15,2.0840001106262207,19.139999389648438,4.097499847412109,95.75,46.619998931884766,1577.4100341796875,,,97.05782948871018,,103.80139830254993,139.04413125550002,108.69410386476457,110.3831782775786
2015-08-21,,0.125,0.15,2.053999900817871,28.030000686645508,4.1504998207092285,94.83000183105469,45.459999084472656,1574.6700439453125,,,96.37100562430733,,103.7520388813611,136.3516722886577,108.81064441925584,110.76755704752179
2015-08-22,,0.125,0.15,,,,,,,,,,,,,,
2015-08-23,,0.125,0.15,,,,,,,,,,,,,,
2015-08-24,,0.125,0.15,1.996999979019165,40.7400016784668,4.2210001945495605,93.30999755859375,42.689998626708984,1532.1400146484375,,,92.45745040417573,,101.88758548376744,129.74482561691508,107.26939886300224,107.02159925290293
2015-08-25,,0.125,0.15,2.132999897003174,36.02000045776367,4.2164998054504395,94.52999877929688,43.209999084472656,1563.93994140625,,,93.58688348707854,,101.93610406709803,130.6680233297135,111.14673211891059,104.1576345535731
2015-08-26,,0.125,0.15,2.171999931335449,30.31999969482422,4.190400123596191,95.0999984741211,43.13999938964844,1580.3699951171875,,,94.73148593684174,,102.89047000360748,126.37077274989812,111.685739158299,104.70498621644441
2015-08-27,,0.125,0.14,2.1679999828338623,26.100000381469727,4.168000221252441,95.61000061035156,47.560001373291016,1601.699951171875,,,96.74705013787461,,103.2095080977554,127.91682122457048,113.12109131448231,108.18588073256088
2015-08-28,,0.125,0.14,2.186000108718872,26.049999237060547,4.1570000648498535,96.11000061035156,50.04999923706055,1612.739990234375,,,97.91436180172467,,103.73740845661095,126.34584700304346,114.29373520826327,110.82444992424642
2015-08-29,,0.125,0.14,,,,,,,,,,,,,,
2015-08-30,,0.125,0.14,,,,,,,,,,,,,,
2015-08-31,,0.125,0.14,2.200000047683716,28.43000030517578,4.165999889373779,95.94999694824219,54.150001525878906,,,,,,,,,
2015-09-01,483.4873077,0.125,0.08,2.171999931335449,31.399999618530273,4.184999942779541,95.44999694824219,49.560001373291016,1609.2099609375,,,96.90719332976077,,103.73740845661095,127.40489724933433,114.08583871811344,111.61400774135531
2015-09-02,,0.125,0.14,2.193000078201294,26.09000015258789,4.204999923706055,95.83000183105469,50.5,1590.18994140625,,,94.68428125899095,,103.47137863593206,127.67120187295905,113.51225181976221,112.22358256546869
2015-09-03,,0.125,0.14,2.1679999828338623,25.610000610351562,4.2245001792907715,96.41000366210938,50.68000030517578,1602.75,,,96.0626981453779,,103.23834582708331,130.375452922716,113.89744548243483,116.28353279038382
2015-09-04,,0.125,0.14,2.128000020980835,27.799999237060547,4.2870001792907715,96.2300033569336,49.61000061035156,1589.1600341796875,,,94.28256083633036,,103.26278150563056,128.91915966695288,114.4612123724269,118.16201472372288
2015-09-05,,0.125,0.14,,,,,,,,,,,,,,
2015-09-06,,0.125,0.14,,,,,,,,,,,,,,
2015-09-07,,0.125,0.14,,,4.335999965667725,,,1582.8499755859375,,,94.29939565336703,,104.02403618847262,128.27087925349227,114.96168885371667,117.24842966575477
2015-09-08,,0.125,0.14,2.194000005722046,24.899999618530273,4.291500091552734,95.87999725341797,49.52000045776367,1587.1199951171875,,,95.1910148981712,,103.44992377110871,131.23271044096896,115.03342799149965,116.38423180795137
2015-09-09,,0.125,0.14,2.180999994277954,26.229999542236328,4.332499980926514,96.01000213623047,47.58000183105469,1603.3599853515625,,,96.06593064952087,,104.38190689752376,132.95972680790499,114.6562608350713,120.06043252361987
2015-09-10,,0.125,0.14,2.2219998836517334,24.3700008392334,4.293000221252441,95.45999908447266,48.88999938964844,1614.02001953125,,,96.57233658665841,,104.15300542553054,132.69107281389495,114.89816280599587,119.62028262880169
2015-09-11,,0.125,0.14,2.183000087738037,23.200000762939453,4.2870001792907715,95.19000244140625,48.13999938964844,1603.5999755859375,,3.25,94.79243468168264,,104.382917472413,134.39639464980758,114.93408838017541,121.29222955889205
2015-09-12,,0.125,0.14,,,,,,,,,,,,,,
2015-09-13,,0.125,0.14,,,,,,,,,,,,,,
2015-09-14,,0.125,0.14,2.180000066757202,24.25,4.309500217437744,95.25,46.369998931884766,1639.6300048828125,,,96.38835920562413,,104.80953665358619,134.53175673128737,115.11739932657802,119.06280103590963
2015-09-15,,0.125,0.14,2.2809998989105225,22.540000915527344,4.261499881744385,95.61000061035156,46.630001068115234,1647.1500244140625,,,96.71616730382884,,104.07465470390464,133.36876713506862,115.18850259994373,118.34326406421256
2015-09-16,,0.125,0.14,2.302999973297119,21.350000381469727,4.21150016784668,95.41999816894531,46.61000061035156,,,,,,,,,
2015-09-17,,0.125,0.14,2.2170000076293945,21.139999389648438,4.2170000076293945,94.55000305175781,49.08000183105469,1681.5400390625,,,98.93673498511544,,104.1239371743165,136.45033240011745,116.6484458200464,121.33024893884541
2015-09-18,,0.125,0.14,2.130000114440918,22.280000686645508,4.209000110626221,94.86000061035156,47.470001220703125,1669.449951171875,,,98.57798034465236,,103.46268677240246,134.1748997445322,116.77203549685784,128.73200380283134
2015-09-19,,0.125,0.14,,,,,,,,,,,,,,
2015-09-20,,0.125,0.14,,,,,,,,,,,,,,
2015-09-21,,0.125,0.14,2.2139999866485596,20.139999389648438,4.258500099182129,95.88999938964844,48.91999816894531,1639.469970703125,,,96.1412567348291,,103.59699955815351,132.20637258899185,116.40328775512907,124.96315067690149
2015-09-22,,0.125,0.14,2.125,22.440000534057617,4.309999942779541,96.27999877929688,49.08000183105469,1635.3699951171875,,,95.67048186976615,,102.80294080609309,133.23532845818028,116.63732690651393,125.86024538662255
2015-09-23,,0.125,0.14,2.1440000534057617,22.1299991607666,4.380000114440918,96.06999969482422,47.75,1613.1700439453125,,,94.48436719548448,,103.07976564042592,130.77866712753882,115.78932718549024,125.08691866458386
2015-09-24,,0.125,0.14,2.119999885559082,23.469999313354492,4.392000198364258,95.98999786376953,48.16999816894531,,,,,,,,,
2015-09-25,,0.125,0.14,2.1679999828338623,23.6200008392334,4.3927998542785645,96.2699966430664,48.599998474121094,1615.010009765625,,,94.14169312097697,,103.40571810091308,133.5033797190342,116.54268027195288,125.42879659309109
2015-09-26,,0.125,0.13,,,,,,,,,,,,,,
2015-09-27,,0.125,0.13,,,,,,,,,,,,,,
2015-09-28,,0.125,0.13,2.0950000286102295,27.6299991607666,4.412300109863281,96.02999877929688,47.34000015258789,1608.4300537109375,,,93.48896262010133,,104.13650229749338,132.5795775185916,116.09684840815552,124.88012629577993
2015-09-29,,0.125,0.13,2.053999900817871,26.829999923706055,4.455999851226807,95.88999938964844,48.22999954223633,1603.3199462890625,,,92.6718270590918,,103.61556714326848,130.55037075300865,116.65921654677354,123.37926261140942
2015-09-30,,0.125,0.13,2.059999942779541,24.5,4.385499954223633,96.3499984741211,48.369998931884766,1621.0400390625,,,92.9977251864352,,104.36230324689733,132.00981284561794,117.0920723738114,124.90859102679298
2015-10-01,530.2466398,0.125,0.07,2.0420000553131104,22.549999237060547,4.417500019073486,96.19000244140625,47.689998626708984,1633.9300537109375,,,93.41773850566327,,104.36230324689733,133.05045736823595,117.22541929291965,125.34733441884649
2015-10-02,,0.125,0.13,1.9889999628067017,20.940000534057617,4.382500171661377,95.83000183105469,48.130001068115234,1628.800048828125,,,93.16168165417245,,103.64167380405947,132.2863966845518,117.29757972858931,124.89166109722653
2015-10-03,,0.125,0.13,,,,,,,,,,,,,,
2015-10-04,,0.125,0.13,,,,,,,,,,,,,,
2015-10-05,,0.125,0.13,2.055999994277954,19.540000915527344,4.338500022888184,96.11000061035156,49.25,1647.5899658203125,,,94.51482422755178,,104.88095572035157,136.05729213287606,118.32947699308498,126.98314527472286
2015-10-06,,0.125,0.13,2.0350000858306885,19.399999618530273,4.298999786376953,95.45999908447266,51.91999816894531,1662.510009765625,,,95.58085702445334,,105.18600946754846,138.97821752306027,119.75882135345583,127.37911215476139
2015-10-07,,0.125,0.13,2.062000036239624,18.399999618530273,4.215000152587891,95.5,51.33000183105469,1689.25,,,97.91101345255264,,104.66685063289918,144.02307316781474,122.13392468122439,129.1248893043198
2015-10-08,,0.125,0.13,2.1080000400543213,17.420000076293945,4.113500118255615,95.31999969482422,53.04999923706055,1692.199951171875,,,98.45136271248981,,104.25765861655731,142.98836288400759,122.2255511740473,125.16618687304484
2015-10-09,,0.125,0.13,2.0989999771118164,17.079999923706055,4.127500057220459,94.80999755859375,52.650001525878906,1706.5400390625,,,99.06202340109992,,104.07258004298711,142.35097476036364,123.78640565113692,127.04116093723094
2015-10-10,,0.125,0.13,,,,,,,,,,,,,,
2015-10-11,,0.125,0.13,,,,,,,,,,,,,,
2015-10-12,,0.125,0.13,2.0899999141693115,16.170000076293945,4.139500141143799,94.83999633789062,49.86000061035156,1709.8599853515625,,,98.72687574932027,,104.1249984934424,145.27358545079844,124.01823041719835,130.0171380058147
2015-10-13,,0.125,0.13,2.055000066757202,17.670000076293945,4.201499938964844,94.76000213623047,49.2400016784668,1711.1400146484375,,,99.32572256008739,,103.77145132629744,150.71798062630205,124.19960321788854,127.23623496620513
2015-10-14,,0.125,0.13,1.9809999465942383,18.030000686645508,4.138000011444092,93.93000030517578,49.150001525878906,,,,,,,,,
2015-10-15,,0.125,0.13,2.0230000019073486,16.049999237060547,4.102499961853027,94.37000274658203,48.709999084472656,1713.25,,,99.69317058069056,,103.77145132629744,154.94874883731404,123.96866387021745,131.5075118813994
2015-10-16,,0.125,0.13,2.0230000019073486,15.050000190734863,4.171000003814697,94.54000091552734,48.72999954223633,1716.8199462890625,,,99.97709808048344,,106.05134900589593,155.7038304207505,123.71669951095001,134.1364906317771
2015-10-17,,0.125,0.13,,,,,,,,,,,,,,
2015-10-18,,0.125,0.13,,,,,,,,,,,,,,
2015-10-19,,0.125,0.13,2.0280001163482666,14.979999542236328,4.2829999923706055,94.95999908447266,48.61000061035156,1718.199951171875,,,100.42268427008034,,105.24618739037359,153.61563735766438,123.5916535632757,133.46005493042406
2015-10-20,,0.125,0.13,2.071000099182129,15.75,4.2769999504089355,94.8499984741211,48.709999084472656,1705.030029296875,,,99.00280101387114,,105.15622342292943,148.7950079107011,123.66911422649622,135.65664353287937
2015-10-21,,0.125,0.13,2.0299999713897705,16.700000762939453,4.297500133514404,95.05000305175781,47.849998474121094,1707.1099853515625,,,99.65200011880337,,104.54852542718034,154.1337293054503,123.42470651350122,139.64184088577264
2015-10-22,,0.125,0.13,2.0250000953674316,14.449999809265137,4.2204999923706055,96.33999633789062,48.08000183105469,1705.0899658203125,,,99.0017043830971,,104.54852542718034,158.20638488910456,123.9582034041361,136.3077260466214
2015-10-23,,0.125,0.12,2.0829999446868896,14.460000038146973,4.248499870300293,97.06999969482422,47.9900016784668,1710.9300537109375,,,99.13668585653184,,105.47415049855802,158.39164243095075,124.74077799689137,140.640272144381
2015-10-24,,0.125,0.12,,,,,,,,,,,,,,
2015-10-25,,0.125,0.12,,,,,,,,,,,,,,
2015-10-26,,0.125,0.12,2.058000087738037,15.289999961853027,4.238500118255615,96.86000061035156,47.540000915527344,1706.7900390625,,,98.92152357784158,,105.20780290246418,156.38783557843033,123.62635845244223,141.17799804317613
2015-10-27,,0.125,0.12,2.0280001163482666,15.430000305175781,4.28000020980835,96.91000366210938,46.810001373291016,1696.949951171875,,,98.28813977975057,,105.00966863387853,152.4367081961945,123.39530198824717,142.80209051484388
2015-10-28,,0.125,0.12,2.0920000076293945,14.329999923706055,4.268499851226807,97.77999877929688,49.04999923706055,1686.510009765625,,,97.38804296132106,,104.20529930734979,152.26734824859193,122.28523202260635,143.49481812456847
2015-10-29,,0.125,0.12,2.1730000972747803,14.609999656677246,4.2204999923706055,97.27999877929688,48.79999923706055,1666.97998046875,,,95.59018523101862,,104.36071526581657,153.17873907608285,121.0383945428124,144.65106139097225
2015-10-30,,0.125,0.12,2.1510000228881836,15.069999694824219,4.2210001945495605,96.94999694824219,49.560001373291016,1665.7099609375,,,94.85494698193921,,105.98638472673431,156.45661356603347,121.51809966024176,144.34170999587244
2015-10-31,,0.125,0.07,,,,,,,,,,,,,,
2015-11-01,503.163620012229,0.125,0.07,,,,,,,,,,,,,,
2015-11-02,,0.125,0.07,2.187000036239624,14.149999618530273,4.290999889373779,96.93000030517578,48.790000915527344,1664.0699462890625,,,94.75604989822236,,105.47424265250109,156.80549426091176,121.12191085523187,143.72229899749968
2015-11-03,,0.125,0.12,2.2200000286102295,14.539999961853027,4.232999801635742,97.16000366210938,50.540000915527344,1677.56005859375,,,95.52921741766536,,104.92577928409348,163.49601890873615,122.6215848053768,142.86457384311396
2015-11-04,,0.125,0.12,2.2300000190734863,15.510000228881836,4.298999786376953,97.94999694824219,48.58000183105469,1685.6199951171875,,,95.99249245205245,,105.82046510477407,161.68674947372358,122.99888200230559,143.80462312266513
2015-11-05,,0.125,0.12,2.244999885559082,15.050000190734863,4.292500019073486,97.94000244140625,47.97999954223633,1688.5400390625,,3.25,96.210729789058,,104.93625172987169,162.68764664885,122.93637700708449,144.73839029934186
2015-11-06,,0.125,0.12,2.3329999446868896,14.329999923706055,4.35699987411499,99.16000366210938,47.41999816894531,1685.699951171875,,,96.03022826369696,,103.97703231520545,166.18751146155034,124.32953509764262,144.2857955840064
2015-11-07,,0.125,0.12,,,,,,,,,,,,,,
2015-11-08,,0.125,0.12,,,,,,,,,,,,,,
2015-11-09,,0.125,0.12,2.3420000076293945,16.520000457763672,4.382999897003174,98.9800033569336,47.189998626708984,1686.1099853515625,,,95.94176623356509,,105.03416028652114,163.9385762806721,123.78157272037527,146.74173856171655
2015-11-10,,0.125,0.12,2.322000026702881,15.289999961853027,4.243500232696533,99.29000091552734,47.439998626708984,,,,,,,,,
2015-11-11,,0.125,0.12,2.3380000591278076,16.059999465942383,4.337500095367432,99.01000213623047,45.810001373291016,1665.3199462890625,,,94.18112234270144,,104.63288581040568,162.01695212874486,125.16932379117355,147.29429839716542
2015-11-12,,0.125,0.12,2.319000005722046,18.3700008392334,4.379499912261963,98.6500015258789,44.060001373291016,1663.199951171875,,,94.82595742341297,,104.75544492633864,161.62746304097578,124.29987235753455,146.16078600508482
2015-11-13,,0.125,0.12,2.2799999713897705,20.079999923706055,4.381499767303467,98.98999786376953,43.61000061035156,1658.9100341796875,,,94.49764639786896,,104.02639565785678,163.13201439388146,124.34626102072038,146.6202478894765
2015-11-14,,0.125,0.12,,,,,,,,,,,,,,
2015-11-15,,0.125,0.12,,,,,,,,,,,,,,
2015-11-16,,0.125,0.12,2.2730000019073486,18.15999984741211,4.36299991607666,99.44000244140625,43.58000183105469,1656.0,,,94.461998507134,,104.20992907811934,161.28182733317323,124.13767011824721,144.5546932842751
2015-11-17,,0.125,0.13,2.260999917984009,18.84000015258789,4.375699996948242,99.62999725341797,43.56999969482422,1661.530029296875,,,94.54888049696474,,104.70870927553241,165.27938079397384,124.2723891418988,148.34162213340056
2015-11-18,,0.125,0.13,2.2690000534057617,16.850000381469727,4.323999881744385,99.6500015258789,44.13999938964844,1656.5,,,94.54337422357982,,102.6284048879893,168.23151546095363,124.55422489912831,146.70244376701532
2015-11-19,,0.125,0.12,2.247999906539917,16.989999771118164,4.277500152587891,98.98999786376953,44.18000030517578,1660.06005859375,,,94.37767542362353,,104.94239441662263,172.05342756845803,125.8544453711935,144.51178507523088
2015-11-20,,0.125,0.12,2.26200008392334,15.470000267028809,4.258500099182129,99.56999969482422,44.65999984741211,1661.8900146484375,,,94.78773422075977,,104.52693239452246,172.58549945321133,126.42582107232228,142.33984531117702
2015-11-21,,0.125,0.12,,,,,,,,,,,,,,
2015-11-22,,0.125,0.12,,,,,,,,,,,,,,
2015-11-23,,0.125,0.12,2.25,15.619999885559082,4.262499809265137,99.80000305175781,44.83000183105469,1670.9000244140625,,,95.57818221708483,,105.55338444031268,176.51227451503956,128.35977795474292,138.17388784836854
2015-11-24,,0.125,0.12,2.243000030517578,15.930000305175781,4.204999923706055,99.52999877929688,46.119998931884766,1677.030029296875,,,95.10854752053027,,105.32197128355082,175.60724576003187,129.19383071335088,138.05053935369332
2015-11-25,,0.125,0.12,2.2320001125335693,15.1899995803833,4.198500156402588,99.80000305175781,46.16999816894531,1684.4200439453125,,,95.65273092737206,,105.50350411147885,162.26791339905148,130.34391993583162,134.81484781895506
2015-11-26,,0.125,0.12,,,4.2129998207092285,,,1683.0899658203125,,,95.25995356476707,,105.68375033630042,165.89963355552229,129.55497573676115,137.64117926247533
2015-11-27,,0.125,0.12,2.2249999046325684,15.119999885559082,4.263000011444092,100.0199966430664,44.86000061035156,1682.5899658203125,,,95.46298415795408,,105.45500239601138,166.4505851269887,128.93882174225655,138.6916126028028
2015-11-28,,0.125,0.12,,,,,,,,,,,,,,
2015-11-29,,0.125,0.12,,,,,,,,,,,,,,
2015-11-30,,0.125,0.12,2.2179999351501465,16.1299991607666,4.248000144958496,100.16999816894531,44.61000061035156,1672.1600341796875,,,94.86998178953921,,104.32790891668135,167.38216712276238,128.91723684690328,138.5044322948853
2015-12-01,520.584651292273,0.125,0.08,2.1549999713897705,14.670000076293945,4.2179999351501465,99.80000305175781,44.439998626708984,1682.3699951171875,,,95.7154681747322,,104.7569143696589,167.68556293250955,129.37478268592656,139.75854364464203
2015-12-02,,0.125,0.13,2.177999973297119,15.90999984741211,4.244999885559082,99.98999786376953,42.4900016784668,1676.77001953125,,,95.3894766548565,,105.02761326654839,166.18811489115572,129.15057025457165,142.57584317449923
2015-12-03,,0.125,0.13,2.3299999237060547,18.110000610351562,4.206500053405762,97.62000274658203,43.84000015258789,1673.9200439453125,,,95.30618655290426,,104.49893821222092,167.12473455958838,129.56751566344823,143.43128687423922
2015-12-04,,0.125,0.13,2.2750000953674316,14.8100004196167,4.182000160217285,98.3499984741211,43.0,1667.8699951171875,,,94.96097281994292,,104.79834635469152,168.7144120793337,129.76496153394186,144.84864302621406
2015-12-05,,0.125,0.13,,,,,,,,,,,,,,
2015-12-06,,0.125,0.13,,,,,,,,,,,,,,
2015-12-07,,0.125,0.13,2.2249999046325684,15.84000015258789,4.269999980926514,98.66000366210938,40.72999954223633,1672.0,,,95.21614079772658,,105.07931268831952,174.29985281209483,129.16071445770785,150.29453167611692
2015-12-08,,0.125,0.13,2.23799991607666,17.600000381469727,4.263299942016602,98.47000122070312,40.2599983215332,1669.239990234375,,,95.18152762114623,,104.61844138157747,172.18737799177228,128.2788828932668,148.56296826986647
2015-12-09,,0.125,0.13,2.2079999446868896,19.610000610351562,4.251399993896484,97.3499984741211,40.11000061035156,1659.3599853515625,,,95.17950285176859,,104.1176925973845,171.2885281940835,127.7268439408256,146.83260784916786
2015-12-10,,0.125,0.14,2.239000082015991,19.34000015258789,4.261000156402588,97.94000244140625,39.72999954223633,1648.6500244140625,,,95.11325852433582,,102.5099157548112,171.09439151580125,127.5473591349239,150.3156483101328
2015-12-11,,0.125,0.14,2.1389999389648438,24.389999389648438,4.319499969482422,97.56999969482422,37.93000030517578,1640.1400146484375,,,94.25053197703338,,102.26300475865841,168.67876513343208,127.37835519400625,149.10404024365764
2015-12-12,,0.125,0.14,,,,,,,,,,,,,,
2015-12-13,,0.125,0.14,,,,,,,,,,,,,,
2015-12-14,,0.125,0.14,2.2249999046325684,22.729999542236328,4.3420000076293945,97.5999984741211,37.91999816894531,1629.9599609375,,,93.9124988604712,,102.37905637421063,165.24776089035328,125.5202891376011,146.0390685973421
2015-12-15,,0.125,0.15,2.2679998874664307,20.950000762939453,4.295000076293945,98.22000122070312,38.45000076293945,1622.8399658203125,,,93.4005998947047,,102.66288266611087,164.3522695754167,126.3884907387176,152.4672674080587
2015-12-16,,0.375,0.15,2.2869999408721924,17.860000610351562,4.265500068664551,97.87000274658203,37.189998626708984,1634.1300048828125,,,94.21505540569875,,103.95733964649423,167.19574507632458,127.38929876781393,156.153922700571
2015-12-17,,0.375,0.15,2.23799991607666,18.940000534057617,4.307000160217285,99.2699966430664,37.18000030517578,1656.52001953125,,,95.8583991942779,,103.70124394870808,170.267483219343,127.87031882788563,163.56157817112168
2015-12-18,,0.375,0.37,2.1989998817443848,20.700000762939453,4.273499965667725,98.69999694824219,36.880001068115234,1643.9000244140625,,,94.9823342799858,,103.25802262103554,167.47360160859924,127.42341968355062,161.54934951525644
2015-12-19,,0.375,0.37,,,,,,,,,,,,,,
2015-12-20,,0.375,0.37,,,,,,,,,,,,,,
2015-12-21,,0.375,0.37,2.197000026702881,18.700000762939453,4.291999816894531,98.45999908447266,36.349998474121094,1629.0899658203125,,,93.81097808018157,,102.82999216165211,166.25819683360254,126.34616336814904,164.78030106410768
2015-12-22,,0.375,0.36,2.239000082015991,16.600000381469727,4.294000148773193,98.23999786376953,36.11000061035156,1643.260009765625,,,94.24318288824709,,102.77879270910685,168.95018180858085,126.94273796248325,165.1535448258967
2015-12-23,,0.375,0.36,2.2639999389648438,15.569999694824219,4.290999889373779,98.33999633789062,37.36000061035156,1663.510009765625,,,94.8162639098146,,103.72859926549627,169.5432653170092,127.83799642429807,164.76572385567263
2015-12-24,,0.375,0.36,2.243000030517578,15.739999771118164,4.289999961853027,97.9800033569336,37.88999938964844,,,,,,,,,
2015-12-25,,0.375,0.36,,,4.290999889373779,,,,,,,,,,,
2015-12-26,,0.375,0.36,,,,,,,,,,,,,,
2015-12-27,,0.375,0.36,,,,,,,,,,,,,,
2015-12-28,,0.375,0.36,2.2249999046325684,16.90999984741211,4.2932000160217285,97.91999816894531,36.619998931884766,1670.72998046875,,,95.29944134599391,,104.37807032705257,169.69784669895557,129.41557105786893,164.8727008625535
2015-12-29,,0.375,0.36,2.306999921798706,16.079999923706055,4.281000137329102,98.0999984741211,37.790000915527344,1685.3599853515625,,,95.83671503219142,,104.67544415575942,172.5198436982901,131.2512874130638,167.10246874232135
2015-12-30,,0.375,0.36,2.302999973297119,17.290000915527344,4.305200099945068,98.2699966430664,36.459999084472656,1693.1400146484375,,,96.18926995340624,,104.52760322903403,174.35422165970573,131.4468873288041,165.85658357089432
2015-12-31,,0.375,0.35,2.2690000534057617,18.209999084472656,4.294000148773193,98.62999725341797,37.279998779296875,1692.510009765625,,,95.7199637079313,,104.83898983993625,169.59936146069478,131.62843572000352,165.2180579090896
2016-01-01,531.619442572607,0.375,0.2,,,4.305200099945068,,,,,,,,,,,
2016-01-02,,0.375,0.2,,,,,,,,,,,,,,
2016-01-03,,0.375,0.2,,,,,,,,,,,,,,
2016-01-04,,0.375,0.2,2.244999885559082,20.700000762939453,4.350500106811523,98.87000274658203,37.220001220703125,1653.3699951171875,,,93.70344856372921,,104.34399080192063,169.60307788244853,126.15899114267664,162.54202805870702
2016-01-05,,0.375,0.36,2.247999906539917,19.34000015258789,4.355500221252441,99.4000015258789,36.41999816894531,1665.699951171875,,,94.2669775639359,,103.54831211303161,170.3568696357438,131.04309441123647,163.81134548576114
2016-01-06,,0.375,0.36,2.177000045776367,20.59000015258789,4.414999961853027,99.18000030517578,34.22999954223633,1667.969970703125,,,94.01691989384437,,104.04951262406104,169.7590929894966,130.96164301943332,166.2595893324432
2016-01-07,,0.375,0.36,2.1530001163482666,24.989999771118164,4.4019999504089355,98.22000122070312,33.75,1655.1300048828125,,,93.33164929367078,,103.54952309540606,168.0360746413561,129.00001138931418,166.02005656320918
2016-01-08,,0.375,0.36,2.130000114440918,27.010000228881836,4.4079999923706055,98.54000091552734,33.54999923706055,1657.6099853515625,,,93.30745627802366,,103.83854432943774,168.61472581441413,130.04707626280728,165.01943630546643
2016-01-09,,0.375,0.36,,,,,,,,,,,,,,
2016-01-10,,0.375,0.36,,,,,,,,,,,,,,
2016-01-11,,0.375,0.36,2.1579999923706055,24.299999237060547,4.388500213623047,98.7300033569336,31.549999237060547,1637.5899658203125,,,92.01369493208912,,104.19134295549463,165.8231440744511,126.78409932094424,164.32795797102736
2016-01-12,,0.375,0.36,2.1019999980926514,22.469999313354492,4.39300012588501,98.97000122070312,30.860000610351562,1641.3699951171875,,,91.85953182104437,,104.10273815022508,164.70584170529284,128.56937788979377,164.9975658534101
2016-01-13,,0.375,0.36,2.065999984741211,25.219999313354492,4.385499954223633,98.93000030517578,30.309999465942383,1642.5400390625,,,91.92612140028224,,104.84226369261324,161.9638213734409,129.1620500404566,164.46846388613437
2016-01-14,,0.375,0.36,2.0980000495910645,23.950000762939453,4.380499839782715,99.08999633789062,31.030000686645508,1633.43994140625,,,91.44097970443283,,104.34373155589107,157.53021403623805,126.34127451330374,161.98971383527493
2016-01-15,,0.375,0.36,2.0329999923706055,27.020000457763672,4.420499801635742,98.95999908447266,31.010000228881836,1628.550048828125,,,91.13855018521696,,104.9923052440553,157.2318710682647,126.01350776003812,162.05631664276063
2016-01-16,,0.375,0.36,,,,,,,,,,,,,,
2016-01-17,,0.375,0.36,,,,,,,,,,,,,,
2016-01-18,,0.375,0.36,,,4.39900016784668,99.12000274658203,,1622.6400146484375,,,90.6778461520042,,104.56587738756352,157.32325087673243,125.55422044106241,162.29837610327706
2016-01-19,,0.375,0.36,2.0350000858306885,26.049999237060547,4.365799903869629,98.98999786376953,28.760000228881836,1629.219970703125,,,91.2691067809602,,104.99718439623074,161.9504195764863,126.1344475009697,161.9991156077931
2016-01-20,,0.375,0.36,1.9839999675750732,27.59000015258789,4.382999897003174,99.08999633789062,27.8799991607666,1618.8299560546875,,,90.4924406426189,,104.58336141859812,158.23202172656065,125.10671530068814,159.0470240830701
2016-01-21,,0.375,0.37,2.0190000534057617,26.690000534057617,4.3414998054504395,99.05999755859375,29.25,1600.9200439453125,,3.25,89.43458557803018,,104.14370942087146,158.39364964552286,124.4713479207706,156.74502425832296
2016-01-22,,0.375,0.37,2.0480000972747803,22.34000015258789,4.257500171661377,99.56999969482422,32.18000030517578,1625.2099609375,,,91.83783239476217,,104.841449908377,160.10212974885516,125.53363955836522,156.69978826040287
2016-01-23,,0.375,0.38,,,,,,,,,,,,,,
2016-01-24,,0.375,0.38,,,,,,,,,,,,,,
2016-01-25,,0.375,0.38,2.0220000743865967,24.149999618530273,4.276800155639648,99.36000061035156,30.5,,,,,,,,,
2016-01-26,,0.375,0.38,1.99399995803833,22.5,4.252299785614014,99.36000061035156,31.799999237060547,1626.6600341796875,,,91.06881947844488,,105.59638881546167,158.96451730287583,125.4509042801923,150.9961050941096
2016-01-27,,0.375,0.38,2.000999927520752,23.110000610351562,4.239799976348877,98.9000015258789,33.099998474121094,1631.5400390625,,,91.318842645326,,106.07855405285038,157.6624408473901,127.3703907912717,148.2823951070221
2016-01-28,,0.375,0.38,1.9850000143051147,22.420000076293945,4.15749979019165,98.51000213623047,33.88999938964844,1634.530029296875,,,92.12686048545203,,107.37192788501805,154.52809782072842,128.9989982564089,141.00300374217477
2016-01-29,,0.375,0.38,1.930999994277954,20.200000762939453,4.131999969482422,99.61000061035156,34.7400016784668,1667.800048828125,,,93.39148908609431,,107.42523618664934,157.85033060595234,132.85062474868016,140.28618533500236
2016-01-30,,0.375,0.29,,,,,,,,,,,,,,
2016-01-31,,0.375,0.29,,,,,,,,,,,,,,
2016-02-01,595.900683226908,0.375,0.29,1.965999960899353,19.979999542236328,4.156000137329102,99.0,34.689998626708984,,,,,,,,,
2016-02-02,,0.375,0.38,1.8639999628067017,21.979999542236328,4.196499824523926,98.87000274658203,32.720001220703125,1653.1800537109375,,,92.99481084458886,,107.81699203869222,161.42348922359696,132.67818694516626,145.06346970448448
2016-02-03,,0.375,0.38,1.88100004196167,21.649999618530273,4.140999794006348,97.29000091552734,35.040000915527344,1633.300048828125,,,91.87382195091551,,108.11317286991984,160.62157938500218,129.38383541625922,146.84675678256622
2016-02-04,,0.375,0.38,1.8639999628067017,21.84000015258789,4.086999893188477,96.47000122070312,34.459999084472656,1656.77001953125,,,93.12160363418191,,109.70960380767043,157.8516282647387,130.67096910305648,146.0230572897689
2016-02-05,,0.375,0.38,1.8480000495910645,23.3799991607666,4.1539998054504395,97.02999877929688,34.060001373291016,1662.4599609375,,,93.34084051040121,,109.12570246895139,155.72618678890075,130.0864440133484,146.3323652571051
2016-02-06,,0.375,0.38,,,,,,,,,,,,,,
2016-02-07,,0.375,0.38,,,,,,,,,,,,,,
2016-02-08,,0.375,0.38,1.7350000143051147,26.0,4.171500205993652,96.56999969482422,32.880001068115234,,,,93.34084051040121,,109.12570246895139,155.72618678890075,130.0864440133484,146.3323652571051
2016-02-09,,0.375,0.38,1.7289999723434448,26.540000915527344,4.157299995422363,96.06999969482422,30.31999969482422,,,,93.34084051040121,,109.12570246895139,155.72618678890075,130.0864440133484,146.3323652571051
2016-02-10,,0.375,0.38,1.7050000429153442,26.290000915527344,4.104000091552734,95.88999938964844,30.84000015258789,1644.4100341796875,,,93.12098822828526,,106.10216866840322,155.72618678890075,129.14554100155658,147.60717854428242
2016-02-11,,0.375,0.38,1.6440000534057617,28.139999389648438,4.120500087738037,95.55999755859375,30.059999465942383,1643.949951171875,,,93.35334944252268,,105.76670450543719,153.55871912655311,129.36533156228117,147.7385251950715
2016-02-12,,0.375,0.38,1.7480000257492065,25.399999618530273,4.143499851226807,95.9800033569336,33.36000061035156,1643.739990234375,,,93.6950187392248,,110.21577216212155,154.16934590656157,128.91618765787217,144.9545724142443
2016-02-13,,0.375,0.38,,,,,,,,,,,,,,
2016-02-14,,0.375,0.38,,,,,,,,,,,,,,
2016-02-15,,0.375,0.38,,,4.125,,,1649.9599609375,,,94.18671111460462,,111.22977672466175,154.32298121735676,130.2002154637744,145.67461316005824
2016-02-16,,0.375,0.38,1.777999997138977,24.110000610351562,4.191299915313721,96.87000274658203,32.18000030517578,1664.989990234375,,,95.36588005531219,,111.21175398128275,155.4453440217117,131.11944516565973,146.8389812660522
2016-02-17,,0.375,0.38,1.819000005722046,22.309999465942383,4.160999774932861,96.79000091552734,34.5,1664.3199462890625,,,94.64642158565252,,110.82205191772674,153.39432075747945,130.40862152955452,147.92073288304243
2016-02-18,,0.375,0.37,1.7589999437332153,21.639999389648438,4.168000221252441,96.94999694824219,34.279998779296875,1680.02001953125,,,95.80875796580935,,110.64610549410831,157.8493285322456,130.96203885430467,149.5879415909953
2016-02-19,,0.375,0.38,1.7480000257492065,20.530000686645508,4.200799942016602,96.5999984741211,33.0099983215332,1674.8800048828125,,,95.18851772348687,,111.97086825834022,158.53287563722625,130.77575276402746,150.67383899768402
2016-02-20,,0.375,0.38,,,,,,,,,,,,,,
2016-02-21,,0.375,0.38,,,,,,,,,,,,,,
2016-02-22,,0.375,0.38,1.7660000324249268,19.3799991607666,4.171500205993652,97.37999725341797,34.689998626708984,1674.5899658203125,,,95.21892297990445,,111.40462164456619,161.52813710498256,130.728138227311,152.91105053991078
2016-02-23,,0.375,0.38,1.7450000047683716,20.979999542236328,4.210000038146973,97.4800033569336,33.27000045776367,1677.280029296875,,,95.69392324432016,,113.06248249700741,158.05006374788,131.06214016975915,154.82007147620692
2016-02-24,,0.375,0.38,1.7419999837875366,20.719999313354492,4.21750020980835,97.45999908447266,34.40999984741211,1664.1700439453125,,,94.96634422451685,,111.99590492281813,159.44398936644072,130.37860087806504,156.31392569466965
2016-02-25,,0.375,0.38,1.6970000267028809,19.110000610351562,4.2042999267578125,97.29000091552734,35.290000915527344,1658.1600341796875,,,94.9238072025203,,112.5561141265176,155.86412099346077,127.9602525804324,155.73747383227604
2016-02-26,,0.375,0.37,1.7619999647140503,19.809999465942383,4.1585001945495605,98.1500015258789,35.099998474121094,1663.43994140625,,,96.29658592907073,,112.30657532440085,157.14603470858236,128.3502114619595,152.07348196277403
2016-02-27,,0.375,0.37,,,,,,,,,,,,,,
2016-02-28,,0.375,0.37,,,,,,,,,,,,,,
2016-02-29,,0.375,0.37,1.7400000095367432,20.549999237060547,4.191800117492676,98.20999908447266,35.970001220703125,1654.75,,,96.61515273419582,,112.99836596692134,156.9901474693006,127.14206137989387,153.16948467411768
2016-03-01,632.789085261169,0.375,0.29,1.8339999914169312,17.700000762939453,4.11899995803833,98.3499984741211,35.959999084472656,1670.8199462890625,,,97.53309030131071,,113.27833736713583,159.51283361944922,127.89795230429077,153.4370256585426
2016-03-02,,0.375,0.36,1.8480000495910645,17.09000015258789,4.129000186920166,98.20999908447266,36.93000030517578,1691.030029296875,,,98.72677754152537,,113.3566241226235,159.82928836316202,129.17862139588905,157.63762456353533
2016-03-03,,0.375,0.37,1.8300000429153442,16.700000762939453,4.113500118255615,97.56999969482422,37.06999969482422,1688.199951171875,,,97.66289578984701,,113.51811605244366,162.04562785514295,129.38458920545565,156.0198091667355
2016-03-04,,0.375,0.37,1.8830000162124634,16.860000610351562,4.054500102996826,97.33999633789062,38.720001220703125,1692.489990234375,,,98.88485061282624,,113.76544008410127,161.78369182063966,129.01275893364732,154.31776676556566
2016-03-05,,0.375,0.36,,,,,,,,,,,,,,
2016-03-06,,0.375,0.36,,,,,,,,,,,,,,
2016-03-07,,0.375,0.36,1.9019999504089355,17.350000381469727,4.057499885559082,97.06999969482422,40.84000015258789,1697.9300537109375,,,98.97263198624246,,113.95014046557834,159.4269210353437,129.6999223043556,150.98163060476847
2016-03-08,,0.375,0.36,1.8320000171661377,18.670000076293945,4.109499931335449,97.20999908447266,39.650001525878906,1687.8599853515625,,,98.46690387139678,,113.7034873375715,158.31604556682743,129.7595526893414,152.19825269570288
2016-03-09,,0.375,0.36,1.8919999599456787,18.34000015258789,4.1020002365112305,97.16999816894531,41.06999969482422,1686.3499755859375,,3.25,97.92067136455137,,114.00507430213122,156.79268866519817,128.71087146855575,153.05237425828818
2016-03-10,,0.375,0.36,1.9290000200271606,18.049999237060547,4.11899995803833,96.06999969482422,40.04999923706055,1690.9100341796875,,,98.71952820601764,,113.24200791851413,157.90172406149702,129.205436340503,158.7955223363722
2016-03-11,,0.375,0.36,1.9769999980926514,16.5,4.064799785614014,96.16999816894531,40.38999938964844,1696.5400390625,,,98.72604302413122,,113.68579998592413,161.4631753708319,128.56080574610866,165.95149695986237
2016-03-12,,0.375,0.36,,,,,,,,,,,,,,
2016-03-13,,0.375,0.36,,,,,,,,,,,,,,
2016-03-14,,0.375,0.36,1.9630000591278076,16.920000076293945,4.108500003814697,96.62000274658203,39.529998779296875,1700.31005859375,,,98.68844229052803,,113.51158745029177,159.5912900167457,127.69007437694056,171.6346071744755
2016-03-15,,0.375,0.36,1.9589999914169312,16.84000015258789,4.156300067901611,96.62999725341797,38.7400016784668,1690.9200439453125,,,98.78065431795335,,113.04904683764244,159.57334389354227,127.05071233898539,171.94446656540586
2016-03-16,,0.375,0.37,1.937999963760376,14.989999771118164,4.052499771118164,95.88999938964844,40.33000183105469,1693.4300537109375,,,99.19122302119882,,113.3144284904138,160.20823595921848,126.8946026836354,165.675711263619
2016-03-17,,0.375,0.37,1.902999997138977,14.4399995803833,4.023499965667725,94.76000213623047,41.540000915527344,1703.18994140625,,,100.59148671743033,,113.40966374948238,160.0120343864606,127.3394922695183,169.141811765284
2016-03-18,,0.375,0.37,1.871000051498413,14.020000457763672,4.043499946594238,94.98999786376953,41.20000076293945,1716.3399658203125,,,101.44196622469812,,112.50339505048905,161.29486122253093,129.64627343651847,169.7635812046674
2016-03-19,,0.375,0.37,,,,,,,,,,,,,,
2016-03-20,,0.375,0.37,,,,,,,,,,,,,,
2016-03-21,,0.375,0.37,1.9229999780654907,13.789999961853027,4.03249979019165,95.29000091552734,41.540000915527344,1718.3599853515625,,,101.00819566621695,,112.11310707939619,167.7195462550568,127.94933431813578,167.42079797725253
2016-03-22,,0.375,0.37,1.934999942779541,14.170000076293945,3.9718000888824463,95.6500015258789,41.790000915527344,1724.75,,,101.60720530353913,,112.3976888063426,161.9033623327168,126.89834321015529,163.44272195901738
2016-03-23,,0.375,0.37,1.875,14.9399995803833,4.027500152587891,96.05000305175781,40.470001220703125,1724.550048828125,,,101.42539845486202,,112.27733382882899,162.5039457807908,126.8990684546497,157.32588333939304
2016-03-24,,0.375,0.37,1.899999976158142,14.739999771118164,4.015500068664551,96.13999938964844,40.439998626708984,1715.530029296875,,,101.53118069422446,,112.66215312138299,161.54169046260546,127.00430848199761,155.32568697892876
2016-03-25,,0.375,0.37,,,4.014500141143799,,,1703.7900390625,,,100.19985915445369,,112.66858014807886,162.05289587342452,126.8458655334441,157.2513034599084
2016-03-26,,0.375,0.37,,,,,,,,,,,,,,
2016-03-27,,0.375,0.37,,,,,,,,,,,,,,
2016-03-28,,0.375,0.37,1.8700000047683716,15.239999771118164,4.002999782562256,95.94000244140625,40.27000045776367,1702.4100341796875,,,100.13244448914662,,113.45272055945581,159.07369205687,127.01580001880059,159.95183809287002
2016-03-29,,0.375,0.37,1.8140000104904175,13.819999694824219,3.9625000953674316,95.16000366210938,39.13999938964844,1715.0400390625,,,101.28616953708922,,114.1225382662024,160.65033249577849,126.77811130646808,161.58726470689052
2016-03-30,,0.375,0.37,1.8300000429153442,13.5600004196167,3.9094998836517334,94.83999633789062,39.2599983215332,1717.8199462890625,,,101.8598058642592,,114.79842605289325,163.1974153536613,127.07516096930145,163.48739557210536
2016-03-31,,0.375,0.37,1.7860000133514404,13.949999809265137,3.8635001182556152,94.58999633789062,39.599998474121094,1717.5799560546875,,,102.22427000377947,,114.42794052417995,161.99688169326774,127.09991109998207,163.3114559650904
2016-04-01,681.076987743652,0.375,0.25,1.7920000553131104,13.100000381469727,3.882499933242798,94.62000274658203,39.65999984741211,1710.550048828125,,,101.5488787782914,,115.10075903988665,162.45708968836118,126.97047368011513,162.66088837257854
2016-04-02,,0.375,0.37,,,,,,,,,,,,,,
2016-04-03,,0.375,0.37,,,,,,,,,,,,,,
2016-04-04,,0.375,0.37,1.7790000438690186,14.119999885559082,3.9068000316619873,94.51000213623047,37.689998626708984,1725.239990234375,,,102.53898848071739,,115.65269103151765,164.00461808105146,126.82976255360978,162.72007947212202
2016-04-05,,0.375,0.37,1.7269999980926514,15.420000076293945,3.934299945831299,94.62999725341797,37.869998931884766,1718.0799560546875,,,102.48274436651845,,115.95792380560717,163.83486803774582,126.5806724113778,165.6132725417537
2016-04-06,,0.375,0.37,1.7549999952316284,14.09000015258789,3.865999937057495,94.43000030517578,39.84000015258789,1717.010009765625,,,102.41750799594469,,115.34847472729841,162.47141638406396,127.81151860134557,167.0502986398499
2016-04-07,,0.375,0.37,1.690999984741211,16.15999984741211,3.939500093460083,94.4800033569336,39.43000030517578,1724.2900390625,,,103.65703551078201,,115.85479881188398,162.1505356292793,126.4554273400037,168.1764699592488
2016-04-08,,0.375,0.37,1.7200000286102295,15.359999656677246,3.911099910736084,94.23999786376953,41.939998626708984,1718.4000244140625,,,103.19566480890354,,115.9091107625984,160.26861355854072,126.4554273400037,170.0769042231533
2016-04-09,,0.375,0.37,,,,,,,,,,,,,,
2016-04-10,,0.375,0.37,,,,,,,,,,,,,,
2016-04-11,,0.375,0.37,1.7239999771118164,16.260000228881836,3.8450000286102295,93.94999694824219,42.83000183105469,1715.280029296875,,,103.12183993631159,,115.86798387143318,161.95517885986902,126.24170715422905,170.3907615123655
2016-04-12,,0.375,0.37,1.781000018119812,14.850000381469727,3.8434998989105225,93.95999908447266,44.689998626708984,1715.0,,,103.41072622695249,,115.13755221930066,161.65937123750166,126.17879597630521,170.18116200359202
2016-04-13,,0.375,0.37,1.7619999647140503,13.84000015258789,3.856300115585327,94.73999786376953,44.18000030517578,1723.1099853515625,,,103.69723843999739,,115.17910510274663,163.49734992245806,126.9488874526282,171.16401342423228
2016-04-14,,0.375,0.37,1.781000018119812,13.720000267028809,3.8701999187469482,94.9000015258789,43.84000015258789,1723.780029296875,,,103.98146411137479,,115.93297373817548,164.26216168104907,127.09347784727689,174.84155186019197
2016-04-15,,0.375,0.37,1.7519999742507935,13.619999885559082,3.8980000019073486,94.69999694824219,43.099998474121094,1727.989990234375,,,104.40947268112764,,114.99091389634913,164.19538220646172,127.2955640054589,174.14148483551136
2016-04-16,,0.375,0.37,,,,,,,,,,,,,,
2016-04-17,,0.375,0.37,,,,,,,,,,,,,,
2016-04-18,,0.375,0.37,1.7730000019073486,13.350000381469727,3.8935000896453857,94.48999786376953,42.90999984741211,1717.6800537109375,,,102.96354241017474,,113.70113453056041,163.1911357141167,126.83898136816573,173.70019909385604
2016-04-19,,0.375,0.37,1.7829999923706055,13.239999771118164,3.824399948120117,93.9800033569336,44.029998779296875,1711.1500244140625,,,102.87739372326368,,114.66890411972905,159.85347936051105,126.17984485172249,173.84013673694128
2016-04-20,,0.375,0.37,1.8539999723434448,13.279999732971191,3.876499891281128,94.48999786376953,45.79999923706055,1708.9100341796875,,,102.86606551935674,,113.87359538300541,159.88759372387713,126.17984485172249,174.73114092077384
2016-04-21,,0.375,0.37,1.8700000047683716,13.949999809265137,3.8977999687194824,94.5999984741211,44.529998779296875,1721.469970703125,,,103.28639378485767,,113.79621421861941,159.85088585457626,126.92202592310724,175.43474813241252
2016-04-22,,0.375,0.37,1.8880000114440918,13.220000267028809,3.9058001041412354,95.12000274658203,45.11000061035156,1717.9599609375,,,103.44137555605921,,114.14776689773174,161.6063102313407,126.54460636062264,178.09819565444607
2016-04-23,,0.375,0.37,,,,,,,,,,,,,,
2016-04-24,,0.375,0.37,,,,,,,,,,,,,,
2016-04-25,,0.375,0.37,1.9019999504089355,14.079999923706055,3.9103000164031982,94.83999633789062,44.47999954223633,1714.510009765625,,,102.48046036268563,,114.04192592177826,157.21340762018298,126.96418455629825,177.1133238065582
2016-04-26,,0.375,0.37,1.930999994277954,13.960000038146973,3.9052999019622803,94.56999969482422,45.7400016784668,1692.5,,,101.33038465910185,,113.94924348271257,155.60626479925082,126.325016022945,173.93398441062612
2016-04-27,,0.375,0.37,1.8600000143051147,13.770000457763672,3.8919999599456787,94.38999938964844,47.18000030517578,1692.3399658203125,,,101.89715071153098,,114.14969979395424,154.29721842688895,126.43278225354118,174.27175849258833
2016-04-28,,0.375,0.37,1.8380000591278076,15.220000267028809,3.878000020980835,93.76000213623047,48.13999938964844,1674.760009765625,,,100.89700105155943,,114.42626547800319,151.55525208424018,126.618864331007,174.0536288405883
2016-04-29,,0.375,0.37,1.819000005722046,15.699999809265137,3.9140000343322754,93.08000183105469,48.130001068115234,1672.719970703125,,,100.51369799968384,,114.73350439207128,151.22076677157852,126.6435137926593,170.9932995103805
2016-04-30,,0.375,0.3,,,,,,,,,,,,,,
2016-05-01,644.564789449039,0.375,0.3,,,,,,,,,,,,,,
2016-05-02,,0.375,0.3,1.8650000095367432,14.680000305175781,3.9168999195098877,92.62999725341797,48.099998474121094,,,,,,,,,
2016-05-03,,0.375,0.37,1.7999999523162842,15.600000381469727,3.9795000553131104,92.94000244140625,46.75,1651.43994140625,,,98.76739811513951,,114.99202250864298,149.73598903533693,126.19977629869483,171.28513765695192
2016-05-04,,0.375,0.37,1.784000039100647,16.049999237060547,4.0177998542785645,93.18000030517578,44.619998931884766,1657.5799560546875,,,100.65413436422497,,114.67699187373401,150.98546246820553,125.79567501921424,174.55403826393078
2016-05-05,,0.375,0.37,1.746999979019165,15.90999984741211,4.01200008392334,93.77999877929688,45.0099983215332,1645.0899658203125,,,100.18772770552708,,114.23936534784518,154.3754409892937,124.7311344995297,176.57645720998204
2016-05-06,,0.375,0.37,1.7790000438690186,14.720000267028809,3.993000030517578,93.88999938964844,45.369998931884766,1649.3599853515625,,,101.09187580558184,,114.46844767315156,155.55284149013355,123.24088949559999,177.1441359383616
2016-05-07,,0.375,0.37,,,,,,,,,,,,,,
2016-05-08,,0.375,0.37,,,,,,,,,,,,,,
2016-05-09,,0.375,0.37,1.7599999904632568,14.569999694824219,4.052499771118164,94.1500015258789,43.630001068115234,1632.18994140625,,,101.83636359153118,,114.98443300673853,151.2858989193719,119.28474500901984,178.10603568462776
2016-05-10,,0.375,0.37,1.7599999904632568,13.630000114440918,4.03849983215332,94.29000091552734,45.52000045776367,1635.8399658203125,,,101.8488712326207,,116.76084297773954,151.01755163327596,121.82105047995533,181.4312887084632
2016-05-11,,0.375,0.37,1.7369999885559082,14.6899995803833,4.0167999267578125,93.81999969482422,47.599998474121094,1644.5799560546875,,,101.93360771483107,,117.53983756933766,155.76040133346055,121.47358118314311,181.2047928666424
2016-05-12,,0.375,0.37,1.7569999694824219,14.40999984741211,4.023499965667725,94.13999938964844,48.08000183105469,1648.97998046875,,,101.81751219240294,,118.43200723630949,154.00133252630462,121.914033011734,179.233544979354
2016-05-13,,0.375,0.37,1.7050000429153442,15.039999961853027,4.032800197601318,94.61000061035156,47.83000183105469,1628.260009765625,,,98.6569101435897,,117.41695551627033,151.2933636111176,120.18908505025567,178.30988245615094
2016-05-14,,0.375,0.37,,,,,,,,,,,,,,
2016-05-15,,0.375,0.37,,,,,,,,,,,,,,
2016-05-16,,0.375,0.37,1.753000020980835,14.680000305175781,4.0157999992370605,94.56999969482422,48.970001220703125,1621.2099609375,,,97.68548339982078,,117.65050632191101,150.23628381134455,119.6019668902007,175.74618141976768
2016-05-17,,0.375,0.37,1.7589999437332153,15.569999694824219,4.019000053405762,94.55000305175781,49.279998779296875,1633.3900146484375,,,98.41942438322624,,117.36019785548027,149.38967068872037,122.83150344719496,177.60440521714216
2016-05-18,,0.375,0.37,1.8799999952316284,15.949999809265137,4.065999984741211,95.08000183105469,48.93000030517578,1635.719970703125,,,98.9194099273492,,116.62909312975529,147.88894380385108,122.34193533119098,177.14029084999504
2016-05-19,,0.375,0.37,1.8450000286102295,16.329999923706055,4.078000068664551,95.29000091552734,48.810001373291016,1633.760009765625,,3.25,98.3597619385992,,116.66080453965681,147.65248392129845,122.27940250545836,178.44379441935567
2016-05-20,,0.375,0.37,1.8489999771118164,15.199999809265137,4.065800189971924,95.30999755859375,48.720001220703125,1628.7900390625,,,98.45885421230615,,116.25270974913238,149.94108171053267,122.9817675896313,179.3776508971769
2016-05-21,,0.375,0.37,,,,,,,,,,,,,,
2016-05-22,,0.375,0.37,,,,,,,,,,,,,,
2016-05-23,,0.375,0.37,1.8380000591278076,15.819999694824219,4.046500205993652,95.2300033569336,48.349998474121094,1634.8900146484375,,,98.85616188159388,,116.34354557917572,152.61479264493886,123.51747868376665,179.82058319440537
2016-05-24,,0.375,0.37,1.8589999675750732,14.420000076293945,4.081500053405762,95.56999969482422,48.61000061035156,1625.8399658203125,,,97.61138159052383,,116.85039850520793,152.16622577380605,123.25995531150333,177.17391434799345
2016-05-25,,0.375,0.37,1.8700000047683716,13.899999618530273,4.066999912261963,95.3499984741211,49.7400016784668,1630.9599609375,,,97.94134713110351,,116.45135509444538,153.05538083042973,124.36749414280047,174.72656271495438
2016-05-26,,0.375,0.37,1.8229999542236328,13.430000305175781,4.055500030517578,95.16999816894531,49.59000015258789,1631.0899658203125,,,98.15567557840835,,118.59066887948453,152.3509296368224,125.18024713639744,171.32904084303047
2016-05-27,,0.375,0.37,1.8509999513626099,13.119999885559082,4.089000225067139,95.5199966430664,49.31999969482422,1637.18994140625,,,97.76477283979023,,119.05588897260819,152.8437137773299,126.18138940516484,171.2911018862286
2016-05-28,,0.375,0.37,,,,,,,,,,,,,,
2016-05-29,,0.375,0.37,,,,,,,,,,,,,,
2016-05-30,,0.375,0.37,,,4.105000019073486,,,1629.8699951171875,,,97.72224458467667,,117.88481716365573,154.15043777963226,125.57615997237126,173.67841522086934
2016-05-31,,0.375,0.37,1.8339999914169312,14.1899995803833,4.116499900817871,95.88999938964844,49.689998626708984,1626.0,,,97.44519098862045,,118.64489351036698,154.63236028982308,125.0320510883541,175.09486388385875
2016-06-01,618.453034128718,0.375,0.29,1.8459999561309814,14.199999809265137,4.151500225067139,95.45999908447266,49.709999084472656,1626.5,,,97.45805521760924,,117.90644783504298,154.08341875375805,125.28689849159196,176.84247677106296
2016-06-02,,0.375,0.37,1.8109999895095825,13.630000114440918,4.14300012588501,95.55999755859375,50.040000915527344,1630.530029296875,,,98.19114768873735,,117.64689531142609,153.4098466402274,124.65748634636273,176.47641258109837
2016-06-03,,0.375,0.37,1.7039999961853027,13.470000267028809,4.077000141143799,94.02999877929688,49.63999938964844,1636.4599609375,,,98.62286825248093,,118.59156731991325,154.59907574529814,124.53869214762956,177.97276802488696
2016-06-04,,0.375,0.37,,,,,,,,,,,,,,
2016-06-05,,0.375,0.37,,,,,,,,,,,,,,
2016-06-06,,0.375,0.37,1.7230000495910645,13.649999618530273,4.059000015258789,93.9000015258789,50.54999923706055,1648.989990234375,,,99.18475208289314,,118.91372424204687,154.43175065458922,125.06223188375884,175.62861603752575
2016-06-07,,0.375,0.37,1.7130000591278076,14.050000190734863,4.055500030517578,93.83000183105469,51.439998626708984,1660.6199951171875,,,99.248855405723,,120.59856276606646,156.16653535149158,126.51776943537536,177.42509849336716
2016-06-08,,0.375,0.37,1.7059999704360962,14.079999923706055,4.021299839019775,93.58999633789062,52.5099983215332,1657.8499755859375,,,99.03034224071766,,118.95326910437755,155.14269806879352,127.19771773818564,181.06414490546584
2016-06-09,,0.375,0.37,1.6799999475479126,14.640000343322754,4.039999961853027,94.0999984741211,51.95000076293945,1650.510009765625,,,98.70533450800029,,119.19432731276368,151.78848228155513,126.20333584854544,184.69829056299866
2016-06-10,,0.375,0.37,1.6390000581741333,17.030000686645508,4.074999809265137,94.5999984741211,50.540000915527344,1641.219970703125,,,98.1427795803061,,119.44778907045136,153.94377901550058,124.95213826629042,182.60591637085452
2016-06-11,,0.375,0.37,,,,,,,,,,,,,,
2016-06-12,,0.375,0.37,,,,,,,,,,,,,,
2016-06-13,,0.375,0.37,1.6160000562667847,20.969999313354492,4.08650016784668,94.37000274658203,50.349998474121094,1629.77001953125,,,97.39900961034917,,118.59490759275653,152.06075696287493,123.56242573916059,181.67167512862378
2016-06-14,,0.375,0.37,1.6109999418258667,20.5,4.098999977111816,94.93000030517578,49.83000183105469,1626.1099853515625,,,96.70598988283393,,117.48763729640062,150.6323177602962,124.21735573684474,182.69653136121238
2016-06-15,,0.375,0.37,1.5959999561309814,20.139999389648438,4.073699951171875,94.61000061035156,48.970001220703125,1627.9599609375,,,97.01471438692185,,117.81535240932817,149.270640931807,123.61909857019238,180.41488694064265
2016-06-16,,0.375,0.37,1.5640000104904175,19.3700008392334,4.092800140380859,94.56999969482422,47.189998626708984,1614.9000244140625,,,95.57377732428338,,117.13502767370822,145.6038908275951,122.8577461122697,176.55670616353302
2016-06-17,,0.375,0.38,1.6180000305175781,19.40999984741211,4.083000183105469,94.20999908447266,49.16999816894531,1624.1800537109375,,,96.11523422903446,,118.39455258306877,147.5697778627279,122.98424123577351,178.3945457193521
2016-06-18,,0.375,0.38,,,,,,,,,,,,,,
2016-06-19,,0.375,0.38,,,,,,,,,,,,,,
2016-06-20,,0.375,0.38,1.6699999570846558,18.3700008392334,4.059999942779541,93.61000061035156,50.650001525878906,1634.22998046875,,,97.1888465460138,,119.5129423574401,147.12639623884974,123.9861276174133,176.97192597675237
2016-06-21,,0.375,0.38,1.6970000267028809,18.479999542236328,4.0289998054504395,94.0199966430664,50.619998931884766,1637.68994140625,,,97.25314107537687,,119.8299897101341,148.35411720613868,124.45654482941497,177.81966937797944
2016-06-22,,0.375,0.38,1.684999942779541,21.170000076293945,4.028500080108643,93.72000122070312,49.880001068115234,,,,,,,,,
2016-06-23,,0.375,0.38,1.7389999628067017,17.25,3.9502999782562256,93.52999877929688,50.90999984741211,1639.97998046875,,,97.5095152338474,,119.0361317254998,145.6126244162086,123.79336560954306,180.8291718346293
2016-06-24,,0.375,0.39,1.5789999961853027,25.760000228881836,4.086299896240234,95.44999694824219,48.40999984741211,1634.050048828125,,,96.73423689286003,,118.6608257184565,144.97530771356972,124.08361393133393,178.20946671303932
2016-06-25,,0.375,0.4,,,,,,,,,,,,,,
2016-06-26,,0.375,0.4,,,,,,,,,,,,,,
2016-06-27,,0.375,0.4,1.4600000381469727,23.850000381469727,4.0929999351501465,96.54000091552734,47.15999984741211,1629.52001953125,,,96.63820250264745,,118.20777916450686,145.41369914122947,124.42544901648427,177.75183887158795
2016-06-28,,0.375,0.41,1.4609999656677246,18.75,4.053500175476074,96.25,48.58000183105469,1634.0400390625,,,96.89126390208537,,119.99108266500953,144.35980174416747,124.28447526378767,181.41328186301823
2016-06-29,,0.375,0.41,1.4769999980926514,16.639999389648438,3.9830000400543213,95.7699966430664,50.61000061035156,1642.2099609375,,,96.81729571003552,,120.99730742529202,147.03770912338524,125.05636303905965,182.93099027747976
2016-06-30,,0.375,0.41,1.4880000352859497,15.630000114440918,3.984999895095825,96.13999938964844,49.68000030517578,1654.0799560546875,,,97.66722323787211,,120.44857783553766,149.51780970349535,125.87108730374761,187.20397398726905
2016-07-01,584.190132904984,0.375,0.3,1.4559999704360962,14.770000457763672,3.9855000972747803,95.6500015258789,49.84000015258789,1646.219970703125,,,97.83252008716963,,120.31470385769664,149.0143823230657,125.60808606325622,189.03542831738588
2016-07-02,,0.375,0.41,,,,,,,,,,,,,,
2016-07-03,,0.375,0.41,,,,,,,,,,,,,,
2016-07-04,,0.375,0.41,,,3.982300043106079,,,1654.8399658203125,,,98.29304131715,,119.80182024673557,149.08874164451908,125.55958064706773,191.6882948859138
2016-07-05,,0.375,0.41,1.3669999837875366,15.579999923706055,4.035799980163574,96.16999816894531,47.959999084472656,1650.7099609375,,,97.8012898912618,,121.55552981728326,145.239492473235,127.0610000981799,191.67107344753057
2016-07-06,,0.375,0.4,1.3849999904632568,14.960000038146973,4.032299995422363,96.05999755859375,48.79999923706055,,,,97.8012898912618,,121.55552981728326,145.239492473235,127.0610000981799,191.67107344753057
2016-07-07,,0.375,0.4,1.3869999647140503,14.760000228881836,4.039599895477295,96.33000183105469,46.400001525878906,,,,97.8012898912618,,121.55552981728326,145.239492473235,127.0610000981799,191.67107344753057
2016-07-08,,0.375,0.4,1.3660000562667847,13.199999809265137,4.0,96.30000305175781,46.7599983215332,1644.5400390625,,,98.03378248047908,,120.57616401182788,148.29216061892453,126.02130230728609,191.55117246609376
2016-07-09,,0.375,0.4,,,,,,,,,,,,,,
2016-07-10,,0.375,0.4,,,,,,,,,,,,,,
2016-07-11,,0.375,0.4,1.434000015258789,13.539999961853027,3.9814999103546143,96.56999969482422,46.25,1653.8699951171875,,,98.06836185597179,,122.68738028477067,147.63308361214987,127.02119605641586,191.65168710543094
2016-07-12,,0.375,0.4,1.5130000114440918,13.550000190734863,3.9584999084472656,96.44000244140625,48.470001220703125,1653.969970703125,,,97.99348526356334,,122.35913976562509,149.96461669494826,126.17113213159992,191.40846907975214
2016-07-13,,0.375,0.4,1.468000054359436,13.039999961853027,3.94350004196167,96.22000122070312,46.2599983215332,1660.3900146484375,,3.0,97.29485034471685,,125.61302981700943,154.21786381053653,126.39147921273694,190.46522175338794
2016-07-14,,0.375,0.4,1.531000018119812,12.819999694824219,3.909899950027466,96.08000183105469,47.369998931884766,1654.780029296875,,,96.6620181992643,,124.32598669101844,159.1853357919974,126.20169440705884,191.68618791209576
2016-07-15,,0.375,0.4,1.593999981880188,12.670000076293945,3.9159998893737793,96.58000183105469,47.61000061035156,1668.4000244140625,,,97.08093929616942,,124.11935691494722,157.40340606585096,127.10891111706388,193.84070033411712
2016-07-16,,0.375,0.4,,,,,,,,,,,,,,
2016-07-17,,0.375,0.4,,,,,,,,,,,,,,
2016-07-18,,0.375,0.4,1.5870000123977661,12.4399995803833,3.9600000381469727,96.55999755859375,46.959999084472656,1670.8399658203125,,,97.15668190193229,,123.82547799337307,157.14967195954426,126.25903647908656,195.50979849529503
2016-07-19,,0.375,0.4,1.5579999685287476,11.970000267028809,4.0142998695373535,97.05000305175781,46.65999984741211,1670.550048828125,,,97.39446840903541,,122.87971040531751,158.7911900058635,126.12994547825873,195.029821904579
2016-07-20,,0.375,0.4,1.5800000429153442,11.770000457763672,4.033699989318848,97.19999694824219,47.16999816894531,1669.6099853515625,,,96.96513809367134,,122.53283845971077,159.30013240308605,126.41349766235844,194.58862293833968
2016-07-21,,0.375,0.4,1.565000057220459,12.739999771118164,4.061699867248535,97.0,46.20000076293945,1657.5400390625,,,96.09692008766191,,121.35915623289955,157.4203167006595,126.56634587493598,194.61523778672714
2016-07-22,,0.375,0.4,1.5700000524520874,12.020000457763672,4.072199821472168,97.47000122070312,45.689998626708984,1657.4200439453125,,,95.76091518522547,,121.74180590685364,157.25427209592016,126.00386749120356,193.21517799153537
2016-07-23,,0.375,0.4,,,,,,,,,,,,,,
2016-07-24,,0.375,0.4,,,,,,,,,,,,,,
2016-07-25,,0.375,0.4,1.5709999799728394,12.869999885559082,4.053500175476074,97.29000091552734,44.720001220703125,1668.260009765625,,,96.58961213050847,,123.31591874213824,157.4206680953477,126.60176362803672,191.39259204004898
2016-07-26,,0.375,0.4,1.562999963760376,13.050000190734863,4.031300067901611,97.16000366210938,44.869998931884766,1661.4200439453125,,,96.29362361928432,,122.496107633482,156.59037868167752,125.16050987676952,192.86182741958214
2016-07-27,,0.375,0.4,1.5149999856948853,12.829999923706055,4.047500133514404,97.05000305175781,43.470001220703125,1663.56005859375,,,97.06483986996936,,122.63804166209466,156.57540526394723,126.17563586274892,193.75205762122457
2016-07-28,,0.375,0.4,1.5110000371932983,12.720000267028809,4.031799793243408,96.73999786376953,42.70000076293945,1658.5,,,96.9255114751944,,122.1254158669427,162.27389313930905,126.0676104748566,194.8858479936411
2016-07-29,,0.375,0.4,1.4579999446868896,11.869999885559082,4.018799781799316,95.52999877929688,42.459999084472656,1653.260009765625,,,97.48020916852175,,121.63639844896636,160.3381527992054,125.63925668203284,192.65045317005715
2016-07-30,,0.375,0.3,,,,,,,,,,,,,,
2016-07-31,,0.375,0.3,,,,,,,,,,,,,,
2016-08-01,664.377119626144,0.375,0.3,1.496000051498413,12.4399995803833,4.031000137329102,95.70999908447266,42.45000076293945,1665.22998046875,,,98.47385790270306,,122.47287905371552,161.47081813348512,126.2489615721034,194.24160421206952
2016-08-02,,0.375,0.4,1.5369999408721924,13.369999885559082,4.020999908447266,95.05999755859375,41.79999923706055,1660.22998046875,,,98.45194717012446,,121.64387752365215,157.360348911386,125.7819889000575,193.08532743310167
2016-08-03,,0.375,0.4,1.5420000553131104,12.859999656677246,4.040999889373779,95.55999755859375,43.099998474121094,1648.5,,,97.0795809313423,,122.4219091087668,158.3237317735313,125.5339978200688,194.44245054055628
2016-08-04,,0.375,0.4,1.503000020980835,12.420000076293945,4.011499881744385,95.76000213623047,44.290000915527344,1655.2900390625,,,97.49133272435759,,123.92195501419312,158.18736185240886,125.40275962600221,193.78566126670324
2016-08-05,,0.375,0.4,1.5820000171661377,11.390000343322754,4.03000020980835,96.19000244140625,44.27000045776367,1664.0400390625,,,98.04181541064925,,124.96478313569209,158.03339994563456,125.44011543851474,196.8704613401791
2016-08-06,,0.375,0.4,,,,,,,,,,,,,,
2016-08-07,,0.375,0.4,,,,,,,,,,,,,,
2016-08-08,,0.375,0.4,1.5829999446868896,11.5,4.034999847412109,96.4000015258789,45.38999938964844,1672.6800537109375,,,98.7179272610427,,124.09354573461795,156.04717447685005,125.76676683661157,197.0660276587078
2016-08-09,,0.375,0.4,1.5449999570846558,11.65999984741211,4.027500152587891,96.18000030517578,44.97999954223633,1671.7099609375,,,98.66284102601271,,122.75441356165399,159.23066417119324,126.10758899665761,197.39848845444757
2016-08-10,,0.375,0.4,1.5089999437332153,12.050000190734863,4.00570011138916,95.6500015258789,44.04999923706055,1673.030029296875,,,98.7648570428313,,122.23346927960601,157.35724363225702,126.39834725790271,198.8220013895012
2016-08-11,,0.375,0.4,1.5729999542236328,11.680000305175781,3.9825000762939453,95.86000061035156,46.040000915527344,1678.800048828125,,,99.94676420645071,,122.23346927960601,157.49172850078105,126.43439008695634,201.13231652974127
2016-08-12,,0.375,0.4,1.5149999856948853,11.550000190734863,4.011000156402588,95.72000122070312,46.970001220703125,1684.1500244140625,,,100.15940169635972,,122.47600812055157,157.87213534599528,126.79833629461707,201.34094478203625
2016-08-13,,0.375,0.4,,,,,,,,,,,,,,
2016-08-14,,0.375,0.4,,,,,,,,,,,,,,
2016-08-15,,0.375,0.4,1.5529999732971191,11.8100004196167,3.9897000789642334,95.62999725341797,48.349998474121094,1690.3299560546875,,,100.42493789807956,,124.89359711429917,160.07953029444536,126.8072075940271,200.91393784161448
2016-08-16,,0.375,0.4,1.5759999752044678,12.640000343322754,3.9816999435424805,94.79000091552734,49.22999954223633,1699.8900146484375,,,101.39122302555957,,124.36738920991723,163.92751997474605,127.18577111128879,200.26100382525675
2016-08-17,,0.375,0.4,1.5609999895095825,12.1899995803833,3.993299961090088,94.72000122070312,49.849998474121094,1694.3199462890625,,,101.3041716688868,,123.99477647726852,162.9656749686048,126.52975674760674,198.28347749190812
2016-08-18,,0.375,0.4,1.5360000133514404,11.430000305175781,3.9797000885009766,94.16000366210938,50.88999938964844,1694.8699951171875,,,101.2588613845832,,124.56103808046083,163.19997537945954,126.70488151409849,198.04825151582747
2016-08-19,,0.375,0.4,1.5779999494552612,11.34000015258789,4.011000156402588,94.51000213623047,50.880001068115234,1687.6800537109375,,,100.72883562580127,,123.86743802464595,161.7204665009062,126.53990136772353,198.50416540601924
2016-08-20,,0.375,0.4,,,,,,,,,,,,,,
2016-08-21,,0.375,0.4,,,,,,,,,,,,,,
2016-08-22,,0.375,0.4,1.5390000343322754,12.270000457763672,4.01800012588501,94.5199966430664,49.15999984741211,1691.0699462890625,,,100.86867967346988,,125.49643625235079,160.73536633902063,127.18103275908985,196.2189037278919
2016-08-23,,0.375,0.4,1.5529999732971191,12.380000114440918,4.037700176239014,94.54000091552734,49.959999084472656,1683.0699462890625,,,100.79713196927752,,125.88530985365674,159.38990873621177,126.98364444259649,195.3278336360686
2016-08-24,,0.375,0.4,1.559000015258789,13.449999809265137,4.0320000648498535,94.79000091552734,49.04999923706055,1682.06005859375,,,100.65761343655373,,124.94761040740714,158.67055692278353,127.41141263632889,191.45098479236412
2016-08-25,,0.375,0.4,1.5770000219345093,13.630000114440918,4.019000053405762,94.7699966430664,49.66999816894531,1680.300048828125,,,100.31741536462316,,126.53457907288387,160.60277107621735,127.5043135321609,190.08341159364716
2016-08-26,,0.375,0.4,1.6349999904632568,13.649999618530273,4.038000106811523,95.56999969482422,49.91999816894531,1683.0899658203125,,,100.74424905281265,,127.64255629843935,165.81857301915645,127.54263985331838,191.91117504925307
2016-08-27,,0.375,0.4,,,,,,,,,,,,,,
2016-08-28,,0.375,0.4,,,,,,,,,,,,,,
2016-08-29,,0.375,0.4,1.565999984741211,12.9399995803833,4.0370001792907715,95.58000183105469,49.2599983215332,1681.5999755859375,,,96.16476026015967,,127.13264473292634,162.3596723735897,126.5432755130555,191.45862066688036
2016-08-30,,0.375,0.4,1.5700000524520874,13.119999885559082,4.064499855041504,96.05000305175781,48.369998931884766,1678.06005859375,,,101.69108202553159,,125.57033944004317,160.81743019215367,127.42731612734886,192.83118543835957
2016-08-31,,0.375,0.4,1.5679999589920044,13.420000076293945,4.093500137329102,96.0199966430664,47.040000915527344,,,,,,,,,
2016-09-01,692.406658440732,0.375,0.3,1.5700000524520874,13.479999542236328,4.085000038146973,95.6500015258789,47.04999923706055,1670.550048828125,,,100.69878475113525,,123.95997981860982,164.9715663923019,127.47122745523099,195.78041301406074
2016-09-02,,0.375,0.4,1.5959999561309814,11.979999542236328,4.083499908447266,95.87999725341797,46.83000183105469,1671.7900390625,,,101.00711024549582,,123.89268632678653,163.24449660721893,127.18580765558312,200.46295802042374
2016-09-03,,0.375,0.4,,,,,,,,,,,,,,
2016-09-04,,0.375,0.4,,,,,,,,,,,,,,
2016-09-05,,0.375,0.4,,,4.071000099182129,,,1678.0799560546875,,,101.30205688004028,,123.22999396498334,167.36200044433605,127.10202013527518,202.31182714321312
2016-09-06,,0.375,0.4,1.5429999828338623,12.020000457763672,4.048500061035156,94.81999969482422,47.2599983215332,1689.9200439453125,,,101.95973103814897,,126.00339657827743,169.08531176390622,127.63786197356019,202.85572807771626
2016-09-07,,0.375,0.4,1.5410000085830688,11.9399995803833,4.046000003814697,94.95999908447266,47.97999954223633,1689.5699462890625,,3.0,102.6160030041734,,126.09952443284693,168.89561933307243,127.42028570114874,199.63173294269512
2016-09-08,,0.375,0.4,1.6160000562667847,12.510000228881836,4.073800086975098,95.02999877929688,49.9900016784668,1691.3800048828125,,,102.90342531976194,,126.97532011611739,169.37995040280313,127.2477912633815,201.64828876723485
2016-09-09,,0.375,0.4,1.6720000505447388,17.5,4.101799964904785,95.33999633789062,48.0099983215332,1686.43994140625,,,102.62596149191509,,126.81316088187869,166.65746269530166,127.10944492323479,202.00402266569006
2016-09-10,,0.375,0.4,,,,,,,,,,,,,,
2016-09-11,,0.375,0.4,,,,,,,,,,,,,,
2016-09-12,,0.375,0.4,1.6720000505447388,15.15999984741211,4.0904998779296875,95.0999984741211,48.31999969482422,,,,,,,,,
2016-09-13,,0.375,0.4,1.7339999675750732,17.850000381469727,4.126999855041504,95.62999725341797,47.099998474121094,1677.1800537109375,,,101.46590432330692,,125.02184054201722,163.4257316161213,127.06260389206965,199.98357495853028
2016-09-14,,0.375,0.4,1.6890000104904175,18.139999389648438,4.126999855041504,95.33000183105469,45.849998474121094,1661.3900146484375,,,100.38673643476625,,124.40415636093327,164.14109481868852,126.82185968983428,199.73975913746747
2016-09-15,,0.375,0.4,1.7029999494552612,16.299999237060547,4.133200168609619,95.29000091552734,46.59000015258789,1652.989990234375,,,99.81628632956053,,124.53250728502732,165.0699064447934,126.49200502878833,206.45910410393333
2016-09-16,,0.375,0.4,1.7009999752044678,15.369999885559082,4.133500099182129,96.11000061035156,45.77000045776367,,,,,,,,,
2016-09-17,,0.375,0.4,,,,,,,,,,,,,,
2016-09-18,,0.375,0.4,,,,,,,,,,,,,,
2016-09-19,,0.375,0.4,1.6959999799728394,15.529999732971191,4.132500171661377,95.83999633789062,45.95000076293945,1651.7099609375,,,99.81142085671053,,125.11689185075238,163.81603015792575,125.14606525342766,202.91969868655096
2016-09-20,,0.375,0.4,1.687999963760376,15.920000076293945,4.133999824523926,96.0199966430664,45.880001068115234,1655.780029296875,,,99.82058037682063,,125.60753667289144,163.00105555657956,126.12179783377522,202.82249694748234
2016-09-21,,0.375,0.4,1.6679999828338623,13.300000190734863,4.098700046539307,95.66000366210938,46.83000183105469,1658.72998046875,,,99.76254919646537,,126.10471846885387,163.68165223445118,126.28565903946334,204.2281826980189
2016-09-22,,0.375,0.4,1.6319999694824219,12.020000457763672,4.106500148773193,95.44999694824219,47.650001525878906,1669.6600341796875,,,100.2125131907163,,125.84549924227515,167.95083638834996,127.06464870729575,205.76651851505892
2016-09-23,,0.375,0.4,1.6150000095367432,12.289999961853027,4.113999843597412,95.4800033569336,45.88999938964844,1670.989990234375,,,100.86421469269,,126.01581995012043,166.03590721767694,127.26528304313275,207.17361200597318
2016-09-24,,0.375,0.4,,,,,,,,,,,,,,
2016-09-25,,0.375,0.4,,,,,,,,,,,,,,
2016-09-26,,0.375,0.4,1.5889999866485596,14.5,4.133500099182129,95.30999755859375,47.349998474121094,1669.5,,,102.0030866713058,,125.57758905699052,163.59383879729157,127.31230622071111,208.12016307218434
2016-09-27,,0.375,0.4,1.555999994277954,13.100000381469727,4.13100004196167,95.44000244140625,45.970001220703125,1664.719970703125,,,101.85307073314796,,125.1970717921888,163.14379167619248,127.45740146281254,211.03370894880732
2016-09-28,,0.375,0.4,1.5670000314712524,12.390000343322754,4.103799819946289,95.43000030517578,48.689998626708984,1664.9599609375,,,101.89582321565054,,125.33728402844815,164.81282627387927,126.70949739202781,212.26220957730567
2016-09-29,,0.375,0.4,1.5570000410079956,14.020000457763672,4.130899906158447,95.54000091552734,49.2400016784668,1669.6400146484375,,,102.2452877870889,,125.9767122380258,162.41923155802272,127.32408220456593,212.72083737385455
2016-09-30,,0.375,0.4,1.6080000400543213,13.289999961853027,4.124199867248535,95.45999908447266,49.060001373291016,1652.550048828125,,,100.8279049689235,,125.18523591308357,160.94229043614993,127.06511515356429,214.41590833555796
2016-10-01,651.448642642048,0.375,0.29,,,,,,,,,,,,,,
2016-10-02,,0.375,0.29,,,,,,,,,,,,,,
2016-10-03,,0.375,0.29,1.621999979019165,13.569999694824219,4.105999946594238,95.75,49.099998474121094,,,,,,,,,
2016-10-04,,0.375,0.4,1.6829999685287476,13.630000114440918,4.146299839019775,96.12000274658203,50.869998931884766,1661.25,,,101.64493969225245,,124.5972802654163,162.48833651460203,127.38356489409878,214.83629795295073
2016-10-05,,0.375,0.4,1.715999960899353,12.989999771118164,4.138800144195557,96.12999725341797,51.86000061035156,1662.9200439453125,,,102.2395385936514,,124.5972802654163,161.564144625765,126.81166314835077,214.62643354726148
2016-10-06,,0.375,0.4,1.7419999837875366,12.84000015258789,4.1529998779296875,96.66000366210938,52.5099983215332,1666.72998046875,,,102.53071240661626,,125.56316418140871,159.3149309160955,127.49836712441211,211.26643902450465
2016-10-07,,0.375,0.4,1.7359999418258667,13.479999542236328,4.150300025939941,96.5199966430664,51.93000030517578,1665.3800048828125,,,102.15438245023685,,124.82917575950061,159.83983208168496,127.30310008311329,209.6576190432053
2016-10-08,,0.375,0.4,,,,,,,,,,,,,,
2016-10-09,,0.375,0.4,,,,,,,,,,,,,,
2016-10-10,,0.375,0.4,1.7230000495910645,13.380000114440918,4.130099773406982,,,1665.3199462890625,,,101.8698447210989,,123.8533141421474,159.4211992978343,127.71332117696268,209.1984165975025
2016-10-11,,0.375,0.4,1.7589999437332153,15.359999656677246,4.172299861907959,97.69999694824219,52.40999984741211,1668.719970703125,,,102.22804396735047,,125.26524489091821,158.5044973905845,127.52259910088048,213.7387009287665
2016-10-12,,0.375,0.41,1.777999997138977,15.90999984741211,4.195499897003174,97.97000122070312,51.810001373291016,1667.030029296875,,,102.15885081319686,,124.37019932544591,159.91795157372738,128.24395269675622,216.27873713616407
2016-10-13,,0.375,0.41,1.7380000352859497,16.690000534057617,4.196700096130371,97.5199966430664,52.029998779296875,1665.02001953125,,,102.06182612166788,,124.54063046433899,159.16455511026783,127.6823638609446,214.3080151960421
2016-10-14,,0.375,0.41,1.7940000295639038,16.1200008392334,4.2093000411987305,98.0199966430664,51.95000076293945,1658.969970703125,,,101.44409734352402,,124.54063046433899,158.55379096859141,127.71169997090408,214.55382623599806
2016-10-15,,0.375,0.41,,,,,,,,,,,,,,
2016-10-16,,0.375,0.41,,,,,,,,,,,,,,
2016-10-17,,0.375,0.41,1.7660000324249268,16.209999084472656,4.212600231170654,97.88999938964844,51.52000045776367,1653.7099609375,,,101.50774971053096,,125.31774041341276,157.77426189925632,127.37025150070976,213.08611806174486
2016-10-18,,0.375,0.41,1.7489999532699585,15.279999732971191,4.193299770355225,97.9000015258789,51.68000030517578,1667.5699462890625,,,102.59707911833527,,124.44178648318211,160.36181965590995,127.67159267065455,213.70746746740167
2016-10-19,,0.375,0.41,1.7519999742507935,14.40999984741211,4.166500091552734,97.87000274658203,52.66999816894531,1668.27001953125,,,102.83391873265751,,124.73607164153937,161.1323252559258,128.09875095260827,213.86336689160626
2016-10-20,,0.375,0.41,1.746999979019165,13.75,4.176799774169922,98.31999969482422,51.380001068115234,1667.1800537109375,,,102.81107147064232,,124.65522836861433,157.77464952569863,128.65894567428666,211.99274946862423
2016-10-21,,0.375,0.41,1.7400000095367432,13.34000015258789,4.180600166320801,98.69999694824219,51.779998779296875,1669.97998046875,,,103.98155576258286,,125.38140801949831,159.33596784069678,128.72866439482047,212.87898510530735
2016-10-22,,0.375,0.41,,,,,,,,,,,,,,
2016-10-23,,0.375,0.41,,,,,,,,,,,,,,
2016-10-24,,0.375,0.41,1.7630000114440918,13.020000457763672,4.168499946594238,98.66999816894531,51.459999084472656,1677.760009765625,,,104.47193258299605,,124.65536273491065,159.49688306733862,129.29239217278766,212.73433710325838
2016-10-25,,0.375,0.41,1.7580000162124634,13.460000038146973,4.151100158691406,98.72000122070312,50.790000915527344,1677.4300537109375,,,105.16751769634224,,125.3433291386405,160.52905671256778,129.15911808839172,211.8782067748726
2016-10-26,,0.375,0.41,1.7899999618530273,14.239999771118164,4.159299850463867,98.62999725341797,49.97999954223633,1673.9200439453125,,,104.80866810697262,,125.63708683299544,162.3919690924713,128.86705814237126,209.87812995524422
2016-10-27,,0.375,0.41,1.843000054359436,15.359999656677246,4.196300029754639,98.88999938964844,50.470001220703125,1669.030029296875,,,104.09489566075469,,125.84724755566134,161.95426806049596,129.0640109252866,212.75221297110406
2016-10-28,,0.375,0.41,1.8450000286102295,16.190000534057617,4.200799942016602,98.3499984741211,49.709999084472656,1670.27001953125,,,104.62172714585978,,126.24664004823758,160.31650618960612,128.85743499566954,209.82910946950807
2016-10-29,,0.375,0.41,,,,,,,,,,,,,,
2016-10-30,,0.375,0.41,,,,,,,,,,,,,,
2016-10-31,,0.375,0.41,1.8339999914169312,17.059999465942383,4.19350004196167,98.44999694824219,48.29999923706055,1672.4599609375,,,104.96867813292663,,128.85511379373673,161.20255338838766,129.33234437799672,213.12404538567034
2016-11-01,669.997588232871,0.375,0.31,1.8200000524520874,18.559999465942383,4.184000015258789,97.69999694824219,48.33000183105469,1670.9300537109375,,,104.69034693779233,,126.60854628964171,160.65903131408925,129.2114643650012,211.80314377193986
2016-11-02,,0.375,0.41,1.7990000247955322,19.31999969482422,4.180099964141846,97.4000015258789,46.86000061035156,1659.5999755859375,,,103.52335287120636,,125.94670357579164,158.64061737004175,129.3784168520601,208.42480488036404
2016-11-03,,0.375,0.41,1.812000036239624,22.079999923706055,4.174799919128418,97.16000366210938,46.349998474121094,1648.0799560546875,,,102.50748497718682,,126.16310870608744,158.16705664882537,128.93064471342825,209.26787883347976
2016-11-04,,0.375,0.41,1.7829999923706055,22.510000228881836,4.207600116729736,97.06999969482422,45.58000183105469,1648.239990234375,,,102.02727201339452,,125.90352178919267,157.41967853362746,129.05450593529247,215.55514832107812
2016-11-05,,0.375,0.41,,,,,,,,,,,,,,
2016-11-06,,0.375,0.41,,,,,,,,,,,,,,
2016-11-07,,0.375,0.41,1.8279999494552612,18.709999084472656,4.209099769592285,97.77999877929688,46.150001525878906,1650.5899658203125,,,102.55974814861833,,127.34971307270506,158.97551504750496,129.04376269869587,216.8695130084811
2016-11-08,,0.375,0.41,1.8619999885559082,18.739999771118164,4.17710018157959,97.86000061035156,46.040000915527344,1663.8199462890625,,,103.9099513493149,,127.209777601254,159.89574139428862,129.06461603171832,217.34572362263717
2016-11-09,,0.375,0.41,2.072000026702881,14.380000114440918,4.249599933624268,98.5,46.36000061035156,1647.6199951171875,,,102.92386195761057,,127.15581748151178,154.5785807085876,128.8125264530149,215.36984722832756
2016-11-10,,0.375,0.41,2.117000102996826,14.739999771118164,4.354599952697754,98.79000091552734,45.84000015258789,1652.739990234375,,,104.70561093640191,,125.4938444675435,159.73895514455762,128.33843680001831,224.08460270856096
2016-11-11,,0.375,0.41,,14.170000076293945,4.403800010681152,,,1634.18994140625,,,102.84411500590113,,122.51624122988498,158.98057436170345,127.82533750468892,226.12803698091585
2016-11-12,,0.375,0.41,,,,,,,,,,,,,,
2016-11-13,,0.375,0.41,,,,,,,,,,,,,,
2016-11-14,,0.375,0.41,2.2219998836517334,14.479999542236328,4.316800117492676,100.11000061035156,44.43000030517578,1616.6400146484375,,,101.56749618652337,,121.66793103225618,157.1817372297908,127.86460018473858,222.41362896411738
2016-11-15,,0.375,0.41,2.23799991607666,13.369999885559082,4.3267998695373535,100.19000244140625,46.95000076293945,1630.56005859375,,,102.50719729038924,,121.93950765686235,158.9072413264266,127.77764228230393,224.00449988389838
2016-11-16,,0.375,0.41,2.2230000495910645,13.720000267028809,4.363800048828125,100.41000366210938,46.630001068115234,1627.6300048828125,,,101.91078051195952,,121.6250940895701,159.88853186802152,127.47451547397266,226.95552024104506
2016-11-17,,0.375,0.41,2.2760000228881836,13.350000381469727,4.391600131988525,100.88999938964844,46.4900016784668,1626.77001953125,,,101.49885436984083,,121.25283309922912,159.73178883964937,128.08985977765263,223.57819915709473
2016-11-18,,0.375,0.41,2.3350000381469727,12.850000381469727,4.414000034332275,101.20999908447266,46.86000061035156,1623.800048828125,,,100.69216902608946,,121.31287186332548,161.56023701177656,127.25023328301826,226.13663434349874
2016-11-19,,0.375,0.41,,,,,,,,,,,,,,
2016-11-20,,0.375,0.41,,,,,,,,,,,,,,
2016-11-21,,0.375,0.41,2.3389999866485596,12.420000076293945,4.414000034332275,101.05000305175781,48.900001525878906,1627.280029296875,,,101.52526547126412,,119.76606777160646,159.6321309377473,127.59727678608057,226.9012036706454
2016-11-22,,0.375,0.41,2.321000099182129,12.40999984741211,4.417500019073486,101.04000091552734,49.119998931884766,1629.3199462890625,,,100.91730456231853,,121.48088149648456,158.81657865758814,128.43203350039178,227.1667088460231
2016-11-23,,0.375,0.41,2.3570001125335693,12.430000305175781,4.397500038146973,101.69999694824219,48.95000076293945,1630.3800048828125,,3.0,100.47487382583353,,122.15879753266479,159.3646581333816,128.63349492977693,227.38297755546486
2016-11-24,,0.375,0.41,,,4.440000057220459,,,1624.2099609375,,,100.853325305331,,121.04212668077857,160.00086335100616,128.31922002298174,226.2574961213371
2016-11-25,,0.375,0.41,2.371999979019165,12.34000015258789,4.441500186920166,101.48999786376953,47.2400016784668,1627.260009765625,,,101.33170328010983,,121.53417539859876,166.27145691172512,127.7487113548742,227.2601825958418
2016-11-26,,0.375,0.41,,,,,,,,,,,,,,
2016-11-27,,0.375,0.41,,,,,,,,,,,,,,
2016-11-28,,0.375,0.41,2.319999933242798,13.149999618530273,4.459000110626221,101.33000183105469,48.2400016784668,1628.6600341796875,,,101.18446302761922,,121.26940567632309,162.5062107471299,127.61174659963497,225.7552444620102
2016-11-29,,0.375,0.41,2.302000045776367,12.899999618530273,4.459799766540527,100.93000030517578,46.380001068115234,1626.9300537109375,,,101.57328065650523,,121.77884621217191,161.88164121753135,127.7036738914745,224.19223911351068
2016-11-30,,0.375,0.41,2.368000030517578,13.329999923706055,4.46750020980835,101.5,50.470001220703125,1619.1199951171875,,,100.69191383803475,,124.12602636189082,161.4256390564523,126.19304380132239,229.97297163770108
2016-12-01,711.756236551718,0.375,0.31,2.440999984741211,14.069999694824219,4.460000038146973,101.04000091552734,50.459999084472656,1626.43994140625,,,101.61559582751087,,124.54594248199768,163.199381931761,126.0935713139555,225.5821257376838
2016-12-02,,0.375,0.41,2.390000104904175,14.119999885559082,4.45989990234375,100.7699966430664,54.459999084472656,1628.9599609375,,,101.87647669115778,,125.21845692240248,162.23081096671388,126.51212491573285,224.68203032796424
2016-12-03,,0.375,0.41,,,,,,,,,,,,,,
2016-12-04,,0.375,0.41,,,,,,,,,,,,,,
2016-12-05,,0.375,0.41,2.38700008392334,12.140000343322754,4.446000099182129,100.13999938964844,54.939998626708984,1624.969970703125,,,101.33487298889887,,124.38689598007923,160.6499380830102,126.38953119413956,223.58055315283255
2016-12-06,,0.375,0.41,2.3959999084472656,11.789999961853027,4.416500091552734,100.48999786376953,53.93000030517578,1629.72998046875,,,101.75321072521449,,124.12447428243847,161.66092816638144,127.35988926020589,219.36126153502244
2016-12-07,,0.375,0.41,2.3469998836517334,12.220000267028809,4.415999889373779,100.2300033569336,53.0,1632.469970703125,,,101.8308243941585,,123.11628722187015,159.92281490850513,127.7297539319226,219.5854637262645
2016-12-08,,0.375,0.41,2.38700008392334,12.640000343322754,4.421000003814697,101.06999969482422,53.88999938964844,1643.75,,,101.8392937758255,,123.9106122143873,160.07384455026343,128.08200793990093,221.8234574629167
2016-12-09,,0.375,0.41,2.4639999866485596,11.75,4.421000003814697,101.56999969482422,54.33000183105469,1641.4200439453125,,,101.95541305800782,,123.45753107812627,160.37529028387846,128.50944617063007,220.70768939118
2016-12-10,,0.375,0.41,,,,,,,,,,,,,,
2016-12-11,,0.375,0.41,,,,,,,,,,,,,,
2016-12-12,,0.375,0.41,2.4790000915527344,12.640000343322754,4.4120001792907715,100.95999908447266,55.689998626708984,,,,,,,,,
2016-12-13,,0.375,0.41,2.4809999465942383,12.720000267028809,4.427999973297119,101.02999877929688,55.720001220703125,1645.280029296875,,,102.29596343491514,,122.95020403766289,163.48831916295978,128.95474673488167,224.27594486408998
2016-12-14,,0.625,0.41,2.5250000953674316,13.1899995803833,4.44350004196167,102.0,53.900001525878906,1643.2900390625,,,102.23111399113354,,122.28444470844411,164.85834846131286,128.77809856116465,225.41334552331992
2016-12-15,,0.625,0.41,2.5799999237060547,12.789999961853027,4.461999893188477,103.12999725341797,54.02000045776367,1636.989990234375,,,101.84803534613545,,122.93920245534915,164.68927913364507,128.24488423208734,227.22385080004761
2016-12-16,,0.625,0.66,2.5969998836517334,12.199999809265137,4.473499774932861,102.94999694824219,55.209999084472656,1637.7900390625,,,102.02856179015001,,123.43292755583086,164.50855779813241,127.9759398335592,227.23441577355774
2016-12-17,,0.625,0.66,,,,,,,,,,,,,,
2016-12-18,,0.625,0.66,,,,,,,,,,,,,,
2016-12-19,,0.625,0.66,2.5420000553131104,11.710000038146973,4.475500106811523,103.13999938964844,54.91999816894531,1634.300048828125,,,101.83984084708639,,123.43292755583086,164.35452566088193,127.80277554717607,229.2421975792037
2016-12-20,,0.625,0.66,2.568000078201294,11.449999809265137,4.4770002365112305,103.29000091552734,55.349998474121094,1634.52001953125,,,101.76257067135128,,123.4856686911557,168.26509455859892,128.47944584729402,230.34852517452205
2016-12-21,,0.625,0.66,2.5460000038146973,11.270000457763672,4.4770002365112305,103.0199966430664,54.459999084472656,1629.5899658203125,,,101.18300867209852,,123.9928704395774,166.90795629637483,128.33155068318422,232.351314411708
2016-12-22,,0.625,0.66,2.552999973297119,11.430000305175781,4.480000019073486,103.08999633789062,55.04999923706055,1623.199951171875,,,100.8319447025994,,123.74226434294104,165.93817184614647,128.3424740007727,229.86196173200318
2016-12-23,,0.625,0.66,2.5429999828338623,11.4399995803833,4.471499919891357,103.01000213623047,55.15999984741211,1617.1500244140625,,,100.81885097713071,,122.21290201881492,166.1078874881219,128.01078219107717,225.834567727148
2016-12-24,,0.625,0.66,,,,,,,,,,,,,,
2016-12-25,,0.625,0.66,,,,,,,,,,,,,,
2016-12-26,,0.625,0.66,,,4.471499919891357,,,,,,,,,,,
2016-12-27,,0.625,0.66,2.562999963760376,11.989999771118164,4.47599983215332,103.0199966430664,56.09000015258789,1619.6800537109375,,,100.86227704974189,,124.20671657305175,166.03073975117167,128.00788228179724,223.11504250654374
2016-12-28,,0.625,0.66,2.50600004196167,12.949999809265137,4.479499816894531,103.26000213623047,56.220001220703125,1630.300048828125,,,101.583091000643,,125.49757626220153,166.73086259456463,127.98599402548123,226.23373643023962
2016-12-29,,0.625,0.66,2.4769999980926514,13.369999885559082,4.482500076293945,102.68000030517578,56.13999938964844,1637.9300537109375,,,101.71086719059079,,126.82841841573018,167.09331069260875,128.7311927769048,225.66586128738953
2016-12-30,,0.625,0.66,2.446000099182129,14.039999961853027,4.483500003814697,102.38999938964844,56.130001068115234,1641.72998046875,,,102.3427285992335,,128.14230489727206,170.9327860302031,129.25790846245678,226.02508685072445
2016-12-31,,0.625,0.55,,,,,,,,,,,,,,
2017-01-01,726.488555994266,0.625,0.55,,,,,,,,,,,,,,
2017-01-02,,0.625,0.55,,,4.483500003814697,,,,,,102.3427285992335,,128.14230489727206,170.9327860302031,129.25790846245678,226.02508685072445
2017-01-03,,0.625,0.55,2.450000047683716,12.850000381469727,4.489999771118164,103.20999908447266,55.470001220703125,1635.530029296875,,,101.848397452553,,125.5186564007116,170.7791917632716,129.481473168194,232.78742722967615
2017-01-04,,0.625,0.66,2.4519999027252197,11.850000381469727,4.494999885559082,102.69999694824219,56.459999084472656,1647.469970703125,,,102.6968281341234,,125.9849795047605,178.84798530237617,130.38803565580136,238.6264286898664
2017-01-05,,0.625,0.66,2.368000030517578,11.670000076293945,4.4710001945495605,101.5199966430664,56.88999938964844,1659.8199462890625,,,103.67845686760273,,125.73939332521009,177.98065605462293,130.942080305432,238.6264286898664
2017-01-06,,0.625,0.66,2.4179999828338623,11.319999694824219,4.4704999923706055,102.22000122070312,57.099998474121094,1675.489990234375,,,104.76855899281747,,125.11807776920433,175.9085099569437,131.23417352856794,238.05677809498684
2017-01-07,,0.625,0.66,,,,,,,,,,,,,,
2017-01-08,,0.625,0.66,,,,,,,,,,,,,,
2017-01-09,,0.625,0.66,2.375999927520752,11.5600004196167,4.4745001792907715,101.93000030517578,54.939998626708984,1667.9000244140625,,,104.95825948641786,,125.96234254887541,179.4861599771258,130.8124709484365,239.22976733442067
2017-01-10,,0.625,0.66,2.378999948501587,11.489999771118164,4.4720001220703125,102.01000213623047,53.63999938964844,1672.050048828125,,,105.37193689766704,,126.82105402685654,178.23702219374016,129.81163861639115,238.55777573261724
2017-01-11,,0.625,0.66,2.369999885559082,11.260000228881836,4.468999862670898,101.77999877929688,55.099998474121094,1675.2099609375,,,105.67331766005066,,128.4270415450889,180.2453592171958,128.95831043716828,245.98983541976756
2017-01-12,,0.625,0.66,2.3610000610351562,11.539999961853027,4.427499771118164,101.3499984741211,56.0099983215332,1677.760009765625,,,106.00807390563844,,128.28921658917199,182.55174474611414,129.79440621849977,243.48587490928023
2017-01-13,,0.625,0.66,2.380000114440918,11.229999542236328,4.460000038146973,101.18000030517578,55.45000076293945,1672.5,,,105.79499476601595,,128.42861033940366,178.01664258583338,129.4909537914648,245.23970724076625
2017-01-14,,0.625,0.66,,,,,,,,,,,,,,
2017-01-15,,0.625,0.66,,,,,,,,,,,,,,
2017-01-16,,0.625,0.66,,,4.4654998779296875,,,1658.8399658203125,,,103.81357030706613,,128.17536527872434,177.21691945901574,128.28290772787653,241.1308726369272
2017-01-17,,0.625,0.66,2.3269999027252197,11.869999885559082,4.460000038146973,100.33000183105469,55.470001220703125,1663.030029296875,,,104.54518037306588,,129.519764918483,177.2297765561329,126.79576018137165,244.5453213514631
2017-01-18,,0.625,0.66,2.3889999389648438,12.479999542236328,4.46750020980835,100.93000030517578,53.91999816894531,1665.02001953125,,,105.33869833338552,,128.9795525017598,178.87521726037372,127.45047388579704,244.87052540085529
2017-01-19,,0.625,0.66,2.4590001106262207,12.779999732971191,4.447500228881836,101.1500015258789,54.15999984741211,1666.510009765625,,3.0,105.54474144573052,,129.91892871140104,181.20810439988563,127.47592517524538,247.8551702157346
2017-01-20,,0.625,0.66,2.4670000076293945,11.539999961853027,4.444499969482422,100.73999786376953,55.4900016784668,1664.8900146484375,,,105.77600790835713,,129.2445105935182,179.04547237094297,127.43377987893676,244.91823486951589
2017-01-21,,0.625,0.66,,,,,,,,,,,,,,
2017-01-22,,0.625,0.66,,,,,,,,,,,,,,
2017-01-23,,0.625,0.66,2.4030001163482666,11.770000457763672,4.435500144958496,100.16000366210938,55.22999954223633,1671.31005859375,,,106.21529065601274,,129.43558731679002,179.61307388713777,127.16955873443385,246.57938947835686
2017-01-24,,0.625,0.66,2.4709999561309814,11.069999694824219,4.433000087738037,100.3499984741211,55.439998626708984,1680.68994140625,,,106.67653059510292,,130.934943337229,177.3856984653744,127.38417154883894,249.82385283908008
2017-01-25,,0.625,0.66,2.5230000019073486,10.8100004196167,4.418799877166748,100.02999877929688,55.08000183105469,1683.9300537109375,,,107.07893302842794,,130.00452513206832,175.752339025443,127.5943633920037,254.06914597623728
2017-01-26,,0.625,0.66,2.507999897003174,10.630000114440918,4.427499771118164,100.37999725341797,56.2400016784668,1692.219970703125,,,107.60920684400088,,131.35346562537077,177.40395357280204,128.99822712647168,255.46893752256668
2017-01-27,,0.625,0.66,2.4809999465942383,10.579999923706055,4.430099964141846,100.52999877929688,55.52000045776367,1686.3599853515625,,,107.05838004674911,,131.35346562537077,178.67516448702509,128.67737018861328,256.71514009935356
2017-01-28,,0.625,0.66,,,,,,,,,,,,,,
2017-01-29,,0.625,0.66,,,,,,,,,,,,,,
2017-01-30,,0.625,0.66,2.4830000400543213,11.880000114440918,4.43120002746582,100.43000030517578,55.22999954223633,,,,,,,,,
2017-01-31,,0.625,0.66,2.4509999752044678,11.989999771118164,4.427199840545654,99.51000213623047,55.70000076293945,1671.5400390625,,,106.50271365039407,,131.70469745757785,180.22044915146554,128.88888952462023,255.47495788533215
2017-02-01,706.793595646491,0.625,0.56,2.4739999771118164,11.8100004196167,4.427700042724609,99.63999938964844,55.65999984741211,,,,,,,,,
2017-02-02,,0.625,0.66,2.4700000286102295,11.930000305175781,4.421999931335449,99.8499984741211,56.560001373291016,1673.47998046875,,,106.04180406053818,,131.29199142570064,181.55154733840112,128.22529483828782,258.9680426869946
2017-02-03,,0.625,0.66,2.490999937057495,10.970000267028809,4.42549991607666,99.87000274658203,56.810001373291016,1685.010009765625,,,106.59427400757815,,130.7474012587455,184.3562044847117,128.20252631070983,261.0183948191707
2017-02-04,,0.625,0.66,,,,,,,,,,,,,,
2017-02-05,,0.625,0.66,,,,,,,,,,,,,,
2017-02-06,,0.625,0.66,2.4130001068115234,11.369999885559082,4.427499771118164,99.91000366210938,55.720001220703125,1691.239990234375,,,106.64574777945714,,130.826847531505,188.35717850088812,129.10155591304618,262.6453561342062
2017-02-07,,0.625,0.66,2.3889999389648438,11.289999961853027,4.434500217437744,100.26000213623047,55.04999923706055,1688.8399658203125,,,106.464760717747,,131.2723043824436,186.40387120956282,128.89665449131763,263.71988708935305
2017-02-08,,0.625,0.66,2.3510000705718994,11.449999809265137,4.4375,100.27999877929688,55.119998931884766,1688.5,,,106.42276458997763,,129.31498466555706,193.2861109937151,129.95796380344746,262.0995133903083
2017-02-09,,0.625,0.66,2.3949999809265137,10.880000114440918,4.436999797821045,100.6500015258789,55.630001068115234,,,,,,,,,
2017-02-10,,0.625,0.66,2.4089999198913574,10.850000381469727,4.436299800872803,100.80000305175781,56.70000076293945,1698.93994140625,,,107.63603647231577,,129.86281740296602,194.30238869831265,129.4615743001705,265.96139565928263
2017-02-11,,0.625,0.66,,,,,,,,,,,,,,
2017-02-12,,0.625,0.66,,,,,,,,,,,,,,
2017-02-13,,0.625,0.66,2.434000015258789,11.069999694824219,4.44980001449585,100.95999908447266,55.59000015258789,1710.239990234375,,,108.70201434233944,,129.55281502508922,196.59138584838826,130.20510251757142,268.6714049270687
2017-02-14,,0.625,0.66,2.4700000286102295,10.739999771118164,4.447500228881836,101.25,55.970001220703125,1708.9000244140625,,,108.57183360140775,,129.71870190054332,194.22971116895187,129.59575962007844,271.2096529051946
2017-02-15,,0.625,0.66,2.502000093460083,11.970000267028809,4.446499824523926,101.18000030517578,55.75,1709.7900390625,,,108.78932305514022,,128.54138728418874,197.38806745045449,129.50026709988575,276.2181975159095
2017-02-16,,0.625,0.66,2.450000047683716,11.760000228881836,4.450500011444092,100.44000244140625,55.650001525878906,1707.5899658203125,,,108.68617041147645,,129.34128088905607,194.128133495172,130.15900458610022,277.02113345064015
2017-02-17,,0.625,0.66,2.424999952316284,11.489999771118164,4.451000213623047,100.94999694824219,55.810001373291016,1707.6800537109375,,,108.72944092200268,,129.28612947492888,195.66867186937773,131.38390592310506,272.23830869131245
2017-02-18,,0.625,0.66,,,,,,,,,,,,,,
2017-02-19,,0.625,0.66,,,,,,,,,,,,,,
2017-02-20,,0.625,0.66,,,4.45550012588501,,,1712.5799560546875,,,108.7019092306902,,128.2146834506361,197.04619698025206,131.7789171435412,272.50319454427535
2017-02-21,,0.625,0.66,2.427000045776367,11.569999694824219,4.454999923706055,101.37000274658203,56.65999984741211,1706.550048828125,,,108.54464556299061,,127.75984100367488,195.50274889970183,130.81293279927564,273.82595165737297
2017-02-22,,0.625,0.66,2.4179999828338623,11.739999771118164,4.451300144195557,101.33000183105469,55.84000015258789,1708.0799560546875,,,108.63080246485943,,128.09122894148274,197.21543776282056,131.01490044627607,273.2433296164165
2017-02-23,,0.625,0.66,2.388000011444092,11.710000038146973,4.442999839782715,101.05000305175781,56.58000183105469,1704.47998046875,,,108.57993199020994,,128.1461946748194,199.64126900374387,131.11675845809071,274.38181464096556
2017-02-24,,0.625,0.66,2.316999912261963,11.470000267028809,4.4375,101.08999633789062,55.9900016784668,1698.3499755859375,,,109.37056938702095,,128.21432579398018,202.90344579746233,131.30499491701812,273.81024898441495
2017-02-25,,0.625,0.66,,,,,,,,,,,,,,
2017-02-26,,0.625,0.66,,,,,,,,,,,,,,
2017-02-27,,0.625,0.66,2.36899995803833,12.09000015258789,4.4375,101.12999725341797,55.93000030517578,1693.8399658203125,,,108.30495557737044,,126.8060814838503,203.76736845548797,130.38917690824852,270.4474004277581
2017-02-28,,0.625,0.66,2.3580000400543213,12.920000076293945,4.4375,101.12000274658203,55.59000015258789,1693.77001953125,,,108.4766380448153,,127.58508562155998,201.56753657368586,129.56978265403262,276.8609068638518
2017-03-01,663.299519382585,0.625,0.57,2.4630000591278076,12.539999961853027,4.446000099182129,101.77999877929688,55.599998474121094,1697.68994140625,,,109.39755700206386,,127.52451606213071,207.7541333982064,130.67066758642162,281.0201695308233
2017-03-02,,0.625,0.66,2.489000082015991,11.8100004196167,4.444499969482422,102.19999694824219,55.08000183105469,1715.6700439453125,,3.0,110.80872240535302,,128.86722013650308,210.41643054577582,132.05586320793233,287.96692167467756
2017-03-03,,0.625,0.66,2.492000102996826,10.960000038146973,4.452000141143799,101.54000091552734,55.900001525878906,1708.3800048828125,,,110.68149479274709,,128.56092236380198,208.53757672686214,131.75227052301895,286.0280234263137
2017-03-04,,0.625,0.66,,,,,,,,,,,,,,
2017-03-05,,0.625,0.66,,,,,,,,,,,,,,
2017-03-06,,0.625,0.66,2.49399995803833,11.239999771118164,4.44950008392334,101.63999938964844,56.0099983215332,1727.3599853515625,,,112.86944399219377,,130.63260724608466,208.53757672686214,131.7099627288261,288.24121676745347
2017-03-07,,0.625,0.66,2.510999917984009,11.449999809265137,4.444499969482422,101.80999755859375,55.91999816894531,1728.6600341796875,,,112.7152295653437,,130.43396770544706,212.64159017804315,131.38820531086648,288.50343292292337
2017-03-08,,0.625,0.66,2.552000045776367,11.859999656677246,4.452000141143799,102.06999969482422,53.11000061035156,1725.5400390625,,,112.254123039621,,130.74519063590347,215.3438091889889,131.70888186551875,288.7845051052142
2017-03-09,,0.625,0.66,2.5980000495910645,12.300000190734863,4.460000038146973,101.8499984741211,52.189998626708984,1717.4200439453125,,,111.67463366489304,,128.77003078257792,216.61965818794818,130.84978553179815,287.7056892567046
2017-03-10,,0.625,0.66,2.5820000171661377,11.65999984741211,4.450500011444092,101.25,51.369998931884766,1717.5799560546875,,,111.77600482847336,,128.96761859850042,217.62251544189283,130.55410942989596,285.4897491681007
2017-03-11,,0.625,0.66,,,,,,,,,,,,,,
2017-03-12,,0.625,0.66,,,,,,,,,,,,,,
2017-03-13,,0.625,0.66,2.6080000400543213,11.350000381469727,4.445000171661377,101.37999725341797,51.349998474121094,1721.9200439453125,,,112.22450480749629,,128.71769786352866,218.99186148677992,130.58373835215858,284.9224831416346
2017-03-14,,0.625,0.66,2.5950000286102295,12.300000190734863,4.447500228881836,101.69999694824219,50.91999816894531,1722.469970703125,,,112.53792727449236,,129.71990112497156,221.20679084008407,129.97594986675892,288.82177586433335
2017-03-15,,0.625,0.66,2.507999897003174,11.630000114440918,4.440999984741211,100.73999786376953,51.810001373291016,1717.3599853515625,,,111.73661177987594,,129.0707804475415,221.29649139390614,129.05270429761353,282.9510964532097
2017-03-16,,0.875,0.66,2.5220000743865967,11.210000038146973,4.436999797821045,100.2699966430664,51.7400016784668,1737.1400146484375,,,113.79800999858587,,129.4309994297221,221.84924532498346,129.3594569150529,284.6555625249204
2017-03-17,,0.875,0.91,2.500999927520752,11.279999732971191,4.434999942779541,100.30000305175781,51.7599983215332,1745.199951171875,,,114.99188863267791,,131.01343090885712,224.0414806518253,130.6059749544309,280.7020017479272
2017-03-18,,0.875,0.91,,,,,,,,,,,,,,
2017-03-19,,0.875,0.91,,,,,,,,,,,,,,
2017-03-20,,0.875,0.91,2.4730000495910645,11.34000015258789,4.425000190734863,100.41000366210938,51.619998931884766,1749.4100341796875,,,114.91590805754844,,129.90028316898926,221.00690819889138,130.68759310146024,277.2978984867048
2017-03-21,,0.875,0.91,2.436000108718872,12.470000267028809,4.422999858856201,99.80999755859375,50.959999084472656,1754.6700439453125,,,115.23219241541875,,130.5407751953622,219.97568240346516,131.62306013289907,275.3820522432691
2017-03-22,,0.875,0.91,2.3959999084472656,12.8100004196167,4.424499988555908,99.68000030517578,50.63999938964844,1748.300048828125,,,114.40663637139627,,130.19640558063435,216.9385095138768,130.9030625734955,275.5391427363377
2017-03-23,,0.875,0.91,2.4179999828338623,13.119999885559082,4.426499843597412,99.76000213623047,50.560001373291016,1747.0,,,114.6625993528863,,130.2776476826593,223.12846866451662,130.95400785187798,283.74931683058844
2017-03-24,,0.875,0.91,2.4000000953674316,12.960000038146973,4.422999858856201,99.62999725341797,50.79999923706055,1745.75,,,114.75662595391726,,129.98711505537534,220.55095627351858,130.9388691961398,284.581859162127
2017-03-25,,0.875,0.91,,,,,,,,,,,,,,
2017-03-26,,0.875,0.91,,,,,,,,,,,,,,
2017-03-27,,0.875,0.91,2.372999906539917,12.5,4.4095001220703125,99.16999816894531,50.75,1744.949951171875,,,114.59486968298131,,130.0840188512831,220.80302800067187,131.2504619198212,280.13040531365505
2017-03-28,,0.875,0.91,2.4089999198913574,11.529999732971191,4.409999847412109,99.70999908447266,51.33000183105469,1754.4200439453125,,,115.13934024765595,,130.27192872595722,222.62340670240962,133.84852659459852,281.2333514498439
2017-03-29,,0.875,0.91,2.385999917984009,11.420000076293945,4.417500019073486,100.0,52.41999816894531,1750.4100341796875,,,115.18798355676365,,130.52736933448094,221.16007479458207,131.9199181153176,284.2615471782748
2017-03-30,,0.875,0.91,2.4159998893737793,11.539999961853027,4.419000148773193,100.41000366210938,52.959999084472656,1749.25,,,115.18040781933114,,129.80067611403297,220.51441594167068,132.0778005859757,282.5320771303512
2017-03-31,,0.875,0.91,2.3959999084472656,12.369999885559082,4.422999858856201,100.3499984741211,52.83000183105469,1740.0899658203125,,,114.8296265746802,,129.69183279503875,225.6404179132302,132.47587688130955,284.14967307546533
2017-04-01,623.207664785016,0.875,0.82,,,,,,,,,,,,,,
2017-04-02,,0.875,0.82,,,,,,,,,,,,,,
2017-04-03,,0.875,0.82,2.3499999046325684,12.380000114440918,4.42549991607666,100.54000091552734,53.119998931884766,1745.489990234375,,,115.42576798642139,,129.53273846494596,227.62717495268592,132.08188954600487,285.34615560380394
2017-04-04,,0.875,0.91,2.3499999046325684,11.789999961853027,4.428999900817871,100.54000091552734,54.16999816894531,1747.18994140625,,,115.2881106136333,,129.42342821045133,229.12081627894113,132.89241650405685,285.8865894976604
2017-04-05,,0.875,0.91,2.3570001125335693,12.890000343322754,4.429999828338623,100.55999755859375,54.36000061035156,1744.6700439453125,,,114.96711070160444,,129.56621591190665,229.80859314281315,133.02004064999718,286.6437120497299
2017-04-06,,0.875,0.91,2.3429999351501465,12.390000343322754,4.434000015258789,100.66999816894531,54.88999938964844,1739.56005859375,,,114.40336563995504,,129.26016931064117,233.14447342767767,132.89339738577783,286.26547046910053
2017-04-07,,0.875,0.91,2.372999906539917,12.869999885559082,4.434000015258789,101.18000030517578,55.2400016784668,1741.719970703125,,,114.60408158760531,,130.04152167928254,231.285308987769,132.98720257683007,286.3196288355637
2017-04-08,,0.875,0.91,,,,,,,,,,,,,,
2017-04-09,,0.875,0.91,,,,,,,,,,,,,,
2017-04-10,,0.875,0.91,2.3610000610351562,14.050000190734863,4.432499885559082,101.0199966430664,55.97999954223633,1739.52001953125,,,114.59339160416997,,130.33966058069183,230.1512090510577,132.4733404951038,287.38402536462934
2017-04-11,,0.875,0.91,2.2980000972747803,15.069999694824219,4.431000232696533,100.70999908447266,56.22999954223633,1735.8399658203125,,,114.48107510402224,,129.21814232329092,228.03228652751378,131.97570352836144,287.09191255412844
2017-04-12,,0.875,0.91,2.2960000038146973,15.770000457763672,4.425000190734863,100.77999877929688,55.86000061035156,1744.0799560546875,,,114.51276891236968,,128.71289029661625,224.98968813789298,133.0290573309558,288.9182699059586
2017-04-13,,0.875,0.91,2.2320001125335693,15.960000038146973,4.409999847412109,100.55999755859375,55.88999938964844,1738.1800537109375,,,113.76148172414666,,128.85732023227436,218.25194506029936,132.62171781341013,289.4435953635925
2017-04-14,,0.875,0.91,,,4.402500152587891,,,1730.989990234375,,,113.64308052928808,,128.49481050033822,213.1555677747791,131.29253978672827,286.7555663984265
2017-04-15,,0.875,0.91,,,,,,,,,,,,,,
2017-04-16,,0.875,0.91,,,,,,,,,,,,,,
2017-04-17,,0.875,0.91,2.252000093460083,14.65999984741211,4.402500152587891,100.30000305175781,55.36000061035156,1733.9300537109375,,,114.47030537850804,,128.54970405259743,216.83910383714385,130.78564286796447,286.3408211557719
2017-04-18,,0.875,0.91,2.178999900817871,14.420000076293945,4.408999919891357,99.5,54.88999938964844,1740.5999755859375,,,114.76494062514368,,128.80324936163663,220.26500668884026,131.033633599461,289.47588775756407
2017-04-19,,0.875,0.91,2.2019999027252197,14.930000305175781,4.39900016784668,99.73999786376953,52.93000030517578,1738.949951171875,,,114.8072613304715,,128.55069833076186,223.4278530712761,129.56083262329406,288.9590024729276
2017-04-20,,0.875,0.91,2.240999937057495,14.149999618530273,4.395999908447266,99.77999877929688,52.9900016784668,1741.6099853515625,,,115.0737906913119,,128.55069833076186,228.02072976807705,128.24406702467132,286.42760423363063
2017-04-21,,0.875,0.91,2.236999988555908,14.630000114440918,4.396999835968018,99.9800033569336,51.959999084472656,1756.050048828125,,,117.26980639607045,,128.04508569321405,228.8299141301724,128.55447324685707,285.99285250900766
2017-04-22,,0.875,0.91,,,,,,,,,,,,,,
2017-04-23,,0.875,0.91,,,,,,,,,,,,,,
2017-04-24,,0.875,0.91,2.2730000019073486,10.84000015258789,4.3979997634887695,99.08999633789062,51.599998474121094,,,,116.87337757408775,,128.29914389929812,228.8299141301724,128.13526770565576,284.80111958545484
2017-04-25,,0.875,0.91,2.3269999027252197,10.760000228881836,4.36899995803833,98.81999969482422,52.099998474121094,1765.800048828125,,,118.11746622853995,,129.8796938013623,235.32286224167063,128.60742033988956,287.47070045634626
2017-04-26,,0.875,0.91,2.311000108718872,10.850000381469727,4.34499979019165,98.95999908447266,51.81999969482422,1768.9200439453125,,,118.57968586254908,,128.30427790800636,240.84937129144026,127.81144063548516,286.8251001268221
2017-04-27,,0.875,0.91,2.2960000038146973,10.359999656677246,4.34499979019165,99.08000183105469,51.439998626708984,1767.9200439453125,,,118.82984779399818,,128.81341794743327,243.55711926369804,128.48354442769488,286.5020754739271
2017-04-28,,0.875,0.91,2.2820000648498535,10.819999694824219,4.3394999504089355,99.05000305175781,51.72999954223633,1768.06005859375,,,118.92702098418178,,128.92337802004005,245.52877541378186,127.42510022734974,288.1719340531022
2017-04-29,,0.875,0.83,,,,,,,,,,,,,,
2017-04-30,,0.875,0.83,,,,,,,,,,,,,,
2017-05-01,655.460582018393,0.875,0.83,2.325000047683716,10.109999656677246,4.340000152587891,99.13999938964844,51.52000045776367,,,,,,,,,
2017-05-02,,0.875,0.91,2.2960000038146973,10.59000015258789,4.325500011444092,98.9800033569336,50.459999084472656,1778.469970703125,,,120.53277755821435,,129.08803309494164,246.02876413608047,128.3972997658868,284.69197794993266
2017-05-03,,0.875,0.91,2.309000015258789,10.680000305175781,4.317500114440918,99.20999908447266,50.790000915527344,1772.510009765625,,,119.81411339267372,,129.0332868522937,252.55045490453645,127.55909576140962,285.38502817015905
2017-05-04,,0.875,0.91,2.3559999465942383,10.460000038146973,4.326499938964844,98.76000213623047,48.380001068115234,1758.6700439453125,,,118.63475787596434,,129.10753818262947,246.8957183190671,127.90313144396733,284.8861379579749
2017-05-05,,0.875,0.91,2.3519999980926514,10.569999694824219,4.335000038146973,98.6500015258789,49.099998474121094,1762.739990234375,,,119.2407657398901,,128.8558662912471,250.73138820155623,126.90746768506465,291.3345571236521
2017-05-06,,0.875,0.91,,,,,,,,,,,,,,
2017-05-07,,0.875,0.91,,,,,,,,,,,,,,
2017-05-08,,0.875,0.91,2.375999927520752,9.770000457763672,4.335000038146973,99.1500015258789,49.34000015258789,1768.1500244140625,,,119.76223860492333,,129.7284637984206,255.1605457965843,126.69087966713704,294.17354911551547
2017-05-09,,0.875,0.91,2.4070000648498535,9.960000038146973,4.343999862670898,99.58999633789062,48.72999954223633,1766.56005859375,,,119.73173389924361,,129.78150059589677,254.09090076230657,126.568121997088,294.0405601096111
2017-05-10,,0.875,0.91,2.4140000343322754,10.210000038146973,4.340000152587891,99.66999816894531,50.220001220703125,,,,,,,,,
2017-05-11,,0.875,0.91,2.4000000953674316,10.600000381469727,4.3460001945495605,99.62000274658203,50.77000045776367,1775.3900146484375,,,119.88792116065414,,129.7105660233864,254.35574324956463,129.41702023622864,296.71657744417337
2017-05-12,,0.875,0.91,2.3350000381469727,10.399999618530273,4.343999862670898,99.25,50.84000015258789,1775.8699951171875,,3.0,120.49890537512607,,128.6213264184043,254.68181235036224,127.21589412947915,299.73877632032463
2017-05-13,,0.875,0.91,,,,,,,,,,,,,,
2017-05-14,,0.875,0.91,,,,,,,,,,,,,,
2017-05-15,,0.875,0.91,2.3380000591278076,10.420000076293945,4.321000099182129,98.91000366210938,51.81999969482422,1778.6500244140625,,,120.43140399681853,,129.1272473519036,255.56941296898123,127.51090684333657,299.7801699004577
2017-05-16,,0.875,0.91,2.3289999961853027,10.649999618530273,4.315000057220459,98.11000061035156,51.650001525878906,1778.1500244140625,,,120.86741669155793,,128.2414455411385,255.29074810225652,130.5567484455534,299.2784495336597
2017-05-17,,0.875,0.91,2.2160000801086426,15.59000015258789,4.320499897003174,97.41999816894531,52.209999084472656,1775.6500244140625,,,120.44952568745238,,129.43855535478286,254.34051221123246,129.45891087572323,298.7362583635991
2017-05-18,,0.875,0.91,2.2330000400543213,14.65999984741211,4.325500011444092,97.87999725341797,52.5099983215332,1767.1700439453125,,,120.25601829305586,,129.66700018576603,254.97438105104692,128.6252129944228,297.6207273062513
2017-05-19,,0.875,0.91,2.244999885559082,12.039999961853027,4.320000171661377,97.1500015258789,53.61000061035156,1768.280029296875,,,120.47997191180535,,129.24864455685056,269.54767135251365,130.13042353507493,302.8011745637818
2017-05-20,,0.875,0.91,,,,,,,,,,,,,,
2017-05-21,,0.875,0.91,,,,,,,,,,,,,,
2017-05-22,,0.875,0.91,2.253999948501587,10.930000305175781,4.302000045776367,96.9800033569336,53.869998931884766,1774.949951171875,,,120.61338589907196,,129.38185481416252,272.72101065580415,132.56571708192473,306.7203019446836
2017-05-23,,0.875,0.91,2.2850000858306885,10.720000267028809,4.290999889373779,97.3499984741211,54.150001525878906,1767.1700439453125,,,120.96367495163906,,129.30823164304482,270.36110905779276,130.5467152239581,305.3188219360631
2017-05-24,,0.875,0.91,2.2660000324249268,10.020000457763672,4.296000003814697,97.23999786376953,53.959999084472656,1771.010009765625,,,121.82908287579639,,129.56178260909758,266.4928538176782,130.4460340334187,306.69921223133423
2017-05-25,,0.875,0.91,2.255000114440918,9.989999771118164,4.276000022888184,97.25,51.459999084472656,1773.9599609375,,,123.21793268878345,,129.56326552013726,266.90527577773594,129.99792409420903,301.671194529162
2017-05-26,,0.875,0.91,2.25,9.8100004196167,4.267000198364258,97.4000015258789,52.150001525878906,1772.300048828125,,,123.45662975039437,,129.95035774704016,267.9272276896576,129.76394646627736,297.5204889535054
2017-05-27,,0.875,0.91,,,,,,,,,,,,,,
2017-05-28,,0.875,0.91,,,,,,,,,,,,,,
2017-05-29,,0.875,0.91,,,4.273499965667725,,,1764.8900146484375,,,123.2688612350294,,129.36574698596814,265.41630700175165,128.06588031170827,293.89794339252984
2017-05-30,,0.875,0.91,2.2170000076293945,10.380000114440918,4.281000137329102,97.27999877929688,51.84000015258789,,,,,,,,,
2017-05-31,,0.875,0.91,2.196000099182129,10.40999984741211,4.288300037384033,96.91999816894531,50.310001373291016,1765.8699951171875,,,123.91468321519585,,128.8062347271478,262.6933585099789,129.47591715135263,290.8279089875103
2017-06-01,621.181586939107,0.875,0.83,2.2170000076293945,9.890000343322754,4.2855000495910645,97.19999694824219,50.33000183105469,1763.1099853515625,,,124.43137941984766,,129.060288318453,269.9644707261511,128.40348150571498,292.47162018696554
2017-06-02,,0.875,0.91,2.1589999198913574,9.75,4.277500152587891,96.72000122070312,49.95000076293945,1776.949951171875,,,125.78321536049502,,129.56790270051272,275.048230699702,129.14055754469024,297.50725248042664
2017-06-03,,0.875,0.91,,,,,,,,,,,,,,
2017-06-04,,0.875,0.91,,,,,,,,,,,,,,
2017-06-05,,0.875,0.91,2.181999921798706,10.069999694824219,4.261000156402588,96.80000305175781,49.470001220703125,1787.949951171875,,,127.3103292769953,,129.48626100340306,282.83516151335533,130.17301094386167,303.973157767229
2017-06-06,,0.875,0.91,2.1470000743865967,10.449999809265137,4.269999980926514,96.63999938964844,50.119998931884766,1791.010009765625,,,127.20320270879675,,129.9970559244892,282.657767860467,129.5083114660683,303.12922301147563
2017-06-07,,0.875,0.91,2.177999973297119,10.390000343322754,4.258999824523926,96.75,48.060001373291016,1785.9200439453125,,,126.58926443678462,,130.30749413029292,290.11490523645534,128.89886288996811,300.8705321107812
2017-06-08,,0.875,0.91,2.194000005722046,10.15999984741211,4.260000228881836,96.91999816894531,47.86000061035156,1785.5699462890625,,,126.76097593947821,,130.81550661968217,290.5475566282059,129.1653961500814,309.1510026794463
2017-06-09,,0.875,0.91,2.1989998817443848,10.699999809265137,4.262499809265137,97.2699966430664,48.150001525878906,1788.8900146484375,,,126.63235765566525,,131.12635485385943,291.7609641821856,129.69751055030437,317.3433406005066
2017-06-10,,0.875,0.91,,,,,,,,,,,,,,
2017-06-11,,0.875,0.91,,,,,,,,,,,,,,
2017-06-12,,0.875,0.91,2.2130000591278076,11.460000038146973,4.262499809265137,97.13999938964844,48.290000915527344,,,,,,,,,
2017-06-13,,0.875,0.91,2.2070000171661377,10.420000076293945,4.261499881744385,96.9800033569336,48.720001220703125,1784.43994140625,,,126.50502504611858,,132.84115177617792,285.2131687193419,129.35857294924537,317.1066352275711
2017-06-14,,0.875,0.91,2.138000011444092,10.640000343322754,4.255499839782715,96.94000244140625,47.0,1792.3499755859375,,,127.48818111172417,,132.5608916664749,285.0405298876724,129.00021276740995,316.5025307055142
2017-06-15,,1.125,0.91,2.1619999408721924,10.899999618530273,4.264999866485596,97.43000030517578,46.91999816894531,1790.010009765625,,,127.76864311186067,,132.84073072846707,282.48655796493216,128.75392601106114,312.53074020965437
2017-06-16,,1.125,1.16,2.1570000648498535,10.380000114440918,4.27400016784668,97.16000366210938,47.369998931884766,1791.31005859375,,,127.57722757561389,,132.61815518283979,284.2330636215645,129.0500842429548,306.830898877986
2017-06-17,,1.125,1.16,,,,,,,,,,,,,,
2017-06-18,,1.125,1.16,,,,,,,,,,,,,,
2017-06-19,,1.125,1.16,2.190000057220459,10.369999885559082,4.275000095367432,97.52999877929688,46.90999984741211,1788.9000244140625,,,127.07301577858973,,132.59248383634474,279.2436219573,128.9094963200593,303.5492739303555
2017-06-20,,1.125,1.16,2.1530001163482666,10.859999656677246,4.281499862670898,97.75,46.02000045776367,1780.7099609375,,,126.88486025886361,,131.78248929304706,282.7074612254166,128.00419376386913,304.1021461224056
2017-06-21,,1.125,1.16,2.1549999713897705,10.75,4.2845001220703125,97.55999755859375,44.81999969482422,1775.5699462890625,,,126.85406055729354,,131.72324483134852,287.77572027239125,129.08222307313622,306.58572683344084
2017-06-22,,1.125,1.16,2.1530001163482666,10.479999542236328,4.2845001220703125,97.54000091552734,45.220001220703125,1777.4300537109375,,,126.80995955429763,,131.83598106610754,299.5701118746757,128.5005765805549,307.6807284162899
2017-06-23,,1.125,1.16,2.1440000534057617,10.020000457763672,4.286099910736084,97.30000305175781,45.540000915527344,1779.449951171875,,,127.08890661412057,,131.77972814509945,298.93560979903253,128.57142953519934,308.2262092372043
2017-06-24,,1.125,1.16,,,,,,,,,,,,,,
2017-06-25,,1.125,1.16,,,,,,,,,,,,,,
2017-06-26,,1.125,1.16,2.13700008392334,9.899999618530273,4.2855000495910645,97.43000030517578,45.83000183105469,,,,126.96206677168753,,131.72338921039918,298.93560979903253,128.3453718662603,308.2262092372043
2017-06-27,,1.125,1.16,2.197999954223633,11.0600004196167,4.285999774932861,96.47000122070312,46.650001525878906,,,,126.91798914030414,,131.72338921039918,298.93560979903253,128.11900481134325,308.49857014368826
2017-06-28,,1.125,1.16,2.2209999561309814,10.029999732971191,4.293499946594238,96.05000305175781,47.310001373291016,1771.22998046875,,,126.97238402895022,,132.03504741468674,296.0951332421016,127.75758486892394,311.49098334257906
2017-06-29,,1.125,1.16,2.2669999599456787,11.4399995803833,4.291999816894531,95.62999725341797,47.41999816894531,1771.3599853515625,,,126.80251632348858,,132.78960107530767,299.7125178147627,127.7968200805705,310.6826275692936
2017-06-30,,1.125,1.16,2.302000045776367,11.180000305175781,4.290999889373779,95.66000366210938,47.91999816894531,1763.6700439453125,,,126.46221767439994,,134.3879797394223,299.5791473127674,127.2420919344303,310.6826275692936
2017-07-01,617.158220835306,1.125,1.06,,,,,,,,,,,,,,
2017-07-02,,1.125,1.06,,,,,,,,,,,,,,
2017-07-03,,1.125,1.06,2.3459999561309814,11.220000267028809,4.295499801635742,96.19999694824219,49.68000030517578,1768.6700439453125,,,126.12161642285582,,132.42538108071733,311.4099866386407,129.4188351934957,311.5016320718628
2017-07-04,,1.125,1.16,,,4.295000076293945,,,1762.0799560546875,,,126.05936217645642,,132.11668493690962,308.82795508257215,127.50109546525546,313.1353814322391
2017-07-05,,1.125,1.16,2.3340001106262207,11.069999694824219,4.295000076293945,96.29000091552734,47.790000915527344,1768.1600341796875,,,126.1857045740306,,131.86487675203148,316.07969904700076,127.44670280396451,312.5936880721827
2017-07-06,,1.125,1.16,2.369999885559082,12.539999961853027,4.295499801635742,95.81999969482422,48.11000061035156,1770.530029296875,,,126.68231325334789,,130.8449145235025,312.92139612406385,127.61519071707141,313.6789791942657
2017-07-07,,1.125,1.16,2.3929998874664307,11.1899995803833,4.296500205993652,96.01000213623047,46.709999084472656,1759.9300537109375,,,126.1917648848086,,129.98164643496358,309.2614897775828,126.73625318195765,308.81153505032535
2017-07-08,,1.125,1.16,,,,,,,,,,,,,,
2017-07-09,,1.125,1.16,,,,,,,,,,,,,,
2017-07-10,,1.125,1.16,2.371000051498413,11.109999656677246,4.295000076293945,96.05000305175781,46.880001068115234,1757.1300048828125,,,126.10260611735764,,129.95366798396384,311.4693391344991,126.43403896757243,308.2621124113569
2017-07-11,,1.125,1.16,2.361999988555908,10.890000343322754,4.295000076293945,95.73999786376953,47.52000045776367,1755.030029296875,,,125.24510592383488,,130.11921284076504,303.5975617506457,126.95652413464124,305.63709151520004
2017-07-12,,1.125,1.16,2.3269999027252197,10.300000190734863,4.289999961853027,95.79000091552734,47.7400016784668,1757.239990234375,,,124.76351793475435,,130.37585611110072,317.6187932272909,125.78081060474966,306.4918541917977
2017-07-13,,1.125,1.16,2.3480000495910645,9.899999618530273,4.289999961853027,95.7300033569336,48.41999816894531,1753.780029296875,,3.0,124.91575266317412,,130.17587834159724,328.5112994577228,125.73613316504984,309.3660010876414
2017-07-14,,1.125,1.16,2.319000005722046,9.510000228881836,4.289999961853027,95.11000061035156,48.90999984741211,1755.0,,,124.95908944843681,,130.87652545264103,324.6426283226033,125.59393162948788,311.1040708396951
2017-07-15,,1.125,1.16,,,,,,,,,,,,,,
2017-07-16,,1.125,1.16,,,,,,,,,,,,,,
2017-07-17,,1.125,1.16,2.309000015258789,9.819999694824219,4.285299777984619,95.12999725341797,48.41999816894531,1755.18994140625,,,124.52159981676681,,130.4347633600393,329.1194631725767,125.91832874608882,310.2266527936736
2017-07-18,,1.125,1.16,2.263000011444092,9.890000343322754,4.283999919891357,94.66000366210938,48.84000015258789,1754.9200439453125,,,124.80888678865448,,130.12339803465937,337.0453994749747,125.98642234669288,310.71051079274076
2017-07-19,,1.125,1.16,2.2679998874664307,9.789999961853027,4.283999919891357,94.80000305175781,49.70000076293945,1757.27001953125,,,125.57374034544107,,129.99128202444345,333.59907284595494,126.3476431603957,309.9387997179218
2017-07-20,,1.125,1.16,2.2660000324249268,9.579999923706055,4.289000034332275,94.2699966430664,49.29999923706055,1755.6300048828125,,,124.76970343812354,,129.70841872563244,336.6449077131862,125.8997460283018,312.22584594783194
2017-07-21,,1.125,1.16,2.2320001125335693,9.359999656677246,4.28249979019165,93.94000244140625,48.060001373291016,1759.1600341796875,,,125.07657782820975,,129.87513590285852,339.798809177929,126.477057287533,312.4387649296692
2017-07-22,,1.125,1.16,,,,,,,,,,,,,,
2017-07-23,,1.125,1.16,,,,,,,,,,,,,,
2017-07-24,,1.125,1.16,2.253999948501587,9.430000305175781,4.275000095367432,93.9800033569336,48.599998474121094,1761.989990234375,,,125.05187168966162,,130.32904990472468,335.8971713169402,126.57816168583409,311.6237015973025
2017-07-25,,1.125,1.16,2.3259999752044678,9.430000305175781,4.2795000076293945,94.05000305175781,50.20000076293945,1763.3399658203125,,,125.15615215334958,,130.01778611082722,344.9635879471059,126.76586692370597,311.6237015973025
2017-07-26,,1.125,1.16,2.2820000648498535,9.600000381469727,4.2820000648498535,93.66999816894531,50.970001220703125,1766.0,,,125.69146783639407,,130.33436143499569,354.5761623419122,127.02820152097087,312.1684464835122
2017-07-27,,1.125,1.16,2.309999942779541,10.109999656677246,4.275000095367432,93.86000061035156,51.4900016784668,1770.0699462890625,,,126.97880171409015,,129.88191821957457,357.4635020077756,126.98089476288557,315.62441792894424
2017-07-28,,1.125,1.16,2.2890000343322754,10.289999961853027,4.2789998054504395,93.26000213623047,52.52000045776367,1767.0799560546875,,,127.3825248490834,,129.62573344591866,359.05115160254695,126.92006953132929,317.66269472299473
2017-07-29,,1.125,1.16,,,,,,,,,,,,,,
2017-07-30,,1.125,1.16,,,,,,,,,,,,,,
2017-07-31,,1.125,1.16,2.2920000553131104,10.260000228881836,4.2789998054504395,92.86000061035156,52.650001525878906,1760.030029296875,,,125.82906226821997,,130.65000554008157,358.47963361340226,126.28731200644074,321.9735504938758
2017-08-01,621.819465680048,1.125,1.07,2.250999927520752,10.09000015258789,4.283999919891357,93.02999877929688,52.630001068115234,1765.1300048828125,,,126.71835474257503,,130.84744705225222,356.7208445397052,126.16618293256066,324.22520263235856
2017-08-02,,1.125,1.16,2.26200008392334,10.279999732971191,4.284999847412109,92.83000183105469,52.36000061035156,1770.6099853515625,,,127.12478677646362,,130.90334973611223,365.25823007083085,126.44375700022951,323.09946868658056
2017-08-03,,1.125,1.16,2.2279999256134033,10.4399995803833,4.277500152587891,92.80999755859375,52.0099983215332,1771.9000244140625,,,127.25716076605184,,131.24019829043473,365.31881468236,126.5659452123803,321.4126676125348
2017-08-04,,1.125,1.16,2.2669999599456787,10.029999732971191,4.2769999504089355,93.54000091552734,52.41999816894531,1774.530029296875,,,127.75916332450261,,131.40888429873348,365.73520122535393,126.60289973486516,321.6916828991487
2017-08-05,,1.125,1.16,,,,,,,,,,,,,,
2017-08-06,,1.125,1.16,,,,,,,,,,,,,,
2017-08-07,,1.125,1.16,2.256999969482422,9.930000305175781,4.2795000076293945,93.43000030517578,52.369998931884766,1777.9100341796875,,,128.71912647410494,,131.88937717194685,338.590030856052,127.08437066708986,320.30681006207914
2017-08-08,,1.125,1.16,2.2829999923706055,10.960000038146973,4.2829999923706055,93.63999938964844,52.13999938964844,1781.6500244140625,,,129.59225471994782,,131.6137571074185,341.6207376807781,127.0521156953162,325.9185269880919
2017-08-09,,1.125,1.16,2.240999937057495,11.109999656677246,4.286499977111816,93.5199966430664,52.70000076293945,1777.93994140625,,,129.6803998661198,,131.6685321119654,336.28430569296603,126.78542062046667,344.7815395429328
2017-08-10,,1.125,1.16,2.2119998931884766,16.040000915527344,4.289000034332275,93.4000015258789,51.900001525878906,1777.77001953125,,,129.59027224345857,,131.36591033180179,328.1285463563063,127.22563236458342,345.60926310425964
2017-08-11,,1.125,1.16,2.188999891281128,15.510000228881836,4.292500019073486,93.06999969482422,52.099998474121094,1766.9599609375,,,129.27825041868962,,131.87215992444612,317.82629313662403,127.02383431801884,341.6603807655242
2017-08-12,,1.125,1.16,,,,,,,,,,,,,,
2017-08-13,,1.125,1.16,,,,,,,,,,,,,,
2017-08-14,,1.125,1.16,2.2190001010894775,12.329999923706055,4.290999889373779,93.45999908447266,50.72999954223633,1771.0799560546875,,,129.1515071183893,,132.72694401094523,332.18991084611093,127.71806022341549,342.18602974552914
2017-08-15,,1.125,1.16,2.2660000324249268,12.039999961853027,4.293499946594238,93.8499984741211,50.79999923706055,1772.3900146484375,,,129.1515071183893,,133.6618450494963,341.80830367500727,128.00286226915387,342.7108029102303
2017-08-16,,1.125,1.16,2.2260000705718994,11.739999771118164,4.292500019073486,93.48999786376953,50.27000045776367,1773.75,,,129.0880085025906,,133.49603887177784,347.8085868013671,128.19857455708902,345.27542477938147
2017-08-17,,1.125,1.16,2.1989998817443848,15.550000190734863,4.293000221252441,93.62000274658203,51.029998779296875,1776.31005859375,,,129.0905917841086,,132.789099919721,357.47771182058415,128.41681113705604,347.899102702644
2017-08-18,,1.125,1.16,2.194000005722046,14.260000228881836,4.2870001792907715,93.43000030517578,52.720001220703125,1776.219970703125,,,128.9550124150136,,133.04496306328775,351.87003571592953,128.22144311769887,350.93429854383373
2017-08-19,,1.125,1.16,,,,,,,,,,,,,,
2017-08-20,,1.125,1.16,,,,,,,,,,,,,,
2017-08-21,,1.125,1.16,2.180000066757202,13.1899995803833,4.2845001220703125,93.0999984741211,51.65999984741211,1771.6199951171875,,,128.56103931757596,,132.84687880635352,347.6722996602901,128.34049150991956,349.6976991969452
2017-08-22,,1.125,1.16,2.2149999141693115,11.350000381469727,4.278500080108643,93.55000305175781,51.869998931884766,1774.219970703125,,,128.60566828255057,,132.98960009338694,346.1000076682643,128.34049150991956,352.0436675976378
2017-08-23,,1.125,1.16,2.1710000038146973,12.25,4.275000095367432,93.1500015258789,52.56999969482422,1772.93994140625,,,128.36667753631957,,132.5074779327186,354.4667962400251,129.45724623047522,352.35805865273704
2017-08-24,,1.125,1.16,2.194000005722046,12.229999542236328,4.2769999504089355,93.27999877929688,52.040000915527344,1775.5,,,128.19504083160763,,133.00086576906853,352.8981368389013,129.53236929458777,354.88937105841154
2017-08-25,,1.125,1.16,2.1689999103546143,11.279999732971191,4.269999980926514,92.73999786376953,52.40999984741211,1769.1700439453125,,,128.19195150050754,,133.40991176181322,357.1876747370373,129.37655011480155,355.7082238641827
2017-08-26,,1.125,1.16,,,,,,,,,,,,,,
2017-08-27,,1.125,1.16,,,,,,,,,,,,,,
2017-08-28,,1.125,1.16,2.1589999198913574,11.319999694824219,4.265500068664551,92.20999908447266,51.88999938964844,1769.489990234375,,,128.7522808847276,,132.70171051279652,356.1965708440538,129.18083044947127,350.77532458555714
2017-08-29,,1.125,1.16,2.135999917984009,11.699999809265137,4.264999866485596,92.3499984741211,52.0,1761.1400146484375,,,127.61999814547222,,132.3609123407779,350.0898911263166,128.48780507121512,351.94573740482775
2017-08-30,,1.125,1.16,2.1429998874664307,11.220000267028809,4.269000053405762,92.87999725341797,50.86000061035156,1773.1600341796875,,,130.07404949994253,,132.30593242162584,351.277049758496,128.98236280545777,358.6835860721657
2017-08-31,,1.125,1.16,2.121000051498413,10.59000015258789,4.26800012588501,92.66999816894531,52.380001068115234,,,,130.07404949994253,,132.30593242162584,351.277049758496,128.98236280545777,358.6835860721657
2017-09-01,661.631565157988,1.125,1.07,2.1570000648498535,10.130000114440918,4.26800012588501,92.80999755859375,52.31999969482422,,,,130.07404949994253,,132.30593242162584,351.277049758496,128.98236280545777,358.6835860721657
2017-09-02,,1.125,1.16,,,,,,,,,,,,,,
2017-09-03,,1.125,1.16,,,,,,,,,,,,,,
2017-09-04,,1.125,1.16,,,4.26800012588501,,,,,,130.07404949994253,,132.30593242162584,351.277049758496,128.98236280545777,358.6835860721657
2017-09-05,,1.125,1.16,2.069999933242798,12.229999542236328,4.254499912261963,92.30999755859375,53.380001068115234,1769.6300048828125,,,127.93105885156673,,132.7597513328439,350.1837744311408,130.55608659347212,366.8162143843087
2017-09-06,,1.125,1.16,2.1080000400543213,11.630000114440918,4.236000061035156,92.29000091552734,54.20000076293945,1772.47998046875,,,128.09429762059204,,132.8505998735408,358.68682309150313,130.91644273184266,370.40661375220554
2017-09-07,,1.125,1.16,2.061000108718872,11.550000190734863,4.206999778747559,91.52999877929688,54.4900016784668,1782.97998046875,,3.0,129.15511552659632,,132.8505998735408,363.18705216339214,130.33523703054308,365.8349255314225
2017-09-08,,1.125,1.16,2.061000108718872,12.119999885559082,4.192500114440918,91.33000183105469,53.779998779296875,1779.9000244140625,,,128.76144467457272,,132.8505998735408,359.669598937315,130.1196241093678,366.2158245318497
2017-09-09,,1.125,1.16,,,,,,,,,,,,,,
2017-09-10,,1.125,1.16,,,,,,,,,,,,,,
2017-09-11,,1.125,1.16,2.125,10.729999542236328,4.195000171661377,91.86000061035156,53.84000015258789,1782.739990234375,,,128.9143407709452,,133.05285639064928,366.1263688454866,130.00939472241294,359.8220952909129
2017-09-12,,1.125,1.16,2.1710000038146973,10.579999923706055,4.204500198364258,91.91000366210938,54.27000045776367,1789.8599853515625,,,129.50383489207687,,133.10971925033647,362.8154665773038,131.46151704421214,359.8220952909129
2017-09-13,,1.125,1.16,2.194999933242798,10.5,4.19350004196167,92.5199966430664,55.15999984741211,1786.0699462890625,,,128.91223213217216,,133.10971925033647,362.7395463194971,131.27444801452418,357.67635199793125
2017-09-14,,1.125,1.16,2.197000026702881,10.4399995803833,4.203999996185303,92.12000274658203,55.470001220703125,1781.3699951171875,,,129.06476366675952,,133.3691862724976,361.65492983484387,130.98459044887315,361.01917043700513
2017-09-15,,1.125,1.16,2.2019999027252197,10.170000076293945,4.1875,91.87000274658203,55.619998931884766,1786.3299560546875,,,129.0204813841703,,133.6261708710758,361.1479569383316,130.38090043349973,361.7382211035476
2017-09-16,,1.125,1.16,,,,,,,,,,,,,,
2017-09-17,,1.125,1.16,,,,,,,,,,,,,,
2017-09-18,,1.125,1.16,2.2290000915527344,10.149999618530273,4.186999797821045,92.05000305175781,55.47999954223633,1783.6600341796875,,,129.16533447232803,,133.05715334716402,361.64172672573625,130.00986917165025,358.6329130949314
2017-09-19,,1.125,1.16,2.243000030517578,10.180000305175781,4.190000057220459,91.79000091552734,55.13999938964844,1776.6600341796875,,,127.77088537348484,,132.85616308164313,357.26389832216034,129.93857582729868,358.47604242222974
2017-09-20,,1.125,1.16,2.2769999504089355,9.779999732971191,4.186999797821045,92.51000213623047,56.290000915527344,1773.5799560546875,,,126.95558637795175,,133.11513585391464,355.70935282709485,129.66865735803222,360.7631276696319
2017-09-21,,1.125,1.16,2.2780001163482666,9.670000076293945,4.196000099182129,92.26000213623047,56.43000030517578,1771.0400390625,,,127.1827634365613,,132.80034850413801,362.96866862546403,128.89186499295639,362.71318234868306
2017-09-22,,1.125,1.16,2.26200008392334,9.59000015258789,4.195000171661377,92.16999816894531,56.86000061035156,,,,127.1827634365613,,132.80034850413801,362.96866862546403,128.89186499295639,362.71318234868306
2017-09-23,,1.125,1.16,,,,,,,,,,,,,,
2017-09-24,,1.125,1.16,,,,,,,,,,,,,,
2017-09-25,,1.125,1.16,2.2200000286102295,10.210000038146973,4.199999809265137,92.6500015258789,59.02000045776367,1769.1400146484375,,,126.65563377721898,,133.71384102984493,361.8118829834546,130.25846294553043,358.93103195008695
2017-09-26,,1.125,1.16,2.2290000915527344,10.170000076293945,4.203999996185303,92.97000122070312,58.439998626708984,1765.5899658203125,,,126.86072172471599,,132.59813561910903,360.27559577250287,129.63862923524894,361.4409546392843
2017-09-27,,1.125,1.16,2.309000015258789,9.869999885559082,4.218999862670898,93.36000061035156,57.900001525878906,1764.239990234375,,,126.72136658318716,,133.0554876891026,366.55444425921337,129.5799271033406,360.79841062537315
2017-09-28,,1.125,1.16,2.309000015258789,9.550000190734863,4.224999904632568,93.08999633789062,57.40999984741211,1758.06005859375,,,126.4342121640474,,132.8065899700725,359.64629221130645,129.07106133060395,362.1104670984024
2017-09-29,,1.125,1.16,2.3259999752044678,9.510000228881836,4.21999979019165,93.08000183105469,57.540000915527344,1755.5799560546875,,,126.17298573549407,,134.97721190736846,364.5699294093759,128.73773681446116,365.86274159914166
2017-09-30,,1.125,1.06,,,,,,,,,,,,,,
2017-10-01,648.161663544148,1.125,1.06,,,,,,,,,,,,,,
2017-10-02,,1.125,1.06,2.3369998931884766,9.449999809265137,4.230999946594238,93.55999755859375,56.119998931884766,1754.780029296875,,,126.8163522470764,,132.94097233878895,366.69066152863957,128.6201600669723,365.0845413054773
2017-10-03,,1.125,1.16,2.3340001106262207,9.510000228881836,4.234000205993652,93.56999969482422,56.0,1759.6700439453125,,,127.03503712674842,,133.13815265256338,369.04524796737013,129.063360024634,367.20503904595074
2017-10-04,,1.125,1.16,2.3299999237060547,9.630000114440918,4.225500106811523,93.45999908447266,55.79999923706055,1761.8399658203125,,,127.28254523479569,,133.4950362805221,366.1679201201908,129.56213078855762,369.33180749614525
2017-10-05,,1.125,1.16,2.3499999046325684,9.1899995803833,4.2270002365112305,93.95999908447266,57.0,1759.0899658203125,,,127.13069952695857,,132.80933199288188,373.68888553584384,129.28972411060957,372.27860472923476
2017-10-06,,1.125,1.16,2.369999885559082,9.649999618530273,4.235000133514404,93.80000305175781,55.619998931884766,1764.0,,,127.19690118096901,,133.21427203796267,375.03210317120954,129.67950956034832,371.13459160362214
2017-10-07,,1.125,1.16,,,,,,,,,,,,,,
2017-10-08,,1.125,1.16,,,,,,,,,,,,,,
2017-10-09,,1.125,1.16,2.3610000610351562,10.329999923706055,4.228499889373779,93.73999786376953,55.790000915527344,1764.030029296875,,,127.30749001972535,,133.163481446436,378.33949326111355,129.37225817026402,372.10871562708724
2017-10-10,,1.125,1.16,2.3450000286102295,10.079999923706055,4.2170000076293945,93.29000091552734,56.61000061035156,1761.1300048828125,,,127.19559486796219,,133.22032040649535,374.8036102306087,130.58822033484,372.10871562708724
2017-10-11,,1.125,1.16,2.3450000286102295,9.850000381469727,4.2129998207092285,92.95999908447266,56.939998626708984,1757.2099609375,,,127.30755527624031,,133.10374476565073,381.51028013143036,130.31804007117518,372.59446743529463
2017-10-12,,1.125,1.16,2.322999954223633,9.90999984741211,4.2195000648498535,93.12000274658203,56.25,1754.0,,,127.21867489499917,,132.44654651622653,382.2422354291317,130.2946711045951,381.34186955584266
2017-10-13,,1.125,1.16,2.2799999713897705,9.609999656677246,4.21999979019165,93.08999633789062,57.16999816894531,1755.3199462890625,,,127.20819496481961,,132.33362521990435,389.37185231167126,130.35392693482407,386.90107014311917
2017-10-14,,1.125,1.16,,,,,,,,,,,,,,
2017-10-15,,1.125,1.16,,,,,,,,,,,,,,
2017-10-16,,1.125,1.16,2.306999921798706,9.90999984741211,4.214099884033203,93.27999877929688,57.81999969482422,1754.3699951171875,,,126.36575796084517,,132.07261334483204,398.02937858049734,132.17187585365244,400.62460814618976
2017-10-17,,1.125,1.16,2.2980000972747803,10.3100004196167,4.2204999923706055,93.48999786376953,57.880001068115234,1748.989990234375,,,125.5801493331347,,131.03052368688188,398.2644743827786,130.35860943363895,400.27673177780076
2017-10-18,,1.125,1.16,2.3389999866485596,10.069999694824219,4.2204999923706055,93.36000061035156,58.150001525878906,,,,125.5801493331347,,131.03052368688188,398.2644743827786,130.35860943363895,400.27673177780076
2017-10-19,,1.125,1.16,2.321000099182129,10.050000190734863,4.2204999923706055,93.2699966430664,57.22999954223633,1743.989990234375,,,125.51418885207725,,131.94261953603788,400.77641944326723,130.23894558472372,405.02324072798757
2017-10-20,,1.125,1.16,2.38100004196167,9.970000267028809,4.222499847412109,93.69999694824219,57.75,1740.6500244140625,,,125.27255462203644,,131.3516136505297,398.1592290224365,129.96160024182345,411.0353569765194
2017-10-21,,1.125,1.16,,,,,,,,,,,,,,
2017-10-22,,1.125,1.16,,,,,,,,,,,,,,
2017-10-23,,1.125,1.16,2.375999927520752,11.069999694824219,4.236000061035156,93.94000244140625,57.369998931884766,1741.469970703125,,,124.98034714131643,,131.5758511007619,403.7235997029427,130.14879570450023,414.3559055992237
2017-10-24,,1.125,1.16,2.4059998989105225,11.15999984741211,4.230999946594238,93.95999908447266,58.33000183105469,1736.1400146484375,,,124.51282898493419,,132.2005569437472,408.5793553663178,130.19275380363803,408.97833271235095
2017-10-25,,1.125,1.16,2.444000005722046,11.229999542236328,4.231500148773193,93.70999908447266,58.439998626708984,1739.050048828125,,,124.44064179589986,,132.09931408867942,409.0434956019016,129.7434721720901,409.89596172706183
2017-10-26,,1.125,1.16,2.4519999027252197,11.300000190734863,4.23330020904541,94.61000061035156,59.29999923706055,1736.800048828125,,,124.14118094198794,,132.6189779000746,401.9698982278742,129.64477213803227,412.8502888527298
2017-10-27,,1.125,1.16,2.427999973297119,9.800000190734863,4.239999771118164,94.91999816894531,60.439998626708984,1746.1300048828125,,,124.23319940956785,,132.17932425579386,403.4703375632131,129.39683256641266,421.42687604790405
2017-10-28,,1.125,1.16,,,,,,,,,,,,,,
2017-10-29,,1.125,1.16,,,,,,,,,,,,,,
2017-10-30,,1.125,1.16,2.369999885559082,10.5,4.230000019073486,94.48999786376953,60.900001525878906,1748.3499755859375,,,124.52317573489388,,131.58804497456126,407.6028156714486,130.13399756020252,422.4092407928822
2017-10-31,,1.125,1.16,2.375999927520752,10.180000305175781,4.229100227355957,94.55000305175781,61.369998931884766,1747.9200439453125,,,124.75927847478117,,132.42684848644538,407.2567117877913,128.9863144110596,426.6522345331981
2017-11-01,635.563806500635,1.125,1.07,2.375999927520752,10.199999809265137,4.229000091552734,94.81999969482422,61.290000915527344,1743.9300537109375,,,124.49383926070597,,131.96617611423548,409.74229243517766,129.332872296457,440.6171857070227
2017-11-02,,1.125,1.16,2.3469998836517334,9.930000305175781,4.23199987411499,94.69000244140625,60.619998931884766,1741.050048828125,,,124.8545421813472,,131.05404206997625,409.73001035297125,128.19493343327127,447.6184585768178
2017-11-03,,1.125,1.16,2.3429999351501465,9.140000343322754,4.233500003814697,94.94000244140625,62.06999969482422,1740.9300537109375,,,125.18809750026274,,131.26441473297496,408.45439441095,126.77813934267736,456.00078706414405
2017-11-04,,1.125,1.16,,,,,,,,,,,,,,
2017-11-05,,1.125,1.16,,,,,,,,,,,,,,
2017-11-06,,1.125,1.16,2.319999933242798,9.399999618530273,4.2270002365112305,94.72000122070312,64.2699966430664,1742.2900390625,,,125.27404294626106,,130.9992253810742,408.9305000154848,124.2589009587268,470.87240004752744
2017-11-07,,1.125,1.16,2.306999921798706,9.890000343322754,4.226500034332275,94.91000366210938,63.689998626708984,1750.93994140625,,,125.54300503203608,,130.47909650341808,411.5380301163719,125.12194717321752,461.81718825242086
2017-11-08,,1.125,1.16,2.325000047683716,9.779999732971191,4.225299835205078,94.87000274658203,63.4900016784668,1744.199951171875,,,124.58105037521936,,130.37977868858667,418.28147233188855,123.21022553294007,457.895459808458
2017-11-09,,1.125,1.16,2.3310000896453857,10.5,4.204999923706055,94.44000244140625,63.93000030517578,1746.81005859375,,3.0,124.82802961629602,,130.55099619097052,419.20847752731527,123.79934715794701,461.8056039922175
2017-11-10,,1.125,1.16,2.4000000953674316,11.289999961853027,4.190499782562256,94.38999938964844,63.52000045776367,1742.280029296875,,,124.71786279592352,,130.56037783546793,429.1268188315976,124.56348423064235,466.5946157569762
2017-11-11,,1.125,1.16,,,,,,,,,,,,,,
2017-11-12,,1.125,1.16,,,,,,,,,,,,,,
2017-11-13,,1.125,1.16,2.4000000953674316,11.5,4.189000129699707,94.48999786376953,63.15999984741211,1737.489990234375,,,124.29094025670634,,130.56616093557878,430.4003054876298,127.8163398650174,468.62623157578395
2017-11-14,,1.125,1.16,2.38100004196167,11.59000015258789,4.188799858093262,93.83000183105469,62.209999084472656,1733.6099853515625,,,124.83472159539903,,130.76923552806534,423.9773681891619,126.44257665146974,462.67166518140465
2017-11-15,,1.125,1.16,2.3350000381469727,13.130000114440918,4.175000190734863,93.80999755859375,61.869998931884766,1722.989990234375,,,123.55924552828101,,129.56114375055466,421.00836800929653,124.2028055786643,461.3167500070925
2017-11-16,,1.125,1.16,2.3610000610351562,11.760000228881836,4.169099807739258,93.93000030517578,61.36000061035156,1718.1099853515625,,,123.05042373437327,,129.3887330599162,412.436958473477,125.72639959909712,450.5573483675633
2017-11-17,,1.125,1.16,2.3540000915527344,11.430000305175781,4.1529998779296875,93.66000366210938,62.720001220703125,1721.6600341796875,,,123.52886405730878,,129.9488589537667,414.25639996716626,124.45934929833382,446.8058188079401
2017-11-18,,1.125,1.16,,,,,,,,,,,,,,
2017-11-19,,1.125,1.16,,,,,,,,,,,,,,
2017-11-20,,1.125,1.16,2.371999979019165,10.649999618530273,4.138000011444092,94.08000183105469,62.220001220703125,1718.3599853515625,,,123.22570253075646,,130.2002331698477,402.5425871028244,124.20432318189229,451.22294318812067
2017-11-21,,1.125,1.16,2.36299991607666,9.729999542236328,4.136300086975098,93.94999694824219,62.56999969482422,1720.6800537109375,,,123.01964135844561,,130.52545318623717,391.6147983581763,125.14835181543975,446.12132798856817
2017-11-22,,1.125,1.16,2.322000026702881,9.880000114440918,4.109000205993652,93.22000122070312,63.31999969482422,1723.5400390625,,,123.10036318353572,,130.52545318623717,409.9420069263962,125.53267793205953,451.26885728920894
2017-11-23,,1.125,1.16,,,4.1057000160217285,,,1721.27001953125,,,123.22663655910075,,130.16653802130494,415.09459218052933,125.19917179169566,454.8654026580147
2017-11-24,,1.125,1.16,2.3399999141693115,9.670000076293945,4.111199855804443,92.76000213623047,63.86000061035156,1717.22998046875,,,122.95905169103088,,130.3879225858,415.07700390011337,126.21767965733346,455.1384276958015
2017-11-25,,1.125,1.16,,,,,,,,,,,,,,
2017-11-26,,1.125,1.16,,,,,,,,,,,,,,
2017-11-27,,1.125,1.16,2.328000068664551,9.869999885559082,4.1066999435424805,92.9000015258789,63.84000015258789,1719.8599853515625,,,123.07413374106622,,130.00764981657667,414.6619807794135,125.19197483108972,459.94395945558324
2017-11-28,,1.125,1.16,2.3380000591278076,10.029999732971191,4.098999977111816,93.26000213623047,63.61000061035156,1714.4200439453125,,,122.75884192517982,,129.30861685944498,422.4354985882776,125.75638989975101,467.1455260808991
2017-11-29,,1.125,1.16,2.375999927520752,10.699999809265137,4.0883002281188965,93.26000213623047,63.11000061035156,1720.3800048828125,,,122.78750589681326,,129.67778154902322,425.5036528528878,125.87615928767393,471.8510710161281
2017-11-30,,1.125,1.16,2.4170000553131104,11.279999732971191,4.086999893188477,93.01000213623047,63.56999969482422,1717.8599853515625,,,123.0406166523409,100.0,131.0029502451626,428.7416903006334,125.31822718135986,475.209603341197
2017-12-01,592.797796439949,1.125,1.07,2.361999988555908,11.430000305175781,4.087500095367432,92.9000015258789,63.4900016784668,1717.8599853515625,,,123.0406166523409,100.0,131.0029502451626,428.7416903006334,125.31822718135986,475.209603341197
2017-12-02,,1.125,1.16,,,,,,,,,,,,,,
2017-12-03,,1.125,1.16,,,,,,,,,,,,,,
2017-12-04,,1.125,1.16,2.378999948501587,11.680000305175781,4.059800148010254,93.19000244140625,62.45000076293945,1713.1300048828125,,,122.5688088866789,98.93545296217543,130.02042936752144,421.15104316702707,125.99060860829753,473.94288969127876
2017-12-05,,1.125,1.16,2.3559999465942383,11.329999923706055,4.060800075531006,93.37999725341797,62.86000061035156,1724.8399658203125,,,123.28033282000408,98.63243021083488,129.70701923545792,414.60134156999686,126.80061502193168,466.4325569761365
2017-12-06,,1.125,1.16,2.3299999237060547,11.020000457763672,4.072999954223633,93.61000061035156,61.220001220703125,1718.3299560546875,,,122.79570546782197,99.14387049427496,129.13387426326665,410.00034582034124,126.45773836636478,460.22646848453013
2017-12-07,,1.125,1.16,2.375999927520752,10.15999984741211,4.085999965667725,93.80000305175781,62.20000076293945,1719.050048828125,,,122.71724487591824,101.43527954946916,129.5504679800079,420.5067375943394,126.41546268700144,458.5422409041076
2017-12-08,,1.125,1.16,2.382999897003174,9.579999923706055,4.07859992980957,93.9000015258789,63.400001525878906,1721.25,,,122.77168766988802,102.23964506488441,128.94623140899907,423.2377142084414,126.26762474728095,457.6413321537589
2017-12-09,,1.125,1.16,,,,,,,,,,,,,,
2017-12-10,,1.125,1.16,,,,,,,,,,,,,,
2017-12-11,,1.125,1.16,2.384999990463257,9.34000015258789,4.07450008392334,93.87000274658203,64.69000244140625,1719.469970703125,,,122.61472836878762,102.55619308375094,129.68227391585464,429.47521381067395,126.31612405605854,463.45560342465194
2017-12-12,,1.125,1.16,2.4030001163482666,9.920000076293945,4.077000141143799,94.0999984741211,63.34000015258789,1729.5699462890625,,,124.56212310344561,102.58423495072641,129.46087304481492,442.02206174432297,126.49419174328456,458.894094072338
2017-12-13,,1.125,1.17,2.3489999771118164,10.180000305175781,4.085100173950195,93.43000030517578,62.439998626708984,1737.6600341796875,,,124.89099428039843,102.56380321720798,129.46087304481492,459.27312984477265,126.53909959923627,458.9310348596747
2017-12-14,,1.375,1.17,2.3459999561309814,10.489999771118164,4.081999778747559,93.48999786376953,63.310001373291016,1759.0,,,128.15069116659382,101.99739439748465,129.791293328758,463.90193655323816,127.22612908749153,464.797086648045
2017-12-15,,1.375,1.41,2.3550000190734863,9.420000076293945,4.078000068664551,93.93000030517578,63.22999954223633,1753.0699462890625,,,127.89126918069572,101.38422754924473,132.18648670781957,464.4247230093163,126.72382497614576,472.48214148395
2017-12-16,,1.375,1.41,,,,,,,,,,,,,,
2017-12-17,,1.375,1.41,,,,,,,,,,,,,,
2017-12-18,,1.375,1.41,2.3919999599456787,9.529999732971191,4.079999923706055,93.69999694824219,63.40999984741211,1751.6400146484375,,,127.4541748500018,101.78898939021497,129.99377043078024,487.6026282100567,127.45265503633847,475.0623405187274
2017-12-19,,1.375,1.42,2.4630000591278076,10.029999732971191,4.078499794006348,93.47000122070312,63.79999923706055,1736.949951171875,,,126.72880376810076,101.3057769062416,130.44808006744273,480.28671680183083,127.50778585919196,494.9641380351903
2017-12-20,,1.375,1.42,2.496999979019165,9.720000267028809,4.071499824523926,93.3499984741211,64.55999755859375,1746.6300048828125,,,128.78119061470053,102.55999720720372,128.82716777230416,492.612606671829,127.39921466563737,513.8231127402584
2017-12-21,,1.375,1.42,2.4809999465942383,9.619999885559082,4.075500011444092,93.27999877929688,64.9000015258789,1751.2099609375,,,129.0716824330489,103.05914764018947,129.2710110602477,500.08021176526984,129.37516898359144,509.23509876894235
2017-12-22,,1.375,1.42,2.484999895095825,9.899999618530273,4.076000213623047,93.3499984741211,65.25,1760.239990234375,,,128.719173928906,103.92745184007322,133.42980562546165,496.56401575470034,129.69561310032714,507.5068583920933
2017-12-23,,1.375,1.42,,,,,,,,,,,,,,
2017-12-24,,1.375,1.42,,,,,,,,,,,,,,
2017-12-25,,1.375,1.42,,,4.081299781799316,,,,,,128.719173928906,103.92745184007322,133.42980562546165,496.56401575470034,129.69561310032714,507.5068583920933
2017-12-26,,1.375,1.42,2.4670000076293945,10.25,4.082499980926514,93.26000213623047,67.0199966430664,1759.989990234375,,,128.60779375288948,104.21583695541321,131.0232743113707,492.81761014814646,129.47846473220437,505.3955097474379
2017-12-27,,1.375,1.42,2.4140000343322754,10.470000267028809,4.078999996185303,93.02999877929688,66.44000244140625,1771.760009765625,,,129.1022697809979,104.45050740408574,131.42593430426015,500.9432411627742,131.10680673959376,516.0306325921232
2017-12-28,,1.375,1.42,2.431999921798706,10.180000305175781,4.062699794769287,92.5999984741211,66.72000122070312,1779.0999755859375,,,129.66162922582564,103.83757153832909,131.68363459898802,496.1750777713535,131.6515440494502,524.4114711145311
2017-12-29,,1.375,1.42,2.4049999713897705,11.039999961853027,4.058899879455566,92.12000274658203,66.5999984741211,1796.81005859375,,,130.66363555249106,107.90684356703457,146.10280729126984,483.9688930948643,131.26919949527257,529.0481696747728
2017-12-30,,1.375,1.33,,,,,,,,,,,,,,
2017-12-31,,1.375,1.33,,,,,,,,,,,,,,
2018-01-01,633.347501155855,1.375,1.33,,,4.058899879455566,,,,,,,,,,,
2018-01-02,,1.375,1.33,2.4649999141693115,9.770000457763672,4.017000198364258,91.8499984741211,66.56999969482422,1782.699951171875,,,129.73311107076267,104.44664060028298,131.72097506271984,492.6665077510039,132.4020850217473,524.4598742930984
2018-01-03,,1.375,1.42,2.447000026702881,9.149999618530273,4.0177998542785645,92.16000366210938,67.83999633789062,1792.7900390625,,,130.46989504470122,104.54604654256086,131.59551964445382,501.2946940436951,134.2759565926298,520.1813430740585
2018-01-04,,1.375,1.42,2.453000068664551,9.220000267028809,4.001100063323975,91.8499984741211,68.06999969482422,1803.449951171875,,,130.65014949700839,105.45755052674562,132.10855341187272,523.7787248504444,136.17250192674686,548.3295182163502
2018-01-05,,1.375,1.42,2.4760000705718994,9.220000267028809,3.994999885559082,91.94999694824219,67.62000274658203,1817.969970703125,,,131.7314636092126,105.89419091093131,131.97242169979484,523.6247736523819,136.8244252244415,564.6560272897398
2018-01-06,,1.375,1.42,,,,,,,,,,,,,,
2018-01-07,,1.375,1.42,,,,,,,,,,,,,,
2018-01-08,,1.375,1.42,2.4800000190734863,9.520000457763672,3.994499921798706,92.33000183105469,67.77999877929688,1832.1500244140625,,,132.8264709505509,106.54163213347275,131.58496495391555,529.5991031588998,139.7604654443536,572.9038034126262
2018-01-09,,1.375,1.42,2.5460000038146973,10.079999923706055,4.006499767303467,92.52999877929688,68.81999969482422,1826.949951171875,,,132.28214722806345,106.7927704163345,131.86083359976183,519.276424509569,139.18099294501312,569.149990526706
2018-01-10,,1.375,1.42,2.549999952316284,9.819999694824219,4.0,92.33000183105469,69.19999694824219,1822.9200439453125,,,132.30402090276692,106.53284766294959,131.0245368729351,518.5926265350475,138.82546117831927,572.1860514257196
2018-01-11,,1.375,1.42,2.5309998989105225,9.880000114440918,3.9760000705718994,91.8499984741211,69.26000213623047,1816.8800048828125,,,132.41178151310797,106.1989670584134,131.9103079321215,500.7945357267121,137.2685766356662,562.6496310110695
2018-01-12,,1.375,1.42,2.552000045776367,10.15999984741211,3.9674999713897705,90.97000122070312,69.87000274658203,1822.6700439453125,,,132.69510649771382,106.12025118323135,132.1834231996101,510.96940667577087,138.4886657718434,580.9987581612152
2018-01-13,,1.375,1.42,,,,,,,,,,,,,,
2018-01-14,,1.375,1.42,,,,,,,,,,,,,,
2018-01-15,,1.375,1.42,,,3.94350004196167,,,1825.9100341796875,,,132.7603412495964,106.26849968842022,131.5833216093498,489.6265393860811,138.7429779501798,578.0937685667943
2018-01-16,,1.375,1.42,2.5439999103546143,11.65999984741211,3.9590001106262207,90.38999938964844,69.1500015258789,1826.030029296875,,,132.7603412495964,105.90834378192069,133.00199123447703,490.03184375782405,137.14383030021853,575.7631413530116
2018-01-17,,1.375,1.42,2.578000068664551,11.90999984741211,3.9570000171661377,90.54000091552734,69.37999725341797,1828.6300048828125,,,132.76478134068208,106.10908247125417,132.44949162885868,482.7348326953521,135.9494529042456,577.6424001108309
2018-01-18,,1.375,1.42,2.6110000610351562,12.220000267028809,3.9512999057769775,90.5,69.30999755859375,1821.5999755859375,,,132.8713084573293,106.366307140032,131.80308931729056,486.10964340999107,134.30994132757954,579.2491577009145
2018-01-19,,1.375,1.42,2.63700008392334,11.270000457763672,3.936000108718872,90.56999969482422,68.61000061035156,1828.8299560546875,,,133.15404537545908,105.99776115361679,130.5704601032033,488.18813915175207,136.09211881012877,575.8460832531551
2018-01-20,,1.375,1.42,,,,,,,,,,,,,,
2018-01-21,,1.375,1.42,,,,,,,,,,,,,,
2018-01-22,,1.375,1.42,2.6649999618530273,11.029999732971191,3.932499885559082,90.4000015258789,69.02999877929688,1833.1500244140625,,,133.67137403117312,106.04545547596523,131.73163707895844,491.481745113977,135.40234774047696,581.4845778360368
2018-01-23,,1.375,1.42,2.624000072479248,11.100000381469727,3.924499988555908,90.12000274658203,69.95999908447266,1838.0400390625,,,133.82634939485789,106.1097162331889,131.6399654956714,501.6134664758046,135.97279401283865,601.302275422186
2018-01-24,,1.375,1.42,2.6540000438690186,11.470000267028809,3.9100000858306885,89.20999908447266,70.52999877929688,1837.0400390625,,,134.2397921709786,106.42383069740326,131.91252102944392,508.21666673794084,134.65539383517958,602.6832538053521
2018-01-25,,1.375,1.42,2.621000051498413,11.579999923706055,3.882999897003174,89.38999938964844,70.41999816894531,1845.8599853515625,,3.25,135.6092308201179,106.30786175172533,132.15237610896494,499.5467992833072,134.94518950095895,596.2106343869178
2018-01-26,,1.375,1.42,2.6619999408721924,11.079999923706055,3.871999979019165,89.06999969482422,70.5199966430664,1853.9200439453125,,,136.44164691656465,106.47119575768969,131.62559756336492,497.62114680224556,135.98749967229136,599.3569001436679
2018-01-27,,1.375,1.42,,,,,,,,,,,,,,
2018-01-28,,1.375,1.42,,,,,,,,,,,,,,
2018-01-29,,1.375,1.42,2.6989998817443848,13.84000015258789,3.878999948501587,89.30999755859375,69.45999908447266,1870.52001953125,,,138.9084145332773,106.19727087572758,132.17404536346834,496.683530828163,136.4955439669724,607.7496079795178
2018-01-30,,1.375,1.42,2.7260000705718994,14.789999961853027,3.8984999656677246,89.19000244140625,69.0199966430664,1868.5799560546875,,,139.20562060374002,106.36911871985582,131.3476782443102,481.7520924817372,135.65033552547752,594.7358087715048
2018-01-31,,1.375,1.42,2.7200000286102295,13.539999961853027,3.8984999656677246,89.12999725341797,69.05000305175781,,,,,,,,,
2018-02-01,642.943711013104,1.375,1.34,2.7730000019073486,13.470000267028809,3.8984999656677246,88.66999816894531,69.08000183105469,,,,,,,,,
2018-02-02,,1.375,1.42,2.8540000915527344,17.309999465942383,3.884999990463257,89.19999694824219,68.58000183105469,1870.47998046875,,,139.24783567927437,106.82326428318916,130.86863883100793,470.0901500802506,137.5231431249454,598.3309581287094
2018-02-03,,1.375,1.42,,,,,,,,,,,,,,
2018-02-04,,1.375,1.42,,,,,,,,,,,,,,
2018-02-05,,1.375,1.42,2.7939999103546143,37.31999969482422,3.8975000381469727,89.55000305175781,67.62000274658203,1853.0699462890625,,,137.81363124169962,105.89035906680047,130.55843553639988,457.6348586400428,137.31709456420538,587.3613062191024
2018-02-06,,1.375,1.42,2.7679998874664307,29.979999542236328,3.9124999046325684,89.58999633789062,66.86000061035156,1812.449951171875,,,135.25153752989286,105.19729402985816,131.06547039334546,452.8149266653667,132.87389954113212,561.5357174311966
2018-02-07,,1.375,1.42,2.8440001010894775,27.729999542236328,3.9065001010894775,90.26000213623047,65.51000213623047,1836.6800537109375,,,137.86563267699532,106.26717338045941,131.3491597021978,454.2506368320563,134.220193459151,581.9571137490042
2018-02-08,,1.375,1.42,2.8510000705718994,33.459999084472656,3.9235000610351562,90.2300033569336,64.80999755859375,1839.43994140625,,,138.17059374128706,106.3233955041257,131.82727289039173,461.1198557394188,134.7992042448417,588.8997753487067
2018-02-09,,1.375,1.42,2.8289999961853027,29.059999465942383,3.9542999267578125,90.44000244140625,62.790000915527344,1819.8199462890625,,,135.96242243169715,106.29531755813895,131.17706418207874,451.6781362507934,134.42329285115557,589.5993738651538
2018-02-10,,1.375,1.42,,,,,,,,,,,,,,
2018-02-11,,1.375,1.42,,,,,,,,,,,,,,
2018-02-12,,1.375,1.42,2.8570001125335693,25.610000610351562,3.936500072479248,90.20999908447266,62.59000015258789,1830.1700439453125,,,136.69865857586905,106.7743504407994,132.2680300236928,444.5088173797007,135.20896624371483,584.8667763188175
2018-02-13,,1.375,1.42,2.8399999141693115,24.969999313354492,3.936500072479248,89.69999694824219,62.720001220703125,1833.02001953125,,,137.04597133687454,107.04674936628331,133.03096638125427,449.63453357174785,135.31046369394255,584.378356907391
2018-02-14,,1.375,1.42,2.9130001068115234,19.260000228881836,3.9005000591278076,89.12000274658203,64.36000061035156,1834.9300537109375,,,137.57515581966555,105.88695051053605,132.2664227423323,456.4880193728775,135.1515975399972,593.418646295006
2018-02-15,,1.375,1.42,2.8910000324249268,19.1299991607666,3.8907999992370605,88.58999633789062,64.33000183105469,1838.280029296875,,,137.3978288103066,106.53118721660495,132.23983137623367,456.4880193728775,135.44317544470488,598.460589590401
2018-02-16,,1.375,1.42,2.877000093460083,19.459999084472656,3.8914999961853027,89.0999984741211,64.83999633789062,,,,137.3978288103066,106.53118721660495,,456.4880193728775,135.44317544470488,
2018-02-17,,1.375,1.42,,,,,,,,,,,,,,
2018-02-18,,1.375,1.42,,,,,,,,,,,,,,
2018-02-19,,1.375,1.42,,,3.888000011444092,,,1857.3199462890625,,,138.3954689173694,107.25841748627406,133.8374039828083,491.9665270074596,138.65147091352694,603.1857290678034
2018-02-20,,1.375,1.42,2.8929998874664307,20.600000381469727,3.9019999504089355,89.72000122070312,65.25,1855.989990234375,,,138.8005575684842,107.5584435924934,133.93505369491106,489.11746603606525,136.63128107389275,604.7599851375775
2018-02-21,,1.375,1.42,2.943000078201294,20.020000457763672,3.9005000591278076,90.08000183105469,65.41999816894531,1858.1700439453125,,,139.17376912499344,107.50473015859568,133.41920830226655,488.77803002699335,137.32806872929712,612.609794716048
2018-02-22,,1.375,1.42,2.9170000553131104,18.719999313354492,3.9149999618530273,89.75,66.38999938964844,1855.0699462890625,,,139.558257382195,107.57333517007153,132.1208718520937,495.335028785535,137.45685862798683,610.129658282114
2018-02-23,,1.375,1.42,2.871000051498413,16.489999771118164,3.9159998893737793,89.87999725341797,67.30999755859375,1861.5,,,141.30911004987,107.6665768749083,131.80815813214872,499.3282235564708,136.81441735570533,613.865114490455
2018-02-24,,1.375,1.42,,,,,,,,,,,,,,
2018-02-25,,1.375,1.42,,,,,,,,,,,,,,
2018-02-26,,1.375,1.42,2.8589999675750732,15.800000190734863,3.9000000953674316,89.81999969482422,67.5,1860.0799560546875,,,142.2239469568561,107.53655546496057,132.11957626778644,493.4188689786813,136.71114632970844,616.874178814744
2018-02-27,,1.375,1.42,2.9079999923706055,18.59000015258789,3.921099901199341,90.36000061035156,66.62999725341797,1871.4599609375,,,143.29707454160754,107.76019074095878,132.0588395949414,495.1820890064477,137.90400274218797,621.029634531602
2018-02-28,,1.375,1.42,2.868000030517578,19.850000381469727,3.9149999618530273,90.61000061035156,65.77999877929688,1856.199951171875,,,142.64185683178962,105.16550426669933,131.41897406056097,495.12288328109884,137.0151271555364,610.1137881481006
2018-03-01,624.308918836003,1.375,1.35,2.803999900817871,22.469999313354492,3.9189999103546143,90.31999969482422,65.70999908447266,1860.8599853515625,,,143.07998307617896,106.73658110486235,131.53159297475938,493.32127530403864,136.64042729859588,617.1278282531418
2018-03-02,,1.375,1.42,2.8570001125335693,19.59000015258789,3.927799940109253,89.94000244140625,64.37000274658203,1856.0699462890625,,,143.12987579668282,107.35704459662443,131.3283502105238,486.88781706321623,136.6587577890271,596.0426849496881
2018-03-03,,1.375,1.42,,,,,,,,,,,,,,
2018-03-04,,1.375,1.42,,,,,,,,,,,,,,
2018-03-05,,1.375,1.42,2.88100004196167,18.729999542236328,3.9035000801086426,90.08000183105469,65.54000091552734,1842.6199951171875,,,142.32197449465923,107.4603397423082,130.03516057346377,465.69092449495645,136.6621940405324,568.8012306022181
2018-03-06,,1.375,1.42,2.877000093460083,18.360000610351562,3.8917999267578125,89.62000274658203,65.79000091552734,1848.3699951171875,,,142.8933537721172,107.62025449317659,130.9455922081042,474.44143938850135,136.14770207425914,577.3427554101834
2018-03-07,,1.375,1.42,2.882999897003174,17.760000228881836,3.9019999504089355,89.63999938964844,64.33999633789062,1837.9000244140625,,3.25,142.347595967733,106.93061806835031,129.37487230295253,457.6496008592744,134.53012159899131,554.1094867712224
2018-03-08,,1.375,1.42,2.865999937057495,16.540000915527344,3.9054999351501465,90.12000274658203,63.61000061035156,1839.6199951171875,,,142.24841236498332,107.38744606445188,129.6751352781898,455.8757764616014,134.45738311578106,553.7142877373611
2018-03-09,,1.375,1.42,2.8940000534057617,14.640000343322754,3.9100000858306885,90.08999633789062,65.48999786376953,1843.9200439453125,,,142.29075493974713,107.45245639427033,130.30305092702625,458.54089696147673,134.9228885702018,556.4401575339484
2018-03-10,,1.375,1.42,,,,,,,,,,,,,,
2018-03-11,,1.375,1.42,,,,,,,,,,,,,,
2018-03-12,,1.375,1.42,2.869999885559082,15.779999732971191,3.9019999504089355,89.9000015258789,64.94999694824219,1861.219970703125,,,143.08679911967653,108.24938515180651,130.8793481599888,469.9586351773183,138.02692244247652,566.7120020890856
2018-03-13,,1.375,1.42,2.8480000495910645,16.350000381469727,3.8984999656677246,89.66000366210938,64.63999938964844,1864.030029296875,,,143.67122058845086,108.68617769757256,130.22023684612864,457.35730404966046,138.42487154351628,572.299379321378
2018-03-14,,1.375,1.42,2.816999912261963,17.229999542236328,3.9040000438690186,89.69999694824219,64.88999938964844,1857.06005859375,,,143.60516863969116,108.03948011627043,130.3158337508824,457.4875996656285,138.17913003797963,571.7141536524676
2018-03-15,,1.375,1.42,2.8259999752044678,16.59000015258789,3.9170000553131104,90.13999938964844,65.12000274658203,1845.27001953125,,,143.1061408258549,107.59300730587991,130.7249664206947,458.5152350011227,138.72076210733468,572.0158695027367
2018-03-16,,1.375,1.43,2.8480000495910645,15.800000190734863,3.9065001010894775,90.2300033569336,66.20999908447266,1846.3900146484375,,,142.96342986931356,106.7845827263882,128.80339840561354,465.9151515912803,138.83290262461168,568.2714626611928
2018-03-17,,1.375,1.43,,,,,,,,,,,,,,
2018-03-18,,1.375,1.43,,,,,,,,,,,,,,
2018-03-19,,1.375,1.43,2.8450000286102295,19.020000457763672,3.9140000343322754,89.9000015258789,66.05000305175781,1847.93994140625,,,143.43447099687828,107.20388387607049,127.13021499971514,472.5071893930826,138.47295501379574,565.9459785762556
2018-03-20,,1.375,1.43,2.878999948501587,18.200000762939453,3.9149999618530273,90.37000274658203,67.41999816894531,1856.3900146484375,,,143.95915962187917,108.29752393724294,122.0013782641388,451.0491881529897,138.98072372585983,565.9590811908771
2018-03-21,,1.375,1.44,2.9070000648498535,17.860000610351562,3.9200000762939453,89.77999877929688,69.47000122070312,1865.800048828125,,,144.67362164492187,108.39581447513844,120.93497566236893,444.4903661907015,139.9251008369114,567.6740310556204
2018-03-22,,1.625,1.44,2.8320000171661377,23.34000015258789,3.91129994392395,89.86000061035156,68.91000366210938,1876.8699951171875,,,146.5604034516005,109.13616342496883,124.70483231240448,441.1611172742187,139.17601370900107,568.841990357657
2018-03-23,,1.625,1.68,2.8299999237060547,24.8700008392334,3.9149999618530273,89.44000244140625,70.44999694824219,1865.219970703125,,,145.75760062775146,109.62577680142687,122.36989327587342,429.6466589783351,138.5101392500866,561.5919015455996
2018-03-24,,1.625,1.68,,,,,,,,,,,,,,
2018-03-25,,1.625,1.68,,,,,,,,,,,,,,
2018-03-26,,1.625,1.68,2.8429999351501465,21.030000686645508,3.8898000717163086,89.02999877929688,70.12000274658203,1859.9100341796875,,,145.62081565199273,109.28481929542568,122.17261852051746,432.72626117141175,138.1342368768654,560.32041989277
2018-03-27,,1.625,1.68,2.7860000133514404,22.5,3.874500036239624,89.37000274658203,70.11000061035156,1862.449951171875,,,146.01224013050168,109.5405341371783,123.31608362459843,437.11752373031646,138.92043203604624,562.6203602267356
2018-03-28,,1.625,1.68,2.7750000953674316,22.8700008392334,3.8545000553131104,90.05999755859375,69.52999877929688,1857.8699951171875,,,146.22089957941577,109.08329265460846,123.18202269492338,428.9777729838912,138.9171247433036,559.4413181226995
2018-03-29,,1.625,1.68,2.740999937057495,19.969999313354492,3.865000009536743,90.1500015258789,70.2699966430664,1856.3499755859375,,,146.32711655146048,108.82851458542578,125.80515500912671,427.696354820495,138.19170639024856,543.1139667618153
2018-03-30,,1.625,1.68,,,3.859999895095825,,,1863.4599609375,,,146.90241943043569,109.03630196393874,125.99317877784031,422.1023772692637,139.20084905300402,526.8910133980758
2018-03-31,,1.625,1.67,,,,,,,,,,,,,,
2018-04-01,618.000861676943,1.625,1.67,,,,,,,,,,,,,,
2018-04-02,,1.625,1.67,2.7320001125335693,23.6200008392334,3.859499931335449,90.05000305175781,67.63999938964844,1858.3499755859375,,,146.39691637945046,108.99785464480377,123.92430189753776,419.50944819415605,139.39777164648567,539.1685968346407
2018-04-03,,1.625,1.68,2.7839999198913574,21.100000381469727,3.8717000484466553,90.19999694824219,68.12000274658203,1850.780029296875,,,146.5194282556258,109.063554178229,122.91056102180897,404.81890889366207,139.1735765313635,537.9319247169142
2018-04-04,,1.625,1.69,2.7880001068115234,20.059999465942383,3.8717000484466553,90.13999938964844,68.0199966430664,1815.93994140625,,,143.52645467168372,107.91629858116652,121.16486099072878,369.08524312440863,138.47974444889573,515.1876019435718
2018-04-05,,1.625,1.69,2.8320000171661377,18.940000534057617,3.873199939727783,90.45999908447266,68.33000183105469,1836.1300048828125,,,145.01700838043453,108.18735603146688,122.3540492700798,396.75930447333775,138.47993871348714,525.4189336259783
2018-04-06,,1.625,1.69,2.7750000953674316,21.489999771118164,3.864000082015991,90.11000061035156,67.11000061035156,1837.010009765625,,,145.36179239354126,108.19564540904778,121.55434540676617,389.9964131762002,138.81877973169233,506.2708847169964
2018-04-07,,1.625,1.69,,,,,,,,,,,,,,
2018-04-08,,1.625,1.69,,,,,,,,,,,,,,
2018-04-09,,1.625,1.69,2.7860000133514404,21.770000457763672,3.865999937057495,89.83999633789062,68.6500015258789,1849.7099609375,,,144.99478721056065,108.27828471574821,123.18727367692665,410.82600760814057,142.16594000886943,538.3223167551771
2018-04-10,,1.625,1.69,2.796999931335449,20.469999313354492,3.865999937057495,89.58999633789062,71.04000091552734,1860.97998046875,,,145.26528993341608,110.4938608048272,124.3064802796762,433.5451800915951,141.85029154990085,559.6959384650775
2018-04-11,,1.625,1.69,2.7899999618530273,20.239999771118164,3.861999988555908,89.56999969482422,72.05999755859375,1869.8900146484375,,,146.9202362681249,109.34802908560728,126.472715514428,452.06563467691865,141.92480199838084,571.3350931101052
2018-04-12,,1.625,1.69,2.8340001106262207,18.489999771118164,3.871999979019165,89.75,72.0199966430664,1873.6199951171875,,,146.8065413561463,109.9577941648025,127.82603203380228,441.3543139403037,142.28367055118377,566.0622398216664
2018-04-13,,1.625,1.69,2.8289999961853027,17.40999984741211,3.873800039291382,89.80000305175781,72.58000183105469,1868.469970703125,,,146.75237465037745,109.51893282415308,126.52535792065902,455.81902643709407,141.59160216094546,569.5425506414069
2018-04-14,,1.625,1.69,,,,,,,,,,,,,,
2018-04-15,,1.625,1.69,,,,,,,,,,,,,,
2018-04-16,,1.625,1.69,2.8320000171661377,16.559999465942383,3.875999927520752,89.43000030517578,71.41999816894531,1878.760009765625,,,147.35677170510996,109.87403225814496,127.83760297769318,450.27415930387286,142.9315543688752,574.3387547479136
2018-04-17,,1.625,1.69,2.813999891281128,15.25,3.882999897003174,89.5199966430664,71.58000183105469,1880.489990234375,,,147.7339150094952,109.40409364942776,125.87632556134125,440.62251718112594,145.97798104090373,583.8516281870537
2018-04-18,,1.625,1.69,2.867000102996826,15.600000381469727,3.888000011444092,89.62000274658203,73.4800033569336,1879.3199462890625,,,147.68224757714432,109.729225296463,125.33819221908486,438.2331989194565,145.72775602037726,583.3182597512431
2018-04-19,,1.625,1.69,2.9140000343322754,15.960000038146973,3.882999897003174,89.94000244140625,73.77999877929688,1895.1800537109375,,,148.61348864071442,109.78660656934254,127.38192897616952,435.68019543215684,147.57671834333175,598.9739499460911
2018-04-20,,1.625,1.69,2.9509999752044678,16.8799991607666,3.887500047683716,90.31999969482422,74.05999755859375,1887.75,,,148.64950329473592,109.130106476199,126.27075027055253,420.2288521118138,147.45206530502134,586.2300442758138
2018-04-21,,1.625,1.7,,,,,,,,,,,,,,
2018-04-22,,1.625,1.7,,,,,,,,,,,,,,
2018-04-23,,1.625,1.7,2.9730000495910645,16.34000015258789,3.8919999599456787,90.94000244140625,74.70999908447266,1880.3599853515625,,,147.9847945437774,109.48814428622806,125.41176549039017,401.2717522308507,146.15391651743906,585.656419347291
2018-04-24,,1.625,1.7,2.9830000400543213,18.020000457763672,3.8965001106262207,90.7699966430664,73.86000061035156,1865.3399658203125,,,147.44253539061242,109.26296582287493,127.0481498822545,414.91690705905955,144.74567577084954,551.7515978614091
2018-04-25,,1.625,1.7,3.0239999294281006,17.84000015258789,3.9030001163482666,91.16999816894531,74.0,1851.9300537109375,,,146.38684717358657,108.74285415356073,124.92386026236602,407.70681579001683,144.12366471557155,536.0268047577974
2018-04-26,,1.625,1.7,2.990000009536743,16.239999771118164,3.9094998836517334,91.55999755859375,74.73999786376953,1852.27001953125,,,146.80660406881185,109.3193480258314,126.83659150962585,407.5828079800721,144.32767132856054,546.5266736780903
2018-04-27,,1.625,1.7,2.9570000171661377,15.40999984741211,3.9159998893737793,91.54000091552734,74.63999938964844,1863.469970703125,,,147.26541395555523,109.50071955332852,128.97138592815335,410.6433214421216,144.61744979100212,550.8779531721393
2018-04-28,,1.625,1.7,,,,,,,,,,,,,,
2018-04-29,,1.625,1.7,,,,,,,,,,,,,,
2018-04-30,,1.625,1.7,2.936000108718872,15.930000305175781,3.9165000915527344,91.83999633789062,75.16999816894531,1870.3699951171875,,,147.43412721602806,109.50915555166625,130.98475238891967,404.23950308154417,144.14617671986232,556.119441247931
2018-05-01,606.02164191076,1.625,1.69,2.9760000705718994,15.489999771118164,3.9195001125335693,92.44999694824219,75.16999816894531,,,,,,,,,
2018-05-02,,1.625,1.7,2.9639999866485596,15.970000267028809,3.9189999103546143,92.51000213623047,73.36000061035156,1852.030029296875,,,146.2079301657707,108.89891278172121,131.25559832275871,409.0847940260553,144.4806449727314,554.392349850473
2018-05-03,,1.625,1.7,2.946000099182129,15.899999618530273,3.93149995803833,92.41000366210938,73.62000274658203,1851.800048828125,,,145.9920413089689,108.93671845401856,130.68334305479866,415.23469735738036,143.87172161539362,559.32553261391
2018-05-04,,1.625,1.7,2.944000005722046,14.770000457763672,3.941999912261963,92.56999969482422,74.87000274658203,1841.8299560546875,,,143.7446626092048,108.63357376259188,130.85010859339295,406.1611728626504,143.65395941950527,563.4425195454539
2018-05-05,,1.625,1.7,,,,,,,,,,,,,,
2018-05-06,,1.625,1.7,,,,,,,,,,,,,,
2018-05-07,,1.625,1.7,2.950000047683716,14.75,3.937999963760376,92.75,76.16999816894531,1828.199951171875,,,142.47465077722381,107.85492860136078,130.56047096603942,406.8127504995781,142.39724954883692,561.1887182426746
2018-05-08,,1.625,1.7,2.9690001010894775,14.710000038146973,3.941499948501587,93.12000274658203,74.8499984741211,1846.510009765625,,,145.19390559864178,107.59827160170249,129.8693456908174,417.175317456135,142.77078955569843,564.1141973402703
2018-05-09,,1.625,1.7,3.003999948501587,13.420000076293945,3.9885001182556152,93.04000091552734,77.20999908447266,,,,,,,,,
2018-05-10,,1.625,1.7,2.9709999561309814,13.229999542236328,4.043499946594238,92.6500015258789,77.47000122070312,,,3.25,,,,,,
2018-05-11,,1.625,1.7,2.9709999561309814,12.649999618530273,3.947999954223633,92.54000091552734,77.12000274658203,,,,,,,,,
2018-05-12,,1.625,1.7,,,,,,,,,,,,,,
2018-05-13,,1.625,1.7,,,,,,,,,,,,,,
2018-05-14,,1.625,1.7,2.994999885559082,12.930000305175781,3.946899890899658,92.58999633789062,78.2300033569336,1850.4200439453125,,,145.0558416917722,107.66421540365687,132.16508830351074,440.3828064577625,143.79989775848463,587.9657073823014
2018-05-15,,1.625,1.7,3.0799999237060547,14.630000114440918,3.947999954223633,93.22000122070312,78.43000030517578,1848.199951171875,,,144.9725070535833,108.84376654730028,133.2996629526737,450.6487150082435,143.10377822281498,580.9946712139467
2018-05-16,,1.625,1.7,3.0950000286102295,13.420000076293945,3.9535000324249268,93.38999938964844,79.27999877929688,1858.260009765625,,,146.96363139903735,108.89902510258634,134.5012180454988,449.0681725238155,143.06972581051363,578.1369077795102
2018-05-17,,1.625,1.7,3.1089999675750732,13.430000305175781,3.9649999141693115,93.47000122070312,79.30000305175781,1854.43994140625,,,146.1772194767586,107.56401318660626,136.53785326180449,453.5002070700737,144.4006922543456,579.8712665402336
2018-05-18,,1.625,1.7,3.066999912261963,13.420000076293945,3.9695000648498535,93.63999938964844,78.51000213623047,1854.5,,,146.18574920635606,107.63449930975158,136.88940862042932,458.917928013607,144.47194904375147,572.7673170853421
2018-05-19,,1.625,1.7,,,,,,,,,,,,,,
2018-05-20,,1.625,1.7,,,,,,,,,,,,,,
2018-05-21,,1.625,1.7,3.065000057220459,13.079999923706055,3.9700000286102295,93.68000030517578,79.22000122070312,1853.5799560546875,,,146.26195620394424,108.80915937298283,136.78961364781955,457.6791276625949,144.595999083112,569.788361701575
2018-05-22,,1.625,1.7,3.065000057220459,13.220000267028809,3.9774999618530273,93.61000061035156,79.56999969482422,1845.030029296875,,,147.0213343541514,108.48053904254851,137.60127247044707,466.73724408317867,142.73227276487142,571.6106940468662
2018-05-23,,1.625,1.7,3.003000020980835,12.579999923706055,3.9644999504089355,94.01000213623047,79.80000305175781,1804.25,,,142.75711249260584,107.85782460058462,137.34347872001595,466.53788120352664,140.55211323152753,563.7141363206877
2018-05-24,,1.625,1.7,2.9809999465942383,12.529999732971191,3.9760000705718994,93.77999877929688,78.79000091552734,1775.6600341796875,,,138.18227459727927,107.99935681283372,136.94540258814988,469.4240341178995,140.68235166843718,558.9164811997922
2018-05-25,,1.625,1.7,2.930999994277954,13.220000267028809,3.9769999980926514,94.19000244140625,76.44000244140625,1797.4000244140625,,,139.77407664818867,108.11504068844387,136.9710607453121,473.54285874542035,140.7841778469318,564.9110583048925
2018-05-26,,1.625,1.7,,,,,,,,,,,,,,
2018-05-27,,1.625,1.7,,,,,,,,,,,,,,
2018-05-28,,1.625,1.7,,,3.9784998893737793,,,1775.8399658203125,,,138.09924402817109,107.80363625186786,138.52371124517197,473.31437914274625,139.41054257095846,562.7841338356618
2018-05-29,,1.625,1.7,2.7679998874664307,17.020000457763672,3.9800000190734863,94.83000183105469,75.38999938964844,,,,,,,,,
2018-05-30,,1.625,1.7,2.8420000076293945,14.9399995803833,3.9809999465942383,94.1500015258789,77.5,1719.280029296875,,,138.09924402817109,107.80363625186786,138.52371124517197,473.31437914274625,139.41054257095846,562.7841338356618
2018-05-31,,1.625,1.7,2.822000026702881,15.430000305175781,3.984999895095825,93.98999786376953,77.58999633789062,1740.6199951171875,,,133.2036021949633,107.00295868722831,138.55670066002807,471.18908383934996,136.40098199087524,548.5945935716849
2018-06-01,582.897990498486,1.625,1.7,2.8949999809265137,13.460000038146973,3.9769999980926514,94.19000244140625,77.58999633789062,1756.3800048828125,,,136.92636435120363,105.9144144179164,137.76570187102323,474.14536773958986,138.88292860255945,568.8217063509945
2018-06-02,,1.625,1.7,,,,,,,,,,,,,,
2018-06-03,,1.625,1.7,,,,,,,,,,,,,,
2018-06-04,,1.625,1.7,2.937000036239624,12.739999771118164,3.9760000705718994,94.0199966430664,75.29000091552734,1755.1700439453125,,,136.69164989747546,105.13007218603802,136.6338416207858,486.2679395978494,139.46924978248953,567.969135385899
2018-06-05,,1.625,1.7,2.9189999103546143,12.399999618530273,3.9700000286102295,93.88999938964844,75.37999725341797,1755.1400146484375,,,136.49508336731532,106.92203093976289,137.9768620079471,490.505383965074,140.61928013808253,579.2224663528368
2018-06-06,,1.625,1.7,2.9749999046325684,11.640000343322754,3.9700000286102295,93.66000366210938,75.36000061035156,1777.1300048828125,,,139.04133272367042,106.77406740375623,138.00965456736907,486.5905512237745,141.9200993164424,574.8344531364089
2018-06-07,,1.625,1.7,2.933000087738037,12.130000114440918,3.9700000286102295,93.4000015258789,77.31999969482422,1785.81005859375,,,140.99397143050746,106.4711623230778,137.15393459583683,489.21157512855575,142.0142195271165,573.7305374928728
2018-06-08,,1.625,1.7,2.937000036239624,12.180000305175781,3.9800000190734863,93.55000305175781,76.45999908447266,1778.3199462890625,,,140.1333946973064,105.317441799671,137.77443761234477,486.4787335356242,141.30766311984658,575.1088327915268
2018-06-09,,1.625,1.7,,,,,,,,,,,,,,
2018-06-10,,1.625,1.7,,,,,,,,,,,,,,
2018-06-11,,1.625,1.7,2.9570000171661377,12.350000381469727,3.9860000610351562,93.58000183105469,76.45999908447266,1775.800048828125,,,138.6360307642388,106.59940997499304,138.77617774726266,483.55816643331445,141.27254649178496,600.3191786570088
2018-06-12,,1.625,1.7,2.9570000171661377,12.34000015258789,3.9816999435424805,93.80000305175781,75.87999725341797,1764.1600341796875,,,137.20719701319078,106.21158103668344,138.82196960772802,492.6401982333153,140.91776182244885,581.6222477827865
2018-06-13,,1.625,1.7,2.9769999980926514,12.9399995803833,3.986999988555908,93.70999908447266,76.73999786376953,1763.5699462890625,,,136.4200699419454,106.65489232941371,137.18408746820316,492.34664514143975,141.2424892957605,583.9730356535948
2018-06-14,,1.875,1.7,2.946000099182129,12.119999885559082,3.983599901199341,94.7699966430664,75.94000244140625,1761.780029296875,,,135.52180647098552,107.7533248676254,137.01758734865,492.1189313144939,141.44384569040972,580.3071350655415
2018-06-15,,1.875,1.9,2.9240000247955322,11.979999542236328,3.9830000400543213,94.79000091552734,73.44000244140625,,,,,,,,,
2018-06-16,,1.875,1.9,,,,,,,,,,,,,,
2018-06-17,,1.875,1.9,,,,,,,,,,,,,,
2018-06-18,,1.875,1.9,2.9260001182556152,12.3100004196167,3.9944000244140625,94.75,75.33999633789062,1743.4300537109375,,,134.68169811966163,105.94828291700762,136.63920832676442,488.4176821595127,139.79544744683542,580.480689788826
2018-06-19,,1.875,1.9,2.8929998874664307,13.350000381469727,3.994800090789795,95.08999633789062,75.08000183105469,1715.3599853515625,,,131.91091349890533,106.1379688047827,136.03991501838408,484.10064660637477,138.8357603350207,563.7311247903014
2018-06-20,,1.875,1.91,2.927999973297119,12.789999961853027,3.9997000694274902,95.05999755859375,74.73999786376953,1709.75,,,130.7046777843937,104.34817576064594,135.76839371495677,479.3513643438323,139.21647918266288,568.8320911270838
2018-06-21,,1.875,1.92,2.8970000743865967,14.640000343322754,4.002500057220459,94.87000274658203,73.05000305175781,1692.3199462890625,,,129.7717218477906,104.36902725835463,136.07010482088302,473.6105365610741,137.9443537234919,568.8320911270838
2018-06-22,,1.875,1.92,2.9000000953674316,13.770000457763672,4.012499809265137,94.5199966430664,75.55000305175781,1694.1500244140625,,,130.2913903227517,103.55807400471014,135.79686277766172,479.8101083589768,138.5694312360048,576.5609978363575
2018-06-23,,1.875,1.92,,,,,,,,,,,,,,
2018-06-24,,1.875,1.92,,,,,,,,,,,,,,
2018-06-25,,1.875,1.92,2.875,17.329999923706055,3.994999885559082,94.27999877929688,74.7300033569336,1678.0999755859375,,,126.32776845368625,104.43698434915729,135.7368990411709,477.23584023809605,138.4322924159853,566.6616711752118
2018-06-26,,1.875,1.92,2.880000114440918,15.920000076293945,4.0131001472473145,94.68000030517578,76.30999755859375,1675.8599853515625,,,126.2123975330363,104.1336695720598,133.8757641427413,473.4585100997972,138.7368455929775,572.9220862958637
2018-06-27,,1.875,1.92,2.8269999027252197,17.90999984741211,4.019999980926514,95.29000091552734,77.62000274658203,1666.0799560546875,,,125.16202183659817,103.52804586063368,134.90987919746763,470.0222312670342,139.37340523054527,571.72319560647
2018-06-28,,1.875,1.91,2.8469998836517334,16.850000381469727,4.027500152587891,95.38999938964844,77.8499984741211,1665.6800537109375,,,126.52306911099735,104.0076630475713,134.1895498804401,466.38429782743964,139.99099327969074,574.020542813388
2018-06-29,,1.875,1.91,2.8489999771118164,16.09000015258789,4.040500164031982,94.62999725341797,79.44000244140625,1691.5,,,127.56311154133175,104.27253210037637,142.83322989941558,467.6744151971991,139.46058511574282,600.6630819492458
2018-06-30,,1.875,1.91,,,,,,,,,,,,,,
2018-07-01,538.208165734094,1.875,1.91,,,,,,,,,,,,,,
2018-07-02,,1.875,1.91,2.865999937057495,15.600000381469727,4.029099941253662,94.87000274658203,77.30000305175781,1685.050048828125,,,126.37035751545231,104.63631064871268,136.38073774446775,463.25628718932927,138.8954166682902,589.3929288103739
2018-07-03,,1.875,1.91,2.8380000591278076,16.139999389648438,4.038000106811523,94.58999633789062,77.76000213623047,1680.3699951171875,,,126.42318086633864,103.94839942535181,136.6164892156272,468.9836474377764,139.76389719101581,587.9022512533177
2018-07-04,,1.875,1.91,,,4.0395002365112305,,,1688.449951171875,,,126.85476099308308,103.90656858499906,136.3885439173965,477.8659408029456,139.76389719101581,588.1321969508198
2018-07-05,,1.875,1.91,2.8399999141693115,14.970000267028809,4.054999828338623,94.47000122070312,77.38999938964844,1690.6500244140625,,,127.4851268848817,103.98422893922623,136.74746539013617,479.04525105994213,140.27538789070263,593.8706456283583
2018-07-06,,1.875,1.91,2.8310000896453857,13.369999885559082,4.041299819946289,94.04000091552734,77.11000061035156,1663.8599853515625,,,124.80703183083124,102.70325789705488,137.3138208407403,474.6351158415,138.6151314203934,580.5177840427906
2018-07-07,,1.875,1.91,,,,,,,,,,,,,,
2018-07-08,,1.875,1.91,,,,,,,,,,,,,,
2018-07-09,,1.875,1.91,2.859999895095825,12.6899995803833,4.034999847412109,94.08000183105469,78.06999969482422,1672.6300048828125,,,125.2757960364001,103.41939904024066,136.66455442189735,478.81092870922606,139.93193235174888,506.4128337779372
2018-07-10,,1.875,1.91,2.872999906539917,12.640000343322754,4.025000095367432,94.11000061035156,78.86000061035156,1687.1300048828125,,,125.94568224997526,104.52601608099232,136.66455442189735,486.170881633511,141.43700924130923,532.806525737243
2018-07-11,,1.875,1.91,2.8420000076293945,13.630000114440918,4.025000095367432,94.72000122070312,73.4000015258789,1688.77001953125,,3.25,126.66535992758863,104.27182857972663,136.115697700813,481.45023397112067,141.43932604199426,528.6388482596437
2018-07-12,,1.875,1.91,2.8529999256134033,12.579999923706055,4.035999774932861,94.80999755859375,74.44999694824219,1703.5699462890625,,,130.66069540769226,104.06197614066295,137.79667911767746,484.61231256166315,142.1359533882307,526.2891319871562
2018-07-13,,1.875,1.91,2.8310000896453857,12.180000305175781,4.03849983215332,94.75,75.33000183105469,1721.9300537109375,,,131.4027915625698,104.42754044142899,137.77510299952698,487.0054684490874,144.68072519532836,539.0541608555778
2018-07-14,,1.875,1.91,,,,,,,,,,,,,,
2018-07-15,,1.875,1.91,,,,,,,,,,,,,,
2018-07-16,,1.875,1.91,2.8580000400543213,12.829999923706055,4.048999786376953,94.51000213623047,71.83999633789062,1726.6700439453125,,,131.25776612465782,104.31826272517262,139.51045193234063,499.00700501399564,146.6913290178064,547.0881130736092
2018-07-17,,1.875,1.91,2.864000082015991,12.0600004196167,4.029399871826172,94.97000122070312,72.16000366210938,1737.280029296875,,,132.4831700863168,102.95728252299166,139.57149830211983,495.6880260094569,146.5411609606687,548.4256802428849
2018-07-18,,1.875,1.91,2.875,12.100000381469727,4.042300224304199,95.08000183105469,72.9000015258789,1753.0699462890625,,,134.16442407297617,103.82557412631195,140.02334423224545,500.8750741723015,146.84904949085967,557.6635861358632
2018-07-19,,1.875,1.91,2.8469998836517334,12.869999885559082,4.059000015258789,95.16999816894531,72.58000183105469,1759.239990234375,,,135.59654819927545,103.64136763746848,138.0118672588055,501.17921120529,146.46642805865153,560.5960882271154
2018-07-20,,1.875,1.91,2.8949999809265137,12.859999656677246,4.059999942779541,94.45999908447266,73.06999969482422,1754.6700439453125,,,135.1943923054587,103.72834356705745,139.33173022641728,498.2740484610762,146.05033158219192,563.7539493265358
2018-07-21,,1.875,1.91,,,,,,,,,,,,,,
2018-07-22,,1.875,1.91,,,,,,,,,,,,,,
2018-07-23,,1.875,1.91,2.9649999141693115,12.619999885559082,4.059000015258789,94.66999816894531,73.05999755859375,1757.9599609375,,,135.71192617998173,103.87250034569095,140.23358388668962,515.4654807351197,146.65854456881559,566.4906917920177
2018-07-24,,1.875,1.91,2.9489998817443848,12.40999984741211,4.063000202178955,94.61000061035156,73.44000244140625,1762.9300537109375,,,135.56523755896583,105.14595370106716,139.78278384930815,541.9319405275597,147.4342578202885,570.3530701647458
2018-07-25,,1.875,1.91,2.936000108718872,12.289999961853027,4.05649995803833,94.36000061035156,73.93000030517578,1763.780029296875,,,136.0192659475122,104.61989513849848,139.08921739090957,540.4206108763372,148.44572789698802,568.5259170666516
2018-07-26,,1.875,1.91,2.9749999046325684,12.140000343322754,4.041999816894531,94.75,74.54000091552734,1766.22998046875,,,136.39603245514692,104.74351663434136,138.83218603130825,538.4367322667601,148.93267260053605,567.8005007934295
2018-07-27,,1.875,1.91,2.9600000381469727,13.029999732971191,4.062900066375732,94.68000030517578,74.29000091552734,1769.1400146484375,,,136.4193451900631,104.63895098270186,138.95348689466508,552.8303937015821,150.3139607105362,564.0871803287712
2018-07-28,,1.875,1.91,,,,,,,,,,,,,,
2018-07-29,,1.875,1.91,,,,,,,,,,,,,,
2018-07-30,,1.875,1.91,2.9749999046325684,14.260000228881836,4.058800220489502,94.36000061035156,74.97000122070312,1770.260009765625,,,135.85743425731386,104.64771533011668,139.2530435332402,542.8844788128978,150.94824477150487,570.3547675812408
2018-07-31,,1.875,1.91,2.9639999866485596,12.829999923706055,4.055500030517578,94.48999786376953,74.25,1784.25,,,135.7489517092261,105.48927744423888,140.9010188691606,548.3298859477791,150.3657861501485,583.2115563668087
2018-08-01,534.352874709735,1.875,1.91,3.003000020980835,13.149999618530273,4.042099952697754,94.62000274658203,74.25,1788.31005859375,,,136.27422317363929,105.3208164212324,139.22041874162645,552.8999739796812,152.045130362596,582.5314951638038
2018-08-02,,1.875,1.91,2.9860000610351562,12.1899995803833,4.064000129699707,95.16999816894531,73.44999694824219,1778.1300048828125,,,136.19056195009415,104.31962277733275,139.2200733104997,552.7471716090276,151.0288085217292,581.3461977433947
2018-08-03,,1.875,1.91,2.953000068664551,11.640000343322754,4.06790018081665,95.13999938964844,73.20999908447266,1780.0899658203125,,,135.64127520449597,105.15613652123325,139.28428648916494,550.3554854829282,151.50323342405915,574.3156319437987
2018-08-04,,1.875,1.91,,,,,,,,,,,,,,
2018-08-05,,1.875,1.91,,,,,,,,,,,,,,
2018-08-06,,1.875,1.91,2.937999963760376,11.270000457763672,4.079999923706055,95.36000061035156,73.75,1779.75,,,136.09050128722694,105.41515997704522,138.74441418755904,569.6667895932685,150.1738688925668,578.2992589663367
2018-08-07,,1.875,1.91,2.9730000495910645,10.930000305175781,4.076499938964844,95.22000122070312,74.6500015258789,1791.0899658203125,,,136.52924103273588,106.49219994397538,139.62866088908373,580.2289239803871,151.41767850962472,588.9220268596995
2018-08-08,,1.875,1.91,2.9709999561309814,10.850000381469727,4.073500156402588,95.0999984741211,72.27999877929688,1804.72998046875,,,137.2778063011008,106.30384453541568,139.84114223065174,603.9433308657698,151.96851348556993,600.1917025074923
2018-08-09,,1.875,1.91,2.934999942779541,11.270000457763672,4.072500228881836,95.5,72.06999969482422,1804.949951171875,,,137.50562766103502,106.34551167222479,140.3233317414488,628.3227930733423,152.28466641477004,603.0932575154744
2018-08-10,,1.875,1.91,2.8570001125335693,13.15999984741211,4.072500228881836,96.36000061035156,72.80999755859375,1805.75,,,137.4593307627768,106.3825230794487,140.47822550453375,628.6716887274744,152.3176704262348,607.2037914541411
2018-08-11,,1.875,1.91,,,,,,,,,,,,,,
2018-08-12,,1.875,1.91,,,,,,,,,,,,,,
2018-08-13,,1.875,1.91,2.877000093460083,14.779999732971191,4.085000038146973,96.38999938964844,72.61000061035156,1783.3399658203125,,,137.06637029809343,104.6858552446099,139.91214880509241,636.3625459011638,150.711696445243,603.1270037716836
2018-08-14,,1.875,1.91,2.8949999809265137,13.3100004196167,4.096499919891357,96.7300033569336,72.45999908447266,1783.780029296875,,,136.4236275466768,105.13173873703533,140.33133071121594,648.4895708595192,149.7071319597783,597.687985102892
2018-08-15,,1.875,1.91,2.8519999980926514,14.640000343322754,4.0960001945495605,96.69999694824219,70.76000213623047,1785.93994140625,,,136.75951933789386,104.88798161040704,139.91675627836895,652.2537239140511,151.7174268535164,594.4340109679807
2018-08-16,,1.875,1.91,2.871000051498413,13.449999809265137,4.10099983215332,96.6500015258789,71.43000030517578,1777.27001953125,,,136.75951933789386,103.98582192179006,139.88188045862475,638.9650870849223,150.44287512014682,584.7234392030109
2018-08-17,,1.875,1.92,2.872999906539917,12.640000343322754,4.103000164031982,96.0999984741211,71.83000183105469,1783.469970703125,,,136.8277327268732,104.97029061620024,140.62257843759772,628.9087793226246,150.13833973949824,586.0404613669216
2018-08-18,,1.875,1.92,,,,,,,,,,,,,,
2018-08-19,,1.875,1.92,,,,,,,,,,,,,,
2018-08-20,,1.875,1.92,2.822999954223633,12.489999771118164,4.099999904632568,95.9000015258789,72.20999908447266,1787.5799560546875,,,136.79692829617082,103.95841876440252,141.83499563803872,651.1038072783521,151.50690799596427,592.1551834350444
2018-08-21,,1.875,1.92,2.8440001010894775,12.859999656677246,4.09630012512207,95.26000213623047,72.62999725341797,1798.1099853515625,,,137.3492229286939,104.54020160812283,141.56483102664276,649.4375106569588,153.03381426859156,594.9910542961416
2018-08-22,,1.875,1.92,2.822999954223633,12.25,4.09499979019165,95.1500015258789,74.77999877929688,,,,,,,,,
2018-08-23,,1.875,1.92,2.821000099182129,12.40999984741211,4.0920000076293945,95.62000274658203,74.7300033569336,,,,138.8785062965581,105.75683662281835,140.726453563199,655.3875078206772,152.64006361800628,604.2546330386708
2018-08-24,,1.875,1.92,2.8259999752044678,11.989999771118164,4.1020002365112305,95.1500015258789,75.81999969482422,1808.5899658203125,,,138.42235474171306,105.71763109021744,140.47067238549837,664.3548495366229,151.70916510835298,602.3079880087872
2018-08-25,,1.875,1.92,,,,,,,,,,,,,,
2018-08-26,,1.875,1.92,,,,,,,,,,,,,,
2018-08-27,,1.875,1.92,2.8480000495910645,12.15999984741211,4.089000225067139,94.77999877929688,76.20999908447266,1811.5999755859375,,,138.98068714609622,104.69697966758133,140.89810926979237,660.2733367914414,153.79944811585744,614.1851676828685
2018-08-28,,1.875,1.92,2.884000062942505,12.5,4.09499979019165,94.72000122070312,75.94999694824219,1826.9000244140625,,,140.2770958396761,105.37630019623991,141.267149212168,675.4587577079271,154.95473743434331,621.452768949798
2018-08-29,,1.875,1.92,2.884000062942505,12.25,4.103000164031982,94.5999984741211,77.13999938964844,1820.6400146484375,,,140.42882100812167,105.20654178811239,140.85485073093955,662.4121047126386,155.71975352663497,618.6189232159202
2018-08-30,,1.875,1.92,2.859999895095825,13.529999732971191,4.124100208282471,94.72000122070312,77.7699966430664,1819.6600341796875,,,140.3911396726419,105.37424474707015,141.4153108334813,662.7670989598109,154.92350296488632,625.476035898135
2018-08-31,,1.875,1.92,2.8529999256134033,12.859999656677246,4.113399982452393,95.13999938964844,77.41999816894531,,,,,,,,,
2018-09-01,524.853111692692,1.875,1.91,,,,,,,,,,,,,,
2018-09-02,,1.875,1.91,,,,,,,,,,,,,,
2018-09-03,,1.875,1.91,,,4.114500045776367,,,1813.5799560546875,,,140.74988957243352,104.84837895993144,140.41012031640136,657.6689132804399,154.92027647519225,624.9146442892662
2018-09-04,,1.875,1.91,2.9019999504089355,13.15999984741211,4.126500129699707,95.41999816894531,78.16999816894531,1812.760009765625,,,140.7214735618404,105.19550509527986,140.92855725928192,666.752334915324,154.7908126599864,619.5949088747634
2018-09-05,,1.875,1.92,2.9019999504089355,13.90999984741211,4.135499954223633,95.12999725341797,77.2699966430664,1795.5,,3.25,138.61582925445703,104.8289195418329,141.5107001170736,672.5796977959669,154.24101846988006,614.015779979999
2018-09-06,,1.875,1.92,2.878999948501587,14.649999618530273,4.1504998207092285,95.0199966430664,76.5,1798.5699462890625,,,139.05620152266692,105.35961766777373,141.730316923786,685.344252393856,153.5938465321784,612.8993005456687
2018-09-07,,1.875,1.92,2.941999912261963,14.880000114440918,4.13730001449585,95.37000274658203,76.83000183105469,1799.1700439453125,,,139.14022587133886,104.97770143165215,141.94261156099125,684.9541542433999,153.3840919649107,612.0663554204175
2018-09-08,,1.875,1.92,,,,,,,,,,,,,,
2018-09-09,,1.875,1.92,,,,,,,,,,,,,,
2018-09-10,,1.875,1.92,2.937000036239624,14.15999984741211,4.142499923706055,95.1500015258789,77.37000274658203,,,,,,,,,
2018-09-11,,1.875,1.92,2.9769999980926514,13.220000267028809,4.1468000411987305,95.05999755859375,79.05999755859375,,,,,,,,,
2018-09-12,,1.875,1.92,2.9630000591278076,13.140000343322754,4.142300128936768,94.80000305175781,79.73999786376953,1785.25,,,138.41307292585313,104.31662220290437,141.33603631893558,675.8394922626817,153.8138716805829,584.2954792258571
2018-09-13,,1.875,1.92,2.9630000591278076,12.369999885559082,4.141499996185303,94.54000091552734,78.18000030517578,1792.5999755859375,,,140.2754929501032,104.63451056342097,141.0374278801472,653.0826132603521,153.65024560232504,588.8208972870272
2018-09-14,,1.875,1.92,2.99399995803833,12.069999694824219,4.14300012588501,94.9800033569336,78.08999633789062,1803.760009765625,,,141.48257945841118,105.88323666582599,140.76409878630463,669.7212036084113,153.77441428898675,594.4826827369511
2018-09-15,,1.875,1.92,,,,,,,,,,,,,,
2018-09-16,,1.875,1.92,,,,,,,,,,,,,,
2018-09-17,,1.875,1.92,3.000999927520752,13.680000305175781,4.136000156402588,94.51000213623047,78.05000305175781,,,,,,,,,
2018-09-18,,1.875,1.92,3.0480000972747803,12.789999961853027,4.136000156402588,94.62000274658203,79.02999877929688,1792.93994140625,,,139.2064558520887,105.60576422059911,140.76409878630463,665.24808874059,154.21464941384156,591.9900946434607
2018-09-19,,1.875,1.92,3.0829999446868896,11.75,4.139999866485596,94.55000305175781,79.4000015258789,1800.7099609375,,,140.16685227898486,106.33778172798208,140.9469125531737,664.5104865048748,154.25360919810055,605.7631640036723
2018-09-20,,1.875,1.92,3.078000068664551,11.800000190734863,4.133200168609619,93.91000366210938,78.69999694824219,1803.699951171875,,,140.43664759778224,106.71192673574133,141.31158118980994,662.687327766988,154.27898129951583,608.1988015110145
2018-09-21,,1.875,1.92,3.068000078201294,11.680000305175781,4.136099815368652,94.22000122070312,78.80000305175781,1810.6400146484375,,,140.96893082727044,106.26920420537473,140.612847291152,657.7151648815998,154.74591953616687,616.3380199000308
2018-09-22,,1.875,1.92,,,,,,,,,,,,,,
2018-09-23,,1.875,1.92,,,,,,,,,,,,,,
2018-09-24,,1.875,1.92,3.078000068664551,12.199999809265137,4.127500057220459,94.26000213623047,81.19999694824219,1800.1700439453125,,,140.5467777998123,105.95577373467702,140.21889743363937,662.73165228849,154.66777939923347,600.6285964256325
2018-09-25,,1.875,1.93,3.1019999980926514,12.420000076293945,4.127500057220459,94.12999725341797,81.87000274658203,1794.469970703125,,,140.36154182855685,106.06192777070196,139.9134303480892,678.2301659630408,154.72673980238528,598.0874839599686
2018-09-26,,1.875,1.93,3.061000108718872,12.890000343322754,4.134500026702881,94.19000244140625,81.33999633789062,1798.719970703125,,,140.57797994800748,106.37563673058608,140.22271155484384,680.1396746104783,154.2656262648112,597.5233036471689
2018-09-27,,2.125,1.93,3.055999994277954,12.40999984741211,4.138000011444092,95.0,81.72000122070312,1798.6400146484375,,,140.5483147409697,106.6267560310634,139.55302771996824,681.7615889668988,154.44718060581283,602.3425791952145
2018-09-28,,2.125,2.18,3.055999994277954,12.119999885559082,4.138999938964844,95.19000244140625,82.72000122070312,1793.1500244140625,,,141.6206363466723,106.14776320842732,138.7948175842554,690.045367103782,153.44665581902964,604.7792978619216
2018-09-29,,2.125,2.18,,,,,,,,,,,,,,
2018-09-30,,2.125,2.18,,,,,,,,,,,,,,
2018-10-01,506.85604169469,2.125,2.18,3.0799999237060547,12.0,4.132999897003174,95.30000305175781,84.9800033569336,1792.4599609375,,,141.2348879691238,105.95978329947411,138.6424700306605,710.1907325587151,154.20908164863417,602.803045740385
2018-10-02,,2.125,2.18,3.055999994277954,12.050000190734863,4.137499809265137,95.51000213623047,84.80000305175781,1798.1500244140625,,,141.65299656885827,106.22940500106014,138.19195835820807,704.0635071196388,154.63042695274203,605.3095018164883
2018-10-03,,2.125,2.18,3.1610000133514404,11.609999656677246,4.138999938964844,95.76000213623047,86.29000091552734,1796.300048828125,,,141.54799412184204,105.89064459305564,138.8010270988979,712.3381088037313,154.7154364067739,612.173881125974
2018-10-04,,2.125,2.18,3.197000026702881,14.220000267028809,4.138299942016602,95.75,84.58000183105469,1790.1099853515625,,,141.57738442949216,105.82354231301511,138.1922626070628,705.7567279186541,153.9618829434217,626.8045122477616
2018-10-05,,2.125,2.18,3.2249999046325684,14.819999694824219,4.144999980926514,95.62000274658203,84.16000366210938,1777.1500244140625,,,141.18927898818208,105.48385590311919,137.96063644537105,700.8689142807604,152.6640009311408,614.386784536549
2018-10-06,,2.125,2.18,,,,,,,,,,,,,,
2018-10-07,,2.125,2.18,,,,,,,,,,,,,,
2018-10-08,,2.125,2.18,3.2330000400543213,15.6899995803833,4.14300012588501,95.7699966430664,83.91000366210938,1775.75,,,141.14054564250696,106.11035622194231,138.23600777912338,699.5191398212321,152.45653625503317,604.7320903482847
2018-10-09,,2.125,2.18,3.2079999446868896,15.949999809265137,4.15939998626709,95.68000030517578,85.0,1774.1500244140625,,,141.102871276203,105.97711643506462,138.23764747553398,690.1172872643567,151.5284109908768,602.8922157255599
2018-10-10,,2.125,2.18,3.2249999046325684,22.959999084472656,4.1529998779296875,95.51000213623047,83.08999633789062,1735.1800537109375,,,138.90080172804068,105.57144946140646,138.81545158050773,677.77347438764,150.0780397978865,603.5072669771221
2018-10-11,,2.125,2.18,3.132999897003174,24.979999542236328,4.1504998207092285,95.0199966430664,80.26000213623047,1708.489990234375,,,136.2056758764535,105.1267398476688,138.2388587936886,660.5189243299957,147.61875136235895,604.3384168969842
2018-10-12,,2.125,2.18,3.1410000324249268,21.309999465942383,4.155799865722656,95.22000122070312,80.43000030517578,1730.739990234375,,,140.1455209284851,105.1323829695637,137.72277692633003,667.557283827168,151.4403105519982,605.3463655268695
2018-10-13,,2.125,2.18,,,,,,,,,,,,,,
2018-10-14,,2.125,2.18,,,,,,,,,,,,,,
2018-10-15,,2.125,2.18,3.1630001068115234,21.299999237060547,4.1519999504089355,95.06999969482422,80.77999877929688,1728.739990234375,,,139.98849540090325,104.85270405786893,138.2725871992524,672.4089582811808,151.86493647366507,615.183444218849
2018-10-16,,2.125,2.18,3.1559998989105225,17.6200008392334,4.153500080108643,95.05000305175781,81.41000366210938,1736.8399658203125,,,140.62927613410662,105.35521481998924,137.57535736317251,675.8135730301032,152.31390746307588,626.2458699953903
2018-10-17,,2.125,2.18,3.178999900817871,17.399999618530273,4.151000022888184,95.58000183105469,80.05000305175781,1740.5899658203125,,,140.82561140339445,106.00182267864551,137.84669780840758,697.2103229513367,152.82851280928702,626.8217198133639
2018-10-18,,2.125,2.19,3.174999952316284,20.059999465942383,4.155799865722656,95.9000015258789,79.29000091552734,1738.010009765625,,,140.94972726252402,105.35453005458383,137.7659643741337,705.7303519861898,152.7910645788735,633.2068494621473
2018-10-19,,2.125,2.19,3.197999954223633,19.889999389648438,4.163700103759766,95.70999908447266,79.77999877929688,1732.1400146484375,,,140.83423714878086,106.02610983429759,137.73723513559068,700.0511773029876,152.18879337160698,634.1185186679886
2018-10-20,,2.125,2.19,,,,,,,,,,,,,,
2018-10-21,,2.125,2.19,,,,,,,,,,,,,,
2018-10-22,,2.125,2.19,3.196000099182129,19.639999389648438,4.156499862670898,96.01000213623047,79.83000183105469,1722.469970703125,,,140.48477040805813,105.84747607662538,138.83401133545257,694.3093867788454,152.24046922663643,624.9144846685215
2018-10-23,,2.125,2.19,3.1659998893737793,20.709999084472656,4.1570000648498535,95.95999908447266,76.44000244140625,1697.5999755859375,,,137.55811810734596,105.43352472885834,138.68357234301067,687.7058289727215,150.68860316190046,624.9144846685215
2018-10-24,,2.125,2.2,3.124000072479248,25.229999542236328,4.160799980163574,96.43000030517578,76.16999816894531,1690.0400390625,,,137.02500041783975,105.77146684948315,138.74695126336988,652.4673178943887,150.5558166343462,613.5143535560155
2018-10-25,,2.125,2.2,3.135999917984009,24.219999313354492,4.165999889373779,96.68000030517578,76.88999938964844,1686.5899658203125,,,136.53839209335038,105.07855659867093,139.2093544889234,618.0984771945759,150.57074970119658,605.5947978541718
2018-10-26,,2.125,2.2,3.0769999027252197,24.15999984741211,4.166800022125244,96.36000061035156,77.62000274658203,1683.06005859375,,,136.045560680265,104.90676343489997,138.4178564628697,610.3881034486014,150.51203271128074,613.5411698050082
2018-10-27,,2.125,2.2,,,,,,,,,,,,,,
2018-10-28,,2.125,2.2,,,,,,,,,,,,,,
2018-10-29,,2.125,2.2,3.0869998931884766,24.700000762939453,4.172999858856201,96.58000183105469,77.33999633789062,1683.72998046875,,,135.15522767589786,104.38330169859364,138.42113809818264,579.1912229578887,150.56458109453123,606.6935220806993
2018-10-30,,2.125,2.2,3.109999895095825,23.350000381469727,4.177000045776367,97.01000213623047,75.91000366210938,1685.93994140625,,,135.26118837102692,104.6420662787933,139.33374344058217,584.0272074133015,150.44710360119373,605.7337672297115
2018-10-31,,2.125,2.2,3.1589999198913574,21.229999542236328,4.179999828338623,97.12999725341797,75.47000122070312,1709.27001953125,,,137.22674536175944,105.56786195691281,138.87751162215187,619.5023653210316,151.3406465476734,637.8592642018056
2018-11-01,444.079833274839,2.125,2.2,3.1440000534057617,19.34000015258789,4.182000160217285,96.27999877929688,75.5,1706.9200439453125,,,136.63301036288695,105.54526396807127,138.3264086975966,621.9841916711506,151.41098713807824,623.7527887958981
2018-11-02,,2.125,2.2,3.2139999866485596,19.510000228881836,4.176499843597412,96.54000091552734,72.83000183105469,1713.8699951171875,,,136.5102341462537,105.97013692029955,137.7758028502533,626.1190588219309,152.48300334280745,630.990404707537
2018-11-03,,2.125,2.19,,,,,,,,,,,,,,
2018-11-04,,2.125,2.19,,,,,,,,,,,,,,
2018-11-05,,2.125,2.19,3.2009999752044678,19.959999084472656,4.159999847412109,96.3499984741211,73.16999816894531,1708.800048828125,,,136.339492806597,106.22209957393733,139.48996588722193,635.970522522881,156.56674725762213,636.8449344311672
2018-11-06,,2.125,2.2,3.2139999866485596,19.90999984741211,4.172999858856201,96.31999969482422,72.12999725341797,,,,,,,,,
2018-11-07,,2.125,2.2,3.2130000591278076,16.360000610351562,4.16349983215332,96.0,72.06999969482422,1714.8800048828125,,,135.89197428068823,105.81212270978597,139.01367933042263,630.9606811341752,157.76626751628882,637.4895644035926
2018-11-08,,2.125,2.2,3.2339999675750732,16.719999313354492,4.149099826812744,96.63999938964844,70.6500015258789,1721.4200439453125,,3.25,136.35109220513831,105.84047286829077,139.0547486018571,639.8791460214152,158.25917225304426,640.0653787886893
2018-11-09,,2.125,2.2,3.188999891281128,17.360000610351562,4.1620001792907715,96.91000366210938,70.18000030517578,1708.0899658203125,,,135.24625900107833,105.9208007978397,138.55034091554893,628.434877948932,155.94619071138115,630.6240883710169
2018-11-10,,2.125,2.19,,,,,,,,,,,,,,
2018-11-11,,2.125,2.19,,,,,,,,,,,,,,
2018-11-12,,2.125,2.19,3.186000108718872,20.450000762939453,4.175899982452393,97.54000091552734,70.12000274658203,1696.1400146484375,,,134.28739463071807,104.77352944783844,137.10198186477663,630.0800149372237,155.26020653876535,624.2395356517853
2018-11-13,,2.125,2.19,3.1449999809265137,20.020000457763672,4.18149995803833,97.30000305175781,65.47000122070312,1687.5699462890625,,,134.0849415401731,103.98336321030766,136.57283980769145,613.6085649177373,154.84894463714912,624.5797072718348
2018-11-14,,2.125,2.2,3.119999885559082,21.25,4.191500186920166,96.80000305175781,66.12000274658203,1688.4100341796875,,,134.35362130766603,104.58355985191594,138.26253533755545,604.1382146335196,154.25921805071502,628.9096494700052
2018-11-15,,2.125,2.2,3.118000030517578,19.979999542236328,4.193999767303467,96.93000030517578,66.62000274658203,1694.2099609375,,,135.4837903305634,104.32723081011248,139.8461558785887,620.0794448756737,154.36945015835647,626.3425730990019
2018-11-16,,2.125,2.2,3.0739998817443848,18.139999389648438,4.189499855041504,96.47000122070312,66.76000213623047,1706.3800048828125,,,136.52675636864845,104.64701379272623,139.6638281639867,617.8048988263589,154.8366006817619,636.6120526837299
2018-11-17,,2.125,2.2,,,,,,,,,,,,,,
2018-11-18,,2.125,2.2,,,,,,,,,,,,,,
2018-11-19,,2.125,2.2,3.056999921798706,20.100000381469727,4.190000057220459,96.19000244140625,66.79000091552734,1710.7099609375,,,138.11431301458302,104.42532877430675,140.51937663352817,610.9920678230808,154.84131544785353,639.8377561780131
2018-11-20,,2.125,2.2,3.0480000972747803,22.479999542236328,4.186999797821045,96.80999755859375,62.529998779296875,,,,,,,,,
2018-11-21,,2.125,2.2,3.061000108718872,20.799999237060547,4.188499927520752,96.70999908447266,63.47999954223633,1695.3699951171875,,,136.73581936568374,103.2790829837651,139.1358969007826,608.3631519811996,153.74004081918685,634.5464977208154
2018-11-22,,2.125,2.2,,,4.175099849700928,,,1695.6199951171875,,,136.57007602119785,103.19352850477621,139.1915794104098,601.9338895949917,153.78957075686245,637.2816600895108
2018-11-23,,2.125,2.2,3.053999900817871,21.520000457763672,4.19350004196167,96.91999816894531,58.79999923706055,1695.8800048828125,,,136.554382657298,103.54340649380455,139.22028531052186,591.5450502098411,153.90238646186452,634.0301410399204
2018-11-24,,2.125,2.2,,,,,,,,,,,,,,
2018-11-25,,2.125,2.2,,,,,,,,,,,,,,
2018-11-26,,2.125,2.2,3.072000026702881,18.899999618530273,4.191500186920166,97.06999969482422,60.47999954223633,1701.989990234375,,,137.36054042600864,101.79826961053591,139.86487629265426,595.9863654388397,155.39442986196775,638.0468566290483
2018-11-27,,2.125,2.2,3.055000066757202,19.020000457763672,4.185500144958496,97.37000274658203,60.209999084472656,1684.969970703125,,,137.02247184479359,100.95939342882205,139.1016746774559,570.4899642505125,154.53084343262114,635.1668545121046
2018-11-28,,2.125,2.2,3.0439999103546143,18.489999771118164,4.188000202178955,96.79000091552734,58.7599983215332,1686.550048828125,,,137.7162236445888,100.47544391962127,139.76421143659027,575.1118471018945,153.31358384125204,643.1329514417038
2018-11-29,,2.125,2.2,3.0350000858306885,18.790000915527344,4.197500228881836,96.77999877929688,59.5099983215332,1696.3399658203125,,,138.64885714742294,102.62883848513917,141.8467676218488,585.0676749270168,152.54742349501808,645.3105990648086
2018-11-30,,2.125,2.2,3.013000011444092,18.06999969482422,4.18179988861084,97.2699966430664,58.709999084472656,1679.8599853515625,,,137.6815127093912,99.27226971434487,140.749671892414,573.8438787158941,152.02828180457675,634.7136915034912
2018-12-01,462.438918474042,2.125,2.2,,,,,,,,,,,,,,
2018-12-02,,2.125,2.2,,,,,,,,,,,,,,
2018-12-03,,2.125,2.2,2.992000102996826,16.440000534057617,4.179999828338623,97.04000091552734,61.689998626708984,1699.719970703125,,,138.91881941175262,101.35131221862446,140.93719224716995,610.4994369030687,151.1478868676839,650.5527568355146
2018-12-04,,2.125,2.19,2.9240000247955322,20.739999771118164,4.163000106811523,96.97000122070312,62.08000183105469,1694.989990234375,,,138.16335421941653,101.22342068664976,140.93719224716995,596.9153318179236,151.82781792616376,637.6803313011133
2018-12-05,,2.125,2.2,,,4.144999980926514,,,1688.27001953125,,,138.08408405131274,101.66321802014693,140.99741660547082,589.981523257909,152.02736703676192,636.4460950391203
2018-12-06,,2.125,2.2,2.875999927520752,21.190000534057617,4.151500225067139,96.80999755859375,60.060001373291016,1683.3399658203125,,,138.18180905819105,100.40816371361285,140.78112167575878,578.9180551461104,151.88437706629895,637.7663770725562
2018-12-07,,2.125,2.2,2.8499999046325684,23.229999542236328,4.161799907684326,96.51000213623047,61.66999816894531,1680.5400390625,,,137.77728551200624,100.29914928526331,141.11881106724476,579.6133253735599,151.5020789087247,637.1075530992432
2018-12-08,,2.125,2.19,,,,,,,,,,,,,,
2018-12-09,,2.125,2.19,,,,,,,,,,,,,,
2018-12-10,,2.125,2.19,2.8559999465942383,22.639999389648438,4.164000034332275,97.22000122070312,59.970001220703125,1663.31005859375,,,136.3154084407356,97.85488488529857,140.3979011062432,565.1212848824539,152.45157817714136,618.210355297977
2018-12-11,,2.125,2.2,2.878999948501587,21.760000228881836,4.171000003814697,97.38999938964844,60.20000076293945,1652.6300048828125,,,134.67609962111072,97.49276070306094,140.69132013301015,571.8263977693827,151.669200972169,607.4137659352823
2018-12-12,,2.125,2.19,2.9059998989105225,21.459999084472656,4.18179988861084,97.04000091552734,60.150001525878906,1663.27001953125,,,137.124079073193,97.79862167244517,140.55598078535616,570.7198518475462,151.97207006205633,618.7865665763563
2018-12-13,,2.125,2.19,2.9110000133514404,20.649999618530273,4.181000232696533,97.05999755859375,61.45000076293945,1676.0,,,138.72438788813898,98.41270315971244,140.0806397098457,564.5288679985298,153.77192321071544,627.3260586008817
2018-12-14,,2.125,2.19,2.8910000324249268,21.6299991607666,4.177800178527832,97.44000244140625,60.279998779296875,1661.9599609375,,,137.62049505599543,97.7042562200986,140.07053307977898,543.016960907544,152.04859975558108,627.3874179335379
2018-12-15,,2.125,2.19,,,,,,,,,,,,,,
2018-12-16,,2.125,2.19,,,,,,,,,,,,,,
2018-12-17,,2.125,2.19,2.8570001125335693,24.520000457763672,4.182499885559082,97.0999984741211,59.61000061035156,1641.6199951171875,,,135.60174724520527,95.90618259331744,140.0216763754113,510.6169506629417,153.78964153111528,623.6786851431189
2018-12-18,,2.125,2.2,2.825000047683716,25.579999923706055,4.1666998863220215,97.13999938964844,56.2599983215332,1635.31005859375,,,134.65432574170543,94.93004837976144,139.96099157461194,510.09842542215563,153.3822755441904,613.7190840508372
2018-12-19,,2.125,2.2,2.7780001163482666,25.579999923706055,4.191999912261963,97.04000091552734,57.2400016784668,1655.6600341796875,,,136.48792729342736,97.73756843847823,140.400038204859,507.9138219491343,152.81982226825048,607.9521107858574
2018-12-20,,2.375,2.2,2.7890000343322754,28.3799991607666,4.176000118255615,96.27999877929688,54.349998474121094,1650.56005859375,,,135.942552323001,96.63738769824471,141.0728412513307,524.7173537557144,152.33759016564088,609.349974317129
2018-12-21,,2.375,2.4,2.7920000553131104,30.110000610351562,4.189899921417236,96.95999908447266,53.81999969482422,1670.280029296875,,,135.9305950334321,100.90137741347398,140.30753088019665,522.9201953396525,153.58887617436997,612.4618714805855
2018-12-22,,2.375,2.4,,,,,,,,,,,,,,
2018-12-23,,2.375,2.4,,,,,,,,,,,,,,
2018-12-24,,2.375,2.4,2.749000072479248,36.06999969482422,4.178500175476074,96.55000305175781,50.470001220703125,1683.8199462890625,,,136.20844177596538,100.45407331599223,140.54390775503572,519.7752813938658,155.11678951154423,625.3381155238914
2018-12-25,,2.375,2.4,,,4.172399997711182,,,,,,,,,,,
2018-12-26,,2.375,2.4,2.796999931335449,30.40999984741211,4.174900054931641,97.05000305175781,54.470001220703125,1672.5999755859375,,,136.9328120293412,100.33712749279317,141.1562321440589,507.97550048412876,153.22904567004858,614.1271270569421
2018-12-27,,2.375,2.4,2.743000030517578,29.959999084472656,4.174499988555908,96.4800033569336,52.15999984741211,1690.719970703125,,,137.8768939624257,101.56374383629436,142.71194032584518,520.3100173063857,154.65525902457304,625.2515855636698
2018-12-28,,2.375,2.4,2.7360000610351562,28.34000015258789,4.167200088500977,96.38999938964844,52.20000076293945,1692.0699462890625,,,138.0235748558847,102.80355423152653,144.90032265634,514.872791983344,154.47439601383692,624.5679537197906
2018-12-29,,2.375,2.4,,,,,,,,,,,,,,
2018-12-30,,2.375,2.4,,,,,,,,,,,,,,
2018-12-31,,2.375,2.4,2.686000108718872,25.420000076293945,4.151000022888184,96.16999816894531,53.79999923706055,1690.5799560546875,,,137.58600760785433,102.6181145706807,143.5138053216853,518.7561008772836,155.5198942521899,621.9054022996236
2019-01-01,519.152943137988,2.375,2.4,,,4.130000114440918,,,,,,,,,,,
2019-01-02,,2.375,2.4,2.6610000133514404,23.219999313354492,4.129499912261963,96.81999969482422,54.90999984741211,1668.1099853515625,,,136.3878356504286,99.8390945994181,144.74479711766134,509.67255166291034,152.5887672767102,613.7133028443043
2019-01-03,,2.375,2.4,2.553999900817871,25.450000762939453,4.135000228881836,96.30999755859375,55.95000076293945,1675.8299560546875,,,136.1319832950163,101.46319205596544,145.31018839447384,476.75322057808376,152.55963650824137,599.0611458686535
2019-01-04,,2.375,2.4,2.6589999198913574,21.3799991607666,4.139999866485596,96.19000244140625,57.060001373291016,1669.780029296875,,,136.03355701049728,101.44383242518582,145.0349751026622,467.8229125335422,152.07069666000683,600.5093427558558
2019-01-05,,2.375,2.4,,,,,,,,,,,,,,
2019-01-06,,2.375,2.4,,,,,,,,,,,,,,
2019-01-07,,2.375,2.4,2.681999921798706,21.399999618530273,4.122000217437744,95.70999908447266,57.33000183105469,1679.1700439453125,,,136.72109149550204,102.65714369017998,144.94381559842265,496.27073387831933,148.71703641712398,590.1416130071539
2019-01-08,,2.375,2.4,2.7160000801086426,20.469999313354492,4.112299919128418,95.9000015258789,58.720001220703125,1672.760009765625,,,136.77627879777756,102.63852004928226,144.66773694477038,504.6207024947069,148.4995118008796,577.6810460289017
2019-01-09,,2.375,2.4,2.7279999256134033,19.979999542236328,4.114299774169922,95.22000122070312,61.439998626708984,1667.8299560546875,,,136.81325901825284,102.69363850454809,144.91501514476533,514.6263490751033,145.62836414808044,564.1220073471862
2019-01-10,,2.375,2.4,2.7309999465942383,19.5,4.101500034332275,95.54000091552734,61.68000030517578,1678.8800048828125,,,136.938682309498,103.97288855928912,145.1030524387709,523.3289870164841,147.7364872671362,562.5565025638383
2019-01-11,,2.375,2.4,2.7009999752044678,18.190000534057617,4.09499979019165,95.66999816894531,60.47999954223633,1683.219970703125,,,136.86506389882743,104.75010946393822,144.63783366374096,520.5223945742292,148.05786241756599,568.5413221976856
2019-01-12,,2.375,2.4,,,,,,,,,,,,,,
2019-01-13,,2.375,2.4,,,,,,,,,,,,,,
2019-01-14,,2.375,2.4,2.7100000381469727,19.06999969482422,4.093500137329102,95.58999633789062,58.9900016784668,1676.1600341796875,,,136.65795154164655,105.09776929515053,144.63457183943711,504.23704031816214,144.93348993584604,552.302726544206
2019-01-15,,2.375,2.4,2.7109999656677246,18.600000381469727,4.095300197601318,95.97000122070312,60.63999938964844,1679.4200439453125,,,137.23898245888378,105.51921265701066,145.2017709197629,495.3050750494774,142.73896998670287,551.6181524142698
2019-01-16,,2.375,2.4,2.7309999465942383,19.040000915527344,4.103000164031982,96.05999755859375,61.31999969482422,1673.0799560546875,,,136.61345459652912,105.59663383697348,143.97082955181733,500.8659318229191,142.58242312863587,547.2990340464592
2019-01-17,,2.375,2.4,2.749000072479248,18.059999465942383,4.105500221252441,96.06999969482422,61.18000030517578,1682.969970703125,,,136.52824688294257,106.19218345474444,144.990363974783,510.1067948281424,143.66988349858053,549.0457670703496
2019-01-18,,2.375,2.4,2.7839999198913574,17.799999237060547,4.110000133514404,96.33999633789062,62.70000076293945,1692.219970703125,,,137.58770372991108,106.03418963135542,145.2713481328634,515.5469664092069,145.01062785303037,559.7104596125723
2019-01-19,,2.375,2.4,,,,,,,,,,,,,,
2019-01-20,,2.375,2.4,,,,,,,,,,,,,,
2019-01-21,,2.375,2.4,,,4.110000133514404,,,,,,,,,,,
2019-01-22,,2.375,2.4,2.7300000190734863,20.799999237060547,4.121699810028076,96.30000305175781,61.5,1702.1199951171875,,,138.90719710709493,106.96172042969351,145.27456388549143,524.2223438951289,146.05947781414065,561.4379693707465
2019-01-23,,2.375,2.4,2.755000114440918,19.520000457763672,4.132500171661377,96.12000274658203,61.13999938964844,1688.1400146484375,,,137.47177283383843,106.82380061368195,146.44946905634393,522.2594843289014,144.90478386842565,542.1092277093784
2019-01-24,,2.375,2.4,2.7119998931884766,18.889999389648438,4.134500026702881,96.5999984741211,61.09000015258789,1693.5899658203125,,3.25,137.81205155685961,106.9293209987867,147.24640385814482,548.0856233386554,146.43875085276412,547.3182744200589
2019-01-25,,2.375,2.4,2.753000020980835,17.420000076293945,4.1407999992370605,95.79000091552734,61.63999938964844,1701.030029296875,,,138.209950706898,107.32925693044668,147.40422362953865,564.2923802874858,147.56044429873822,559.1260302809853
2019-01-26,,2.375,2.4,,,,,,,,,,,,,,
2019-01-27,,2.375,2.4,,,,,,,,,,,,,,
2019-01-28,,2.375,2.4,2.74399995803833,18.8700008392334,4.119999885559082,95.75,59.93000030517578,1697.5,,,138.08488714420827,107.20500572736083,149.0810364795591,556.6153429988887,147.61653453906936,546.9716145842217
2019-01-29,,2.375,2.4,2.7119998931884766,19.1299991607666,4.107500076293945,95.81999969482422,61.31999969482422,1690.4100341796875,,,138.2720693599815,106.2503749387949,146.60933568160078,547.8148094164469,146.57027063056015,547.3532647958591
2019-01-30,,2.375,2.4,2.694999933242798,17.65999984741211,4.1020002365112305,95.33999633789062,61.650001525878906,1684.1099853515625,,,137.79985619182315,105.99322446698389,146.79851914719725,567.1484117364373,146.42959817832534,542.3469852242957
2019-01-31,,2.375,2.4,2.634999990463257,16.56999969482422,4.0879998207092285,95.58000183105469,61.88999938964844,1683.530029296875,,,137.11412136610826,107.07956776990031,146.37139925905592,565.6037112084368,147.66059232389844,548.8877095321845
2019-02-01,522.287898643095,2.375,2.4,2.690999984741211,16.139999389648438,4.093999862670898,95.58000183105469,61.869998931884766,,,,,,,,,
2019-02-02,,2.375,2.4,,,,,,,,,,,,,,
2019-02-03,,2.375,2.4,,,,,,,,,,,,,,
2019-02-04,,2.375,2.4,2.7239999771118164,15.729999542236328,4.0929999351501465,95.8499984741211,62.5099983215332,1683.6099853515625,,,137.57561953181178,106.52536475089194,146.10734681131538,565.6037112084368,145.6962537974167,551.1653282895231
2019-02-05,,2.375,2.4,2.7019999027252197,15.569999694824219,4.084499835968018,96.0999984741211,61.97999954223633,,,,,,,,,
2019-02-06,,2.375,2.4,2.7019999027252197,15.380000114440918,4.090000152587891,96.41999816894531,62.689998626708984,,,,,,,,,
2019-02-07,,2.375,2.4,2.6519999504089355,16.3700008392334,4.084400177001953,96.51000213623047,61.630001068115234,1693.3900146484375,,,137.74536573900818,106.97218892976774,147.08817689680072,581.9059547804444,146.55376289488999,547.8958574029189
2019-02-08,,2.375,2.4,2.631999969482422,15.720000267028809,4.070000171661377,96.63999938964844,62.099998474121094,1686.52001953125,,,137.97082936341948,106.16812586976559,147.64691310937923,582.8429910987506,147.1335882520513,548.3763124366143
2019-02-09,,2.375,2.4,,,,,,,,,,,,,,
2019-02-10,,2.375,2.4,,,,,,,,,,,,,,
2019-02-11,,2.375,2.4,2.6610000133514404,15.970000267028809,4.065999984741211,97.05999755859375,61.5099983215332,1688.56005859375,,,139.04410617016134,105.34223944007127,147.05753100536774,585.2415017141655,147.65595965298073,542.6422403452477
2019-02-12,,2.375,2.4,2.684000015258789,15.430000305175781,4.070000171661377,96.70999908447266,62.41999816894531,1687.4100341796875,,,139.1601509431447,106.60903336698289,147.9275508751835,589.2240213187793,146.96121389483653,533.9710519648352
2019-02-13,,2.375,2.4,2.7079999446868896,15.649999618530273,4.070000171661377,97.12999725341797,63.61000061035156,1685.300048828125,,,138.79282803035508,106.09174135963788,147.43369778538124,595.0621453196254,147.47734693324392,539.9632196896765
2019-02-14,,2.375,2.4,2.6570000648498535,16.219999313354492,4.064499855041504,96.9800033569336,64.56999969482422,1689.06005859375,,,138.7557595804293,105.92552834913391,146.6862129367852,610.2177868772702,147.59097381699056,539.8556266489062
2019-02-15,,2.375,2.4,2.6659998893737793,14.90999984741211,4.072500228881836,96.91999816894531,66.25,1688.8299560546875,,,137.6910494674498,106.81095245662758,147.67480827451618,616.6183695055686,148.47762207683346,541.6151917444105
2019-02-16,,2.375,2.4,,,,,,,,,,,,,,
2019-02-17,,2.375,2.4,,,,,,,,,,,,,,
2019-02-18,,2.375,2.4,,,4.082300186157227,,,1692.739990234375,,,137.96737412578963,106.49262894278557,147.96865627121733,620.4005907865928,149.27378981458378,547.5531412797583
2019-02-19,,2.375,2.4,2.6470000743865967,14.880000114440918,4.077300071716309,96.5199966430664,66.44999694824219,1706.56005859375,,,137.80629445310814,107.72008909035176,148.58962159701383,619.2143879792666,151.06060488091197,551.8150399318738
2019-02-20,,2.375,2.4,2.6540000438690186,14.020000457763672,4.0782999992370605,96.44999694824219,67.08000183105469,1726.1800537109375,,,138.675467967062,109.36963912285019,149.59099846252883,623.6998387397771,153.31771029088915,556.1303208791273
2019-02-21,,2.375,2.4,2.687999963760376,14.460000038146973,4.064000129699707,96.61000061035156,67.06999969482422,1730.6800537109375,,,139.25537451422605,108.14447871409281,148.18803263804296,614.2652648757784,152.9858266559636,563.1642031383107
2019-02-22,,2.375,2.4,2.6549999713897705,13.510000228881836,4.076499938964844,96.51000213623047,67.12000274658203,1721.4200439453125,,,139.26695429416404,107.86055100571052,147.91052025453422,595.3850367315673,152.16016891032652,549.5726640618983
2019-02-23,,2.375,2.4,,,,,,,,,,,,,,
2019-02-24,,2.375,2.4,,,,,,,,,,,,,,
2019-02-25,,2.375,2.4,2.6730000972747803,14.850000381469727,4.076000213623047,96.41000366210938,64.76000213623047,1724.5799560546875,,,139.34129085326265,108.52142240080069,148.91122469084473,599.540481206561,155.97416633211148,546.5878899283937
2019-02-26,,2.375,2.4,2.635999917984009,15.170000076293945,4.065000057220459,96.0,65.20999908447266,1719.0,,,139.7823512242226,107.75352118032544,148.91122469084473,597.2923410178889,153.49882846737475,537.1481267001079
2019-02-27,,2.375,2.4,2.693000078201294,14.699999809265137,4.066299915313721,96.1500015258789,66.38999938964844,1713.449951171875,,,139.77023444307443,105.9151390864212,147.33505098347058,605.2238453793582,153.4507186332197,534.7651669291965
2019-02-28,,2.375,2.4,2.7109999656677246,14.779999732971191,4.064000129699707,96.16000366210938,66.02999877929688,1707.72998046875,0.2,,139.3360160775723,105.8990964173679,147.81781479695326,604.936050730215,152.80889225707347,528.6764544039341
2019-03-01,492.679439788188,2.375,2.4,2.755000114440918,13.569999694824219,4.064000129699707,96.52999877929688,65.06999969482422,1700.760009765625,,,138.02349072624588,106.23270429127336,147.8217640039065,607.0027250401233,152.8569942554014,532.6240318770307
2019-03-02,,2.375,2.4,,,,,,,,,,,,,,
2019-03-03,,2.375,2.4,,,,,,,,,,,,,,
2019-03-04,,2.375,2.4,2.7219998836517334,14.630000114440918,4.072000026702881,96.68000030517578,65.66999816894531,1693.989990234375,,,137.71097308121182,106.23270429127336,147.82494579714347,610.053596634139,151.3484454099412,535.4009535593132
2019-03-05,,2.375,2.4,2.7219998836517334,14.739999771118164,4.076499938964844,96.8499984741211,65.86000061035156,1685.6199951171875,,3.25,137.20001664464775,106.03690162281492,148.25771738566092,616.0870021703755,151.6766855822216,537.2773832445773
2019-03-06,,2.375,2.4,2.691999912261963,15.739999771118164,4.079699993133545,96.87000274658203,65.98999786376953,1686.8199462890625,,,136.52657777867668,106.50724773933827,148.1468380932992,633.5139726833678,153.27461328581018,543.5888578697677
2019-03-07,,2.375,2.4,2.635999917984009,16.59000015258789,4.085999965667725,97.66999816894531,66.30000305175781,1686.949951171875,,,135.93888622173972,106.60509621777486,147.86625021493631,630.4589633624933,153.31667927313407,545.409470181293
2019-03-08,,2.375,2.4,2.625,16.049999237060547,4.088600158691406,97.37000274658203,65.73999786376953,1679.9000244140625,,,135.36616751054615,106.3898825892723,147.52301967942475,639.9046075901839,153.24956656955192,537.4428390990089
2019-03-09,,2.375,2.4,,,,,,,,,,,,,,
2019-03-10,,2.375,2.4,,,,,,,,,,,,,,
2019-03-11,,2.375,2.4,2.6429998874664307,14.329999923706055,4.088500022888184,97.22000122070312,66.58000183105469,1664.6300048828125,,,133.60871734434724,106.3898825892723,148.36600978707082,625.8759602891193,152.29232809493735,528.624381481077
2019-03-12,,2.375,2.4,2.6050000190734863,13.770000457763672,4.086999893188477,96.94000244140625,66.66999816894531,1671.280029296875,,,134.82997542681298,106.27942428276826,147.96120554848886,622.5460387489146,152.28866363062087,535.9640922250868
2019-03-13,,2.375,2.4,2.6110000610351562,13.40999984741211,4.078000068664551,96.55000305175781,67.55000305175781,1678.239990234375,,,135.93104412126874,106.3348917357295,148.03105692549656,616.6654080197878,151.5463285343702,530.5836565005169
2019-03-14,,2.375,2.4,2.630000114440918,13.5,4.085999965667725,96.79000091552734,67.2300033569336,1674.52001953125,,,135.73861141448683,105.90186164067464,147.75547715890792,605.7406518338821,150.858271742969,539.367095419642
2019-03-15,,2.375,2.4,2.5929999351501465,12.880000114440918,4.0879998207092285,96.5999984741211,67.16000366210938,1680.5400390625,,,135.80001528931777,106.59461836542418,149.7143601882473,612.6733705195809,150.2745819796154,553.9470550488198
2019-03-16,,2.375,2.4,,,,,,,,,,,,,,
2019-03-17,,2.375,2.4,,,,,,,,,,,,,,
2019-03-18,,2.375,2.4,2.6019999980926514,13.100000381469727,4.0854997634887695,96.5199966430664,67.54000091552734,1690.93994140625,,,135.89561264247047,107.36614574923955,150.95471884136217,621.7824094533403,151.05033489497137,555.1300694220711
2019-03-19,,2.375,2.4,2.614000082015991,13.5600004196167,4.074999809265137,96.37999725341797,67.61000061035156,1687.6800537109375,,,135.76523204393555,106.84105497351344,148.46286285181716,608.4201927047375,150.35866761515214,555.0933132233145
2019-03-20,,2.375,2.4,2.5350000858306885,13.90999984741211,4.073999881744385,95.76000213623047,68.5,1684.2099609375,,,135.0186393447135,107.34661515949647,148.3986743533099,605.0402272905908,150.0451267723576,560.6203494520158
2019-03-21,,2.375,2.41,2.5369999408721924,13.630000114440918,4.058499813079834,96.5,67.86000061035156,1663.6600341796875,,,133.08097111144411,105.5331997197795,148.95447366109644,613.2390307369809,149.53796650036986,552.0806147348251
2019-03-22,,2.375,2.41,2.4549999237060547,16.479999542236328,4.047299861907959,96.6500015258789,67.02999877929688,1666.6600341796875,,,132.56186874956276,105.40154126797341,151.14409612982092,627.7227583208827,149.6143852952362,553.179332830843
2019-03-23,,2.375,2.41,,,,,,,,,,,,,,
2019-03-24,,2.375,2.41,,,,,,,,,,,,,,
2019-03-25,,2.375,2.41,2.4200000762939453,16.329999923706055,4.0625,96.56999969482422,67.20999908447266,1649.1500244140625,,,131.32797629711948,105.36111854950798,150.67147356313234,614.8593586011046,149.00699332044124,543.4092981233681
2019-03-26,,2.375,2.4,2.4140000343322754,14.680000305175781,4.065999984741211,96.73999786376953,67.97000122070312,1649.93994140625,,,131.38599048339043,105.8171178763615,151.90488320130973,621.9394692064682,148.83637806291782,544.6223316022044
2019-03-27,,2.375,2.4,2.374000072479248,15.149999618530273,4.0721001625061035,96.7699966430664,67.83000183105469,1642.72998046875,,,130.37841199491464,106.29441841411949,152.65392737839343,625.7193537884243,149.38996174789432,545.2273864443829
2019-03-28,,2.375,2.41,2.3889999389648438,14.430000305175781,4.0690999031066895,97.19999694824219,67.81999969482422,1641.3299560546875,,,130.49842763005367,105.27944018055344,151.81954959107145,630.5385492061502,149.89362675867181,547.0392783836303
2019-03-29,,2.375,2.41,2.4140000343322754,13.710000038146973,4.075500011444092,97.27999877929688,68.38999938964844,1643.6300048828125,,,130.66168304034463,105.47866589457162,151.57067416507914,626.91164574932,149.9793380777544,552.5541596420021
2019-03-30,,2.375,2.43,,,,,,,,,,,,,,
2019-03-31,,2.375,2.43,,,,,,,0.3,,,,,,,
2019-04-01,503.28511243152,2.375,2.43,2.496999979019165,13.399999618530273,4.081500053405762,97.25,69.01000213623047,1628.6600341796875,,,128.46201188578956,105.69420436454726,152.10420689248122,628.2426805638455,149.13411321612108,551.9416537801864
2019-04-02,,2.375,2.41,2.4809999465942383,13.359999656677246,4.078800201416016,97.36000061035156,69.37000274658203,1632.8299560546875,,,129.4509695316626,105.392651765873,152.38588346437848,630.3360381099685,149.2490334269077,551.909567219701
2019-04-03,,2.375,2.41,2.5169999599456787,13.739999771118164,4.088500022888184,97.08999633789062,69.30999755859375,1643.2099609375,,,129.97458923529214,106.18804768010293,151.57166101717473,642.8810719225589,149.3161785890186,559.8322943319018
2019-04-04,,2.375,2.41,2.51200008392334,13.579999923706055,4.076499938964844,97.30999755859375,69.4000015258789,1645.0699462890625,,,129.90832371060884,106.01081259094529,153.35816120592972,656.8422382833726,149.36905148152292,557.4255507735477
2019-04-05,,2.375,2.41,2.500999927520752,12.819999694824219,4.078400135040283,97.4000015258789,70.33999633789062,1641.81005859375,,,129.7581071674496,106.4964974796315,152.94960523680632,670.6594789823871,149.36905148152292,553.8172767181117
2019-04-06,,2.375,2.41,,,,,,,,,,,,,,
2019-04-07,,2.375,2.41,,,,,,,,,,,,,,
2019-04-08,,2.375,2.41,2.5190000534057617,13.180000305175781,4.082499980926514,97.05000305175781,71.0999984741211,1644.3499755859375,,,129.190724501639,107.25994360883668,153.22820405066724,669.3185240633671,149.7307612516148,553.824050544151
2019-04-09,,2.375,2.41,2.499000072479248,14.279999732971191,4.0929999351501465,97.01000213623047,70.61000061035156,1641.93994140625,,,129.20737705005737,107.12879184648247,153.17837559742318,666.7905832765789,150.10217539102237,555.038540027617
2019-04-10,,2.375,2.41,2.4769999980926514,13.300000190734863,4.0914998054504395,96.94999694824219,71.7300033569336,1639.4599609375,,,129.14459438588852,106.94507530041109,153.04660470783818,684.2755653935345,149.1039216589907,554.4352786169617
2019-04-11,,2.375,2.41,2.503999948501587,13.020000457763672,4.108099937438965,97.18000030517578,70.83000183105469,1624.22998046875,,,128.84430199679218,106.00541984878001,153.45287713692005,673.3429644800073,148.84325116240305,552.0139407586387
2019-04-12,,2.375,2.41,2.559999942779541,12.010000228881836,4.125400066375732,96.97000122070312,71.55000305175781,1630.1700439453125,,,128.85270350552332,106.67075972007645,155.10296781566774,682.741564523605,148.42717951775427,549.5981663430758
2019-04-13,,2.375,2.41,,,,,,,,,,,,,,
2019-04-14,,2.375,2.41,,,,,,,,,,,,,,
2019-04-15,,2.375,2.41,2.552999973297119,12.319999694824219,4.111999988555908,96.94000244140625,71.18000030517578,1631.3299560546875,,,128.722038333318,106.89224821167518,154.34807560278247,692.225937262272,148.84206899116145,548.3903722109279
2019-04-16,,2.375,2.41,2.5920000076293945,12.180000305175781,4.112800121307373,97.04000091552734,71.72000122070312,1629.4599609375,,,128.48967636200697,106.59452562034424,154.2909354489121,688.3643683983239,149.25614996381594,546.5745529712825
2019-04-17,,2.375,2.41,2.5920000076293945,12.600000381469727,4.130000114440918,97.01000213623047,71.62000274658203,1620.9000244140625,,,127.51310571206122,106.30095030645657,153.54060354582492,701.3000172729276,148.88464003274032,548.4043274023521
2019-04-18,,2.375,2.42,2.559999942779541,12.09000015258789,4.133600234985352,97.47000122070312,71.97000122070312,1619.72998046875,,,127.47549936082268,106.08879219671805,152.98730922670805,719.0863137577795,148.63807188920657,543.5780161834359
2019-04-19,,2.375,2.43,,,4.1545000076293945,,,1622.0699462890625,,,127.95579849661432,106.13958576677354,153.4874331459924,708.9812783428246,148.33421951707396,546.6113991020034
2019-04-20,,2.375,2.44,,,,,,,,,,,,,,
2019-04-21,,2.375,2.44,,,,,,,,,,,,,,
2019-04-22,,2.375,2.44,2.5899999141693115,12.420000076293945,4.130000114440918,97.27999877929688,74.04000091552734,1622.06005859375,,,129.1164655733053,105.53259026465633,152.9372220451642,722.8101159621689,147.05787333060854,549.6399149372685
2019-04-23,,2.375,2.44,2.569999933242798,12.279999732971191,4.130000114440918,97.56999969482422,74.51000213623047,1627.43994140625,,,129.27807443111521,105.04238135759579,153.00895838391872,726.8632944220004,147.17137779247545,569.6039315232226
2019-04-24,,2.375,2.44,2.5220000743865967,13.140000343322754,4.125500202178955,98.0999984741211,74.56999969482422,1638.010009765625,,,129.9270653637764,106.02966484365682,153.81493087723635,729.9647860254225,147.70613888308935,575.6723189989144
2019-04-25,,2.375,2.44,2.5339999198913574,13.25,4.130000114440918,98.19999694824219,74.3499984741211,1635.6800537109375,,,129.30820035850434,106.24443310567393,153.75102055445169,740.4168569034924,147.5621536992232,576.260303588354
2019-04-26,,2.375,2.44,2.505000114440918,12.729999542236328,4.1468000411987305,98.01000213623047,72.1500015258789,1638.3800048828125,,,129.43170097291292,106.51801510050318,154.25335222577644,730.3279914354133,147.73716887526012,576.9345349941934
2019-04-27,,2.375,2.44,,,,,,,,,,,,,,
2019-04-28,,2.375,2.44,,,,,,,,,,,,,,
2019-04-29,,2.375,2.44,2.5360000133514404,13.109999656677246,4.130000114440918,97.86000061035156,72.04000091552734,1637.4000244140625,,,129.3623708335377,106.5396144316004,153.5051679722102,717.4431686924839,147.46159744238577,579.952023986771
2019-04-30,,2.375,2.45,2.509000062942505,13.119999885559082,4.13129997253418,97.4800033569336,72.80000305175781,1642.2900390625,0.5,,130.34712004671326,106.78907398867791,153.38411730585452,725.9722792789634,147.6444076115016,582.3534075160728
2019-05-01,470.236389684814,2.375,2.45,2.510999917984009,14.800000190734863,4.133999824523926,97.69000244140625,72.18000030517578,,,,,,,,,
2019-05-02,,2.375,2.45,2.552000045776367,14.420000076293945,4.13040018081665,97.83000183105469,70.75,1632.239990234375,,,129.97870887293942,105.78498044249183,153.7919692147587,714.7473572372139,146.54428658250106,570.1687743405625
2019-05-03,,2.375,2.41,2.5309998989105225,12.869999885559082,4.132900238037109,97.5199966430664,70.8499984741211,1637.300048828125,,,130.22403179196294,105.78498044249183,154.05793486761843,714.7535689241862,146.79311451890206,571.3517620175307
2019-05-04,,2.375,2.4,,,,,,,,,,,,,,
2019-05-05,,2.375,2.4,,,,,,,,,,,,,,
2019-05-06,,2.375,2.4,2.5,15.4399995803833,4.14300012588501,97.5199966430664,71.23999786376953,1632.800048828125,,,130.11869573224442,106.12239805886672,154.3892399865609,688.5018231327334,145.85099367998012,568.9600264167726
2019-05-07,,2.375,2.4,2.447999954223633,19.31999969482422,4.145100116729736,97.62999725341797,69.87999725341797,1639.3699951171875,,3.0,130.01319804030982,105.58000099401612,156.16112906858902,709.346530876142,147.419885813877,567.72033958079
2019-05-08,,2.375,2.4,2.4820001125335693,19.399999618530273,4.147799968719482,97.62000274658203,70.37000274658203,1633.550048828125,,,129.76255889177278,105.32186466961323,155.6163199962474,705.1492363939974,146.45417790799516,567.72033958079
2019-05-09,,2.375,2.39,2.4570000171661377,19.100000381469727,4.147299766540527,97.37000274658203,70.38999938964844,1618.530029296875,,,128.94856746941338,104.32122763441647,156.50072045981568,702.9988357471622,146.17596891217846,557.9370612752957
2019-05-10,,2.375,2.38,2.4549999237060547,16.040000915527344,4.160200119018555,97.33000183105469,70.62000274658203,1610.27001953125,,,128.8261962438523,102.96555834354253,158.13073317335798,701.921305537889,145.2763113131401,556.1000663733029
2019-05-11,,2.375,2.38,,,,,,,,,,,,,,
2019-05-12,,2.375,2.38,,,,,,,,,,,,,,
2019-05-13,,2.375,2.38,2.4049999713897705,20.549999237060547,4.156000137329102,97.31999969482422,70.2300033569336,1601.0899658203125,,,128.98981586705617,102.76606943870054,156.1798112821391,690.7228950092406,144.7819777451075,542.6497326588907
2019-05-14,,2.375,2.38,2.4189999103546143,18.059999465942383,4.158599853515625,97.52999877929688,71.23999786376953,1599.18994140625,,,129.4996688271386,100.91650712174504,157.00471799451924,686.4290012540835,143.69063932330988,543.9928486942867
2019-05-15,,2.375,2.38,2.378999948501587,16.440000534057617,4.168000221252441,97.56999969482422,71.7699966430664,1611.4300537109375,,,129.52802196230385,101.25399495100157,156.72782499530786,710.7563469921392,144.35379777633415,559.9606941496429
2019-05-16,,2.375,2.4,2.4049999713897705,15.289999961853027,4.171000003814697,97.83999633789062,72.62000274658203,1599.18994140625,,,128.86587992866177,99.95355578376804,157.34663358676275,708.3155295816896,144.53607522969736,552.7617833427896
2019-05-17,,2.375,2.39,2.3929998874664307,15.960000038146973,4.164000034332275,98.0,72.20999908447266,1605.3599853515625,,,129.61758984772592,100.37536110363543,156.87167655882493,697.3343546356242,144.26017493795572,558.2694248591386
2019-05-18,,2.375,2.39,,,,,,,,,,,,,,
2019-05-19,,2.375,2.39,,,,,,,,,,,,,,
2019-05-20,,2.375,2.39,2.4159998893737793,16.309999465942383,4.173999786376953,97.93000030517578,71.97000122070312,,,,,,,,,
2019-05-21,,2.375,2.39,2.4260001182556152,14.949999809265137,4.174099922180176,98.05999755859375,72.18000030517578,1603.739990234375,,,129.5177432332427,100.45483505981933,156.2051246893207,666.7728578779833,144.19778968801134,561.8885245688858
2019-05-22,,2.375,2.39,2.3929998874664307,14.75,,98.11000061035156,70.98999786376953,,,,,,,,,
2019-05-23,,2.375,2.38,2.2960000038146973,16.920000076293945,4.1828999519348145,97.8499984741211,67.76000213623047,1601.8699951171875,,,129.784229370235,100.0736958942378,157.14844091738883,637.0795081146804,142.75693026997536,567.6174341980568
2019-05-24,,2.375,2.38,2.3239998817443848,15.850000381469727,4.189499855041504,97.61000061035156,68.69000244140625,1598.3199462890625,,,129.67878772260494,99.72802191443549,158.0516404972908,652.6154905048579,143.42095828214198,559.7664634381877
2019-05-25,,2.375,2.38,,,,,,,,,,,,,,
2019-05-26,,2.375,2.38,,,,,,,,,,,,,,
2019-05-27,,2.375,2.38,,,4.184000015258789,,,1601.3499755859375,,,130.42964725031598,100.7917782685972,158.0545430657561,656.9625041413016,142.23544305762462,557.7998765804208
2019-05-28,,2.375,2.38,2.2679998874664307,17.5,4.184100151062012,97.95999908447266,70.11000061035156,1614.5699462890625,,,131.07855565819247,100.71216371546952,159.99558186492558,680.8795956078053,142.2584335917172,561.1466452875399
2019-05-29,,2.375,2.39,2.2360000610351562,17.899999618530273,4.185999870300293,98.13999938964844,69.44999694824219,1623.6700439453125,,,130.89034967473262,100.12269823650206,157.28922940349452,669.3324488910544,142.85761369869533,576.1521736586187
2019-05-30,,2.375,2.39,2.2269999980926514,17.299999237060547,4.192999839782715,98.13999938964844,66.87000274658203,1636.5,,,132.3439871483539,99.8547563170264,156.26388309190452,671.3284063205127,145.3801275477197,574.6917108367559
2019-05-31,,2.375,2.39,2.1419999599456787,18.709999084472656,4.184000015258789,97.75,64.48999786376953,1650.760009765625,0.5,,132.9009830800921,101.95149820956627,155.57499153878885,674.3001947780054,146.96868981954177,576.4089010926442
2019-06-01,474.627071385656,2.375,2.4,,,,,,,,,,,,,,
2019-06-02,,2.375,2.4,,,,,,,,,,,,,,
2019-06-03,,2.375,2.4,2.0810000896453857,18.860000610351562,4.189599990844727,97.13999938964844,61.279998779296875,1655.31005859375,,,132.80914781422126,102.15053235368904,155.98831756367542,679.3022785255357,148.4148512791626,570.3388413238346
2019-06-04,,2.375,2.38,2.11899995803833,16.969999313354492,4.178999900817871,97.06999969482422,61.970001220703125,1644.0899658203125,,,132.73604930755673,100.60327987438318,155.98831514395528,677.5025948387483,148.8116028264507,563.2579002461966
2019-06-05,,2.375,2.38,2.122999906539917,16.09000015258789,4.165999889373779,97.37000274658203,60.630001068115234,,,,132.73604930755673,100.60327987438318,155.98831514395528,677.5025948387483,148.8116028264507,563.2579002461966
2019-06-06,,2.375,2.38,2.124000072479248,15.930000305175781,4.172500133514404,97.02999877929688,61.66999816894531,,,,132.73604930755673,100.60327987438318,155.98831514395528,677.5025948387483,148.8116028264507,563.2579002461966
2019-06-07,,2.375,2.37,2.0840001106262207,16.299999237060547,4.146500110626221,96.61000061035156,63.290000915527344,1649.3299560546875,,,132.50202360307998,101.1828991481569,156.24986053984108,674.501408683511,148.86066411601192,575.7642393699916
2019-06-08,,2.375,2.37,,,,,,,,,,,,,,
2019-06-09,,2.375,2.37,,,,,,,,,,,,,,
2019-06-10,,2.375,2.37,2.1429998874664307,15.9399995803833,4.145500183105469,96.76000213623047,62.290000915527344,1655.469970703125,,,132.89853602996894,101.1090143334027,156.7432349610257,695.8002582930546,147.57148621285748,577.6241804220507
2019-06-11,,2.375,2.37,2.140000104904175,15.989999771118164,4.1605000495910645,96.69000244140625,62.290000915527344,1651.199951171875,,,132.9514296760714,101.08647422683276,156.74173227165608,702.1246869741564,147.66709961134052,575.0455120676222
2019-06-12,,2.375,2.37,2.127000093460083,15.90999984741211,4.161099910736084,97.0,59.970001220703125,1650.739990234375,,,132.83411987053796,100.8061369210274,156.18885030953012,706.5597418034852,146.90979552393918,571.9685231943952
2019-06-13,,2.375,2.37,2.0910000801086426,15.819999694824219,4.1570000648498535,97.01000213623047,61.310001373291016,1643.739990234375,,,132.69127395556092,100.9472642359418,155.63052703204727,714.9291714981451,147.20422089984794,569.6139428752521
2019-06-14,,2.375,2.37,2.0929999351501465,15.279999732971191,4.160099983215332,97.56999969482422,62.0099983215332,1638.6300048828125,,,131.7921311759742,100.66411750115148,155.62902183208416,688.2332850915453,146.93928172138757,562.7048002747836
2019-06-15,,2.375,2.36,,,,,,,,,,,,,,
2019-06-16,,2.375,2.36,,,,,,,,,,,,,,
2019-06-17,,2.375,2.36,2.0859999656677246,15.350000381469727,4.164999961853027,97.55999755859375,60.939998626708984,1638.4000244140625,,,131.35250572330392,100.47445366173018,156.8096908682064,679.457379765656,146.19216353888342,561.4872854372754
2019-06-18,,2.375,2.38,2.059999942779541,15.149999618530273,4.176000118255615,97.63999938964844,62.13999938964844,1652.760009765625,,,131.07713793625877,102.22886957193091,156.95838717237822,671.0289853719173,147.15953937571,558.7796269569304
2019-06-19,,2.375,2.37,2.0290000438690186,14.329999923706055,4.162099838256836,97.12000274658203,61.81999969482422,1666.5400390625,,,131.49047884463957,104.62924749353704,156.1204521316907,679.9477793453185,147.31569635460065,566.9234821743992
2019-06-20,,2.375,2.37,2.000999927520752,14.75,4.17110013961792,96.62999725341797,64.44999694824219,1675.4300537109375,,,131.20254222591493,102.7470914936647,156.7454236132194,690.4522123672423,147.3744195162084,567.5018961529256
2019-06-21,,2.375,2.37,2.068000078201294,15.399999618530273,4.145500183105469,96.22000122070312,65.19999694824219,1682.22998046875,,,131.1646435216387,103.3482921394833,163.50417061339786,697.6629009538269,148.63579143605898,574.6159300096981
2019-06-22,,2.375,2.38,,,,,,,,,,,,,,
2019-06-23,,2.375,2.38,,,,,,,,,,,,,,
2019-06-24,,2.375,2.38,2.0209999084472656,15.260000228881836,4.134399890899658,95.9800033569336,64.86000061035156,1676.1300048828125,,,131.60461472902045,102.34598653309843,158.84410708085156,700.7380304597712,148.14216775704608,572.184223971212
2019-06-25,,2.375,2.38,1.99399995803833,16.280000686645508,4.13700008392334,96.16000366210938,65.05000305175781,1676.6099853515625,,,131.95622782460086,103.00123581364396,158.84410708085156,697.8794548627211,147.73551058631068,570.393776268729
2019-06-26,,2.375,2.38,2.0490000247955322,16.209999084472656,4.126500129699707,96.20999908447266,66.48999786376953,1674.489990234375,,,132.23645844491648,102.89197206933038,158.84410708085156,693.186731882625,147.4359271884371,566.4823840383647
2019-06-27,,2.375,2.38,2.005000114440918,15.819999694824219,4.135799884796143,96.19000244140625,66.55000305175781,1672.699951171875,,,132.11050176633032,102.97787742191804,158.35907214344732,702.8512989467691,145.80952249413926,566.1427554413959
2019-06-28,,2.375,2.38,2.0,15.079999923706055,4.139999866485596,96.12999725341797,66.55000305175781,1672.1300048828125,,,132.0036789165319,103.10956857064262,157.39576492470803,700.7811802991959,146.70282229194387,564.352503157249
2019-06-29,,2.375,2.4,,,,,,,,,,,,,,
2019-06-30,,2.375,2.4,,,,,,,0.4,,,,,,,
2019-07-01,466.214596109574,2.375,2.4,2.0339999198913574,14.0600004196167,4.124100208282471,96.83999633789062,65.05999755859375,1683.6199951171875,,,132.39769871605696,102.91698061449051,157.8159684244602,724.082750609646,149.03799244050654,568.441979356787
2019-07-02,,2.375,2.39,1.9759999513626099,12.930000305175781,4.13070011138916,96.7300033569336,62.400001525878906,1691.0,,,132.98913557033967,102.38525319673002,157.68355249923985,719.2051219811581,148.8435021273837,563.1764960915602
2019-07-03,,2.375,2.4,1.9529999494552612,12.569999694824219,4.139999866485596,96.7699966430664,63.81999969482422,1690.050048828125,,,132.28786156919458,102.62155835235941,158.16168636833677,718.1186662851148,148.7840530806882,565.9085109581714
2019-07-04,,2.375,2.41,,,4.1350998878479,,,1687.47998046875,,,131.84341475542482,102.39653382448222,159.81504236879448,716.136556691952,148.5841638741935,560.3833890710854
2019-07-05,,2.375,2.41,2.0480000972747803,13.279999732971191,4.130000114440918,97.25,64.2300033569336,1682.530029296875,,,132.3749199825366,103.08403758503037,159.55606871035556,720.1878158533522,148.962456591629,557.2978653192625
2019-07-06,,2.375,2.42,,,,,,,,,,,,,,
2019-07-07,,2.375,2.42,,,,,,,,,,,,,,
2019-07-08,,2.375,2.42,2.0339999198913574,13.960000038146973,4.132999897003174,97.37999725341797,64.11000061035156,1677.6400146484375,,,132.17275000056023,102.5424359265514,159.83600153246914,715.653127569156,148.220490388214,553.7050375003922
2019-07-09,,2.375,2.41,2.053999900817871,14.09000015258789,4.132999897003174,97.48999786376953,64.16000366210938,1682.8699951171875,,3.0,132.17922877154928,103.03111532653995,159.55132617744655,716.6829244193801,148.56162620072547,557.5681605030132
2019-07-10,,2.375,2.41,2.061000108718872,13.029999732971191,4.1392998695373535,97.0999984741211,67.01000213623047,1678.969970703125,,,132.12916578256514,102.99670273586096,159.69635878141938,716.3382066816755,145.91119344883117,561.4630793917918
2019-07-11,,2.375,2.41,2.119999885559082,12.930000305175781,4.130099773406982,97.05000305175781,66.5199966430664,1679.260009765625,,,132.03246400679768,102.54846248818939,160.65216436198696,742.3533471850751,145.52482658240302,557.8512799439432
2019-07-12,,2.375,2.4,2.1059999465942383,12.390000343322754,4.114999771118164,96.80999755859375,66.72000122070312,1669.449951171875,,,130.65456030990632,102.27625649422475,160.72010399158094,739.3076029489285,145.16480172327806,555.4118444100963
2019-07-13,,2.375,2.38,,,,,,,,,,,,,,
2019-07-14,,2.375,2.38,,,,,,,,,,,,,,
2019-07-15,,2.375,2.38,2.0920000076293945,12.680000305175781,4.110400199890137,96.93000030517578,66.4800033569336,1672.3699951171875,,,130.42734071001954,102.09247006086495,160.4508974528488,744.2734396488474,144.60266375652756,548.6809132919246
2019-07-16,,2.375,2.4,2.121999979019165,12.859999656677246,4.100800037384033,97.4000015258789,64.3499984741211,1668.93994140625,,,130.21063863483568,101.72714155623757,160.65254131170707,750.2600369289584,143.63088292149848,550.137464281621
2019-07-17,,2.375,2.41,2.061000108718872,13.970000267028809,4.105299949645996,97.22000122070312,63.65999984741211,1657.530029296875,,,130.03992354246603,101.69100126967876,159.68796992825332,739.1817298607863,141.1467002398847,547.1396408609249
2019-07-18,,2.375,2.41,2.0380001068115234,13.529999732971191,4.109099864959717,96.79000091552734,61.93000030517578,1648.9300537109375,,,129.7535062323579,100.91581369709883,160.09638694432275,734.7558734393034,138.44330336383518,551.3625007829863
2019-07-19,,2.375,2.41,2.0480000972747803,14.449999809265137,4.105100154876709,97.1500015258789,62.470001220703125,1658.18994140625,,,130.59600635314928,100.48161332008152,159.7577641119007,747.8534686797241,140.10947019975717,553.20846213406
2019-07-20,,2.375,2.41,,,,,,,,,,,,,,
2019-07-21,,2.375,2.41,,,,,,,,,,,,,,
2019-07-22,,2.375,2.41,2.0429999828338623,13.529999732971191,4.109099864959717,97.26000213623047,63.2599983215332,1655.4000244140625,,,130.01831413197783,100.2087779908639,158.9882439941099,750.788842274637,139.24807467352855,557.0276371955042
2019-07-23,,2.375,2.4,2.0739998817443848,12.609999656677246,4.110499858856201,97.70999908447266,63.83000183105469,1655.6700439453125,,,129.78343323474496,100.80441334132972,158.9882439941099,757.6609694599724,138.32563772309828,553.9331201301932
2019-07-24,,2.375,2.4,2.049999952316284,12.069999694824219,4.115499973297119,97.7300033569336,63.18000030517578,1652.4100341796875,,,129.132686642512,100.66784262032647,159.0558376393437,763.7887096648458,136.29757477900102,553.9331201301932
2019-07-25,,2.375,2.4,2.0739998817443848,12.739999771118164,4.116499900817871,97.81999969482422,63.38999938964844,1656.5799560546875,,,129.0456275554688,101.60362377909581,159.04234134898374,767.1317239466886,136.88909961037703,565.7841030305242
2019-07-26,,2.375,2.4,2.0810000896453857,12.15999984741211,4.11299991607666,98.01000213623047,63.459999084472656,1647.9599609375,,,128.20456312584218,99.973480526518,158.80815202530724,761.7846254514724,136.47772901454184,564.5647578915169
2019-07-27,,2.375,2.4,,,,,,,,,,,,,,
2019-07-28,,2.375,2.4,,,,,,,,,,,,,,
2019-07-29,,2.375,2.4,2.055000066757202,12.829999923706055,4.117000102996826,98.04000091552734,63.709999084472656,1642.68994140625,,,127.36952500160726,100.50020197581225,159.03398966962686,763.8168183421946,136.110598908172,565.7841030422858
2019-07-30,,2.375,2.4,2.061000108718872,13.9399995803833,4.1184000968933105,98.05000305175781,64.72000122070312,,,,,,,,,
2019-07-31,,2.375,2.39,2.0209999084472656,16.1200008392334,4.122499942779541,98.5199966430664,65.16999816894531,1634.8699951171875,1.9,,126.3233138963964,99.36476486970908,159.3202982369757,746.5164057681199,134.22115958068218,554.2014687127958
2019-08-01,508.608892809685,2.125,2.4,1.8940000534057617,17.8700008392334,4.118100166320801,98.38999938964844,60.5,1639.0699462890625,,,126.3642009461355,99.41923427816658,159.3244964850368,748.6415424397637,134.35065914259516,574.3015948658284
2019-08-02,,2.125,2.14,1.8550000190734863,17.610000610351562,4.140500068664551,98.0999984741211,61.88999938964844,1626.760009765625,,,126.09310809002845,99.04814712411945,162.13166804414078,736.7012231743578,134.0550900386512,573.0808708344032
2019-08-03,,2.125,2.14,,,,,,,,,,,,,,
2019-08-04,,2.125,2.14,,,,,,,,,,,,,,
2019-08-05,,2.125,2.14,1.7350000143051147,24.59000015258789,4.154200077056885,97.5,59.810001373291016,1610.4100341796875,,,124.91473571990768,97.7792465032466,161.8487057946236,720.4010710927818,131.92965178840686,566.4651926409116
2019-08-06,,2.125,2.13,1.7389999628067017,20.170000076293945,4.176499843597412,97.62999725341797,58.939998626708984,1611.7900390625,,,125.28884985682484,97.44818007101158,162.11334687535899,723.4873735164398,132.2413292622548,566.6951645326801
2019-08-07,,2.125,2.13,1.684000015258789,19.489999771118164,4.190299987792969,97.54000091552734,56.22999954223633,1604.699951171875,,,124.71876144616807,98.48026877165708,162.24980079274513,727.3297697305436,131.92939269684913,566.0777315022896
2019-08-08,,2.125,2.12,1.715999960899353,16.90999984741211,4.203999996185303,97.62000274658203,57.380001068115234,1616.02001953125,,,125.08893682180502,100.83197162389637,162.78858504573884,735.5779966301893,132.5946050480116,570.8480208666051
2019-08-09,,2.125,2.12,1.7339999675750732,17.969999313354492,4.182600021362305,97.48999786376953,58.529998779296875,1615.050048828125,,,125.02206405788274,100.03271844964034,163.09548628423386,741.8550780375868,133.227079836285,571.933203620523
2019-08-10,,2.125,2.12,,,,,,,,,,,,,,
2019-08-11,,2.125,2.12,,,,,,,,,,,,,,
2019-08-12,,2.125,2.12,1.6390000581741333,21.09000015258789,4.182000160217285,97.37999725341797,58.56999969482422,,,,,,,,,
2019-08-13,,2.125,2.12,1.6799999475479126,17.520000457763672,4.199399948120117,97.80999755859375,61.29999923706055,1592.8800048828125,,,122.98699621500148,99.31836024455092,164.18753253251907,720.8732883311123,131.8968712219388,565.3279126795854
2019-08-14,,2.125,2.12,1.5809999704360962,22.100000381469727,4.184999942779541,97.98999786376953,59.47999954223633,1600.31005859375,,,123.98717288853413,99.90645986508049,162.82445282379118,740.5300484590795,131.77055286629485,567.1403255164086
2019-08-15,,2.125,2.12,1.5290000438690186,21.18000030517578,4.1875,98.13999938964844,58.22999954223633,1600.2900390625,,,123.46993386367112,101.53745793933204,162.52482176698913,733.6834913923129,131.03280848879348,564.1469695074605
2019-08-16,,2.125,2.13,1.5390000343322754,18.469999313354492,4.189499855041504,98.13999938964844,58.63999938964844,1599.219970703125,,,123.44039576969152,100.93337477621363,163.6208968611706,740.137011591582,130.65300341525813,564.6683761800275
2019-08-17,,2.125,2.13,,,,,,,,,,,,,,
2019-08-18,,2.125,2.13,,,,,,,,,,,,,,
2019-08-19,,2.125,2.13,1.5980000495910645,16.8799991607666,4.175099849700928,98.3499984741211,59.7400016784668,1596.449951171875,,,123.16616243650662,100.58925939618469,164.82806498518065,745.7087828706143,131.50499492555286,568.4157973866329
2019-08-20,,2.125,2.13,1.5609999895095825,17.5,4.171199798583984,98.19000244140625,60.029998779296875,1602.75,,,124.53023425109933,101.19357937041215,164.2616398250456,750.3880155334873,132.22965520875334,567.750364703421
2019-08-21,,2.125,2.13,1.5770000219345093,15.800000190734863,4.178100109100342,98.30000305175781,60.29999923706055,1594.5899658203125,,,123.43191264954774,100.6024534490925,164.79322410667137,754.8029032478887,130.86937283834055,566.5701020799885
2019-08-22,,2.125,2.12,1.6100000143051147,16.68000030517578,4.172500133514404,98.16999816894531,59.91999816894531,1602.469970703125,,,123.61449436471585,101.22598612082825,165.1422203546301,753.7524492506356,131.48512770703724,575.1545737957244
2019-08-23,,2.125,2.12,1.527999997138977,19.8700008392334,4.1855998039245605,97.63999938964844,59.34000015258789,1609.3299560546875,,,124.12064753229441,102.66663094103046,166.55738913116681,754.4193387233973,131.98211567753202,586.4218485962281
2019-08-24,,2.125,2.12,,,,,,,,,,,,,,
2019-08-25,,2.125,2.12,,,,,,,,,,,,,,
2019-08-26,,2.125,2.12,1.5449999570846558,19.31999969482422,4.190000057220459,98.08000183105469,58.70000076293945,1600.530029296875,,,123.75984825688045,102.00365314154311,168.09124332704414,748.0874998315318,127.45253971599406,574.2297814098405
2019-08-27,,2.125,2.12,1.4900000095367432,20.309999465942383,4.198400020599365,98.0,59.5099983215332,1590.8399658203125,,,123.287889679963,101.17426216170537,168.81813784029245,741.3943923405898,125.73683296895506,577.2754595875006
2019-08-28,,2.125,2.12,1.465999960899353,19.350000381469727,4.199999809265137,98.20999908447266,60.4900016784668,1589.8199462890625,,,122.52123922588159,101.22942831944968,167.2318606136272,746.0335162303645,127.04918470750101,579.0610869401194
2019-08-29,,2.125,2.12,1.5160000324249268,17.8799991607666,4.211999893188477,98.51000213623047,61.08000183105469,1595.1800537109375,,,122.38473180599838,102.66018533885632,166.21083736028956,744.4891922479881,127.58385658211758,580.2819393814257
2019-08-30,,2.125,2.12,1.50600004196167,18.979999542236328,4.2154998779296875,98.91999816894531,60.43000030517578,1612.1400146484375,,,123.94691346003852,104.30482890000421,168.11403803452941,745.6464279632331,130.44206457284756,590.047976172324
2019-08-31,,2.125,2.13,,,,,,,2.0,,,,,,,
2019-09-01,506.856315453768,2.125,2.13,,,,,,,,,,,,,,
2019-09-02,,2.125,2.13,,,4.203000068664551,,,,,,,,,,,
2019-09-03,,2.125,2.13,1.465999960899353,19.65999984741211,4.219099998474121,98.94999694824219,58.2599983215332,1591.52001953125,,,123.3431800625123,101.88453489411529,168.78809688314493,747.8207652759631,125.39168458993386,582.7665364102295
2019-09-04,,2.125,2.13,1.4589999914169312,17.329999923706055,4.206699848175049,98.44999694824219,60.70000076293945,1599.8900146484375,,,124.05099347225882,103.11761985573942,168.7391820416722,744.8211077268606,128.4714255957111,583.4908020342784
2019-09-05,,2.125,2.13,1.565000057220459,16.270000457763672,4.190499782562256,98.41000366210938,60.95000076293945,1599.75,,,124.10500604974017,102.72359027258184,168.94370205565713,749.60621963207,129.0372765158103,587.1361157162345
2019-09-06,,2.125,2.13,1.5499999523162842,15.0,4.1890997886657715,98.38999938964844,61.540000915527344,1604.469970703125,,,123.74420973426832,102.88537627436203,168.98195837448426,761.5280610589697,130.29666529460803,586.5369256694594
2019-09-07,,2.125,2.12,,,,,,,,,,,,,,
2019-09-08,,2.125,2.12,,,,,,,,,,,,,,
2019-09-09,,2.125,2.12,1.621999979019165,15.270000457763672,4.177999973297119,98.27999877929688,62.59000015258789,,,,,,,,,
2019-09-10,,2.125,2.13,1.7020000219345093,15.199999809265137,4.162799835205078,98.33000183105469,62.380001068115234,1595.8499755859375,,,123.9350516295869,103.22049642810858,169.2036144056698,776.3696573062911,130.37301746094334,587.1595107625772
2019-09-11,,2.125,2.13,1.7330000400543213,14.609999656677246,4.164000034332275,98.6500015258789,60.810001373291016,1602.300048828125,,,124.32282185689789,103.59844689020193,167.2288907090303,782.6817005985494,135.24995473350037,589.6259115732435
2019-09-12,,2.125,2.13,1.7910000085830688,14.220000267028809,4.176000118255615,98.30999755859375,60.380001068115234,1601.0,,3.0,124.08114929396415,102.67779694680127,166.27432771417352,783.3585051398285,135.79960955122806,592.1085228039091
2019-09-13,,2.125,2.13,1.902999997138977,13.739999771118164,4.16510009765625,98.26000213623047,60.220001220703125,1601.25,,,124.24659190622833,103.12757066868883,166.78584235909753,785.1482893213964,135.53309919631204,592.1085228039091
2019-09-14,,2.125,2.14,,,,,,,,,,,,,,
2019-09-15,,2.125,2.14,,,,,,,,,,,,,,
2019-09-16,,2.125,2.14,1.840999960899353,14.670000076293945,4.165999889373779,98.6500015258789,69.0199966430664,,,,,,,,,
2019-09-17,,2.125,2.25,1.812000036239624,14.4399995803833,4.161499977111816,98.26000213623047,64.55000305175781,1604.300048828125,,,124.12271831957118,103.1153040525187,165.67880458929358,785.2208454309182,138.46137239057765,592.1085228039091
2019-09-18,,2.125,2.3,1.7860000133514404,13.949999809265137,4.184999942779541,98.5999984741211,63.599998474121094,1599.489990234375,,,124.44461631750134,102.9354988551751,166.48752456587462,801.3117624486796,138.17743132351384,591.490494148293
2019-09-19,,1.875,2.25,1.7740000486373901,14.050000190734863,4.182499885559082,98.2699966430664,64.4000015258789,1596.280029296875,,,124.40693941455613,102.41885034123592,166.28147450932423,804.5695661910584,138.46118575636007,590.8263108090761
2019-09-20,,1.875,1.9,1.7549999952316284,15.319999694824219,4.187300205230713,98.51000213623047,64.27999877929688,1597.4100341796875,,,124.67434608932446,102.27547931250425,165.79009489331776,809.5313661963552,138.50645982301245,590.2511524152221
2019-09-21,,1.875,1.9,,,,,,,,,,,,,,
2019-09-22,,1.875,1.9,,,,,,,,,,,,,,
2019-09-23,,1.875,1.9,1.7079999446868896,14.90999984741211,4.172500133514404,98.5999984741211,64.7699966430664,1592.9300537109375,,,124.75107646483698,101.20359547111654,165.47741657684335,800.6543132133652,136.8529962190287,586.0436834841848
2019-09-24,,1.875,1.9,1.6349999904632568,17.049999237060547,4.175099849700928,98.33999633789062,63.099998474121094,1592.3299560546875,,,124.33467075854719,102.0670555736096,164.7091497070875,808.4276597332114,136.7706251409639,588.4422644959391
2019-09-25,,1.875,1.9,1.7319999933242798,15.960000038146973,4.173099994659424,99.04000091552734,62.38999938964844,1589.5799560546875,,,124.23167762621993,101.90493219953431,166.37220497778918,804.7335571306074,137.08811688583916,587.8417414850907
2019-09-26,,1.875,1.9,1.684999942779541,16.06999969482422,4.189000129699707,99.20999908447266,62.7400016784668,1593.0,,,124.73997749892041,102.53551157087988,166.41493112679066,819.7035903583131,137.29987541644576,587.2204357230611
2019-09-27,,1.875,1.85,1.6749999523162842,17.219999313354492,4.184999942779541,99.11000061035156,61.90999984741211,1584.1400146484375,,,123.72705848779817,101.47758747963134,166.00402777170595,817.6198880134249,137.31977634562227,572.4858650314994
2019-09-28,,1.875,1.83,,,,,,,,,,,,,,
2019-09-29,,1.875,1.83,,,,,,,,,,,,,,
2019-09-30,,1.875,1.83,1.6749999523162842,16.239999771118164,4.190499782562256,99.37999725341797,60.779998779296875,1583.9100341796875,2.0,,123.54243399520888,101.43970683126628,166.4830780891027,823.0181670021643,137.33674713119873,562.5842449893537
2019-10-01,523.520131772373,1.875,1.9,1.6440000534057617,18.559999465942383,4.184599876403809,99.12999725341797,58.88999938964844,1589.43994140625,,,123.9292149957389,102.30106544961033,165.6669903683138,849.847829572529,137.5675686436263,567.4764661118419
2019-10-02,,1.875,1.88,1.5959999561309814,20.559999465942383,4.190000057220459,99.04000091552734,57.689998626708984,1574.9000244140625,,,122.77562591322628,100.27610487006851,167.35404691852133,852.6663524402605,136.9959211060016,566.294173774521
2019-10-03,,1.875,1.85,1.5360000133514404,19.1200008392334,4.184999942779541,98.86000061035156,57.709999084472656,1564.1199951171875,,,121.58169448196385,99.64218463923122,166.80713139948068,857.5385922891533,136.6581069792251,560.3323745919088
2019-10-04,,1.875,1.83,1.5149999856948853,17.040000915527344,4.184500217437744,98.80999755859375,58.369998931884766,1557.6700439453125,,,121.3073035312221,97.76401492719944,166.3255372564552,878.6421383248513,136.03789359355466,562.1245428506222
2019-10-05,,1.875,1.82,,,,,,,,,,,,,,
2019-10-06,,1.875,1.82,,,,,,,,,,,,,,
2019-10-07,,1.875,1.82,1.5529999732971191,17.860000610351562,4.182000160217285,98.98999786376953,58.349998474121094,1559.0,,,121.57687936537668,97.2379158693863,166.09560764242474,878.3615083580063,135.79674686245383,562.7518480911127
2019-10-08,,1.875,1.82,1.5369999408721924,20.280000686645508,4.190000057220459,99.13999938964844,58.2400016784668,1558.7900390625,,,121.73090791504453,97.48277563289855,166.02716760174195,876.3774956756795,134.04954400437225,563.883215317417
2019-10-09,,1.875,1.82,1.5889999866485596,18.639999389648438,4.190999984741211,99.12000274658203,58.31999969482422,1551.22998046875,,,120.60228332239322,96.77178791751447,165.31369934290703,857.5026696953367,134.96126728677018,555.206390409959
2019-10-10,,1.875,1.82,1.6579999923706055,17.56999969482422,4.195000171661377,98.70999908447266,59.099998474121094,1551.8699951171875,,,120.85929959570542,96.56069775445637,164.17151563917972,850.5386195375802,134.17717637424224,549.6303878785351
2019-10-11,,1.875,1.82,1.7519999742507935,15.579999923706055,4.186500072479248,98.30000305175781,60.5099983215332,1556.8399658203125,,,120.88933064590626,96.56430573228056,163.85241607413724,867.9945785441603,134.4270682498211,547.7693406628828
2019-10-12,,1.875,1.82,,,,,,,,,,,,,,
2019-10-13,,1.875,1.82,,,,,,,,,,,,,,
2019-10-14,,1.875,1.82,1.7330000400543213,14.569999694824219,4.179999828338623,98.44999694824219,59.349998474121094,1567.5899658203125,,,121.98549396408447,97.77201678292852,162.98239961454314,864.159346498383,136.007632215512,548.2481909265766
2019-10-15,,1.875,1.82,1.7710000276565552,13.539999961853027,4.185500144958496,98.29000091552734,58.7400016784668,1566.22998046875,,,122.18501419042158,98.3884162452114,163.10241118659533,877.4398668061833,135.79812059107365,552.2022139720953
2019-10-16,,1.875,1.9,1.7480000257492065,13.680000305175781,4.189000129699707,98.01000213623047,59.41999816894531,1574.9000244140625,,,122.64594009161225,99.17975595234311,161.0173340994412,887.2710625273687,137.01436957288612,557.1017205758013
2019-10-17,,1.875,1.9,1.7569999694824219,13.789999961853027,4.1880998611450195,97.61000061035156,59.90999984741211,1574.5,,,122.60629357232857,100.1048572674067,160.94152637405392,891.7749481210415,136.2872960089766,560.9236107860477
2019-10-18,,1.875,1.85,1.746999979019165,14.25,4.177000045776367,97.27999877929688,59.41999816894531,1571.1500244140625,,,122.7570629023014,98.37097027669594,161.29892812843946,908.3411494127596,136.58947007050034,555.6512581242765
2019-10-19,,1.875,1.85,,,,,,,,,,,,,,
2019-10-20,,1.875,1.85,,,,,,,,,,,,,,
2019-10-21,,1.875,1.85,1.7920000553131104,14.0,4.183000087738037,97.33000183105469,58.959999084472656,1570.9300537109375,,,122.5452367654952,98.62216139743065,164.25316330139478,911.1412426152172,137.06458275677656,559.3235276570864
2019-10-22,,1.875,1.85,1.7680000066757202,14.460000038146973,4.179999828338623,97.52999877929688,59.70000076293945,1574.0899658203125,,,122.47167954560048,98.63659990584462,161.52658100028762,914.981925077468,137.572006228577,559.8473824952239
2019-10-23,,1.875,1.85,1.7589999437332153,14.010000228881836,4.185999870300293,97.47000122070312,61.16999816894531,1568.7900390625,,,122.07837812102211,98.84557051825507,162.14904780904982,910.8290322487086,137.07346064988204,561.2598744208484
2019-10-24,,1.875,1.85,1.7660000324249268,13.710000038146973,4.184800148010254,97.62999725341797,61.66999816894531,1571.1099853515625,,,122.27531299500242,97.91364926327506,162.13422288514894,909.2075154010523,136.62217180936597,561.205258388325
2019-10-25,,1.875,1.85,1.8009999990463257,12.649999618530273,4.182499885559082,97.83000183105469,62.02000045776367,1570.0,,,122.0664271092208,98.69721782112721,160.50234336747985,882.2570299696043,136.78319696071017,558.7571794982505
2019-10-26,,1.875,1.83,,,,,,,,,,,,,,
2019-10-27,,1.875,1.83,,,,,,,,,,,,,,
2019-10-28,,1.875,1.83,1.8530000448226929,13.109999656677246,4.183499813079834,97.76000213623047,61.56999969482422,,,,,,,,,
2019-10-29,,1.875,1.83,1.8350000381469727,13.199999809265137,4.181099891662598,97.69000244140625,61.59000015258789,1577.7900390625,,,122.98935475992143,99.80501835328091,160.53871202327974,870.6837192115946,137.07037997313816,559.9812093818844
2019-10-30,,1.875,1.82,1.7979999780654907,12.329999923706055,4.180600166320801,97.6500015258789,60.61000061035156,1580.0,,,123.60555167712313,99.25637491281077,160.75061932173315,872.5023471657684,137.24860257866737,561.9033300662715
2019-10-31,,1.625,1.82,1.690999984741211,13.220000267028809,4.175099849700928,97.3499984741211,60.22999954223633,1597.97998046875,1.5,,127.44449870081527,100.24151549823779,159.2547293009893,885.1509610718857,137.60514675939888,556.3696011036694
2019-11-01,612.802778088192,1.625,1.58,1.7280000448226929,12.300000190734863,4.176300048828125,97.23999786376953,61.689998626708984,1593.3399658203125,,,126.47906245886462,100.37968928351664,158.98897703938937,886.2738392374733,137.18657239296863,557.2292549556602
2019-11-02,,1.625,1.57,,,,,,,,,,,,,,
2019-11-03,,1.625,1.57,,,,,,,,,,,,,,
2019-11-04,,1.625,1.57,1.7860000133514404,12.829999923706055,4.1620001792907715,97.51000213623047,62.130001068115234,1603.56005859375,,,126.54600299459852,101.73031798301484,160.13401251675376,893.6815569762085,138.59191120494967,569.5501420533213
2019-11-05,,1.625,1.56,1.8660000562667847,13.100000381469727,4.147600173950195,97.9800033569336,62.959999084472656,1606.739990234375,,3.0,127.46323235374103,102.70348514847089,159.84391954892124,900.8562867999779,139.30542414534733,560.5774846865673
2019-11-06,,1.625,1.56,1.8140000104904175,12.619999885559082,4.127999782562256,97.94999694824219,61.7400016784668,1603.25,,,127.50047000467457,102.26241986670652,161.7275030803611,890.1967515881902,138.0653403317175,557.2816997596747
2019-11-07,,1.625,1.55,1.9259999990463257,12.729999542236328,4.134500026702881,98.13999938964844,62.290000915527344,1609.3299560546875,,,127.66465757932986,102.73434066769138,161.08354003781005,901.2029001408583,138.76402461967345,561.592131076601
2019-11-08,,1.625,1.55,1.9329999685287476,12.069999694824219,,98.3499984741211,62.5099983215332,1609.72998046875,,,129.02806971563115,102.23510916565519,161.37378535241797,901.5945758334949,138.13265259259722,557.1842950398498
2019-11-09,,1.625,1.55,,,,,,,,,,,,,,
2019-11-10,,1.625,1.55,,,,,,,,,,,,,,
2019-11-11,,1.625,1.55,1.9429999589920044,12.6899995803833,4.130499839782715,98.19999694824219,62.18000030517578,1608.1500244140625,,,128.9363131627808,102.15369987143428,161.6705656469798,893.1216997802021,139.18537563015954,562.1950981328761
2019-11-12,,1.625,1.55,1.909000039100647,12.680000305175781,4.140999794006348,98.30999755859375,62.060001373291016,1609.72998046875,,,128.040670526429,103.94843911242917,162.24385588369069,886.0576880787306,140.63222459023046,561.5575398924401
2019-11-13,,1.625,1.55,1.8700000047683716,13.0,4.139999866485596,98.37000274658203,62.369998931884766,1597.219970703125,,,126.59203411428315,103.10935141807074,161.74226872335012,886.4412362871446,138.60625390830955,559.4726959988853
2019-11-14,,1.625,1.55,1.815000057220459,13.050000190734863,4.151000022888184,98.16000366210938,62.279998779296875,1593.550048828125,,,126.68959992337898,103.47052149080365,163.5634013571836,871.6137606358442,137.58303950548554,566.1870229203173
2019-11-15,,1.625,1.55,1.8339999914169312,12.050000190734863,4.159999847412109,98.0,63.29999923706055,1594.75,,,126.67636255038745,103.35435370117254,162.60632498399198,874.3802350037299,137.281127844561,567.4106481609995
2019-11-16,,1.625,1.55,,,,,,,,,,,,,,
2019-11-17,,1.625,1.55,,,,,,,,,,,,,,
2019-11-18,,1.625,1.55,1.8079999685287476,12.460000038146973,4.1504998207092285,97.79000091552734,62.439998626708984,1604.3599853515625,,,127.68552292765128,103.86111064861177,163.00007787638734,881.913468418282,138.55368545763312,569.3321464514353
2019-11-19,,1.625,1.55,1.7860000133514404,12.859999656677246,4.1529998779296875,97.86000061035156,60.90999984741211,1605.31005859375,,,128.1319616296401,103.94547821484628,162.40711776970662,885.508982836059,138.45702280365,571.2367887986884
2019-11-20,,1.625,1.55,1.7380000352859497,12.779999732971191,4.155099868774414,97.93000030517578,62.400001525878906,1601.1400146484375,,,128.0598701576977,105.7958372684856,162.75677229754524,893.6133367021171,136.7388136903534,568.8524934620228
2019-11-21,,1.625,1.55,1.7719999551773071,13.130000114440918,4.163000106811523,97.98999786376953,63.970001220703125,1592.18994140625,,,127.69787553780925,106.05642890975413,162.74921560687105,897.8578532948113,133.4941314229177,570.0627752325896
2019-11-22,,1.625,1.55,1.7740000486373901,12.34000015258789,4.166999816894531,98.2699966430664,63.38999938964844,1596.8399658203125,,,127.7046603955982,106.4131324734747,162.4003134534511,898.9854560154836,135.82702960263634,568.8550575282715
2019-11-23,,1.625,1.55,,,,,,,,,,,,,,
2019-11-24,,1.625,1.55,,,,,,,,,,,,,,
2019-11-25,,1.625,1.55,1.7640000581741333,11.869999885559082,4.170000076293945,98.31999969482422,63.650001525878906,1591.3499755859375,,,127.43677179878519,105.79130068426217,163.29420865305798,891.3774969670748,134.98419843332778,571.2626082784076
2019-11-26,,1.625,1.55,1.7400000095367432,11.539999961853027,4.176000118255615,98.25,64.2699966430664,1583.8699951171875,,,125.89294837098277,105.1195039639673,165.8456649514085,914.3028194368374,134.7311825142562,577.2759044309602
2019-11-27,,1.625,1.55,1.7669999599456787,11.75,4.16949987411499,98.41000366210938,64.05999755859375,1587.1800537109375,,,126.20132588406057,105.2247347752389,163.34234542247157,888.2971742836642,134.584030526585,575.5578173541932
2019-11-28,,1.625,1.55,,,4.16949987411499,,,1583.77001953125,,,125.74689434027408,104.66153897182413,163.18921795166432,879.4633483901727,133.7585794111404,572.5107405034057
2019-11-29,,1.625,1.55,1.7760000228881836,12.619999885559082,4.171999931335449,98.2699966430664,62.43000030517578,1561.739990234375,,,125.14056063462682,103.53064989392347,163.1831388058932,874.3975749276532,130.81433508361224,562.6972029212585
2019-11-30,,1.625,1.56,,,,,,,1.4,,,,,,,
2019-12-01,685.283404717487,1.625,1.56,,,,,,,,,,,,,,
2019-12-02,,1.625,1.56,1.8359999656677246,14.90999984741211,4.175000190734863,97.86000061035156,60.91999816894531,1570.550048828125,,,124.99573696463504,105.40959686636641,162.59825504773534,874.8708479728272,131.93556587914892,562.0718377983313
2019-12-03,,1.625,1.56,1.7089999914169312,15.960000038146973,4.176300048828125,97.73999786376953,60.81999969482422,1562.27001953125,,,124.46160933223769,105.05438307173085,161.57905722106835,886.5864884465136,131.4507262929334,552.9068253700513
2019-12-04,,1.625,1.55,1.781000018119812,14.800000190734863,4.172999858856201,97.6500015258789,63.0,1560.9300537109375,,,124.07174123357888,104.85179218243516,161.5960928945415,891.7188234484751,131.52304084656194,547.9843002522618
2019-12-05,,1.625,1.55,1.7970000505447388,14.520000457763672,4.173500061035156,97.41000366210938,63.38999938964844,1563.5799560546875,,,124.54432497078957,105.93851818965689,161.94754983145765,902.0276257762056,132.0233025878787,548.0745366832532
2019-12-06,,1.625,1.55,1.8420000076293945,13.619999885559082,4.166999816894531,97.69999694824219,64.38999938964844,1568.43994140625,,,124.17223293302038,107.85321571453397,163.67835269676814,907.6057206327357,131.665127795229,551.1013691736673
2019-12-07,,1.625,1.55,,,,,,,,,,,,,,
2019-12-08,,1.625,1.55,,,,,,,,,,,,,,
2019-12-09,,1.625,1.55,1.8289999961853027,15.859999656677246,4.1579999923706055,97.63999938964844,64.25,1562.7099609375,,,124.00275658029418,109.37275272737908,163.05334160751127,903.6296680825308,130.44690276808313,546.7818866797462
2019-12-10,,1.625,1.55,1.8329999446868896,15.680000305175781,4.158999919891357,97.41000366210938,64.33999633789062,1561.7900390625,,,123.45661951129412,109.00656094797307,163.5760055790936,901.242590866052,130.30393279586164,553.6278296432446
2019-12-11,,1.625,1.55,1.7899999618530273,14.989999771118164,4.159999847412109,97.16000366210938,63.720001220703125,1563.18994140625,,,123.78361171398808,109.05347703316825,163.43176914011138,900.4037682268,131.5608928706826,562.7579194152491
2019-12-12,,1.625,1.55,1.8969999551773071,13.9399995803833,4.1620001792907715,97.4000015258789,64.19999694824219,1567.3399658203125,,,123.63162884736391,109.60246288663038,163.06117071598254,924.170975102742,135.74555461609987,562.1257548775709
2019-12-13,,1.625,1.55,1.819000005722046,12.630000114440918,4.157599925994873,97.16999816894531,65.22000122070312,1571.1600341796875,,,124.24685927835853,109.80926007789071,162.63182023770736,932.3918749075508,137.87296575748894,557.9133685413268
2019-12-14,,1.625,1.55,,,,,,,,,,,,,,
2019-12-15,,1.625,1.55,,,,,,,,,,,,,,
2019-12-16,,1.625,1.55,1.8919999599456787,12.140000343322754,4.131999969482422,97.06999969482422,65.33999633789062,1569.3499755859375,,,124.05361770029893,109.27311393812423,161.76021096202163,940.8107303030274,139.10294967897292,561.7259505822393
2019-12-17,,1.625,1.56,1.8890000581741333,12.289999961853027,4.139999866485596,97.20999908447266,66.0999984741211,1576.949951171875,,,124.23594164274938,110.11884122316285,161.11424409375886,951.4684065844222,137.24440529359674,575.580306477194
2019-12-18,,1.625,1.55,1.9240000247955322,12.579999923706055,4.138999938964844,97.41000366210938,66.16999816894531,1599.1099853515625,,,126.76511315216696,110.56416527548242,160.81751692834277,946.5895832670618,138.1290492963003,582.9951425309666
2019-12-19,,1.625,1.55,1.9079999923706055,12.5,4.13700008392334,97.41999816894531,66.54000091552734,1596.010009765625,,,127.59266058014298,110.2285692854338,161.31469990098998,901.0273730236473,137.83349987048246,585.4580617045121
2019-12-20,,1.625,1.55,1.9170000553131104,12.510000228881836,4.138999938964844,97.70999908447266,66.13999938964844,1610.1800537109375,,,126.75374704651144,111.71894776269677,160.87067799547467,899.5002632722544,141.37573491254628,584.2123345476829
2019-12-21,,1.625,1.55,,,,,,,,,,,,,,
2019-12-22,,1.625,1.55,,,,,,,,,,,,,,
2019-12-23,,1.625,1.55,1.934999942779541,12.609999656677246,4.137499809265137,97.66000366210938,66.38999938964844,1614.1800537109375,,,127.22273081260902,110.60038231770038,161.72120212509932,892.4799815788759,141.2222970848695,582.4074005321398
2019-12-24,,1.625,1.55,1.909999966621399,12.670000076293945,4.139999866485596,97.6500015258789,67.19999694824219,1604.22998046875,,,126.81974221309684,110.1430014750184,162.0049139337929,894.586461750877,141.43404614933556,580.5237904349805
2019-12-25,,1.625,1.55,,,4.133999824523926,,,,,,,,,,,
2019-12-26,,1.625,1.55,1.9049999713897705,12.649999618530273,4.133999824523926,97.58999633789062,67.91999816894531,1603.550048828125,,,126.39811424863343,110.92384590327282,161.77741496071064,911.9051935610524,139.81996853946893,578.7255402618138
2019-12-27,,1.625,1.55,1.8739999532699585,13.430000305175781,4.130000114440918,96.91999816894531,68.16000366210938,1610.6099853515625,,,127.08125738404439,112.04152807040222,162.31656260570912,915.8845719300034,138.9656086346818,582.4461160081629
2019-12-28,,1.625,1.55,,,,,,,,,,,,,,
2019-12-29,,1.625,1.55,,,,,,,,,,,,,,
2019-12-30,,1.625,1.55,1.8949999809265137,14.819999694824219,4.125,96.73999786376953,68.44000244140625,1615.6700439453125,,,127.91545348219753,113.01907773762257,161.95638489858945,925.0130724996006,138.66446104008412,578.7362220309489
2019-12-31,,1.625,1.55,1.9190000295639038,13.779999732971191,4.10699987411499,96.38999938964844,66.0,1588.760009765625,1.4,,125.0871176151207,111.10208230090525,160.54425082778536,910.0523752953212,137.18959673652148,575.6901867374643
2020-01-01,726.585601903826,1.625,1.55,,,4.0879998207092285,,,,,,,,,,,
2020-01-02,,1.625,1.55,1.8819999694824219,12.470000267028809,4.0879998207092285,96.8499984741211,66.25,1602.5,,,127.00939489384002,112.2111784173539,161.3599086740684,923.3536962573138,138.15903024047108,578.8182634047084
2020-01-03,,1.625,1.55,1.7879999876022339,14.020000457763672,4.085000038146973,96.83999633789062,68.5999984741211,1611.3800048828125,,,127.29987562043745,112.7861082531669,162.06333207621026,938.7197015321842,139.3964565215742,586.7650541169801
2020-01-04,,1.625,1.55,,,,,,,,,,,,,,
2020-01-05,,1.625,1.55,,,,,,,,,,,,,,
2020-01-06,,1.625,1.55,1.8109999895095825,13.850000381469727,4.099999904632568,96.66999816894531,68.91000366210938,1597.760009765625,,,126.68736745934572,111.77713056739003,161.89826969347462,926.2612580198121,138.53578115616628,583.7222070879093
2020-01-07,,1.625,1.55,1.8270000219345093,13.789999961853027,4.099999904632568,96.9800033569336,68.2699966430664,1611.0400390625,,,127.72052378526611,112.41001006582493,161.68194235480547,934.1795108647526,139.45847422616689,584.9125009439983
2020-01-08,,1.625,1.55,1.8739999532699585,13.449999809265137,4.089399814605713,97.30000305175781,65.44000244140625,1589.0999755859375,,,125.11305505990175,111.01013761479561,161.39680338849305,923.3535942741455,138.88467608584344,588.4266791479683
2020-01-09,,1.625,1.55,1.8580000400543213,12.539999961853027,4.098999977111816,97.44999694824219,65.37000274658203,1595.6500244140625,,,126.12978604895741,111.65601052610852,161.6155384477487,928.817167217848,137.32087193306123,583.5402289590564
2020-01-10,,1.625,1.55,1.8250000476837158,12.5600004196167,4.0879998207092285,97.36000061035156,64.9800033569336,1591.4599609375,,,125.76585844157049,111.62584532245118,162.76463134426598,942.6422516210888,135.88862186221348,588.4703133459599
2020-01-11,,1.625,1.54,,,,,,,,,,,,,,
2020-01-12,,1.625,1.54,,,,,,,,,,,,,,
2020-01-13,,1.625,1.54,1.8480000495910645,12.319999694824219,4.074100017547607,97.3499984741211,64.19999694824219,1584.72998046875,,,125.07931408593855,111.22506866921242,161.53663581008044,953.7378010684291,134.3268734445245,589.7439209039208
2020-01-14,,1.625,1.54,1.8179999589920044,12.390000343322754,4.058000087738037,97.37000274658203,64.48999786376953,1580.5999755859375,,,124.74541955745867,110.6325472842212,160.6209723493067,945.0425106187984,134.2239322078891,591.6119233395971
2020-01-15,,1.625,1.54,1.7879999876022339,12.420000076293945,4.071499824523926,97.2300033569336,64.0,1585.1400146484375,,,125.41751234406937,110.32620576585967,161.47531964829346,961.6658103993437,133.72568177141017,612.4506233823738
2020-01-16,,1.625,1.54,1.809000015258789,12.319999694824219,4.070000171661377,97.31999969482422,64.62000274658203,1587.8800048828125,,,125.3854145048282,109.65644788957592,161.8527165378914,968.3327422342323,133.80672396696656,609.6819686057278
2020-01-17,,1.625,1.54,1.8359999656677246,12.100000381469727,4.061999797821045,97.61000061035156,64.8499984741211,1595.81005859375,,,125.4385824169558,109.73480374256835,161.36900577936362,971.3065498853771,136.27823306632695,611.159305956752
2020-01-18,,1.625,1.55,,,,,,,,,,,,,,
2020-01-19,,1.625,1.55,,,,,,,,,,,,,,
2020-01-20,,1.625,1.55,,,4.052599906921387,,,1588.8800048828125,,,124.76144952302757,109.08125790561492,161.7098760039433,982.6743601264639,134.41723893194325,616.7842644120508
2020-01-21,,1.625,1.55,1.7690000534057617,12.850000381469727,4.057000160217285,97.52999877929688,64.58999633789062,1587.3299560546875,,,124.84267462951763,109.98212168592465,160.48845275497575,993.5928902450719,135.04515658538764,635.9321561981461
2020-01-22,,1.625,1.55,1.7690000534057617,12.90999984741211,4.0690999031066895,97.52999877929688,63.209999084472656,1577.97998046875,,2.75,122.80687052560108,109.35153622035534,162.10324914978267,1014.4333926198199,134.64322641630005,653.4028459983468
2020-01-23,,1.625,1.55,1.7400000095367432,12.979999542236328,4.062600135803223,97.69000244140625,62.040000915527344,1574.43994140625,,,123.0363903286312,108.5350110907828,162.87947564375688,1022.3191812264565,134.06485709053132,651.086783657698
2020-01-24,,1.625,1.55,1.680999994277954,14.5600004196167,4.072000026702881,97.8499984741211,60.689998626708984,1572.81005859375,,,123.29968889139427,108.24952644818373,162.03553636196793,1044.4726032951528,134.03903334313424,655.7587477903703
2020-01-25,,1.625,1.55,,,,,,,,,,,,,,
2020-01-26,,1.625,1.55,,,,,,,,,,,,,,
2020-01-27,,1.625,1.55,1.6050000190734863,18.229999542236328,4.063000202178955,97.95999908447266,59.31999969482422,,,,,,,,,
2020-01-28,,1.625,1.55,1.6410000324249268,16.280000686645508,4.064499855041504,98.0199966430664,59.5099983215332,1551.6400146484375,,,121.67873701098489,105.22025072521039,161.13711281927368,1016.2642330031119,131.30226025829487,672.6971160468215
2020-01-29,,1.625,1.55,1.593999981880188,16.389999389648438,4.083499908447266,97.98999786376953,59.810001373291016,1550.469970703125,,,121.96167121880622,105.27348721694447,159.93103682341257,1050.1538692567262,129.9085765517838,665.0894998283718
2020-01-30,,1.625,1.55,1.5579999685287476,15.489999771118164,4.078100204467773,97.87000274658203,58.290000915527344,1545.5899658203125,,,121.61426593642453,104.93227030348335,159.92816531642373,1016.0208378585276,128.68365102212505,666.5956736458053
2020-01-31,,1.625,1.6,1.5199999809265137,18.84000015258789,4.084000110626221,97.38999938964844,58.15999984741211,1531.06005859375,1.4,,120.52051997962243,105.50186756314146,161.00465458223474,981.0311980452543,126.30639999129892,660.2841943770524
2020-02-01,642.252155857179,1.625,1.59,,,,,,,,,,,,,,
2020-02-02,,1.625,1.59,,,,,,,,,,,,,,
2020-02-03,,1.625,1.59,1.5199999809265137,17.969999313354492,4.093599796295166,97.80000305175781,54.45000076293945,1521.949951171875,,,119.44863859436464,104.2203316638449,159.77193400003372,979.1348056805072,125.77781822306923,657.6866609992404
2020-02-04,,1.625,1.59,1.6030000448226929,16.049999237060547,4.113500118255615,97.95999908447266,53.959999084472656,1535.800048828125,,,119.44153618054769,105.30845862559015,159.33821674135407,987.5950399222004,129.257421086345,655.8197005914692
2020-02-05,,1.625,1.59,1.6490000486373901,15.149999618530273,4.107999801635742,98.2699966430664,55.279998779296875,1536.7900390625,,,119.29994943397134,105.99310579521234,160.30367829483228,1004.1031857756897,128.99131055172316,656.9260521018817
2020-02-06,,1.625,1.59,1.6440000534057617,14.960000038146973,4.117599964141846,98.5,54.93000030517578,1552.77001953125,,,120.93117319695261,107.2054837031382,160.16219390463488,1018.9483747152648,129.44075692097377,660.4373675643158
2020-02-07,,1.625,1.59,1.5779999494552612,15.470000267028809,4.119999885559082,98.68000030517578,54.470001220703125,1554.489990234375,,,122.12986388421774,107.46138650610999,161.8443673796612,1007.9753990330099,128.91639391380275,660.8375407296057
2020-02-08,,1.625,1.58,,,,,,,,,,,,,,
2020-02-09,,1.625,1.58,,,,,,,,,,,,,,
2020-02-10,,1.625,1.58,1.5470000505447388,15.039999961853027,4.139100074768066,98.83000183105469,53.27000045776367,1542.800048828125,,,121.22077899849928,107.16751827314492,162.99501224679,984.1432994099923,128.45849185771385,662.890653868964
2020-02-11,,1.625,1.58,1.590000033378601,15.180000305175781,4.145100116729736,98.72000122070312,54.0099983215332,1551.47998046875,,,121.63057856451908,107.86330245163103,163.70566468647587,988.2017685421927,130.70121120897898,660.4126619674141
2020-02-12,,1.625,1.58,1.6299999952316284,13.739999771118164,4.1305999755859375,99.05000305175781,55.790000915527344,1542.93994140625,,,119.06118732624742,107.94250415066662,166.64418975713454,992.6141666330432,129.5286723487751,667.9174630991716
2020-02-13,,1.625,1.58,1.6169999837875366,14.149999618530273,4.139999866485596,99.06999969482422,56.34000015258789,1539.1600341796875,,,118.54459222075558,107.47703073133417,167.47674423109973,995.4093166084375,129.424990835238,669.1575034945703
2020-02-14,,1.625,1.58,1.5880000591278076,13.680000305175781,4.139500141143799,99.12000274658203,57.31999969482422,1544.4599609375,,,118.11074397323644,108.25072468163795,168.6299678170306,991.3207570431302,129.28413312906275,668.5865876991604
2020-02-15,,1.625,1.58,,,,,,,,,,,,,,
2020-02-16,,1.625,1.58,,,,,,,,,,,,,,
2020-02-17,,1.625,1.58,,,4.138999938964844,,,1537.1199951171875,,,118.60792536659388,107.61506870699868,167.85208758052923,985.5565086239892,129.42935611881197,662.2149071964685
2020-02-18,,1.625,1.58,1.555999994277954,14.829999923706055,4.142499923706055,99.45999908447266,57.75,1537.0799560546875,,,119.01572026837827,106.57074922783029,167.2719769832177,972.9990014862029,129.51045200899355,653.909492727404
2020-02-19,,1.625,1.59,1.5700000524520874,14.380000114440918,4.152500152587891,99.5999984741211,59.119998931884766,1534.1600341796875,,,119.14579846455729,105.72306393229998,167.34047441793615,958.2495386239347,130.07130756256993,639.8575362048391
2020-02-20,,1.625,1.59,1.524999976158142,15.5600004196167,4.1605000495910645,99.87000274658203,59.310001373291016,1534.97998046875,,,119.8795341534467,105.25773640518112,166.75788902169955,962.7533655369705,129.88956008762835,636.0917452890114
2020-02-21,,1.625,1.59,1.4709999561309814,17.079999923706055,4.178100109100342,99.26000213623047,58.5,1531.199951171875,,,120.03665798400654,105.3201272203525,166.20015449509052,958.7685085520292,129.01912461654013,629.7553484014846
2020-02-22,,1.625,1.58,,,,,,,,,,,,,,
2020-02-23,,1.625,1.58,,,,,,,,,,,,,,
2020-02-24,,1.625,1.58,1.3769999742507935,25.030000686645508,4.186600208282471,99.29000091552734,56.29999923706055,1490.06005859375,,,116.28494915214729,101.58076540135971,166.64669655009476,935.181903878895,127.74161508871671,637.398615418112
2020-02-25,,1.625,1.58,1.3300000429153442,27.850000381469727,4.222499847412109,98.97000122070312,54.95000076293945,1500.8800048828125,,,117.24946823209257,101.66266569142488,167.9235928959084,955.9774252749905,127.35708860246764,643.3722792780968
2020-02-26,,1.625,1.58,1.309999942779541,27.559999465942383,4.23199987411499,99.0,53.43000030517578,1495.18994140625,,,116.85138131942527,102.31179418673644,167.57988919599063,940.3476850399068,125.06166380143841,642.7939321202186
2020-02-27,,1.625,1.58,1.2990000247955322,39.15999984741211,4.222599983215332,98.44000244140625,52.18000030517578,1505.5899658203125,,,117.56961898206548,102.09022562899854,168.3096057792422,910.255832004067,124.9754089635019,646.7429233851562
2020-02-28,,1.625,1.58,1.1269999742507935,40.11000061035156,4.208499908447266,98.12999725341797,50.52000045776367,1482.6400146484375,,,116.33405185708095,100.41578597441851,168.8880078065994,873.5947190342213,123.87074967109699,634.4697002796622
2020-02-29,,1.625,1.58,,,,,,,1.6,,,,,,,
2020-03-01,557.90283704059,1.625,1.58,,,,,,,,,,,,,,
2020-03-02,,1.625,1.58,1.0880000591278076,33.41999816894531,4.210999965667725,97.36000061035156,51.900001525878906,1466.93994140625,,,114.3805652883908,98.84027586303584,166.98096972079247,871.653668206292,120.49279537070309,631.5389825639526
2020-03-03,,1.625,1.59,1.0099999904632568,36.81999969482422,4.200099945068359,97.1500015258789,51.86000061035156,1478.6400146484375,,2.5,115.16053855233417,100.10757393786749,167.3503854050596,880.961290224769,121.44250139084166,641.2522746781256
2020-03-04,,1.125,1.59,0.9919999837875366,31.989999771118164,4.2108001708984375,97.33999633789062,51.130001068115234,1489.949951171875,,,116.07822074356618,100.15181525048517,167.88160227549088,861.5041947113551,123.71551016755642,648.0595971767877
2020-03-05,,1.125,1.09,0.9259999990463257,39.619998931884766,4.177999973297119,96.81999969482422,49.9900016784668,1491.030029296875,,,116.2275604527775,100.00136007627074,168.03011074335598,875.4531462125565,124.61490035775941,653.1332974214405
2020-03-06,,1.125,1.09,0.7059999704360962,41.939998626708984,4.158999919891357,95.94999694824219,45.27000045776367,1483.0999755859375,,,114.84295572492246,100.01327939022673,168.3876322691848,860.4283999633152,123.9829377870332,658.4421181738816
2020-03-07,,1.125,1.09,,,,,,,,,,,,,,
2020-03-08,,1.125,1.09,,,,,,,,,,,,,,
2020-03-09,,1.125,1.09,0.49900001287460327,54.459999084472656,4.170100212097168,94.9000015258789,34.36000061035156,1424.1600341796875,,,110.21544856865646,93.71766960303069,167.59620657287647,772.4275133755145,111.50435793841528,643.5081118934515
2020-03-10,,1.125,1.09,0.7480000257492065,47.29999923706055,4.215000152587891,96.41000366210938,37.220001220703125,1430.469970703125,,,112.71153694014066,93.03858252446598,167.57067404852003,815.2563689487133,109.91955585217774,636.415244838223
2020-03-11,,1.125,1.09,0.8199999928474426,53.900001525878906,4.232500076293945,96.51000213623047,35.790000915527344,1443.8299560546875,,,112.92447477063907,95.34769657056277,169.15543804001894,817.7297490175722,113.38168730063869,654.1156357118514
2020-03-12,,1.125,1.09,0.8489999771118164,75.47000122070312,4.244999885559082,97.47000122070312,33.220001220703125,1419.4300537109375,,,110.05770443005368,92.5735075695729,166.09945541752603,783.5421672936766,112.37274773948612,659.4343632197066
2020-03-13,,1.125,1.1,0.9509999752044678,57.83000183105469,4.269999980926514,98.75,33.849998474121094,1344.75,,,110.05770443005368,89.46004209845375,163.14605922570814,746.5707139472206,110.19777867327593,659.4343632197066
2020-03-14,,1.125,1.1,,,,,,,,,,,,,,
2020-03-15,,1.125,1.1,,,,,,,,,,,,,,
2020-03-16,,0.125,1.1,0.7279999852180481,82.69000244140625,4.276000022888184,98.08999633789062,30.049999237060547,1280.6300048828125,,,96.95960392858902,87.33714952285425,150.39497673409363,658.8942315958348,105.38664644944072,562.0397097662335
2020-03-17,,0.125,0.25,0.996999979019165,75.91000366210938,4.306099891662598,99.58000183105469,28.729999542236328,1256.5799560546875,,,94.94501681777191,85.34361930550071,146.2847726613021,695.9050191173096,105.92336008514201,553.6490584680596
2020-03-18,,0.125,0.25,1.2660000324249268,76.44999694824219,4.348499774932861,101.16000366210938,24.8799991607666,1239.010009765625,,,91.24182365136559,84.17126550239922,148.0553016734914,646.7084227271312,108.19415336618614,517.53590130286
2020-03-19,,0.125,0.25,1.11899995803833,72.0,4.370999813079834,102.76000213623047,28.469999313354492,1219.719970703125,,,87.74028225128791,85.34990901924964,143.53000308088403,591.0326765080436,106.38486898131292,509.097851515779
2020-03-20,,0.125,0.2,0.9380000233650208,66.04000091552734,4.412600040435791,102.81999969482422,26.979999542236328,1303.280029296875,,,97.36172397527712,91.41975224116499,146.90960652244888,671.6564932237989,111.6277902043704,563.0993178122958
2020-03-21,,0.125,0.15,,,,,,,,,,,,,,
2020-03-22,,0.125,0.15,,,,,,,,,,,,,,
2020-03-23,,0.125,0.15,0.7639999985694885,61.59000015258789,4.392000198364258,102.48999786376953,27.030000686645508,1259.8800048828125,,,92.23217553230405,88.86594633488193,143.74664122579065,625.098023572298,107.8732652268725,538.5884285036723
2020-03-24,,0.125,0.15,0.8159999847412109,61.66999816894531,4.440000057220459,101.73999786376953,27.149999618530273,1291.1400146484375,,,97.37493671178618,90.1023888694035,146.71474331767834,672.940726181579,107.57661979390123,529.7591544603347
2020-03-25,,0.125,0.12,0.8579999804496765,63.95000076293945,4.427999973297119,101.05000305175781,27.389999389648438,1324.5,,,99.15209008911093,94.31183566746681,150.84972399213575,704.9286383514523,111.25517830700092,538.1502998406153
2020-03-26,,0.125,0.1,0.8109999895095825,61.0,4.387499809265137,99.41999816894531,26.34000015258789,1328.0899658203125,,,98.45003411162652,94.48753253832734,153.58562546869464,695.903961303144,113.18507038434942,536.3564105645688
2020-03-27,,0.125,0.1,0.7490000128746033,65.54000091552734,4.329999923706055,98.37000274658203,24.93000030517578,1343.0899658203125,,,100.3179983205071,95.43928854696081,153.68208454782527,728.1442477962829,113.985747630113,547.8464763914808
2020-03-28,,0.125,0.1,,,,,,,,,,,,,,
2020-03-29,,0.125,0.1,,,,,,,,,,,,,,
2020-03-30,,0.125,0.1,0.6700000166893005,57.08000183105469,4.320000171661377,99.18000030517578,22.760000228881836,1328.8800048828125,,,99.3155140278548,94.11412502552609,148.7147864343966,714.2492001648133,113.83528299733024,553.1413287956606
2020-03-31,,0.125,0.09,0.6980000138282776,53.540000915527344,4.330999851226807,99.05000305175781,22.739999771118164,1350.8900146484375,1.3,,100.96579865506132,98.15456572716549,146.684591634195,753.0449605026624,118.19319117948844,575.0330224402236
2020-04-01,518.474155088473,0.125,0.08,0.6349999904632568,57.060001373291016,4.309999942779541,99.66999816894531,24.739999771118164,1322.6600341796875,,,99.25844618940151,95.52041644571744,146.99841616666478,754.2155617375823,113.27478470328663,551.8126080241336
2020-04-02,,0.125,0.06,0.6269999742507935,50.90999984741211,4.355100154876709,100.18000030517578,29.940000534057617,1330.9000244140625,,,99.50833871634903,95.66105043095195,148.30853483419168,795.7302052241189,116.65800168052145,563.4974582256956
2020-04-03,,0.125,0.05,0.5870000123977661,46.79999923706055,4.355500221252441,100.58000183105469,34.11000061035156,1330.6500244140625,,,99.38107825711155,95.9501062525733,146.825448943456,791.676335799267,114.83440718696309,569.6994603693846
2020-04-04,,0.125,0.05,,,,,,,,,,,,,,
2020-04-05,,0.125,0.05,,,,,,,,,,,,,,
2020-04-06,,0.125,0.05,0.6759999990463257,45.2400016784668,4.355999946594238,100.69000244140625,33.04999923706055,1341.68994140625,,,100.92223376749618,95.00125486064252,147.07059114647043,826.3034584889435,113.92801261735785,568.3916643283329
2020-04-07,,0.125,0.05,0.7360000014305115,46.70000076293945,4.361000061035156,99.9800033569336,31.8700008392334,1369.9200439453125,,,102.29047797525286,99.13593984433129,146.9546423600115,851.4202148755489,115.801081481172,590.4087650966038
2020-04-08,,0.125,0.05,0.7639999985694885,43.349998474121094,4.335000038146973,100.12000274658203,32.84000015258789,1361.3900146484375,,,101.9099920606289,95.94742977118213,147.37926565438306,831.853076227246,115.98524158766523,603.5294628182247
2020-04-09,,0.125,0.05,0.7289999723434448,41.66999816894531,4.34250020980835,99.5199966430664,31.479999542236328,1369.760009765625,,,102.36133599519601,97.85241558177444,146.9617201314367,845.2651338951039,116.22184403650762,612.5300774984684
2020-04-10,,0.125,0.05,,,4.317500114440918,,,1357.5,,,102.12312739284728,97.18368998912064,146.70370009158466,825.5601704166464,116.2353944645121,610.6480830866526
2020-04-11,,0.125,0.05,,,,,,,,,,,,,,
2020-04-12,,0.125,0.05,,,,,,,,,,,,,,
2020-04-13,,0.125,0.05,0.7490000128746033,41.16999816894531,4.305500030517578,99.3499984741211,31.739999771118164,1356.030029296875,,,101.61702877171376,96.56062006431497,145.18280648408785,804.6401187347858,116.48995966764363,616.9696277084047
2020-04-14,,0.125,0.05,0.7519999742507935,37.7599983215332,4.326099872589111,98.88999938964844,29.600000381469727,1371.6600341796875,,,102.88553184130835,96.87037732172506,145.4831634270062,840.3390296051148,119.52048776139348,627.6539064892918
2020-04-15,,0.125,0.05,0.6380000114440918,40.84000015258789,4.329999923706055,99.45999908447266,27.690000534057617,1387.7900390625,,,103.06093511438486,97.74985945575251,147.76473272874537,859.6183792593141,122.0139234009061,641.6810670303208
2020-04-16,,0.125,0.05,0.609000027179718,40.11000061035156,4.3404998779296875,100.02999877929688,27.81999969482422,1386.530029296875,,,102.91151552699363,97.44513482082336,149.79611543048262,863.5309581877456,121.59239174500118,634.9716256316665
2020-04-17,,0.125,0.05,0.6539999842643738,38.150001525878906,4.372000217437744,99.77999877929688,28.079999923706055,1407.3399658203125,,,104.442838029593,98.32022255431639,151.69266645202492,882.2492631372755,122.95404198138252,641.5896528026649
2020-04-18,,0.125,0.05,,,,,,,,,,,,,,
2020-04-19,,0.125,0.05,,,,,,,,,,,,,,
2020-04-20,,0.125,0.05,0.6259999871253967,43.83000183105469,4.367499828338623,99.95999908447266,25.56999969482422,1413.1199951171875,,,106.00078405080086,98.34215321347214,151.70901923041097,872.2123059073546,122.5595761214751,646.334138807634
2020-04-21,,0.125,0.05,0.5709999799728394,45.40999984741211,4.372000217437744,100.26000213623047,19.329999923706055,1381.72998046875,,,102.98556457242513,95.41767347878752,149.52546447754557,850.7849571653275,118.42834079822715,619.1779028103014
2020-04-22,,0.125,0.05,0.6190000176429749,41.97999954223633,4.39300012588501,100.38999938964844,20.3700008392334,1381.8900146484375,,,101.5283901554146,94.6251235472123,149.72122766536572,858.5756353312679,120.3741954234639,635.0269036616695
2020-04-23,,0.125,0.05,0.6129999756813049,41.380001068115234,4.367199897766113,100.43000030517578,21.329999923706055,1381.6400146484375,,,101.46879250305348,95.17515364951407,148.20386700719982,860.7437719950743,120.3741954234639,638.1890190467481
2020-04-24,,0.125,0.04,0.5960000157356262,35.93000030517578,4.357800006866455,100.37999725341797,21.440000534057617,1369.8499755859375,,,101.2069167330591,94.6205749353115,148.29393458619583,869.093306100084,118.20327523446772,648.9825337066613
2020-04-25,,0.125,0.05,,,,,,,,,,,,,,
2020-04-26,,0.125,0.05,,,,,,,,,,,,,,
2020-04-27,,0.125,0.05,0.656000018119812,33.290000915527344,4.35699987411499,100.04000091552734,19.989999771118164,1370.1600341796875,,,101.45508022276479,95.13158148629883,147.4164683615893,868.0936021767586,116.78338689046339,645.561049453315
2020-04-28,,0.125,0.04,0.6100000143051147,33.56999969482422,4.355500221252441,99.87000274658203,20.459999084472656,1372.199951171875,,,100.60170463836225,95.27862709198482,147.097408461851,859.5564646024334,116.80749531802974,653.0145268980751
2020-04-29,,0.125,0.04,0.6269999742507935,31.229999542236328,4.359000205993652,99.56999969482422,22.540000915527344,1380.300048828125,,,100.56238432298912,97.19739929768295,149.53569769657273,872.5866460803306,117.02362441399552,655.6895955564186
2020-04-30,,0.125,0.04,0.621999979019165,34.150001525878906,4.3414998054504395,99.0199966430664,25.270000457763672,1407.780029296875,1.3,,102.87805469915077,99.21869358718621,150.6938303831804,891.8020828766611,121.19447645687116,669.5666269701914
2020-05-01,498.330427767313,0.125,0.05,0.6420000195503235,37.189998626708984,4.293000221252441,98.80000305175781,26.440000534057617,,,,,,,,,
2020-05-02,,0.125,0.05,,,,,,,,,,,,,,
2020-05-03,,0.125,0.05,,,,,,,,,,,,,,
2020-05-04,,0.125,0.05,0.6370000243186951,35.970001220703125,4.295599937438965,99.4800033569336,27.200000762939453,1376.5899658203125,,,100.53107406022863,96.33088395165389,151.68813873696496,875.4417117223444,118.38011807574667,659.5409084069048
2020-05-05,,0.125,0.05,0.6570000052452087,33.61000061035156,4.315000057220459,99.70999908447266,30.969999313354492,1389.550048828125,,2.0,101.60427203489097,96.87746364239136,151.87730630916053,881.8318280837443,120.27107204676982,663.8756163558272
2020-05-06,,0.125,0.05,0.7110000252723694,34.119998931884766,4.300000190734863,100.08999633789062,29.719999313354492,1376.9300537109375,,,100.41500365604622,96.42032735827989,152.47031076647303,885.6697364502133,119.47213039851783,659.5928787552873
2020-05-07,,0.125,0.05,0.6309999823570251,31.440000534057617,4.322000026702881,99.88999938964844,29.459999084472656,,,,,,,,,
2020-05-08,,0.125,0.05,0.6819999814033508,27.979999542236328,4.322000026702881,99.7300033569336,30.969999313354492,1382.31005859375,,,100.70947326515662,95.99394596100448,153.494475478415,890.8749977643844,119.22591378857939,665.2585953382732
2020-05-09,,0.125,0.05,,,,,,,,,,,,,,
2020-05-10,,0.125,0.05,,,,,,,,,,,,,,
2020-05-11,,0.125,0.05,0.7260000109672546,27.56999969482422,4.331500053405762,100.23999786376953,29.6299991607666,,,,,,,,,
2020-05-12,,0.125,0.05,0.6779999732971191,33.040000915527344,4.331500053405762,99.93000030517578,29.979999542236328,1379.9300537109375,,,100.08342089879017,95.54529120692781,152.15078766744102,891.8432661266726,117.50661033419733,685.8600425370477
2020-05-13,,0.125,0.05,0.6489999890327454,35.279998779296875,4.326000213623047,100.23999786376953,29.190000534057617,1397.1300048828125,,,100.91168054764488,96.69806327982342,151.10849151107078,899.1547226047749,117.48347616346973,735.1789675179353
2020-05-14,,0.125,0.05,0.6190000176429749,32.61000061035156,4.328000068664551,100.47000122070312,31.1299991607666,1397.25,,,99.70412139188122,95.23064695044702,150.10535249865544,882.4852498749332,117.60110058664866,767.2370301134885
2020-05-15,,0.125,0.05,0.6399999856948853,31.889999389648438,4.3379998207092285,100.4000015258789,32.5,1403.43994140625,,,100.01900440933231,95.16105168770615,149.51323042676555,884.6272563889265,119.30860164772751,778.7652633592323
2020-05-16,,0.125,0.05,,,,,,,,,,,,,,
2020-05-17,,0.125,0.05,,,,,,,,,,,,,,
2020-05-18,,0.125,0.05,0.7440000176429749,29.299999237060547,4.3491997718811035,99.66999816894531,34.810001373291016,1410.1600341796875,,,100.1075260166884,97.58728625123054,149.4067266504272,875.8009792419409,119.60803536967737,785.3887149785361
2020-05-19,,0.125,0.05,0.7110000252723694,30.530000686645508,4.35260009765625,99.37000274658203,34.650001525878906,1423.969970703125,,,100.78469651557569,100.18736381461746,149.95825845641556,882.6548662139201,121.70954060417544,792.0901789667804
2020-05-20,,0.125,0.05,0.6800000071525574,27.989999771118164,4.346099853515625,99.12000274658203,35.75,1435.1199951171875,,,100.87837096260512,101.3694068083427,150.96915107854377,904.8864259168267,122.23648533265231,804.1831854368253
2020-05-21,,0.125,0.05,0.6769999861717224,29.530000686645508,4.3460001945495605,99.37000274658203,36.060001373291016,1452.1099853515625,,,101.78467512583151,104.4392894212715,151.77211458244452,899.4998609507769,129.82659798617527,840.4791570099976
2020-05-22,,0.125,0.05,0.6570000052452087,28.15999984741211,4.343999862670898,99.86000061035156,35.130001068115234,1436.760009765625,,,100.0833280431199,102.95958268520027,150.37950916406479,895.8311470508733,127.73061619293324,839.6103575372406
2020-05-23,,0.125,0.05,,,,,,,,,,,,,,
2020-05-24,,0.125,0.05,,,,,,,,,,,,,,
2020-05-25,,0.125,0.05,,,4.361000061035156,,,,,,,,,,,
2020-05-26,,0.125,0.05,0.6980000138282776,28.010000228881836,4.361000061035156,98.91000366210938,36.16999816894531,,,,,,,,,
2020-05-27,,0.125,0.05,0.6800000071525574,27.6200008392334,4.361000061035156,99.05999755859375,34.7400016784668,1451.72998046875,,,99.42420156489989,104.55089977003857,151.44229633473643,908.254671947353,131.52181401185254,878.7924054839253
2020-05-28,,0.125,0.05,0.7049999833106995,28.59000015258789,4.3480000495910645,98.37999725341797,35.290000915527344,1457.5,,,100.21064058419024,104.87592089362788,150.44713498799905,901.9648870024471,132.92683004312116,882.3183744302389
2020-05-29,,0.125,0.05,0.6480000019073486,27.510000228881836,4.3480000495910645,98.33999633789062,35.33000183105469,1473.25,,,101.94644438720748,104.97902063547235,152.557248177972,945.580067926989,142.23903408741202,894.9831363070933
2020-05-30,,0.125,0.05,,,,,,,,,,,,,,
2020-05-31,,0.125,0.05,,,,,,,1.3,,,,,,,
2020-06-01,573.22358653095,0.125,0.05,0.6620000004768372,28.229999542236328,4.3420000076293945,97.83000183105469,38.31999969482422,,,,,,,,,
2020-06-02,,0.125,0.05,0.6800000071525574,26.84000015258789,4.311999797821045,97.66999816894531,39.56999969482422,1507.68994140625,,,101.94644438720748,104.97902063547235,152.557248177972,945.580067926989,142.23903408741202,894.9831363070933
2020-06-03,,0.125,0.06,0.7609999775886536,25.65999984741211,4.272500038146973,97.27999877929688,39.790000915527344,1538.530029296875,,,111.05727680405712,103.82194959201674,151.93404369931736,981.4825266642803,138.78588930029338,991.9407200213362
2020-06-04,,0.125,0.06,0.8199999928474426,25.809999465942383,4.254499912261963,96.68000030517578,39.9900016784668,1561.8399658203125,,,113.4439042897037,104.5329870232645,155.09798365087062,984.3470843816448,141.85143691156136,1029.928637497821
2020-06-05,,0.125,0.06,0.9039999842643738,24.520000457763672,4.270500183105469,96.94000244140625,42.29999923706055,1556.3299560546875,,,112.54706716171012,103.83305386516413,154.85885021371314,975.8940424888733,139.38081485616655,1091.219930427803
2020-06-06,,0.125,0.07,,,,,,,,,,,,,,
2020-06-07,,0.125,0.07,,,,,,,,,,,,,,
2020-06-08,,0.125,0.07,0.8840000033378601,25.809999465942383,4.264999866485596,96.62000274658203,40.79999923706055,,,,,,,,,
2020-06-09,,0.125,0.07,0.8289999961853027,27.56999969482422,4.257500171661377,96.31999969482422,41.18000030517578,1575.1600341796875,,,113.99208093084312,104.37557313617079,157.04084765963268,988.1340163453157,141.32483678304047,1135.8546918933262
2020-06-10,,0.125,0.07,0.7480000257492065,27.56999969482422,4.2729997634887695,95.95999908447266,41.72999954223633,1575.27001953125,,,113.99868717210315,104.59165833210054,158.0410676601359,1030.9829398940644,142.00122364549287,1132.5491309258268
2020-06-11,,0.125,0.08,0.652999997138977,40.790000915527344,4.249000072479248,96.7300033569336,38.54999923706055,1557.25,,,112.28519113229805,104.77335564749508,156.23907016139208,1007.6316698726233,139.7312663936428,1122.3599375226859
2020-06-12,,0.125,0.08,0.6990000009536743,36.09000015258789,4.247000217437744,97.31999969482422,38.72999954223633,1546.02001953125,,,109.21588725518731,104.52654537289018,158.65093304757517,1015.9938654014727,140.44154421869104,1118.3805582592522
2020-06-13,,0.125,0.08,,,,,,,,,,,,,,
2020-06-14,,0.125,0.08,,,,,,,,,,,,,,
2020-06-15,,0.125,0.08,0.7020000219345093,34.400001525878906,4.26800012588501,96.68000030517578,39.720001220703125,1498.8299560546875,,,105.70598866929146,103.51011701629429,154.5884397255707,967.7635564064225,134.5240087543625,1048.8452048222605
2020-06-16,,0.125,0.09,0.7559999823570251,33.66999816894531,4.276500225067139,96.95999908447266,40.959999084472656,1517.7099609375,,,106.95122462955058,103.91939068486008,156.78443092531936,996.3565966692668,135.19527976440372,1100.5912836751156
2020-06-17,,0.125,0.09,0.7329999804496765,33.470001220703125,4.275000095367432,97.16000366210938,40.709999084472656,1526.3199462890625,,,108.36074041151886,104.60847895839007,157.0894817758608,1000.3580579849335,135.09105307851846,1091.6266099978639
2020-06-18,,0.125,0.09,0.6940000057220459,32.939998626708984,4.2779998779296875,97.41999816894531,41.5099983215332,1504.9100341796875,,,107.25946126570425,103.71017477592981,154.9076984170265,993.4955309779813,134.35186672359555,1051.091699595996
2020-06-19,,0.125,0.09,0.6970000267028809,35.119998931884766,4.2754998207092285,97.62000274658203,42.189998626708984,1507.260009765625,,,106.3661388817758,104.75685737768737,153.71621819316016,1000.14682339758,135.45288999030848,1072.7488404979035
2020-06-20,,0.125,0.09,,,,,,,,,,,,,,
2020-06-21,,0.125,0.09,,,,,,,,,,,,,,
2020-06-22,,0.125,0.09,0.7039999961853027,31.770000457763672,4.264999866485596,97.04000091552734,43.08000183105469,1511.239990234375,,,106.89017605587124,103.6544413907143,156.72356170159668,993.4894253103586,136.07138744332778,1072.7936256145138
2020-06-23,,0.125,0.08,0.7089999914169312,31.3700008392334,4.270500183105469,96.69000244140625,42.630001068115234,1507.0400390625,,,105.55399677655184,103.29386296305496,155.53238763456548,992.7044904832977,137.77246735390648,1075.3378722669456
2020-06-24,,0.125,0.08,0.6840000152587891,33.84000015258789,4.276000022888184,97.1500015258789,40.310001373291016,1502.6300048828125,,,105.4863095834681,104.25200075227879,156.82949227203738,1017.407255199473,135.50603247778977,1068.1183319920628
2020-06-25,,0.125,0.08,0.6740000247955322,32.220001220703125,4.276000022888184,97.43000030517578,41.04999923706055,1489.199951171875,,,104.64921475682975,102.94369571032888,156.73557211954017,1009.7728271711455,133.56817727418897,1063.4233568042034
2020-06-26,,0.125,0.08,0.6359999775886536,34.72999954223633,4.276500225067139,97.5,41.02000045776367,1488.1400146484375,,,105.17608973841797,102.48185108517751,155.53908703809103,1016.3537277250927,133.28883176052696,1042.8409773754263
2020-06-27,,0.125,0.08,,,,,,,,,,,,,,
2020-06-28,,0.125,0.08,,,,,,,,,,,,,,
2020-06-29,,0.125,0.08,0.6359999775886536,31.780000686645508,4.28849983215332,97.54000091552734,41.709999084472656,1494.4300537109375,,,104.01831642080856,103.79782291558462,154.66649918150944,999.72751535735,131.39304588587854,1069.6806041129269
2020-06-30,,0.125,0.08,0.652999997138977,30.43000030517578,4.28249979019165,97.38999938964844,41.150001525878906,1500.969970703125,1.1,,104.34744250057966,103.3506087508266,156.19665405144102,1025.4925598742168,131.13509524682863,1086.8725713688082
2020-07-01,610.495597533936,0.125,0.08,0.6819999814033508,28.6200008392334,4.2820000648498535,97.19999694824219,42.029998779296875,1514.4300537109375,,,104.92443093366045,104.24700104973232,157.20007428019326,1045.7801941908424,131.3653097864092,1126.7751996661445
2020-07-02,,0.125,0.08,0.6690000295639038,27.68000030517578,4.283999919891357,97.31999969482422,43.13999938964844,1536.280029296875,,,107.05377564029195,105.34837572100713,157.7457745385534,1061.132286880269,134.06362791159887,1146.0051146765154
2020-07-03,,0.125,0.09,,,4.2829999923706055,,,1552.6500244140625,,,107.82473848509531,104.58028464021534,156.53046926521407,1069.527559424972,136.46174525293148,1184.863669226292
2020-07-04,,0.125,0.09,,,,,,,,,,,,,,
2020-07-05,,0.125,0.09,,,,,,,,,,,,,,
2020-07-06,,0.125,0.09,0.6840000152587891,27.940000534057617,4.284999847412109,96.79000091552734,43.099998474121094,1576.9000244140625,,,108.97403585306489,105.65973148728803,156.76406131950532,1113.1540363817585,138.34985640779846,1236.792422197475
2020-07-07,,0.125,0.09,0.6499999761581421,29.43000030517578,4.275000095367432,96.87999725341797,43.08000183105469,1566.719970703125,,1.75,109.05334154045005,104.82225070943552,158.6107070757422,1127.6488740133727,133.81937377179784,1258.8341430415828
2020-07-08,,0.125,0.09,0.652999997138977,28.079999923706055,4.2729997634887695,96.43000030517578,43.290000915527344,1583.5,,,111.70763966134191,105.99348907852963,157.1843538857912,1139.43237419449,134.93207455691908,1262.6147294991554
2020-07-09,,0.125,0.09,0.6050000190734863,29.260000228881836,4.267000198364258,96.69999694824219,42.349998474121094,1583.25,,,112.35002257233202,105.41367716258068,156.31048572788478,1169.6774860340622,132.10610932649448,1282.2855363448223
2020-07-10,,0.125,0.09,0.6330000162124634,27.290000915527344,4.261000156402588,96.6500015258789,43.2400016784668,1591.8399658203125,,,112.8006763981946,106.23942316164596,157.06677856034537,1166.7346916954607,131.97644163430053,1307.368800817295
2020-07-11,,0.125,0.09,,,,,,,,,,,,,,
2020-07-12,,0.125,0.09,,,,,,,,,,,,,,
2020-07-13,,0.125,0.09,0.6399999856948853,32.189998626708984,4.264500141143799,96.45999908447266,42.720001220703125,1606.4300537109375,,,112.69503676258088,105.9649171460854,155.57772633318638,1183.1217321447955,131.20651495600214,1368.0353189155678
2020-07-14,,0.125,0.09,0.6150000095367432,29.520000457763672,4.262499809265137,96.26000213623047,42.900001525878906,1598.75,,,112.02761690844447,106.20805237415077,154.6090233758442,1174.2541944513625,132.00820827868375,1345.5227654232817
2020-07-15,,0.125,0.09,0.6299999952316284,27.760000228881836,4.26800012588501,96.08000183105469,43.790000915527344,1585.56005859375,,,111.66286486833911,107.33825458279749,154.90018676172264,1192.460631720084,131.20858822353688,1299.0089125322359
2020-07-16,,0.125,0.1,0.6119999885559082,28.0,4.260000228881836,96.3499984741211,43.369998931884766,1573.47998046875,,,110.87917224822867,107.20279695418702,154.73563606784145,1174.7717662850841,131.06267503566417,1235.0746327950792
2020-07-17,,0.125,0.1,0.628000020980835,25.68000030517578,4.265500068664551,95.94000244140625,43.13999938964844,1596.3299560546875,,,110.56115006197567,106.95633905427009,154.51253080345128,1181.615007566661,131.6429462698657,1332.681806532186
2020-07-18,,0.125,0.09,,,,,,,,,,,,,,
2020-07-19,,0.125,0.09,,,,,,,,,,,,,,
2020-07-20,,0.125,0.09,0.6200000047683716,24.459999084472656,4.262499809265137,95.83000183105469,43.279998779296875,1589.449951171875,,,107.89719727092708,107.14322687473074,155.22423354118985,1181.2396443093526,130.56487878049262,1381.7821416851807
2020-07-21,,0.125,0.1,0.6069999933242798,24.84000015258789,4.257999897003174,95.12000274658203,44.31999969482422,1595.9300537109375,,,109.38569365354044,106.24939996386655,155.51168816510366,1233.721757319716,131.35633859364097,1383.6429921216488
2020-07-22,,0.125,0.1,0.5950000286102295,24.31999969482422,4.258999824523926,94.97000122070312,44.290000915527344,1586.97998046875,,,108.68969354008,107.22674345165122,155.86403313996706,1218.24575848509,131.28696511906224,1382.9240160673598
2020-07-23,,0.125,0.09,0.5820000171661377,26.079999923706055,4.250500202178955,94.69000244140625,43.310001373291016,1606.4200439453125,,,110.07248467148361,108.32321710215085,156.14950072553404,1217.7693579626557,133.25454482166344,1424.1474399519193
2020-07-24,,0.125,0.09,0.5889999866485596,25.84000015258789,4.254000186920166,94.44000244140625,43.34000015258789,1589.6099853515625,,,108.62106568300946,107.25248447645308,156.31615382210842,1207.629137672968,130.2240415548136,1404.097672464377
2020-07-25,,0.125,0.09,,,,,,,,,,,,,,
2020-07-26,,0.125,0.09,,,,,,,,,,,,,,
2020-07-27,,0.125,0.09,0.609000027179718,24.739999771118164,4.260000228881836,93.66999816894531,43.40999984741211,1591.47998046875,,,108.07403585139488,108.86771108859006,154.78195248121202,1245.1839493852037,129.31561855918392,1408.7712801994971
2020-07-28,,0.125,0.1,0.5809999704360962,25.440000534057617,4.25,93.76000213623047,43.220001220703125,1609.93994140625,,,108.32192359557793,109.61547017305027,154.6708436088591,1336.437319986672,132.09017546552025,1433.5278463384884
2020-07-29,,0.125,0.1,0.5789999961853027,24.100000381469727,4.249000072479248,93.26000213623047,43.75,1611.4200439453125,,,108.09480176375988,109.24978419046016,154.67508483192512,1347.8423869335338,133.07783384710808,1438.6174959955572
2020-07-30,,0.125,0.1,0.5410000085830688,24.760000228881836,4.240499973297119,93.0199966430664,42.939998626708984,1603.75,,,106.51347700668995,109.48355817280795,154.0140704083956,1369.519832357314,132.94721799647328,1437.4570878999007
2020-07-31,,0.125,0.1,0.5360000133514404,24.459999084472656,4.236999988555908,93.48999786376953,43.29999923706055,,1.2,,,,,,,
2020-08-01,674.699438865209,0.125,0.1,,,,,,,,,,,,,,
2020-08-02,,0.125,0.1,,,,,,,,,,,,,,
2020-08-03,,0.125,0.1,0.5630000233650208,24.280000686645508,4.236999988555908,93.5,44.150001525878906,1572.6099853515625,,,103.52192449338473,107.51270303755072,152.39256628359442,1407.0010478416712,128.2055865181154,1451.863918300185
2020-08-04,,0.125,0.1,0.5149999856948853,23.760000228881836,4.222499847412109,93.37999725341797,44.43000030517578,1575.93994140625,,,103.81365419267543,107.07400127318456,152.56472404690845,1447.2012921222395,126.92149527979039,1485.720447287146
2020-08-05,,0.125,0.1,0.5429999828338623,22.989999771118164,4.218999862670898,92.83000183105469,45.16999816894531,1568.1300048828125,,,103.33376708640097,105.8543659922843,153.59426173439815,1439.9954376775554,125.36604966369526,1506.2626552521756
2020-08-06,,0.125,0.1,0.5360000133514404,22.649999618530273,4.192500114440918,92.79000091552734,45.09000015258789,1588.5699462890625,,,104.38466423874951,107.6905343065514,153.44300397115862,1437.3722944101942,127.50835305514308,1540.1364548313086
2020-08-07,,0.125,0.1,0.5619999766349792,22.209999084472656,4.185999870300293,93.44000244140625,44.400001525878906,1578.1400146484375,,,103.74045206078581,105.83636359304403,153.72502705456952,1394.084200273207,127.88916632188221,1525.4621986852976
2020-08-08,,0.125,0.1,,,,,,,,,,,,,,
2020-08-09,,0.125,0.1,,,,,,,,,,,,,,
2020-08-10,,0.125,0.1,0.5740000009536743,22.1299991607666,4.184999942779541,93.58000183105469,44.9900016784668,1571.6600341796875,,,104.01572051989952,107.69684682897325,154.15069120471176,1333.332165573977,128.00587196807575,1498.4579851890255
2020-08-11,,0.125,0.1,0.6579999923706055,24.030000686645508,4.192999839782715,93.62999725341797,44.5,1564.739990234375,,,104.02455869686149,106.31347828344965,154.84761349493493,1336.7771711547362,127.61370899228446,1471.1834073120638
2020-08-12,,0.125,0.1,0.6700000166893005,22.280000686645508,4.192500114440918,93.44000244140625,45.43000030517578,1556.6400146484375,,,106.75696019020124,106.23745221535272,154.5553090892987,1343.3705538098109,127.26836394070678,1420.3088595709644
2020-08-13,,0.125,0.1,0.7160000205039978,22.1299991607666,4.190999984741211,93.33999633789062,44.959999084472656,1576.4200439453125,,,108.8759142135573,107.3583466303644,156.40240929875156,1357.5056480133733,129.3147891306463,1441.975305508408
2020-08-14,,0.125,0.1,0.7089999914169312,22.049999237060547,4.189000129699707,93.0999984741211,44.79999923706055,1564.5899658203125,,,108.37185478310221,107.01733729214264,154.20948048041075,1331.8644560361936,129.39065712776824,1403.6186722088346
2020-08-15,,0.125,0.1,,,,,,,,,,,,,,
2020-08-16,,0.125,0.1,,,,,,,,,,,,,,
2020-08-17,,0.125,0.1,0.6830000281333923,21.350000381469727,4.188000202178955,92.8499984741211,45.369998931884766,1560.739990234375,,,108.62167774378267,107.65723276297676,155.78430379043832,1344.8205815118395,132.7922370300708,1375.0793314504444
2020-08-18,,0.125,0.1,0.6690000295639038,21.510000228881836,4.189000129699707,92.2699966430664,45.459999084472656,1577.8499755859375,,,106.79248906933677,106.8667962709486,155.19668989860722,1353.8884218507628,130.6882808378867,1476.447783648677
2020-08-19,,0.125,0.09,0.675000011920929,22.540000915527344,4.180500030517578,92.88999938964844,45.369998931884766,1575.3800048828125,,,106.06948069285104,106.88284811984217,155.54003399207843,1378.045667108712,129.96478355005297,1522.7585453857455
2020-08-20,,0.125,0.09,0.6439999938011169,22.719999313354492,4.170000076293945,92.79000091552734,44.900001525878906,,,,,,,,,
2020-08-21,,0.125,0.09,0.6399999856948853,22.540000915527344,4.170000076293945,93.25,44.349998474121094,1577.1199951171875,,,104.98234245796819,106.69959250163036,156.36504855726062,1417.8391445471646,130.7052144621553,1549.876546342067
2020-08-22,,0.125,0.09,,,,,,,,,,,,,,
2020-08-23,,0.125,0.09,,,,,,,,,,,,,,
2020-08-24,,0.125,0.09,0.6460000276565552,22.3700008392334,4.177499771118164,93.30000305175781,45.130001068115234,1568.5799560546875,,,103.70452739712593,107.09921740064286,156.42285831480257,1440.0802402948675,129.09962283230377,1545.5923355651807
2020-08-25,,0.125,0.09,0.6819999814033508,22.030000686645508,4.172999858856201,93.0199966430664,45.86000061035156,1554.9599609375,,,103.60835574852307,107.99534271306868,156.46318862564033,1408.6143552181054,130.85045884935863,1486.9523747741248
2020-08-26,,0.125,0.09,0.6869999766349792,23.270000457763672,4.166999816894531,93.01000213623047,45.63999938964844,1549.5799560546875,,,102.533199347274,106.77031697330783,156.81849556020228,1424.0237208988756,129.088889153792,1511.5907372162997
2020-08-27,,0.125,0.09,0.7459999918937683,24.469999313354492,4.166999816894531,93.01000213623047,45.09000015258789,1554.780029296875,,,102.57437662167337,107.39422801721996,156.49179036111855,1436.738957504185,128.69642645639024,1522.117639670266
2020-08-28,,0.125,0.08,0.7289999723434448,22.959999084472656,4.170000076293945,92.37000274658203,45.04999923706055,1525.2099609375,,,100.85688844293806,106.64425353841767,157.8706631324119,1432.3722908029274,125.18813745167404,1518.6583697093215
2020-08-29,,0.125,0.09,,,,,,,,,,,,,,
2020-08-30,,0.125,0.09,,,,,,,,,,,,,,
2020-08-31,,0.125,0.09,0.6930000185966492,26.40999984741211,4.163000106811523,92.13999938964844,45.279998779296875,,1.1,,,,,,,
2020-09-01,707.32528125622,0.125,0.09,0.671999990940094,26.1200008392334,4.168000221252441,92.33999633789062,45.58000183105469,1521.4300537109375,,,97.89712377519454,106.69512261762743,156.3510841365149,1439.3443345437306,125.28523306929338,1525.0148838735067
2020-09-02,,0.125,0.09,0.6510000228881836,26.56999969482422,4.144999980926514,92.8499984741211,44.43000030517578,1537.5400390625,,,99.7130846379907,107.79802537139848,157.30145391909718,1452.573638432097,128.6771538477575,1515.8570468764792
2020-09-03,,0.125,0.09,0.621999979019165,33.599998474121094,4.143499851226807,92.73999786376953,44.06999969482422,1515.4000244140625,,,99.14332754262931,106.72785809493229,157.41827537691407,1463.9324333182797,128.37022893295176,1478.9723219895893
2020-09-04,,0.125,0.09,0.7210000157356262,30.75,4.144999980926514,92.72000122070312,42.65999984741211,1515.8599853515625,,,99.0397448904036,105.59466065302061,156.8474980383273,1422.1912474427277,128.17394557054783,1485.5881194663496
2020-09-05,,0.125,0.09,,,,,,,,,,,,,,
2020-09-06,,0.125,0.09,,,,,,,,,,,,,,
2020-09-07,,0.125,0.09,,,4.146999835968018,,,1516.3800048828125,,,99.18995555140624,106.89063651011261,157.95386010129766,1404.5193760670766,129.22470813003886,1476.7241847790797
2020-09-08,,0.125,0.09,0.6840000152587891,31.459999084472656,4.15500020980835,93.4800033569336,39.779998779296875,1519.3199462890625,,,100.05737997318143,106.73181668706742,158.49017534877018,1379.021269820573,131.80167030071888,1421.072658055562
2020-09-09,,0.125,0.09,0.703000009059906,28.809999465942383,4.164999961853027,93.26000213623047,40.790000915527344,1496.719970703125,,,99.73371803158159,106.34081787358434,158.83002024473492,1367.9696164010745,129.87396525905146,1374.137818043347
2020-09-10,,0.125,0.09,0.6850000023841858,29.709999084472656,4.169000148773193,93.33999633789062,40.060001373291016,1490.1199951171875,,1.75,99.91423975698751,107.24660716490976,160.16218127590125,1328.9211117531818,129.8275985090952,1308.1935932838473
2020-09-11,,0.125,0.09,0.6690000295639038,26.8700008392334,4.1620001792907715,93.33000183105469,39.83000183105469,1504.8499755859375,,,99.3816420200284,106.35156799158318,160.46878647869406,1380.7989889771852,128.6392233810563,1441.0412149871768
2020-09-12,,0.125,0.09,,,,,,,,,,,,,,
2020-09-13,,0.125,0.09,,,,,,,,,,,,,,
2020-09-14,,0.125,0.09,0.6710000038146973,25.850000381469727,4.151500225067139,93.06999969482422,39.61000061035156,1511.3599853515625,,,98.33430249326244,106.0291972990426,162.5252479468325,1405.6375865895563,128.48889877022464,1518.5615288442352
2020-09-15,,0.125,0.09,0.6790000200271606,25.59000015258789,4.143499851226807,93.05000305175781,40.529998779296875,1531.280029296875,,,101.5060331076788,107.32691898470677,161.01002145532564,1416.7939403260534,129.19565034492848,1499.4691681842698
2020-09-16,,0.125,0.09,0.6869999766349792,26.040000915527344,4.127999782562256,93.20999908447266,42.220001220703125,,,,,,,,,
2020-09-17,,0.125,0.09,0.6840000152587891,26.459999084472656,4.127999782562256,92.97000122070312,43.29999923706055,1513.0699462890625,,,99.99057628642632,106.70963228328512,161.07812077298712,1409.5235514918813,128.02245690401804,1442.549744975348
2020-09-18,,0.125,0.09,0.6940000057220459,25.829999923706055,4.13700008392334,92.93000030517578,43.150001525878906,1506.6300048828125,,,97.92615462218514,106.24406970583216,157.21707393315413,1384.759797266324,129.83810088673783,1467.1041190809624
2020-09-19,,0.125,0.09,,,,,,,,,,,,,,
2020-09-20,,0.125,0.09,,,,,,,,,,,,,,
2020-09-21,,0.125,0.09,0.6710000038146973,27.780000686645508,4.111999988555908,93.54000091552734,41.439998626708984,1499.4300537109375,,,96.88998113301034,106.71727630169848,158.11582998795447,1371.7224960356286,128.33586661960697,1459.1245473674787
2020-09-22,,0.125,0.09,0.6639999747276306,26.860000610351562,4.119999885559082,93.98999786376953,41.720001220703125,1505.780029296875,,,97.30565322894637,106.73196396071747,159.69168233127883,1387.8409363086266,128.39870133745308,1451.9630918060236
2020-09-23,,0.125,0.09,0.6759999990463257,28.579999923706055,4.131999969482422,94.38999938964844,41.77000045776367,1496.47998046875,,,96.51267226630586,106.95700581139977,158.09966591138848,1391.209983489426,126.66043953814827,1439.6488018946704
2020-09-24,,0.125,0.09,0.6660000085830688,28.510000228881836,4.119999885559082,94.3499984741211,41.939998626708984,1500.800048828125,,,95.38800947567748,107.01902376701715,158.48950100598984,1392.5699263337447,125.20383827839663,1467.1034046670322
2020-09-25,,0.125,0.09,0.6589999794960022,26.3799991607666,4.165999889373779,94.58000183105469,41.91999816894531,1509.1400146484375,,,95.28351451793277,106.34898106349347,157.5025376039441,1424.225210497384,125.69744716467551,1515.6648777478733
2020-09-26,,0.125,0.09,,,,,,,,,,,,,,
2020-09-27,,0.125,0.09,,,,,,,,,,,,,,
2020-09-28,,0.125,0.09,0.6629999876022339,26.190000534057617,4.169000148773193,94.26000213623047,42.43000030517578,1511.6600341796875,,,95.43588521231582,106.29601692040798,156.34852770913238,1445.1504058723613,126.14789467201805,1520.5848521606022
2020-09-29,,0.125,0.09,0.6449999809265137,26.270000457763672,4.172999858856201,93.88999938964844,41.029998779296875,1503.9000244140625,,,96.24204214325539,106.7570736591309,155.9282047813126,1449.0405357514346,125.16547137679576,1496.0677122022232
2020-09-30,,0.125,0.09,0.6769999861717224,26.3700008392334,4.15500020980835,93.88999938964844,40.95000076293945,1504.8199462890625,1.1,,96.6541556490369,106.896477640158,155.28634439499788,1427.7877134992561,126.61626582418234,1485.4456274419442
2020-10-01,730.949822826911,0.125,0.09,0.6769999861717224,26.700000762939453,4.152500152587891,93.70999908447266,40.93000030517578,1496.77001953125,,,96.63982395256168,104.3464131949906,155.04935143110873,1460.4176587967527,126.45452529528033,1492.7438693872796
2020-10-02,,0.125,0.09,0.6959999799728394,27.6299991607666,4.1479997634887695,93.83999633789062,39.27000045776367,1500.300048828125,,,96.03493749424314,104.71610584779818,153.87809644681343,1431.4469712085092,126.26154191813504,1513.1975025882125
2020-10-03,,0.125,0.09,,,,,,,,,,,,,,
2020-10-04,,0.125,0.09,,,,,,,,,,,,,,
2020-10-05,,0.125,0.09,0.7620000243186951,27.959999084472656,4.1620001792907715,93.51000213623047,41.290000915527344,1512.4300537109375,,,96.20198939479596,106.73795516876578,153.2204924160534,1447.9935350580438,129.50325549132475,1530.0131542282222
2020-10-06,,0.125,0.09,0.7419999837875366,29.479999542236328,4.149499893188477,93.83000183105469,42.650001525878906,1509.469970703125,,,96.49363863836254,105.8538290405859,151.27735510794133,1458.7297192267756,129.9881792736813,1499.963899969698
2020-10-07,,0.125,0.09,0.7850000262260437,28.059999465942383,4.150000095367432,93.62999725341797,41.9900016784668,1489.56005859375,,,95.35215123112613,103.75699464737738,151.52301537002813,1499.6016208985834,125.1312383627254,1509.3794919907164
2020-10-08,,0.125,0.09,0.7649999856948853,26.360000610351562,4.15500020980835,93.61000061035156,43.34000015258789,1519.4300537109375,,,97.94348849349068,106.5541658093565,153.22896192012425,1507.2605957807448,130.72563646411706,1539.5669402358453
2020-10-09,,0.125,0.09,0.7749999761581421,25.0,4.150000095367432,93.05999755859375,42.849998474121094,1530.3499755859375,,,99.20127485527253,107.09506372635677,152.49940458802138,1511.1853070275122,128.7140062823651,1533.0400182538883
2020-10-10,,0.125,0.09,,,,,,,,,,,,,,
2020-10-11,,0.125,0.09,,,,,,,,,,,,,,
2020-10-12,,0.125,0.09,0.7770000100135803,25.06999969482422,4.142499923706055,93.06999969482422,41.720001220703125,1518.4300537109375,,,97.6943893818383,105.22228986442403,150.35995473623964,1503.0354308582334,128.44330224542037,1551.4259655860553
2020-10-13,,0.125,0.09,0.7269999980926514,26.06999969482422,4.143499851226807,93.52999877929688,42.45000076293945,1525.199951171875,,,98.0876162959887,106.23882632257369,150.19013915149483,1511.6275472135083,130.50765790857912,1557.3109802175027
2020-10-14,,0.125,0.09,0.722000002861023,26.399999618530273,4.139999866485596,93.37999725341797,43.31999969482422,1523.25,,,96.92652458213851,104.89125698071466,149.12137324488782,1500.8588438332677,129.5185306932544,1593.74239364949
2020-10-15,,0.125,0.09,0.7310000061988831,26.969999313354492,4.1479997634887695,93.86000061035156,43.15999984741211,1513.949951171875,,,97.11695965134814,103.7444500807099,148.57038086735113,1491.788484934892,128.42565734768183,1594.30493781225
2020-10-16,,0.125,0.09,0.7440000176429749,27.40999984741211,4.1529998779296875,93.68000030517578,42.93000030517578,1503.8399658203125,,,96.36498937055994,102.19529982080233,148.41127006653772,1518.0071494968129,125.82261468916084,1598.8601403404016
2020-10-17,,0.125,0.09,,,,,,,,,,,,,,
2020-10-18,,0.125,0.09,,,,,,,,,,,,,,
2020-10-19,,0.125,0.09,0.7609999775886536,29.18000030517578,4.146999835968018,93.43000030517578,42.619998931884766,1518.1099853515625,,,96.65443251765065,103.74405378683593,147.42186159942744,1547.1776131162353,126.65605193928423,1634.7170990104046
2020-10-20,,0.125,0.09,0.796999990940094,29.350000381469727,4.145999908447266,93.06999969482422,43.15999984741211,1510.969970703125,,,96.2730081525725,103.32124394936267,146.27809835774852,1575.6894895520254,123.8487257787904,1662.9098069651498
2020-10-21,,0.125,0.09,0.8159999847412109,28.649999618530273,4.146999835968018,92.61000061035156,41.72999954223633,1492.4000244140625,,,95.9521095022339,102.72714880005796,147.4737270795458,1571.0348846882846,123.45215768744782,1614.7639185649787
2020-10-22,,0.125,0.09,0.8479999899864197,28.110000610351562,4.140999794006348,92.94999694824219,42.459999084472656,1498.800048828125,,,95.14361984268679,103.37918742550815,147.67395000123219,1562.4151271728795,124.48445012815488,1620.9079340090605
2020-10-23,,0.125,0.09,0.8410000205039978,27.549999237060547,4.141499996185303,92.7699966430664,41.77000045776367,1494.6400146484375,,,96.01350940776312,102.55013071543502,147.5595863572431,1581.523443776734,123.5078455003664,1596.9371959780265
2020-10-24,,0.125,0.09,,,,,,,,,,,,,,
2020-10-25,,0.125,0.09,,,,,,,,,,,,,,
2020-10-26,,0.125,0.09,0.8009999990463257,32.459999084472656,4.15500020980835,93.05000305175781,40.459999084472656,1494.6099853515625,,,95.62571662293746,105.34123492797376,146.63523209551127,1585.0436801190515,122.86799705747204,1591.2236862069242
2020-10-27,,0.125,0.09,0.777999997138977,33.349998474121094,4.163000106811523,92.94000244140625,41.20000076293945,1500.3499755859375,,,95.62129259498141,104.65674123545818,148.76019576121624,1587.739864383645,122.70595083242404,1614.7288394157267
2020-10-28,,0.125,0.09,0.781000018119812,40.279998779296875,4.159999847412109,93.41000366210938,39.119998931884766,1495.199951171875,,,95.12079136118574,104.18035461879886,146.82874251681815,1589.0563411071157,122.65116780554237,1607.2898669514611
2020-10-29,,0.125,0.09,0.8349999785423279,37.59000015258789,4.1539998054504395,93.95999908447266,37.650001525878906,,,,,,,,,
2020-10-30,,0.125,0.09,0.8600000143051147,38.02000045776367,4.1545000076293945,94.04000091552734,37.459999084472656,1466.8900146484375,,,93.06514197954492,101.80150282795204,146.24954290945337,1542.6115720007533,121.20821851868175,1570.87784996171
2020-10-31,,0.125,0.09,,,,,,,1.0,,,,,,,
2020-11-01,841.639684375727,0.125,0.09,,,,,,,,,,,,,,
2020-11-02,,0.125,0.09,0.8489999771118164,37.130001068115234,4.150000095367432,94.05000305175781,38.970001220703125,1466.4599609375,,,92.25451704582271,103.3251138862131,144.18743458999012,1523.6504116618794,121.79385828248239,1564.3957262766444
2020-11-03,,0.125,0.09,0.8820000290870667,35.54999923706055,4.15500020980835,93.55000305175781,39.709999084472656,1461.449951171875,,1.75,92.8233024669947,102.99438493092832,142.68808096640143,1528.4858944643383,122.81512088397307,1552.2422432244318
2020-11-04,,0.125,0.09,0.7680000066757202,29.56999969482422,4.1539998054504395,93.41000366210938,41.22999954223633,1464.6099853515625,,,92.82624146785633,104.33374948562523,141.77510836400666,1545.8036835688636,123.37295285322966,1535.9378435050362
2020-11-05,,0.125,0.09,0.7760000228881836,27.579999923706055,4.165500164031982,92.52999877929688,40.93000030517578,1501.489990234375,,,94.409022011569,107.62385980148115,143.08821520635829,1600.3044707227166,128.25948900794657,1582.5744419041196
2020-11-06,,0.125,0.09,0.8199999928474426,24.860000610351562,4.14300012588501,92.2300033569336,39.45000076293945,1519.6400146484375,,,95.72642878796206,107.446425068898,142.8570908715187,1621.6885750612444,127.08722304995845,1620.9079002105157
2020-11-07,,0.125,0.09,,,,,,,,,,,,,,
2020-11-08,,0.125,0.09,,,,,,,,,,,,,,
2020-11-09,,0.125,0.09,0.9580000042915344,25.75,4.125999927520752,92.7300033569336,42.400001525878906,1524.3199462890625,,,95.21576864979528,107.77876977686167,142.95212938204986,1642.27782816613,129.85285639836223,1632.7606860842377
2020-11-10,,0.125,0.09,0.972000002861023,24.799999237060547,4.105000019073486,92.75,43.61000061035156,1575.0699462890625,,,104.88336759871673,108.28206154724475,149.57283351348812,1619.759494717882,134.47253579782875,1575.4737648232765
2020-11-11,,0.125,0.09,0.9580000042915344,23.450000762939453,4.105000019073486,93.04000091552734,43.79999923706055,1570.0799560546875,,,105.1684742083212,107.45778107241699,150.32987831771086,1588.9113081441067,132.94305615073011,1568.5126378373031
2020-11-12,,0.125,0.09,0.8849999904632568,25.350000381469727,4.126999855041504,92.95999908447266,43.529998779296875,1590.780029296875,,,107.10188734340527,109.69868248120689,152.42338638239193,1594.7591437098295,135.3663891081887,1560.4567607099839
2020-11-13,,0.125,0.09,0.8930000066757202,23.100000381469727,4.127999782562256,92.76000213623047,42.779998779296875,1589.68994140625,,,107.90469077028557,109.50017086330645,153.28301337360568,1608.6163144360335,133.52865309029517,1597.1237971545308
2020-11-14,,0.125,0.09,,,,,,,,,,,,,,
2020-11-15,,0.125,0.09,,,,,,,,,,,,,,
2020-11-16,,0.125,0.09,0.906000018119812,22.450000762939453,4.120999813079834,92.56999969482422,43.81999969482422,1599.6600341796875,,,113.76581746785305,108.88927976097891,152.9464224105296,1613.6623787183837,133.8328405702975,1551.6907222113198
2020-11-17,,0.125,0.09,0.871999979019165,22.709999084472656,4.114999771118164,92.41999816894531,43.75,1610.1500244140625,,,115.67482188477649,109.53249643597758,153.66511196484157,1598.416358794951,133.55467821007915,1541.1530586662984
2020-11-18,,0.125,0.09,0.8820000290870667,23.84000015258789,4.102499961853027,92.31999969482422,44.34000015258789,1604.75,,,114.8643088749195,110.43325089711966,154.02618596155904,1587.5074046725852,133.8422306126138,1543.452167356047
2020-11-19,,0.125,0.09,0.8539999723434448,23.110000610351562,4.0854997634887695,92.29000091552734,44.20000076293945,1583.6800537109375,,,112.0701119881206,110.13858983648726,153.948697862939,1566.8041880191777,134.63500110392934,1534.54766086354
2020-11-20,,0.125,0.08,0.8289999961853027,23.700000762939453,4.0970001220703125,92.38999938964844,44.959999084472656,1593.75,,,112.18423039736672,110.10815185076022,153.1237354873823,1561.8765424718808,136.04382532581556,1581.5958942425218
2020-11-21,,0.125,0.08,,,,,,,,,,,,,,
2020-11-22,,0.125,0.08,,,,,,,,,,,,,,
2020-11-23,,0.125,0.08,0.8569999933242798,22.65999984741211,4.090000152587891,92.51000213623047,46.060001373291016,1597.47998046875,,,111.74579497454513,110.13407626574025,153.82523603705013,1556.6753967746918,142.02131111491119,1563.772429302052
2020-11-24,,0.125,0.08,0.8820000290870667,21.639999389648438,4.0879998207092285,92.2300033569336,47.86000061035156,1578.3900146484375,,,112.21085377479965,109.15641911491821,151.6080328323103,1497.0193148097808,140.42089716272895,1480.4420892985793
2020-11-25,,0.125,0.08,0.878000020980835,21.25,4.085000038146973,91.98999786376953,48.61000061035156,1597.5799560546875,,,115.16242441563239,109.90920427240434,151.59961022167036,1547.262096234147,141.21306928944028,1500.5179352577745
2020-11-26,,0.125,0.08,,,4.085000038146973,,,1612.1099853515625,,,114.92120099928655,110.06227815321729,149.32851790219217,1548.310133123372,143.38208991125404,1580.8146773747465
2020-11-27,,0.125,0.08,0.8420000076293945,20.84000015258789,4.065000057220459,91.79000091552734,48.18000030517578,1607.5899658203125,,,115.34445204108094,107.8895763924109,148.86290299521266,1562.584039600894,141.93388079933794,1609.4791284499051
2020-11-28,,0.125,0.08,,,,,,,,,,,,,,
2020-11-29,,0.125,0.08,,,,,,,,,,,,,,
2020-11-30,,0.125,0.08,0.843999981880188,20.56999969482422,4.066999912261963,91.87000274658203,47.59000015258789,1562.7099609375,0.8,,109.04741487227736,106.69900788347194,150.17631493528435,1570.257991444298,140.30737493889978,1624.4456483323067
2020-12-01,910.648399616273,0.125,0.09,0.9340000152587891,20.770000457763672,4.071499824523926,91.30999755859375,47.41999816894531,1602.260009765625,,,112.66967341533444,108.74742307065297,150.4457017456675,1566.591898760855,143.81912242584258,1627.4116973856753
2020-12-02,,0.125,0.09,0.9480000138282776,21.170000076293945,4.072500228881836,91.12000274658203,48.25,1598.719970703125,,,113.47905335943673,108.62417419592616,151.28674556719938,1592.4618486534298,145.09286312702815,1614.2293991335134
2020-12-03,,0.125,0.09,0.9200000166893005,21.280000686645508,4.072999954223633,90.70999908447266,48.709999084472656,1628.260009765625,,,115.50689352907446,109.20318148752783,151.19013010077416,1603.147423536106,147.22893236389268,1648.2743454893164
2020-12-04,,0.125,0.09,0.968999981880188,20.790000915527344,4.0625,90.69999694824219,49.25,1621.8499755859375,,,115.64460661914764,109.06204234487606,153.00615451561407,1600.569583761893,145.63320440138094,1663.0363535547517
2020-12-05,,0.125,0.09,,,,,,,,,,,,,,
2020-12-06,,0.125,0.09,,,,,,,,,,,,,,
2020-12-07,,0.125,0.09,0.9279999732971191,21.299999237060547,4.058000087738037,90.79000091552734,48.790000915527344,1622.8900146484375,,,116.36905075730957,108.3830298162794,154.39242048947065,1603.2594127646046,146.36052725651697,1662.0940784901418
2020-12-08,,0.125,0.09,0.9129999876022339,20.68000030517578,4.070000171661377,90.97000122070312,48.84000015258789,1631.699951171875,,,115.83792728208367,108.34194931183005,154.39242048947065,1596.8031232998362,147.74147700384418,1725.902401172696
2020-12-09,,0.125,0.09,0.9409999847412109,22.270000457763672,4.070000171661377,91.08999633789062,48.86000061035156,1646.530029296875,,,120.60135156091458,108.61982565313444,153.81163533540678,1588.196458953636,147.50784474584765,1709.6743483843081
2020-12-10,,0.125,0.09,0.9079999923706055,22.520000457763672,4.063000202178955,90.79000091552734,50.25,1654.3900146484375,,,123.57256058533143,108.77466285104637,154.4255050456126,1564.8967109748007,146.4567835349876,1730.5499161923656
2020-12-11,,0.125,0.09,0.8930000066757202,23.309999465942383,4.05649995803833,90.9800033569336,49.970001220703125,1684.5799560546875,,,131.28034851104206,109.88890021469105,153.9378177340734,1569.9734472179998,147.84872897488736,1704.3419698958335
2020-12-12,,0.125,0.09,,,,,,,,,,,,,,
2020-12-13,,0.125,0.09,,,,,,,,,,,,,,
2020-12-14,,0.125,0.09,0.8920000195503235,24.719999313354492,4.050000190734863,90.70999908447266,50.290000915527344,1662.739990234375,,,130.3273428776429,108.97245955702677,152.58127595578378,1506.8568486346346,148.4434899440669,1623.7678973347222
2020-12-15,,0.125,0.09,0.9229999780654907,22.889999389648438,4.051000118255615,90.47000122070312,50.7599983215332,1674.02001953125,,,131.0522416016623,109.92194789912537,152.10152559841373,1506.6850220520478,149.9116625128734,1644.1570964500227
2020-12-16,,0.125,0.09,0.9200000166893005,22.5,4.052999973297119,90.44999694824219,51.08000183105469,1681.4100341796875,,,131.25778397701453,109.31883012647575,151.9996890810655,1548.0366665209347,146.73998636921667,1686.1645642261028
2020-12-17,,0.125,0.09,0.9300000071525574,21.93000030517578,4.048999786376953,89.81999969482422,51.5,1674.3499755859375,,,129.65173809170344,111.23225199545786,151.84754720855247,1542.5505371484862,145.20266736479593,1695.6818721783186
2020-12-18,,0.125,0.09,0.9480000138282776,21.56999969482422,4.0329999923706055,90.0199966430664,52.2599983215332,1652.489990234375,,,126.53439884613402,109.1643826872266,150.44671436466544,1555.3523355301418,148.20806057979883,1690.2010568491014
2020-12-19,,0.125,0.09,,,,,,,,,,,,,,
2020-12-20,,0.125,0.09,,,,,,,,,,,,,,
2020-12-21,,0.125,0.09,0.9409999847412109,25.15999984741211,4.038000106811523,90.04000091552734,50.90999984741211,1647.8900146484375,,,125.90461092476689,109.49241713093474,150.35148658757592,1548.057190541842,148.27116418173972,1682.4062904288023
2020-12-22,,0.125,0.09,0.9179999828338623,24.229999542236328,4.038000106811523,90.6500015258789,50.08000183105469,1631.9200439453125,,,123.34559385487852,108.50013019822258,148.6758802989297,1551.5884614340405,147.09999750259246,1671.3227355901886
2020-12-23,,0.125,0.09,0.9549999833106995,23.309999465942383,4.059000015258789,90.41000366210938,51.20000076293945,1647.5,,,124.96559475295888,109.5429726727794,150.14713267700688,1578.5348078468057,147.99991934247274,1687.01901159062
2020-12-24,,0.125,0.09,0.9279999732971191,21.530000686645508,4.060999870300293,90.33000183105469,51.290000915527344,1641.1700439453125,,,124.44151311976601,110.40468619787696,149.04378766343288,1586.2497901983825,147.7229652418764,1686.9799984459764
2020-12-25,,0.125,0.09,,,4.059000015258789,,,,,,,,,,,
2020-12-26,,0.125,0.09,,,,,,,,,,,,,,
2020-12-27,,0.125,0.09,,,,,,,,,,,,,,
2020-12-28,,0.125,0.09,0.9330000281333923,21.700000762939453,4.058000087738037,90.33999633789062,50.86000061035156,1643.9000244140625,,,126.46582794752268,110.44021337287519,149.53806038885614,1624.4953890225677,147.42987169846393,1657.0875353050003
2020-12-29,,0.125,0.09,0.9350000023841858,23.079999923706055,4.047500133514404,90.01000213623047,51.09000015258789,1634.989990234375,,,126.99115548965865,109.70363466634738,149.65503285003976,1625.3535478514955,147.1128594406763,1623.9986868045366
2020-12-30,,0.125,0.09,0.9259999990463257,22.770000457763672,4.047999858856201,89.62999725341797,51.34000015258789,1644.4100341796875,,,127.23375757026731,110.0140247301223,149.02096635123738,1648.141894076646,148.20806714695973,1689.6106368162184
2020-12-31,,0.125,0.09,0.9169999957084656,22.75,4.034999847412109,89.94000244140625,51.79999923706055,1627.2099609375,0.7,,125.709867403625,107.69925109501406,148.05651587101167,1623.652936607332,147.2911204906105,1678.6776040605496
2021-01-01,936.449653369777,0.125,0.09,,,4.019999980926514,,,,,,,,,,,
2021-01-02,,0.125,0.09,,,,,,,,,,,,,,
2021-01-03,,0.125,0.09,,,,,,,,,,,,,,
2021-01-04,,0.125,0.09,0.9169999957084656,26.969999313354492,4.019999980926514,89.87999725341797,51.09000015258789,1602.5699462890625,,,124.80741009785108,108.28311842548446,148.8977984793791,1623.691202480919,145.89453395137735,1595.6476600981634
2021-01-05,,0.125,0.09,0.9549999833106995,25.34000015258789,4.004000186920166,89.44000244140625,53.599998474121094,1608.3499755859375,,,125.00525323902285,108.97069905636488,146.8039953057698,1614.5373259160458,144.30435607978808,1612.3818166449332
2021-01-06,,0.125,0.09,1.0420000553131104,25.06999969482422,4.014999866485596,89.52999877929688,54.29999923706055,1591.969970703125,,,122.73179799098115,108.75279785678,145.90538421777217,1573.741181283231,143.0275378251583,1613.1335152723427
2021-01-07,,0.125,0.09,1.0709999799728394,22.3700008392334,4.007999897003174,89.83000183105469,54.380001068115234,1602.949951171875,,,122.85438761697654,110.29040893712043,145.45535227123725,1587.3695327670466,144.34524119031283,1634.4725553524804
2021-01-08,,0.125,0.09,1.1050000190734863,21.559999465942383,4.037499904632568,90.0999984741211,55.9900016784668,1633.18994140625,,,123.03069012643701,110.63783146965798,143.86777406559767,1589.6563964444506,146.9017175549231,1737.0144446190025
2021-01-09,,0.125,0.09,,,,,,,,,,,,,,
2021-01-10,,0.125,0.09,,,,,,,,,,,,,,
2021-01-11,,0.125,0.09,1.1319999694824219,24.079999923706055,4.03000020980835,90.54000091552734,55.65999984741211,1617.25,,,121.18598549634471,111.9170362601335,143.86777406559767,1624.513203229239,144.93956132388354,1712.152674825581
2021-01-12,,0.125,0.09,1.1380000114440918,23.329999923706055,4.045000076293945,90.05000305175781,56.58000183105469,1612.0400390625,,,118.65061963855916,111.6641817667347,139.4538556445211,1668.1434664732433,144.05756361191928,1747.5126307962807
2021-01-13,,0.125,0.09,1.0880000591278076,22.209999084472656,4.052499771118164,90.31999969482422,56.060001373291016,1636.68994140625,,,124.24706541957332,111.78531857355662,141.52653724605418,1731.7420733799768,144.83572710638788,1742.0288533690136
2021-01-14,,0.125,0.09,1.128999948501587,23.25,4.041999816894531,90.23999786376953,56.41999816894531,1635.7099609375,,,125.7894592413665,111.24135547204031,144.17833634172302,1775.2519618793124,146.1740533012123,1758.3651019874176
2021-01-15,,0.125,0.09,1.097000002861023,24.34000015258789,4.035999774932861,90.77999877929688,55.099998474121094,1627.010009765625,,,123.91605910977572,109.61741138772938,142.92363875625696,1800.708740837946,146.27745278369042,1762.255213187817
2021-01-16,,0.125,0.09,,,,,,,,,,,,,,
2021-01-17,,0.125,0.09,,,,,,,,,,,,,,
2021-01-18,,0.125,0.09,,,4.033999919891357,,,1609.52001953125,,,121.62883032457046,108.61624866960298,142.07218905746493,1847.1308545283148,144.80512520517678,1759.3497284320545
2021-01-19,,0.125,0.09,1.0920000076293945,23.239999771118164,4.046000003814697,90.5,55.900001525878906,1601.8800048828125,,,121.57458490721056,108.43430984965549,141.455127136418,1835.2843981162987,144.76387596670867,1728.2153201341216
2021-01-20,,0.125,0.09,1.090000033378601,21.579999923706055,4.045499801635742,90.47000122070312,56.08000183105469,1601.5400390625,,1.75,122.74418882934341,107.59810448139959,143.04457210295192,1873.1020338935234,143.18282508954928,1730.6079870582764
2021-01-21,,0.125,0.09,1.1089999675750732,21.31999969482422,4.043000221252441,90.12999725341797,56.099998474121094,1594.800048828125,,,122.59737397133648,107.39457530950614,143.25695915325895,1858.5710337740404,142.38194349681987,1704.8468636250282
2021-01-22,,0.125,0.08,1.090999960899353,21.90999984741211,4.0279998779296875,90.23999786376953,55.40999984741211,1596.739990234375,,,122.32875308488424,107.28218406519407,142.42807190955355,1932.569151542919,142.51338584715575,1735.4571165720465
2021-01-23,,0.125,0.08,,,,,,,,,,,,,,
2021-01-24,,0.125,0.08,,,,,,,,,,,,,,
2021-01-25,,0.125,0.08,1.0399999618530273,23.190000534057617,4.040500164031982,90.38999938964844,55.880001068115234,1576.6199951171875,,,119.60505003741582,107.06658965111544,142.29424799597746,1886.800151203416,137.68893955582436,1733.0016260782759
2021-01-26,,0.125,0.08,1.0399999618530273,23.020000457763672,4.043000221252441,90.16999816894531,55.90999984741211,1575.31005859375,,,120.9231832979397,107.05772730947736,142.58345660493933,1918.2834668479468,135.88805393289175,1687.3382164034974
2021-01-27,,0.125,0.08,1.0140000581741333,37.209999084472656,4.046500205993652,90.6500015258789,55.810001373291016,1580.6199951171875,,,121.54355394357941,105.97654577814923,141.82111452671856,2013.9635801517163,136.6716325216321,1671.335504118851
2021-01-28,,0.125,0.08,1.0570000410079956,30.209999084472656,4.044000148773193,90.45999908447266,55.529998779296875,,,,,,,,,
2021-01-29,,0.125,0.07,1.093000054359436,33.09000015258789,4.044000148773193,90.58000183105469,55.880001068115234,1566.4000244140625,,,118.62669390535774,104.8459687242689,144.70540743996702,1990.6360095049201,134.9004278493215,1732.3266874713088
2021-01-30,,0.125,0.07,,,,,,,,,,,,,,
2021-01-31,,0.125,0.07,,,,,,,0.7,,,,,,,
2021-02-01,968.868406413008,0.125,0.07,1.0770000219345093,30.239999771118164,4.039999961853027,91.0199966430664,56.349998474121094,,,,,,,,,
2021-02-02,,0.125,0.08,1.1050000190734863,25.559999465942383,4.039999961853027,91.19999694824219,57.459999084472656,1580.489990234375,,,118.18580798143832,106.29686942760026,144.22889408918286,2052.0991941624006,138.08287379557768,1768.9131297805823
2021-02-03,,0.125,0.08,1.13100004196167,22.90999984741211,4.043000221252441,91.12000274658203,58.459999084472656,1582.989990234375,,,119.04570941213197,106.49336696740075,145.67040518970015,2085.8609834724825,138.74560187213544,1751.1695983669317
2021-02-04,,0.125,0.08,1.1390000581741333,21.770000457763672,4.048999786376953,91.52999877929688,58.84000015258789,1584.9000244140625,,,119.11099825634619,107.14196878847915,146.0920719318844,2080.391513443166,139.89648113080662,1733.788128430745
2021-02-05,,0.125,0.08,1.1699999570846558,20.8700008392334,4.056000232696533,91.04000091552734,59.34000015258789,1578.6300048828125,,,118.74619386810468,105.54427188174562,142.8420001267532,2073.788882942365,139.882257670267,1723.0280732613337
2021-02-06,,0.125,0.08,,,,,,,,,,,,,,
2021-02-07,,0.125,0.08,,,,,,,,,,,,,,
2021-02-08,,0.125,0.08,1.159999966621399,21.239999771118164,4.067999839782715,90.93000030517578,60.560001373291016,1573.3299560546875,,,118.82134860236309,105.29129353510402,143.19694657572035,2041.4085931160218,140.2354292323179,1699.0477630227715
2021-02-09,,0.125,0.07,1.156999945640564,21.6299991607666,4.063000202178955,90.44000244140625,61.09000015258789,1586.1300048828125,,,121.11378896020926,105.61184949470233,143.2367693503658,2056.596051573464,141.68703782483695,1731.833711484506
2021-02-10,,0.125,0.08,1.1330000162124634,21.989999771118164,4.046500205993652,90.37000274658203,61.470001220703125,1596.8499755859375,,,123.59284006628182,106.41674773754018,143.79442188081458,2053.9850483633486,141.86151534682426,1711.8368383471263
2021-02-11,,0.125,0.08,1.1579999923706055,21.25,4.041500091552734,90.41999816894531,61.13999938964844,1599.4200439453125,,,123.53157022651774,105.55754028718991,143.2691211984858,2058.3465152656568,140.85904773557223,1719.025709919402
2021-02-12,,0.125,0.08,1.2000000476837158,19.969999313354492,4.039999961853027,90.4800033569336,62.43000030517578,,,,,,,,,
2021-02-13,,0.125,0.08,,,,,,,,,,,,,,
2021-02-14,,0.125,0.08,,,,,,,,,,,,,,
2021-02-15,,0.125,0.08,,,4.039999961853027,,,1608.0699462890625,,,124.25745090042997,106.57517425642438,143.77869732331013,2099.9252234845762,142.43948413680215,1712.6086321430425
2021-02-16,,0.125,0.08,1.2990000247955322,21.459999084472656,4.0329999923706055,90.51000213623047,63.349998474121094,1606.1400146484375,,,125.04675691628229,104.5544112092338,147.94605397559155,2101.1289962528454,142.8370360970204,1715.4757275221755
2021-02-17,,0.125,0.08,1.3009999990463257,21.5,4.027500152587891,90.94999694824219,64.33999633789062,1595.2900390625,,,124.29962853057843,104.34162293407059,146.72303552592706,2063.79690846291,140.38738433181607,1735.8520269982587
2021-02-18,,0.125,0.08,1.2869999408721924,22.489999771118164,4.0370001792907715,90.58999633789062,63.93000030517578,1575.8399658203125,,,121.42469516955292,105.66959900945963,144.76039510932287,2042.4335589932841,139.0587601235844,1721.0219202571834
2021-02-19,,0.125,0.07,1.3450000286102295,22.049999237060547,4.0395002365112305,90.36000061035156,62.90999984741211,1584.9300537109375,,,123.30808143421059,106.48973086740831,146.1485005944314,2076.344070020877,139.52272736646043,1735.9493644777597
2021-02-20,,0.125,0.07,,,,,,,,,,,,,,
2021-02-21,,0.125,0.07,,,,,,,,,,,,,,
2021-02-22,,0.125,0.07,1.3700000047683716,23.450000762939453,4.034999847412109,90.01000213623047,65.23999786376953,1570.4599609375,,,121.72960748330452,105.82008519684803,146.1967575779736,2035.5280461037762,140.0309355020121,1677.707972592876
2021-02-23,,0.125,0.07,1.3619999885559082,23.110000610351562,4.0395002365112305,90.16999816894531,65.37000274658203,1565.050048828125,,,121.51805704476672,105.77140354793153,146.31013181555969,2103.037147539417,140.18625000598539,1663.6723775619607
2021-02-24,,0.125,0.07,1.3890000581741333,21.34000015258789,4.040999889373779,90.18000030517578,67.04000091552734,1557.550048828125,,,121.71139737317031,106.41390131850046,146.70710771648268,2083.0739378815415,141.81215633942543,1621.06119312713
2021-02-25,,0.125,0.07,1.5180000066757202,28.889999389648438,4.039999961853027,90.12999725341797,66.87999725341797,1581.5400390625,,,124.79115732087709,107.01653607603274,147.0397838948132,2186.811570411735,142.6868313510228,1696.2088557014372
2021-02-26,,0.125,0.07,1.4600000381469727,27.950000762939453,4.0370001792907715,90.93000030517578,66.12999725341797,1577.75,,,124.38287671484352,106.68530866075108,147.67966945316846,2138.41293446922,142.30992486105848,1689.2413856159546
2021-02-27,,0.125,0.07,,,,,,,,,,,,,,
2021-02-28,,0.125,0.07,,,,,,,0.7,,,,,,,
2021-03-01,995.801045240987,0.125,0.07,1.4459999799728394,23.350000381469727,4.052000045776367,91.04000091552734,63.689998626708984,1567.1400146484375,,,123.88316867968592,106.60654989517131,147.78295720053384,2100.5703600113966,141.47742473327366,1639.6675132829496
2021-03-02,,0.125,0.07,1.4149999618530273,24.100000381469727,4.054999828338623,90.79000091552734,62.70000076293945,1569.8699951171875,,,124.76939659062012,106.34581032076109,147.99589692137957,2132.6011306719824,141.71825108214017,1610.3661604404426
2021-03-03,,0.125,0.07,1.4700000286102295,26.670000076293945,4.056000232696533,90.94999694824219,64.06999969482422,1588.449951171875,,,125.1754070653033,106.72867605717038,148.57089984055568,2104.813088829028,143.13508426456147,1692.903203828497
2021-03-04,,0.125,0.07,1.5499999523162842,28.56999969482422,4.05049991607666,91.62999725341797,66.73999786376953,1581.260009765625,,1.75,126.3599124560464,106.62537109394509,148.5320551472051,2059.4027354470504,143.74007901267402,1647.583921131315
2021-03-05,,0.125,0.07,1.5540000200271606,24.65999984741211,4.054999828338623,91.9800033569336,69.36000061035156,1600.1199951171875,,,129.53328610789927,106.81784021501161,147.86748376123847,2002.9721809442826,143.64548777280424,1685.5786231950517
2021-03-06,,0.125,0.07,,,,,,,,,,,,,,
2021-03-07,,0.125,0.07,,,,,,,,,,,,,,
2021-03-08,,0.125,0.07,1.5959999561309814,25.469999313354492,4.072000026702881,92.30999755859375,68.23999786376953,1611.81005859375,,,131.61812504827458,105.84284669859916,147.85351404281596,1862.8292650859155,147.12689452097666,1651.8671646258774
2021-03-09,,0.125,0.07,1.5460000038146973,24.030000686645508,4.105000019073486,91.95999908447266,67.5199966430664,1624.780029296875,,,132.48810321126209,106.90666227618344,149.70704043840576,1837.3273532312965,146.21526229144516,1679.8899700826428
2021-03-10,,0.125,0.07,1.5199999809265137,22.559999465942383,4.114500045776367,91.79000091552734,67.9000015258789,1639.8299560546875,,,132.90068624253058,107.1760322609143,149.79163980282902,1841.2916122183237,149.12945160990125,1741.0094668222105
2021-03-11,,0.125,0.07,1.5269999504089355,21.90999984741211,4.125,91.41999816894531,69.62999725341797,1629.4100341796875,,,132.7757619320274,106.73041363634827,150.34877754760794,1902.9300626002118,146.71192674266453,1732.3905785275538
2021-03-12,,0.125,0.07,1.6349999904632568,20.690000534057617,4.105000019073486,91.68000030517578,69.22000122070312,1615.68994140625,,,130.5445549708442,105.86279454124909,149.61939562674945,1901.798255430936,148.28643653311332,1719.140328354516
2021-03-13,,0.125,0.07,,,,,,,,,,,,,,
2021-03-14,,0.125,0.07,,,,,,,,,,,,,,
2021-03-15,,0.125,0.07,1.6069999933242798,20.030000686645508,4.116000175476074,91.83000183105469,68.87999725341797,1620.9200439453125,,,131.5430860566379,106.28570072214238,150.59773010572687,1862.875126380383,148.91850355925072,1719.2521332154627
2021-03-16,,0.125,0.07,1.621000051498413,19.790000915527344,4.110000133514404,91.87000274658203,68.38999938964844,1623.9599609375,,,131.53366183540197,106.38368687433226,149.83580721438628,1881.9913651292538,147.88903066087767,1719.166623666894
2021-03-17,,0.125,0.07,1.6410000324249268,19.229999542236328,4.111499786376953,91.4000015258789,68.0,1624.969970703125,,,129.8642978372861,106.1249376118234,150.76356924178285,1906.614374134747,147.39025784084052,1743.7945197455563
2021-03-18,,0.125,0.07,1.7300000190734863,21.579999923706055,4.11899995803833,91.8499984741211,63.279998779296875,1627.989990234375,,,130.7602814766364,105.67171227426438,151.3091666407215,1951.3220554655857,147.43956621827664,1738.2972929807434
2021-03-19,,0.125,0.07,1.7319999933242798,20.950000762939453,4.109000205993652,91.91999816894531,64.52999877929688,1626.18994140625,,,130.5905374385981,106.35722244053336,149.78296204099973,1967.044420884606,147.25429536706176,1733.9972782200011
2021-03-20,,0.125,0.07,,,,,,,,,,,,,,
2021-03-21,,0.125,0.07,,,,,,,,,,,,,,
2021-03-22,,0.125,0.07,1.684000015258789,18.8799991607666,4.105000019073486,91.80000305175781,64.62000274658203,1616.72998046875,,,129.46754793334262,106.03430380996117,150.44867289932034,1952.4926969591877,147.1553540717266,1748.286725717971
2021-03-23,,0.125,0.07,1.6380000114440918,20.299999237060547,4.110499858856201,92.33999633789062,60.790000915527344,1595.2900390625,,,128.55585100006502,105.78598275489983,149.28802789303987,1962.3987311486876,144.87890717583718,1722.9047270558635
2021-03-24,,0.125,0.07,1.6139999628067017,21.200000762939453,4.119999885559082,92.52999877929688,64.41000366210938,1602.4000244140625,,,129.05885481185527,106.52196940611891,149.07456028520946,1935.3317193244227,146.29674220173337,1723.5336487346583
2021-03-25,,0.125,0.07,1.6139999628067017,19.809999465942383,4.129499912261963,92.87999725341797,61.95000076293945,1597.72998046875,,,128.5213414367491,104.60883881306945,149.43911604396354,1908.9067665297694,145.91545189579585,1734.2802835184189
2021-03-26,,0.125,0.07,1.659999966621399,18.860000610351562,4.144000053405762,92.7699966430664,64.56999969482422,1601.4200439453125,,,128.63882261906795,105.06244073210908,149.06123900080618,1921.7163159553825,145.13290236431996,1740.1618028478285
2021-03-27,,0.125,0.07,,,,,,,,,,,,,,
2021-03-28,,0.125,0.07,,,,,,,,,,,,,,
2021-03-29,,0.125,0.07,1.7209999561309814,20.739999771118164,4.144000053405762,92.94000244140625,64.9800033569336,1611.280029296875,,,129.72383532612483,105.00848615406272,149.73267907783355,1964.9007205750345,148.39642113083983,1733.8135364913971
2021-03-30,,0.125,0.07,1.7259999513626099,19.610000610351562,4.138999938964844,93.30000305175781,64.13999938964844,1609.18994140625,,,130.53294477423347,106.01789870515222,149.83018702401878,1967.5558288624518,148.7749987073047,1696.115895677335
2021-03-31,,0.125,0.07,1.746000051498413,19.399999618530273,4.14900016784668,93.2300033569336,63.540000915527344,1573.510009765625,0.7,,127.77198126934964,103.60755026004986,149.26020817856397,1975.6625810638532,146.64083960330012,1631.5509863976538
2021-04-01,1036.29341179646,0.125,0.06,1.6790000200271606,17.329999923706055,4.144000053405762,92.93000030517578,64.86000061035156,1582.6400146484375,,,128.17105151854918,103.90705826565087,150.4991119496986,2029.6560008360161,146.3599693480734,1666.3931775005922
2021-04-02,,0.125,0.07,,,4.144000053405762,,,1585.3499755859375,,,128.86348171591035,104.09394842910018,150.42764821923512,2089.058593179226,145.71297521081868,1686.1456576530409
2021-04-03,,0.125,0.07,,,,,,,,,,,,,,
2021-04-04,,0.125,0.07,,,,,,,,,,,,,,
2021-04-05,,0.125,0.07,1.7200000286102295,17.90999984741211,4.137499809265137,92.5999984741211,62.150001525878906,1584.239990234375,,,128.54504803833655,103.87498317927017,150.928361059877,2085.1183397276122,145.91176856756064,1672.04528569894
2021-04-06,,0.125,0.07,1.656000018119812,18.1200008392334,4.139999866485596,92.33999633789062,62.7400016784668,1578.9100341796875,,,127.69534073775448,101.8868336067086,151.35941790690654,2026.0609810135822,144.65215880866361,1693.1188655969645
2021-04-07,,0.125,0.07,1.652999997138977,17.15999984741211,4.129000186920166,92.45999908447266,63.15999984741211,1600.5899658203125,,,129.26373859026535,104.60456103592075,152.30295069447774,2044.6707452307996,145.9438651205198,1721.3181239405565
2021-04-08,,0.125,0.07,1.6319999694824219,16.950000762939453,4.129000186920166,92.05999755859375,63.20000076293945,1602.4000244140625,,,127.35299249682836,102.6985522778857,152.01450811464935,2064.4154710888643,144.97798379041024,1805.5112163772417
2021-04-09,,0.125,0.07,1.6660000085830688,16.690000534057617,4.135000228881836,92.16000366210938,62.95000076293945,1612.25,,,127.50226066231225,102.5780619914525,152.88315969940058,2059.192247393979,145.14287227251168,1768.1705650024896
2021-04-10,,0.125,0.07,,,,,,,,,,,,,,
2021-04-11,,0.125,0.07,,,,,,,,,,,,,,
2021-04-12,,0.125,0.07,1.6749999523162842,16.90999984741211,4.132500171661377,92.13999938964844,63.279998779296875,1608.4200439453125,,,127.36097996338486,102.06914872401858,152.55648961793634,2079.524589242285,145.5177630344943,1785.6684830255176
2021-04-13,,0.125,0.07,1.6230000257492065,16.649999618530273,4.130499839782715,91.8499984741211,63.66999816894531,1597.7099609375,,,127.36286687589069,101.8124002659999,151.32895441437256,2054.1571100187853,144.64046372098295,1740.9707861064117
2021-04-14,,0.125,0.07,1.6380000114440918,16.989999771118164,4.131999969482422,91.69000244140625,66.58000183105469,1598.280029296875,,,127.51258452140331,102.41092099955769,150.7557403775818,2079.2952176361628,144.65227094963333,1751.2796262193508
2021-04-15,,0.125,0.07,1.5299999713897705,16.56999969482422,4.126999855041504,91.66999816894531,66.94000244140625,1608.25,,,127.9636443837774,101.51255442781448,149.81752689891272,2056.5936680314117,146.05044706929152,1863.617996494408
2021-04-16,,0.125,0.07,1.5729999542236328,16.25,4.123000144958496,91.55999755859375,66.7699966430664,1608.3800048828125,,,127.4591637121562,100.28494248553608,149.75236375686478,2071.280112639832,146.182362037279,1894.5941344058956
2021-04-17,,0.125,0.07,,,,,,,,,,,,,,
2021-04-18,,0.125,0.07,,,,,,,,,,,,,,
2021-04-19,,0.125,0.07,1.6009999513626099,17.290000915527344,4.123499870300293,91.06999969482422,67.05000305175781,1600.2900390625,,,126.86283219827517,99.79554525486478,149.8216253617015,2084.1184089853086,145.42080017764826,1872.3778293007413
2021-04-20,,0.125,0.07,1.562000036239624,18.68000030517578,4.120999813079834,91.23999786376953,66.56999969482422,1607.5699462890625,,,127.61563772051754,100.09491528137337,150.29834208227527,2075.5478302519155,145.61449938629713,1841.2085798275698
2021-04-21,,0.125,0.07,1.5640000104904175,17.5,4.112500190734863,91.16000366210938,65.31999969482422,1596.5799560546875,,,126.66777745278661,98.45346421198057,150.1122928822524,2050.7870175603407,144.61564859387454,1847.9824393495933
2021-04-22,,0.125,0.07,1.5540000200271606,18.709999084472656,4.118500232696533,91.33000183105469,65.4000015258789,1607.72998046875,,,126.96817151341382,99.12597982937143,150.1122928822524,2060.43508839896,145.5276610277616,1869.7641343407895
2021-04-23,,0.125,0.07,1.5670000314712524,17.329999923706055,4.109799861907959,90.86000061035156,66.11000061035156,1608.4300537109375,,,126.06454645773417,98.88586914765415,150.87584280359292,2058.0422355629876,146.2692896675662,1904.2124731744664
2021-04-24,,0.125,0.07,,,,,,,,,,,,,,
2021-04-25,,0.125,0.07,,,,,,,,,,,,,,
2021-04-26,,0.125,0.07,1.5700000524520874,17.639999389648438,4.10699987411499,90.80999755859375,65.6500015258789,1623.469970703125,,,126.57424540257492,100.16295556541736,150.49985138753797,2070.532453059243,146.49444304412117,1946.831111493265
2021-04-27,,0.125,0.07,1.621999979019165,17.559999465942383,4.096499919891357,90.91000366210938,66.41999816894531,1606.6800537109375,,,125.46345403888542,100.1352334004311,149.12443821845923,2076.902586480382,144.4780299002364,1916.176859122627
2021-04-28,,0.125,0.07,1.6200000047683716,17.280000686645508,4.09499979019165,90.61000061035156,67.2699966430664,1608.5,,,126.02040085769475,101.67458642996698,149.58476613730204,2025.7804379596262,145.85355096918371,1903.3458365936845
2021-04-29,,0.125,0.07,1.6399999856948853,17.610000610351562,4.099999904632568,90.61000061035156,68.55999755859375,,,,,,,,,
2021-04-30,,0.125,0.06,1.63100004196167,18.610000610351562,4.099999904632568,91.27999877929688,67.25,1601.6500244140625,0.7,,125.21581673176757,101.11327371508459,149.65671815269212,2010.6059361717992,147.4509497787116,1873.3070024075398
2021-05-01,1104.58493292694,0.125,0.05,,,,,,,,,,,,,,
2021-05-02,,0.125,0.05,,,,,,,,,,,,,,
2021-05-03,,0.125,0.05,1.6069999933242798,18.309999465942383,4.0929999351501465,90.94999694824219,67.55999755859375,1590.72998046875,,,125.11670651269979,101.02345654246308,147.51629642371887,1986.7333714344109,146.21978740521263,1843.323167745056
2021-05-04,,0.125,0.06,1.5920000076293945,19.479999542236328,4.1020002365112305,91.29000091552734,68.87999725341797,1588.25,,,124.66246988955587,101.30636074009765,148.1366909636994,1951.2944897060404,146.2429615033523,1838.277596677575
2021-05-05,,0.125,0.06,1.5839999914169312,19.149999618530273,4.119999885559082,91.30999755859375,68.95999908447266,1575.6700439453125,,,123.90479230108281,100.24912287930654,148.1366909636994,1908.4332479160612,145.5540918932895,1809.2692775557477
2021-05-06,,0.125,0.06,1.5609999895095825,18.389999389648438,4.114999771118164,90.94999694824219,68.08999633789062,1578.3299560546875,,1.75,124.31306831090856,101.87623080129704,147.80304279498284,1904.6544117350795,145.5864327890918,1791.4066500620033
2021-05-07,,0.125,0.06,1.5770000219345093,16.690000534057617,4.119500160217285,90.2300033569336,68.27999877929688,1587.449951171875,,,124.96884401529664,103.42000298226675,147.87526178796318,1880.9289849081451,145.80238877632885,1840.329556775419
2021-05-08,,0.125,0.06,,,,,,,,,,,,,,
2021-05-09,,0.125,0.06,,,,,,,,,,,,,,
2021-05-10,,0.125,0.06,1.6019999980926514,19.65999984741211,4.110000133514404,90.20999908447266,68.31999969482422,1583.9200439453125,,,124.66843360503792,103.82853200059392,147.61596029454014,1856.2090370377468,145.97025878516214,1822.8358858426986
2021-05-11,,0.125,0.06,1.6239999532699585,21.84000015258789,4.105000019073486,90.13999938964844,68.55000305175781,1577.6400146484375,,,124.11440523450112,102.90262495860169,146.32734018254274,1792.7102975222751,145.949097096235,1829.7567100363956
2021-05-12,,0.125,0.06,1.6950000524520874,27.59000015258789,4.116000175476074,90.70999908447266,69.31999969482422,1582.52001953125,,,125.4263005500408,102.46450078300202,146.28415944255008,1795.8407397605786,144.43968944586067,1859.7816964954745
2021-05-13,,0.125,0.06,1.6679999828338623,23.1299991607666,4.123000144958496,90.75,67.05000305175781,,,,,,,,,
2021-05-14,,0.125,0.06,1.6349999904632568,18.809999465942383,4.123000144958496,90.31999969482422,68.70999908447266,,,,,,,,,
2021-05-15,,0.125,0.06,,,,,,,,,,,,,,
2021-05-16,,0.125,0.06,,,,,,,,,,,,,,
2021-05-17,,0.125,0.06,1.6399999856948853,19.719999313354492,4.128499984741211,90.22000122070312,69.45999908447266,1583.4599609375,,,127.79663617746576,100.78087893883749,145.01797522082072,1787.582162196668,144.19741787223768,1835.5767135790818
2021-05-18,,0.125,0.06,1.6419999599456787,21.34000015258789,4.127500057220459,89.75,68.70999908447266,1591.3199462890625,,,127.95950559569185,100.81379689565007,145.378625896065,1830.775982110342,145.11542645285112,1840.8016986405507
2021-05-19,,0.125,0.06,1.6829999685287476,22.18000030517578,4.122000217437744,90.19000244140625,66.66000366210938,1580.52001953125,,,126.50546062607606,100.36272070680687,144.22669055572314,1815.3740201262722,143.7101876572088,1842.3948531866579
2021-05-20,,0.125,0.06,1.6339999437332153,20.670000076293945,4.135000228881836,89.80999755859375,65.11000061035156,1575.3199462890625,,,127.05717648260419,100.86719737066649,142.97034781523763,1783.012209202744,144.10847929401697,1805.842795343036
2021-05-21,,0.125,0.06,1.6319999694824219,20.149999618530273,4.138500213623047,90.0199966430664,66.44000244140625,1562.1700439453125,,,125.50246940782498,100.90349474118045,141.2275633822724,1776.9255091907287,141.7317787793267,1783.2877672353875
2021-05-22,,0.125,0.06,,,,,,,,,,,,,,
2021-05-23,,0.125,0.06,,,,,,,,,,,,,,
2021-05-24,,0.125,0.06,1.6080000400543213,18.399999618530273,4.138500213623047,89.83000183105469,68.45999908447266,1571.8199462890625,,,126.51320678261888,101.68375463801252,143.36776323435913,1891.1503293947255,142.82992544069333,1796.2914562825908
2021-05-25,,0.125,0.06,1.5640000104904175,18.84000015258789,4.144999980926514,89.63999938964844,68.6500015258789,1577.8199462890625,,,126.66443215338059,102.10822260945302,143.55364632291807,1920.2413468694979,143.72170918199458,1801.834117577176
2021-05-26,,0.125,0.06,1.5740000009536743,17.360000610351562,4.139999866485596,90.04000091552734,68.87000274658203,,,,,,,,,
2021-05-27,,0.125,0.06,1.6100000143051147,16.739999771118164,4.139999866485596,89.97000122070312,69.45999908447266,1593.9000244140625,,,127.7772233777646,102.89011592796979,143.40480215748903,1947.7328418420466,147.73890153954616,1786.2446582179712
2021-05-28,,0.125,0.06,1.5809999704360962,16.760000228881836,4.13700008392334,90.02999877929688,69.62999725341797,1594.43994140625,,,130.45634318926403,101.88479584844463,144.0352811927992,1887.861477684374,146.44321218006132,1781.0116312998075
2021-05-29,,0.125,0.05,,,,,,,,,,,,,,
2021-05-30,,0.125,0.05,,,,,,,,,,,,,,
2021-05-31,,0.125,0.05,,,4.13100004196167,,,1583.550048828125,0.7,,129.03948618042088,101.70280700275231,142.87973151720678,1901.291879182132,144.8917943590975,1796.757244482022
2021-06-01,920.962647934837,0.125,0.05,1.6150000095367432,17.899999618530273,4.122000217437744,89.83000183105469,70.25,1585.9000244140625,,,130.85311078977364,100.70202877239716,142.8788190761923,1917.9695345686632,144.68736419358933,1779.4208637277652
2021-06-02,,0.125,0.06,1.590999960899353,17.479999542236328,4.124000072479248,89.9000015258789,71.3499984741211,1597.93994140625,,,132.25885513946298,100.80959357033817,146.99732979812308,1962.8328584666324,145.86387546236264,1788.0259156934062
2021-06-03,,0.125,0.06,1.625,18.040000915527344,4.122499942779541,90.5,71.30999755859375,1590.5699462890625,,,131.46219943761542,100.41390594053404,147.7970241890912,1948.3197727840397,145.40635413756578,1765.3679696655654
2021-06-04,,0.125,0.06,1.559999942779541,16.420000076293945,4.120500087738037,90.13999938964844,71.88999938964844,1578.449951171875,,,130.59504372398553,99.02855044354682,146.08891892467014,1908.8638923937986,144.67342097823223,1749.4116194619178
2021-06-05,,0.125,0.06,,,,,,,,,,,,,,
2021-06-06,,0.125,0.06,,,,,,,,,,,,,,
2021-06-07,,0.125,0.06,1.569000005722046,16.420000076293945,4.125500202178955,89.94999694824219,71.48999786376953,,,,,,,,,
2021-06-08,,0.125,0.06,1.527999997138977,17.06999969482422,4.125999927520752,90.08000183105469,72.22000122070312,1587.9599609375,,,132.94777404083774,99.43687915430417,146.3024905743319,1894.46900290741,145.35027804378274,1727.9903452834599
2021-06-09,,0.125,0.06,1.4889999628067017,17.889999389648438,4.117499828338623,90.12000274658203,72.22000122070312,1581.47998046875,,,132.70298036784698,98.20758587036232,145.25945415004452,1853.0852814639336,144.9219705002228,1720.5937810080313
2021-06-10,,0.125,0.06,1.4589999914169312,16.100000381469727,4.116000175476074,90.08000183105469,72.5199966430664,1579.9000244140625,,,132.30971432257326,98.11371400868313,146.17496139091418,1879.642523135255,145.17973224565844,1718.5445200959425
2021-06-11,,0.125,0.06,1.4620000123977661,15.649999618530273,4.118000030517578,90.55999755859375,72.69000244140625,1575.1600341796875,,,132.03286586665334,96.78779491421304,145.96187806575864,1865.9943743396618,146.02745715195772,1692.4981623219671
2021-06-12,,0.125,0.06,,,,,,,,,,,,,,
2021-06-13,,0.125,0.06,,,,,,,,,,,,,,
2021-06-14,,0.125,0.06,1.5010000467300415,16.389999389648438,4.110499858856201,90.5199966430664,72.86000061035156,1582.4599609375,,,132.3918316852644,96.57947960376384,147.6913418565952,1876.8684950033173,146.03630221878194,1706.4799460623167
2021-06-15,,0.125,0.06,1.4989999532699585,17.020000457763672,4.112500190734863,90.54000091552734,73.98999786376953,1581.3699951171875,,,132.52550872503838,95.13623025317325,147.93333168155002,1902.0902708468338,145.50849385260355,1702.7901472008843
2021-06-16,,0.125,0.06,1.569000005722046,18.149999618530273,4.114500045776367,91.12999725341797,74.38999938964844,1578.3199462890625,,,132.45951524761662,94.11075104698597,146.9652289535067,1900.2885393458675,145.8834944062705,1657.9089317203454
2021-06-17,,0.125,0.06,1.5110000371932983,17.75,4.114999771118164,91.88999938964844,73.08000183105469,1570.8599853515625,,,132.249772047913,94.45978337546337,146.8911040014586,1876.003562012456,145.4511990694804,1628.9362474127329
2021-06-18,,0.125,0.1,1.4500000476837158,20.700000762939453,4.137499809265137,92.2300033569336,73.51000213623047,1589.050048828125,,,132.2312003782998,97.65855821180503,147.78560779602202,1892.9497893212438,144.46494368760418,1663.4470718274822
2021-06-19,,0.125,0.1,,,,,,,,,,,,,,
2021-06-20,,0.125,0.1,,,,,,,,,,,,,,
2021-06-21,,0.125,0.1,1.4839999675750732,17.889999389648438,4.136499881744385,91.86000061035156,74.9000015258789,1572.239990234375,,,131.81798304237395,95.98418437111596,146.75276255159764,1874.801030533148,144.59557760594058,1632.6773045818709
2021-06-22,,0.125,0.1,1.472000002861023,16.65999984741211,4.14300012588501,91.7300033569336,74.80999755859375,1574.02001953125,,,132.2313803779212,94.43015874962889,146.69954227331718,1871.1954306608607,144.2690164249121,1634.3373156835999
2021-06-23,,0.125,0.1,1.4869999885559082,16.31999969482422,4.158999919891357,91.80000305175781,75.19000244140625,1564.760009765625,,,132.1264432403641,94.13629799957515,146.84316199055348,1874.609404217588,144.20738364708978,1634.0999467062925
2021-06-24,,0.125,0.1,1.4869999885559082,15.970000267028809,4.1579999923706055,91.81999969482422,75.55999755859375,1555.7099609375,,,132.978750576713,94.36164821349831,146.48712108245303,1868.1848873985455,144.43097093108463,1600.4197423968712
2021-06-25,,0.125,0.1,1.5360000133514404,15.619999885559082,4.15500020980835,91.80999755859375,76.18000030517578,1559.6800537109375,,,132.93644991734286,94.35609834440886,146.18608767599818,1860.0822592933607,145.92603458006522,1629.3020292591045
2021-06-26,,0.125,0.1,,,,,,,,,,,,,,
2021-06-27,,0.125,0.1,,,,,,,,,,,,,,
2021-06-28,,0.125,0.1,1.4780000448226929,15.760000228881836,4.153500080108643,91.87999725341797,74.68000030517578,1544.7099609375,,,131.48704421084045,92.64778721313941,143.95508084437503,1862.2427470858615,145.2296137866277,1591.8046091843084
2021-06-29,,0.125,0.1,1.4800000190734863,16.020000457763672,4.143499851226807,92.05000305175781,74.76000213623047,1548.31005859375,,,131.43319495418447,93.46008680312424,144.79501861955256,1868.8123882167101,144.56776151902386,1613.283640143647
2021-06-30,,0.125,0.1,1.4429999589920044,15.829999923706055,4.149499893188477,92.44000244140625,75.12999725341797,1532.6300048828125,0.8,,130.90314600132865,92.00477643449106,145.27453209429606,1853.5152460428947,142.98908127924952,1578.8972342955499
2021-07-01,1010.22385393131,0.125,0.08,1.4800000190734863,15.479999542236328,4.14900016784668,92.5999984741211,75.83999633789062,1534.22998046875,,,131.29325398185813,92.77553078302006,144.65271312592773,1856.5732622588598,143.14521218945686,1555.010443138872
2021-07-02,,0.125,0.1,1.430999994277954,15.069999694824219,4.156000137329102,92.2300033569336,76.16999816894531,1533.3499755859375,,,131.1870350298242,92.44143105636901,144.72499891628502,1877.9492909212133,143.41816315643362,1548.4594764731992
2021-07-03,,0.125,0.1,,,,,,,,,,,,,,
2021-07-04,,0.125,0.1,,,,,,,,,,,,,,
2021-07-05,,0.125,0.1,,,4.160999774932861,,,1532.3599853515625,,,131.1185429866981,91.47602791297258,143.13825856936674,1919.7276344698523,143.15521596342407,1549.8325238416573
2021-07-06,,0.125,0.1,1.3700000047683716,16.440000534057617,4.153500080108643,92.55000305175781,74.52999877929688,1531.6300048828125,,,130.5554847658796,91.6346772967922,145.52342715993873,1901.4957307603727,144.03463583063885,1584.5438711928514
2021-07-07,,0.125,0.1,1.3209999799728394,16.200000762939453,4.144999980926514,92.63999938964844,73.43000030517578,1530.1500244140625,,,130.2231035228858,91.21384372009138,143.32644920543936,1933.9422856104911,143.97299385217167,1560.674428352112
2021-07-08,,0.125,0.1,1.2879999876022339,19.0,4.159999847412109,92.36000061035156,74.12000274658203,1508.7099609375,,1.75,128.1381489321143,89.26501947545363,143.89775171622,1889.842971177434,143.72042064204837,1515.340563646989
2021-07-09,,0.125,0.1,1.3559999465942383,16.18000030517578,4.178999900817871,92.12999725341797,75.55000305175781,1520.5799560546875,,,129.35403538588162,90.11245982034313,144.1867030795144,1919.853013526329,143.82544305836834,1531.097547355801
2021-07-10,,0.125,0.1,,,,,,,,,,,,,,
2021-07-11,,0.125,0.1,,,,,,,,,,,,,,
2021-07-12,,0.125,0.1,1.3630000352859497,16.170000076293945,4.188000202178955,92.2300033569336,75.16000366210938,1512.8900146484375,,,129.38726005289735,89.33497500294607,144.1157144554524,1930.2081463255092,143.78757748849495,1498.116688026372
2021-07-13,,0.125,0.1,1.4149999618530273,17.1200008392334,4.188000202178955,92.75,76.48999786376953,1519.56005859375,,,129.29162667938087,89.53827822135486,143.52340470460499,1949.624911211217,145.02261792985823,1513.3324669137935
2021-07-14,,0.125,0.1,1.3559999465942383,16.329999923706055,4.190499782562256,92.41000366210938,74.76000213623047,1512.3199462890625,,,129.41984490270806,88.89574344473631,142.53914269537978,2014.1408136048437,144.25687813534657,1511.3253573079974
2021-07-15,,0.125,0.1,1.2970000505447388,17.010000228881836,4.197999954223633,92.62000274658203,73.47000122070312,1520.8199462890625,,,129.303079211897,87.48142907428544,143.23275670949386,2013.9901378356203,143.40757522577758,1575.3884301915834
2021-07-16,,0.125,0.1,1.2999999523162842,18.450000762939453,4.197999954223633,92.69000244140625,73.58999633789062,1522.47998046875,,,129.3145686901802,88.27321085736689,144.4072181842188,1991.704446452617,144.44957683018777,1553.70262886628
2021-07-17,,0.125,0.1,,,,,,,,,,,,,,
2021-07-18,,0.125,0.1,,,,,,,,,,,,,,
2021-07-19,,0.125,0.1,1.180999994277954,22.5,4.206999778747559,92.88999938964844,68.62000274658203,1519.969970703125,,,129.280586312741,88.73215392376605,144.08837058453437,2021.6549377627057,143.26852832347197,1537.8665330399483
2021-07-20,,0.125,0.1,1.2089999914169312,19.729999542236328,4.2220001220703125,92.97000122070312,69.3499984741211,,,,,,,,,
2021-07-21,,0.125,0.1,1.2799999713897705,17.90999984741211,4.2220001220703125,92.75,72.2300033569336,1516.52001953125,,,128.09724278478802,87.33189412567175,144.23470888657576,2026.9605367748777,142.9347416297395,1582.867689601488
2021-07-22,,0.125,0.1,1.2649999856948853,17.690000534057617,4.231500148773193,92.81999969482422,73.79000091552734,1527.6199951171875,,,129.03080884764876,88.55741322673886,144.4474491495984,2087.638645531355,144.36386337175142,1584.643521466407
2021-07-23,,0.125,0.1,1.2860000133514404,17.200000762939453,4.2204999923706055,92.91000366210938,74.0999984741211,1523.43994140625,,,128.59920026302188,88.32867766080749,143.61819943496647,2168.8817698722933,143.74592149431888,1584.2554366825934
2021-07-24,,0.125,0.1,,,,,,,,,,,,,,
2021-07-25,,0.125,0.1,,,,,,,,,,,,,,
2021-07-26,,0.125,0.1,1.2760000228881836,17.579999923706055,4.223999977111816,92.6500015258789,74.5,1512.530029296875,,,128.0356966336174,87.06769425412809,143.1131514367054,2184.87986746579,142.91876537361057,1588.0819663911784
2021-07-27,,0.125,0.1,1.2339999675750732,19.360000610351562,4.230000019073486,92.43000030517578,74.4800033569336,1514.5999755859375,,,128.52260864177146,87.45399467317993,144.374306310473,2188.807210929452,141.87052097338562,1568.7151794540862
2021-07-28,,0.125,0.1,1.2610000371932983,18.309999465942383,4.230000019073486,92.31999969482422,74.73999786376953,1515.3900146484375,,,128.54766967062287,86.66534207603723,144.30301025776663,2151.841209991221,142.9722027533526,1559.1109972228212
2021-07-29,,0.125,0.1,1.2690000534057617,17.700000762939453,4.230999946594238,91.86000061035156,76.05000305175781,1512.9300537109375,,,128.71398913996146,87.4927932758343,144.30301025776663,2167.0518464036386,142.93911911584743,1554.874848091211
2021-07-30,,0.125,0.1,1.2389999628067017,18.239999771118164,4.236000061035156,92.16999816894531,76.33000183105469,1494.5999755859375,,,127.50341253166724,84.13027589141993,143.58849526893786,2143.3974013364327,141.62204461028085,1552.0243242104575
2021-07-31,,0.125,0.07,,,,,,,0.7,,,,,,,
2021-08-01,1077.78061255766,0.125,0.07,,,,,,,,,,,,,,
2021-08-02,,0.125,0.07,1.1740000247955322,19.459999084472656,4.218999862670898,92.05000305175781,72.88999938964844,1493.0,,,127.48150597042182,83.51745218990526,143.32069627843538,2224.6761839019223,142.93731479264218,1546.7655337879783
2021-08-03,,0.125,0.1,1.1759999990463257,18.040000915527344,4.222499847412109,92.08000183105469,72.41000366210938,1500.260009765625,,,128.78718446304006,85.40025281777794,143.73377565181374,2249.092946045753,143.3173766215227,1527.0363535576203
2021-08-04,,0.125,0.1,1.184000015258789,17.969999313354492,4.230999946594238,92.2699966430664,70.37999725341797,1491.3299560546875,,,127.86091747377802,85.12533457121366,142.75166653157038,2247.0896413747823,143.41238618462583,1518.3258912003944
2021-08-05,,0.125,0.1,1.2170000076293945,17.280000686645508,4.2195000648498535,92.23999786376953,71.29000091552734,1495.780029296875,,,128.398545121263,85.95670713106023,142.2870033119918,2261.295022095978,144.19181844677175,1513.9043264132488
2021-08-06,,0.125,0.1,1.2899999618530273,16.149999618530273,4.215000152587891,92.80000305175781,70.69999694824219,1489.800048828125,,,127.8629848795898,86.59346352145178,142.73088993342938,2263.6633813093304,144.0108186438246,1502.0895899974123
2021-08-07,,0.125,0.1,,,,,,,,,,,,,,
2021-08-08,,0.125,0.1,,,,,,,,,,,,,,
2021-08-09,,0.125,0.1,1.3170000314712524,16.719999313354492,4.218999862670898,92.94999694824219,69.04000091552734,1496.72998046875,,,127.90513708752023,85.71700120762942,142.73088993342938,2255.0368055420086,143.6785543048262,1521.5280091330965
2021-08-10,,0.125,0.1,1.3420000076293945,16.790000915527344,4.22599983215332,93.05999755859375,70.62999725341797,,,,,,,,,
2021-08-11,,0.125,0.1,1.3289999961853027,16.170000076293945,4.22599983215332,92.91000366210938,71.44000244140625,1504.43994140625,,,128.63096823611514,86.90793705844358,143.4314228201567,2244.5968617510935,144.2203690162691,1538.926432019823
2021-08-12,,0.125,0.1,1.3669999837875366,15.59000015258789,4.232500076293945,93.04000091552734,71.30999755859375,1501.969970703125,,,128.60314669651183,86.14479829339982,143.4314228201567,2230.7388051124967,143.40231082067106,1536.8529407974709
2021-08-13,,0.125,0.1,1.2970000505447388,15.449999809265137,4.230500221252441,92.5199966430664,70.58999633789062,1505.1099853515625,,,128.70868730027877,88.2682765805987,142.57256112359312,2197.8857302738934,143.96573295729462,1534.9396743859102
2021-08-14,,0.125,0.1,,,,,,,,,,,,,,
2021-08-15,,0.125,0.1,,,,,,,,,,,,,,
2021-08-16,,0.125,0.1,1.2569999694824219,16.1200008392334,4.235000133514404,92.62999725341797,69.51000213623047,1502.9000244140625,,,127.81369121679651,88.71405551990514,143.15212564528704,2200.399008513323,144.53941770969888,1508.8457720124732
2021-08-17,,0.125,0.1,1.2580000162124634,17.90999984741211,4.235000133514404,93.12999725341797,69.02999877929688,1523.5899658203125,,,129.30358683836678,90.11517966563491,143.78040936740985,2199.0005275391873,146.21899779933955,1554.3956642864598
2021-08-18,,0.125,0.1,1.2730000019073486,21.56999969482422,4.235499858856201,93.13999938964844,68.2300033569336,1525.239990234375,,,129.28817358291553,91.11711676606959,145.60817059143355,2180.3884356298804,145.74471480546646,1579.7604307259232
2021-08-19,,0.125,0.09,1.2419999837875366,21.670000076293945,4.235499858856201,93.56999969482422,66.44999694824219,1514.949951171875,,,128.60182206143207,90.66726067386384,144.72660517244157,2152.676328520439,144.80270464247073,1525.7046765841935
2021-08-20,,0.125,0.09,1.2599999904632568,18.559999465942383,4.236000061035156,93.5,65.18000030517578,1518.030029296875,,,129.24317077791864,91.57422573329211,144.31245220688837,2149.800689007068,144.40297131752558,1527.1142164659936
2021-08-21,,0.125,0.09,,,,,,,,,,,,,,
2021-08-22,,0.125,0.09,,,,,,,,,,,,,,
2021-08-23,,0.125,0.09,1.2549999952316284,17.149999618530273,4.235000133514404,92.95999908447266,68.75,1522.4300537109375,,,130.09963137214604,91.5066537595377,146.2561442173655,2185.5898601354033,144.67131015814772,1530.0291067288258
2021-08-24,,0.125,0.09,1.2899999618530273,17.219999313354492,4.223999977111816,92.88999938964844,71.05000305175781,1553.3699951171875,,,134.15695323923546,95.2336722062698,145.6795491933148,2215.76875884116,146.0289454068284,1556.0681167899
2021-08-25,,0.125,0.09,1.3420000076293945,16.790000915527344,4.2170000076293945,92.83000183105469,72.25,1569.800048828125,,,134.37964673575522,96.36918984107501,145.47337217749862,2206.410921642493,146.60599065051247,1607.5599957481245
2021-08-26,,0.125,0.09,1.3420000076293945,18.84000015258789,4.202000141143799,93.05999755859375,71.06999969482422,1585.739990234375,,,136.141255401398,98.01723926716038,146.41251431088514,2216.0599182022906,149.03127195742852,1619.8000234252477
2021-08-27,,0.125,0.09,1.312000036239624,16.389999389648438,4.192800045013428,92.69000244140625,72.69999694824219,1590.1600341796875,,,135.74494970133898,98.09578082829941,146.65201526468016,2187.809218319931,149.40062193926659,1625.7916450515704
2021-08-28,,0.125,0.08,,,,,,,,,,,,,,
2021-08-29,,0.125,0.08,,,,,,,,,,,,,,
2021-08-30,,0.125,0.08,1.284999966621399,16.190000534057617,4.1875,92.6500015258789,73.41000366210938,1601.3800048828125,,,136.09219670444287,97.41066598929979,147.1370129150612,2199.7525006776527,152.06425041464507,1649.0440163555377
2021-08-31,,0.125,0.08,1.3040000200271606,16.479999542236328,4.1545000076293945,92.62999725341797,72.98999786376953,,0.7,,,,,,,
2021-09-01,1105.97830115752,0.125,0.06,1.3020000457763672,16.110000610351562,4.15500020980835,92.44999694824219,71.58999633789062,1586.8900146484375,,,134.28210458402333,97.56998201577385,147.6636507871318,2189.917271421958,150.8124025470597,1650.8766066541366
2021-09-02,,0.125,0.08,1.2940000295639038,16.40999984741211,4.151299953460693,92.2300033569336,73.02999877929688,1582.18994140625,,,134.19367898468153,96.16611138551337,146.15685865017832,2161.002731152426,151.4510346304015,1623.2883296773955
2021-09-03,,0.125,0.08,1.3220000267028809,16.40999984741211,4.1554999351501465,92.04000091552734,72.61000061035156,1589.18994140625,,,135.79543185446417,96.67998610192708,146.38477721665245,2167.4194135286307,152.9177147598711,1602.548494854436
2021-09-04,,0.125,0.08,,,,,,,,,,,,,,
2021-09-05,,0.125,0.08,,,,,,,,,,,,,,
2021-09-06,,0.125,0.08,,,4.144000053405762,,,1581.5899658203125,,,135.19458806465593,94.90900221993577,146.07591408077994,2240.6389552166793,150.63124133884241,1607.0851163530128
2021-09-07,,0.125,0.08,1.3700000047683716,18.139999389648438,4.145500183105469,92.5199966430664,71.69000244140625,1583.47998046875,,,134.52588069790525,94.33838201424439,147.25932164679784,2253.4539837252273,151.27084170948132,1638.5763040305776
2021-09-08,,0.125,0.08,1.3339999914169312,17.959999084472656,4.1529998779296875,92.6500015258789,72.5999984741211,1597.6300048828125,,,135.563619760381,96.77296710260252,146.7464862364077,2290.268667903021,152.0176144604009,1642.498329905232
2021-09-09,,0.125,0.08,1.2990000247955322,18.799999237060547,4.1519999504089355,92.4800033569336,71.44999694824219,1578.8900146484375,,1.75,133.74108529913116,95.11855254021937,145.61463545863344,2258.8368198914404,150.63228320950412,1580.5723578012646
2021-09-10,,0.125,0.08,1.340999960899353,20.950000762939453,4.145500183105469,92.58000183105469,72.91999816894531,1575.969970703125,,,134.08758862627698,94.70864276642608,145.68816339791312,2267.47222710806,151.91654963452115,1595.7066651372438
2021-09-11,,0.125,0.08,,,,,,,,,,,,,,
2021-09-12,,0.125,0.08,,,,,,,,,,,,,,
2021-09-13,,0.125,0.08,1.3240000009536743,19.3700008392334,4.133999824523926,92.62000274658203,73.51000213623047,1570.1300048828125,,,134.43801458471336,94.4979767532546,144.84378632025695,2267.0735717367975,152.12070630192548,1552.6597992205793
2021-09-14,,0.125,0.08,1.2769999504089355,19.459999084472656,4.144999980926514,92.6500015258789,73.5999984741211,1555.510009765625,,,133.16624492375817,93.2178397675417,144.4481440984182,2283.832225183134,151.45257339623637,1510.09321013697
2021-09-15,,0.125,0.08,1.3040000200271606,18.18000030517578,4.159999847412109,92.48999786376953,75.45999908447266,1555.260009765625,,,133.4629374585701,93.58108039750786,144.17275471019352,2271.3537057968188,152.28583496380887,1524.7302784995823
2021-09-16,,0.125,0.08,1.3309999704360962,18.690000534057617,4.156000137329102,92.86000061035156,75.66999816894531,,,,,,,,,
2021-09-17,,0.125,0.08,1.3700000047683716,20.809999465942383,4.1554999351501465,93.19999694824219,75.33999633789062,1548.510009765625,,,133.9883567925538,91.5836688644252,145.18149283420038,2351.574144438395,151.39543259088836,1499.3458281483215
2021-09-18,,0.125,0.08,,,,,,,,,,,,,,
2021-09-19,,0.125,0.08,,,,,,,,,,,,,,
2021-09-20,,0.125,0.08,1.309000015258789,25.709999084472656,4.16949987411499,93.23999786376953,73.91999816894531,1527.8900146484375,,,133.63369220233668,88.06695364610339,143.5968447967289,2326.66087834588,149.25924733250764,1418.7099912605147
2021-09-21,,0.125,0.08,1.3240000009536743,24.360000610351562,4.190000057220459,93.19999694824219,74.36000061035156,1530.43994140625,,,133.71990712748027,89.10723388835802,144.0880296568939,2385.9363130036045,149.0917229449153,1375.8354976242158
2021-09-22,,0.125,0.08,1.3359999656677246,20.8700008392334,4.184000015258789,93.45999908447266,76.19000244140625,1529.02001953125,,,134.29385435368937,88.97497478189602,144.86385198920465,2404.6448891300015,150.63893792307832,1419.2898068317152
2021-09-23,,0.125,0.08,1.409999966621399,18.6299991607666,4.190999984741211,93.0999984741211,77.25,1539.3399658203125,,,135.44459911585813,90.5274422212594,144.34858313371822,2435.411469781855,150.93179221912183,1390.2137824007452
2021-09-24,,0.125,0.08,1.4600000381469727,17.75,4.179999828338623,93.33000183105469,78.08999633789062,1532.06005859375,,,134.38896964038432,89.36561090989721,144.47927701826944,2468.9612725227116,151.15205394432397,1402.5045990155634
2021-09-25,,0.125,0.08,,,,,,,,,,,,,,
2021-09-26,,0.125,0.08,,,,,,,,,,,,,,
2021-09-27,,0.125,0.08,1.4839999675750732,18.760000228881836,4.185999870300293,93.37999725341797,79.52999877929688,1533.050048828125,,,134.8324969560516,90.00045015434355,143.69555849853117,2451.9799953245774,151.91825608210277,1378.3680836662286
2021-09-28,,0.125,0.08,1.534000039100647,23.25,4.1875,93.7699966430664,79.08999633789062,1546.8199462890625,,,135.49154520768096,90.39312067532644,143.99307859848344,2385.08834493018,155.03518932985875,1435.4265475981686
2021-09-29,,0.125,0.08,1.5410000085830688,22.559999465942383,4.179999828338623,94.33999633789062,78.63999938964844,1547.6500244140625,,,136.0486260522172,90.39144408628907,144.1306251956879,2370.8418415062115,156.13483422933152,1430.1189082209671
2021-09-30,,0.125,0.08,1.5290000438690186,23.139999389648438,4.182300090789795,94.25,78.5199966430664,1537.800048828125,0.6,,135.1540254395969,89.70233462504792,144.01300793573026,2360.045615820222,154.71324384854336,1450.1697804700132
2021-10-01,1238.17285657319,0.125,0.06,1.4789999723434448,21.100000381469727,4.184000015258789,94.04000091552734,79.27999877929688,1524.47998046875,,,134.06794873256024,89.68816971105026,143.67011218044124,2327.318552747846,154.69538947696324,1406.4723778228401
2021-10-02,,0.125,0.08,,,,,,,,,,,,,,
2021-10-03,,0.125,0.08,,,,,,,,,,,,,,
2021-10-04,,0.125,0.08,1.4809999465942383,22.959999084472656,4.177000045776367,93.80999755859375,81.26000213623047,1522.469970703125,,,133.84630360896176,89.51243175188036,144.08845560266982,2386.6245759384074,154.1237024720504,1403.4067973535548
2021-10-05,,0.125,0.08,1.5290000438690186,21.299999237060547,4.171999931335449,93.9800033569336,82.55999755859375,1530.4200439453125,,,134.25715021545034,90.46370196246471,144.56954795797606,2331.9324200695132,154.4852597473654,1433.3613780693804
2021-10-06,,0.125,0.08,1.5240000486373901,21.0,4.177499771118164,94.2699966430664,81.08000183105469,1559.4200439453125,,,135.5963959734467,99.96243873668135,145.55279029222618,2341.785738799523,157.30077489250357,1450.7203291126234
2021-10-07,,0.125,0.08,1.5709999799728394,19.540000915527344,4.183000087738037,94.22000122070312,81.94999694824219,1561.2900390625,,,136.02633115654277,100.24671515597046,146.18568280243318,2354.3392080399512,156.25035292319407,1450.9170769422444
2021-10-08,,0.125,0.08,1.6050000190734863,18.770000457763672,4.181000232696533,94.06999969482422,82.38999938964844,1563.9000244140625,,,136.39951260799882,100.96771541936269,146.36213893508346,2343.871228366365,156.04824180952465,1482.1934792239438
2021-10-09,,0.125,0.08,,,,,,,,,,,,,,
2021-10-10,,0.125,0.08,,,,,,,,,,,,,,
2021-10-11,,0.125,0.08,1.6139999628067017,20.0,4.178500175476074,94.31999969482422,83.6500015258789,1570.8199462890625,,,138.28299462352533,101.64838849070965,147.18713700265653,2326.3728679497044,156.0372835312303,1495.0585451654856
2021-10-12,,0.125,0.08,1.5800000429153442,19.850000381469727,4.167500019073486,94.5199966430664,83.41999816894531,1583.9100341796875,,,140.25324044386477,101.40253906323164,147.79058453069098,2338.339212903431,157.02024000346353,1497.9401004080846
2021-10-13,,0.125,0.08,1.5490000247955322,18.639999389648438,4.163000106811523,94.08000183105469,83.18000030517578,1600.3800048828125,,,141.75462792059074,103.36304582268842,148.67468507796434,2319.4783651856824,157.95247233559445,1486.1281643371428
2021-10-14,,0.125,0.08,1.5190000534057617,16.860000610351562,4.15749979019165,93.95999908447266,84.0,1592.52001953125,,,140.97069223738902,101.48416407102792,147.638318443504,2353.928931438842,156.95963448807734,1498.3094394742186
2021-10-15,,0.125,0.08,1.5759999752044678,16.299999237060547,4.152500152587891,93.94000244140625,84.86000061035156,1598.280029296875,,,141.3581653719514,102.1355448380385,147.71132876689632,2382.2673499182474,158.1686525901872,1489.045838189782
2021-10-16,,0.125,0.08,,,,,,,,,,,,,,
2021-10-17,,0.125,0.08,,,,,,,,,,,,,,
2021-10-18,,0.125,0.08,1.5839999914169312,16.309999465942383,4.1554999351501465,93.94999694824219,84.33000183105469,1605.969970703125,,,143.237856610888,102.14739567955363,148.77800197732577,2386.4884276238286,158.0539640792797,1486.640206492747
2021-10-19,,0.125,0.08,1.6349999904632568,15.699999809265137,4.16949987411499,93.79000091552734,85.08000183105469,,,,,,,,,
2021-10-20,,0.125,0.08,1.6360000371932983,15.489999771118164,4.16949987411499,93.55999755859375,85.81999969482422,1606.3199462890625,,,144.6803223323997,101.54365585037439,147.71105710462325,2428.1885206244388,158.78446832689025,1495.500948856417
2021-10-21,,0.125,0.08,1.6759999990463257,15.010000228881836,4.1554999351501465,93.7699966430664,84.61000061035156,1591.6199951171875,,,142.87699831522752,102.1836808822942,147.8608711340175,2445.246737783056,157.8995015745121,1447.849132671784
2021-10-22,,0.125,0.08,1.6549999713897705,15.430000305175781,4.156000137329102,93.61000061035156,85.52999877929688,1588.0799560546875,,,141.69305006814398,101.88719823525523,147.13284451981846,2411.2787152096453,158.82491553557978,1436.205909120986
2021-10-23,,0.125,0.08,,,,,,,,,,,,,,
2021-10-24,,0.125,0.08,,,,,,,,,,,,,,
2021-10-25,,0.125,0.08,1.6349999904632568,15.239999771118164,4.147500038146973,93.80999755859375,85.98999786376953,1587.93994140625,,,141.89502680645492,101.59058210131148,147.5762191501123,2401.6355499400584,159.27655488152317,1442.4501026148891
2021-10-26,,0.125,0.08,1.61899995803833,15.979999542236328,4.14900016784668,93.94999694824219,86.4000015258789,1584.199951171875,,,141.69962490778522,101.08337826552966,148.23408890948144,2396.4207819197427,158.09022714139843,1427.023616152414
2021-10-27,,0.125,0.08,1.5290000438690186,16.979999542236328,4.144999980926514,93.86000061035156,84.58000183105469,1583.0799560546875,,,142.02770915325578,100.94631956155793,148.35515270892822,2415.0820997911483,159.68502271110216,1403.8518695042428
2021-10-28,,0.125,0.08,1.5679999589920044,16.530000686645508,4.1529998779296875,93.3499984741211,84.31999969482422,1566.8599853515625,,,141.30649608114567,99.05743591617536,148.09159708959015,2433.3650862918735,158.06209627398067,1355.8253429748327
2021-10-29,,0.125,0.08,1.5570000410079956,16.260000228881836,4.1479997634887695,94.12000274658203,84.37999725341797,1562.31005859375,,,140.35243258874473,97.44535309703429,148.16418089076757,2430.5058229593046,157.77240531910996,1402.2679009071444
2021-10-30,,0.125,0.07,,,,,,,,,,,,,,
2021-10-31,,0.125,0.07,,,,,,,0.6,,,,,,,
2021-11-01,1279.64081229113,0.125,0.07,1.5750000476837158,16.40999984741211,4.138999938964844,93.87999725341797,84.70999908447266,1530.9200439453125,,,136.93197601286371,96.3876801293533,146.12578321762612,2402.4474372714326,155.4731915361827,1374.1357151581483
2021-11-02,,0.125,0.08,1.5490000247955322,16.030000686645508,4.150000095367432,94.08999633789062,84.72000122070312,1537.6300048828125,,,137.38479129939054,99.01455820380608,147.2311458138895,2469.0282394215596,153.44796091593525,1363.509454764939
2021-11-03,,0.125,0.08,1.5789999961853027,15.100000381469727,4.145999908447266,93.86000061035156,81.98999786376953,1531.3299560546875,,1.75,137.2621761839255,97.6732710992451,147.76345771168508,2435.351889529459,153.3665930417289,1338.4968887079006
2021-11-04,,0.125,0.08,1.5240000486373901,15.4399995803833,4.151000022888184,94.3499984741211,80.54000091552734,,,,,,,,,
2021-11-05,,0.125,0.08,1.4529999494552612,16.479999542236328,4.1519999504089355,94.31999969482422,82.73999786376953,1531.72998046875,,,137.2061195644755,96.13074402257855,147.09785203591258,2496.7684137976726,153.0084864318311,1327.337514756774
2021-11-06,,0.125,0.08,,,,,,,,,,,,,,
2021-11-07,,0.125,0.08,,,,,,,,,,,,,,
2021-11-08,,0.125,0.08,1.496999979019165,17.219999313354492,4.1579999923706055,94.05000305175781,83.43000030517578,1535.4100341796875,,,137.31959925380613,96.90574054825309,147.17016814869274,2482.0831937561525,155.46165428572374,1298.6358811618488
2021-11-09,,0.125,0.08,1.4320000410079956,17.780000686645508,4.152500152587891,93.95999908447266,84.77999877929688,1524.030029296875,,,136.64059272483115,95.25863024598564,147.73941730088197,2485.381918938475,154.132542404784,1268.875374173775
2021-11-10,,0.125,0.08,1.559999942779541,18.729999542236328,4.146999835968018,94.8499984741211,82.63999938964844,1520.739990234375,,,136.3461063941712,94.90823655555293,146.65486347512203,2471.5944035120438,154.76343025341745,1267.8754072501633
2021-11-11,,0.125,0.08,1.559999942779541,17.65999984741211,4.151000022888184,95.18000030517578,82.87000274658203,1518.8499755859375,,,136.49389771003382,94.77857469023667,147.06893020168218,2460.2081313907956,153.59326943368924,1258.4313728905245
2021-11-12,,0.125,0.08,1.5820000171661377,16.290000915527344,4.163000106811523,95.12999725341797,82.16999816894531,1531.219970703125,,,137.391934391897,95.9820548570105,146.99662159634013,2498.587449178336,154.16541634845706,1305.4143791838226
2021-11-13,,0.125,0.08,,,,,,,,,,,,,,
2021-11-14,,0.125,0.08,,,,,,,,,,,,,,
2021-11-15,,0.125,0.08,1.6230000257492065,16.489999771118164,4.151000022888184,95.41000366210938,82.05000305175781,1522.3399658203125,,,136.9489402619683,93.22142537005787,146.23803507301156,2496.2169241463084,152.46911994295726,1312.4039606101915
2021-11-16,,0.125,0.08,1.6339999437332153,16.3700008392334,4.158999919891357,95.91999816894531,82.43000030517578,1522.8900146484375,,,137.09753697022728,92.65443429695475,146.09466670566823,2483.957216493381,152.52970103754095,1298.8995225377068
2021-11-17,,0.125,0.08,1.6039999723434448,17.110000610351562,4.1645002365112305,95.83000183105469,80.27999877929688,1525.1300048828125,,,137.78077328299827,93.35877556514038,145.7517190913994,2472.9826870155807,153.2753054935677,1333.9779611804443
2021-11-18,,0.125,0.08,1.5889999866485596,17.59000015258789,4.171500205993652,95.54000091552734,81.23999786376953,1523.7900390625,,,137.70062797453292,94.57306929041917,145.5367361540941,2495.073933342981,153.71923829116795,1318.234374186727
2021-11-19,,0.125,0.08,1.5360000133514404,17.90999984741211,4.179999828338623,96.06999969482422,78.88999938964844,1525.5400390625,,,138.33635081140966,94.65581190691125,145.20797738945996,2512.0757321990422,153.0708289702631,1299.4555325443666
2021-11-20,,0.125,0.08,,,,,,,,,,,,,,
2021-11-21,,0.125,0.08,,,,,,,,,,,,,,
2021-11-22,,0.125,0.08,1.625,19.170000076293945,4.181000232696533,96.5,79.69999694824219,1526.8699951171875,,,139.27833574942753,95.69091284904827,145.6281200224327,2518.207495609272,153.267118168682,1296.0097847973218
2021-11-23,,0.125,0.08,1.6670000553131104,19.3799991607666,4.183000087738037,96.48999786376953,82.30999755859375,1522.8800048828125,,,139.60522143768085,93.08195561334455,146.44614485788352,2536.3279082360227,153.01715400324974,1297.2798060984153
2021-11-24,,0.125,0.08,1.6449999809265137,18.579999923706055,4.192999839782715,96.83999633789062,82.25,1522.27001953125,,,139.37710315197998,93.91169868544512,145.50600182889139,2530.0734333227006,153.33243532413093,1294.4602253283497
2021-11-25,,0.125,0.08,,,4.208000183105469,,,1517.5999755859375,,,138.57011372667108,93.98386081970077,146.35804308411855,2527.47703429661,153.81543433055836,1287.6122874359164
2021-11-26,,0.125,0.08,1.4819999933242798,28.6200008392334,4.2270002365112305,96.08999633789062,72.72000122070312,1512.219970703125,,,137.6579587037192,92.17050336342574,146.25930271103618,2515.1103249093508,153.94344135668484,1391.2148964252558
2021-11-27,,0.125,0.08,,,,,,,,,,,,,,
2021-11-28,,0.125,0.08,,,,,,,,,,,,,,
2021-11-29,,0.125,0.08,1.5299999713897705,22.959999084472656,4.236999988555908,96.33999633789062,73.44000244140625,1510.5699462890625,,,137.0058385401972,90.22981879979129,142.3764926834092,2503.8372000552326,151.90034835536298,1493.6722948098557
2021-11-30,,0.125,0.08,1.4429999589920044,27.190000534057617,4.236000061035156,95.98999786376953,70.56999969482422,1513.97998046875,0.7,,137.00365486360215,91.90437753016698,144.57321601489568,2521.8960913370943,155.81821347638473,1449.9372282730174
2021-12-01,1207.46390510091,0.125,0.07,1.434000015258789,31.1200008392334,4.202499866485596,96.05000305175781,68.87000274658203,1496.9300537109375,,,135.1618132644773,91.84644713457219,145.0644268009021,2560.73142030298,155.80865012462155,1398.8605622079494
2021-12-02,,0.125,0.08,1.4479999542236328,27.950000762939453,4.21750020980835,96.12999725341797,69.66999816894531,1501.739990234375,,,136.32622375417125,92.99685977290041,144.414887143056,2498.2627676387046,155.25888387177548,1412.7850127862537
2021-12-03,,0.125,0.08,1.343000054359436,30.670000076293945,4.227499961853027,96.12000274658203,69.87999725341797,,,,,,,,,
2021-12-04,,0.125,0.08,,,,,,,,,,,,,,
2021-12-05,,0.125,0.08,,,,,,,,,,,,,,
2021-12-06,,0.125,0.08,1.434000015258789,27.18000030517578,4.229000091552734,96.29000091552734,73.08000183105469,1483.449951171875,,,136.91072634109526,91.16419405845164,143.89646266568536,2446.400758062865,154.4205099350913,1353.7880536208927
2021-12-07,,0.125,0.08,1.4800000190734863,21.889999389648438,4.230000019073486,96.37000274658203,75.44000244140625,1497.969970703125,,,139.35542198022125,91.76423174778613,145.08253679130445,2496.3298400079834,155.59305288848066,1348.1227059106698
2021-12-08,,0.125,0.08,1.5089999437332153,19.899999618530273,4.229499816894531,95.88999938964844,75.81999969482422,1494.030029296875,,,139.0637133806068,91.88181750170428,144.9786334399952,2510.1853588792915,155.39246022767998,1338.186465029954
2021-12-09,,0.125,0.08,1.4869999885559082,21.579999923706055,4.2179999351501465,96.2699966430664,74.41999816894531,1501.7900390625,,,138.8862282021757,93.04917899202955,144.6848940901185,2492.305760011277,157.36400473137854,1338.5538647202836
2021-12-10,,0.125,0.08,1.4889999628067017,18.690000534057617,4.215000152587891,96.05000305175781,75.1500015258789,1488.8800048828125,,,138.41321340292632,92.49572485158578,144.27618586798818,2473.580075255534,155.02499386958962,1263.0643457516057
2021-12-11,,0.125,0.08,,,,,,,,,,,,,,
2021-12-12,,0.125,0.08,,,,,,,,,,,,,,
2021-12-13,,0.125,0.08,1.4240000247955322,20.309999465942383,4.210000038146973,96.31999969482422,74.38999938964844,1494.8599853515625,,,139.40418833985274,93.75101110999138,145.17370640394546,2473.284006135232,156.9994428077929,1220.362428224516
2021-12-14,,0.125,0.08,1.437999963760376,21.889999389648438,4.2220001220703125,96.56999969482422,73.69999694824219,1480.9200439453125,,,138.00613390806419,91.92470142487159,145.3164342238673,2457.751660919394,156.92253440810973,1198.3633358341503
2021-12-15,,0.125,0.08,1.4630000591278076,19.290000915527344,4.230999946594238,96.51000213623047,73.87999725341797,1482.81005859375,,,138.35699366589566,91.1586789494196,145.24315524759203,2448.6579647654066,157.6226216899827,1216.3387424307707
2021-12-16,,0.125,0.08,1.4220000505447388,20.56999969482422,4.228000164031982,96.04000091552734,75.0199966430664,1484.6400146484375,,,139.26959786088787,90.47818137347939,144.76483325849082,2483.336133128148,157.4165883540748,1210.4341992824852
2021-12-17,,0.125,0.08,1.4019999504089355,21.56999969482422,4.203999996185303,96.56999969482422,73.5199966430664,1502.010009765625,,,140.47271440008032,92.28325348211483,142.84160291280983,2431.693027511055,160.21807055157566,1259.7380394841878
2021-12-18,,0.125,0.08,,,,,,,,,,,,,,
2021-12-19,,0.125,0.08,,,,,,,,,,,,,,
2021-12-20,,0.125,0.08,1.4190000295639038,22.8700008392334,4.216000080108643,96.55000305175781,71.5199966430664,1493.9000244140625,,,140.26775390911936,90.59083718982598,143.23019386721882,2421.1088674094603,159.99605116717274,1253.9705324031816
2021-12-21,,0.125,0.08,1.4869999885559082,21.010000228881836,4.224999904632568,96.48999786376953,73.9800033569336,1492.5899658203125,,,140.90913125595864,91.05628246301974,143.53046059394424,2445.499892609805,159.4557929089482,1217.1431357767817
2021-12-22,,0.125,0.08,1.4570000171661377,18.6299991607666,4.206999778747559,96.08000183105469,75.29000091552734,1500.3199462890625,,,142.0416123331248,91.05405349268725,143.01310736709254,2457.394160845958,159.0636632455883,1241.497156904191
2021-12-23,,0.125,0.08,1.4930000305175781,17.959999084472656,4.210999965667725,96.0199966430664,76.8499984741211,1516.4200439453125,,,142.50032504916305,94.22087790058306,144.0868630014263,2468.3810289259413,160.57418984064924,1282.269071287307
2021-12-24,,0.125,0.08,,,4.197999954223633,,,1516.449951171875,,,142.27085792047197,93.20890427060765,144.12679162281557,2481.6058164810684,160.57691903213077,1286.7909837655309
2021-12-25,,0.125,0.08,,,,,,,,,,,,,,
2021-12-26,,0.125,0.08,,,,,,,,,,,,,,
2021-12-27,,0.125,0.08,1.4809999465942383,17.68000030517578,4.192500114440918,96.08999633789062,78.5999984741211,1533.9100341796875,,,143.16902042280816,94.25137282310533,144.1789191172839,2481.968767162848,162.1082086340811,1350.6965495252032
2021-12-28,,0.125,0.08,1.4809999465942383,17.540000915527344,4.181000232696533,96.19999694824219,78.94000244140625,1539.8900146484375,,,143.77962918140543,94.94843160824547,145.10487597285652,2506.414067354141,163.37987429811477,1361.9253791986916
2021-12-29,,0.125,0.08,1.5429999828338623,16.950000762939453,4.178500175476074,95.93000030517578,79.2300033569336,1545.0400390625,,,144.1559373539092,94.05945013142068,145.74205252414322,2512.7213158577842,162.89864533058036,1380.5613091292314
2021-12-30,,0.125,0.08,1.5149999856948853,17.329999923706055,4.179500102996826,95.97000122070312,79.31999969482422,1543.6099853515625,,,143.34716757739932,95.01772951760334,144.7392366343727,2529.3176655466127,162.2770853934025,1389.1540275113691
2021-12-31,,0.125,0.08,1.5119999647140503,17.219999313354492,4.171500205993652,95.66999816894531,77.77999877929688,1567.530029296875,0.9,,143.81558044813102,94.15386867809178,144.7392366343727,2524.5281701278677,165.79112139946568,1431.8534301694522
2022-01-01,1293.59521574041,0.125,0.07,,,,,,,,,,,,,,
2022-01-02,,0.125,0.07,,,,,,,,,,,,,,
2022-01-03,,0.125,0.07,1.628000020980835,16.600000381469727,4.175000190734863,96.23999786376953,78.9800033569336,1549.050048828125,,,144.22546050315094,96.22552064240038,144.4468401611568,2527.0123845576027,161.11738798051925,1361.7060312811302
2022-01-04,,0.125,0.08,1.6679999828338623,16.90999984741211,4.170000076293945,96.29000091552734,80.0,1541.9000244140625,,,143.55394538329352,95.45402068378448,144.44773602917002,2561.371829104396,158.9337708604576,1349.4250152132297
2022-01-05,,0.125,0.08,1.7050000429153442,19.729999542236328,4.184000015258789,96.19000244140625,80.80000305175781,1547.949951171875,,,144.4015933705918,95.63352807055132,144.84693363296023,2538.7429402723164,157.65207349144129,1383.6459862518418
2022-01-06,,0.125,0.08,1.7330000400543213,19.610000610351562,4.191999912261963,96.25,81.98999786376953,1533.3599853515625,,,143.18423320207958,94.48558767837976,143.50550887167745,2507.67720612223,155.97065155169278,1381.2268447685506
2022-01-07,,0.125,0.08,1.7710000276565552,18.760000228881836,4.210999965667725,95.73999786376953,81.75,1543.1099853515625,,,144.0262977676984,97.20130049388712,143.65179402676563,2505.632329833466,156.63967121183478,1395.7761337951724
2022-01-08,,0.125,0.08,,,,,,,,,,,,,,
2022-01-09,,0.125,0.08,,,,,,,,,,,,,,
2022-01-10,,0.125,0.08,1.7799999713897705,19.399999618530273,4.206999778747559,95.98999786376953,80.87000274658203,1550.1700439453125,,,146.21901415756693,97.62310837409306,144.73767671166215,2390.9099913688715,157.23724905881687,1420.0307749934705
2022-01-11,,0.125,0.08,1.746000051498413,18.40999984741211,4.197999954223633,95.62000274658203,83.72000122070312,1564.2900390625,,,147.30726989904545,98.60244970631923,145.16680297652232,2312.2129382336416,159.58094067702743,1417.0553829401022
2022-01-12,,0.125,0.08,1.725000023841858,17.6200008392334,4.190000057220459,95.0,84.66999816894531,1563.199951171875,,,146.49531052190125,97.77609260220424,144.32242798373184,2324.8826802336284,160.5214089432217,1419.4627699154942
2022-01-13,,0.125,0.08,1.7109999656677246,20.309999465942383,4.183499813079834,94.79000091552734,84.47000122070312,1569.510009765625,,,147.1664712485632,98.38213592728829,143.39383474669174,2292.09283861312,162.24652740008125,1423.4473688209468
2022-01-14,,0.125,0.08,1.7719999551773071,19.190000534057617,4.175000190734863,95.16999816894531,86.05999755859375,1555.3299560546875,,,146.0340418358367,98.29356715124369,143.91500837432366,2146.1533777184677,159.64638794008985,1394.266579671911
2022-01-15,,0.125,0.08,,,,,,,,,,,,,,
2022-01-16,,0.125,0.08,,,,,,,,,,,,,,
2022-01-17,,0.125,0.08,,,4.175000190734863,,,1542.9200439453125,,,145.71455644193927,96.29255137709615,142.2863503808109,2143.7028938492904,157.92248951333053,1382.2659460945856
2022-01-18,,0.125,0.08,1.8650000095367432,22.790000915527344,4.181000232696533,95.7300033569336,87.51000213623047,,,,,,,,,
2022-01-19,,0.125,0.08,1.8270000219345093,23.850000381469727,4.181000232696533,95.51000213623047,88.44000244140625,1530.3299560546875,,,143.14763353258527,96.48008561249108,140.62063734038045,2049.0896720848787,158.61646193120603,1345.2451792925162
2022-01-20,,0.125,0.08,1.8329999446868896,25.59000015258789,4.190999984741211,95.73999786376953,88.37999725341797,1527.75,,1.75,142.0878986948171,96.61710140950144,139.65114084712494,2069.194257317194,158.41768784959345,1363.6908335255641
2022-01-21,,0.125,0.08,1.746999979019165,28.850000381469727,4.186999797821045,95.63999938964844,87.88999938964844,1527.06005859375,,,142.65254353520606,96.7557137899307,139.53889873172199,2024.0136839046347,158.71631417999862,1355.8062464803827
2022-01-22,,0.125,0.08,,,,,,,,,,,,,,
2022-01-23,,0.125,0.08,,,,,,,,,,,,,,
2022-01-24,,0.125,0.08,1.7350000143051147,29.899999618530273,4.184999942779541,95.91999816894531,86.2699966430664,1521.8599853515625,,,142.14543318133377,97.45891023553999,140.2485839591946,2031.192278263093,158.57076971284562,1321.0875190916765
2022-01-25,,0.125,0.08,1.7829999923706055,31.15999984741211,4.186500072479248,95.94999694824219,88.19999694824219,1508.9100341796875,,,141.917470373942,95.74036048068668,139.24666440103195,2014.5498238414511,159.35179502810922,1297.5562989942657
2022-01-26,,0.125,0.08,1.8480000495910645,31.959999084472656,4.188000202178955,96.48999786376953,89.95999908447266,1515.760009765625,,,142.63629567766384,94.91442038179882,138.9779838475664,2048.489318646887,159.73756086031122,1317.8463353204306
2022-01-27,,0.125,0.08,1.8070000410079956,30.489999771118164,4.190000057220459,97.26000213623047,89.33999633789062,1515.989990234375,,,142.65909906039036,95.65532091627928,139.25339470298027,2000.0237586407598,159.68088862749963,1318.9318195805215
2022-01-28,,0.125,0.08,1.781999945640564,27.65999984741211,4.195000171661377,97.2699966430664,90.02999877929688,1520.02001953125,,,143.1010822578654,95.54812312986247,139.54671456262128,2016.8267834130822,159.40792977802693,1332.6986616263282
2022-01-29,,0.125,0.08,,,,,,,,,,,,,,
2022-01-30,,0.125,0.08,,,,,,,,,,,,,,
2022-01-31,,0.125,0.08,1.781999945640564,24.829999923706055,4.188000202178955,96.54000091552734,91.20999908447266,1512.27001953125,1.1,,142.035691824376,92.5739973628128,139.76578128022587,2056.3051954687226,159.28572454781263,1343.500939596066
2022-02-01,1458.06977711168,0.125,0.08,1.7999999523162842,21.959999084472656,4.184000015258789,96.38999938964844,89.16000366210938,,,,,,,,,
2022-02-02,,0.125,0.08,1.7660000324249268,22.09000015258789,4.184000015258789,95.94000244140625,89.47000122070312,,,,,,,,,
2022-02-03,,0.125,0.08,1.8270000219345093,24.350000381469727,4.181000232696533,95.37999725341797,91.11000061035156,1525.72998046875,,,143.1841953888428,93.47900481107074,141.58338015004946,2019.5856836097014,161.65221491075562,1336.9579793211435
2022-02-04,,0.125,0.08,1.9299999475479126,23.219999313354492,4.182000160217285,95.4800033569336,93.2699966430664,1522.760009765625,,,142.74944249228767,92.27551993896316,140.24947111857531,2011.7009098478325,161.8555966783801,1361.5660353482338
2022-02-05,,0.125,0.08,,,,,,,,,,,,,,
2022-02-06,,0.125,0.08,,,,,,,,,,,,,,
2022-02-07,,0.125,0.08,1.9160000085830688,22.860000610351562,4.177999973297119,95.4000015258789,92.69000244140625,1530.6500244140625,,,143.04020695248954,93.42428265246267,140.27982633059887,2042.2549311843213,162.30043244301703,1426.8066997815388
2022-02-08,,0.125,0.08,1.9539999961853027,21.440000534057617,4.183499813079834,95.63999938964844,90.77999877929688,1530.0899658203125,,,142.8604030414085,93.5725913211033,139.21730406306204,2038.6085441430907,161.96770119721117,1409.7263180936025
2022-02-09,,0.125,0.08,1.9290000200271606,19.959999084472656,4.182300090789795,95.48999786376953,91.55000305175781,1551.510009765625,,,146.18791757828228,94.88924276692852,139.0863749224113,2093.12811803495,163.16612170547918,1397.126066204933
2022-02-10,,0.125,0.08,2.0309998989105225,23.90999984741211,4.183000087738037,95.55000305175781,91.41000366210938,1570.0999755859375,,,148.30453146600254,98.85054346820519,138.5602703335497,2116.107017664277,165.290384442273,1420.7814321312733
2022-02-11,,0.125,0.08,1.9550000429153442,27.360000610351562,4.182000160217285,96.08000183105469,94.44000244140625,1578.8900146484375,,,148.50940332664518,104.15393574719833,138.05237458879242,2083.2469831025924,165.62590895969606,1412.1135731708523
2022-02-12,,0.125,0.08,,,,,,,,,,,,,,
2022-02-13,,0.125,0.08,,,,,,,,,,,,,,
2022-02-14,,0.125,0.08,1.996000051498413,28.329999923706055,4.188000202178955,96.37000274658203,96.4800033569336,1583.8399658203125,,,149.33167020142176,105.58876675023103,139.72155419036667,2024.805494586101,166.86069784717324,1400.093766083457
2022-02-15,,0.125,0.08,2.0450000762939453,25.700000762939453,4.188000202178955,95.98999786376953,93.27999877929688,1599.6099853515625,,,150.14483863868116,112.10544051533249,140.40356855551698,2024.4935142917666,167.4635737858286,1404.815358093426
2022-02-16,,0.125,0.08,2.046999931335449,24.290000915527344,4.183800220489502,95.69999694824219,94.80999755859375,1603.199951171875,,,150.77928529518522,112.43677919199733,140.84648067966722,2068.7791043728657,166.85812649699062,1424.6066514532479
2022-02-17,,0.125,0.08,1.972000002861023,28.110000610351562,4.183499813079834,95.80000305175781,92.97000122070312,1605.02001953125,,,150.54353777679907,115.99533331306087,140.41398106006574,2092.2879829624185,166.41110403613501,1401.8808014550339
2022-02-18,,0.125,0.08,1.9320000410079956,27.75,4.184999942779541,96.04000091552734,93.54000091552734,1603.050048828125,,,149.9329256484269,119.4059796328064,139.54050203288242,2024.9598810359214,165.08057677541467,1408.9814389501787
2022-02-19,,0.125,0.08,,,,,,,,,,,,,,
2022-02-20,,0.125,0.08,,,,,,,,,,,,,,
2022-02-21,,0.125,0.08,,,4.184000015258789,,,1582.68994140625,,,150.24547042733874,113.27090263903673,140.09558166855814,1945.546491803063,163.320309058907,1375.6745635143143
2022-02-22,,0.125,0.08,1.9479999542236328,28.809999465942383,4.177000045776367,96.02999877929688,96.83999633789062,1576.9599609375,,,148.8169670960375,113.37747653731849,141.230428070473,1864.9774336757869,162.80410016631066,1376.7993237312198
2022-02-23,,0.125,0.08,1.9769999980926514,31.020000457763672,4.183000087738037,96.19000244140625,96.83999633789062,1586.1400146484375,,,149.7809556255058,114.15392858551601,140.45141255376296,1935.525110991372,163.7010129904468,1392.0924100592274
2022-02-24,,0.125,0.08,1.968999981880188,30.31999969482422,4.184000015258789,97.13999938964844,99.08000183105469,1573.8900146484375,,,147.83665382380852,116.07009712732257,139.66311655847088,1925.1550551251653,164.23188340015463,1355.7710919336134
2022-02-25,,0.125,0.08,1.9859999418258667,27.59000015258789,4.198500156402588,96.62000274658203,97.93000030517578,1591.719970703125,,,151.6010346495887,116.89053195556605,139.00541075774572,1971.1483667776652,164.98486178768155,1366.0941960487826
2022-02-26,,0.125,0.08,,,,,,,,,,,,,,
2022-02-27,,0.125,0.08,,,,,,,,,,,,,,
2022-02-28,,0.125,0.08,1.8389999866485596,30.149999618530273,4.198500156402588,96.70999908447266,100.98999786376953,1608.280029296875,1.6,,152.19974714690758,118.74537931405811,139.6934010683728,1917.4429198379016,170.37769084681668,1391.2657068623448
2022-03-01,1652.71639279719,0.125,0.08,1.7070000171661377,33.31999969482422,4.196000099182129,97.41000366210938,104.97000122070312,1596.43994140625,,,148.9368392767835,118.80627547723468,138.09924084588442,1913.479568856442,167.06647145419012,1390.585036908007
2022-03-02,,0.125,0.08,1.8650000095367432,30.739999771118164,4.190499782562256,97.38999938964844,112.93000030517578,1598.0999755859375,,,146.60759056071458,123.46103113172214,137.918475629845,1888.2632932382116,167.67681566941104,1412.5065890232793
2022-03-03,,0.125,0.08,1.843999981880188,30.479999542236328,4.192999839782715,97.79000091552734,110.45999908447266,1618.5400390625,,1.75,148.4932419678496,126.35805543198839,137.9088622705541,1850.070046828694,172.48216813627707,1420.566533824148
2022-03-04,,0.125,0.08,1.7239999771118164,31.979999542236328,4.184000015258789,98.6500015258789,118.11000061035156,1603.93994140625,,,147.4390731568244,123.31867751744187,137.43251398407946,1790.4254062957675,173.63626568672862,1388.920283958595
2022-03-05,,0.125,0.08,,,,,,,,,,,,,,
2022-03-06,,0.125,0.08,,,,,,,,,,,,,,
2022-03-07,,0.125,0.08,1.7510000467300415,36.45000076293945,4.176000118255615,99.29000091552734,123.20999908447266,1572.56005859375,,,143.130507394769,122.09483424321617,137.44377670459542,1663.2656978320697,172.141248223765,1366.5832908809132
2022-03-08,,0.125,0.08,1.871999979019165,35.130001068115234,4.174499988555908,99.05999755859375,127.9800033569336,1546.8699951171875,,,141.89847296574513,119.4127753389653,137.80057636572684,1537.6784154606692,168.3102720287361,1325.9606795071247
2022-03-09,,0.125,0.08,1.9479999542236328,32.45000076293945,4.179999828338623,97.97000122070312,111.13999938964844,1562.3299560546875,,,144.44629061261793,121.47563437225162,140.02055644877387,1698.3200506389096,169.5641985399404,1266.410254635431
2022-03-10,,0.125,0.08,2.010999917984009,30.229999542236328,4.184999942779541,98.51000213623047,109.33000183105469,1580.530029296875,,,147.90308544381998,119.17160968739692,141.11010782216596,1727.2634850102386,172.06365375317972,1248.223273748659
2022-03-11,,0.125,0.08,2.003999948501587,30.75,4.185999870300293,99.12000274658203,112.66999816894531,1568.219970703125,,,147.40160835345498,118.01949397092054,140.71600817410877,1769.495782493788,171.45450366866953,1229.8128194158226
2022-03-12,,0.125,0.08,,,,,,,,,,,,,,
2022-03-13,,0.125,0.08,,,,,,,,,,,,,,
2022-03-14,,0.125,0.08,2.140000104904175,31.770000457763672,4.191999912261963,99.05999755859375,106.9000015258789,1567.43994140625,,,148.04288441881098,116.99979796601656,141.11013607451815,1738.8786042670297,169.92037623091062,1245.8213511423996
2022-03-15,,0.125,0.08,2.1600000858306885,29.829999923706055,4.202499866485596,99.06999969482422,99.91000366210938,1557.4100341796875,,,149.01444393199503,115.70869209064074,140.2427574632233,1667.716109413874,165.68166672445795,1240.5087349870478
2022-03-16,,0.125,0.08,2.187999963760376,26.670000076293945,4.204999923706055,98.37999725341797,98.0199966430664,1571.3199462890625,,,152.82493698513395,115.41208086149524,138.71903392972393,1758.08557846151,166.4985375341287,1247.603120978701
2022-03-17,,0.375,0.08,2.191999912261963,25.670000076293945,4.190000057220459,98.01000213623047,106.63999938964844,1590.8800048828125,,,156.2526736800042,113.75906470584329,139.4399314510054,1922.5158882068363,168.26425969227236,1289.3973595533555
2022-03-18,,0.375,0.33,2.1480000019073486,23.8700008392334,4.195000171661377,98.2300033569336,107.93000030517578,1591.260009765625,,,156.01911372460654,114.4668171128422,137.08128665655389,1883.1168900809769,167.88716164014215,1268.7118089581163
2022-03-19,,0.375,0.33,,,,,,,,,,,,,,
2022-03-20,,0.375,0.33,,,,,,,,,,,,,,
2022-03-21,,0.375,0.33,2.315000057220459,23.530000686645508,4.190999984741211,98.5,115.62000274658203,1587.1600341796875,,,154.27658131881515,113.79809256008835,139.17429369345297,1992.7378828373448,169.77755295654381,1286.2355083370185
2022-03-22,,0.375,0.33,2.372999906539917,22.940000534057617,4.202499866485596,98.48999786376953,115.4800033569336,1585.81005859375,,,153.5686838594875,116.69263104227343,139.84462360648885,2013.2007524398723,170.78544898971063,1249.7753136197327
2022-03-23,,0.375,0.33,2.321000099182129,23.56999969482422,4.215000152587891,98.62000274658203,121.5999984741211,1597.8800048828125,,,155.21486530583223,116.0512582607242,140.10825238782058,2068.2991742026934,171.81906513988494,1278.8619581241012
2022-03-24,,0.375,0.33,2.3410000801086426,21.670000076293945,4.2220001220703125,98.79000091552734,119.02999877929688,1598.969970703125,,,155.73539719192124,115.7129458338223,140.24970553497866,2048.6232331745805,173.44371457142634,1268.7657041969258
2022-03-25,,0.375,0.33,2.492000102996826,20.809999465942383,4.223999977111816,98.80999755859375,120.6500015258789,1603.300048828125,,,156.32448024979226,116.36799300173044,141.30735732546609,2061.5376429237585,173.3442693318771,1286.9156712792844
2022-03-26,,0.375,0.33,,,,,,,,,,,,,,
2022-03-27,,0.375,0.33,,,,,,,,,,,,,,
2022-03-28,,0.375,0.33,2.4769999980926514,19.6299991607666,4.208000183105469,99.08999633789062,112.4800033569336,1597.949951171875,,,156.3994697649381,115.1339296797001,141.13014796627874,1993.436893381383,172.74678748904344,1270.4431954626982
2022-03-29,,0.375,0.33,2.4000000953674316,18.899999618530273,4.214000225067139,98.4000015258789,110.2300033569336,1583.4200439453125,,,155.50601479878713,114.74143549259004,140.1485305342726,1964.297455871179,169.85854760967842,1268.4729448583594
2022-03-30,,0.375,0.33,2.3580000400543213,19.329999923706055,4.211999893188477,97.79000091552734,113.44999694824219,1583.219970703125,,,155.71086358849172,114.63473472581107,141.31293124496474,1984.2042178627842,168.25076424714612,1294.516929120637
2022-03-31,,0.375,0.33,2.3269999027252197,20.559999465942383,4.202499866485596,98.30999755859375,107.91000366210938,1587.3599853515625,1.8,,156.28481192757656,114.43581627671276,144.16607272636423,2005.9580339373401,168.6734415234431,1292.4357571614078
2022-04-01,1613.0743554943,0.375,0.33,2.377000093460083,19.6299991607666,4.203000068664551,98.62999725341797,104.38999938964844,1602.4100341796875,,,157.74495650294818,115.544698551324,144.70431223141875,1998.332709316196,171.5484903066971,1328.894138267728
2022-04-02,,0.375,0.33,,,,,,,,,,,,,,
2022-04-03,,0.375,0.33,,,,,,,,,,,,,,
2022-04-04,,0.375,0.33,2.4119999408721924,18.56999969482422,4.208000183105469,98.98999786376953,107.52999877929688,1598.9200439453125,,,156.67188123624268,116.86368087816142,143.81139308312774,2011.0703943791393,172.41997708009373,1320.2544105408313
2022-04-05,,0.375,0.33,2.555999994277954,21.030000686645508,4.215000152587891,99.47000122070312,106.63999938964844,1596.7900390625,,,155.5721362690621,118.11034511696374,143.66203962542838,2044.8162268552198,173.4846137525658,1326.7051334947166
2022-04-06,,0.375,0.33,2.6089999675750732,22.100000381469727,4.209000110626221,99.5999984741211,101.06999969482422,1604.719970703125,,,156.25166083185871,120.36765244471803,145.5452256224987,2015.1050517155913,175.6160139500809,1317.8491393010254
2022-04-07,,0.375,0.33,2.6519999504089355,21.549999237060547,4.2129998207092285,99.75,100.58000183105469,1600.7900390625,,,155.96072998335023,120.99888757320156,143.47906855072702,1972.4522497424082,177.28554650579224,1295.1938393844684
2022-04-08,,0.375,0.33,2.7130000591278076,21.15999984741211,4.215799808502197,99.80000305175781,102.77999877929688,1607.2900390625,,,156.0784776624616,121.03149447502778,144.1560322414661,1982.8117573013137,178.09009061537262,1326.1737100029277
2022-04-09,,0.375,0.33,,,,,,,,,,,,,,
2022-04-10,,0.375,0.33,,,,,,,,,,,,,,
2022-04-11,,0.375,0.33,2.7799999713897705,24.3700008392334,4.218999862670898,99.93000030517578,98.4800033569336,1604.6099853515625,,,155.7728359322232,122.05451711297894,144.50172537977073,1854.4160522469258,176.37735124773576,1327.9069964234054
2022-04-12,,0.375,0.33,2.7249999046325684,24.260000228881836,4.228000164031982,100.29000091552734,104.63999938964844,1597.1300048828125,,,155.59682226699434,121.86263001664,144.4293001685413,1861.4256719953958,176.58483958703926,1278.975269441866
2022-04-13,,0.375,0.33,2.687000036239624,21.81999969482422,4.230500221252441,99.87999725341797,108.77999877929688,1597.1800537109375,,,155.22789206667912,122.72804741808352,145.37785835915494,1899.9068985466358,175.51603393535913,1265.2942547621092
2022-04-14,,0.375,0.33,2.828000068664551,22.700000762939453,4.229000091552734,100.31999969482422,111.69999694824219,1595.699951171875,,,153.79738500578412,121.96302127227563,145.66351401265806,1864.642328210648,176.13765581995702,1286.1940408624605
2022-04-15,,0.375,0.33,,,4.230000019073486,,,1589.010009765625,,,153.06646428596903,120.03528373141363,145.66351401265806,1867.7451508053089,175.85981519351145,1282.0117792086905
2022-04-16,,0.375,0.33,,,,,,,,,,,,,,
2022-04-17,,0.375,0.33,,,,,,,,,,,,,,
2022-04-18,,0.375,0.33,2.861999988555908,22.170000076293945,4.232999801635742,100.77999877929688,113.16000366210938,1581.1400146484375,,,151.79581602776838,120.03965022260597,146.08302598942106,1840.5333121411647,176.2330741500078,1266.0729485062275
2022-04-19,,0.375,0.33,2.9130001068115234,21.3700008392334,4.251999855041504,100.95999908447266,107.25,,,,,,,,,
2022-04-20,,0.375,0.33,2.8399999141693115,20.31999969482422,4.252999782562256,100.38999938964844,106.80000305175781,1593.75,,,152.9070800751468,123.55492008686187,145.45873681138363,1872.9952858465956,178.02552871362272,1259.7644974926202
2022-04-21,,0.375,0.33,2.9170000553131104,22.68000030517578,4.2789998054504395,100.58000183105469,108.33000183105469,1598.3199462890625,,,154.3907386197988,123.81365466545478,145.38625915140733,1882.6513538628642,177.59542026518844,1263.6111693260527
2022-04-22,,0.375,0.33,2.9059998989105225,28.209999084472656,4.28849983215332,101.22000122070312,106.6500015258789,1601.969970703125,,,155.28945781521318,123.78106867872411,146.09364779893022,1814.4601203017696,178.01957771138254,1251.9447305803048
2022-04-23,,0.375,0.33,,,,,,,,,,,,,,
2022-04-24,,0.375,0.33,,,,,,,,,,,,,,
2022-04-25,,0.375,0.33,2.8259999752044678,27.020000457763672,4.322500228881836,101.75,102.31999969482422,1589.97998046875,,,154.79016117224364,128.75612777321882,145.05656514663897,1764.6444092818938,174.49890989874436,1219.3966368938716
2022-04-26,,0.375,0.33,2.7720000743865967,33.52000045776367,4.355000019073486,102.30000305175781,104.98999786376953,1596.6800537109375,,,155.54793158145986,127.46069126926147,145.36851373777776,1805.6928794289004,174.8257938896245,1211.7050435894014
2022-04-27,,0.375,0.33,2.818000078201294,31.600000381469727,4.322500228881836,102.94999694824219,105.31999969482422,1585.97998046875,,,155.21227780452026,127.0790088773914,145.44204557625585,1795.6242398194875,173.04534392532187,1182.6009796654164
2022-04-28,,0.375,0.33,2.86299991607666,29.989999771118164,4.357500076293945,103.62000274658203,107.58999633789062,1597.31005859375,,,155.95979669874666,128.8599686750437,150.33194953080567,1841.2502644474077,173.41481477335364,1191.190004856944
2022-04-29,,0.375,0.33,2.88700008392334,33.400001525878906,4.361499786376953,102.95999908447266,109.33999633789062,1600.4300537109375,,,156.0117278706047,129.1143793258227,149.70284775663504,1856.2075872977105,177.17334650833132,1191.190004856944
2022-04-30,,0.375,0.33,,,,,,,2.0,,,,,,,
2022-05-01,1601.22210374741,0.375,0.33,,,,,,,,,,,,,,
2022-05-02,,0.375,0.33,2.996000051498413,32.34000015258789,4.35099983215332,103.73999786376953,107.58000183105469,,,,,,,,,
2022-05-03,,0.375,0.33,2.9600000381469727,29.25,4.3520002365112305,103.47000122070312,104.97000122070312,,,,,,,,,
2022-05-04,,0.375,0.33,2.9170000553131104,25.420000076293945,4.3520002365112305,102.58999633789062,110.13999938964844,,,,,,,,,
2022-05-05,,0.875,0.33,3.065999984741211,31.200000762939453,4.3520002365112305,103.75,110.9000015258789,1582.97998046875,,,153.98769503600454,129.0034712388231,151.82190629525593,1762.093666656972,176.35101166190202,1172.7300592922234
2022-05-06,,0.875,0.83,3.122999906539917,30.190000534057617,4.347499847412109,103.66000366210938,112.38999938964844,1564.3399658203125,,,153.70178441028227,124.73794911164798,151.96292189946095,1723.110443553808,174.6237521647305,1108.9879511660874
2022-05-07,,0.875,0.83,,,,,,,,,,,,,,
2022-05-08,,0.875,0.83,,,,,,,,,,,,,,
2022-05-09,,0.875,0.83,3.0789999961853027,34.75,4.367499828338623,103.6500015258789,105.94000244140625,1549.1800537109375,,,153.16679089818382,120.75965903749699,150.40247008730964,1710.9000940600324,175.33755596500694,1076.7449438938672
2022-05-10,,0.875,0.83,2.993000030517578,32.9900016784668,4.38100004196167,103.91999816894531,102.45999908447266,1554.5799560546875,,,153.86228073896024,119.85878422723277,151.11998209918966,1723.023365958715,174.74865757807595,1045.815867519179
2022-05-11,,0.875,0.83,2.9210000038146973,32.560001373291016,4.379499912261963,103.8499984741211,107.51000213623047,1555.9300537109375,,2.0,154.74460520473534,120.4686623070064,152.16118869880864,1723.2900390919554,174.17131268717537,1046.389594631311
2022-05-12,,0.875,0.83,2.816999912261963,31.770000457763672,4.374000072479248,104.8499984741211,107.44999694824219,1538.800048828125,,,153.846982578185,117.5866339667079,151.00073627750385,1651.0270782459781,172.03194526381083,1004.8488866396453
2022-05-13,,0.875,0.83,2.934999942779541,28.8700008392334,4.390999794006348,104.55999755859375,111.55000305175781,1544.4100341796875,,,152.01589847894792,120.66769978644001,151.82027038373002,1691.1904190839246,175.43734536070136,1053.573729272788
2022-05-14,,0.875,0.83,,,,,,,,,,,,,,
2022-05-15,,0.875,0.83,,,,,,,,,,,,,,
2022-05-16,,0.875,0.83,2.877000093460083,27.469999313354492,4.395500183105469,104.19000244140625,114.23999786376953,,,,,,,,,
2022-05-17,,0.875,0.83,2.9679999351501465,26.100000381469727,4.395500183105469,103.36000061035156,111.93000030517578,1548.5999755859375,,,152.1604239397653,122.35065560369335,151.89404248685537,1729.0324394025988,175.94222908503772,1082.3573427681126
2022-05-18,,0.875,0.83,2.885999917984009,30.959999084472656,4.382500171661377,103.80999755859375,109.11000061035156,1554.9100341796875,,,153.38304967768158,121.82253693776262,150.644163967024,1728.7109019523818,176.32544929222706,1068.784107897528
2022-05-19,,0.875,0.83,2.8550000190734863,29.350000381469727,4.393499851226807,102.72000122070312,112.04000091552734,1549.4100341796875,,,152.580018280052,122.67233485104671,153.91658049572717,1690.0686907856546,176.1230149244331,1020.6000522414143
2022-05-20,,0.875,0.83,2.7869999408721924,29.43000030517578,4.400000095367432,103.1500015258789,112.55000305175781,1549.1199951171875,,,151.7084757223216,122.37455088878933,153.0379727840666,1707.6779782891936,174.44003773097862,1038.6815088672306
2022-05-21,,0.875,0.83,,,,,,,,,,,,,,
2022-05-22,,0.875,0.83,,,,,,,,,,,,,,
2022-05-23,,0.875,0.83,2.8589999675750732,28.479999542236328,4.386499881744385,102.08000183105469,113.41999816894531,1542.530029296875,,,151.9443777195144,117.42004848228964,154.9482948726226,1683.2899345850726,173.33247961343235,1056.9574657728988
2022-05-24,,0.875,0.83,2.759999990463257,29.450000762939453,4.38700008392334,101.86000061035156,113.55999755859375,1531.300048828125,,,150.77876553616667,117.03342584374543,154.62901322084718,1675.2736527976235,171.45843669937247,1026.0329420080793
2022-05-25,,0.875,0.83,2.749000072479248,28.3700008392334,4.39300012588501,102.05999755859375,114.02999877929688,1535.56005859375,,,151.33720335613472,119.16071579797148,154.76065801637907,1707.6113330766145,172.4499250977944,1028.7313027829568
2022-05-26,,0.875,0.83,2.75600004196167,27.5,4.39300012588501,101.83000183105469,117.4000015258789,1541.1500244140625,,,152.6156317680037,118.32206122625153,155.1468664437042,1764.2528187667583,171.89721816223366,1027.7263433120777
2022-05-27,,0.875,0.83,2.743000030517578,25.719999313354492,4.395500183105469,101.66999816894531,119.43000030517578,1546.760009765625,,,153.29960295340743,118.9806743008455,154.24144912403875,1766.3089163304537,172.9751724536125,1042.7572129197158
2022-05-28,,0.875,0.83,,,,,,,,,,,,,,
2022-05-29,,0.875,0.83,,,,,,,,,,,,,,
2022-05-30,,0.875,0.83,,,4.376500129699707,,,1543.02001953125,,,152.91094716282805,117.60585003291678,154.1023849724345,1788.063317221614,172.59487444071635,1040.9359524612219
2022-05-31,,0.875,0.83,2.8440001010894775,26.190000534057617,4.363800048828125,101.75,122.83999633789062,1570.0999755859375,2.1,,156.15602954363047,118.28350068311848,155.85758076557775,1851.6144194289773,180.88543966679057,1048.4655851318043
2022-06-01,1322.18462139461,0.875,0.83,2.930999994277954,25.690000534057617,4.375999927520752,102.55000305175781,116.29000091552734,1553.4100341796875,,,154.35972624561094,117.65482858822412,155.55420928893582,1820.0368340873179,175.8718812688618,1028.7155819827876
2022-06-02,,0.875,0.83,2.9130001068115234,24.719999313354492,4.380499839782715,101.7699966430664,117.61000061035156,1549.9000244140625,,,154.228964046526,117.44693503225893,155.81472831753914,1846.3332514591361,177.85011752007546,988.3605339017702
2022-06-03,,0.875,0.83,2.9570000171661377,24.790000915527344,4.388999938964844,102.13999938964844,119.72000122070312,1537.8299560546875,,,152.75540727903063,117.3811929066613,156.91903905226127,1886.9712232274771,175.73888237204847,971.4654531168454
2022-06-04,,0.875,0.83,,,,,,,,,,,,,,
2022-06-05,,0.875,0.83,,,,,,,,,,,,,,
2022-06-06,,0.875,0.83,3.0380001068115234,25.06999969482422,4.388500213623047,102.44000244140625,119.51000213623047,,,,,,,,,
2022-06-07,,0.875,0.83,2.9719998836517334,24.020000457763672,4.388999938964844,102.31999969482422,120.56999969482422,1525.9300537109375,,,151.459626374293,114.61759496356841,157.67010541177922,1843.2273846676835,174.1755502728872,959.0708316320527
2022-06-08,,0.875,0.83,3.0290000438690186,23.959999084472656,4.39300012588501,102.54000091552734,123.58000183105469,1523.8599853515625,,,152.11788707910955,115.674348636194,157.51023271793153,1850.3617677520615,172.52764586556415,922.9594139772045
2022-06-09,,0.875,0.83,3.0439999103546143,26.09000015258789,4.391499996185303,103.22000122070312,123.06999969482422,1509.7099609375,,,151.88844360871326,113.49731928445237,156.94269820286576,1849.6944006913864,172.92179100763917,933.1521306524774
2022-06-10,,0.875,0.83,3.1559998989105225,27.75,4.390999794006348,104.1500015258789,122.01000213623047,1493.949951171875,,,150.85805320679248,112.41879564344303,156.29380675128516,1818.978708565076,171.4483973502412,895.9443356988606
2022-06-11,,0.875,0.83,,,,,,,,,,,,,,
2022-06-12,,0.875,0.83,,,,,,,,,,,,,,
2022-06-13,,0.875,0.83,3.365999937057495,34.02000045776367,4.399499893188477,105.08000183105469,122.2699966430664,1464.8299560546875,,,148.80322188909597,110.00471720673505,153.38583434033927,1721.7524453903188,168.6714917905551,852.7097801868305
2022-06-14,,0.875,0.83,3.4830000400543213,32.689998626708984,4.415999889373779,105.5199966430664,121.16999816894531,1481.280029296875,,,149.7390266926328,113.40428142370303,154.02968846361236,1731.1571212928993,171.5670520440482,856.5975302228892
2022-06-15,,0.875,0.83,3.3949999809265137,29.6200008392334,4.420000076293945,105.16000366210938,118.51000213623047,1459.050048828125,,,148.81941881178983,110.5576085734308,153.94104096036764,1705.6584577302747,167.96786682515372,836.2404921531413
2022-06-16,,1.625,0.83,3.306999921798706,32.95000076293945,4.410999774932861,103.62999725341797,119.80999755859375,1472.77001953125,,,150.71193467958645,109.68673074125101,153.8157729165492,1733.558445690727,171.75855451050455,829.5262145783255
2022-06-17,,1.625,1.58,3.239000082015991,31.1299991607666,4.400000095367432,104.69999694824219,113.12000274658203,1456.739990234375,,,149.97049495060674,108.15982535293341,152.7865735433043,1730.5188403361885,165.66497782841785,825.0650352015958
2022-06-18,,1.625,1.58,,,,,,,,,,,,,,
2022-06-19,,1.625,1.58,,,,,,,,,,,,,,
2022-06-20,,1.625,1.58,,,4.399499893188477,,,1441.239990234375,,,147.80447625700415,107.26298993107719,151.4988323606519,1708.0040754881456,166.00009681284092,805.1988782477441
2022-06-21,,1.625,1.58,3.306999921798706,30.190000534057617,4.39900016784668,104.44000244140625,114.6500015258789,1457.8800048828125,,,148.85261356049529,106.91656236904224,152.0644834097665,1722.6447742986982,170.5765285203313,857.1850919558971
2022-06-22,,1.625,1.58,3.1559998989105225,28.950000762939453,4.395999908447266,104.19999694824219,111.73999786376953,1431.0999755859375,,,147.18857958136184,100.06234383845111,152.99251636421002,1695.1512291661634,167.1094646803071,824.8848674094407
2022-06-23,,1.625,1.58,3.068000078201294,29.049999237060547,4.4029998779296875,104.43000030517578,110.05000305175781,1431.050048828125,,,146.96038247097337,103.98568968083859,151.19434493701013,1693.0498730430613,167.12078723520284,835.9427877571356
2022-06-24,,1.625,1.58,3.125,27.229999542236328,4.4039998054504395,104.19000244140625,113.12000274658203,1436.699951171875,,,147.52330034967437,102.90347613734147,152.80848096170817,1717.777474389179,167.31040212549286,848.5812682658386
2022-06-25,,1.625,1.58,,,,,,,,,,,,,,
2022-06-26,,1.625,1.58,,,,,,,,,,,,,,
2022-06-27,,1.625,1.58,3.194000005722046,26.950000762939453,4.399499893188477,103.94000244140625,115.08999633789062,1438.1199951171875,,,147.7206656966296,102.98713939928723,149.2595570637296,1766.1954594889871,168.10467907910106,837.4243870769109
2022-06-28,,1.625,1.58,3.2060000896453857,28.360000610351562,4.401500225067139,104.51000213623047,117.9800033569336,1454.739990234375,,,149.08745999623446,105.3310399907493,151.2277525408204,1731.4969026463696,170.60890052614116,856.6277788353309
2022-06-29,,1.625,1.58,3.0929999351501465,28.15999984741211,4.394499778747559,105.11000061035156,116.26000213623047,1451.47998046875,,,148.20230688393272,104.44199186314592,152.3134842898918,1696.5497192507162,168.95844541139778,866.6746833532993
2022-06-30,,1.625,1.58,2.9719998836517334,28.709999084472656,4.397299766540527,104.69000244140625,114.80999755859375,1444.219970703125,2.4,,147.4006148234631,103.13067719944134,152.6327953440175,1675.867594387995,167.53019871038833,845.9730014101538
2022-07-01,902.891147870967,1.625,1.58,2.8889999389648438,26.700000762939453,4.40500020980835,105.13999938964844,111.62999725341797,1449.739990234375,,,148.82780053358832,103.83911948349458,152.4409822358782,1649.8872636490642,167.754457990701,828.4395763025639
2022-07-02,,1.625,1.58,,,,,,,,,,,,,,
2022-07-03,,1.625,1.58,,,,,,,,,,,,,,
2022-07-04,,1.625,1.58,,,4.4045000076293945,,,1437.52001953125,,,148.375973401079,103.00177372984862,151.3134581101754,1610.874883774535,167.0209901313985,807.0349488054281
2022-07-05,,1.625,1.58,2.809000015258789,27.540000915527344,4.4105000495910645,106.5,102.7699966430664,1440.81005859375,,,148.85546930396612,101.54924256232268,152.86065751635448,1602.1370695382864,169.27759267931813,802.4798578753993
2022-07-06,,1.625,1.58,2.9130001068115234,26.729999542236328,4.416999816894531,107.0999984741211,100.69000244140625,1420.8499755859375,,2.25,149.17934496475632,95.44603141678479,151.31599269441838,1611.8125343998286,165.70757204566732,783.3191738930182
2022-07-07,,1.625,1.58,3.007999897003174,26.079999923706055,4.421999931335449,107.12999725341797,104.6500015258789,1418.68994140625,,,148.51128519519773,98.06856057683565,151.83521689695004,1600.7471268735453,163.67610477294582,791.6429437812998
2022-07-08,,1.625,1.58,3.1010000705718994,24.639999389648438,4.42549991607666,107.01000213623047,107.0199966430664,1425.7900390625,,,149.68249165409006,99.06693333049913,151.36756286462963,1629.7440389045953,166.03589135149375,784.73206333833
2022-07-09,,1.625,1.58,,,,,,,,,,,,,,
2022-07-10,,1.625,1.58,,,,,,,,,,,,,,
2022-07-11,,1.625,1.58,2.990999937057495,26.170000076293945,4.424499988555908,108.0199966430664,107.0999984741211,,,,,,,,,
2022-07-12,,1.625,1.58,2.9579999446868896,27.290000915527344,4.424499988555908,108.06999969482422,99.48999786376953,1426.0799560546875,,,149.6041284763748,100.94441534181956,151.34080322567877,1573.8017293070611,164.7609240916952,779.8240734021552
2022-07-13,,1.625,1.58,2.9040000438690186,26.81999969482422,4.434500217437744,107.95999908447266,99.56999969482422,1411.3199462890625,,,148.79877471000933,100.49997790671006,150.75818424122792,1552.791690028656,161.9564979579261,774.1731994148627
2022-07-14,,1.625,1.58,2.9600000381469727,26.399999618530273,4.434500217437744,108.54000091552734,99.0999984741211,1420.06005859375,,,149.29432298344722,100.2031011640812,150.7119744469902,1563.6080565955408,163.16072635141305,787.4931831326622
2022-07-15,,1.625,1.58,2.930000066757202,24.229999542236328,4.441500186920166,108.05999755859375,101.16000366210938,1418.43994140625,,,148.63323097477306,100.15364302427976,151.2568933798045,1615.5287532720497,165.41245130308738,758.061014689808
2022-07-16,,1.625,1.58,,,,,,,,,,,,,,
2022-07-17,,1.625,1.58,,,,,,,,,,,,,,
2022-07-18,,1.625,1.58,2.9600000381469727,25.299999237060547,4.446499824523926,107.37000274658203,106.2699966430664,1429.5400390625,,,148.8553948979409,102.56300286491047,151.03009328307792,1670.171297124358,168.97025190887805,792.3883828143178
2022-07-19,,1.625,1.58,3.0190000534057617,24.5,4.450500011444092,106.68000030517578,107.3499984741211,1428.760009765625,,,148.95023680855323,101.87302454633907,150.8279787376689,1680.90515084805,167.8027699847252,789.5425009360762
2022-07-20,,1.625,1.58,3.0360000133514404,23.8799991607666,4.447500228881836,107.08000183105469,106.91999816894531,1436.97998046875,,,149.42341954173042,102.5768643672325,152.53848457667237,1709.717939507582,171.04503121955202,787.3310295818201
2022-07-21,,1.625,1.58,2.9100000858306885,23.110000610351562,4.44950008392334,106.91000366210938,103.86000061035156,1450.3199462890625,,,150.7999742075125,103.86017047667559,153.00217672193787,1753.3874789450817,172.67882006182637,799.54689803231
2022-07-22,,1.625,1.58,2.7829999923706055,23.030000686645508,4.454500198364258,106.7300033569336,103.19999694824219,1465.800048828125,,,153.78406683015095,103.34300034663893,153.03714194881707,1770.824430098038,171.27652369505105,803.0119860067749
2022-07-23,,1.625,1.58,,,,,,,,,,,,,,
2022-07-24,,1.625,1.58,,,,,,,,,,,,,,
2022-07-25,,1.625,1.58,2.819999933242798,23.360000610351562,4.44950008392334,106.4800033569336,105.1500015258789,1469.219970703125,,,153.99379927620663,103.92147987007385,153.42895473379795,1745.7765306186545,171.72528164484535,805.718778603636
2022-07-26,,1.625,1.58,2.7869999408721924,24.690000534057617,4.451000213623047,107.19000244140625,104.4000015258789,1463.68994140625,,,153.51658778764298,103.51661972114114,153.8196720806434,1743.9087822459494,169.62741951195727,805.4928197659731
2022-07-27,,1.625,1.58,2.7339999675750732,23.239999771118164,4.453499794006348,106.44999694824219,106.62000274658203,1470.7099609375,,,153.7716269970175,103.6122964847104,153.08959658626287,1814.5999555537187,171.5318936470947,814.6868529759356
2022-07-28,,2.375,1.58,2.680999994277954,22.329999923706055,4.455999851226807,106.3499984741211,107.13999938964844,1491.199951171875,,,155.09773304565923,104.67240924837517,155.9474059112206,1862.674037818245,174.17703663467563,826.6870910017284
2022-07-29,,2.375,2.33,2.6419999599456787,21.329999923706055,4.449999809265137,105.9000015258789,110.01000213623047,1492.22998046875,,,154.47075020564614,105.5314595596191,155.73407886645637,1903.5607379590192,172.7816837461951,827.1237167954282
2022-07-30,,2.375,2.32,,,,,,,,,,,,,,
2022-07-31,,2.375,2.32,,,,,,,3.0,,,,,,,
2022-08-01,926.324432586423,2.375,2.32,2.6059999465942383,22.84000015258789,4.447999954223633,105.44999694824219,100.02999877929688,1502.0699462890625,,,154.92417745366402,107.6578524774648,156.47388235187526,1904.7216098536276,173.95562320381373,841.2415910936307
2022-08-02,,2.375,2.33,2.740999937057495,23.93000030517578,4.449999809265137,106.23999786376953,100.54000091552734,1495.050048828125,,,155.2049906088568,106.21501752801467,156.08108628166403,1845.9341418125305,172.66575220873017,841.2848192333589
2022-08-03,,2.375,2.33,2.747999906539917,21.950000762939453,4.453000068664551,106.51000213623047,96.77999877929688,1490.5699462890625,,,154.16150851817474,106.29640785478205,157.04055368846718,1862.4680823638691,173.66978282085944,836.99255185266
2022-08-04,,2.375,2.33,2.6760001182556152,21.440000534057617,4.454999923706055,105.69000244140625,94.12000274658203,1507.7099609375,,,155.21127146251868,107.34365730117656,157.28454605311367,1911.4607719642777,174.4779497735984,854.2500957685153
2022-08-05,,2.375,2.33,2.8399999141693115,21.149999618530273,4.455999851226807,106.62000274658203,94.91999816894531,1501.550048828125,,,154.93062479905257,108.06436625690974,157.1801731323548,1893.257522181286,172.14185817832816,842.169887093192
2022-08-06,,2.375,2.33,,,,,,,,,,,,,,
2022-08-07,,2.375,2.33,,,,,,,,,,,,,,
2022-08-08,,2.375,2.33,2.765000104904175,21.290000915527344,4.453499794006348,106.44000244140625,96.6500015258789,1496.030029296875,,,155.27916267283192,107.99170271149212,156.56648597792636,1890.6191647337425,171.2914367487693,826.4943512600871
2022-08-09,,2.375,2.33,2.796999931335449,21.770000457763672,4.456500053405762,106.37000274658203,96.30999755859375,1497.6800537109375,,,155.65859150868232,107.51168384809317,156.39310766457353,1890.6191647337425,171.38719841566441,821.2743222632544
2022-08-10,,2.375,2.33,2.7860000133514404,19.739999771118164,4.453000068664551,105.19999694824219,97.4000015258789,1492.3299560546875,,,155.48100182227944,108.4617973195287,155.77477089105628,1819.06294009714,170.48182651581664,799.220920403227
2022-08-11,,2.375,2.33,2.888000011444092,20.200000762939453,4.454999923706055,105.08999633789062,99.5999984741211,1505.56005859375,,,156.6223157575085,108.63749274311519,158.07436447251715,1921.0575525467648,171.5899611231337,813.2269684991629
2022-08-12,,2.375,2.33,2.8489999771118164,19.530000686645508,4.442999839782715,105.62999725341797,98.1500015258789,1506.18994140625,,,157.38083499981116,109.43324879681337,157.5183981614631,1914.9908848743696,171.69184856499405,778.298628500213
2022-08-13,,2.375,2.33,,,,,,,,,,,,,,
2022-08-14,,2.375,2.33,,,,,,,,,,,,,,
2022-08-15,,2.375,2.33,2.7909998893737793,19.950000762939453,4.441800117492676,106.55000305175781,95.0999984741211,1504.010009765625,,,157.14274049197107,108.93902009776694,158.06068378839157,1920.23307545207,172.3322398434671,748.5778805067897
2022-08-16,,2.375,2.33,2.8239998817443848,19.690000534057617,4.456999778747559,106.5,92.33999633789062,1518.780029296875,,,157.57600372827056,110.7257732221295,158.40960407482945,1913.1730201022144,174.09721352729434,767.4100191931341
2022-08-17,,2.375,2.33,2.8929998874664307,19.899999618530273,4.464000225067139,106.56999969482422,93.6500015258789,1518.1600341796875,,,157.57600372827056,111.70936887394767,158.5136906892669,1882.8659278907164,172.95898267169812,774.1118019276344
2022-08-18,,2.375,2.33,2.880000114440918,19.559999465942383,4.4654998779296875,107.4800033569336,96.58999633789062,1516.6199951171875,,,157.65165123644854,111.7537972436071,157.86940616877288,1870.0180956460586,174.10580313156962,776.3621393530024
2022-08-19,,2.375,2.33,2.989000082015991,20.600000381469727,4.4720001220703125,108.16999816894531,96.72000122070312,1504.43994140625,,,156.54309717640095,110.74480378008724,159.01093863483365,1874.909219177109,172.79640828006836,786.7782253250743
2022-08-20,,2.375,2.33,,,,,,,,,,,,,,
2022-08-21,,2.375,2.33,,,,,,,,,,,,,,
2022-08-22,,2.375,2.33,3.0369999408721924,23.799999237060547,4.473999977111816,109.05000305175781,96.4800033569336,1487.3699951171875,,,154.9651864905131,109.19107101830411,158.02354844545022,1798.057794632519,171.61771578214092,757.1632840284378
2022-08-23,,2.375,2.33,3.053999900817871,24.110000610351562,4.482500076293945,108.62000274658203,100.22000122070312,1482.5699462890625,,,154.55296775499542,107.02944336381073,156.98419185243225,1807.8729703639326,170.66674163827994,754.8963155283147
2022-08-24,,2.375,2.33,3.1059999465942383,22.81999969482422,4.490300178527832,108.68000030517578,101.22000122070312,1467.260009765625,,,155.44082164262224,102.27436357527463,157.64981450903315,1801.778004661271,168.98418874602663,754.7506038016758
2022-08-25,,2.375,2.33,3.0260000228881836,21.780000686645508,4.486499786376953,108.47000122070312,99.33999633789062,1495.489990234375,,,155.8917893720468,104.10812104768992,157.6043693518379,1844.7091842557807,171.51736811583703,776.487709770046
2022-08-26,,2.375,2.33,3.0350000858306885,25.559999465942383,4.46999979019165,108.80000305175781,100.98999786376953,1500.2900390625,,,157.1060785855555,106.74173544941506,158.04680479530725,1868.7771636640325,170.3398148772468,756.7805876038431
2022-08-27,,2.375,2.33,,,,,,,,,,,,,,
2022-08-28,,2.375,2.33,,,,,,,,,,,,,,
2022-08-29,,2.375,2.33,3.109999895095825,26.209999084472656,4.465000152587891,108.83999633789062,105.08999633789062,1501.5699462890625,,,156.706928538781,107.80548161495946,157.07789010127365,1820.814529285799,172.3833410878637,744.7141089939661
2022-08-30,,2.375,2.33,3.109999895095825,26.209999084472656,4.479499816894531,108.7699966430664,99.30999755859375,1512.050048828125,,,157.4945712981345,110.18237654718743,155.7363412558566,1814.667328284492,175.96372944748867,751.7747360256811
2022-08-31,,2.375,2.33,3.132999897003174,25.8700008392334,4.473999977111816,108.69999694824219,96.48999786376953,,3.4,,,,,,,
2022-09-01,794.488878874876,2.375,2.33,3.265000104904175,25.559999465942383,4.473499774932861,109.69000244140625,92.36000061035156,1491.949951171875,,,157.66149181473054,106.14828869781536,156.2607086591555,1785.3737674392398,170.57908270296122,743.148915787822
2022-09-02,,2.375,2.33,3.193000078201294,25.469999313354492,4.478499889373779,109.52999877929688,93.0199966430664,1491.1800537109375,,,158.08404032598787,105.38092289276415,157.3809040307931,1791.9862797384837,170.74059674646793,738.3560756357494
2022-09-03,,2.375,2.33,,,,,,,,,,,,,,
2022-09-04,,2.375,2.33,,,,,,,,,,,,,,
2022-09-05,,2.375,2.33,,,4.481500148773193,,,1489.800048828125,,,157.95143777625952,106.09389138391634,156.29244804078988,1776.8618419329603,169.08812393007125,754.0441530438072
2022-09-06,,2.375,2.33,3.3399999141693115,26.90999984741211,4.489799976348877,110.20999908447266,92.83000183105469,1488.27001953125,,,157.41094852651216,106.61076396959577,155.91765419783545,1805.4137985686264,169.6402413337702,751.2387405878419
2022-09-07,,2.375,2.33,3.265000104904175,24.639999389648438,4.498000144958496,109.83999633789062,88.0,1491.3499755859375,,,156.78602938095773,106.45813436726898,156.2365046688708,1794.3835299644136,173.13246890987972,768.4546050883627
2022-09-08,,2.375,2.33,3.2920000553131104,23.610000610351562,4.499000072479248,109.70999908447266,89.1500015258789,1494.72998046875,,2.5,156.9030817685139,106.54085190886144,156.3535747625307,1810.0767459448448,173.94373713830456,765.9915514479159
2022-09-09,,2.375,2.33,3.321000099182129,22.790000915527344,4.49399995803833,109.0,92.83999633789062,1496.530029296875,,,157.97096578513222,106.03385100975056,154.75373870330577,1823.2499579197806,173.21990538312195,764.4656017396458
2022-09-10,,2.375,2.33,,,,,,,,,,,,,,
2022-09-11,,2.375,2.33,,,,,,,,,,,,,,
2022-09-12,,2.375,2.33,3.361999988555908,23.8700008392334,4.495500087738037,108.33000183105469,94.0,1497.9599609375,,,158.49103296246048,106.55393996193625,155.6211191847035,1878.0692937190731,173.7143136358288,769.605338739364
2022-09-13,,2.375,2.33,3.421999931335449,27.270000457763672,4.500999927520752,109.81999969482422,93.16999816894531,1487.8399658203125,,,156.74299127070142,107.57099538609158,154.98464047104576,1890.8969767173758,171.68717805554016,754.5045341068588
2022-09-14,,2.375,2.33,3.4119999408721924,26.15999984741211,4.502500057220459,109.66000366210938,94.0999984741211,1468.43994140625,,,154.83303587767523,106.8631912616896,153.76066507218667,1860.0009205227657,169.78951414583506,731.742907510125
2022-09-15,,2.375,2.33,3.4590001106262207,26.270000457763672,4.524499893188477,109.73999786376953,90.83999633789062,1467.31005859375,,,155.0485667120305,104.9089371097976,153.19330023899624,1862.5723067568244,168.82713521532287,730.3406141520278
2022-09-16,,2.375,2.33,3.447999954223633,26.299999237060547,4.53249979019165,109.76000213623047,91.3499984741211,,,,,,,,,
2022-09-17,,2.375,2.33,,,,,,,,,,,,,,
2022-09-18,,2.375,2.33,,,,,,,,,,,,,,
2022-09-19,,2.375,2.33,3.490000009536743,25.760000228881836,4.53249979019165,109.73999786376953,92.0,1451.52001953125,,,155.5997179150015,105.57504613238969,152.63313689478437,1822.0766530471383,169.98737765468627,679.2634831095254
2022-09-20,,2.375,2.33,3.571000099182129,27.15999984741211,4.547500133514404,110.22000122070312,90.62000274658203,1461.0999755859375,,,156.594590526917,106.26061148690063,152.57754894992337,1830.2826492045049,171.15761145204632,678.4968815347904
2022-09-21,,2.375,2.33,3.509999990463257,27.989999771118164,4.556000232696533,110.63999938964844,89.83000183105469,1447.1800537109375,,,155.90232839258772,105.16686445929449,152.14517602883458,1821.8598211191513,168.27936207880634,628.133781965962
2022-09-22,,3.125,2.33,3.7079999446868896,27.350000381469727,4.550000190734863,111.3499984741211,90.45999908447266,1439.1600341796875,,,154.9976986941072,105.45807498554743,152.5626765938024,1828.6832378203371,168.657232996528,611.7265380506346
2022-09-23,,3.125,3.08,3.697000026702881,29.920000076293945,4.565000057220459,113.19000244140625,86.1500015258789,1424.97998046875,,,154.38665182201746,103.7901028578829,151.13737676883247,1813.3584136740649,166.28514853968704,620.6756284133155
2022-09-24,,3.125,3.08,,,,,,,,,,,,,,
2022-09-25,,3.125,3.08,,,,,,,,,,,,,,
2022-09-26,,3.125,3.08,3.878000020980835,32.2599983215332,4.576000213623047,114.0999984741211,84.05999755859375,1413.0400390625,,,152.2237016359099,101.37982884270727,150.75972599909505,1809.9061834022943,165.38797202929598,611.9661444162693
2022-09-27,,3.125,3.08,3.9639999866485596,32.599998474121094,4.577000141143799,114.11000061035156,86.2699966430664,1410.8699951171875,,,150.79698943845585,101.60792904454152,149.40092024318545,1820.9961862232124,165.93454004443836,600.6864381384523
2022-09-28,,3.125,3.08,3.7049999237060547,30.18000030517578,4.608500003814697,112.5999984741211,89.31999969482422,1401.8900146484375,,,151.23713600846992,99.80062432723025,150.6850902272506,1783.5506847819488,167.0628371620382,590.8390947479569
2022-09-29,,3.125,3.08,3.746999979019165,31.84000015258789,4.627999782562256,112.25,88.48999786376953,1397.5,,,150.921720499412,100.75029689968787,150.24775348885794,1779.5689844097801,165.9127492565084,588.3355553232059
2022-09-30,,3.125,3.08,3.803999900817871,31.6200008392334,4.630499839782715,112.12000274658203,87.95999908447266,1394.6300048828125,3.8,,151.2032263166067,100.046620601953,150.89769655939068,1773.9358133816231,164.07389521993326,611.3913308829472
2022-10-01,796.676318197842,3.125,3.08,,,,,,,,,,,,,,
2022-10-02,,3.125,3.08,,,,,,,,,,,,,,
2022-10-03,,3.125,3.08,3.6510000228881836,30.100000381469727,4.634500026702881,111.75,88.86000061035156,1397.6199951171875,,,151.46077364098264,100.77848290661908,149.24510568929946,1757.599669344387,165.931561090894,592.934565796421
2022-10-04,,3.125,3.08,3.617000102996826,29.06999969482422,4.645500183105469,110.06999969482422,91.80000305175781,1409.3599853515625,,,153.25268318323987,99.14673892261102,150.0309752564503,1772.549532132776,168.85810996260994,606.1341558213744
2022-10-05,,3.125,3.08,3.759000062942505,28.549999237060547,4.637499809265137,111.06999969482422,93.37000274658203,1420.550048828125,,,153.42414191758738,101.57120332063529,150.70674078088692,1782.7224509330297,169.56242471833264,638.640597748786
2022-10-06,,3.125,3.08,3.8259999752044678,30.520000457763672,4.629000186920166,112.26000213623047,94.41999816894531,1420.4300537109375,,,153.24780013854487,100.8885295061987,151.063023424403,1787.1866645606908,167.65489836681425,663.5295232531441
2022-10-07,,3.125,3.08,3.882999897003174,31.360000610351562,4.635000228881836,112.80000305175781,97.91999816894531,1406.0,,,153.15303399833255,98.9978100265094,151.29190984369646,1787.1866645606908,165.77722995847643,645.0143093303454
2022-10-08,,3.125,3.08,,,,,,,,,,,,,,
2022-10-09,,3.125,3.08,,,,,,,,,,,,,,
2022-10-10,,3.125,3.08,3.888000011444092,32.45000076293945,4.647500038146973,113.13999938964844,96.19000244140625,,,,,,,,,
2022-10-11,,3.125,3.08,3.938999891281128,33.630001068115234,4.6479997634887695,113.22000122070312,94.29000091552734,1386.8199462890625,,,151.58358006408326,97.24789077791743,150.03422834368655,1685.2755430092263,165.1895361289877,623.151720253831
2022-10-12,,3.125,3.08,3.9019999504089355,33.56999969482422,4.671000003814697,113.31999969482422,92.44999694824219,1380.5699462890625,,,152.33878095086487,97.0133166473971,150.5043384049309,1633.54342837025,164.66322397046935,622.9316210230636
2022-10-13,,3.125,3.08,3.9519999027252197,31.940000534057617,4.679999828338623,112.36000061035156,94.56999969482422,1373.3599853515625,,,151.49844697046532,96.79114282709934,150.71111228536813,1634.6582968397197,163.0760853783969,655.2008270503986
2022-10-14,,3.125,3.08,4.010000228881836,32.02000045776367,4.690000057220459,113.30999755859375,91.62999725341797,1382.469970703125,,,151.74250543898927,98.60497758058287,151.65205669512102,1652.9829275297504,165.18327385797397,654.4190075713378
2022-10-15,,3.125,3.08,,,,,,,,,,,,,,
2022-10-16,,3.125,3.08,,,,,,,,,,,,,,
2022-10-17,,3.125,3.08,4.014999866485596,31.3700008392334,4.69950008392334,112.04000091552734,91.62000274658203,1386.27001953125,,,152.16152568650642,98.08162099062375,150.74985828422535,1644.4493013353228,164.88193119640204,677.3470457943902
2022-10-18,,3.125,3.08,3.997999906539917,30.5,4.7144999504089355,112.12999725341797,90.02999877929688,1400.3599853515625,,,151.62349084979124,102.08689063416139,151.6254110642087,1681.208541097128,165.89638054397096,680.5957168353041
2022-10-19,,3.125,3.08,4.126999855041504,30.760000228881836,4.715000152587891,112.9800033569336,92.41000366210938,1415.0999755859375,,,154.8935228784395,102.77920528417314,151.77903110344695,1665.1314353249927,169.5900202243018,685.8224516618673
2022-10-20,,3.125,3.08,4.22599983215332,29.979999542236328,4.7179999351501465,112.87999725341797,92.37999725341797,1437.719970703125,,,157.43880622376852,106.05849353779355,151.6121310163356,1674.962353236419,172.06525464180166,692.9116293972673
2022-10-21,,3.125,3.08,4.2129998207092285,29.690000534057617,4.7270002365112305,112.01000213623047,93.5,1446.4200439453125,,,158.80039044807168,105.65606468797723,150.88116749154574,1665.843124200714,174.03807790109482,691.3441419171053
2022-10-22,,3.125,3.08,,,,,,,,,,,,,,
2022-10-23,,3.125,3.08,,,,,,,,,,,,,,
2022-10-24,,3.125,3.08,4.234000205993652,29.850000381469727,4.735499858856201,111.98999786376953,93.26000213623047,,,,,,,,,
2022-10-25,,3.125,3.08,4.107999801635742,28.459999084472656,4.735499858856201,110.94999694824219,93.5199966430664,1444.4100341796875,,,158.9087985002436,105.3224383294787,150.52447248950307,1664.1158720235153,171.05333603273812,684.2412804265524
2022-10-26,,3.125,3.08,4.014999866485596,27.280000686645508,4.732500076293945,109.69999694824219,95.69000244140625,1454.97998046875,,,158.65180434797227,108.66148185909064,150.4486698141845,1671.3383777463182,171.18752864805367,697.160428101037
2022-10-27,,3.125,3.08,3.937000036239624,27.389999389648438,4.710999965667725,110.58999633789062,96.95999908447266,1454.0899658203125,,,158.7689972706321,107.823129409354,151.62031740296356,1686.7139935460993,171.83957195412003,706.3943370145324
2022-10-28,,3.125,3.08,4.010000228881836,25.75,4.7129998207092285,110.66999816894531,95.7699966430664,1447.31005859375,,,157.1839407593876,106.47938832445665,150.88554174238732,1671.1498013069668,171.12624398939116,715.6832568158559
2022-10-29,,3.125,3.08,,,,,,,,,,,,,,
2022-10-30,,3.125,3.08,,,,,,,,,,,,,,
2022-10-31,,3.125,3.08,4.077000141143799,25.8799991607666,4.71999979019165,111.52999877929688,94.83000183105469,1460.3800048828125,4.0,,157.94467812333593,107.01103981514699,150.28647381819565,1691.666867764295,172.93207878159726,717.9480624357642
2022-11-01,875.659936221517,3.125,3.08,4.052000045776367,25.809999465942383,4.71999979019165,111.4800033569336,94.6500015258789,1445.9200439453125,,,156.55002669725567,104.41756759361812,149.36604366217628,1685.4061838685752,171.98578620901074,719.380487650613
2022-11-02,,3.125,3.08,4.059000015258789,25.860000610351562,4.734000205993652,111.3499984741211,96.16000366210938,1451.6099853515625,,,157.11855465632047,105.25789098653351,150.04545425285326,1689.2581074447617,173.50710206653886,727.1917559014546
2022-11-03,,3.875,3.08,4.124000072479248,25.299999237060547,4.736000061035156,112.93000030517578,94.66999816894531,1420.3800048828125,,2.75,153.92654817719668,103.83961541717053,150.3468715593219,1683.4733902240514,169.59063655101826,684.3018585775186
2022-11-04,,3.875,3.83,4.156000137329102,24.549999237060547,4.742000102996826,110.87999725341797,98.56999969482422,1438.280029296875,,,154.36238649049906,105.55694694148137,151.86563774428282,1714.0190118353682,172.43518418448477,708.8323475275747
2022-11-05,,3.875,3.83,,,,,,,,,,,,,,
2022-11-06,,3.875,3.83,,,,,,,,,,,,,,
2022-11-07,,3.875,3.83,4.214000225067139,24.350000381469727,4.745500087738037,110.12000274658203,97.91999816894531,1442.1199951171875,,,154.23541580400175,105.60353338670794,153.72848321671916,1700.392255463662,171.32416251885812,721.2221168284018
2022-11-08,,3.875,3.83,4.125999927520752,25.540000915527344,4.745500087738037,109.62000274658203,95.36000061035156,1441.3499755859375,,,155.38391367634532,105.92772925391489,151.49442682827475,1698.9188552407113,171.32416251885812,742.2300572190111
2022-11-09,,3.875,3.83,4.151000022888184,26.09000015258789,4.734000205993652,110.55000305175781,92.6500015258789,1446.18994140625,,,156.6036956742886,105.94124660629159,151.37841927180057,1703.5230331099974,171.25698687626485,747.7122530312042
2022-11-10,,3.875,3.83,3.8289999961853027,23.530000686645508,4.689499855041504,108.20999908447266,93.66999816894531,1449.739990234375,,,157.40393037880824,105.86751725360683,151.90326041938107,1697.3645608114812,171.47349452047098,768.5822575674839
2022-11-11,,3.875,3.83,3.812999963760376,22.520000457763672,4.697999954223633,106.29000091552734,95.98999786376953,1468.2099609375,,,157.78086593147108,106.85565540533277,151.90326041938107,1778.826133156191,172.62944115770566,831.3745361114524
2022-11-12,,3.875,3.83,,,,,,,,,,,,,,
2022-11-13,,3.875,3.83,,,,,,,,,,,,,,
2022-11-14,,3.875,3.83,3.865000009536743,23.729999542236328,4.625,106.66000366210938,93.13999938964844,1464.0,,,156.60657295877226,106.9453452914771,152.72685797394095,1789.74140413588,173.15817938658213,850.4268324287784
2022-11-15,,3.875,3.83,3.7990000247955322,24.540000915527344,4.59250020980835,106.4000015258789,93.86000061035156,1450.5400390625,,,155.17977186924256,107.64257701704365,153.93002669253738,1776.0792505089917,172.26075664468982,830.4839865425483
2022-11-16,,3.875,3.83,3.691999912261963,24.110000610351562,4.5625,106.27999877929688,92.86000061035156,1448.3800048828125,,,153.83837234166927,107.08897942567117,152.057345798378,1790.8552193661055,173.63515026902968,827.9588005890627
2022-11-17,,3.875,3.83,3.7750000953674316,23.93000030517578,4.542500019073486,106.69000244140625,89.77999877929688,1449.3199462890625,,,154.83401901173355,106.89864946089591,152.74483171491903,1775.0744544108322,175.19708709299567,812.865821186519
2022-11-18,,3.875,3.83,3.818000078201294,23.1200008392334,4.551300048828125,106.93000030517578,87.62000274658203,,,,,,,,,
2022-11-19,,3.875,3.83,,,,,,,,,,,,,,
2022-11-20,,3.875,3.83,,,,,,,,,,,,,,
2022-11-21,,3.875,3.83,3.825000047683716,22.360000610351562,4.551300048828125,107.83999633789062,87.44999694824219,1447.9599609375,,,155.90690929874367,105.72145191700126,153.01087501750231,1772.5313511330519,173.16432758093706,817.3753138968227
2022-11-22,,3.875,3.83,3.757999897003174,21.290000915527344,4.576499938964844,107.22000122070312,88.36000061035156,1441.2900390625,,,155.42683640513246,106.16697961688031,153.1117264578003,1768.7319376384928,171.3486126898947,803.9778857328795
2022-11-23,,3.875,3.83,3.7060000896453857,20.350000381469727,4.567500114440918,106.08000183105469,85.41000366210938,1443.5,,,155.36673454569777,106.8181281506934,152.56352925414674,1793.9288431384539,172.5184223627459,806.7201472278788
2022-11-24,,3.875,3.83,,,4.572000026702881,,,1501.8800048828125,,,162.9264750226917,105.74965274947252,153.81949906599607,1915.2002670290565,176.6498020755325,851.4570172028895
2022-11-25,,3.875,3.83,3.690999984741211,20.5,4.492499828338623,105.95999908447266,83.62999725341797,1486.5400390625,,,161.72085805573423,105.4253644937726,155.53582204664,1890.251488768018,175.4702777840515,817.2963645597283
2022-11-26,,3.875,3.83,,,,,,,,,,,,,,
2022-11-27,,3.875,3.83,,,,,,,,,,,,,,
2022-11-28,,3.875,3.83,3.703000068664551,22.209999084472656,4.477499961853027,106.68000030517578,83.19000244140625,,,,,,,,,
2022-11-29,,3.875,3.83,3.747999906539917,21.889999389648438,4.474999904632568,106.81999969482422,83.02999877929688,1476.9599609375,,,160.78137365738326,104.83820916905474,154.92566898131668,1881.420120820274,173.06258053225378,796.534080853781
2022-11-30,,3.875,3.83,3.703000068664551,20.579999923706055,4.50629997253418,105.94999694824219,85.43000030517578,1488.800048828125,4.1,,161.25975276655126,103.17804960877754,156.52944970737914,1896.2995749371044,177.02795422721988,798.4068984539554
2022-12-01,887.10700458863,3.875,3.83,3.5290000438690186,19.84000015258789,4.475299835205078,104.7300033569336,86.87999725341797,1491.510009765625,,,160.3757097302621,105.48194834259479,154.87930652958252,1985.8535911788858,176.06095928278538,786.9355543001203
2022-12-02,,3.875,3.83,3.50600004196167,19.059999465942383,4.402500152587891,104.55000305175781,85.56999969482422,1481.800048828125,,,158.38739044750002,105.39634596791016,156.74239254434795,2019.6354503280202,175.39451749421448,782.0678551930209
2022-12-03,,3.875,3.83,,,,,,,,,,,,,,
2022-12-04,,3.875,3.83,,,,,,,,,,,,,,
2022-12-05,,3.875,3.83,3.5989999771118164,20.75,4.385499954223633,105.29000091552734,82.68000030517578,1471.56005859375,,,158.74654555070717,103.94639673585466,156.00130250532388,1978.146553130873,174.3811198409883,768.1849734581397
2022-12-06,,3.875,3.83,3.513000011444092,22.170000076293945,4.366000175476074,105.58000183105469,79.3499984741211,1471.550048828125,,,158.39399388198547,103.60449982968186,155.52832195000786,1979.2314186787462,174.8474351612086,772.9962093799402
2022-12-07,,3.875,3.83,3.4079999923706055,22.68000030517578,4.392499923706055,105.0999984741211,77.16999816894531,1466.8800048828125,,,159.13644807159346,103.84191480903357,155.60124171355812,1934.5326874056911,172.80964288075634,769.0116932490946
2022-12-08,,3.875,3.83,3.490999937057495,22.290000915527344,4.394999980926514,104.7699966430664,76.1500015258789,1465.9300537109375,,,158.36386896988856,103.92643828341738,155.3028279513189,1956.7737911876798,170.66058603161554,768.2991011778716
2022-12-09,,3.875,3.83,3.566999912261963,22.829999923706055,4.395500183105469,104.80999755859375,76.0999984741211,1477.18994140625,,,159.16891784091396,103.77883923380739,156.62331964445997,1993.7294691560826,173.14359070991924,784.209116609125
2022-12-10,,3.875,3.83,,,,,,,,,,,,,,
2022-12-11,,3.875,3.83,,,,,,,,,,,,,,
2022-12-12,,3.875,3.83,3.6110000610351562,25.0,4.401000022888184,105.12999725341797,77.98999786376953,1474.3800048828125,,,159.95480668397067,104.07639854085757,157.02553417406745,1974.107603865766,171.85518596933306,778.8275658907892
2022-12-13,,3.875,3.83,3.500999927520752,22.549999237060547,4.4145002365112305,103.9800033569336,80.68000030517578,1470.1199951171875,,,160.3258477978016,102.58741920063443,157.34036881240164,1976.855892863549,171.88078393477198,754.3380341274592
2022-12-14,,3.875,3.83,3.503000020980835,21.139999389648438,4.426000118255615,103.7699966430664,82.69999694824219,1483.1700439453125,,,162.20316528170557,103.7377252783546,157.2244961190638,1998.6183301962672,172.95494532015337,761.2532181040247
2022-12-15,,4.375,3.83,3.450000047683716,22.829999923706055,4.388000011444092,104.55999755859375,81.20999908447266,1467.1300048828125,,,160.2990301488564,102.96285458484911,156.4333650514161,1954.4251644475,172.54247835058837,742.4916314513731
2022-12-16,,4.375,4.33,3.4820001125335693,22.6200008392334,4.414000034332275,104.69999694824219,79.04000091552734,1478.5400390625,,,160.7006502316969,110.18216470644289,155.79745700698354,1987.1349363315865,172.87714748350916,735.1816421172226
2022-12-17,,4.375,4.33,,,,,,,,,,,,,,
2022-12-18,,4.375,4.33,,,,,,,,,,,,,,
2022-12-19,,4.375,4.33,3.5810000896453857,22.420000076293945,4.421999931335449,104.72000122070312,79.80000305175781,1477.0899658203125,,,160.88381589732438,106.84860564833996,157.58239171328182,1980.5489064982262,173.15263125746202,727.5762731878531
2022-12-20,,4.375,4.33,3.684000015258789,21.479999542236328,4.422999858856201,103.97000122070312,79.98999786376953,1467.3199462890625,,,160.82772090286565,106.00555491511159,156.1196935286219,1939.190332790466,170.3270461002544,709.4235109403153
2022-12-21,,4.375,4.33,3.684000015258789,20.06999969482422,4.431000232696533,104.16000366210938,82.19999694824219,1462.550048828125,,,161.53505384405472,104.81679059572365,156.03344905868192,1937.9430173814305,168.01003751859253,702.6005392675486
2022-12-22,,4.375,4.33,3.6689999103546143,21.969999313354492,4.434000015258789,104.43000030517578,80.9800033569336,1468.3499755859375,,,160.8906701609472,106.12826450845915,155.87888122297002,1933.0603081815725,170.96473774711643,727.4843415500914
2022-12-23,,4.375,4.33,3.750999927520752,20.8700008392334,4.421999931335449,104.30999755859375,83.91999816894531,1474.6800537109375,,,161.4380973367043,105.2672706432252,155.76383787503542,1926.519307236882,171.5193716644468,765.1258731234509
2022-12-24,,4.375,4.33,,,,,,,,,,,,,,
2022-12-25,,4.375,4.33,,,,,,,,,,,,,,
2022-12-26,,4.375,4.33,,,4.422500133514404,,,,,,,,,,,
2022-12-27,,4.375,4.33,3.859999895095825,21.649999618530273,4.422500133514404,104.18000030517578,84.33000183105469,1474.68994140625,,,158.03947509585282,109.1952802216668,157.87008576460482,1930.5643827544118,173.37267465713603,823.1044642697484
2022-12-28,,4.375,4.33,3.88700008392334,22.139999389648438,4.420000076293945,104.45999908447266,83.26000213623047,1480.1099853515625,,,158.4662831429035,109.21841225874498,157.87008576460482,1906.6721390057664,174.32785903529492,814.9118627225041
2022-12-29,,4.375,4.33,3.8350000381469727,21.440000534057617,4.420000076293945,103.83999633789062,82.26000213623047,1491.6300048828125,,,160.66477346312533,110.29192063697084,157.55823358724854,1918.3570283727627,174.1919216227664,823.4209886940464
2022-12-30,,4.375,4.33,3.878999948501587,21.670000076293945,4.420000076293945,103.5199966430664,85.91000366210938,1495.489990234375,,,160.05033275081627,110.96157643511768,157.20095675091775,1917.3799735075413,177.30768402516756,822.0042618289591
2022-12-31,,4.375,4.33,,,,,,,4.2,,,,,,,
2023-01-01,903.28692399913,4.375,4.33,,,,,,,,,,,,,,
2023-01-02,,4.375,4.33,,,4.402500152587891,,,,,,,,,,,
2023-01-03,,4.375,4.33,3.7929999828338623,22.899999618530273,4.402500152587891,104.5199966430664,82.0999984741211,1473.989990234375,,,158.69785015931308,108.51640691308239,157.5185298204659,1928.1291095746774,174.24999993036081,805.5228785846726
2023-01-04,,4.375,4.33,3.7090001106262207,22.010000228881836,4.403500080108643,104.25,77.83999633789062,1469.550048828125,,,158.23382068276706,106.30960792834227,158.67569158751306,1932.575073553223,173.27224688549663,803.1947650047701
2023-01-05,,4.375,4.33,3.7200000286102295,22.459999084472656,4.4019999504089355,105.04000091552734,78.69000244140625,1480.9300537109375,,,159.6510091237365,108.32011758943038,157.91577632040168,1941.4085420541212,174.34389106656022,829.0021453554658
2023-01-06,,4.375,4.33,3.569000005722046,21.1299991607666,4.385000228881836,103.87999725341797,78.56999969482422,1480.550048828125,,,159.03315758660975,106.628843784619,159.22037049531323,1925.710103058038,173.7421334095947,820.488181640172
2023-01-07,,4.375,4.33,,,,,,,,,,,,,,
2023-01-08,,4.375,4.33,,,,,,,,,,,,,,
2023-01-09,,4.375,4.33,3.5169999599456787,21.969999313354492,4.401000022888184,103.0,79.6500015258789,1493.4200439453125,,,159.7117588777828,108.1234232696751,162.07147382261883,1979.2193295972677,175.3901063167934,810.6998688207293
2023-01-10,,4.375,4.33,3.621000051498413,20.579999923706055,4.373000144958496,103.23999786376953,80.0999984741211,1485.1300048828125,,,159.62094985388927,107.25166522484311,162.18563910679572,1951.7057100440975,174.7370310613758,800.5593822987056
2023-01-11,,4.375,4.33,3.553999900817871,21.09000015258789,4.369999885559082,103.19000244140625,82.66999816894531,1487.8699951171875,,,160.45192044463468,107.39118545316393,161.3222402289078,1959.1366493885253,174.7370310613758,800.6455826939073
2023-01-12,,4.375,4.33,3.4489998817443848,18.829999923706055,4.36899995803833,102.25,84.02999877929688,1488.6600341796875,,,160.08483148599484,107.21858013172243,163.35830348950017,1998.7239100388454,173.16044355268727,803.8804883593357
2023-01-13,,4.375,4.33,3.510999917984009,18.350000381469727,4.35699987411499,102.19999694824219,85.27999877929688,1495.030029296875,,,160.9746673836499,107.47494950799525,163.7971290747305,1990.790470749512,174.37205695436626,801.6163913549221
2023-01-14,,4.375,4.33,,,,,,,,,,,,,,
2023-01-15,,4.375,4.33,,,,,,,,,,,,,,
2023-01-16,,4.375,4.33,,,4.332499980926514,,,1493.56005859375,,,160.18060210941135,106.85206852088993,165.0157347328328,1989.2282637930869,175.03182177030152,842.6631743432578
2023-01-17,,4.375,4.33,3.5350000858306885,19.360000610351562,4.313499927520752,102.38999938964844,85.91999816894531,1499.3800048828125,,,160.27328836247165,106.81003947101372,164.6836019645448,1982.8261824341419,176.4818907020725,848.3987998546254
2023-01-18,,4.375,4.33,3.375,20.34000015258789,4.323999881744385,102.36000061035156,84.9800033569336,1495.5,,,159.621871010623,106.15821463352775,164.91635501204246,2007.4098168359835,175.4678175218855,854.7972085950848
2023-01-19,,4.375,4.33,3.3970000743865967,20.520000457763672,4.310999870300293,102.05999755859375,86.16000366210938,1496.219970703125,,2.75,159.2824313036129,105.39760277210542,166.94879810318554,1984.2329619752213,176.95139422376278,852.4050513225326
2023-01-20,,4.375,4.33,3.4839999675750732,19.850000381469727,4.306000232696533,102.01000213623047,87.62999725341797,1500.3299560546875,,,160.02891746341265,106.30391007787658,166.72267068445586,1995.2885113820155,177.46699084716576,851.5993616850159
2023-01-21,,4.375,4.33,,,,,,,,,,,,,,
2023-01-22,,4.375,4.33,,,,,,,,,,,,,,
2023-01-23,,4.375,4.33,3.5250000953674316,19.809999465942383,4.2829999923706055,102.13999938964844,88.19000244140625,,,,,,,,,
2023-01-24,,4.375,4.33,3.4690001010894775,19.200000762939453,4.2820000648498535,101.91999816894531,86.12999725341797,,,,,,,,,
2023-01-25,,4.375,4.33,3.4619998931884766,19.079999923706055,4.2820000648498535,101.63999938964844,86.12000274658203,1499.449951171875,,,160.18198024541618,104.94044026346889,166.40692968248027,2025.208991205903,176.57726667555508,844.5442510188132
2023-01-26,,4.375,4.33,3.493000030517578,18.729999542236328,4.2829999923706055,101.83999633789062,87.47000122070312,1498.3900146484375,,,159.3214324147309,105.48130030350802,168.14652311732954,2012.4209267376505,175.80987688566907,863.2228550977313
2023-01-27,,4.375,4.33,3.5179998874664307,18.510000228881836,4.243000030517578,101.93000030517578,86.66000366210938,1497.550048828125,,,158.89293999405788,105.63958911277732,168.7870860673165,2017.3180861324345,176.01675711060216,859.1509396813848
2023-01-28,,4.375,4.33,,,,,,,,,,,,,,
2023-01-29,,4.375,4.33,,,,,,,,,,,,,,
2023-01-30,,4.375,4.33,3.5510001182556152,19.940000534057617,4.241499900817871,102.27999877929688,84.9000015258789,1499.3900146484375,,,159.62905041457643,105.42193669218247,167.638763914368,2017.3733293000914,177.72651281162092,853.7450915114518
2023-01-31,,4.375,4.33,3.5290000438690186,19.399999618530273,4.241499900817871,102.0999984741211,84.48999786376953,1485.5,4.1,,158.86064352498477,104.83286975614338,167.41551023571458,1975.6398652790192,171.6035315162269,813.253953498553
2023-02-01,902.161131806761,4.375,4.33,3.3970000743865967,17.8700008392334,4.263299942016602,101.22000122070312,82.83999633789062,,,,,,,,,
2023-02-02,,4.625,4.33,3.3959999084472656,18.729999542236328,4.263500213623047,101.75,82.16999816894531,1489.800048828125,,,157.9043274110841,106.35596649068184,170.14112413927097,2031.1434975811987,172.9091245485117,825.1235396694556
2023-02-03,,4.625,4.58,3.5320000648498535,18.329999923706055,4.243000030517578,102.91999816894531,79.94000244140625,1490.469970703125,,,157.47460410393762,106.99145369727474,169.26570453596324,2034.8281097651438,173.65217100981238,837.2051962448417
2023-02-04,,4.625,4.58,,,,,,,,,,,,,,
2023-02-05,,4.625,4.58,,,,,,,,,,,,,,
2023-02-06,,4.625,4.58,3.634000062942505,19.43000030517578,4.255499839782715,103.62000274658203,80.98999786376953,,,,,,,,,
2023-02-07,,4.625,4.58,3.6740000247955322,18.65999984741211,4.262499809265137,103.43000030517578,83.69000244140625,1476.3800048828125,,,155.6271304347934,106.46375423737942,170.6763689611638,2007.568234866035,171.200931664526,830.7186119129044
2023-02-08,,4.625,4.58,3.6530001163482666,19.6299991607666,4.301000118255615,103.41000366210938,85.08999633789062,1470.75,,,153.515030053393,105.99718589564615,170.25374208271919,2024.8817310170853,172.3983772450383,813.8285913691201
2023-02-09,,4.625,4.58,3.683000087738037,20.709999084472656,4.297500133514404,103.22000122070312,84.5,1464.6400146484375,,,153.2364849111749,105.59645789089333,171.14975689906524,2010.9787345270138,171.14507553057436,822.0472840917895
2023-02-10,,4.625,4.57,3.74399995803833,20.530000686645508,4.311999797821045,103.62999725341797,86.38999938964844,1474.5899658203125,,,154.87256922150797,105.6036018415045,170.692343337705,1993.2161094832434,172.8049139736319,806.6155383794909
2023-02-11,,4.625,4.58,,,,,,,,,,,,,,
2023-02-12,,4.625,4.58,,,,,,,,,,,,,,
2023-02-13,,4.625,4.58,3.7170000076293945,20.34000015258789,4.329999923706055,103.3499984741211,86.61000061035156,1475.1700439453125,,,155.54060450255588,104.49557413239963,171.31541408173138,1965.814463925064,171.72858288940404,781.2906517999538
2023-02-14,,4.625,4.58,3.760999917984009,18.90999984741211,4.360000133514404,103.2300033569336,85.58000183105469,1483.969970703125,,,155.4320474372011,106.55564948470202,171.59481483907518,1985.3169150021988,174.1798044085416,783.8027396306538
2023-02-15,,4.625,4.58,3.809000015258789,18.229999542236328,4.3470001220703125,103.91999816894531,85.37999725341797,1488.18994140625,,,155.49991204866228,106.30083276790123,172.33010645943975,1968.12069790192,175.5112042648697,791.5376159279135
2023-02-16,,4.625,4.58,3.8429999351501465,20.170000076293945,4.389999866485596,103.86000061035156,85.13999938964844,1484.260009765625,,,155.19921241485676,106.3931079285099,171.32200348387408,1981.9590741431784,173.84737612671776,824.7311300416012
2023-02-17,,4.625,4.58,3.828000068664551,20.020000457763672,4.401500225067139,103.86000061035156,83.0,1476.9000244140625,,,154.5472940569896,105.95805120521614,170.5076051689637,1919.9513586620278,173.79934696144173,817.2692822960582
2023-02-18,,4.625,4.58,,,,,,,,,,,,,,
2023-02-19,,4.625,4.58,,,,,,,,,,,,,,
2023-02-20,,4.625,4.58,,,4.429500102996826,,,1473.4599609375,,,154.80333533031248,105.26700667266675,170.20097271467324,1893.1932664368346,171.89686013479806,817.0050475945616
2023-02-21,,4.625,4.58,3.9549999237060547,22.8700008392334,4.427999973297119,104.18000030517578,83.05000305175781,1474.010009765625,,,154.63355656615917,106.51992639172833,169.82929462465032,1889.628896916339,173.26944770915088,822.5253279880371
2023-02-22,,4.625,4.58,3.9230000972747803,22.290000915527344,4.429999828338623,104.58999633789062,80.5999984741211,1464.0,,,154.43240646843554,105.8044609658519,170.1123563318113,1872.574644347646,171.4174943468764,816.145848403424
2023-02-23,,4.625,4.58,3.878999948501587,21.139999389648438,4.439000129699707,104.5999984741211,82.20999908447266,1457.6500244140625,,,154.4860913849097,105.41401780401863,170.60470569168317,1893.4331191823994,168.23587532530254,799.5146640833505
2023-02-24,,4.625,4.58,3.9489998817443848,21.670000076293945,4.43149995803833,105.20999908447266,83.16000366210938,1456.800048828125,,,154.90737062915017,105.23225718311838,168.6650423822527,1916.1752951280776,164.70211876902385,789.1123757736988
2023-02-25,,4.625,4.58,,,,,,,,,,,,,,
2023-02-26,,4.625,4.58,,,,,,,,,,,,,,
2023-02-27,,4.625,4.58,3.921999931335449,20.950000762939453,4.433000087738037,104.66999816894531,82.44999694824219,1455.5,,,155.87730078413637,104.31186975097306,166.5096129698828,1895.6841320194399,163.40220026442375,780.2274934961107
2023-02-28,,4.625,4.57,3.9159998893737793,20.700000762939453,4.4730000495910645,104.87000274658203,83.88999938964844,1454.18994140625,3.9,,156.5803328904517,104.41618559540946,167.7767220376873,1921.9468313938328,160.83916318597835,775.8855608744007
2023-03-01,910.155527014026,4.625,4.57,3.99399995803833,20.579999923706055,4.485000133514404,104.4800033569336,84.30999755859375,1450.199951171875,,,156.68111456860188,104.284182811689,167.86282206933078,1913.3013948569821,159.78327869473318,754.580394866267
2023-03-02,,4.625,4.58,4.072999954223633,19.59000015258789,4.46999979019165,105.02999877929688,84.75,1455.489990234375,,,156.13094343640154,105.20182317298361,167.26811540139167,1900.638183018052,161.74572215810676,751.9419872447804
2023-03-03,,4.625,4.57,3.9639999866485596,18.489999771118164,4.4730000495910645,104.5199966430664,85.83000183105469,1453.550048828125,,,155.98629679191876,105.36804442856169,167.19436542589963,1899.3600749322643,161.452812096246,758.4251200351938
2023-03-04,,4.625,4.57,,,,,,,,,,,,,,
2023-03-05,,4.625,4.57,,,,,,,,,,,,,,
2023-03-06,,4.625,4.57,3.9830000400543213,18.610000610351562,4.473499774932861,104.3499984741211,86.18000030517578,1452.6800537109375,,,155.36452263306063,106.23770487715483,167.46917285359862,1919.5246086412012,163.01743096469875,757.2881354473556
2023-03-07,,4.625,4.57,3.9749999046325684,19.59000015258789,4.473499774932861,105.62000274658203,83.29000091552734,1458.6700439453125,,,155.31328991810398,109.46340029396448,167.52711224356415,1912.593300975016,162.74284529581934,748.5522629819698
2023-03-08,,4.625,4.57,3.9760000705718994,19.110000610351562,4.475500106811523,105.66000366210938,82.66000366210938,1454.6600341796875,,,155.18951405808187,107.94381888523172,169.41840039707446,1912.2318205826286,161.9595385861783,737.063267599307
2023-03-09,,4.625,4.57,3.924999952316284,22.610000610351562,4.521999835968018,105.30999755859375,81.58999633789062,1449.530029296875,,2.75,155.02979072663038,105.56277668733304,166.8001665673672,1884.262903757069,161.74780609788007,751.8150769439692
2023-03-10,,4.625,4.57,3.694999933242798,24.799999237060547,4.519000053405762,104.58000183105469,82.77999877929688,1433.0799560546875,,,153.5620090442982,104.1703427145991,165.84312639477324,1872.5246814287257,161.26741874923997,734.8686338983964
2023-03-11,,4.625,4.57,,,,,,,,,,,,,,
2023-03-12,,4.625,4.57,,,,,,,,,,,,,,
2023-03-13,,4.625,4.57,3.515000104904175,26.520000457763672,4.517000198364258,103.5999984741211,80.7699966430664,1421.8299560546875,,,153.96816769229815,105.31462080174636,166.85632664081655,1859.1076307098408,161.97027963361685,736.3502969794075
2023-03-14,,4.625,4.58,3.638000011444092,23.729999542236328,4.49429988861084,103.5999984741211,77.44999694824219,1393.8299560546875,,,150.15559742307207,103.59717542474736,164.90096077114848,1831.6505425188882,159.87584671993204,714.4139602562287
2023-03-15,,4.625,4.58,3.492000102996826,26.139999389648438,4.48199987411499,104.6500015258789,73.69000244140625,1403.9300537109375,,,151.6994831232303,104.40544467591903,166.8430283456045,1843.7652299413405,160.47992371116894,722.9817444558479
2023-03-16,,4.625,4.58,3.5850000381469727,22.989999771118164,4.481299877166748,104.41999816894531,74.69999694824219,1391.5999755859375,,,150.1249440229456,103.85594057045098,166.26870398702323,1841.8343597881194,159.76746981491138,788.9322739924265
2023-03-17,,4.625,4.58,3.3949999809265137,25.510000228881836,4.5,103.70999908447266,72.97000122070312,1411.72998046875,,,152.04144400095836,107.34776279670047,169.22412282572344,1844.3073389774736,161.43896202439086,828.3864395665887
2023-03-18,,4.625,4.58,,,,,,,,,,,,,,
2023-03-19,,4.625,4.58,,,,,,,,,,,,,,
2023-03-20,,4.625,4.58,3.4809999465942383,24.149999618530273,4.482999801635742,103.27999877929688,73.79000091552734,1401.81005859375,,,150.8645932595093,105.54176277682777,167.95343307101322,1862.2082199689312,160.23092407151302,824.7280633921633
2023-03-21,,4.625,4.58,3.6059999465942383,21.3799991607666,4.483500003814697,103.26000213623047,75.31999969482422,1406.550048828125,,,152.1262105913536,104.87564730383147,167.4858121791418,1860.3804318678958,159.82934835302493,848.0633635335229
2023-03-22,,4.625,4.58,3.5,22.260000228881836,4.46999979019165,102.3499984741211,76.69000244140625,1412.0400390625,,,153.25651936618897,104.84205908499362,166.88040070530582,1871.4189420520195,159.81728867566505,838.3014782525489
2023-03-23,,4.875,4.58,3.4059998989105225,22.610000610351562,4.452499866485596,102.52999877929688,75.91000366210938,1410.97998046875,,,152.35769760602176,105.47379357111795,170.10352883342492,1898.3897484948861,160.65455434312395,869.1862823923136
2023-03-24,,4.875,4.83,3.380000114440918,21.739999771118164,4.415500164031982,103.12000274658203,74.98999786376953,1399.699951171875,,,151.1609708904957,104.4845365184957,169.09217488754857,1894.729159076634,158.25899770667496,838.7176013406423
2023-03-25,,4.875,4.83,,,,,,,,,,,,,,
2023-03-26,,4.875,4.83,,,,,,,,,,,,,,
2023-03-27,,4.875,4.83,3.5280001163482666,20.600000381469727,4.42549991607666,102.86000061035156,78.12000274658203,1396.5999755859375,,,150.8002912063318,103.36122558806062,167.88659110772088,1879.3652114754345,159.88428882001395,847.1004119271524
2023-03-28,,4.875,4.83,3.563999891281128,19.969999313354492,4.418000221252441,102.43000030517578,78.6500015258789,1409.0899658203125,,,152.3503896716513,104.687165669387,170.43195490406714,1880.5703742127976,161.60989659469115,853.1939389433836
2023-03-29,,4.875,4.83,3.565999984741211,19.1200008392334,4.40749979019165,102.63999938964844,78.27999877929688,1420.3499755859375,,,153.88126687766035,104.32206680965879,170.96711957244273,1886.3943381985014,161.9981217500262,874.5948294140552
2023-03-30,,4.875,4.83,3.5510001182556152,19.020000457763672,4.419899940490723,102.13999938964844,79.2699966430664,1424.6099853515625,,,154.94618299197947,104.99515921860363,170.20315943340532,1918.8581270497214,163.1220375795782,865.8995547551376
2023-03-31,,4.875,4.83,3.49399995803833,18.700000762939453,4.420000076293945,102.51000213623047,79.7699966430664,1422.5899658203125,3.9,,154.4604789304234,105.1575104982601,170.11998529107265,1928.2275276388714,163.5448086646035,850.2834463481773
2023-04-01,934.809681844592,4.875,4.83,,,,,,,,,,,,,,
2023-04-02,,4.875,4.83,,,,,,,,,,,,,,
2023-04-03,,4.875,4.83,3.430000066757202,18.549999237060547,4.4105000495910645,102.08999633789062,84.93000030517578,1433.3900146484375,,,154.96430558431794,105.63453251920369,171.15469835346764,1972.2958983841959,165.3638563085186,875.8737590060424
2023-04-04,,4.875,4.83,3.3369998931884766,19.0,4.416999816894531,101.58999633789062,84.94000244140625,1429.6099853515625,,,155.19710318208053,104.07120723722363,170.36707591359612,1971.4741130887817,165.78402135453868,873.6507169571632
2023-04-05,,4.875,4.83,3.2869999408721924,19.079999923706055,4.4039998054504395,101.8499984741211,84.98999786376953,1429.550048828125,,,155.26164458718415,104.71389926062476,171.09213400166482,1948.9109114328603,166.37879306715894,884.3647891654479
2023-04-06,,4.875,4.83,3.2880001068115234,18.399999618530273,4.396999835968018,101.81999969482422,85.12000274658203,1424.8900146484375,,,154.58581920029465,104.32047871923618,169.9159568378191,1932.7415273899164,166.8496675833564,893.2548976266082
2023-04-07,,4.875,4.83,,,4.396500110626221,,,1427.0400390625,,,153.40875658511368,104.63606472576276,170.76215617675817,1903.9124503697508,168.55975002007102,915.1484160104395
2023-04-08,,4.875,4.83,,,,,,,,,,,,,,
2023-04-09,,4.875,4.83,,,,,,,,,,,,,,
2023-04-10,,4.875,4.83,3.4149999618530273,18.969999313354492,4.4105000495910645,102.58000183105469,84.18000030517578,1428.1300048828125,,,153.41975439596146,106.53545259463375,170.49353474642757,1919.6022253261106,168.35083793722976,952.1328453939004
2023-04-11,,4.875,4.83,3.434000015258789,19.100000381469727,4.410999774932861,102.19999694824219,85.61000061035156,1435.8900146484375,,,154.4161166441348,106.89289522305421,170.6829821580726,1935.9541172389565,169.36676397538463,968.3839306888125
2023-04-12,,4.875,4.83,3.4210000038146973,19.09000015258789,4.415999889373779,101.5,87.33000183105469,1434.739990234375,,,154.82345804529857,107.26831925367388,170.49645623437365,1914.1275805836735,169.40882118026536,952.9324026943325
2023-04-13,,4.875,4.83,3.4519999027252197,17.799999237060547,4.409999847412109,101.01000213623047,86.08999633789062,1434.219970703125,,,154.10369385451185,107.52399312243661,170.849441870315,1901.887675671561,169.8914843071651,964.7642370389431
2023-04-14,,4.875,4.83,3.5220000743865967,17.06999969482422,4.3979997634887695,101.55000305175781,86.30999755859375,1435.1300048828125,,,154.40004969226578,106.9832145184426,169.89505018550364,1922.6655215796698,170.38026898323452,951.7616730272428
2023-04-15,,4.875,4.83,,,,,,,,,,,,,,
2023-04-16,,4.875,4.83,,,,,,,,,,,,,,
2023-04-17,,4.875,4.83,3.5910000801086426,16.950000762939453,4.399499893188477,102.0999984741211,84.76000213623047,1434.9000244140625,,,154.3781875554325,106.13207345604604,168.6694428081245,1909.5451209762089,171.3974341239416,926.0383455817353
2023-04-18,,4.875,4.83,3.572000026702881,16.829999923706055,4.41949987411499,101.75,84.7699966430664,1432.3599853515625,,,154.40997809287944,107.57181312878608,169.16047001534608,1912.1851521299038,170.1978012786418,925.8672817679063
2023-04-19,,4.875,4.83,3.6019999980926514,16.459999084472656,4.432000160217285,101.97000122070312,83.12000274658203,1425.0699462890625,,,153.9273746459433,107.03867809935832,168.23849826345082,1906.5018940949567,167.5915129940623,908.5613080250857
2023-04-20,,4.875,4.83,3.5450000762939453,17.170000076293945,4.427499771118164,101.83999633789062,81.0999984741211,1422.1099853515625,,,153.17457871237778,106.61831699746642,170.40419290780272,1885.629212177651,167.54696795161414,922.0546720635853
2023-04-21,,4.875,4.83,3.569999933242798,16.770000457763672,4.435500144958496,101.81999969482422,81.66000366210938,,,,,,,,,
2023-04-22,,4.875,4.83,,,,,,,,,,,,,,
2023-04-23,,4.875,4.83,,,,,,,,,,,,,,
2023-04-24,,4.875,4.83,3.515000104904175,16.889999389648438,4.434999942779541,101.3499984741211,82.7300033569336,,,,,,,,,
2023-04-25,,4.875,4.83,3.3959999084472656,18.760000228881836,4.435299873352051,101.86000061035156,80.7699966430664,1425.18994140625,,,152.58600579498582,109.30912859528097,170.07395530929418,1870.434279373778,168.3305672556057,896.214542474136
2023-04-26,,4.875,4.83,3.431999921798706,18.84000015258789,4.442999839782715,101.47000122070312,77.69000244140625,1414.25,,,150.74885944203868,108.14350961785873,169.9582686846509,1863.617636424967,168.3354679398408,903.4054213831515
2023-04-27,,4.875,4.83,3.5280001163482666,17.030000686645508,4.454999923706055,101.5,78.37000274658203,1418.050048828125,,,151.47312864555593,108.17985455476808,170.981082707783,1851.845566339168,167.37200285288415,889.2765386689382
2023-04-28,,4.875,4.83,3.4519999027252197,15.779999732971191,4.460000038146973,101.66999816894531,79.54000091552734,1415.949951171875,,,151.14140680457368,107.06430440336332,172.33136105549895,1871.1236817921347,168.38763037414054,895.4034197403836
2023-04-29,,4.875,4.83,,,,,,,,,,,,,,
2023-04-30,,4.875,4.83,,,,,,,3.8,,,,,,,
2023-05-01,834.628551223305,4.875,4.83,3.5739998817443848,16.079999923706055,4.458000183105469,102.1500015258789,79.30999755859375,,,,,,,,,
2023-05-02,,4.875,4.83,3.438999891281128,17.780000686645508,4.458000183105469,101.95999908447266,75.31999969482422,1426.1099853515625,,,151.94499081647882,107.26429249543258,171.75937618053413,1889.4461017411509,170.15385960396918,911.716618507735
2023-05-03,,4.875,4.83,3.4030001163482666,18.34000015258789,4.461999893188477,101.33999633789062,72.33000183105469,1425.989990234375,,3.0,151.85017101946406,108.80379308953512,171.97770415584284,1873.4190099198436,168.96202232241527,911.9430758652127
2023-05-04,,5.125,4.83,3.3510000705718994,20.09000015258789,4.450500011444092,101.4000015258789,72.5,,,,,,,,,
2023-05-05,,5.125,5.08,3.446000099182129,17.190000534057617,4.451000213623047,101.20999908447266,75.30000305175781,1431.0400390625,,,153.91788159713218,108.45999770963104,171.1599100049273,1856.0773899741853,168.67006159709538,900.3966307952165
2023-05-06,,5.125,5.08,,,,,,,,,,,,,,
2023-05-07,,5.125,5.08,,,,,,,,,,,,,,
2023-05-08,,5.125,5.08,3.5209999084472656,16.979999542236328,4.434500217437744,101.37000274658203,77.01000213623047,1433.739990234375,,,154.27654989472038,108.18247550752089,172.06223440164666,1855.8720741319892,168.92213968768547,872.3149563649526
2023-05-09,,5.125,5.08,3.5209999084472656,17.709999084472656,4.434999942779541,101.63999938964844,77.44000244140625,1432.6300048828125,,,153.84777395502593,107.75640259270392,170.64421097762786,1833.8056738012167,169.4412208660048,934.0666896029942
2023-05-10,,5.125,5.08,3.438999891281128,16.940000534057617,4.447000026702881,101.4800033569336,76.41000366210938,1425.6800537109375,,,152.2688073355677,108.12696920217597,171.13246799280435,1853.762420022114,170.58623198709532,928.0766700412648
2023-05-11,,5.125,5.08,3.3970000743865967,16.93000030517578,4.447000026702881,102.05999755859375,74.9800033569336,1425.1800537109375,,,152.04883064222253,109.94680685229771,172.40559992154417,1809.5235012864791,168.55919522789296,912.151531544381
2023-05-12,,5.125,5.08,3.4630000591278076,17.030000686645508,4.462500095367432,102.68000030517578,74.16999816894531,1422.9200439453125,,,151.2533101633363,110.70657632152101,170.7429323029957,1793.076397373487,166.6385384465884,912.7311378119159
2023-05-13,,5.125,5.08,,,,,,,,,,,,,,
2023-05-14,,5.125,5.08,,,,,,,,,,,,,,
2023-05-15,,5.125,5.08,3.507999897003174,17.1200008392334,4.476500034332275,102.43000030517578,75.2300033569336,1417.3699951171875,,,151.1778842102684,109.41891297567298,171.99398303179066,1776.9225898702466,165.04132087655515,897.6277073374945
2023-05-16,,5.125,5.08,3.5490000247955322,17.989999771118164,4.494999885559082,102.55999755859375,74.91000366210938,1423.5,,,151.63893149478778,110.60201970840946,170.4418171364044,1778.1838148133677,166.12010703249257,913.2620433587012
2023-05-17,,5.125,5.08,3.5810000896453857,16.8700008392334,4.492000102996826,102.87999725341797,76.95999908447266,1424.3399658203125,,,151.54980662148955,113.04919512343237,168.68568573223897,1789.7962216812818,167.60548793746094,924.0514255741118
2023-05-18,,5.125,5.08,3.6480000019073486,16.049999237060547,4.519999980926514,103.58000183105469,75.86000061035156,1428.0400390625,,,152.27169326726812,113.1660227307001,168.9247940514912,1799.7618894495567,167.81284949673795,942.2878335247699
2023-05-19,,5.125,5.08,3.691999912261963,16.809999465942383,4.533999919891357,103.19999694824219,75.58000183105469,1428.5400390625,,,152.61672867724337,112.57006084139024,168.77627588083394,1807.4444788543567,167.24403171787233,959.3489667972569
2023-05-20,,5.125,5.08,,,,,,,,,,,,,,
2023-05-21,,5.125,5.08,,,,,,,,,,,,,,
2023-05-22,,5.125,5.08,3.7190001010894775,17.209999084472656,4.535999774932861,103.19999694824219,75.98999786376953,1419.0,,,151.378454626159,112.9686579199925,168.93657243442613,1806.681811565467,167.2369558447893,967.3435375178624
2023-05-23,,5.125,5.08,3.697999954223633,18.530000686645508,4.545499801635742,103.48999786376953,76.83999633789062,1411.5400390625,,,150.64423795910844,111.92854125742704,167.9767057263405,1785.3863886756371,166.65828817792615,957.3076495633396
2023-05-24,,5.125,5.08,3.7190001010894775,20.030000686645508,4.566999912261963,103.88999938964844,78.36000061035156,1409.6199951171875,,,150.1803673662652,111.43496242727406,167.4639329834157,1804.5581693495164,166.88093984680629,947.3679279654483
2023-05-25,,5.125,5.08,3.813999891281128,19.139999389648438,4.589000225067139,104.20999908447266,76.26000213623047,1402.47998046875,,,149.59621393588648,108.43423555416514,166.76801292251525,1803.4003687592058,165.537671180785,921.4690431771907
2023-05-26,,5.125,5.08,3.809999942779541,17.950000762939453,4.623000144958496,104.20999908447266,76.94999694824219,1402.97998046875,,,149.23769155337595,107.69518797209408,166.5871702904775,1906.384018627422,165.86233044291257,943.6849238553785
2023-05-27,,5.125,5.08,,,,,,,,,,,,,,
2023-05-28,,5.125,5.08,,,,,,,,,,,,,,
2023-05-29,,5.125,5.08,,,4.598499774932861,,,1404.9300537109375,,,149.1245850357281,108.68259878226694,166.2575767890955,1935.6725809136992,165.79123725175833,955.5793258411262
2023-05-30,,5.125,5.08,3.700000047683716,17.459999084472656,4.602499961853027,104.16999816894531,73.54000091552734,1396.9100341796875,,,148.42785946681607,108.03638432175148,167.71207939900214,1928.5621338488118,163.2764362695213,918.4085851705839
2023-05-31,,5.125,5.08,3.63700008392334,17.940000534057617,4.5980000495910645,104.31999969482422,72.66000366210938,1387.1199951171875,3.6,,147.67866033457867,104.40722383143964,167.3140836359535,1931.9835843202004,160.06356257656537,919.1695318080988
2023-06-01,768.955008548604,5.125,5.08,3.6080000400543213,15.649999618530273,4.61299991607666,103.55999755859375,74.27999877929688,1383.010009765625,,,148.06105083227806,104.82920634072515,167.5859534914014,1943.281100936954,158.8699926775241,924.1104529386196
2023-06-02,,5.125,5.08,3.690999984741211,14.600000381469727,4.611000061035156,104.0199966430664,76.12999725341797,1381.260009765625,,,146.7942043227072,105.53842795250668,167.6080338630934,1943.5320313472016,160.49625493673992,937.2038716647497
2023-06-03,,5.125,5.08,,,,,,,,,,,,,,
2023-06-04,,5.125,5.08,,,,,,,,,,,,,,
2023-06-05,,5.125,5.08,3.693000078201294,14.729999542236328,4.574999809265137,104.0,76.70999908447266,,,,,,,,,
2023-06-06,,5.125,5.08,3.6989998817443848,13.960000038146973,4.574999809265137,104.12999725341797,76.29000091552734,1383.1700439453125,,,147.89464708350596,107.7505772476432,168.89315381083176,1947.4746563738374,160.7872561483798,923.8643942506187
2023-06-07,,5.125,5.08,3.7839999198913574,13.9399995803833,4.605000019073486,104.0999984741211,76.94999694824219,1378.6500244140625,,,148.09668679739138,106.88955289102886,167.73839553401478,1937.801656050958,162.43534678353467,933.1538052490458
2023-06-08,,5.125,5.08,3.7139999866485596,13.649999618530273,4.605000019073486,103.33999633789062,75.95999908447266,1374.6400146484375,,,148.21176531063364,106.49923352333552,167.34700389576375,1912.6935952257675,161.36854074494636,904.9490005653269
2023-06-09,,5.125,5.08,3.744999885559082,13.829999923706055,4.617000102996826,103.55999755859375,74.79000091552734,1376.0799560546875,,,148.9604438896402,106.62639474804926,168.80219970722752,1945.040566454246,160.17664196584926,894.708880626605
2023-06-10,,5.125,5.08,,,,,,,,,,,,,,
2023-06-11,,5.125,5.08,,,,,,,,,,,,,,
2023-06-12,,5.125,5.08,3.765000104904175,15.010000228881836,4.611499786376953,103.62999725341797,71.83999633789062,1386.77001953125,,,150.11016515238717,108.49489317249999,169.5622787822638,1947.8333936226059,163.17873594462228,908.2136234383644
2023-06-13,,5.125,5.08,3.8389999866485596,14.609999656677246,4.617499828338623,103.33999633789062,74.29000091552734,1380.6099853515625,,,149.2332947617778,107.54124238534312,168.4723476204461,2015.7859065089826,161.58558799484547,899.9571404622034
2023-06-14,,5.125,5.08,3.7960000038146973,13.880000114440918,4.613999843597412,103.01000213623047,73.19999694824219,1385.4200439453125,,,149.2484475720579,106.95510012130987,168.7335051966826,2059.1616388833127,162.3792971800753,920.9375296569306
2023-06-15,,5.125,5.08,3.7279999256134033,14.5,4.61899995803833,102.12000274658203,75.66999816894531,1381.72998046875,,,149.73883595195733,106.85453207269293,169.56374110732907,2036.162871234581,161.52959375586474,909.7203479769305
2023-06-16,,5.125,5.07,3.7690000534057617,13.539999961853027,4.623499870300293,102.30000305175781,76.61000061035156,1388.6099853515625,,,149.62437536936673,105.10317290039575,169.1442848385879,2008.9153259036748,161.67297451400694,890.7641300128448
2023-06-17,,5.125,5.08,,,,,,,,,,,,,,
2023-06-18,,5.125,5.08,,,,,,,,,,,,,,
2023-06-19,,5.125,5.08,,,4.611999988555908,,,1387.3299560546875,,,151.09144994577798,107.50183547986649,168.83979048568887,2029.593020575534,160.2142288272784,840.1961157435431
2023-06-20,,5.125,5.08,3.7290000915527344,13.880000114440918,4.625,102.54000091552734,75.9000015258789,1388.3299560546875,,,151.8164313465855,107.57551471736085,169.36838822324526,2007.1008290493232,161.04244210632083,810.6727446581415
2023-06-21,,5.125,5.07,3.7230000495910645,13.199999809265137,4.638000011444092,102.06999969482422,77.12000274658203,1393.449951171875,,,153.81723462842817,107.05194900321587,169.91560394501403,2012.213228424483,161.31933943152038,828.1440452454503
2023-06-22,,5.125,5.07,3.7990000247955322,12.90999984741211,4.644000053405762,102.38999938964844,74.13999938964844,1394.6700439453125,,,153.90938286831286,106.57228503831237,168.66548670179543,1998.3770016519302,159.82409646461215,817.0467749494486
2023-06-23,,5.125,5.07,3.739000082015991,13.4399995803833,4.6479997634887695,102.9000015258789,73.8499984741211,1390.8900146484375,,,153.0335249505874,107.1441180836484,167.58368392822328,2005.967784197706,158.63175176448456,814.6853551279315
2023-06-24,,5.125,5.07,,,,,,,,,,,,,,
2023-06-25,,5.125,5.07,,,,,,,,,,,,,,
2023-06-26,,5.125,5.07,3.7190001010894775,14.25,4.673999786376953,102.69000244140625,74.18000030517578,1389.8800048828125,,,152.3412936776284,107.44454127099227,168.2560014027361,1989.5071113625527,159.89533370772736,797.8976060229331
2023-06-27,,5.125,5.07,3.7679998874664307,13.739999771118164,4.671000003814697,102.48999786376953,72.26000213623047,1386.739990234375,,,151.87674225932764,107.43752672274229,168.34931254776308,1989.1362109447864,160.99974293174057,797.0505872135924
2023-06-28,,5.125,5.07,3.7100000381469727,13.430000305175781,4.6620001792907715,102.91000366210938,74.02999877929688,1388.3699951171875,,,152.25598475141504,107.26870084147092,167.67725849462443,2000.4706569134983,159.42446152762514,790.6962603099786
2023-06-29,,5.125,5.07,3.8540000915527344,13.539999961853027,4.669000148773193,103.33999633789062,74.33999633789062,,,,,,,,,
2023-06-30,,5.125,5.07,3.819000005722046,13.59000015258789,4.669000148773193,102.91000366210938,74.9000015258789,1376.6800537109375,3.5,,150.52541651524672,106.0914150738348,169.49707622055524,2024.1342937414515,159.01551834895574,787.4314532682754
2023-07-01,844.977016726366,5.125,5.08,,,,,,,,,,,,,,
2023-07-02,,5.125,5.08,,,,,,,,,,,,,,
2023-07-03,,5.125,5.08,3.8580000400543213,13.569999694824219,4.664999961853027,102.98999786376953,74.6500015258789,1395.8900146484375,,,153.3876276210459,108.75123998560407,169.520917792409,2023.1583260319378,161.07668713985944,814.4961922517566
2023-07-04,,5.125,5.08,,,4.6645002365112305,,,1392.489990234375,,,153.10249397587708,108.64630261562127,168.61217964944225,2019.6931770306771,159.9188726876018,818.7207262326181
2023-07-05,,5.125,5.08,3.944999933242798,14.180000305175781,4.649499893188477,103.37000274658203,76.6500015258789,1389.9000244140625,,,152.7756974715415,110.62632769557848,167.56484846603936,2011.2380492821949,158.8599736047081,818.7207262326181
2023-07-06,,5.125,5.08,4.040999889373779,15.4399995803833,4.650000095367432,103.16999816894531,76.5199966430664,1385.949951171875,,3.0,152.98508445236445,109.67415162948456,168.47395778396583,2008.38875311964,158.5237494189728,811.0560850332544
2023-07-07,,5.125,5.08,4.050000190734863,14.829999923706055,4.659999847412109,102.2699966430664,78.47000122070312,1377.6700439453125,,,151.75089943607807,108.33714153170797,168.11626766684006,2007.024541763103,158.9521735201457,814.4710326792998
2023-07-08,,5.125,5.08,,,,,,,,,,,,,,
2023-07-09,,5.125,5.08,,,,,,,,,,,,,,
2023-07-10,,5.125,5.08,4.00600004196167,15.069999694824219,4.666999816894531,101.97000122070312,77.69000244140625,1383.06005859375,,,152.17638299099931,109.53355661390358,168.22701639312004,2012.9680040493881,159.60937956408912,821.2724530841765
2023-07-11,,5.125,5.07,3.9800000190734863,14.84000015258789,4.668000221252441,101.7300033569336,79.4000015258789,1391.4599609375,,,152.91282141794642,111.40648716535205,167.27810325945623,2065.515512718078,161.50366478962076,822.6167020869349
2023-07-12,,5.125,5.08,3.8610000610351562,13.539999961853027,4.6554999351501465,100.5199966430664,80.11000061035156,1398.06005859375,,,153.06897045747817,111.2850793493474,168.54831229155988,2067.1405370791977,163.32079122165177,827.9510723825307
2023-07-13,,5.125,5.08,3.760999917984009,13.609999656677246,4.6479997634887695,99.7699966430664,81.36000061035156,1396.22998046875,,,153.41607098988,111.29472532434225,167.46873249186072,2070.87205301556,161.6361516509092,820.5977808679963
2023-07-14,,5.125,5.08,3.819000005722046,13.34000015258789,4.586999893188477,99.91000366210938,79.87000274658203,1412.0899658203125,,,155.72275596272257,111.09385967717292,167.8050250995205,2170.1616844857253,162.7926668621387,832.0594690451671
2023-07-15,,5.125,5.08,,,,,,,,,,,,,,
2023-07-16,,5.125,5.08,,,,,,,,,,,,,,
2023-07-17,,5.125,5.08,3.796999931335449,13.479999542236328,4.523499965667725,99.83999633789062,78.5,1406.0999755859375,,,155.91973579177,110.64999621676111,167.5002253032817,2224.4422800429643,161.63926453972942,853.2912637578206
2023-07-18,,5.125,5.08,3.7890000343322754,13.300000190734863,4.5370001792907715,99.94000244140625,79.62999725341797,1403.030029296875,,,154.6650346762757,111.35308690228918,167.20581756321627,2216.6934071942596,162.54332514056944,853.6404932281824
2023-07-19,,5.125,5.08,3.742000102996826,13.760000228881836,4.539999961853027,100.27999877929688,79.45999908447266,,,,,,,,,
2023-07-20,,5.125,5.08,3.8540000915527344,13.989999771118164,4.539999961853027,100.87999725341797,79.63999938964844,1406.68994140625,,,154.67831902938053,112.24259798774729,166.95414931232267,2182.7190581951236,164.5989176254887,845.2418919252738
2023-07-21,,5.125,5.08,3.8369998931884766,13.600000381469727,4.539999961853027,101.06999969482422,81.06999969482422,1413.52001953125,,,155.48121169699158,114.23003704880695,166.26542783885196,2166.4112221695423,164.12352260209138,823.5891510701438
2023-07-22,,5.125,5.08,,,,,,,,,,,,,,
2023-07-23,,5.125,5.08,,,,,,,,,,,,,,
2023-07-24,,5.125,5.08,3.8570001125335693,13.90999984741211,4.563499927520752,101.3499984741211,82.73999786376953,1424.68994140625,,,156.7965434196277,115.46885482177704,166.23111914532603,2167.9467042190076,164.32156580277652,829.2075646171583
2023-07-25,,5.125,5.08,3.9119999408721924,13.859999656677246,4.571000099182129,101.3499984741211,83.63999938964844,1436.7900390625,,,158.84886666462555,116.14762575711286,166.3204693197492,2163.6452659568727,167.0299513376013,836.5367331680025
2023-07-26,,5.125,5.08,3.8510000705718994,13.1899995803833,4.571000099182129,100.88999938964844,82.91999816894531,1449.2900390625,,,159.84659800722255,116.76436641879637,165.73840220027063,2138.889741712149,170.01166011967,840.7616771818258
2023-07-27,,5.375,5.08,4.01200008392334,14.40999984741211,4.550000190734863,101.7699966430664,84.23999786376953,1451.27001953125,,,160.3736302196059,116.96197375509212,165.57544513983032,2147.9581753586144,168.50842855875769,842.2584757989338
2023-07-28,,5.375,5.33,3.9690001010894775,13.329999923706055,4.51800012588501,101.62000274658203,84.98999786376953,1450.3499755859375,,,160.76383135544648,115.66651524481925,166.32607468892934,2126.0939175437306,169.4802018477781,855.2805035241527
2023-07-29,,5.375,5.33,,,,,,,,,,,,,,
2023-07-30,,5.375,5.33,,,,,,,,,,,,,,
2023-07-31,,5.375,5.33,3.9590001106262207,13.630000114440918,4.552000045776367,101.86000061035156,85.55999755859375,1459.4300537109375,3.1,,161.81815688646734,116.23935495950073,165.8750113832877,2104.1354591845025,170.3049227193521,870.6468542130974
2023-08-01,823.608174534713,5.375,5.33,4.051000118255615,13.930000305175781,4.5279998779296875,102.30000305175781,84.91000366210938,1451.239990234375,,,160.7004257413863,115.6054348469637,165.17577733005564,2119.3840608936553,169.07710596491214,880.9742330027025
2023-08-02,,5.375,5.33,4.078000068664551,16.09000015258789,4.519499778747559,102.58999633789062,83.19999694824219,1444.56005859375,,,160.10689245731936,114.9092529504801,164.9328721092965,2115.97247782802,167.80975350247235,862.8796171371944
2023-08-03,,5.375,5.33,4.189000129699707,15.920000076293945,4.554500102996826,102.54000091552734,85.13999938964844,1441.8499755859375,,,159.194294710801,114.97599552971451,165.91572019146932,2154.094228458328,168.7705153490876,849.1425216335981
2023-08-04,,5.375,5.33,4.059999942779541,17.100000381469727,4.541500091552734,102.0199966430664,86.23999786376953,1445.2099609375,,,160.031882657119,114.52553445902251,164.84570984928575,2150.47653750608,168.50731354763502,855.2077804958521
2023-08-05,,5.375,5.33,,,,,,,,,,,,,,
2023-08-06,,5.375,5.33,,,,,,,,,,,,,,
2023-08-07,,5.375,5.33,4.078000068664551,15.770000457763672,4.552499771118164,102.05000305175781,85.33999633789062,1445.81005859375,,,160.4152241125431,114.84946766674081,164.9696043491829,2144.5845294765354,168.63932328960763,845.705476264097
2023-08-08,,5.375,5.33,4.026000022888184,15.989999771118164,4.55649995803833,102.52999877929688,86.16999816894531,1451.0,,,161.61937606427367,115.57538885635404,165.4117671033874,2142.488249366086,168.96992294637863,850.6604877000646
2023-08-09,,5.375,5.33,4.01200008392334,15.960000038146973,4.579999923706055,102.48999786376953,87.55000305175781,1462.030029296875,,,162.67094263390686,116.4358345608993,164.99412517975298,2164.398201277677,169.95741652520582,849.958858178806
2023-08-10,,5.375,5.33,4.079999923706055,15.850000381469727,4.56850004196167,102.5199966430664,86.4000015258789,1458.9300537109375,,,162.50685553454178,114.84854503135065,165.77953432519627,2155.21638652028,169.64804881809815,840.1751677104434
2023-08-11,,5.375,5.33,4.168000221252441,14.84000015258789,4.569499969482422,102.83999633789062,86.80999755859375,1457.1600341796875,,,162.27922748175203,114.53774494749479,164.8027409950808,2158.0886749325737,168.4463149544372,825.5082707595795
2023-08-12,,5.375,5.33,,,,,,,,,,,,,,
2023-08-13,,5.375,5.33,,,,,,,,,,,,,,
2023-08-14,,5.375,5.33,4.184000015258789,14.819999694824219,4.584499835968018,103.19000244140625,86.20999908447266,1457.0,,,162.4149483304824,114.19386404540042,165.4159522046839,2159.9178480618666,169.00971209885475,814.8089997482887
2023-08-15,,5.375,5.33,4.2210001945495605,16.459999084472656,4.617000102996826,103.20999908447266,84.88999938964844,1460.280029296875,,,163.66557133977898,112.55579152623632,166.13853002085523,2171.7642113864013,168.3851794043623,815.622039218358
2023-08-16,,5.375,5.33,4.257999897003174,16.780000686645508,4.632999897003174,103.41999816894531,83.44999694824219,1463.510009765625,,,163.88666058606267,112.97679115634962,166.41673208346472,2136.082143351345,168.9294956617612,809.9164596518309
2023-08-17,,5.375,5.33,4.308000087738037,17.889999389648438,4.626999855041504,103.44000244140625,84.12000274658203,1447.97998046875,,,162.27449472904675,110.2423975219984,166.48544734837301,2130.775061551897,168.02485110777013,799.1860495627392
2023-08-18,,5.375,5.33,4.250999927520752,17.299999237060547,4.650000095367432,103.37999725341797,84.80000305175781,1446.0899658203125,,,161.20215930893943,112.03599325204408,165.3594663911286,2142.18144381805,167.69711404131513,790.9470780076423
2023-08-19,,5.375,5.33,,,,,,,,,,,,,,
2023-08-20,,5.375,5.33,,,,,,,,,,,,,,
2023-08-21,,5.375,5.33,4.3420000076293945,17.1299991607666,4.644999980926514,103.33000183105469,84.45999908447266,1450.5699462890625,,,161.7566489783099,112.89934624886186,165.6354275993072,2119.9832009851575,169.50561060670358,804.1027815526504
2023-08-22,,5.375,5.33,4.328000068664551,16.969999313354492,4.646500110626221,103.55999755859375,84.02999877929688,1451.530029296875,,,161.55379263494265,112.89257845926059,165.92030079566524,2151.39402824388,169.2361041061316,818.2090577768248
2023-08-23,,5.375,5.33,4.197999954223633,15.979999542236328,4.645999908447266,103.36000061035156,83.20999908447266,1440.1099853515625,,,160.78230429344046,111.08667789061373,165.72547350302196,2134.1753257192336,166.93569875030633,805.8503742792967
2023-08-24,,5.375,5.33,4.235000133514404,17.200000762939453,4.645999908447266,103.9800033569336,83.36000061035156,1444.6700439453125,,,160.9015320732975,111.89519679015343,166.25379255021494,2153.4265954754046,166.71667999819573,809.1397328503419
2023-08-25,,5.375,5.33,4.238999843597412,15.680000305175781,4.64300012588501,104.08000183105469,84.4800033569336,1444.489990234375,,,161.2494261602622,110.71931075249155,167.2737505488725,2115.6543576184085,167.03515293209193,804.2864525569488
2023-08-26,,5.375,5.33,,,,,,,,,,,,,,
2023-08-27,,5.375,5.33,,,,,,,,,,,,,,
2023-08-28,,5.375,5.33,4.211999893188477,15.079999923706055,4.637499809265137,104.05999755859375,84.41999816894531,1444.06005859375,,,161.0344297925971,110.39633460577063,166.0716310372282,2097.0925575825872,167.3459761940972,815.0398969871137
2023-08-29,,5.375,5.33,4.122000217437744,14.449999809265137,4.6519999504089355,103.55000305175781,85.48999786376953,1454.43994140625,,,162.64815403218776,110.5332571758294,166.69436446507694,2104.0828390930938,170.54321343033521,796.2338702996944
2023-08-30,,5.375,5.33,4.118000030517578,13.880000114440918,4.64300012588501,103.16000366210938,85.86000061035156,1451.93994140625,,,163.94604152319175,110.64074335050964,166.61504269664226,2166.05048775007,169.98258220445467,779.5727260661533
2023-08-31,,5.375,5.33,4.0929999351501465,13.569999694824219,4.637499809265137,103.62000274658203,86.86000061035156,,2.8,,,,,,,
2023-09-01,790.712155888081,5.375,5.33,4.172999858856201,13.09000015258789,4.637499809265137,104.23999786376953,88.55000305175781,1463.4300537109375,,,165.3829288455614,110.73656653068964,166.61504269664226,2155.736065581669,172.94717971081846,772.4604120079041
2023-09-02,,5.375,5.33,,,,,,,,,,,,,,
2023-09-03,,5.375,5.33,,,,,,,,,,,,,,
2023-09-04,,5.375,5.33,,,4.644999980926514,,,1462.719970703125,,,165.61488045856564,110.78654767251297,166.9048964322115,2150.2094524184026,171.68516334680223,776.1309636771346
2023-09-05,,5.375,5.33,4.26800012588501,14.010000228881836,4.652500152587891,104.80999755859375,90.04000091552734,1454.8299560546875,,,164.5271775447598,109.72499890077943,166.98805022700884,2133.9796696471935,171.57831932137395,782.8098664553439
2023-09-06,,5.375,5.33,4.289999961853027,14.449999809265137,4.642499923706055,104.86000061035156,90.5999984741211,1460.6199951171875,,,165.506977111886,109.65643646079705,168.0033373263198,2130.455766100725,171.8589692407366,795.9902316983973
2023-09-07,,5.375,5.33,4.260000228881836,14.399999618530273,4.671999931335449,105.05999755859375,89.91999816894531,1460.0699462890625,,3.0,165.63978410123664,110.61396794008517,168.2526099782594,2095.347191304012,172.71461808761944,823.8752107121263
2023-09-08,,5.375,5.33,4.257999897003174,13.84000015258789,4.677000045776367,105.08999633789062,90.6500015258789,1454.949951171875,,,164.97820066076403,109.86351202528517,168.84958575637012,2042.278460844078,172.32791547601565,809.1033449404225
2023-09-09,,5.375,5.33,,,,,,,,,,,,,,
2023-09-10,,5.375,5.33,,,,,,,,,,,,,,
2023-09-11,,5.375,5.33,4.288000106811523,13.800000190734863,4.673999786376953,104.56999969482422,90.63999938964844,1455.0400390625,,,165.16244012423604,109.7680310430201,168.51255723666813,2059.649481539135,173.84025429995586,809.9307251608473
2023-09-12,,5.375,5.33,4.263999938964844,14.229999542236328,4.671999931335449,104.70999908447266,92.05999755859375,1453.3900146484375,,,164.9458066631731,110.46168332851248,168.50654454419498,2052.279088504674,172.09915434899526,809.9307251608473
2023-09-13,,5.375,5.33,4.249000072479248,13.479999542236328,4.675000190734863,104.7699966430664,91.87999725341797,1453.5400390625,,,164.69300306802782,111.41303652522868,168.37989093368847,2048.971929053108,173.83524215593346,806.614693975047
2023-09-14,,5.375,5.33,4.288000106811523,12.819999694824219,4.675000190734863,105.41000366210938,93.69999694824219,1449.5799560546875,,,165.0566897374703,111.97328971588176,168.1333607921323,2051.0799547819693,173.55401467592642,809.165506728185
2023-09-15,,5.375,5.33,4.322000026702881,13.789999961853027,4.678999900817871,105.31999969482422,93.93000030517578,1459.030029296875,,,166.62647849886966,113.3222873749322,166.4639720820782,2051.4390646001425,174.82294572385314,812.2882497715785
2023-09-16,,5.375,5.33,,,,,,,,,,,,,,
2023-09-17,,5.375,5.33,,,,,,,,,,,,,,
2023-09-18,,5.375,5.33,4.318999767303467,14.0,4.68149995803833,105.19999694824219,94.43000030517578,1457.989990234375,,,166.69151740522992,111.58028398010313,167.5656110632242,2031.3682407128288,175.40366104459727,806.4925954835658
2023-09-19,,5.375,5.33,4.364999771118164,14.109999656677246,4.686500072479248,105.19999694824219,94.33999633789062,1457.6600341796875,,,166.47060249410828,111.22201097034407,167.38930161923972,2023.0086836789926,176.57450808074074,803.1649224480575
2023-09-20,,5.375,5.33,4.348999977111816,15.140000343322754,4.693999767303467,105.16000366210938,93.52999877929688,1451.56005859375,,,166.4750072071912,111.69083006872268,167.69856615133088,2043.9386206566187,175.88473745447848,819.0455609706719
2023-09-21,,5.375,5.33,4.480000019073486,17.540000915527344,4.683499813079834,105.36000061035156,93.30000305175781,1448.2099609375,,,166.69419420406453,110.43640422752699,167.41596633469644,2047.1959165291005,175.44184181143484,806.7105576415505
2023-09-22,,5.375,5.33,4.438000202178955,17.200000762939453,4.689000129699707,105.58000183105469,93.2699966430664,1450.22998046875,,,166.43734269059277,110.66692861988669,167.6201623320555,2044.8405445861401,175.67765258696951,805.9231856209273
2023-09-23,,5.375,5.33,,,,,,,,,,,,,,
2023-09-24,,5.375,5.33,,,,,,,,,,,,,,
2023-09-25,,5.375,5.33,4.541999816894531,16.899999618530273,4.684999942779541,106.0,93.29000091552734,1443.449951171875,,,165.6144373424967,110.1748533173974,167.12643523565188,2035.0738104594056,175.2173583702689,795.1444055060821
2023-09-26,,5.375,5.33,4.558000087738037,18.940000534057617,4.683000087738037,106.2300033569336,93.95999908447266,1445.550048828125,,,165.84616005763215,110.38175514743462,168.55178150455617,2024.204242185828,175.2461326663127,797.6448734062054
2023-09-27,,5.375,5.33,4.625999927520752,18.219999313354492,4.6875,106.66999816894531,96.55000305175781,1440.1099853515625,,,165.24878901160494,110.27172543098618,168.27138977391377,2021.845038857114,173.90995270016575,790.1772355684589
2023-09-28,,5.375,5.33,4.5970001220703125,17.34000015258789,4.705999851226807,106.22000122070312,95.37999725341797,,,,,,,,,
2023-09-29,,5.375,5.33,4.572999954223633,17.520000457763672,4.705999851226807,106.16999816894531,95.30999755859375,1424.1700439453125,,,162.43513041549403,109.9229515741171,168.06132996536925,2028.2769692962752,171.83724785058433,776.0769909596844
2023-09-30,,5.375,5.33,,,,,,,2.5,,,,,,,
2023-10-01,767.48133500497,5.375,5.33,,,,,,,,,,,,,,
2023-10-02,,5.375,5.33,4.683000087738037,17.610000610351562,4.692800045013428,106.9000015258789,90.70999908447266,1418.760009765625,,,161.88960292014713,109.78373532600789,168.19788625285307,2010.7731329148894,171.27458675392998,792.6817638761222
2023-10-03,,5.375,5.33,4.802000045776367,19.780000686645508,4.7144999504089355,107.0,90.91999816894531,1420.010009765625,,,162.1128709529226,110.12574077413477,168.82773216553974,1990.9364024945583,170.26069894351417,788.5238014408992
2023-10-04,,5.375,5.33,4.735000133514404,18.579999923706055,4.7220001220703125,106.80000305175781,85.80999755859375,1415.8399658203125,,,161.63343025853726,109.42207700392561,167.3637358766566,1974.4083059102068,171.29329614433937,778.5730117269953
2023-10-05,,5.375,5.33,4.7170000076293945,18.489999771118164,4.729000091552734,106.33000183105469,84.06999969482422,1415.5999755859375,,,161.7853171060056,109.41324181233027,168.83412436132937,1967.1461293942325,171.32713050901992,777.0258502668861
2023-10-06,,5.375,5.33,4.783999919891357,17.450000762939453,4.724999904632568,106.04000091552734,84.58000183105469,1416.8800048828125,,,161.8130815863386,109.46459860050508,168.16811455933703,1989.8374138400516,171.71741204782512,767.1804750183288
2023-10-07,,5.375,5.33,,,,,,,,,,,,,,
2023-10-08,,5.375,5.33,,,,,,,,,,,,,,
2023-10-09,,5.375,5.33,4.796999931335449,17.700000762939453,4.710999965667725,106.08000183105469,88.1500015258789,1417.260009765625,,,161.997589052201,109.78856560995114,168.20793817141865,1993.150185588295,172.53506554406442,768.0955185534501
2023-10-10,,5.375,5.33,4.65500020980835,17.030000686645508,4.729499816894531,105.83000183105469,87.6500015258789,1435.1700439453125,,,165.18496347288118,110.84304623938408,168.54167813630156,1999.456139526556,175.1130472179271,764.5259906313698
2023-10-11,,5.375,5.33,4.59499979019165,16.09000015258789,4.723999977111816,105.81999969482422,85.81999969482422,1436.489990234375,,,166.00959652455722,109.94285910179622,168.8403879770919,2006.8914864127564,173.56839960965826,761.1433365469734
2023-10-12,,5.375,5.33,4.711999893188477,16.690000534057617,4.716000080108643,106.56999969482422,86.0,1443.8199462890625,,,167.56208231818545,109.12670599536072,168.8403879770919,2010.572624779426,174.3984280003733,770.9129450522931
2023-10-13,,5.375,5.33,4.629000186920166,19.31999969482422,4.710000038146973,106.6500015258789,90.88999938964844,1444.1400146484375,,,167.36633173552994,109.54147934359746,169.51038690805805,2013.6952446430428,175.13928635126928,771.7060462319512
2023-10-14,,5.375,5.33,,,,,,,,,,,,,,
2023-10-15,,5.375,5.33,,,,,,,,,,,,,,
2023-10-16,,5.375,5.33,4.711999893188477,17.209999084472656,4.72599983215332,106.23999786376953,89.6500015258789,1438.9599609375,,,166.87350543129207,108.72013863685126,169.84277281383646,2004.7450622979109,176.17185111725647,773.060421976752
2023-10-17,,5.375,5.33,4.8470001220703125,17.8799991607666,4.733500003814697,106.25,89.9000015258789,1444.1300048828125,,,167.13078339262378,110.11869928923407,170.09059110514988,2021.9706659583298,176.43243487376466,779.3775890891877
2023-10-18,,5.375,5.33,4.9039998054504395,19.219999313354492,4.734000205993652,106.56999969482422,91.5,1446.5400390625,,,166.29078948684614,111.17804698557607,170.36238259112073,1999.7273554499368,177.76588983702985,774.1817409926483
2023-10-19,,5.375,5.33,4.98799991607666,21.399999618530273,4.742000102996826,106.25,92.37999725341797,1442.6600341796875,,,165.7875910588512,111.53583967819802,170.2799818247642,1998.2629718308726,176.03436665096194,770.7761995745591
2023-10-20,,5.375,5.33,4.923999786376953,21.709999084472656,4.762499809265137,106.16000366210938,92.16000366210938,1441.0400390625,,,166.6370357472954,110.83648615862978,169.86664272868632,2018.1108210192433,174.0949738068658,765.5328268532191
2023-10-21,,5.375,5.33,,,,,,,,,,,,,,
2023-10-22,,5.375,5.33,,,,,,,,,,,,,,
2023-10-23,,5.375,5.33,4.8379998207092285,20.3700008392334,4.764999866485596,105.54000091552734,89.83000183105469,1438.1199951171875,,,167.30071341668807,110.47425393006809,170.28102581704388,1996.3863809947,172.58932115385653,755.2653130197923
2023-10-24,,5.375,5.33,4.840000152587891,18.969999313354492,4.764999866485596,106.2699966430664,88.06999969482422,1435.6500244140625,,,167.04356152249605,110.00454728373465,170.69437668176926,2031.441534640631,172.66450612910745,750.6031786104777
2023-10-25,,5.375,5.33,4.953000068664551,20.190000534057617,4.787499904632568,106.52999877929688,90.12999725341797,1442.510009765625,,,167.6591690080971,110.63719572872688,170.9446665910544,2030.0055205071505,174.09780456996862,757.4529422802594
2023-10-26,,5.375,5.33,4.84499979019165,20.68000030517578,4.7769999504089355,106.5999984741211,87.93000030517578,1440.5999755859375,,,167.6952943362852,110.38691084684575,171.0621222814297,2019.5449358588075,173.8576739362428,760.0830017035851
2023-10-27,,5.375,5.33,4.84499979019165,21.270000457763672,4.78380012512207,106.55999755859375,90.4800033569336,1441.9000244140625,,,167.6952943362852,110.60437777778385,170.34338348644957,1975.4047989066175,174.6219035435348,762.1927429786306
2023-10-28,,5.375,5.33,,,,,,,,,,,,,,
2023-10-29,,5.375,5.33,,,,,,,,,,,,,,
2023-10-30,,5.375,5.33,4.875,19.75,4.776000022888184,106.12000274658203,87.44999694824219,1439.199951171875,,,167.56190784507453,110.83450610576713,170.89567359025952,1967.779674914414,174.09031481487838,759.5462258233515
2023-10-31,,5.375,5.33,4.875,18.139999389648438,4.760000228881836,106.66000366210938,87.41000366210938,1442.1400146484375,2.5,,167.9808812512863,111.00341382180503,171.36360906900993,1972.4151802749925,175.59131554034158,767.9706254264635
2023-11-01,795.987930507008,5.375,5.33,4.789000034332275,16.8700008392334,4.760000228881836,106.87999725341797,84.62999725341797,1435.3299560546875,,,167.74821993913386,110.80292398719891,171.32781984523115,1952.6024772490518,173.43450832352883,749.573431056833
2023-11-02,,5.375,5.33,4.669000148773193,15.65999984741211,4.769000053405762,106.12000274658203,86.8499984741211,1439.77001953125,,3.0,168.01769548814107,111.19366815205076,172.37946932012758,1975.1121484709213,173.42125054534048,756.4446076520306
2023-11-03,,5.375,5.33,4.558000087738037,14.90999984741211,4.749000072479248,105.0199966430664,84.88999938964844,1449.9300537109375,,,168.57094159393912,112.07857651209603,173.13384908892147,1979.0027792465455,174.2964467739572,770.9314794173569
2023-11-04,,5.375,5.33,,,,,,,,,,,,,,
2023-11-05,,5.375,5.33,,,,,,,,,,,,,,
2023-11-06,,5.375,5.33,4.6620001792907715,14.890000343322754,4.72599983215332,105.22000122070312,85.18000030517578,1464.6700439453125,,,170.73154579786933,112.84001652860572,173.64378442485852,2017.9260483071712,174.93279102065176,783.2543206002489
2023-11-07,,5.375,5.33,4.571000099182129,14.8100004196167,4.632999897003174,105.54000091552734,81.61000061035156,1463.3699951171875,,,170.8475195233747,111.93624657060315,174.53639395732014,1998.7088241147121,175.02126298071957,795.1653638009146
2023-11-08,,5.375,5.33,4.5229997634887695,14.449999809265137,4.632999897003174,105.58999633789062,79.54000091552734,1457.5999755859375,,,169.86576151005335,111.95411105699363,175.38513559219066,2002.2898790813806,174.80184556903276,799.4511118675792
2023-11-09,,5.375,5.33,4.630000114440918,15.289999961853027,4.681300163269043,105.91000366210938,80.01000213623047,1452.27001953125,,,169.96389711009138,111.40036804788218,175.6356860767051,1992.2305944554012,173.66849526402993,796.9211894325331
2023-11-10,,5.375,5.33,4.627999782562256,14.170000076293945,4.690000057220459,105.86000061035156,81.43000030517578,1445.1800537109375,,,168.74849182117416,110.78784051092666,174.66199215886147,1985.3383422137917,173.06432369461427,780.157170394698
2023-11-11,,5.375,5.33,,,,,,,,,,,,,,
2023-11-12,,5.375,5.33,,,,,,,,,,,,,,
2023-11-13,,5.375,5.33,4.631999969482422,14.760000228881836,4.690000057220459,105.66000366210938,82.5199966430664,,,,,,,,,
2023-11-14,,5.375,5.33,4.440999984741211,14.15999984741211,4.705999851226807,104.11000061035156,82.47000122070312,1451.719970703125,,,169.00913723290245,111.41023305430518,174.3408631473763,1993.6738971721804,174.06323931100906,774.8761341566127
2023-11-15,,5.375,5.33,4.534999847412109,14.180000305175781,4.71750020980835,104.38999938964844,81.18000030517578,1466.8399658203125,,,170.5567626396798,112.80465824202498,173.58550981475184,2012.9734212124124,175.81034717137578,780.6586176066191
2023-11-16,,5.375,5.33,4.445000171661377,14.319999694824219,4.670000076293945,104.37000274658203,77.41999816894531,1464.6800537109375,,,170.49512241278606,112.54886299891118,175.60133628018016,2000.4771651169126,175.4464483850996,798.2963277534391
2023-11-17,,5.375,5.33,4.440999984741211,13.800000190734863,4.670000076293945,103.81999969482422,80.61000061035156,1460.6700439453125,,,170.43337830855438,112.32814140411618,175.85148556873844,1998.885322712389,174.16020642257047,796.5896460719455
2023-11-18,,5.375,5.33,,,,,,,,,,,,,,
2023-11-19,,5.375,5.33,,,,,,,,,,,,,,
2023-11-20,,5.375,5.33,4.421999931335449,13.40999984741211,4.670000076293945,103.47000122070312,82.31999969482422,1456.9200439453125,,,169.8086157485803,111.77462559839381,175.77655647255753,2025.5213300950907,174.5433558469003,800.1195547209751
2023-11-21,,5.375,5.33,4.418000221252441,13.350000381469727,4.662499904632568,103.58999633789062,82.44999694824219,1463.4000244140625,,,170.81151052659357,112.30289979712703,175.6052765811411,2045.6049230559088,176.20112927240007,814.2313352147606
2023-11-22,,5.375,5.33,4.415999889373779,12.850000381469727,4.650000095367432,103.91999816894531,81.95999908447266,1455.8900146484375,,,170.55233162605094,111.25026445084674,175.1883656025474,2039.3675285784611,174.12429997262032,823.5408260966374
2023-11-23,,5.375,5.33,,,4.67549991607666,,81.37000274658203,1453.2900390625,,,170.1942852241726,110.92415373094009,174.72344984383938,2005.6375693457949,173.1146414721874,848.1365566024759
2023-11-24,,5.375,5.33,4.4720001220703125,12.460000038146973,4.676499843597412,103.4000015258789,80.58000183105469,1453.9200439453125,,,170.0273939428742,110.76740593985015,175.02621511737843,2009.9605538826002,173.21217800652738,853.5932309671308
2023-11-25,,5.375,5.33,,,,,,,,,,,,,,
2023-11-26,,5.375,5.33,,,,,,,,,,,,,,
2023-11-27,,5.375,5.33,4.388999938964844,12.6899995803833,4.683000087738037,103.19999694824219,79.9800033569336,1448.1500244140625,,,169.7069885694244,111.36483392425616,174.814298247985,1997.3575762574828,170.27158699062076,843.23430395077
2023-11-28,,5.375,5.33,4.335999965667725,12.6899995803833,4.682000160217285,102.75,81.68000030517578,1448.02001953125,,,168.68904548764675,112.49946617354789,173.93715218879035,1992.1837995314352,170.58396425056557,851.0850189502731
2023-11-29,,5.375,5.33,4.270999908447266,12.979999542236328,4.670499801635742,102.7699966430664,83.0999984741211,1446.0699462890625,,,168.49743347745587,112.83205900402197,174.73321734210475,1979.395826842759,170.4813462107598,835.6815718242426
2023-11-30,,5.375,5.33,4.3520002365112305,12.920000076293945,4.670499801635742,103.5,82.83000183105469,1452.739990234375,2.4,,168.6216244193309,113.44894433138481,174.77882889713246,2001.5080610070338,172.1349405238015,803.6982926116211
2023-12-01,783.343965701014,5.375,5.33,4.22599983215332,12.630000114440918,4.6570000648498535,103.2699966430664,78.87999725341797,1456.3800048828125,,,170.59876042098617,112.15406713373241,174.90399008844363,1992.7473891724255,171.97600066453506,816.1320382223576
2023-12-02,,5.375,5.33,,,,,,,,,,,,,,
2023-12-03,,5.375,5.33,,,,,,,,,,,,,,
2023-12-04,,5.375,5.33,4.288000106811523,13.079999923706055,4.670499801635742,103.63999938964844,78.02999877929688,1451.02001953125,,,170.17077562487762,112.25809698437861,176.13930517307932,1975.0126971599875,171.36459217947916,808.6809884226433
2023-12-05,,5.375,5.33,4.171000003814697,12.850000381469727,4.670000076293945,104.05000305175781,77.19999694824219,1449.4599609375,,,169.54178204739506,112.31690795615026,176.13930517307932,1981.704430970024,171.78050820276823,818.5429473605793
2023-12-06,,5.375,5.33,4.120999813079834,12.970000267028809,4.6620001792907715,104.1500015258789,74.30000305175781,1445.8199462890625,,,169.47906081383647,112.00109448839792,176.17874154703566,1984.4638707124493,171.53999350146475,814.6451015017267
2023-12-07,,5.375,5.33,4.129000186920166,13.0600004196167,4.666500091552734,103.54000091552734,74.05000305175781,1442.8499755859375,,,169.77301550499612,111.45481661689296,176.13034749836586,1988.9549245269495,169.83768267368487,804.6584457124336
2023-12-08,,5.375,5.33,4.244999885559082,12.350000381469727,4.671999931335449,104.01000213623047,75.83999633789062,1441.969970703125,,,169.6957639309933,111.60600508274945,175.87980617395783,1995.8319763662598,169.7053197577592,801.4052801112929
2023-12-09,,5.375,5.33,,,,,,,,,,,,,,
2023-12-10,,5.375,5.33,,,,,,,,,,,,,,
2023-12-11,,5.375,5.33,4.238999843597412,12.630000114440918,4.662499904632568,104.0999984741211,76.02999877929688,1446.3900146484375,,,170.08813937851298,111.91238650515223,176.214817263948,2000.7907348630197,170.6913617496811,807.217768576285
2023-12-12,,5.375,5.33,4.205999851226807,12.069999694824219,4.679999828338623,103.87000274658203,73.23999786376953,1447.1199951171875,,,170.3115129247441,112.04114120277985,175.61309636286325,2004.6590979563514,170.08773129406808,798.991469192841
2023-12-13,,5.375,5.33,4.0329999923706055,12.1899995803833,4.682000160217285,102.87000274658203,74.26000213623047,1448.0400390625,,,170.44508904602696,112.5029466538976,176.67944450508963,2015.3869031489453,171.04825479934223,839.1922780835845
2023-12-14,,5.375,5.33,3.930000066757202,12.479999542236328,4.697500228881836,101.95999908447266,76.61000061035156,1456.260009765625,,,171.04955378614946,112.68019595998074,176.63797513614574,2016.366946467705,172.28385401362692,864.6633689732229
2023-12-15,,5.375,5.33,3.927999973297119,12.279999732971191,4.670000076293945,102.55000305175781,76.55000305175781,1462.449951171875,,,171.06340345688085,113.42592247765397,178.38357728804155,2017.722112214057,175.1463546586995,861.4525316617062
2023-12-16,,5.375,5.33,,,,,,,,,,,,,,
2023-12-17,,5.375,5.33,,,,,,,,,,,,,,
2023-12-18,,5.375,5.33,3.9539999961853027,12.5600004196167,4.670000076293945,102.51000213623047,77.94999694824219,1465.280029296875,,,172.66847007580728,112.98339523108079,177.59094020763953,2025.7986716300582,175.10619528908913,885.7992447244144
2023-12-19,,5.375,5.33,3.921999931335449,12.529999732971191,4.691500186920166,102.16999816894531,79.2300033569336,1465.6700439453125,,,172.60204797802646,112.26406081906907,177.50826804091125,2026.736539440804,174.37969123266862,876.5721733008521
2023-12-20,,5.375,5.33,3.877000093460083,13.670000076293945,4.682000160217285,102.41000366210938,79.69999694824219,1464.56005859375,,,171.69367208469163,112.21142194305183,177.76951946915645,2034.9237933139332,174.55058335902925,856.6604495246063
2023-12-21,,5.375,5.33,3.8940000534057617,13.649999618530273,4.656000137329102,101.83999633789062,79.38999938964844,1455.5799560546875,,,169.55081040294297,112.78046352084485,177.04469538661684,2046.5213248350242,174.4109050265523,869.0893907395778
2023-12-22,,5.375,5.33,3.9010000228881836,13.029999732971191,4.6529998779296875,101.69999694824219,79.06999969482422,1454.3800048828125,,,169.28609002640698,112.90317425918246,176.99210141802385,2057.7494304665597,174.43859704541433,864.4418561305171
2023-12-23,,5.375,5.33,,,,,,,,,,,,,,
2023-12-24,,5.375,5.33,,,,,,,,,,,,,,
2023-12-25,,5.375,5.33,,,4.6529998779296875,,,,,,,,,,,
2023-12-26,,5.375,5.33,3.885999917984009,12.989999771118164,4.629499912261963,101.47000122070312,81.06999969482422,1450.780029296875,,,168.95873750097178,112.57955509640563,176.69167452060387,2059.2495441800193,174.09098130041946,859.4153475604287
2023-12-27,,5.375,5.33,3.7890000343322754,12.430000305175781,4.636000156402588,100.98999786376953,79.6500015258789,1454.219970703125,,,169.34979780835323,112.9017810867329,175.61700711482692,2063.8042465592393,174.6621360795826,860.3124631676096
2023-12-28,,5.375,5.33,3.8499999046325684,12.470000267028809,4.626999855041504,101.2300033569336,78.38999938964844,1457.4100341796875,,,170.20099741539644,113.0014225610012,175.93222405120957,2068.5802210205898,174.37351120469472,856.5329913087102
2023-12-29,,5.375,5.33,3.865999937057495,12.449999809265137,4.605000019073486,101.33000183105469,77.04000091552734,1454.6600341796875,,,170.30334925200486,112.58522744744664,176.6482416258744,2069.7703425786613,173.4922801212037,851.8267402918864
2023-12-30,,5.375,5.33,,,,,,,,,,,,,,
2023-12-31,,5.375,5.33,,,,,,,2.0,,,,,,,
2024-01-01,815.364421600749,5.375,5.33,,,4.59250020980835,,,,,,,,,,,
2024-01-02,,5.375,5.33,3.946000099182129,13.199999809265137,4.59250020980835,102.19999694824219,75.88999938964844,1453.0999755859375,,,170.26556888956372,111.74371890744482,177.12378577100364,2045.8738854771489,172.90785094105465,860.9865778129316
2024-01-03,,5.375,5.33,3.9070000648498535,14.039999961853027,4.60099983215332,102.45999908447266,78.25,1462.3699951171875,,,170.52518243045964,112.47241224673836,178.43138497484202,2035.1667672394954,174.27635964608564,898.822319087906
2024-01-04,,5.375,5.33,3.990999937057495,14.130000114440918,4.60099983215332,102.41999816894531,77.58999633789062,1477.260009765625,,,172.16825057706063,112.97151162818848,178.25277725295626,2039.5976981871752,173.24829042974477,891.9688692565146
2024-01-05,,5.375,5.33,4.041999816894531,13.350000381469727,4.632999897003174,102.41000366210938,78.76000213623047,1487.6099853515625,,,173.37629175511518,112.44011143465049,178.67157254843693,2070.0246740433677,172.36991400053913,895.6546780722817
2024-01-06,,5.375,5.33,,,,,,,,,,,,,,
2024-01-07,,5.375,5.33,,,,,,,,,,,,,,
2024-01-08,,5.375,5.33,4.001999855041504,13.079999923706055,4.6519999504089355,102.20999908447266,76.12000274658203,1495.699951171875,,,174.06566654010552,113.21769162683633,178.72431074463597,2082.9885828046195,172.50842803309177,899.3253498402476
2024-01-09,,5.375,5.33,4.019000053405762,12.760000228881836,4.64900016784668,102.56999969482422,77.58999633789062,1498.8299560546875,,,174.9134993652554,113.3040533211804,178.691211584768,2087.173375507422,171.21404307087104,887.8730255333484
2024-01-10,,5.375,5.33,4.03000020980835,12.6899995803833,4.640999794006348,102.36000061035156,76.80000305175781,1486.8599853515625,,,172.24658024544047,112.72752902795521,177.96509810668445,2124.7127480512195,170.65150827618274,879.1068164393627
2024-01-11,,5.375,5.33,3.9769999980926514,12.4399995803833,4.640999794006348,102.29000091552734,77.41000366210938,1483.0,,,172.1133670932236,113.62946438801748,178.69270790471566,2178.071831217524,169.61141943203745,871.9304763195591
2024-01-12,,5.375,5.33,3.950000047683716,12.699999809265137,4.643499851226807,102.4000015258789,78.29000091552734,1487.3399658203125,,,172.20657934424582,112.81607223252979,178.69270790471566,2160.836284121193,170.1655191041047,869.1014737788729
2024-01-13,,5.375,5.33,,,,,,,,,,,,,,
2024-01-14,,5.375,5.33,,,,,,,,,,,,,,
2024-01-15,,5.375,5.33,,,4.644499778747559,,,1501.1099853515625,,,173.90996077721047,114.43353246537973,181.3191810226184,2169.0336608403286,170.7665040831713,876.1007760831509
2024-01-16,,5.375,5.33,4.065999984741211,13.84000015258789,4.666999816894531,103.36000061035156,78.29000091552734,1493.8699951171875,,,173.8788970186606,114.07155948124077,179.80865978537452,2154.1680781615005,169.86018863072212,883.5063371201887
2024-01-17,,5.375,5.33,4.105999946594238,14.789999961853027,4.644000053405762,103.44999694824219,77.87999725341797,1491.2099609375,,,173.8748548869141,114.24207376665092,179.41738782996012,2143.2825516001376,167.89590731537206,858.3785945195501
2024-01-18,,5.375,5.33,4.144000053405762,14.130000114440918,4.715000152587891,103.54000091552734,79.0999984741211,1479.1800537109375,,,172.28473932483263,113.31972121627759,179.07367470726717,2138.184092440202,167.3816089286493,852.4677350222252
2024-01-19,,5.375,5.33,4.145999908447266,13.300000190734863,4.715000152587891,103.29000091552734,78.55999755859375,1486.3699951171875,,,173.55812924101681,113.92483387285144,179.08892925035337,2175.431410705563,168.41086192638687,849.809332892742
2024-01-20,,5.375,5.33,,,,,,,,,,,,,,
2024-01-21,,5.375,5.33,,,,,,,,,,,,,,
2024-01-22,,5.375,5.33,4.093999862670898,13.1899995803833,4.711999893188477,103.33000183105469,80.05999755859375,1491.18994140625,,,172.91196730336299,113.65111795985186,180.10299719853103,2176.6706458328413,168.09885017199971,856.8910882069073
2024-01-23,,5.375,5.33,4.142000198364258,12.550000190734863,4.723999977111816,103.62000274658203,79.55000305175781,1496.1099853515625,,,174.0392677305134,113.56618408111052,179.44815790800214,2178.805993569716,169.14997686730302,846.6297387065683
2024-01-24,,5.375,5.33,4.177999973297119,13.140000343322754,4.723999977111816,103.23999786376953,80.04000091552734,1504.0999755859375,,3.0,175.3334716807266,114.20687130455572,178.85390050528883,2151.7259219761027,169.74763117509852,856.0942624399004
2024-01-25,,5.375,5.33,4.131999969482422,13.449999809265137,4.726500034332275,103.56999969482422,82.43000030517578,,,,,,,,,
2024-01-26,,5.375,5.33,4.159999847412109,13.260000228881836,4.729000091552734,103.47000122070312,83.55000305175781,1506.280029296875,,,176.1633589360745,113.53283774608707,178.79171335305733,2144.727249363695,169.532183717614,860.0412585324252
2024-01-27,,5.375,5.33,,,,,,,,,,,,,,
2024-01-28,,5.375,5.33,,,,,,,,,,,,,,
2024-01-29,,5.375,5.33,4.091000080108643,13.600000381469727,4.724999904632568,103.61000061035156,82.4000015258789,1515.3900146484375,,,177.65915202753084,115.29778802865407,180.3318987613308,2147.610092009457,169.10821322243393,861.7163365236031
2024-01-30,,5.375,5.33,4.059000015258789,13.3100004196167,4.73199987411499,103.4000015258789,82.87000274658203,1512.75,,,177.5890154069007,114.6804872845111,180.67136464428532,2165.3083740411707,170.1597200064931,856.9343967327055
2024-01-31,,5.375,5.33,3.9670000076293945,14.350000381469727,4.725500106811523,103.2699966430664,81.70999908447266,1512.97998046875,1.9,,177.67778228937556,114.24599027828575,181.98162884533758,2122.0800457084392,170.1439414189959,860.6895433139912
2024-02-01,825.08902614383,5.375,5.33,3.86299991607666,13.880000114440918,4.7270002365112305,103.05000305175781,78.69999694824219,,,,,,,,,
2024-02-02,,5.375,5.33,4.0329999923706055,13.850000381469727,4.725599765777588,103.91999816894531,77.33000183105469,1516.5799560546875,,,178.72910050344927,114.31543197720934,182.2285445008681,2121.897201480684,170.6529404015383,850.2047647603762
2024-02-03,,5.375,5.33,,,,,,,,,,,,,,
2024-02-04,,5.375,5.33,,,,,,,,,,,,,,
2024-02-05,,5.375,5.33,4.164000034332275,13.670000076293945,4.715000152587891,104.44999694824219,77.98999786376953,1511.3399658203125,,,178.33256110411975,114.06746542524652,181.06256553811411,2104.4301290499925,170.00631002842812,857.5431285856628
2024-02-06,,5.375,5.33,4.090000152587891,13.0600004196167,4.747799873352051,104.18000030517578,78.58999633789062,1512.97998046875,,,177.80835182734924,114.30200066316256,182.55342510058207,2124.730179361468,171.4970896788046,843.330063564243
2024-02-07,,5.375,5.33,4.110000133514404,12.829999923706055,4.763000011444092,104.04000091552734,79.20999908447266,1513.1099853515625,,,177.5855917535961,114.16407755157158,182.9825196477253,2121.298972474255,169.957000803432,830.839083950278
2024-02-08,,5.375,5.33,4.170000076293945,12.789999961853027,4.758999824523926,104.1500015258789,81.62999725341797,1512.3599853515625,,,177.41117374359433,114.77815073202456,184.29004047894588,2139.11436691012,170.04228600434155,829.048437960754
2024-02-09,,5.375,5.33,4.186999797821045,12.930000305175781,4.767499923706055,104.08000183105469,82.19000244140625,1512.280029296875,,,176.760831285242,114.80217070223853,185.2149086574829,2149.7353541226366,169.7141714856782,829.945654701911
2024-02-10,,5.375,5.33,,,,,,,,,,,,,,
2024-02-11,,5.375,5.33,,,,,,,,,,,,,,
2024-02-12,,5.375,5.33,4.171999931335449,13.930000305175781,4.762499809265137,104.16999816894531,82.0,,,,,,,,,
2024-02-13,,5.375,5.33,4.315999984741211,15.850000381469727,4.762499809265137,104.95999908447266,82.7699966430664,1531.3699951171875,,,180.01120299755655,116.47775296912688,183.85174711883914,2163.359842725496,171.8812452128269,837.3234430438388
2024-02-14,,5.375,5.33,4.267000198364258,14.380000114440918,4.763999938964844,104.72000122070312,81.5999984741211,1529.3299560546875,,,180.0408649885759,115.61945275610826,183.7690389203971,2139.64303809173,172.91269479398122,834.2718523954147
2024-02-15,,5.375,5.33,4.239999771118164,14.010000228881836,4.7829999923706055,104.30000305175781,82.86000061035156,1528.3800048828125,,,179.81026574886704,114.82346430731869,183.96367521105572,2158.2860629693864,172.99031489669053,832.4582173506062
2024-02-16,,5.375,5.33,4.295000076293945,14.239999771118164,4.7779998779296875,104.27999877929688,83.47000122070312,1533.550048828125,,,180.7458203819631,115.50489867944643,186.00619862382325,2149.1104560067297,174.22031719439866,832.8722354230598
2024-02-17,,5.375,5.33,,,,,,,,,,,,,,
2024-02-18,,5.375,5.33,,,,,,,,,,,,,,
2024-02-19,,5.375,5.33,,,4.777500152587891,,,1538.6099853515625,,,181.11673058928147,115.37424060297212,185.9721726948808,2148.779991245594,175.76810129723918,834.1590766628942
2024-02-20,,5.375,5.33,4.275000095367432,15.420000076293945,4.7845001220703125,104.08000183105469,82.33999633789062,1555.5899658203125,,,182.58887259309375,115.99399665462778,184.8544591470544,2169.567625707413,178.1931860257277,842.7807576630876
2024-02-21,,5.375,5.33,4.324999809265137,15.34000015258789,4.796299934387207,104.01000213623047,83.02999877929688,1552.4000244140625,,,182.84136096434764,116.06989870156595,184.47430734631678,2187.4477978373116,177.46516130768072,836.2870219644019
2024-02-22,,5.375,5.33,4.327000141143799,14.539999961853027,4.792500019073486,103.95999908447266,83.66999816894531,1545.489990234375,,,182.087184886832,116.44005509196025,183.72745124626437,2285.749065394776,177.39109662695546,847.5158355987544
2024-02-23,,5.375,5.33,4.260000228881836,13.75,4.775000095367432,103.94000244140625,81.62000274658203,1549.1099853515625,,,182.34091550532602,114.80585973776911,184.6282991828498,2265.792411969889,176.40495539311357,832.2187969910411
2024-02-24,,5.375,5.33,,,,,,,,,,,,,,
2024-02-25,,5.375,5.33,,,,,,,,,,,,,,
2024-02-26,,5.375,5.33,4.298999786376953,13.739999771118164,4.7729997634887695,103.83000183105469,82.52999877929688,1547.5999755859375,,,182.13167176131745,112.76551044535323,185.47134637678965,2196.593863010939,176.35268109096015,806.7979109229751
2024-02-27,,5.375,5.33,4.315000057220459,13.430000305175781,4.775000095367432,103.83000183105469,83.6500015258789,1558.800048828125,,,182.45662497573338,113.60928390068014,185.91302450042159,2225.0233812335728,177.20509854149472,806.9648235341797
2024-02-28,,5.375,5.33,4.27400016784668,13.84000015258789,4.760000228881836,103.9800033569336,83.68000030517578,1545.5899658203125,,,181.72379333945082,113.10863491898095,185.14577456723788,2208.288576469916,175.898409617727,803.5235656208329
2024-02-29,,5.375,5.33,4.251999855041504,13.399999618530273,4.766499996185303,104.16000366210938,83.62000274658203,1551.43994140625,1.8,,181.72359435669142,113.73454732397121,185.53663119978216,2221.37804053417,176.76841203083106,796.3759670000708
2024-03-01,898.453367981277,5.375,5.33,4.179999828338623,13.109999656677246,4.742000102996826,103.86000061035156,83.55000305175781,1538.02001953125,,,179.53920498162185,113.40331518638283,184.07183714862563,2202.340381624654,174.70153211944896,795.525074882164
2024-03-02,,5.375,5.33,,,,,,,,,,,,,,
2024-03-03,,5.375,5.33,,,,,,,,,,,,,,
2024-03-04,,5.375,5.33,4.218999862670898,13.489999771118164,4.743000030517578,103.83000183105469,82.80000305175781,1539.27001953125,,,180.70391444535184,114.71927347358448,182.85280954999376,2191.620193301278,174.5562205444925,792.2027969278043
2024-03-05,,5.375,5.33,4.13700008392334,14.460000038146973,4.7210001945495605,103.80000305175781,82.04000091552734,1536.97998046875,,,181.91942098274097,112.08913983760792,183.19372526445267,2220.0705756393318,174.28316949819842,786.9540225566535
2024-03-06,,5.375,5.33,4.104000091552734,14.5,4.732500076293945,103.37000274658203,82.95999908447266,1531.510009765625,,,181.5159077490039,112.52012199875996,182.44422367434774,2179.3763161046227,174.22077313360478,780.3629047299646
2024-03-07,,5.375,5.33,4.0920000076293945,14.4399995803833,4.730000019073486,102.81999969482422,82.95999908447266,1535.8299560546875,,3.0,181.9854304374369,112.81792585647075,183.4208921724531,2188.1595937889515,174.2152342689562,779.6507244513303
2024-03-08,,5.375,5.33,4.089000225067139,14.739999771118164,4.730000019073486,102.73999786376953,82.08000183105469,1539.8599853515625,,,183.3665686629554,114.0983976621683,182.62277563216313,2184.522379965963,173.21831278505618,778.0576338360879
2024-03-09,,5.375,5.33,,,,,,,,,,,,,,
2024-03-10,,5.375,5.33,,,,,,,,,,,,,,
2024-03-11,,5.375,5.33,4.104000091552734,15.220000267028809,4.682000160217285,102.87000274658203,82.20999908447266,1544.7099609375,,,184.13169025551957,113.83770872733882,183.29172091458986,2176.36639966398,174.06898512949326,792.2843079208875
2024-03-12,,5.375,5.33,4.15500020980835,13.84000015258789,4.681000232696533,102.95999908447266,81.91999816894531,1554.56005859375,,,184.79702542625412,114.81114085264106,184.03884382849606,2190.4704373126096,174.79216284971616,802.2326382354076
2024-03-13,,5.375,5.33,4.191999912261963,13.75,4.675099849700928,102.79000091552734,84.02999877929688,1538.1300048828125,,,185.40706007084253,112.70696306349886,184.07743160124963,2189.8946953853656,172.5667894232859,808.6363389695466
2024-03-14,,5.375,5.33,4.297999858856201,14.399999618530273,4.685999870300293,103.36000061035156,85.41999816894531,1543.75,,,185.74625350055786,114.07659930459263,184.05379821914474,2190.676311042484,173.22556084560912,809.6712518486711
2024-03-15,,5.375,5.33,4.303999900817871,14.40999984741211,4.685999870300293,103.43000030517578,85.33999633789062,1552.8299560546875,,,188.30182429876325,113.77340977715289,184.2528413671253,2181.3993721380816,173.30466209413373,795.8113173447651
2024-03-16,,5.375,5.33,,,,,,,,,,,,,,
2024-03-17,,5.375,5.33,,,,,,,,,,,,,,
2024-03-18,,5.375,5.33,4.340000152587891,14.329999923706055,4.702000141143799,103.58000183105469,86.88999938964844,1553.6400146484375,,,189.23421784815287,113.61826136485132,184.00440171998267,2177.7809508810337,173.28456242247717,800.0035062659856
2024-03-19,,5.375,5.33,4.296999931335449,13.819999694824219,4.716000080108643,103.80999755859375,87.37999725341797,1544.9599609375,,,188.06081158329994,113.21888324283995,184.41604025846885,2198.050636219256,172.89211349420145,787.3554681484298
2024-03-20,,5.375,5.33,4.2729997634887695,13.039999961853027,4.730000019073486,103.41000366210938,85.94999694824219,1535.7900390625,,,185.72239360213274,113.6535789154907,182.68544741525986,2206.103780309246,173.68041373722733,820.3968792277894
2024-03-21,,5.375,5.33,4.270999908447266,12.920000076293945,4.738500118255615,104.0,85.77999877929688,1541.4100341796875,,,185.96975103960796,115.19536716431935,181.8788887182381,2231.6925179495242,173.81063113669407,799.8208370601376
2024-03-22,,5.375,5.33,4.2179999351501465,13.0600004196167,4.712299823760986,104.43000030517578,85.43000030517578,1542.3900146484375,,,186.52318529365382,114.75667403435546,182.58702067355267,2276.042262711254,172.9511828806664,788.2796957074778
2024-03-23,,5.375,5.33,,,,,,,,,,,,,,
2024-03-24,,5.375,5.33,,,,,,,,,,,,,,
2024-03-25,,5.375,5.33,4.252999782562256,13.1899995803833,4.735000133514404,104.2300033569336,86.75,1537.5400390625,,,186.24306863898934,114.27057189498602,181.88512775653325,2259.637016364694,172.7076024176241,787.42468503865
2024-03-26,,5.375,5.33,4.234000205993652,13.239999771118164,4.7220001220703125,104.29000091552734,86.25,1538.4200439453125,,,186.84122314399306,114.90258193012328,183.62560366608614,2266.2274771877765,173.3162553412529,794.9446912062706
2024-03-27,,5.375,5.33,4.196000099182129,12.779999732971191,4.718999862670898,104.3499984741211,86.08999633789062,1530.5999755859375,,,186.4770342125944,113.91193417194982,183.1359318506913,2280.3940877560235,172.09067095018608,795.0513970209942
2024-03-28,,5.375,5.33,4.205999851226807,13.010000228881836,4.730500221252441,104.55000305175781,87.4800033569336,,,,,,,,,
2024-03-29,,5.375,5.33,,,4.730500221252441,,,1536.0699462890625,,,187.73642437258445,114.08955082537535,183.7043031795323,2293.2268528003783,171.88990209477367,794.1983778586358
2024-03-30,,5.375,5.33,,,,,,,,,,,,,,
2024-03-31,,5.375,5.33,,,,,,,1.8,,,,,,,
2024-04-01,896.87261770745,5.375,5.33,4.328999996185303,13.649999618530273,4.7220001220703125,105.0199966430664,87.41999816894531,1544.02001953125,,,188.35066897163335,114.76799232057948,183.50898319805813,2285.1715647492733,174.89672818826418,797.6142490535071
2024-04-02,,5.375,5.33,4.364999771118164,14.609999656677246,4.7270002365112305,104.81999969482422,88.91999816894531,1547.989990234375,,,188.33191415915692,114.96523882770467,184.73207800614932,2297.9120973069644,174.75305152521446,809.2266135445559
2024-04-03,,5.375,5.33,4.355000019073486,14.329999923706055,4.751999855041504,104.25,89.3499984741211,1537.010009765625,,,185.64071258677674,114.92364144257587,184.73207800614932,2294.503283586201,174.59571284975794,814.5553954812378
2024-04-04,,5.375,5.33,4.309000015258789,16.350000381469727,4.752500057220459,104.12000274658203,90.6500015258789,1553.239990234375,,,187.6837104011852,116.53407988298383,185.19861824251785,2285.1972972936373,174.25918420154844,846.9229342336679
2024-04-05,,5.375,5.33,4.377999782562256,16.030000686645508,4.736999988555908,104.30000305175781,91.16999816894531,1555.25,,,186.72694284562186,117.60578153100076,184.8458647105703,2284.7833564176067,175.34370518206794,866.1160690706307
2024-04-06,,5.375,5.33,,,,,,,,,,,,,,
2024-04-07,,5.375,5.33,,,,,,,,,,,,,,
2024-04-08,,5.375,5.33,4.423999786376953,15.1899995803833,4.744999885559082,104.13999938964844,90.37999725341797,1559.97998046875,,,187.29255765203288,117.7557620791711,184.11714945110504,2298.666640892249,174.382038480382,853.5619768115058
2024-04-09,,5.375,5.33,4.366000175476074,14.979999542236328,4.75,104.1500015258789,89.41999816894531,1553.510009765625,,,186.24784302202613,117.72165648650295,184.74031379875044,2303.5159403756043,174.20281481725473,852.0448803098109
2024-04-10,,5.375,5.33,4.559999942779541,15.800000190734863,4.745500087738037,105.25,90.4800033569336,,,,,,,,,
2024-04-11,,5.375,5.33,4.576000213623047,14.90999984741211,4.745500087738037,105.27999877929688,89.73999786376953,,,,,,,,,
2024-04-12,,5.375,5.33,4.499000072479248,17.309999465942383,4.745500087738037,106.04000091552734,90.44999694824219,1551.0400390625,,,186.60657653209012,117.11079755708349,184.87556020194958,2318.8160508435717,173.47379699999996,849.3937709058599
2024-04-13,,5.375,5.33,,,,,,,,,,,,,,
2024-04-14,,5.375,5.33,,,,,,,,,,,,,,
2024-04-15,,5.375,5.33,4.627999782562256,19.229999542236328,4.767499923706055,106.20999908447266,90.0999984741211,1542.530029296875,,,185.4314213024223,116.71053084198415,184.74494196588878,2280.6572352966923,174.34661508845664,844.9044229966995
2024-04-16,,5.375,5.33,4.658999919891357,18.399999618530273,4.776500225067139,106.26000213623047,90.0199966430664,1535.0,,,183.7436242396271,116.60603581385077,183.22933950702662,2263.4258110156943,174.52951430115007,850.3734834878632
2024-04-17,,5.375,5.33,4.585000038146973,18.209999084472656,4.774499893188477,105.94999694824219,87.29000091552734,1540.4200439453125,,,185.09102669864785,115.4544025751197,183.41527808091345,2293.099738512649,174.79754602035774,858.8652369780299
2024-04-18,,5.375,5.33,4.646999835968018,18.0,4.790500164031982,106.1500015258789,87.11000061035156,1544.760009765625,,,185.9591155553212,115.43526462561657,184.90757605915223,2300.3935696303324,175.20656704964648,863.1006286379135
2024-04-19,,5.375,5.33,4.614999771118164,18.709999084472656,4.78249979019165,106.1500015258789,87.29000091552734,1547.5699462890625,,,185.6984535803099,116.23942396724043,186.1960266186639,2260.130352564216,174.74612071479342,865.7791292940763
2024-04-20,,5.375,5.33,,,,,,,,,,,,,,
2024-04-21,,5.375,5.33,,,,,,,,,,,,,,
2024-04-22,,5.375,5.33,4.623000144958496,16.940000534057617,4.781000137329102,106.08000183105469,87.0,1559.5899658203125,,,187.5876848963484,116.68542058958027,185.59905738361314,2240.938621835168,174.38157581286634,868.4512696584219
2024-04-23,,5.375,5.33,4.5980000495910645,15.6899995803833,4.7754998207092285,105.69000244140625,88.41999816894531,1561.6400146484375,,,188.72241928039094,115.7417887223054,186.93265060954764,2246.8094218941637,174.52192882534706,879.6458752741211
2024-04-24,,5.375,5.33,4.6519999504089355,15.970000267028809,4.777500152587891,105.86000061035156,88.0199966430664,1571.47998046875,,,189.19200638291082,116.68077027704047,188.01649088138998,2266.4609628513,175.29340526554924,892.8760318951273
2024-04-25,,5.375,5.33,4.705999851226807,15.369999885559082,4.776000022888184,105.5999984741211,89.01000213623047,1569.25,,,188.8610822683471,116.55670385183087,189.34640800162074,2256.302984417566,174.31660240651985,878.5158312835708
2024-04-26,,5.375,5.33,4.669000148773193,15.029999732971191,4.775000095367432,105.94000244140625,89.5,1575.1600341796875,,,187.9680973904069,116.79762292517317,189.77516665678937,2235.0293780037605,175.32667381711687,869.4139857261453
2024-04-27,,5.375,5.33,,,,,,,,,,,,,,
2024-04-28,,5.375,5.33,,,,,,,,,,,,,,
2024-04-29,,5.375,5.33,4.613999843597412,14.670000076293945,4.764999866485596,105.58000183105469,88.4000015258789,1582.6600341796875,,,187.26561781846277,118.23199734159017,189.03779704091139,2264.8190960062557,175.5503359982628,898.2198740179289
2024-04-30,,5.375,5.33,4.685999870300293,15.649999618530273,4.763000011444092,106.22000122070312,87.86000061035156,1575.969970703125,1.7,,186.24156961546245,117.57897069043095,191.4531386085844,2264.581912348442,174.12284521332322,897.3614648401543
2024-05-01,826.166094575576,5.375,5.33,4.59499979019165,15.390000343322754,4.764999866485596,105.76000213623047,83.44000244140625,,,,,,,,,
2024-05-02,,5.375,5.33,4.571000099182129,14.680000305175781,4.769999980926514,105.30000305175781,83.66999816894531,1580.300048828125,,,186.54097566222092,118.22121930564676,192.24571837123426,1879.924951344982,175.02055464824957,888.9206470826
2024-05-03,,5.375,5.33,4.5,13.489999771118164,4.751999855041504,105.02999877929688,82.95999908447266,1589.5899658203125,,,187.06510269115736,117.86434459838449,191.19604982343566,1888.3834755194687,175.7361692753024,900.8585880413044
2024-05-04,,5.375,5.33,,,,,,,,,,,,,,
2024-05-05,,5.375,5.33,,,,,,,,,,,,,,
2024-05-06,,5.375,5.33,4.488999843597412,13.489999771118164,4.737500190734863,105.05000305175781,83.33000183105469,1597.3900146484375,,,189.40442800308912,117.30896073535004,191.41113787541852,1926.1154155358433,175.32967083171286,906.7379886340881
2024-05-07,,5.375,5.33,4.4629998207092285,13.229999542236328,4.736999988555908,105.41000366210938,83.16000366210938,1605.6800537109375,,,190.1801719819217,118.26931296000143,191.67328564757005,1940.0212442534475,176.24255957419442,905.9814310939759
2024-05-08,,5.375,5.33,4.492000102996826,13.0,4.735499858856201,105.55000305175781,83.58000183105469,1604.75,,,189.12028253321643,119.63768857335452,191.56259903544262,1953.1556822223447,176.75227682550135,920.3187852077727
2024-05-09,,5.375,5.33,4.448999881744385,12.6899995803833,4.739999771118164,105.2300033569336,83.87999725341797,1601.219970703125,,3.0,189.020832577508,118.42014845468533,191.61025000344932,1914.2652273644633,176.196433523837,911.8528646687853
2024-05-10,,5.375,5.33,4.504000186920166,12.550000190734863,4.730500221252441,105.30999755859375,82.79000091552734,1600.6700439453125,,,189.55069316166023,117.45524925589874,190.38889284540278,1907.3520181038527,174.7980205681031,930.14804833736
2024-05-11,,5.375,5.33,,,,,,,,,,,,,,
2024-05-12,,5.375,5.33,,,,,,,,,,,,,,
2024-05-13,,5.375,5.33,4.480999946594238,13.600000381469727,4.736499786376953,105.22000122070312,83.36000061035156,1602.9100341796875,,,189.83068009818138,117.36908576186467,190.50514814969347,1936.2050567449764,174.49714271929096,937.4913338587352
2024-05-14,,5.375,5.33,4.445000171661377,13.420000076293945,4.729499816894531,105.01000213623047,82.37999725341797,1605.8800048828125,,,189.65036266008758,117.85259390884532,191.10548400598776,1943.1468822349102,174.2457811407234,937.6960371941761
2024-05-15,,5.375,5.33,4.355999946594238,12.449999809265137,4.712500095367432,104.3499984741211,82.75,1603.22998046875,,,189.25407682377983,116.61470878555566,190.0073346422654,1958.9451203229462,172.46116808236485,1086.8302914329702
2024-05-16,,5.375,5.33,4.376999855041504,12.420000076293945,4.704500198364258,104.45999908447266,83.2699966430664,1611.1099853515625,,,190.21056928776613,116.9018558946716,190.10365574913556,1980.4407167156871,173.33952899239404,1056.9280870077155
2024-05-17,,5.375,5.33,4.420000076293945,11.989999771118164,4.683000087738037,104.44999694824219,83.9800033569336,1616.6199951171875,,,190.3973270211241,116.48637342627181,189.86598186077762,2002.7397864320128,174.48735865346202,1041.1530105796994
2024-05-18,,5.375,5.33,,,,,,,,,,,,,,
2024-05-19,,5.375,5.33,,,,,,,,,,,,,,
2024-05-20,,5.375,5.33,4.436999797821045,12.149999618530273,4.684999942779541,104.56999969482422,83.70999908447266,1627.5,,,191.12475429028834,116.64257808780627,190.19036320838538,1998.0307852452672,176.33395054207327,1055.8359544476239
2024-05-21,,5.375,5.33,4.414000034332275,11.859999656677246,4.68149995803833,104.66000366210938,82.87999725341797,1622.0899658203125,,,191.12475429028834,113.9523013315794,190.2745455526918,2018.5225387153096,174.5044682230607,1051.9182841536262
2024-05-22,,5.375,5.33,4.434000015258789,12.289999961853027,4.690000057220459,104.94000244140625,81.9000015258789,,,,,,,,,
2024-05-23,,5.375,5.33,4.474999904632568,12.770000457763672,4.690000057220459,105.11000061035156,81.36000061035156,1629.1800537109375,,,191.64935939762063,114.47991277995848,190.2745455526918,2017.2675603545156,172.87104457682136,1061.7409834147793
2024-05-24,,5.375,5.33,4.4670000076293945,11.930000305175781,4.702000141143799,104.72000122070312,82.12000274658203,1619.4000244140625,,,191.12909527141503,114.63980216845715,190.44670775934554,2060.98540359995,171.54983471836286,1024.6612105259935
2024-05-25,,5.375,5.33,,,,,,,,,,,,,,
2024-05-26,,5.375,5.33,,,,,,,,,,,,,,
2024-05-27,,5.375,5.33,,,4.709000110626221,,,1618.27001953125,,,190.76702920518326,113.79737322686385,190.09790553776983,2064.8647365632987,171.16477923929605,1012.0190163704915
2024-05-28,,5.375,5.33,4.541999816894531,12.920000076293945,4.694499969482422,104.61000061035156,84.22000122070312,1615.8199462890625,,,190.7052075610459,113.60531118426513,190.11666621624803,2036.9043595530622,169.37776116660257,1011.2020675122712
2024-05-29,,5.375,5.33,4.624000072479248,14.279999732971191,4.691299915313721,105.0999984741211,83.5999984741211,1605.3499755859375,,,189.14737263673447,111.17188745992499,189.1173100469989,2038.191488159404,168.56168224897016,1000.0490066755196
2024-05-30,,5.375,5.33,4.553999900817871,14.470000267028809,4.703000068664551,104.72000122070312,81.86000061035156,1604.260009765625,,,188.87205322782992,111.52017405806095,189.9424353409008,2024.3394635999568,167.91828814350202,1015.8610674135513
2024-05-31,,5.375,5.33,4.513999938964844,12.920000076293945,4.701499938964844,104.66999816894531,81.62000274658203,1596.6800537109375,1.9,,189.37144015697245,109.9133162867987,189.28290672809965,1983.216268558972,169.19806290235286,1011.9777524161423
2024-06-01,838.229313107343,5.375,5.33,,,,,,,,,,,,,,
2024-06-02,,5.375,5.33,,,,,,,,,,,,,,
2024-06-03,,5.375,5.33,4.4019999504089355,13.109999656677246,4.704500198364258,104.13999938964844,78.36000061035156,,,,,,,,,
2024-06-04,,5.375,5.33,4.335999965667725,13.15999984741211,4.704500198364258,104.11000061035156,77.5199966430664,1615.4000244140625,,,192.35194476753256,112.52233318622152,188.59684895666084,2015.9901296483793,167.9893104586024,1027.9405695261635
2024-06-05,,5.375,5.33,4.289000034332275,12.630000114440918,4.69950008392334,104.2699966430664,78.41000366210938,1608.530029296875,,,190.61578412081448,112.26112468123755,190.022828439544,2042.7255875575465,166.6226968041643,1027.0590154285883
2024-06-06,,5.375,5.33,4.281000137329102,12.579999923706055,4.695499897003174,104.0999984741211,79.87000274658203,1614.72998046875,,,191.16909189693672,111.51922435444396,190.8673653391939,2057.923997582513,165.67879631847734,1035.1698254989567
2024-06-07,,5.375,5.33,4.429999828338623,12.220000267028809,4.691999912261963,104.88999938964844,79.62000274658203,1617.8599853515625,,,191.0798992404727,112.00870364455983,193.43090954398588,2079.594638830249,165.70441735864446,1072.4985481148701
2024-06-08,,5.375,5.33,,,,,,,,,,,,,,
2024-06-09,,5.375,5.33,,,,,,,,,,,,,,
2024-06-10,,5.375,5.33,4.468999862670898,12.739999771118164,4.688499927520752,105.1500015258789,81.62999725341797,1614.3699951171875,,,190.83318297391784,110.83834330917777,192.10749744722045,2121.4252461040637,165.1619160254165,1050.1765287900587
2024-06-11,,5.375,5.33,4.4039998054504395,12.850000381469727,4.718500137329102,105.2300033569336,81.91999816894531,1611.489990234375,,,189.84689814416535,109.63666045967051,191.57851595868573,2244.624093118977,162.60033160112098,1060.014154696714
2024-06-12,,5.375,5.33,4.295000076293945,12.039999961853027,4.7170000076293945,104.6500015258789,82.5999984741211,1608.949951171875,,,189.40987091391906,109.93994580560673,192.38742964528106,2283.022379642031,162.10497145567635,1052.839807749638
2024-06-13,,5.375,5.33,4.23799991607666,11.9399995803833,4.715000152587891,105.19999694824219,82.75,1610.1700439453125,,,189.3757033002065,109.22503070362797,191.94136964368568,2345.015689008535,162.81481814707683,1101.9966817465522
2024-06-14,,5.375,5.33,4.2129998207092285,12.65999984741211,4.704999923706055,105.55000305175781,82.62000274658203,1607.3199462890625,,,189.8699677997918,108.5769266204678,192.14264338808223,2289.6171027763608,161.70709904169252,1089.9381718436168
2024-06-15,,5.375,5.33,,,,,,,,,,,,,,
2024-06-16,,5.375,5.33,,,,,,,,,,,,,,
2024-06-17,,5.375,5.33,4.2789998054504395,12.75,4.7170000076293945,105.31999969482422,84.25,,,,,,,,,
2024-06-18,,5.375,5.33,4.2170000076293945,12.300000190734863,4.71750020980835,105.26000213623047,85.33000183105469,1606.1300048828125,,,188.67291544109537,109.1527011784843,191.3046804563864,2311.0299583727697,161.6076821762812,1097.4549779370877
2024-06-19,,5.375,5.33,,,4.711999893188477,,,1599.7900390625,,,188.05811060281061,108.55444513186438,191.4212793665976,2249.660305472603,160.3581471912264,1074.0529770722915
2024-06-20,,5.375,5.33,4.254000186920166,13.279999732971191,4.703999996185303,105.58999633789062,85.70999908447266,1592.68994140625,,,187.37828956063822,108.65223692766936,191.13251451872563,2243.6128645523054,160.11539951688664,1085.3326657283267
2024-06-21,,5.375,5.33,4.256999969482422,13.199999809265137,4.708000183105469,105.80000305175781,85.23999786376953,1590.3699951171875,,,186.93636694687893,109.17413480787603,191.42058770293283,2241.660301804943,160.4162287667626,1061.9418746839676
2024-06-22,,5.375,5.33,,,,,,,,,,,,,,
2024-06-23,,5.375,5.33,,,,,,,,,,,,,,
2024-06-24,,5.375,5.33,4.248000144958496,13.329999923706055,4.7104997634887695,105.47000122070312,86.01000213623047,1589.6600341796875,,,186.52063994496046,108.98174500759505,190.7835111848011,2199.689562755084,162.45777156408775,1045.8586594408582
2024-06-25,,5.375,5.33,4.23799991607666,12.84000015258789,4.709000110626221,105.61000061035156,85.01000213623047,1585.3800048828125,,,186.24658573356078,109.32531325507395,190.4360106752721,2179.7050451257433,160.10616603606005,1047.157985459735
2024-06-26,,5.375,5.33,4.315999984741211,12.550000190734863,4.702000141143799,106.05000305175781,85.25,1590.949951171875,,,187.4585391972226,108.59686898748096,190.36159515142842,2183.7935347521893,160.34419566269736,1051.1016932183784
2024-06-27,,5.375,5.33,4.288000106811523,12.239999771118164,4.710000038146973,105.91000366210938,86.38999938964844,1584.93994140625,,,187.39513419395095,107.70911658931507,189.78448533122264,2175.9706374158213,158.806511338002,1039.6400504728056
2024-06-28,,5.375,5.33,4.3429999351501465,12.4399995803833,4.7170000076293945,105.87000274658203,86.41000366210938,1590.0899658203125,,,187.98426588203066,108.1873358873106,189.87474757563083,2181.568309176845,158.72024325997626,1054.2144655267552
2024-06-29,,5.375,5.33,,,,,,,,,,,,,,
2024-06-30,,5.375,5.33,,,,,,,1.9,,,,,,,
2024-07-01,860.592964766065,5.375,5.33,4.479000091552734,12.220000267028809,4.715000152587891,105.9000015258789,86.5999984741211,1598.199951171875,,,188.47950911596624,108.3710941118376,191.6340948941653,2180.8298073152896,158.14606609919508,1063.7982281605857
2024-07-02,,5.375,5.33,4.435999870300293,12.029999732971191,4.7104997634887695,105.72000122070312,86.23999786376953,1597.9599609375,,,189.22136107796607,107.44323641941034,191.28880942636147,2242.2459701095045,157.29091612473053,1066.5684646855746
2024-07-03,,5.375,5.33,4.355000019073486,12.09000015258789,4.7164998054504395,105.4000015258789,87.33999633789062,1615.3199462890625,,,190.30031077711337,108.4045118771259,191.89142879163447,2241.6608444614644,158.70322992856504,1079.6193051830778
2024-07-04,,5.375,5.33,,,4.7144999504089355,,,1616.75,,,191.17133390971856,107.81501135725983,192.63018516333622,2214.0880717930554,158.2252201251035,1112.8719986048397
2024-07-05,,5.375,5.33,4.271999835968018,12.479999542236328,4.706999778747559,104.87999725341797,86.54000091552734,1611.02001953125,,,190.1802583432752,108.09071020780674,193.32017552932365,2236.6134736810027,158.9239265569629,1115.6870403599023
2024-07-06,,5.375,5.33,,,,,,,,,,,,,,
2024-07-07,,5.375,5.33,,,,,,,,,,,,,,
2024-07-08,,5.375,5.33,4.269000053405762,12.369999885559082,4.708000183105469,105.01000213623047,85.75,,,,,,,,,
2024-07-09,,5.375,5.33,4.300000190734863,12.510000228881836,4.708000183105469,105.12000274658203,84.66000366210938,1614.4200439453125,,,191.58737029530766,106.7166460537453,194.00571024566264,2293.5296225963475,157.78206677178076,1128.7986408718173
2024-07-10,,5.375,5.33,4.28000020980835,12.850000381469727,4.704999923706055,105.05000305175781,85.08000183105469,1618.3800048828125,,,192.89908909698926,107.18137880350638,194.75279072403816,2327.81958889074,156.99488992018183,1117.4872389497373
2024-07-11,,5.375,5.33,4.192999839782715,12.920000076293945,4.697999954223633,104.44000244140625,85.4000015258789,1623.1199951171875,,3.0,192.8451517200373,106.98419764201392,195.9340981909945,2345.581140492618,156.75516705694693,1129.2377520306839
2024-07-12,,5.375,5.33,4.189000129699707,12.460000038146973,4.689499855041504,104.08999633789062,85.02999877929688,1619.06005859375,,,192.92399417428288,106.88776727773866,193.998866465346,2324.147678887931,156.43839362222235,1115.2000387585772
2024-07-13,,5.375,5.33,,,,,,,,,,,,,,
2024-07-14,,5.375,5.33,,,,,,,,,,,,,,
2024-07-15,,5.375,5.33,4.229000091552734,13.119999885559082,4.666999816894531,104.19000244140625,84.8499984741211,1629.8199462890625,,,194.32839718850593,107.28541006178156,195.28688302587864,2344.2379347422434,156.4123439466686,1136.7543268229788
2024-07-16,,5.375,5.33,4.166999816894531,13.1899995803833,4.669000148773193,104.2699966430664,83.7300033569336,1625.9599609375,,,193.80223039714664,107.80598138980622,195.28688302587864,2320.1232864834155,154.8086025575168,1127.3826447247666
2024-07-17,,5.375,5.33,4.145999908447266,14.479999542236328,4.673500061035156,103.75,85.08000183105469,1633.5400390625,,,194.2096118693151,109.91498511528795,194.83685019747622,2285.3722044883907,155.5285977010552,1137.6424549679168
2024-07-18,,5.375,5.33,4.189000129699707,15.930000305175781,4.660999774932861,104.16999816894531,85.11000061035156,1633.81005859375,,,195.67069611672935,110.98015046591625,196.47618203313334,2235.7920956293574,156.76543420647207,1095.7356872078583
2024-07-19,,5.375,5.33,4.238999843597412,16.520000457763672,4.664999961853027,104.4000015258789,82.62999725341797,1636.550048828125,,,195.51722518210613,113.95596365766649,196.98278367927728,2198.598717038782,155.97364742970575,1092.8758465611927
2024-07-20,,5.375,5.33,,,,,,,,,,,,,,
2024-07-21,,5.375,5.33,,,,,,,,,,,,,,
2024-07-22,,5.375,5.33,4.260000228881836,14.90999984741211,4.684999942779541,104.30999755859375,82.4000015258789,1622.0699462890625,,,194.21712393822006,113.55404889098166,196.73563891400576,2206.774284062419,154.8258680678416,1084.0306144428866
2024-07-23,,5.375,5.33,4.238999843597412,14.720000267028809,4.684800148010254,104.44999694824219,81.01000213623047,1629.6800537109375,,,195.35644348251415,113.252091068088,196.74814823163254,2217.1375117919097,156.11609719265215,1086.9707902628668
2024-07-24,,5.375,5.33,4.285999774932861,18.040000915527344,4.677000045776367,104.38999938964844,81.70999908447266,1621.1400146484375,,,195.17528571585504,112.55995748411003,196.83490937562098,2187.1950148969445,155.54058172012392,1052.7255064383264
2024-07-25,,5.375,5.33,4.25600004196167,18.459999084472656,4.670000076293945,104.36000061035156,82.37000274658203,1615.1800537109375,,,195.68043212643093,111.9263631089574,197.17311699772125,2127.2699500462986,155.8963577946368,1044.0253003933167
2024-07-26,,5.375,5.33,4.199999809265137,16.389999389648438,4.6605000495910645,104.31999969482422,81.12999725341797,1612.8800048828125,,,195.49899246996748,111.33640967852271,198.09459019580066,2126.977418487012,155.5890973143806,1056.8140947598674
2024-07-27,,5.375,5.33,,,,,,,,,,,,,,
2024-07-28,,5.375,5.33,,,,,,,,,,,,,,
2024-07-29,,5.375,5.33,4.177999973297119,16.600000381469727,4.65500020980835,104.55999755859375,79.77999877929688,1624.56005859375,,,196.98518611866132,112.22444758730302,197.45808011888556,2151.477729674441,155.89253660904492,1047.0799865745466
2024-07-30,,5.375,5.33,4.14300012588501,17.690000534057617,4.636499881744385,104.55000305175781,78.62999725341797,1611.93994140625,,,195.01143195288248,112.15160562892667,197.7973584915753,2168.2452334335767,155.4697163743529,1009.6266286291392
2024-07-31,,5.375,5.33,4.109000205993652,16.360000610351562,4.619999885559082,104.0999984741211,80.72000122070312,1625.5699462890625,1.9,,198.36427219630255,112.69163065498147,198.17052507510965,2150.6255437970035,156.3990211208246,987.5535115780231
2024-08-01,888.202718366771,5.375,5.33,3.9760000705718994,18.59000015258789,4.5920000076293945,104.41999816894531,79.5199966430664,1624.25,,,199.408368689094,112.38387272300628,199.26527811966895,2162.813691361628,153.83326880589473,982.0262115092106
2024-08-02,,5.375,5.33,3.7920000553131104,23.389999389648438,4.566500186920166,103.20999908447266,76.80999755859375,1611.050048828125,,,199.32246380287899,112.14492857856733,197.7056305145951,2039.9859253987415,154.60652764399833,937.8089217691631
2024-08-03,,5.375,5.33,,,,,,,,,,,,,,
2024-08-04,,5.375,5.33,,,,,,,,,,,,,,
2024-08-05,,5.375,5.33,3.7850000858306885,38.56999969482422,4.494999885559082,102.69000244140625,76.30000305175781,1536.47998046875,,,191.28628186309504,108.96582147026483,193.11878398933905,1894.539546869674,149.49358634016937,862.8166219644243
2024-08-06,,5.375,5.33,3.888000011444092,27.709999084472656,4.422500133514404,102.97000122070312,76.4800033569336,1574.3900146484375,,,195.38333763299053,112.59722053275736,198.0749755379312,1972.7213933628946,154.49931291560435,886.503799582181
2024-08-07,,5.375,5.33,3.9679999351501465,27.850000381469727,4.471499919891357,103.19999694824219,78.33000183105469,1591.8699951171875,,,197.43744773054672,111.25950679447045,198.76284852706718,2015.5708680320704,151.73083673338232,898.9284584018161
2024-08-08,,5.375,5.33,3.996999979019165,23.790000915527344,4.49399995803833,103.20999908447266,79.16000366210938,1590.3800048828125,,,196.8576568785682,111.02110818061335,199.0132579803985,2013.7706864761615,152.77069896058336,902.2511661213703
2024-08-09,,5.375,5.33,3.941999912261963,20.3700008392334,4.4720001220703125,103.13999938964844,79.66000366210938,1596.050048828125,,,197.29807654326825,111.5241911267113,198.67306723561094,2101.758082175813,152.37019619436592,921.0562580023906
2024-08-10,,5.375,5.33,,,,,,,,,,,,,,
2024-08-11,,5.375,5.33,,,,,,,,,,,,,,
2024-08-12,,5.375,5.33,3.9089999198913574,20.709999084472656,4.420000076293945,103.13999938964844,82.30000305175781,1606.6600341796875,,,198.40776566674978,112.18846279978041,200.7805333010324,2103.4261895013274,152.05149564090513,910.90546799244
2024-08-13,,5.375,5.33,3.8519999980926514,18.1200008392334,4.453499794006348,102.55999755859375,80.69000244140625,1609.52001953125,,,198.94691363666374,112.62676963098922,200.4574172082835,2091.994251333231,155.3220106583284,887.2192804850424
2024-08-14,,5.375,5.33,3.819999933242798,16.190000534057617,4.453499794006348,102.56999969482422,79.76000213623047,1612.3499755859375,,,198.23485186645732,113.42509433791335,203.06130427304683,2097.8517436522216,157.46028472478775,904.4899901111812
2024-08-15,,5.375,5.33,3.9260001182556152,15.229999542236328,4.416999816894531,102.9800033569336,81.04000091552734,1612.93994140625,,,199.95830824336934,113.24328777902926,201.93171686689757,2018.2282591926298,154.90281746291205,897.2971907961078
2024-08-16,,5.375,5.33,3.8919999599456787,14.800000190734863,4.433800220489502,102.45999908447266,79.68000030517578,1623.9000244140625,,,201.9449930614135,114.14154464372403,202.7475975128755,2042.1631801819356,157.85462974294953,918.2715849308463
2024-08-17,,5.375,5.33,,,,,,,,,,,,,,
2024-08-18,,5.375,5.33,,,,,,,,,,,,,,
2024-08-19,,5.375,5.33,3.867000102996826,14.649999618530273,4.422500133514404,101.88999938964844,77.66000366210938,1648.699951171875,,,210.82272566353507,113.15331026951925,203.84712060364274,1999.2667737236786,157.34078353091826,948.5789387316919
2024-08-20,,5.375,5.33,3.818000078201294,15.880000114440918,4.377500057220459,101.44000244140625,77.19999694824219,1642.77001953125,,,211.77691353929822,112.83614368367654,204.38006372856302,1971.0092344360237,156.25408744101003,948.7561461320244
2024-08-21,,5.375,5.33,3.7780001163482666,16.270000457763672,4.375,101.04000091552734,76.05000305175781,1635.3199462890625,,,210.99919854627228,111.84807860366507,203.63391788964128,1994.9601837766388,160.49114473393792,946.3842711573755
2024-08-22,,5.375,5.33,3.861999988555908,17.549999237060547,4.36899995803833,101.51000213623047,77.22000122070312,1641.6600341796875,,,209.85671102453432,113.93177792038588,204.0198102483365,1999.1132253423377,164.1340752451808,953.5177744193124
2024-08-23,,5.375,5.33,3.806999921798706,15.859999656677246,4.386499881744385,100.72000122070312,79.0199966430664,1635.739990234375,,,208.94230436961604,114.04812096097017,203.6101371829313,1946.1041910212457,163.42434380150777,944.0398225214375
2024-08-24,,5.375,5.33,,,,,,,,,,,,,,
2024-08-25,,5.375,5.33,,,,,,,,,,,,,,
2024-08-26,,5.375,5.33,3.818000078201294,16.149999618530273,4.373000144958496,100.8499984741211,81.43000030517578,1638.9599609375,,,209.30192926273824,114.5601917314792,205.1684471046534,1956.9875836405981,163.69352481115794,940.8351313083617
2024-08-27,,5.375,5.33,3.8329999446868896,15.430000305175781,4.348999977111816,100.55000305175781,79.55000305175781,1652.2900390625,,,213.34453154834628,114.10753481835509,204.27881280469845,1924.3711603472882,165.71325842970992,953.4759385984433
2024-08-28,,5.375,5.33,3.8410000801086426,17.110000610351562,4.340000152587891,101.08999633789062,78.6500015258789,1675.239990234375,,,220.26690968314657,116.36790519947976,203.07295515782525,1843.454310251784,168.59595784514448,916.490649904554
2024-08-29,,5.375,5.33,3.867000102996826,15.649999618530273,4.34250020980835,101.33999633789062,79.94000244140625,1653.550048828125,,,214.19091502233144,116.11408861684033,203.88257565213544,1845.4476835713037,167.71950556528094,913.3231781545277
2024-08-30,,5.375,5.33,3.9110000133514404,15.0,4.309000015258789,101.69999694824219,78.80000305175781,1678.800048828125,,,218.46724536777745,116.88692246058714,204.18259551434704,1857.2188455686223,167.48640457092668,899.8575549870143
2024-08-31,,5.375,5.33,,,,,,,1.9,,,,,,,
2024-09-01,942.607250673338,5.375,5.33,,,,,,,,,,,,,,
2024-09-02,,5.375,5.33,,,4.323500156402588,,,1678.18994140625,,,218.1626442587925,116.29916367754929,205.21906488443435,1888.550326393256,165.40157112542616,905.1122499287846
2024-09-03,,5.375,5.33,3.8440001010894775,20.719999313354492,4.352499961853027,101.83000183105469,73.75,1676.6500244140625,,,218.08453740726793,115.09031558989517,205.9682801788361,1886.044603206836,164.30710024609022,916.7959553745161
2024-09-04,,5.375,5.33,3.7679998874664307,21.31999969482422,4.360000133514404,101.36000061035156,72.69999694824219,1670.239990234375,,,217.80568553277902,115.00057546004871,204.90222548067868,1824.6445530465178,162.78578527112566,901.7200096276483
2024-09-05,,5.375,5.33,3.7309999465942383,19.899999618530273,4.340000152587891,101.11000061035156,72.69000244140625,1664.8199462890625,,3.0,217.7415920566678,114.72105845228045,208.50772430886852,1777.3242241066225,163.59837739317086,914.0121241021783
2024-09-06,,5.375,5.33,3.7100000381469727,22.3799991607666,4.329999923706055,101.18000030517578,71.05999755859375,1653.1199951171875,,,217.2118011852231,115.1239466454784,208.31987449127078,1756.7441881372442,161.5078297808817,894.2359428921668
2024-09-07,,5.375,5.33,,,,,,,,,,,,,,
2024-09-08,,5.375,5.33,,,,,,,,,,,,,,
2024-09-09,,5.375,5.33,3.697000026702881,19.450000762939453,4.335000038146973,101.55000305175781,71.83999633789062,1651.489990234375,,,219.7091074550324,113.09325433184665,209.04536427038275,1745.5000992096307,159.6333854527228,873.5448017093331
2024-09-10,,5.375,5.33,3.6459999084472656,19.079999923706055,4.360000133514404,101.62999725341797,69.19000244140625,1660.3499755859375,,,223.54935805660907,114.13550868113288,207.910308470461,1766.7787029159817,158.6332057213219,854.3721064799197
2024-09-11,,5.375,5.33,3.6530001163482666,17.690000534057617,4.33650016784668,101.68000030517578,70.61000061035156,1639.800048828125,,,220.12420926477475,112.87310989283112,207.5165940290335,1720.538280971665,156.4651606521004,845.9840074042369
2024-09-12,,5.375,5.33,3.680000066757202,17.06999969482422,4.335000038146973,101.37000274658203,71.97000122070312,1638.31005859375,,,218.44775591495517,112.93179219840982,205.25735617783232,1795.2822651947852,157.54058207029038,864.8153812959661
2024-09-13,,5.375,5.33,3.6500000953674316,16.559999465942383,4.327499866485596,101.11000061035156,71.61000061035156,1652.1500244140625,,,221.34264940566015,113.2558129189378,208.0322257643748,1826.2453787664444,159.27094726478902,880.7610029180282
2024-09-14,,5.375,5.33,,,,,,,,,,,,,,
2024-09-15,,5.375,5.33,,,,,,,,,,,,,,
2024-09-16,,5.375,5.33,3.621000051498413,17.139999389648438,4.298999786376953,100.76000213623047,72.75,,,,,,,,,
2024-09-17,,5.375,5.33,3.6419999599456787,17.610000610351562,4.298500061035156,100.88999938964844,73.69999694824219,1664.280029296875,,,223.28968061977338,114.91076444418822,211.05705939013245,1790.5252213974002,161.0414700268691,1001.0279981177799
2024-09-18,,5.375,5.33,3.684999942779541,18.229999542236328,4.261499881744385,100.5999984741211,73.6500015258789,1660.5899658203125,,,223.32060473542495,113.91830183954362,209.9379461834205,1799.1599980079627,159.43432782172457,965.9468695408997
2024-09-19,,4.875,5.33,3.740000009536743,16.329999923706055,4.241499900817871,100.61000061035156,74.87999725341797,1665.6500244140625,,,222.36826656892882,114.07280555913817,210.52920918905843,1838.9484698384372,160.49285989347388,960.3721812605193
2024-09-20,,4.875,4.83,3.7279999256134033,16.149999618530273,4.21150016784668,100.72000122070312,74.48999786376953,1668.8199462890625,,,223.58882597072753,114.79681823176442,209.94979393970382,1870.1375645510345,158.44172385837197,989.049248837591
2024-09-21,,4.875,4.83,,,,,,,,,,,,,,
2024-09-22,,4.875,4.83,,,,,,,,,,,,,,
2024-09-23,,4.875,4.83,3.739000082015991,15.890000343322754,4.202499866485596,100.91999816894531,73.9000015258789,1665.300048828125,,,223.40887452579753,113.96593240455901,210.54483037980938,1854.946369610082,156.44227689317523,975.5439449324213
2024-09-24,,4.875,4.83,3.7360000610351562,15.390000343322754,4.200500011444092,100.37000274658203,75.16999816894531,1670.3699951171875,,,222.92393502480343,114.57346418552292,210.23121252045735,1807.550690024236,157.0564594395872,970.5154579468752
2024-09-25,,4.875,4.83,3.7809998989105225,15.40999984741211,4.150000095367432,100.91999816894531,73.45999908447266,1673.3800048828125,,,221.76363790908712,116.33603249439284,209.77808410414886,1743.096997129606,157.85265688139444,936.1059459880345
2024-09-26,,4.875,4.83,3.7909998893737793,15.369999885559082,4.128499984741211,100.55999755859375,71.5999984741211,1671.3199462890625,,,222.12592927311476,114.76194700258048,211.80194306196842,1753.1417522969718,158.5266315762934,948.3789488863089
2024-09-27,,4.875,4.83,3.749000072479248,16.959999084472656,4.139999866485596,100.41999816894531,71.9800033569336,1660.0899658203125,,,219.38853989784928,114.61050612100318,211.92093611521418,1725.528531950498,157.92290885692051,954.6282619110182
2024-09-28,,4.875,4.83,,,,,,,,,,,,,,
2024-09-29,,4.875,4.83,,,,,,,,,,,,,,
2024-09-30,,4.875,4.83,3.802000045776367,16.729999542236328,4.11899995803833,100.77999877929688,71.7699966430664,1648.9100341796875,1.9,,217.0850361321741,114.38756126470926,215.18393580791732,1755.4311682995774,157.2847225585257,956.52245160703
2024-10-01,1035.35726593028,4.875,4.83,3.743000030517578,19.260000228881836,4.121500015258789,101.19000244140625,73.55999755859375,1656.3900146484375,,,218.6523128169972,114.72024935664503,215.34742619116267,1813.0742946859896,160.06413967660674,974.7076453504197
2024-10-02,,4.875,4.83,3.7850000858306885,18.899999618530273,4.1620001792907715,101.68000030517578,73.9000015258789,1639.31005859375,,,215.84331763983377,114.49982084338315,214.26086270035873,1767.3839124046037,158.85407447983457,952.9288631427276
2024-10-03,,4.875,4.83,3.8499999046325684,20.489999771118164,4.171000003814697,101.98999786376953,77.62000274658203,1641.550048828125,,,217.11904447434196,114.49982084338315,216.03715933534323,1745.7458783831537,158.45374410491956,951.0115077392911
2024-10-04,,4.875,4.83,3.9809999465942383,19.209999084472656,4.21750020980835,102.5199966430664,78.05000305175781,1629.969970703125,,,215.57687083721797,113.85274464755048,215.44241943250267,1707.628791533596,158.37427372135323,948.129734793729
2024-10-05,,4.875,4.83,,,,,,,,,,,,,,
2024-10-06,,4.875,4.83,,,,,,,,,,,,,,
2024-10-07,,4.875,4.83,4.026000022888184,22.639999389648438,4.233500003814697,102.54000091552734,80.93000030517578,1635.2900390625,,,216.415679690232,114.31928615417,215.01539765005947,1759.3370227500077,159.46598706362835,984.2482538701609
2024-10-08,,4.875,4.83,4.0329999923706055,21.420000076293945,4.275000095367432,102.55000305175781,77.18000030517578,1635.6199951171875,,,216.43647073085876,114.17959866340972,214.9513646608731,1756.165951530612,157.98872788035118,981.3535331892327
2024-10-09,,4.875,4.83,4.066999912261963,20.860000610351562,4.28249979019165,102.93000030517578,76.58000183105469,1634.9100341796875,,,217.20859608247727,113.37099186593191,220.45226183850178,1771.8319402156826,155.8752140076715,962.9652457549071
2024-10-10,,4.875,4.83,4.0960001945495605,20.93000030517578,4.289999961853027,102.98999786376953,79.4000015258789,1640.93994140625,,,217.93523931207974,114.05310492526934,219.60927230319135,1780.9569171514158,156.42954493051548,954.7807690450422
2024-10-11,,4.875,4.83,4.072999954223633,20.459999084472656,4.287499904632568,102.88999938964844,79.04000091552734,1633.550048828125,,,215.1988172923631,113.93224719607724,219.69346056614495,1748.8282123646882,156.51018215765302,967.7091342440377
2024-10-12,,4.875,4.83,,,,,,,,,,,,,,
2024-10-13,,4.875,4.83,,,,,,,,,,,,,,
2024-10-14,,4.875,4.83,4.0980000495910645,19.700000762939453,4.284999847412109,103.30000305175781,77.45999908447266,1636.5400390625,,,216.65620830665077,114.53641584187169,221.7784142850919,1759.298514178649,157.6409096724485,969.2991990075088
2024-10-15,,4.875,4.83,4.038000106811523,20.639999389648438,4.295000076293945,103.26000213623047,74.25,1641.969970703125,,,218.95899347916662,115.71079284712079,219.6872112891007,1762.8298227090086,157.2542568318766,957.2425285047176
2024-10-16,,4.875,4.83,4.015999794006348,19.579999923706055,4.308000087738037,103.58999633789062,74.22000122070312,1632.6300048828125,,,217.33769490965557,113.88437942529606,221.673091968697,1795.8018343424694,157.3308205319867,941.7613814091728
2024-10-17,,4.875,4.83,4.0960001945495605,19.110000610351562,4.292500019073486,103.83000183105469,74.44999694824219,1641.43994140625,,,219.27282366958028,114.92260504380131,223.00825953383944,1798.9940378676047,157.579992514111,942.7610514574275
2024-10-18,,4.875,4.83,4.072999954223633,18.030000686645508,4.309000015258789,103.48999786376953,73.05999755859375,1645.989990234375,,,219.52934586487123,115.60413010290871,220.83492260566007,1821.0831204759781,156.41228981855943,950.7506229227712
2024-10-19,,4.875,4.83,,,,,,,,,,,,,,
2024-10-20,,4.875,4.83,,,,,,,,,,,,,,
2024-10-21,,4.875,4.83,4.182000160217285,18.3700008392334,4.296000003814697,104.01000213623047,74.29000091552734,1645.6800537109375,,,219.97827909360166,115.32529495533356,220.468700622446,1832.3388098957246,158.60536014000283,959.2829570411911
2024-10-22,,4.875,4.83,4.203999996185303,18.200000762939453,4.302499771118164,104.08000183105469,76.04000091552734,1642.5400390625,,,219.02455627945136,116.00149549810948,222.71636023027895,1853.405266428782,156.89543507065304,965.8329311709991
2024-10-23,,4.875,4.83,4.242000102996826,19.239999771118164,4.324999809265137,104.43000030517578,74.95999908447266,1641.530029296875,,,219.20349896216123,115.50116991068138,222.786819593426,1847.1770915615537,156.83549025639647,956.889990563413
2024-10-24,,4.875,4.83,4.199999809265137,19.079999923706055,4.348999977111816,104.05999755859375,74.37999725341797,1632.22998046875,,,217.999905017058,115.19451924996278,222.38101470608646,1814.0988736253576,155.2625072149518,957.8931390247416
2024-10-25,,4.875,4.83,4.23199987411499,20.329999923706055,4.340000152587891,104.26000213623047,76.05000305175781,1618.300048828125,,,215.86733248413532,115.47295852409832,221.7490024995861,1809.3625027763676,154.3968964656633,956.891040006245
2024-10-26,,4.875,4.83,,,,,,,,,,,,,,
2024-10-27,,4.875,4.83,,,,,,,,,,,,,,
2024-10-28,,4.875,4.83,4.2779998779296875,19.799999237060547,4.337500095367432,104.31999969482422,71.41999816894531,1610.469970703125,,,214.84125294495783,116.23927912494052,222.19367256787962,1790.9338083209193,155.31884887845558,954.8851324135335
2024-10-29,,4.875,4.83,4.27400016784668,19.34000015258789,4.358500003814697,104.27999877929688,71.12000274658203,1615.0799560546875,,,215.87947204101005,116.72666911834678,218.7871291845374,1786.9393883038279,155.22771906371227,957.3790061764435
2024-10-30,,4.875,4.83,4.265999794006348,20.350000381469727,4.371500015258789,103.98999786376953,72.55000305175781,1601.8800048828125,,,214.61978331190465,114.94974334143598,217.84148805509696,1787.6421701128365,153.5998876116501,959.4031056576019
2024-10-31,,4.875,4.83,4.283999919891357,23.15999984741211,4.376299858093262,103.9800033569336,73.16000366210938,,1.8,,,,,,,
2024-11-01,1132.87300496479,4.875,4.83,4.361000061035156,21.8799991607666,4.369999885559082,104.27999877929688,73.0999984741211,1603.97998046875,,,214.22770925918718,119.29277739159929,221.18670477143664,1786.766188340362,153.5423749801553,952.3337214781467
2024-11-02,,4.875,4.83,,,,,,,,,,,,,,
2024-11-03,,4.875,4.83,,,,,,,,,,,,,,
2024-11-04,,4.875,4.83,4.309000015258789,21.979999542236328,4.375999927520752,103.88999938964844,75.08000183105469,1616.4300537109375,,,214.67032920781546,121.73339478969602,222.3221603405118,1770.4697819300857,154.72504090201465,956.7839035433637
2024-11-05,,4.875,4.83,4.289000034332275,20.489999771118164,4.369999885559082,103.41999816894531,75.52999877929688,1620.699951171875,,,216.22963876140645,122.1675691007414,221.52956774725948,1777.7000886538049,150.86621265160102,954.7395501907017
2024-11-06,,4.875,4.83,4.426000118255615,16.270000457763672,4.337500095367432,105.08999633789062,74.91999816894531,1634.1700439453125,,3.0,218.32624856643378,121.61828939518213,222.31532513697857,1899.124829125051,150.40156169309142,1008.5393636199642
2024-11-07,,4.875,4.83,4.341000080108643,15.199999809265137,4.39900016784668,104.51000213623047,75.62999725341797,1623.280029296875,,,218.1735371582047,120.16733814330374,218.35623913382153,1957.8380867748908,149.4435055463206,974.480696683238
2024-11-08,,4.625,4.83,4.306000232696533,14.9399995803833,4.392499923706055,105.0,73.87000274658203,1621.239990234375,,,217.81764193787012,120.93103814466653,219.05947848130012,1934.3389504523184,149.98799681960173,968.048146661828
2024-11-09,,4.625,4.58,,,,,,,,,,,,,,
2024-11-10,,4.625,4.58,,,,,,,,,,,,,,
2024-11-11,,4.625,4.58,4.308000087738037,14.970000267028809,4.380000114440918,105.54000091552734,71.83000183105469,1609.260009765625,,,214.88764466661047,122.89011605397442,217.76827084101959,1899.6027385406685,149.13204633139577,960.1598462620295
2024-11-12,,4.625,4.58,4.432000160217285,14.710000038146973,4.410999774932861,106.0199966430664,71.88999938964844,1608.4300537109375,,,216.69588747610803,124.56360518717608,218.56902647812535,1910.9138303956315,146.68335217899968,949.6839214714508
2024-11-13,,4.625,4.58,4.451000213623047,14.020000457763672,4.434500217437744,106.4800033569336,72.27999877929688,1611.5,,,216.77038779714036,122.334354326718,219.24828374894963,1900.0449246479282,146.1820073173364,957.0376688777972
2024-11-14,,4.625,4.58,4.418000221252441,14.3100004196167,4.450500011444092,106.66999816894531,72.55999755859375,1600.6800537109375,,,215.9382628990127,120.84390665369764,219.29677416881535,1903.877523727154,146.13009254329344,937.2296918277082
2024-11-15,,4.625,4.58,4.427999973297119,16.139999389648438,4.480000019073486,106.69000244140625,71.04000091552734,1592.43994140625,,,216.26977657247858,119.30739203340535,220.15594468159333,1881.9470103155502,145.15105418762968,937.2296918277082
2024-11-16,,4.625,4.58,,,,,,,,,,,,,,
2024-11-17,,4.625,4.58,,,,,,,,,,,,,,
2024-11-18,,4.625,4.58,4.414000034332275,15.579999923706055,4.4679999351501465,106.27999877929688,73.30000305175781,1604.0400390625,,,216.7904851896816,121.00563270377076,220.95056420656,1855.3057988447804,146.25315801530277,972.3758010882367
2024-11-19,,4.625,4.58,4.379000186920166,16.350000381469727,4.475299835205078,106.20999908447266,73.30999755859375,1602.3399658203125,,,215.39214885386525,120.07088459380728,219.79760961225642,1860.831605268568,145.9238244957927,977.2228269983838
2024-11-20,,4.625,4.58,4.406000137329102,17.15999984741211,4.4670000076293945,106.68000030517578,72.80999755859375,1598.1800537109375,,,213.80424352246493,120.22583807991015,219.39059817734937,1848.2031644462759,146.3600644199347,991.0943818286013
2024-11-21,,4.625,4.58,4.432000160217285,16.8700008392334,4.468999862670898,106.97000122070312,74.2300033569336,1588.6800537109375,,,214.2060348013604,118.52119910560035,216.68671931264026,1847.6467628122857,147.8313592783868,984.6955942062866
2024-11-22,,4.625,4.58,4.409999847412109,15.239999771118164,4.462500095367432,107.48999786376953,75.16999816894531,1589.780029296875,,,213.96845734699576,117.60130544057135,219.01103172808317,1847.0314575159814,149.1980631592932,984.6586485832612
2024-11-23,,4.625,4.58,,,,,,,,,,,,,,
2024-11-24,,4.625,4.58,,,,,,,,,,,,,,
2024-11-25,,4.625,4.58,4.264999866485596,14.600000381469727,4.4654998779296875,106.81999969482422,73.01000213623047,1597.449951171875,,,217.19584806915591,116.77949523419309,219.89591771491135,1908.8648167171452,147.70822411343133,978.2360849461779
2024-11-26,,4.625,4.58,4.302000045776367,14.100000381469727,4.46150016784668,107.01000213623047,72.80999755859375,1603.1500244140625,,,216.04896081367207,117.5804692460122,219.8611433099403,1876.36472835448,152.96947160976794,995.41991110803
2024-11-27,,4.625,4.58,4.242000102996826,14.100000381469727,4.454999923706055,106.08000183105469,72.83000183105469,1604.25,,,216.1021534663318,115.98448295056183,219.8611433099403,1871.7071126234512,152.45536070232603,995.41991110803
2024-11-28,,4.625,4.58,,,4.4375,,,1597.489990234375,,,214.72418918985602,116.34475947693466,220.34244019825965,1823.0399023920602,152.12794766640866,997.5925790550143
2024-11-29,,4.625,4.58,4.177999973297119,13.510000228881836,4.442500114440918,105.73999786376953,72.94000244140625,1594.2900390625,,,215.69800416653732,116.17211937052228,220.68667246443061,1797.7793696396834,152.3900108261561,993.3293771285829
2024-11-30,,4.625,4.58,,,,,,,1.8,,,,,,,
2024-12-01,1127.77705164522,4.625,4.58,,,,,,,,,,,,,,
2024-12-02,,4.625,4.58,4.196000099182129,13.34000015258789,4.442500114440918,106.44999694824219,71.83000183105469,1595.47998046875,,,214.50352186040743,119.37112536791916,219.43237638066142,1816.5764865896397,153.81242027981264,1016.9513238450504
2024-12-03,,4.625,4.58,4.2230000495910645,13.300000190734863,4.457499980926514,106.37000274658203,73.62000274658203,1606.9599609375,,,215.8527048636619,120.38414617973976,220.15327597480612,1840.4126490927658,156.5474839333645,1032.9994963074873
2024-12-04,,4.625,4.58,4.179999828338623,13.449999809265137,4.46750020980835,106.33999633789062,72.30999755859375,1614.0899658203125,,,216.08413186568728,120.61447916837602,221.51980068223298,1893.651309957994,158.393756369036,1051.9794244225484
2024-12-05,,4.625,4.58,4.179999828338623,13.539999961853027,4.449999809265137,105.70999908447266,72.08999633789062,1615.6400146484375,,,216.91531512949345,121.03900487863808,221.36403262920288,1895.975131395864,157.42794337544242,1067.0259667033756
2024-12-06,,4.625,4.58,4.151000022888184,12.770000457763672,4.425000190734863,105.97000122070312,71.12000274658203,1613.25,,,216.47246542138026,120.46875656682698,222.4090871143388,1913.8191261453971,157.56750030340518,1092.6345622653325
2024-12-07,,4.625,4.58,,,,,,,,,,,,,,
2024-12-08,,4.625,4.58,,,,,,,,,,,,,,
2024-12-09,,4.625,4.58,4.198999881744385,14.1899995803833,4.416999816894531,106.1500015258789,72.13999938964844,1611.4300537109375,,,215.50447125678966,120.41284899357731,222.9001033870063,1929.9240645337463,155.3137117026776,1093.4690019495781
2024-12-10,,4.625,4.58,4.2210001945495605,14.180000305175781,4.421999931335449,106.4000015258789,72.19000244140625,1608.969970703125,,,214.5732810548485,120.29243112286446,221.31079739331562,1943.4026775564607,157.55349370777478,1113.239083042197
2024-12-11,,4.625,4.58,4.270999908447266,13.579999923706055,4.424499988555908,106.70999908447266,73.5199966430664,1603.199951171875,,,216.13906988188614,118.8022647524908,222.06859423065112,1936.9891917628418,156.0353840745377,1101.746642425318
2024-12-12,,4.625,4.58,4.323999881744385,13.920000076293945,4.430500030517578,106.95999908447266,73.41000366210938,1602.0799560546875,,,215.83401940698752,119.1651235824424,222.82505250615162,1942.3880900193967,157.2970316891061,1091.7398161513793
2024-12-13,,4.625,4.58,4.39900016784668,13.8100004196167,4.434999942779541,107.0,74.48999786376953,1608.75,,,215.83401940698752,119.03384243223402,220.92842793323473,2022.4092557419353,158.17293475980884,1139.9858650163756
2024-12-14,,4.625,4.58,,,,,,,,,,,,,,
2024-12-15,,4.625,4.58,,,,,,,,,,,,,,
2024-12-16,,4.625,4.58,4.396999835968018,14.6899995803833,4.447500228881836,106.86000061035156,73.91000366210938,1606.8499755859375,,,214.95434813813947,119.5159084533987,221.84405624257772,2060.2207905427194,158.10404501685738,1115.447782407879
2024-12-17,,4.625,4.58,4.385000228881836,15.869999885559082,4.449999809265137,106.95999908447266,73.19000244140625,1597.3299560546875,,,214.24954559442813,119.00394640922107,221.64498716436566,2062.3675291380887,156.33293978533723,1080.0729814553629
2024-12-18,,4.625,4.58,4.49399995803833,27.6200008392334,4.464000225067139,108.02999877929688,73.38999938964844,1599.5799560546875,,,213.45702423697946,118.79090968441257,222.44636582924343,2041.054782445653,155.71980079676158,1105.5963751279658
2024-12-19,,4.375,4.58,4.570000171661377,24.09000015258789,4.479000091552734,108.41000366210938,72.87999725341797,1600.0899658203125,,,213.2126123615944,118.05799184563072,220.99681722133786,2053.255269302643,153.85653976666146,1109.0298648067792
2024-12-20,,4.375,4.33,4.52400016784668,18.360000610351562,4.502999782562256,107.62000274658203,72.94000244140625,1591.4100341796875,,,211.23572402602352,117.06939769682694,226.11675931796609,2046.103840145785,151.37622174086164,1068.0822442467706
2024-12-21,,4.375,4.33,,,,,,,,,,,,,,
2024-12-22,,4.375,4.33,,,,,,,,,,,,,,
2024-12-23,,4.375,4.33,4.598999977111816,16.780000686645508,4.505499839782715,108.04000091552734,72.62999725341797,1596.199951171875,,,213.03129085362843,117.44537444618015,223.95445003186018,2066.426137723099,152.28150672473598,1067.5924573454702
2024-12-24,,4.375,4.33,4.591000080108643,14.270000457763672,4.487500190734863,108.26000213623047,73.58000183105469,1602.989990234375,,,213.68125107375215,118.34939432328568,223.7105478974713,2071.0182080939303,153.03126376434685,1064.7220753275594
2024-12-25,,4.375,4.33,,,4.484499931335449,,,,,,,,,,,
2024-12-26,,4.375,4.33,4.578999996185303,14.729999542236328,4.484499931335449,108.12999725341797,73.26000213623047,1613.699951171875,,,214.43293441632113,118.31234051710655,224.0277468616294,2099.339120936168,155.5111335462944,1078.3723555081015
2024-12-27,,4.375,4.33,4.61899995803833,15.949999809265137,4.4664998054504395,108.0,74.16999816894531,1628.1400146484375,,,215.7419265569386,119.26448876050233,223.61968163253724,2095.315474518958,156.14782765499385,1107.782491347313
2024-12-28,,4.375,4.33,,,,,,,,,,,,,,
2024-12-29,,4.375,4.33,,,,,,,,,,,,,,
2024-12-30,,4.375,4.33,4.545000076293945,17.399999618530273,4.468999862670898,108.12999725341797,74.38999938964844,1637.6800537109375,,,216.2666670901135,119.38178305973695,224.59428955616963,2078.4322293521877,157.37324596356035,1108.917523326129
2024-12-31,,4.375,4.33,4.572999954223633,17.350000381469727,4.462500095367432,108.48999786376953,74.63999938964844,1642.3299560546875,1.8,,217.0264978878497,119.9192805130015,225.4302491011695,2070.550638505711,157.9848766012683,1097.909992167148
2025-01-01,1030.03810887266,4.375,4.33,,,,,,,,,,,,,,
2025-01-02,,4.375,4.33,4.574999809265137,17.93000030517578,4.46999979019165,109.38999938964844,75.93000030517578,1632.8699951171875,,,215.6677963483506,119.83847667956383,227.1294801089888,2089.6435736447593,156.36486133025323,1094.1644231911812
2025-01-03,,4.375,4.33,4.5960001945495605,16.1299991607666,4.482500076293945,108.94999694824219,76.51000213623047,1629.4599609375,,,214.5750634842357,119.25701915339519,227.1571205872465,2067.637029804438,159.290643339519,1088.3248189911517
2025-01-04,,4.375,4.33,,,,,,,,,,,,,,
2025-01-05,,4.375,4.33,,,,,,,,,,,,,,
2025-01-06,,4.375,4.33,4.618000030517578,16.040000915527344,4.497499942779541,108.26000213623047,76.30000305175781,1625.469970703125,,,214.18728754841712,118.77562986040387,226.9254059904102,2067.149327691374,156.86599873558126,1100.5991775376322
2025-01-07,,4.375,4.33,4.683000087738037,17.81999969482422,4.510000228881836,108.54000091552734,77.05000305175781,1629.7900390625,,,215.22994384047558,119.96962243475575,228.17017408742544,2097.438845626986,157.6014451741818,1077.6060753824631
2025-01-08,,4.375,4.33,4.692999839782715,17.700000762939453,4.485000133514404,109.08999633789062,76.16000366210938,1614.8299560546875,,,213.04119246823728,118.83336923926562,228.57046752397784,2060.311559867084,155.23242944560832,1044.9513146127501
2025-01-09,,4.375,4.33,,,4.5,109.18000030517578,76.91999816894531,1600.81005859375,,,213.19833691396403,118.8174106491819,228.30143383442717,1994.4348948048055,154.55008153892672,1016.0988832494222
2025-01-10,,4.375,4.33,4.776000022888184,19.540000915527344,4.500500202178955,109.6500015258789,79.76000213623047,1602.4100341796875,,,213.95274735762473,117.88953481785134,228.83800872888963,1958.343334205938,153.08231728740353,1028.8001383677158
2025-01-11,,4.375,4.33,,,,,,,,,,,,,,
2025-01-12,,4.375,4.33,,,,,,,,,,,,,,
2025-01-13,,4.375,4.33,4.802999973297119,19.190000534057617,4.49399995803833,109.95999908447266,81.01000213623047,1585.5899658203125,,,213.27466302767738,116.57781317749973,228.01168215494997,1954.2011148205002,153.0635005964001,1022.6342223469244
2025-01-14,,4.375,4.33,4.788000106811523,18.709999084472656,4.507500171661377,109.2699966430664,79.91999816894531,1576.4599609375,,,212.18122891307183,114.85788622690353,227.85581405894942,1922.5874310530671,153.4867553137147,1015.144633214791
2025-01-15,,4.375,4.33,4.6529998779296875,16.1200008392334,4.502500057220459,109.08999633789062,82.02999877929688,1562.1199951171875,,,210.70028709439507,114.89499032567252,226.7381737205763,1853.071404334936,150.99137029256758,1010.2990290580502
2025-01-16,,4.375,4.33,4.605999946594238,16.600000381469727,4.496500015258789,108.95999908447266,81.29000091552734,1555.5400390625,,,211.79323617874184,114.60100806875853,227.33616361947173,1919.3717441819563,151.504192944576,1025.7734189057185
2025-01-17,,4.375,4.33,4.609000205993652,15.970000267028809,4.5,109.3499984741211,80.79000091552734,1566.719970703125,,,212.50896697922101,114.5363670751394,226.27753105558614,1944.1373812448996,152.45785248853437,1035.4259231139627
2025-01-18,,4.375,4.33,,,,,,,,,,,,,,
2025-01-19,,4.375,4.33,,,,,,,,,,,,,,
2025-01-20,,4.375,4.33,,,4.503499984741211,,,1572.3399658203125,,,211.59046222810701,114.89748441408558,226.4996757004753,1932.8626246252252,153.05807278824557,1053.6170180188617
2025-01-21,,4.375,4.33,4.573999881744385,15.0600004196167,4.490499973297119,108.05999755859375,79.29000091552734,1580.4599609375,,,212.04334660073195,114.81504716269609,226.69119249259953,1979.4375676103848,151.85351138696396,1079.1278135638227
2025-01-22,,4.375,4.33,4.598999977111816,15.100000381469727,4.472499847412109,108.16999816894531,79.0,1587.800048828125,,3.0,214.14686157565464,115.23989508603749,227.5664839817083,1953.0720835253042,152.14100162304217,1056.9975038776108
2025-01-23,,4.375,4.33,4.638000011444092,15.020000457763672,4.433000087738037,108.05000305175781,78.29000091552734,1577.199951171875,,,212.3763924720484,115.12578760164438,227.4492371832142,1912.5282809219968,151.33509887146607,1054.887711834943
2025-01-24,,4.375,4.33,4.625999927520752,14.850000381469727,4.441500186920166,107.44000244140625,78.5,1573.72998046875,,,212.84189538251903,115.43065677036613,226.85114809481752,1887.6821716026825,153.58233320389698,1058.0587420092506
2025-01-25,,4.375,4.33,,,,,,,,,,,,,,
2025-01-26,,4.375,4.33,,,,,,,,,,,,,,
2025-01-27,,4.375,4.33,4.5279998779296875,17.899999618530273,4.375,107.33999633789062,77.08000183105469,1558.969970703125,,,213.5654174373871,113.5514884449935,225.84591940395967,1842.859867563738,151.74515524431638,1037.5653294673345
2025-01-28,,4.375,4.33,4.551000118255615,16.40999984741211,4.375999927520752,107.87000274658203,77.48999786376953,1552.68994140625,,,211.78042588668174,116.2724604182247,226.8554058794744,1828.7859063850035,151.16250803725103,1039.0219780325103
2025-01-29,,4.375,4.33,4.554999828338623,16.559999465942383,4.389999866485596,108.0,76.58000183105469,,,,,,,,,
2025-01-30,,4.375,4.33,4.51200008392334,15.84000015258789,4.387499809265137,107.80000305175781,76.87000274658203,,,,,,,,,
2025-01-31,,4.375,4.33,4.568999767303467,16.43000030517578,4.387499809265137,108.37000274658203,76.76000213623047,1556.9200439453125,1.6,,212.21185212845367,114.80938406841904,228.10306100183882,1820.9762765164744,152.17734904542843,1040.086558111155
2025-02-01,1067.32480018818,4.375,4.33,,,,,,,,,,,,,,
2025-02-02,,4.375,4.33,,,,,,,,,,,,,,
2025-02-03,,4.375,4.33,4.543000221252441,18.6200008392334,4.452499866485596,108.98999786376953,75.95999908447266,1553.6300048828125,,,211.92592565462743,114.80938406841904,227.32171299869566,1793.792008578236,149.86949816394898,1062.8185348026966
2025-02-04,,4.375,4.33,4.513000011444092,17.209999084472656,4.469399929046631,107.95999908447266,76.19999694824219,1564.56005859375,,,215.4605198644487,115.16744118400781,230.93746733818188,1801.90654098467,149.18981424178838,1056.485078175036
2025-02-05,,4.375,4.33,4.421999931335449,15.770000457763672,4.441500186920166,107.58000183105469,74.61000061035156,1574.510009765625,,,215.66130418894397,116.45503905484908,232.43572906541723,1836.6567578698923,149.37337876908074,1054.3375962303808
2025-02-06,,4.375,4.33,4.440000057220459,15.5,4.420000076293945,107.69000244140625,74.29000091552734,1585.1700439453125,,,216.8193385822585,116.91339647459542,232.58823013836314,1842.3764144763095,151.38981789859054,1059.752966432767
2025-02-07,,4.375,4.33,4.486999988555908,16.540000915527344,4.422500133514404,108.04000091552734,74.66000366210938,1590.9100341796875,,,218.31403745575798,116.59725447891252,233.86523753350232,1914.116279970757,149.5627644177066,1060.8148515339544
2025-02-08,,4.375,4.33,,,,,,,,,,,,,,
2025-02-09,,4.375,4.33,,,,,,,,,,,,,,
2025-02-10,,4.375,4.33,4.493000030517578,15.8100004196167,4.438000202178955,108.31999969482422,75.87000274658203,1589.949951171875,,,218.68012462724232,115.3559178616514,234.04142689924302,1870.6181442429315,148.7123172268434,1060.8148515339544
2025-02-11,,4.375,4.33,4.5370001792907715,16.020000457763672,4.46750020980835,107.95999908447266,77.0,,,,,,,,,
2025-02-12,,4.375,4.33,4.63700008392334,15.890000343322754,4.46750020980835,107.94000244140625,75.18000030517578,1603.050048828125,,,220.47477380075676,117.51228606024388,235.3868133984811,1850.6400988577714,149.0166652718147,1060.8148515339544
2025-02-13,,4.375,4.33,4.525000095367432,15.100000381469727,4.4695000648498535,107.30999755859375,75.0199966430664,1592.280029296875,,,218.0536677235252,117.09638484516267,235.83516260049663,1837.662642491593,147.84062949372802,1052.2240366959534
2025-02-14,,4.375,4.33,4.4720001220703125,14.770000457763672,4.442399978637695,106.56999969482422,74.73999786376953,1591.5999755859375,,,219.5978731854563,116.50705299651538,238.809431117769,1833.0224591864599,146.9202723285981,1047.770795583096
2025-02-15,,4.375,4.33,,,,,,,,,,,,,,
2025-02-16,,4.375,4.33,,,,,,,,,,,,,,
2025-02-17,,4.375,4.33,,,4.432000160217285,,,1582.760009765625,,,218.83349858914326,116.016182359051,239.07104982676626,1812.2696750062105,144.65607260774135,1045.041166313915
2025-02-18,,4.375,4.33,4.544000148773193,15.350000381469727,4.43149995803833,107.05000305175781,75.83999633789062,1584.8399658203125,,,220.06374141858208,116.49872938988011,238.10499818003677,1803.8083678867554,143.23795244533792,978.0922332637547
2025-02-19,,4.375,4.33,4.534999847412109,15.270000457763672,4.442999839782715,107.16999816894531,76.04000091552734,1580.8800048828125,,,219.47682393532344,116.52709819549445,237.416166697514,1801.277422880206,145.23017280187992,957.7232336810038
2025-02-20,,4.375,4.33,4.5,15.65999984741211,4.439000129699707,106.33999633789062,76.4800033569336,1577.6700439453125,,,218.78254045958067,116.17325700897072,236.0725440342918,1819.6918056794723,141.19837139414238,960.6668148881223
2025-02-21,,4.375,4.33,4.420000076293945,18.209999084472656,4.427499771118164,106.61000061035156,74.43000030517578,1591.030029296875,,,219.4514263002321,117.72320570185444,237.4242213966199,1770.6699664850837,149.82563466165968,961.3341824924735
2025-02-22,,4.375,4.33,,,,,,,,,,,,,,
2025-02-23,,4.375,4.33,,,,,,,,,,,,,,
2025-02-24,,4.375,4.33,4.39300012588501,18.979999542236328,4.415999889373779,106.5999984741211,74.77999877929688,1584.25,,,218.99942497534246,120.17840213457696,238.1634419430143,1711.7452229440435,145.80358508087812,956.6945472907747
2025-02-25,,4.375,4.33,4.297999858856201,19.43000030517578,4.408999919891357,106.30999755859375,73.0199966430664,1568.030029296875,,,217.39011968161432,118.04668650518467,237.86589796705164,1636.7865294449452,145.63702741729196,928.9978764510763
2025-02-26,,4.375,4.33,4.249000072479248,19.100000381469727,4.421999931335449,106.41999816894531,72.52999877929688,1588.7099609375,,,220.95526018052922,118.9544630326546,238.977101068187,1663.6989814788858,147.7815431481937,932.1688762491071
2025-02-27,,4.375,4.33,4.284999847412109,21.1299991607666,4.426499843597412,107.23999786376953,74.04000091552734,1586.5999755859375,,,219.1749725716911,118.60653052700248,238.18372132451043,1700.3000780560526,145.29370858707856,952.9806864472808
2025-02-28,,4.375,4.33,4.230999946594238,19.6299991607666,4.452499866485596,107.61000061035156,73.18000030517578,1574.699951171875,1.8,,216.5930187331777,119.79644966620997,237.6618879197161,1585.4323328786625,141.7103323965213,922.0197872474172
2025-03-01,1057.14730604186,4.375,4.33,,,,,,,,,,,,,,
2025-03-02,,4.375,4.33,,,,,,,,,,,,,,
2025-03-03,,4.375,4.33,4.179999828338623,22.780000686645508,4.460000038146973,106.75,71.62000274658203,1571.3900146484375,,,218.55817008600349,117.30961225506715,237.229819144738,1566.224965390411,141.38807308416744,910.1522464364688
2025-03-04,,4.375,4.33,4.210000038146973,23.510000228881836,4.460000038146973,105.73999786376953,71.04000091552734,1555.6600341796875,,,217.53316219253165,117.90825664178493,237.12248325143554,1494.1418989946699,138.97682097663278,883.5636683518017
2025-03-05,,4.375,4.33,4.264999866485596,21.93000030517578,4.452499866485596,105.73999786376953,69.30000305175781,1564.4200439453125,,,217.18426075794142,118.29360298092624,240.16394213798216,1501.5559852580043,138.82950361679417,909.9952827915293
2025-03-06,,4.375,4.33,4.285999774932861,24.8700008392334,4.422500133514404,104.05999755859375,69.45999908447266,1558.9100341796875,,3.0,213.63756121532313,119.24309043493938,240.93574329429433,1512.243069286931,140.53809894970905,922.2137756388437
2025-03-07,,4.375,4.33,4.316999912261963,23.3700008392334,4.425000190734863,103.83999633789062,70.36000061035156,1547.27001953125,,,213.74636061747486,116.47160613967222,243.6753350454394,1457.3871903605027,138.06961905711572,919.666240177795
2025-03-08,,4.375,4.33,,,,,,,,,,,,,,
2025-03-09,,4.375,4.33,,,,,,,,,,,,,,
2025-03-10,,4.375,4.33,4.2129998207092285,27.860000610351562,4.4120001792907715,103.91000366210938,69.27999877929688,1536.4599609375,,,213.34458519740943,115.51345694198297,242.88056537740607,1404.6796786602554,136.20216068767635,891.388264459858
2025-03-11,,4.375,4.33,4.288000106811523,26.920000076293945,4.421000003814697,103.44000244140625,69.55999755859375,1520.1500244140625,,,210.28249558219,115.49060128181539,240.86070428997425,1389.2121078437954,133.92763138030907,878.1541802287658
2025-03-12,,4.375,4.33,4.317999839782715,24.229999542236328,4.4105000495910645,103.61000061035156,70.94999694824219,1484.8299560546875,,,206.08997919323292,115.528879952285,239.02957619518807,1359.1084772323268,134.42477942204783,872.5680167718021
2025-03-13,,4.375,4.33,4.27400016784668,24.65999984741211,4.427499771118164,103.83000183105469,69.87999725341797,1510.030029296875,,,211.73299908200534,116.05172014383909,238.9355082761574,1452.201944562739,136.2507349187239,880.6639690491219
2025-03-14,,4.375,4.33,4.308000087738037,21.770000457763672,4.435500144958496,103.72000122070312,70.58000183105469,1512.1500244140625,,,212.07026352440087,117.09392827449389,237.30060047884072,1484.1743841087473,136.53090636782994,897.3876693514339
2025-03-15,,4.375,4.33,,,,,,,,,,,,,,
2025-03-16,,4.375,4.33,,,,,,,,,,,,,,
2025-03-17,,4.375,4.33,4.306000232696533,20.510000228881836,4.443999767303467,103.37000274658203,71.06999969482422,1527.81005859375,,,215.50173566385192,117.5779014102355,238.87852117191932,1528.9539751893858,138.68575084577026,898.2051413229009
2025-03-18,,4.375,4.33,4.281000137329102,21.700000762939453,4.440999984741211,103.23999786376953,70.55999755859375,,,,,,,,,
2025-03-19,,4.375,4.33,4.25600004196167,19.899999618530273,4.441500186920166,103.43000030517578,70.77999877929688,1517.6600341796875,,,211.91749762810338,118.29106207056404,237.67615043444482,1541.4747188903295,139.07516322362258,922.4689066866848
2025-03-20,,4.375,4.33,4.232999801635742,19.799999237060547,4.427499771118164,103.8499984741211,72.0,1504.1600341796875,,,208.43150933873642,118.18809835744926,236.4463975472471,1543.9626641871714,137.74733343985528,913.2543249838272
2025-03-21,,4.375,4.33,4.251999855041504,19.280000686645508,4.422999858856201,104.08999633789062,72.16000366210938,1505.449951171875,,,209.0974449675711,117.66949584791395,235.72044442909683,1546.5998925794809,142.76298095894145,902.8240247344945
2025-03-22,,4.375,4.33,,,,,,,,,,,,,,
2025-03-23,,4.375,4.33,,,,,,,,,,,,,,
2025-03-24,,4.375,4.33,4.330999851226807,17.479999542236328,4.420499801635742,104.26000213623047,73.0,1503.8199462890625,,,209.51752961885268,117.5298775439231,237.13842434912073,1521.0201712220382,138.75961062583679,885.6739822152703
2025-03-25,,4.375,4.33,4.307000160217285,17.149999618530273,4.429999828338623,104.18000030517578,73.0199966430664,1513.5999755859375,,,210.11380266949743,117.01872043715882,236.66791751642947,1560.2315734037406,140.2228758025864,886.5614697852143
2025-03-26,,4.375,4.33,4.3379998207092285,18.329999923706055,4.434000015258789,104.55000305175781,73.79000091552734,1518.050048828125,,,210.7131294457274,117.22019624914972,237.04583037600142,1573.7010138079722,141.32882033564803,881.2843204440519
2025-03-27,,4.375,4.33,4.36899995803833,18.690000534057617,4.427000045776367,104.06999969482422,74.02999877929688,1535.72998046875,,,213.1672342846553,117.50608534309859,238.2927060846521,1596.2245374626063,143.42232107789656,890.9997023527729
2025-03-28,,4.375,4.33,4.255000114440918,21.649999618530273,4.428999900817871,104.04000091552734,73.62999725341797,1513.6500244140625,,,209.11783972375994,116.77575835757645,236.08776486223567,1570.898544582251,139.00941956001176,874.2068158099597
2025-03-29,,4.375,4.33,,,,,,,,,,,,,,
2025-03-30,,4.375,4.33,,,,,,,,,,,,,,
2025-03-31,,4.375,4.33,4.245999813079834,22.280000686645508,4.432000160217285,104.20999908447266,74.73999786376953,,1.9,,,,,,,
2025-04-01,981.177632038137,4.375,4.33,4.156000137329102,21.770000457763672,4.434999942779541,104.26000213623047,74.48999786376953,,,,,,,,,
2025-04-02,,4.375,4.33,4.196000099182129,21.510000228881836,4.428999900817871,103.80999755859375,74.94999694824219,1526.52001953125,,,211.41642085773347,116.7305390145987,237.47765042307662,1536.9312087479398,139.23125033241007,870.6413674009641
2025-04-03,,4.375,4.33,4.054999828338623,30.020000457763672,4.462500095367432,102.06999969482422,70.13999938964844,1518.9100341796875,,,211.06853782033576,116.72719153259428,237.2360158009636,1499.936870974887,137.5370529306101,878.4250781111623
2025-04-04,,4.375,4.33,3.984999895095825,45.310001373291016,4.439499855041504,103.0199966430664,65.58000183105469,1504.1400146484375,,,209.26756164807438,115.94276516379082,239.91225217668233,1422.1840532716494,133.9461537267914,871.6369229156991
2025-04-05,,4.375,4.33,,,,,,,,,,,,,,
2025-04-06,,4.375,4.33,,,,,,,,,,,,,,
2025-04-07,,4.375,4.33,4.15500020980835,46.97999954223633,4.427499771118164,103.26000213623047,64.20999908447266,1443.800048828125,,,201.1978283830833,112.54694690410543,234.90524092042745,1222.8142938087274,126.9076879940121,796.4263951702706
2025-04-08,,4.375,4.33,4.26200008392334,52.33000183105469,4.487500190734863,102.95999908447266,62.81999969482422,1443.56005859375,,,201.1601738627025,108.94062036112058,233.57646769221026,1217.332151270607,127.00065342180314,829.5411688986557
2025-04-09,,4.375,4.33,4.400000095367432,33.619998931884766,4.488500118255615,102.9000015258789,65.4800033569336,1400.5899658203125,,,193.20305934632407,107.10251414707514,232.2395099172789,1159.9274403322393,123.31571935796144,809.1274137713835
2025-04-10,,4.375,4.33,4.394000053405762,40.720001220703125,4.493500232696533,100.87000274658203,63.33000183105469,1463.1300048828125,,,204.72361331322594,110.91105816265554,238.1692153761765,1356.6245590087294,129.82959996516243,876.3766718516387
2025-04-11,,4.375,4.33,4.493000030517578,37.560001373291016,4.452499866485596,99.77999877929688,64.76000213623047,1454.760009765625,,,200.83409332879643,110.64673816585989,241.8348476887103,1318.1860200592448,131.89996678792704,867.1376845241093
2025-04-12,,4.375,4.33,,,,,,,,,,,,,,
2025-04-13,,4.375,4.33,,,,,,,,,,,,,,
2025-04-14,,4.375,4.33,4.363999843597412,30.889999389648438,4.420000076293945,99.63999938964844,64.87999725341797,1480.8599853515625,,,203.22186917798967,114.02269215679648,241.83111359713584,1374.8632065018671,133.38199839722404,885.5693279473822
2025-04-15,,4.375,4.33,4.322999954223633,30.1200008392334,4.412499904632568,100.22000122070312,64.66999816894531,1486.4300537109375,,,203.26237550513238,113.56772888206712,242.14453965002662,1346.9586478521214,133.0962734822151,898.6164583260569
2025-04-16,,4.375,4.33,4.2789998054504395,32.63999938964844,4.409999847412109,99.37999725341797,65.8499984741211,1476.9200439453125,,,202.52467118631932,112.75656287161986,243.90686732427937,1329.0930041520396,132.46809926517534,881.6221019367111
2025-04-17,,4.375,4.33,4.333000183105469,29.649999618530273,4.4079999923706055,99.37999725341797,67.95999908447266,1483.27001953125,,,203.70451488098186,112.13930719239733,242.26040028074496,1348.6979205520993,133.8287693539477,887.5265712218885
2025-04-18,,4.375,4.33,,,,,,1499.4000244140625,,,206.88270415608815,113.33782023605778,243.23427387729097,1366.137213326584,136.06382454886335,891.9258781271632
2025-04-19,,4.375,4.33,,,,,,,,,,,,,,
2025-04-20,,4.375,4.33,,,,,,,,,,,,,,
2025-04-21,,4.375,4.33,4.40500020980835,33.81999969482422,,98.27999877929688,66.26000213623047,1499.469970703125,,,206.5640359426529,113.18756698815243,242.50199405837148,1354.7430124206212,135.86854234003516,882.4304030258257
2025-04-22,,4.375,4.33,4.388999938964844,30.56999969482422,4.40500020980835,98.91999816894531,67.44000244140625,1486.25,,,204.78349083261992,113.20340554979909,243.7103537419806,1338.8737072082172,133.47740049613407,868.1080137778492
2025-04-23,,4.375,4.33,4.38700008392334,28.450000762939453,4.388500213623047,99.83999633789062,66.12000274658203,1501.18994140625,,,206.26338551211987,113.15567593291547,243.78248110941178,1410.5462624601398,137.07430108138095,877.832101948213
2025-04-24,,4.375,4.33,4.304999828338623,26.469999313354492,4.388500213623047,99.29000091552734,66.55000305175781,1506.52001953125,,,207.09943206974012,112.59104960721751,242.79819409560335,1413.8511970298628,137.819108513267,874.3562069839385
2025-04-25,,4.375,4.33,4.265999794006348,24.84000015258789,4.370500087738037,99.47000122070312,66.87000274658203,1509.199951171875,,,206.48533913096566,113.45238764556362,244.21007360715183,1518.8744299263587,139.21740105364654,891.2491906759809
2025-04-26,,4.375,4.33,,,,,,,,,,,,,,
2025-04-27,,4.375,4.33,,,,,,,,,,,,,,
2025-04-28,,4.375,4.33,4.216000080108643,25.149999618530273,4.375,99.01000213623047,65.86000061035156,1521.5899658203125,,,208.7429180821525,113.17228506792152,244.16210343185844,1542.376450694383,140.77276756083828,907.0177186500242
2025-04-29,,4.375,4.33,4.172999858856201,24.170000076293945,4.360499858856201,99.23999786376953,64.25,1515.56005859375,,,208.45022151402839,111.54298440164906,244.77321332446965,1544.6435963767503,139.6387599601807,899.3846093954573
2025-04-30,,4.375,4.33,4.177000045776367,24.700000762939453,4.324999809265137,99.47000122070312,63.119998931884766,1540.219970703125,1.9,,210.346744764087,113.62828241831173,244.26903299783328,1535.603681036011,145.5124325403271,902.1749357628723
2025-05-01,902.788167615884,4.375,4.33,4.230999946594238,24.600000381469727,4.311999797821045,100.25,62.130001068115234,,,,,,,,,
2025-05-02,,4.375,4.33,4.322000026702881,22.68000030517578,4.317500114440918,100.0,61.290000915527344,1542.489990234375,,,210.01474353026856,113.91512937254487,245.6551517609632,1616.9932051172352,141.5631763781518,915.7117322312362
2025-05-03,,4.375,4.33,,,,,,,,,,,,,,
2025-05-04,,4.375,4.33,,,,,,,,,,,,,,
2025-05-05,,4.375,4.33,4.3429999351501465,23.639999389648438,4.257500171661377,99.83000183105469,60.22999954223633,1539.5400390625,,,210.03154626746988,112.85676099718056,244.77563093064552,1562.4283191791123,141.02398836405538,903.4322345501708
2025-05-06,,4.375,4.33,4.308000087738037,24.760000228881836,4.197500228881836,99.23999786376953,62.150001525878906,1536.800048828125,,,207.97158264516887,113.6721364347475,243.94644650107384,1555.8403697990414,139.29047514259742,901.5922146874307
2025-05-07,,4.375,4.33,4.275000095367432,23.549999237060547,4.230000019073486,99.61000061035156,61.119998931884766,1549.9000244140625,,,208.75234028273164,114.17640926702381,245.4259960741884,1582.9509720668984,140.94154295144256,905.0754979718821
2025-05-08,,4.375,4.33,4.373000144958496,22.479999542236328,4.236499786376953,100.63999938964844,62.84000015258789,1542.739990234375,,3.0,206.80501712319787,112.40528666909178,246.94278604656165,1641.5639037659162,142.1733668811342,896.6957751427296
2025-05-09,,4.375,4.33,4.375,21.899999618530273,4.278500080108643,100.33999633789062,63.90999984741211,1546.5,,,206.71988280004578,113.54602751125826,247.08378883971815,1625.5536007334229,144.36412576053644,906.862002688783
2025-05-10,,4.375,4.33,,,,,,,,,,,,,,
2025-05-11,,4.375,4.33,,,,,,,,,,,,,,
2025-05-12,,4.375,4.33,4.456999778747559,18.389999389648438,4.29449987411499,101.79000091552734,64.95999908447266,,,,,,,,,
2025-05-13,,4.375,4.33,4.499000072479248,18.219999313354492,4.29449987411499,101.0,66.62999725341797,1582.3900146484375,,,214.22414824109364,115.75150695379963,246.84033318263116,1763.5038653561573,147.8801348463246,899.9014864487368
2025-05-14,,4.375,4.33,4.5279998779296875,18.6200008392334,4.320000171661377,101.04000091552734,66.08999633789062,1583.510009765625,,,214.01640679714185,115.8658848149638,246.62867952761061,1761.2788292254986,149.6976548656455,913.198384307871
2025-05-15,,4.375,4.33,4.454999923706055,17.829999923706055,4.287499904632568,100.87999725341797,64.52999877929688,1573.02001953125,,,212.2137663552937,116.73707748137281,248.88606964810361,1730.7002026922096,149.39048704591812,907.1331757618605
2025-05-16,,4.375,4.33,4.440999984741211,17.239999771118164,4.28000020980835,101.08999633789062,65.41000366210938,1571.75,,,212.53466145655523,116.65861743283428,247.26359774486588,1674.5036391494136,150.08214124717577,901.8591482494019
2025-05-17,,4.375,4.33,,,,,,,,,,,,,,
2025-05-18,,4.375,4.33,,,,,,,,,,,,,,
2025-05-19,,4.375,4.33,4.474999904632568,18.139999389648438,4.293499946594238,100.43000030517578,65.54000091552734,1556.1400146484375,,,211.58786688081742,115.33353600533529,248.05936208748926,1603.8541781176314,147.03537766155586,887.6424138663682
2025-05-20,,4.375,4.33,4.480999946594238,18.09000015258789,4.28849983215332,100.12000274658203,65.37999725341797,1548.8699951171875,,,210.76754310227724,113.60573861588186,248.29115265938108,1610.5641517853944,145.52790855880895,882.3588303370077
2025-05-21,,4.375,4.33,4.5960001945495605,20.8700008392334,4.296000003814697,99.55999755859375,64.91000366210938,1544.800048828125,,,208.6895595069865,114.351770020616,249.53592575344615,1552.0472799381898,141.09679736017398,885.0487367446706
2025-05-22,,4.375,4.33,4.552999973297119,20.280000686645508,4.267499923706055,99.95999908447266,64.44000244140625,1527.02001953125,,,203.9054154533535,113.89043835829953,248.95641312677182,1558.2115497146322,139.8738682712334,877.8995274324182
2025-05-23,,4.375,4.33,4.508999824523926,22.290000915527344,4.272500038146973,99.11000061035156,64.77999877929688,1535.3800048828125,,,206.79438392001978,114.54094228999796,247.67712580855715,1554.431088588932,141.27949386800367,885.7534607643948
2025-05-24,,4.375,4.33,,,,,,,,,,,,,,
2025-05-25,,4.375,4.33,,,,,,,,,,,,,,
2025-05-26,,4.375,4.33,,,4.228499889373779,98.93000030517578,,1534.300048828125,,,207.4287781330959,114.64975162033753,250.18104551747297,1541.8196271430913,142.56411032818818,883.1584924463281
2025-05-27,,4.375,4.33,4.434000015258789,18.959999084472656,4.2164998054504395,99.5199966430664,64.08999633789062,1526.1600341796875,,,205.87444845918063,116.06436992381468,248.60702776474432,1552.346676682002,144.35790127648926,880.4326796684752
2025-05-28,,4.375,4.33,4.4770002365112305,19.309999465942383,4.239999771118164,99.87999725341797,64.9000015258789,1523.47998046875,,,204.72302460774142,113.73604548035765,249.95344339793584,1578.339274930352,144.85514016381273,875.3832095684711
2025-05-29,,4.375,4.33,4.423999786376953,19.18000030517578,4.232500076293945,99.27999877929688,64.1500015258789,1518.97998046875,,,204.7152006019873,113.47657271234392,250.67270749014207,1623.9068700470139,145.6774590125255,880.7111286124762
2025-05-30,,4.375,4.33,4.415999889373779,18.56999969482422,4.237500190734863,99.33000183105469,63.900001525878906,1508.3499755859375,,,204.58888071129638,111.57594235440035,252.51681775075784,1588.8899097516396,143.6950396515993,878.8850323367661
2025-05-31,,4.375,4.33,,,,,,,2.0,,,,,,,
2025-06-01,934.503407087944,4.375,4.33,,,,,,,,,,,,,,
2025-06-02,,4.375,4.33,4.461999893188477,18.360000610351562,4.254000186920166,98.69999694824219,64.62999725341797,,,,,,,,,
2025-06-03,,4.375,4.33,4.460000038146973,17.690000534057617,4.254000186920166,99.25,65.62999725341797,1503.25,,,203.18748348660282,112.44040193555725,253.3894510189186,1587.058040530091,142.83706064056648,865.6126273440179
2025-06-04,,4.375,4.33,4.364999771118164,17.610000610351562,4.242499828338623,98.79000091552734,64.86000061035156,1507.969970703125,,,203.26589618895858,112.29686014653282,253.23123157477988,1600.3956948456996,144.43660033666697,853.1257374264552
2025-06-05,,4.375,4.33,4.394000053405762,18.479999542236328,4.244500160217285,98.73999786376953,65.33999633789062,1518.1199951171875,,,202.96855188348223,112.88202415340918,252.93280549549152,1630.6557026686871,146.95313570804564,882.4855617995465
2025-06-06,,4.375,4.33,4.510000228881836,16.770000457763672,4.2270002365112305,99.19000244140625,66.47000122070312,1516.7900390625,,,202.35696509524232,113.66030181030393,256.60045585142433,1628.9781100745404,145.0250837059226,865.5169325053843
2025-06-07,,4.375,4.33,,,,,,,,,,,,,,
2025-06-08,,4.375,4.33,,,,,,,,,,,,,,
2025-06-09,,4.375,4.33,4.48199987411499,17.15999984741211,4.224999904632568,98.94000244140625,67.04000091552734,1519.4100341796875,,,202.7109637632158,113.92983258490888,257.70906144502777,1650.395123793184,145.57743970044393,866.2852007279225
2025-06-10,,4.375,4.33,4.473999977111816,16.950000762939453,4.228000164031982,99.05000305175781,66.87000274658203,1516.949951171875,,,202.17906870379343,112.7213476365681,256.8176446456036,1660.9087141275709,145.41813393545124,879.9922212753261
2025-06-11,,4.375,4.33,4.4120001792907715,17.260000228881836,4.232999801635742,98.62999725341797,69.7699966430664,1523.8399658203125,,,203.7410367028499,112.66275942991398,256.2584905261288,1669.6117279444793,144.81290694931533,877.292876144975
2025-06-12,,4.375,4.33,4.35699987411499,18.020000457763672,4.23330020904541,97.91999816894531,69.36000061035156,1526.6199951171875,,,203.81757106724342,112.24050133874519,258.56441323498876,1695.0008236214003,146.03157889042262,874.5093483765153
2025-06-13,,4.375,4.33,4.423999786376953,20.81999969482422,4.218500137329102,98.18000030517578,74.2300033569336,1518.1099853515625,,,202.00709910594358,113.03815062950635,258.90277290132076,1656.066249700651,146.10159555157907,855.5044138829348
2025-06-14,,4.375,4.33,,,,,,,,,,,,,,
2025-06-15,,4.375,4.33,,,,,,,,,,,,,,
2025-06-16,,4.375,4.33,4.452000141143799,19.110000610351562,4.243000030517578,98.0,73.2300033569336,1519.989990234375,,,200.23549631548292,115.89258046221806,260.49283932840183,1628.786034105401,147.68548575631903,847.1715658956691
2025-06-17,,4.375,4.33,4.39300012588501,21.600000381469727,4.239999771118164,98.81999969482422,76.44999694824219,1511.6400146484375,,,198.9093677213423,113.66443521775918,260.9310637231282,1632.5797833534536,146.99569532948746,824.7299448332354
2025-06-18,,4.375,4.33,4.396999835968018,20.139999389648438,4.233500003814697,98.91000366210938,76.69999694824219,1511.949951171875,,,199.61003118023092,113.55180713201096,260.1876610805303,1653.2162137807109,147.2309581216873,823.9051816940938
2025-06-19,,4.375,4.33,,,4.248000144958496,,,1501.43994140625,,,197.98669450575548,113.06798999512169,258.7247604484504,1644.0598603590415,144.33364218335532,816.4751941278136
2025-06-20,,4.375,4.33,4.375,20.6200008392334,4.257500171661377,98.70999908447266,77.01000213623047,1502.739990234375,,,199.41626385004773,113.62383618493075,260.82856709313774,1610.4495967752928,141.5609814255613,814.8088913072902
2025-06-21,,4.375,4.33,,,,,,,,,,,,,,
2025-06-22,,4.375,4.33,,,,,,,,,,,,,,
2025-06-23,,4.375,4.33,4.320000171661377,19.829999923706055,4.252500057220459,98.41999816894531,71.4800033569336,1516.6099853515625,,,204.30016199996763,114.03959558892744,257.8631549922541,1630.5603138709039,143.7127816387215,824.1906491677673
2025-06-24,,4.375,4.33,4.293000221252441,17.479999542236328,4.277500152587891,97.86000061035156,67.13999938964844,1514.2900390625,,,203.2204276696588,114.05717733930018,253.47309956695307,1651.9733889166832,144.3926754584608,841.0857376507977
2025-06-25,,4.375,4.33,4.293000221252441,16.760000228881836,4.233500003814697,97.68000030517578,67.68000030517578,1519.7900390625,,,202.99413639229718,114.07753330204025,263.7217998961531,1684.1952097808892,146.1430668357941,841.9285429194371
2025-06-26,,4.375,4.33,4.252999782562256,16.59000015258789,4.236000061035156,97.1500015258789,67.7300033569336,1528.1600341796875,,,204.0616578804537,116.85971165564462,260.1817904889343,1715.7805110362613,149.17138448852515,828.6441373137885
2025-06-27,,4.375,4.33,4.2829999923706055,16.31999969482422,4.22599983215332,97.4000015258789,67.7699966430664,,,,,,,,,
2025-06-28,,4.375,4.33,,,,,,,,,,,,,,
2025-06-29,,4.375,4.33,,,,,,,,,,,,,,
2025-06-30,,4.375,4.33,4.230000019073486,16.729999542236328,4.22599983215332,96.87999725341797,67.61000061035156,1532.9599609375,1.8,,202.7287082165642,116.76629390030241,263.7673960823146,1703.000024060573,149.40217710861293,836.9484325329466
2025-07-01,931.0405934196078,4.375,4.33,4.250999927520752,16.829999923706055,4.209499835968018,96.81999969482422,67.11000061035156,1541.530029296875,,,201.68601595702586,118.19225038179506,267.1728808627146,1736.7440699847882,148.46132158702903,824.068115999096
2025-07-02,,4.375,4.33,4.293000221252441,16.639999389648438,4.195000171661377,96.77999877929688,69.11000061035156,1550.2099609375,,,203.20835023525348,117.90057217687931,267.41867917752427,1725.9775559919665,150.22076700041828,822.4617580964612
2025-07-03,,4.375,4.33,4.3480000495910645,16.3799991607666,4.226500034332275,97.18000030517578,68.80000305175781,1548.989990234375,,,203.27226638511092,118.72646537040825,272.8927098877906,1816.622790915559,152.3789372701627,830.5093429475326
2025-07-04,,4.375,4.33,,,4.21999979019165,,68.29000091552734,1550.18994140625,,,203.91843859312232,118.41476165897178,271.3624154913303,1769.506527929401,150.82951000715335,828.7203976349342
2025-07-05,,4.375,4.33,,,,,,,,,,,,,,
2025-07-06,,4.375,4.33,,,,,,,,,,,,,,
2025-07-07,,4.375,4.33,4.394999980926514,17.790000915527344,4.218500137329102,97.4800033569336,69.58000183105469,1537.5400390625,,,202.80212127773655,118.73617626957744,268.4147351351067,1749.2660291161346,148.89935468017035,834.0320093091109
2025-07-08,,4.375,4.33,4.414999961853027,16.809999465942383,4.233500003814697,97.51000213623047,70.1500015258789,1530.1400146484375,,,201.41705997669078,118.66755238759654,273.79263923549826,1695.9737915536361,148.93874357762996,823.1270598769703
2025-07-09,,4.375,4.33,4.3420000076293945,15.9399995803833,4.238500118255615,97.47000122070312,70.19000244140625,1529.239990234375,,2.75,199.77319570495447,120.31785352845385,273.23051709044984,1711.699532312322,148.46102933454708,822.1661802348233
2025-07-10,,4.375,4.33,4.3460001945495605,15.779999732971191,4.248000144958496,97.6500015258789,68.63999938964844,1536.52001953125,,,201.92203792323636,119.58253868950364,271.1511348884649,1693.1853271289165,147.2183962695471,823.7657513141231
2025-07-11,,4.375,4.33,4.422999858856201,16.399999618530273,4.259500026702881,97.8499984741211,70.36000061035156,1536.0699462890625,,,201.75747129436448,118.88806309454978,269.8997194080379,1738.1837809820722,147.45553895298175,819.9828957449803
2025-07-12,,4.375,4.33,,,,,,,,,,,,,,
2025-07-13,,4.375,4.33,,,,,,,,,,,,,,
2025-07-14,,4.375,4.33,4.427000045776367,17.200000762939453,4.25,98.08000183105469,69.20999908447266,1537.510009765625,,,202.37772674700506,118.22530211684648,270.2392201127875,1758.3438987854304,146.00633377232256,828.1646563734171
2025-07-15,,4.375,4.33,4.488999843597412,17.3799991607666,4.25,98.62000274658203,68.70999908447266,1525.4000244140625,,,200.0434076714925,117.89621453692465,274.55850604194137,1754.901965760261,145.29903196665825,823.5957419201485
2025-07-16,,4.375,4.33,4.454999923706055,17.15999984741211,4.239999771118164,98.38999938964844,68.5199966430664,1511.5,,,197.4371369699344,117.8000843838218,272.77560021269005,1738.7834037674756,145.84988162563658,801.5442777538741
2025-07-17,,4.375,4.33,4.4629998207092285,16.520000457763672,4.242499828338623,98.7300033569336,69.5199966430664,1520.93994140625,,,197.74830987298543,118.27424213275928,273.4237171933404,1731.3702411887004,148.09472512003958,807.7221244353088
2025-07-18,,4.375,4.33,4.432000160217285,16.40999984741211,4.245500087738037,98.4800033569336,69.27999877929688,1525.8599853515625,,,198.7111424921857,118.33290672529861,269.7446256658619,1749.692882659927,147.66258924323375,818.4846698909843
2025-07-19,,4.375,4.33,,,,,,,,,,,,,,
2025-07-20,,4.375,4.33,,,,,,,,,,,,,,
2025-07-21,,4.375,4.33,4.372000217437744,16.649999618530273,4.239999771118164,97.8499984741211,69.20999908447266,1524.5899658203125,,,198.65920364657796,117.9054926177499,273.50735546374364,1744.0230952405755,147.76765914789164,823.8826018759175
2025-07-22,,4.375,4.33,4.335999965667725,16.5,4.232999801635742,97.38999938964844,68.58999633789062,1519.4000244140625,,,199.18744989161726,116.60473111437229,271.76871124927743,1726.7259306679232,146.47071612058468,819.1989177901095
2025-07-23,,4.375,4.33,4.388000011444092,15.369999885559082,4.229000091552734,97.20999908447266,68.51000213623047,1529.7900390625,,,200.51378344335515,117.23821128412068,271.6779805510056,1760.0117208044874,146.74843142340882,833.0181440279663
2025-07-24,,4.375,4.33,4.4079999923706055,15.390000343322754,4.224999904632568,97.37999725341797,69.18000030517578,1540.3199462890625,,,201.40478478879035,118.39393393502273,271.96992092530917,1773.494547709168,153.16662955055568,840.7784202371855
2025-07-25,,4.375,4.33,4.386000156402588,14.930000305175781,4.212500095367432,97.6500015258789,68.44000244140625,1533.760009765625,,,200.96682944601847,117.40904230532227,272.84537445805006,1791.3962538561673,151.6559641724838,838.542737133916
2025-07-26,,4.375,4.33,,,,,,,,,,,,,,
2025-07-27,,4.375,4.33,,,,,,,,,,,,,,
2025-07-28,,4.375,4.33,4.420000076293945,15.029999732971191,4.218999862670898,98.66000366210938,70.04000091552734,1529.3800048828125,,,200.34223296265316,118.53974036408492,273.57881712047106,1788.2726077673972,152.0272262450038,836.2897045189416
2025-07-29,,4.375,4.33,4.329999923706055,15.979999542236328,4.228499889373779,98.91000366210938,72.51000213623047,1523.8199462890625,,,198.48542472430984,116.36712763015873,271.39077711190464,1779.6353798260743,154.77263916712016,838.7827810365234
2025-07-30,,4.375,4.33,4.375999927520752,15.479999542236328,4.232500076293945,99.94000244140625,73.23999786376953,1524.5,,,198.35938894696866,116.74744210179608,273.1659416983268,1779.8203427228354,158.9322871131364,835.6761983295181
2025-07-31,,4.375,4.33,4.360000133514404,16.719999313354492,4.242499828338623,100.02999877929688,72.52999877929688,1513.25,1.8,,196.706594083739,116.45139866264562,275.7312585198277,1799.9450755822306,156.40294366425334,835.8475031331084
2025-08-01,1026.012903505442,4.375,4.33,4.21999979019165,20.3799991607666,4.262499809265137,98.69000244140625,69.66999816894531,1533.3499755859375,,,201.8214591636576,115.76552480454178,276.68646041412256,1816.4811011005338,155.13469796684845,828.9638068870327
2025-08-02,,4.375,4.33,,,,,,,,,,,,,,
2025-08-03,,4.375,4.33,,,,,,,,,,,,,,
2025-08-04,,4.375,4.33,4.199999809265137,17.520000457763672,4.275000095367432,98.77999877929688,68.76000213623047,1526.97998046875,,,200.22062053749613,115.46567761279312,277.2403714637089,1785.5876133227766,155.21435167553267,813.5722596001038
2025-08-05,,4.375,4.33,4.196000099182129,17.850000381469727,4.233500003814697,98.77999877929688,67.63999938964844,1538.6400146484375,,,201.06011407523118,115.26805831252594,276.85390083211263,1809.7969004816657,158.21940828359575,811.1479436475371
2025-08-06,,4.375,4.33,4.21999979019165,16.770000457763672,4.224999904632568,98.18000030517578,66.88999938964844,1541.47998046875,,,202.39611638384343,115.18354306189092,274.6065535645483,1760.483583078621,159.91513849331574,792.3876837350596
2025-08-07,,4.375,4.33,4.24399995803833,16.56999969482422,4.218999862670898,98.4000015258789,66.43000030517578,1549.1099853515625,,,201.942011151001,115.08995593583842,275.69421339342875,1776.34442161441,160.04118241895554,797.5811946653122
2025-08-08,,4.375,4.33,4.284999847412109,15.149999618530273,4.227499961853027,98.18000030517578,66.58999633789062,1556.97998046875,,,203.2241193053156,116.48863918731638,275.1516166732708,1762.368836055102,160.60187447673732,786.0866622261392
2025-08-09,,4.375,4.33,,,,,,,,,,,,,,
2025-08-10,,4.375,4.33,,,,,,,,,,,,,,
2025-08-11,,4.375,4.33,4.2729997634887695,16.25,4.23799991607666,98.5199966430664,66.62999725341797,1563.239990234375,,,205.39118475980928,116.96217115128628,272.51901104070487,1774.8518233270709,162.23636499142654,798.890686327019
2025-08-12,,4.375,4.33,4.293000221252441,14.729999542236328,4.231500148773193,98.0999984741211,66.12000274658203,1567.9000244140625,,,206.5074260249522,118.54009638348992,272.85274151172524,1764.7367781770022,164.95755606689903,804.0024129761781
2025-08-13,,4.375,4.33,4.23799991607666,14.489999771118164,4.227499961853027,97.83999633789062,65.62999725341797,1586.5999755859375,,,209.9641163994598,119.83167511131106,274.47199288513286,1818.8240869033493,160.01019385751326,815.6720608431871
2025-08-14,,4.375,4.33,4.293000221252441,14.829999923706055,4.204999923706055,98.25,66.83999633789062,1581.050048828125,,,210.07712142391068,119.23155132144913,272.6056339127251,1781.1633673816314,158.0777464112894,817.8529496502147
2025-08-15,,4.375,4.33,4.328000068664551,15.09000015258789,4.212500095367432,97.8499984741211,65.8499984741211,1576.3399658203125,,,210.2787592957034,117.63794056207455,271.8246057830879,1778.512005497824,156.59440260453925,805.0594268680211
2025-08-16,,4.375,4.33,,,,,,,,,,,,,,
2025-08-17,,4.375,4.33,,,,,,,,,,,,,,
2025-08-18,,4.375,4.33,4.341000080108643,14.989999771118164,4.2104997634887695,98.16999816894531,66.5999984741211,1584.9599609375,,,211.06666464297223,118.24047142650342,270.6288331459432,1789.0318073372807,158.79525929434527,801.7327168512745
2025-08-19,,4.375,4.33,4.302000045776367,15.569999694824219,4.21999979019165,98.2699966430664,65.79000091552734,1590.239990234375,,,211.78644506992092,119.02172614560894,271.49372108498187,1800.784938176994,160.41696119872583,802.4485785047406
2025-08-20,,4.375,4.33,4.296000003814697,15.6899995803833,4.2204999923706055,98.22000122070312,66.83999633789062,1588.2099609375,,,211.49986069994605,119.526619994823,274.1108272521321,1781.524263188693,165.55082798502391,799.5877876306247
2025-08-21,,4.375,4.33,4.329999923706055,16.600000381469727,4.223499774932861,98.62000274658203,67.66999816894531,1592.8699951171875,,,212.0599927468607,119.83315304336213,272.58745384655265,1767.8575091893815,174.3167085366837,805.9938298286866
2025-08-22,,4.375,4.33,4.260000228881836,14.220000267028809,4.2220001220703125,97.72000122070312,67.7300033569336,1597.469970703125,,,212.61712628073118,120.18427693417047,273.91937885806186,1789.773062165878,175.45869072077235,805.6554867089076
2025-08-23,,4.375,4.33,,,,,,,,,,,,,,
2025-08-24,,4.375,4.33,,,,,,,,,,,,,,
2025-08-25,,4.375,4.33,4.275000095367432,14.789999961853027,4.224999904632568,98.43000030517578,68.80000305175781,1602.449951171875,,,213.9929344061123,120.55741297409897,270.807972311313,1839.0591140714623,172.18248914606792,809.4282830416344
2025-08-26,,4.375,4.33,4.257999897003174,14.619999885559082,4.204999923706055,98.2300033569336,67.22000122070312,1581.5899658203125,,,210.8942349210502,119.76088577751287,271.1321538205134,1825.3159003412045,171.11899962118403,800.9821075388506
2025-08-27,,4.375,4.33,4.23799991607666,14.850000381469727,4.2144999504089355,98.2300033569336,68.05000305175781,1587.9100341796875,,,210.32120627462015,119.58456835635023,268.5127084928688,1848.912556927825,171.17936470027695,810.0383597160665
2025-08-28,,4.375,4.33,4.206999778747559,14.430000305175781,4.23199987411499,97.80999755859375,68.62000274658203,1587.0699462890625,,,210.56344881737488,120.34872822309093,269.7668258373298,1815.139772068081,167.3351189234783,800.2793983757041
2025-08-29,,4.375,4.33,4.2270002365112305,15.359999656677246,4.207499980926514,97.7699966430664,68.12000274658203,1575.1199951171875,,,209.85832290755675,119.90503734777427,268.6691282008308,1821.8886397901222,164.7329558055377,789.2823704161477
2025-08-30,,4.375,4.33,,,,,,,,,,,,,,
2025-08-31,,4.375,4.33,,,,,,,1.8,,,,,,,
2025-09-01,1034.900269774872,4.375,4.33,,,4.222499847412109,,,,,,,,,,,
2025-09-02,,4.375,4.33,4.2769999504089355,17.170000076293945,4.222499847412109,98.4000015258789,69.13999938964844,1576.699951171875,,,209.6915239936728,119.82589055853492,268.42247000018824,1803.8436744888902,164.99532733059294,799.4013907538724
2025-09-03,,4.375,4.33,4.210999965667725,16.350000381469727,4.22629976272583,98.13999938964844,67.5999984741211,1578.52001953125,,,208.38893401972928,120.60306292910474,269.83965310025695,1831.3488633119305,166.6756536775594,823.4361133671438
2025-09-04,,4.375,4.33,4.176000118255615,15.300000190734863,4.224999904632568,98.3499984741211,66.98999786376953,1578.1500244140625,,2.75,209.2941257364501,120.47479775262619,270.40192505960886,1816.4987884396876,164.87850346364328,807.9658965299532
2025-09-05,,4.375,4.33,4.085999965667725,15.180000305175781,4.22130012512207,97.7699966430664,65.5,,,,,,,,,
2025-09-06,,4.375,4.33,,,,,,,,,,,,,,
2025-09-07,,4.375,4.33,,,,,,,,,,,,,,
2025-09-08,,4.375,4.33,4.046000003814697,15.109999656677246,4.21750020980835,97.44999694824219,66.0199966430664,1585.5899658203125,,,209.24064729623737,121.1122599381583,272.18890211224004,1805.480233837703,168.01340269448778,809.1053511342396
2025-09-09,,4.375,4.33,4.073999881744385,15.039999961853027,4.215000152587891,97.79000091552734,66.38999938964844,1586.81005859375,,,208.62726533768935,122.25540165832992,271.20519611876836,1788.993482176826,168.64996696308074,799.2381982464884
2025-09-10,,4.375,4.33,4.0320000648498535,15.350000381469727,4.203499794006348,97.77999877929688,67.48999786376953,1590.75,,,208.79014331580882,122.49059447964797,268.38231072864266,1794.6435446562634,166.91317933778157,805.7419115204991
2025-09-11,,4.375,4.33,4.011000156402588,14.710000038146973,4.212500095367432,97.54000091552734,66.37000274658203,1582.8499755859375,,,210.2142029854659,122.28846403890459,271.58917282733245,1836.6129852382978,165.49602473018984,801.4408198265439
2025-09-12,,4.375,4.33,4.060999870300293,14.760000228881836,4.2195000648498535,97.55000305175781,66.98999786376953,1600.1300048828125,,,212.68774002775385,122.82056013280123,270.52819537997743,1831.3288307194298,166.57947433107523,807.9272681837745
2025-09-13,,4.375,4.33,,,,,,,,,,,,,,
2025-09-14,,4.375,4.33,,,,,,,,,,,,,,
2025-09-15,,4.375,4.33,4.033999919891357,15.6899995803833,4.202499866485596,97.30000305175781,67.44000244140625,,,,,,,,,
2025-09-16,,4.375,4.33,4.026000022888184,16.360000610351562,4.203999996185303,96.62999725341797,68.47000122070312,,,,,,,,,
2025-09-17,,4.375,4.33,4.076000213623047,15.720000267028809,4.202499866485596,96.87000274658203,67.94999694824219,1611.699951171875,,,215.46754453070483,123.98273639031268,271.0874806985,1846.9272381794347,171.03281829410528,813.6471129096489
2025-09-18,,4.125,4.33,4.104000091552734,15.699999809265137,4.185999870300293,97.3499984741211,67.44000244140625,1598.9300537109375,,,214.1743481819052,123.66089327524172,271.4391414604627,1864.2046080845646,169.3339205982199,802.0565383621134
2025-09-19,,4.125,4.08,4.138999938964844,15.449999809265137,4.19350004196167,97.63999938964844,66.68000030517578,1598.22998046875,,,212.55052980504055,123.64387235119322,271.4391414604627,1872.5653398275945,171.0733585375182,801.3541819230996
2025-09-20,,4.125,4.08,,,,,,,,,,,,,,
2025-09-21,,4.125,4.08,,,,,,,,,,,,,,
2025-09-22,,4.125,4.08,4.14300012588501,16.100000381469727,4.207499980926514,97.33000183105469,66.56999969482422,1603.3399658203125,,,214.1249766132646,123.72662479610864,271.7880692176522,1844.5707978838343,168.9805456610773,799.2453656248617
2025-09-23,,4.125,4.09,4.119999885559082,16.639999389648438,4.199999809265137,97.26000213623047,67.62999725341797,1603.550048828125,,,213.9517826827636,123.45201431684801,272.0080661812228,1845.6413044700582,168.1439584338549,811.0101491633714
2025-09-24,,4.125,4.09,4.146999835968018,16.18000030517578,4.196000099182129,97.87000274658203,69.30999755859375,1599.6600341796875,,,214.35766449658385,123.07553977690344,277.83288063671006,1862.07961579778,169.8039898522596,814.6670653283666
2025-09-25,,4.125,4.09,4.171999931335449,16.739999771118164,4.204999923706055,98.55000305175781,69.41999816894531,1598.469970703125,,,213.24450396923012,123.99837773158634,279.45983617767,1855.1358421855539,168.96554320467936,818.1191052324868
2025-09-26,,4.125,4.09,4.186999797821045,15.289999961853027,4.212500095367432,98.1500015258789,70.12999725341797,1609.050048828125,,,215.0652082979235,124.00124646436824,279.7951694718625,1821.3368460393988,171.5691904312057,814.0459146476564
2025-09-27,,4.125,4.09,,,,,,,,,,,,,,
2025-09-28,,4.125,4.09,,,,,,,,,,,,,,
2025-09-29,,4.125,4.09,4.140999794006348,16.1200008392334,4.21750020980835,97.91000366210938,67.97000122070312,1610.949951171875,,,216.5619278428284,124.5373787845373,277.9528045692113,1800.477983922272,169.71078463410618,812.6437038713602
2025-09-30,,4.125,4.09,4.1479997634887695,16.280000686645508,4.212500095367432,97.7699966430664,67.0199966430664,1611.8800048828125,2.0,,215.9361873300637,124.66299648808388,274.93307280701356,1799.197199705462,168.80858216175398,812.6437038713602
2025-10-01,1038.281370551327,4.125,4.09,4.105999946594238,16.290000915527344,4.205999851226807,97.70999908447266,65.3499984741211,1620.8699951171875,,,217.80412002068067,124.80853961282476,272.6355292717482,1864.449095886045,170.1146509075108,817.5214897023459
2025-10-02,,4.125,4.09,4.0879998207092285,16.6299991607666,4.204999923706055,97.8499984741211,64.11000061035156,1637.800048828125,,,219.6512956585666,124.78117147913225,276.779910700236,1986.0359581970922,169.57876728678562,823.0360075687745
2025-10-03,,4.125,4.09,4.11899995803833,16.649999618530273,4.203000068664551,97.72000122070312,64.52999877929688,1635.06005859375,,,220.06609832234045,124.19796632075804,278.7397260645382,1998.2455062457625,170.79503098945324,820.2970999046534
2025-10-04,,4.125,4.09,,,,,,,,,,,,,,
2025-10-05,,4.125,4.09,,,,,,,,,,,,,,
2025-10-06,,4.125,4.09,4.1620001792907715,16.3700008392334,4.212500095367432,98.11000061035156,65.47000122070312,1638.0899658203125,,,220.62436868036812,124.71240328590885,280.75523987398134,2013.6992940233395,169.63836484354982,815.347054518102
2025-10-07,,4.125,4.09,4.126999855041504,17.239999771118164,4.212500095367432,98.58000183105469,65.44999694824219,1630.030029296875,,,219.9423223880426,124.2710758698679,278.91387961778184,2039.0720021044165,170.22046945761545,810.4431426873911
2025-10-08,,4.125,4.09,4.129000186920166,16.299999237060547,4.211999893188477,98.8499984741211,66.25,1627.5,,,219.87883401071736,124.99200019461871,279.8643619619412,2028.2056712820279,169.87967867138494,816.197040729634
2025-10-09,,4.125,4.1,4.1479997634887695,16.43000030517578,4.213500022888184,99.54000091552734,65.22000122070312,1629.6700439453125,,,218.17330385561368,125.83960907875958,281.6355514155176,2101.2677416830034,169.6035240528585,885.0005695220169
2025-10-10,,4.125,4.1,4.051000118255615,21.65999984741211,4.213500022888184,98.9800033569336,62.72999954223633,1622.25,,,217.30672223407942,125.45056116134943,281.4071340724528,2048.0943458632205,169.2894556300165,893.431148130094
2025-10-11,,4.125,4.1,,,,,,,,,,,,,,
2025-10-12,,4.125,4.1,,,,,,,,,,,,,,
2025-10-13,,4.125,4.1,4.051000118255615,19.030000686645508,4.21750020980835,99.2699966430664,63.31999969482422,1615.18994140625,,,215.13740606870567,125.19524302672755,278.62163045285024,2032.47549635035,168.9941587370986,923.5208202982303
2025-10-14,,4.125,4.1,4.021999835968018,20.809999465942383,4.2245001792907715,99.05000305175781,62.38999938964844,1611.4599609375,,,214.1231203425936,124.58970225203679,278.7872278080369,1987.9902676759802,166.72001724867502,914.1153406687433
2025-10-15,,4.125,4.1,4.046000003814697,20.639999389648438,4.228000164031982,98.79000091552734,61.90999984741211,1611.550048828125,,,213.85647556940359,124.75244315406286,284.12016320645364,2039.8825455239262,167.06359849184895,911.9388516502344
2025-10-16,,4.125,4.1,3.9760000705718994,25.309999465942383,4.229499816894531,98.38999938964844,61.060001373291016,1612.2900390625,,,214.1959258670937,125.54659315844883,277.2540382854128,2102.3979723504754,167.08504995582229,917.8681510371711
2025-10-17,,4.125,4.11,4.006999969482422,20.780000686645508,4.224999904632568,98.43000030517578,61.290000915527344,1607.1800537109375,,,213.64162858563526,125.83253743642435,279.66156595773174,2033.143755791092,164.783282496473,903.9282682678845
2025-10-18,,4.125,4.11,,,,,,,,,,,,,,
2025-10-19,,4.125,4.11,,,,,,,,,,,,,,
2025-10-20,,4.125,4.11,3.9860000610351562,18.229999542236328,4.223499774932861,98.58999633789062,61.0099983215332,,,,,,,,,
2025-10-21,,4.125,4.11,3.9630000591278076,17.8700008392334,4.223499774932861,98.93000030517578,61.31999969482422,1616.8299560546875,,,214.99755523120504,126.4908848742315,276.24751940859073,2084.4163101670956,165.43763937444552,908.4545781724383
2025-10-22,,4.125,4.11,3.953000068664551,18.600000381469727,4.226500034332275,98.9000015258789,62.59000015258789,1602.68994140625,,,212.23840825811888,126.0647731371413,274.748678646059,2095.837302827535,164.41095070360223,891.9356318552066
2025-10-23,,4.125,4.11,3.990999937057495,17.299999237060547,4.227499961853027,98.94000244140625,65.98999786376953,1608.0,,,213.37227144104025,126.07142915065988,276.7663953550961,2101.5404439019867,164.1808609805034,903.6844565657168
2025-10-24,,4.125,4.11,3.996999979019165,16.3700008392334,4.226500034332275,98.94999694824219,65.94000244140625,1613.27001953125,,,214.36301290732308,126.13509841940684,277.9846321321474,2135.0431489491702,166.70601566213205,901.0909132981899
2025-10-25,,4.125,4.11,,,,,,,,,,,,,,
2025-10-26,,4.125,4.11,,,,,,,,,,,,,,
2025-10-27,,4.125,4.11,3.996999979019165,15.789999961853027,4.221499919891357,98.77999877929688,65.62000274658203,1618.3800048828125,,,215.21081718637615,128.11499604777885,276.48189223889716,2158.7119351687675,165.79827623315705,907.7656575364696
2025-10-28,,4.125,4.12,3.9830000400543213,16.420000076293945,4.206299781799316,98.69000244140625,64.4000015258789,1613.56005859375,,,214.2459131758899,127.63784750047644,278.27823780402065,2171.615418465911,164.9815348404473,897.826642190112
2025-10-29,,4.125,4.12,4.058000087738037,16.920000076293945,4.196499824523926,99.22000122070312,64.91999816894531,1611.5400390625,,,213.73774093554147,126.99753183351372,277.5262733644518,2171.819361416973,164.56908016070378,884.6905142696118
2025-10-30,,3.875,4.12,4.0929999351501465,16.90999984741211,4.1875,99.52999877929688,65.0,1614.199951171875,,,213.7164367653408,127.8625342402409,275.47969947756366,2149.4857572914116,164.78585195477217,879.2456876104407
2025-10-31,,3.875,3.87,4.10099983215332,17.440000534057617,4.197500228881836,99.80000305175781,65.06999969482422,1609.1500244140625,2.1,,213.4749212275155,126.34650371377636,273.11329076079755,2135.056323428026,163.8540530067963,879.2842768755665
2025-11-01,977.0566075979775,3.875,3.86,,,,,,,,,,,,,,
2025-11-02,,3.875,3.86,,,,,,,,,,,,,,
2025-11-03,,3.875,3.86,4.105999946594238,17.170000076293945,4.185500144958496,99.87000274658203,64.88999938964844,1622.4200439453125,,,215.5586564526988,128.00391505984425,273.8852502818695,2090.119291066571,163.82983711176075,877.8787111635148
2025-11-04,,3.875,3.87,4.089000225067139,19.0,4.197000026702881,100.22000122070312,64.44000244140625,1623.5,,,217.1564656569465,127.74237347059471,271.9303003334652,2081.4247890727925,162.55124799050668,873.7377616364676
2025-11-05,,3.875,3.87,4.1570000648498535,18.010000228881836,4.199999809265137,100.19999694824219,63.52000045776367,1621.550048828125,,,217.81819367802944,128.16549669479204,274.1597435935959,2077.9799908953637,162.6333002390279,866.7755622213103
2025-11-06,,3.875,3.87,4.0929999351501465,19.5,4.189000129699707,99.7300033569336,63.380001068115234,1618.93994140625,,2.75,216.47983417169803,127.80975870553088,275.11808642786747,2076.5704294241905,158.57264063501563,870.9360974572292
2025-11-07,,3.875,3.87,4.0929999351501465,19.079999923706055,4.179999828338623,99.5999984741211,63.630001068115234,1619.1300048828125,,,216.86513053061464,129.1385596652258,276.19944726299946,2082.3762374266257,158.35110367896831,870.9360974572292
2025-11-08,,3.875,3.87,,,,,,,,,,,,,,
2025-11-09,,3.875,3.87,,,,,,,,,,,,,,
2025-11-10,,3.875,3.87,4.110000133514404,17.600000381469727,4.173500061035156,99.62000274658203,64.05999755859375,1627.3800048828125,,,217.56396139124604,129.43359635939598,275.121035691737,2124.9648380734247,160.73101977740342,875.7669721789496
2025-11-11,,3.875,3.87,4.119999885559082,17.280000686645508,4.15749979019165,99.45999908447266,65.16000366210938,1634.8299560546875,,,218.52432635900493,130.5615304115537,278.59691353334017,2113.432385674886,160.0339893528242,879.2983101207643
2025-11-12,,3.875,3.87,4.065000057220459,17.510000228881836,4.135000228881836,99.4800033569336,62.709999084472656,1631.6099853515625,,,217.66533044913126,130.24327924030598,279.99654151837495,2120.6096134450813,158.85381637106212,875.7810976081155
2025-11-13,,3.875,3.87,4.111999988555908,20.0,4.132999897003174,99.18000030517578,63.0099983215332,1632.27001953125,,,218.05689422471565,130.00342447153062,281.5978012934666,2099.497836389818,157.86860098946144,887.5486697913683
2025-11-14,,3.875,3.88,4.1479997634887695,19.829999923706055,4.126500129699707,99.2699966430664,64.38999938964844,1625.6700439453125,,,217.35768426280964,129.5594291372056,281.2903537509476,2036.1020540862455,156.01882841186514,879.2193386489985
2025-11-15,,3.875,3.88,,,,,,,,,,,,,,
2025-11-16,,3.875,3.88,,,,,,,,,,,,,,
2025-11-17,,3.875,3.88,4.132999897003174,22.3799991607666,4.130000114440918,99.58999633789062,64.19999694824219,1627.4300537109375,,,218.22335574081868,128.408272528231,279.38510888905535,2026.851903420403,155.49190140066304,874.1799421458022
2025-11-18,,3.875,3.88,4.123000144958496,24.690000534057617,4.145999908447266,99.55000305175781,64.88999938964844,1614.06005859375,,,215.84814128927013,127.7226149565801,281.27137859437414,2009.5283925363044,151.50129469404456,862.078609510975
2025-11-19,,3.875,3.88,4.132999897003174,23.65999984741211,4.161300182342529,100.2300033569336,63.5099983215332,1623.8900146484375,,,217.58747817454457,128.78699868119304,282.3581634644803,2009.5283925363044,150.90158636569672,866.3700771105521
2025-11-20,,3.875,3.88,4.105999946594238,26.420000076293945,4.1479997634887695,100.16000366210938,63.380001068115234,1619.9599609375,,,217.32402710284063,127.74212125816382,284.59943909358515,2040.4007025604833,152.42365736490507,874.9330591456919
2025-11-21,,3.875,3.88,4.063000202178955,23.43000030517578,4.1539998054504395,100.18000030517578,62.560001373291016,1617.5699462890625,,,216.60635528226967,127.95526396438682,287.34963412724096,2003.0685856141677,150.07746374139256,872.0234339167833
2025-11-22,,3.875,3.88,,,,,,,,,,,,,,
2025-11-23,,3.875,3.88,,,,,,,,,,,,,,
2025-11-24,,3.875,3.88,4.038000106811523,20.520000457763672,4.164999961853027,100.13999938964844,63.369998931884766,1618.780029296875,,,217.18580482615172,127.80801579594623,289.28766360735864,2007.0911878941743,145.05930115040255,862.9999910140299
2025-11-25,,3.875,3.88,4.001999855041504,18.559999465942383,4.13700008392334,99.66000366210938,62.47999954223633,1611.739990234375,,,217.3311766503224,128.442042895596,288.38902401404977,2017.436970310487,144.93095430106453,866.0251986970108
2025-11-26,,3.875,3.88,3.997999906539917,17.190000534057617,4.128499984741211,99.5999984741211,63.130001068115234,1624.5,,,219.93969854559418,127.2808050386252,291.8500759213129,1999.663938206669,146.95353752869616,872.68689748265
2025-11-27,,3.875,3.88,,,4.136000156402588,,,1617.4599609375,,,218.27998385943474,125.74399427666141,286.8946379020045,1999.7037933899207,142.9088146804519,879.2981608941584
2025-11-28,,3.875,3.88,4.017000198364258,16.350000381469727,4.127999782562256,99.45999908447266,63.20000076293945,1604.469970703125,,,219.42328515466914,124.9058964591993,287.10949051268517,1935.4531581958252,141.2916798057004,883.6802941019171
2025-11-29,,3.875,3.89,,,,,,,,,,,,,,
2025-11-30,,3.875,3.89,,,,,,,2.2,,,,,,,
2025-12-01,981.2246703958918,3.875,3.89,4.0960001945495605,17.239999771118164,4.130000114440918,99.41000366210938,63.16999816894531,1624.5699462890625,,,222.90253235999785,123.29576718566662,284.9178762362164,1843.9303113118733,145.760233332816,885.0525236666998
2025-12-02,,3.875,3.89,4.085999965667725,16.59000015258789,4.128499984741211,99.36000061035156,62.45000076293945,1630.5999755859375,,,226.97930563939076,124.52390284204178,286.62613666424494,1832.3456302080317,147.8364598667473,878.0309188359352
2025-12-03,,3.875,3.89,4.057000160217285,16.079999923706055,4.130000114440918,98.8499984741211,62.66999816894531,1622.8399658203125,,,226.43575337959413,124.26686640113702,284.14305487210873,1847.5920276949194,146.26240405761226,883.6875620990371
2025-12-04,,3.875,3.89,4.107999801635742,15.779999732971191,4.119999885559082,98.98999786376953,63.2599983215332,1621.0699462890625,,,225.1538057913093,124.60186562289695,275.85764385069876,1840.3816648324664,145.02506911890254,890.6978883614275
2025-12-05,,3.875,3.89,4.138999938964844,15.40999984741211,4.114500045776367,98.98999786376953,63.75,1616.52001953125,,,224.61929880885228,124.60496234137972,272.0477059303015,1815.0928882897783,143.24347567427253,889.374440222175
2025-12-06,,3.875,3.89,,,,,,,,,,,,,,
2025-12-07,,3.875,3.89,,,,,,,,,,,,,,
2025-12-08,,3.875,3.89,4.171999931335449,16.65999984741211,4.108500003814697,99.08999633789062,62.4900016784668,1612.780029296875,,,223.74222976761112,122.81774046513416,276.20125375200695,1829.31264754349,140.71775659503498,898.3819405059131
2025-12-09,,3.875,3.89,4.185999870300293,16.93000030517578,4.111999988555908,99.22000122070312,61.939998626708984,1614.1700439453125,,,223.12281207418542,124.05536546559621,280.6737860488644,1823.2161352223416,142.26672147621383,920.2512548942047
2025-12-10,,3.875,3.89,4.164000034332275,15.770000457763672,4.11299991607666,98.79000091552734,62.209999084472656,1611.0,,,222.98584893093278,123.88756602439616,280.3207342973401,1831.9083082618913,144.86466651819882,899.589826034328
2025-12-11,,3.625,3.89,4.140999794006348,14.850000381469727,4.115499973297119,98.3499984741211,61.279998779296875,1625.3900146484375,,,226.10020002218505,126.18478044694568,280.92716507706825,1830.0715705407797,145.894678684924,898.879772825148
2025-12-12,,3.625,3.64,4.193999767303467,15.739999771118164,4.107999801635742,98.4000015258789,61.119998931884766,1637.81005859375,,,227.43788352513752,126.37155798735125,282.10726486694597,1829.6404227450143,148.7730506771419,918.9186553705852
2025-12-13,,3.625,3.64,,,,,,,,,,,,,,
2025-12-14,,3.625,3.64,,,,,,,,,,,,,,
2025-12-15,,3.625,3.64,4.182000160217285,16.5,4.094799995422363,98.1500015258789,60.560001373291016,1643.719970703125,,,228.50660234712353,125.99304565911096,280.7928597689836,1816.7455095329174,149.75290163930492,923.6001806324714
2025-12-16,,3.625,3.64,4.14900016784668,16.479999542236328,4.0929999351501465,98.1500015258789,58.91999816894531,1648.31005859375,,,228.64758554376237,126.95631761635562,284.74186653568995,1782.6248269727732,150.75336232240875,930.3235539994978
2025-12-17,,3.625,3.64,4.151000022888184,17.6200008392334,4.084000110626221,98.37000274658203,59.68000030517578,1641.43994140625,,,226.61009658552467,126.25013945965722,281.76934496582516,1815.2062152089102,150.75336232240875,938.6266884367096
2025-12-18,,3.625,3.64,4.116000175476074,16.8700008392334,4.085999965667725,98.43000030517578,59.81999969482422,1646.9000244140625,,,226.2285991905656,127.37529530384344,282.9736446570509,1796.8616298965294,150.34636134340525,960.559829105361
2025-12-19,,3.625,3.64,4.151000022888184,14.90999984741211,4.081999778747559,98.5999984741211,60.470001220703125,1665.9000244140625,,,231.71837163698913,128.58672637208326,283.74918161972624,1802.699232461177,152.22449740480565,951.4867489194883
2025-12-20,,3.625,3.64,,,,,,,,,,,,,,
2025-12-21,,3.625,3.64,,,,,,,,,,,,,,
2025-12-22,,3.625,3.64,4.169000148773193,14.079999923706055,4.07450008392334,98.29000091552734,62.06999969482422,1671.2900390625,,,232.18519353308432,127.67359249028219,284.2739183637253,1792.1314750528957,152.19360667956312,952.4429872438462
2025-12-23,,3.625,3.64,4.169000148773193,14.0,4.075300216674805,97.94000244140625,62.380001068115234,1676.6400146484375,,,232.74234077122134,127.78499533757468,286.468624150532,1809.4579845684316,152.53706631374217,949.146578662856
2025-12-24,,3.625,3.64,4.136000156402588,13.470000267028809,4.061500072479248,97.9800033569336,62.2400016784668,1678.31005859375,,,231.6368034852199,128.42766275235329,286.1175653713067,1795.277077261462,154.24244643144692,955.5091466032603
2025-12-25,,3.625,3.64,,,,,,,,,,,,,,
2025-12-26,,3.625,3.64,4.136000156402588,13.600000381469727,4.042500019073486,98.0199966430664,60.63999938964844,1677.0999755859375,,,231.42822162683933,128.64376880623544,285.69742228327584,1775.4394602954935,154.31036482900979,951.1411522940333
2025-12-27,,3.625,3.64,,,,,,,,,,,,,,
2025-12-28,,3.625,3.64,,,,,,,,,,,,,,
2025-12-29,,3.625,3.64,4.116000175476074,14.199999809265137,4.046000003814697,98.04000091552734,61.939998626708984,1680.989990234375,,,232.31148794461768,129.01587742258658,287.80433452147537,1773.8613308067165,153.95533354989354,952.4658356792079
2025-12-30,,3.625,3.64,4.130000114440918,14.329999923706055,4.057499885559082,98.23999786376953,61.91999816894531,1684.530029296875,,,233.2716205780951,128.78690576746789,287.36827261223976,1768.291354007879,154.36480817132704,961.2298433846016
2025-12-31,,3.625,3.64,4.163000106811523,14.949999809265137,4.045000076293945,98.27999877929688,60.849998474121094,1680.1099853515625,2.2,,233.31248095448433,128.74518036272931,287.63781350042706,1734.4046688725132,154.03895709325514,950.8760939631618
2026-01-01,1004.341820515184,3.625,3.64,,,,,,,,,,,,,,
2026-01-02,,3.625,3.64,4.186999797821045,14.510000228881836,4.052499771118164,98.41999816894531,60.75,1669.760009765625,,,230.74512222366255,127.71686400925428,292.3948667440564,1763.9765912005043,152.48573770476287,942.5163232771445
2026-01-03,,3.625,3.64,,,,,,,,,,,,,,
2026-01-04,,3.625,3.64,,,,,,,,,,,,,,
2026-01-05,,3.625,3.64,4.164999961853027,14.899999618530273,4.051499843597412,98.2699966430664,61.7599983215332,1680.3199462890625,,,234.15772271614702,128.42318113839403,295.0217303804454,1793.7109166099876,152.28942697805428,958.9089964048997
2026-01-06,,3.625,3.64,4.178999900817871,14.75,4.069499969482422,98.58000183105469,60.70000076293945,1672.3499755859375,,,232.13973261265966,127.76738038397343,299.0211306773219,1809.2732857213477,150.41418382445488,939.5620937658089
2026-01-07,,3.625,3.64,4.138000011444092,15.380000114440918,4.043499946594238,98.68000030517578,59.959999084472656,1676.8299560546875,,,232.8442302276886,129.02087108243794,296.68503536921406,1804.0658882699006,150.8253051746189,946.5881979031067
2026-01-08,,3.625,3.64,4.183000087738037,15.449999809265137,4.090000152587891,98.93000030517578,61.9900016784668,1669.5699462890625,,,231.86819106832996,128.24934441555962,298.1751775453003,1833.2242738106909,148.14040915913424,948.2887740706346
2026-01-09,,3.625,3.64,4.171000003814697,14.489999771118164,4.054999828338623,99.12999725341797,63.34000015258789,1686.5400390625,,,235.87852799114324,129.12094397203498,297.8288534274992,1894.1947566023757,149.99119360553905,967.3517391377386
2026-01-10,,3.625,3.64,,,,,,,,,,,,,,
2026-01-11,,3.625,3.64,,,,,,,,,,,,,,
2026-01-12,,3.625,3.64,4.186999797821045,15.119999885559082,4.091000080108643,98.86000061035156,63.869998931884766,1695.43994140625,,,237.20825963861833,131.62757832444638,300.9418312909156,1867.7581751849207,150.64324311250726,950.6795723091519
2026-01-13,,3.625,3.64,4.171000003814697,15.979999542236328,4.060500144958496,99.12999725341797,65.47000122070312,1708.199951171875,,,240.57413009546917,130.23124234432598,301.97452049937925,1860.1587477881317,150.09389260349607,948.9548303453521
2026-01-14,,3.625,3.64,4.139999866485596,16.75,4.056000232696533,99.12999725341797,66.5199966430664,1710.9100341796875,,,240.6605229024462,130.53435815622456,303.0521533711593,1869.7522114789963,153.00183237899063,955.5448563176626
2026-01-15,,3.625,3.64,4.159999847412109,15.84000015258789,4.046500205993652,99.31999969482422,63.7599983215332,1715.1600341796875,,,243.43143958133356,129.57952666076807,305.2784857439439,1910.6515870394837,152.5229688364286,942.7849711457519
2026-01-16,,3.625,3.64,4.230999946594238,15.859999656677246,4.052000045776367,99.38999938964844,64.12999725341797,1712.739990234375,,,243.14428048099654,128.3668390061063,307.9874573745317,1938.6991388770684,152.43447804452416,946.7024094736329
2026-01-17,,3.625,3.64,,,,,,,,,,,,,,
2026-01-18,,3.625,3.64,,,,,,,,,,,,,,
2026-01-19,,3.625,3.64,,,4.054999828338623,,,1712.3299560546875,,,243.14428048099654,128.3668390061063,307.9874573745317,1938.6991388770684,152.43447804452416,946.7024094736329
2026-01-20,,3.625,3.64,4.295000076293945,20.09000015258789,4.052499771118164,98.63999938964844,64.91999816894531,1699.06005859375,,,239.93378851217088,128.23892674613643,306.36719794733415,1870.3050693644452,152.42276141314775,925.1675057254886
2026-01-21,,3.625,3.64,4.252999782562256,16.899999618530273,4.052000045776367,98.76000213623047,65.23999786376953,1705.81005859375,,,241.05138873683737,128.18209291160878,307.6879345991806,1878.9693603788655,154.42742486877884,939.2452279481296
2026-01-22,,3.625,3.64,4.249000072479248,15.640000343322754,4.044000148773193,98.36000061035156,64.05999755859375,1717.1400146484375,,2.75,243.380109307249,128.8363868094144,306.4472580509166,1888.4579715583213,155.056782178873,945.5914778436645
2026-01-23,,3.625,3.64,4.238999843597412,16.09000015258789,4.037499904632568,97.5999984741211,65.87999725341797,1719.989990234375,,,244.3923840437762,128.98193964883941,307.2811277276284,1841.7901791081845,154.4396377703648,936.0105042749369
2026-01-24,,3.625,3.64,,,,,,,,,,,,,,
2026-01-25,,3.625,3.64,,,,,,,,,,,,,,
2026-01-26,,3.625,3.64,4.2129998207092285,16.149999618530273,4.002999782562256,97.04000091552734,65.58999633789062,1744.0699462890625,,,250.07097955613932,130.2838218531398,311.9140731441373,1775.9481210153187,154.27124089697398,945.4843383244729
2026-01-27,,3.625,3.64,4.2230000495910645,16.350000381469727,3.9630000591278076,96.22000122070312,67.56999969482422,1771.25,,,257.37186658960997,129.9159629362562,303.99247256120583,1787.7692947084463,155.31783255327403,959.241387558031
2026-01-28,,3.625,3.64,4.250999927520752,16.350000381469727,3.9489998817443848,96.44999694824219,68.4000015258789,1756.489990234375,,,253.93008954984958,130.68680921769408,304.3480047257417,1738.1423095817627,153.64251165520383,972.7627713227523
2026-01-29,,3.625,3.64,4.2270002365112305,16.8799991607666,3.9165000915527344,96.27999877929688,70.70999908447266,1730.8900146484375,,,249.31106449242492,129.01648746014956,306.63938555880554,1709.2642156163713,149.54743422015744,959.7386858398389
2026-01-30,,3.625,3.64,4.241000175476074,17.440000534057617,3.924999952316284,96.98999786376953,70.69000244140625,1740.8800048828125,,,251.87534667818832,129.3130757724726,312.539348060447,1715.3018095462642,152.05086790403615,953.7591093593726
2026-01-31,,3.625,3.64,,,,,,,2.3,,,,,,,
2026-02-01,1033.768393945682,3.625,3.64,,,,,,,,,,,,,,
2026-02-02,,3.625,3.64,4.275000095367432,16.34000015258789,3.939500093460083,97.61000061035156,66.30000305175781,,,,,,,,,
2026-02-03,,3.625,3.64,4.27400016784668,18.0,3.9625000953674316,97.44000244140625,67.33000183105469,1748.260009765625,,,254.05494869926844,130.50250441380925,309.97546029174936,1731.1141957567877,151.1728026142851,952.1252180954699
2026-02-04,,3.625,3.64,4.275000095367432,18.639999389648438,3.930000066757202,97.62000274658203,69.45999908447266,1742.8199462890625,,,252.7770318831621,130.2330120560804,309.81871505709404,1708.7385641119777,148.78865572238936,952.4258138763809
2026-02-05,,3.625,3.64,4.210000038146973,21.770000457763672,3.929500102996826,97.81999969482422,67.55000305175781,1731.02001953125,,,252.803688637156,130.1117852931085,310.91403634528,1661.7053432897862,149.64944461411147,927.2266885343894
2026-02-06,,3.625,3.64,4.205999851226807,20.3700008392334,3.9458000659942627,97.62999725341797,68.05000305175781,1732.8299560546875,,,253.41406873963766,129.6298909633524,311.1836614622017,1658.6311016527463,148.8863537001683,929.9886899592701
2026-02-07,,3.625,3.64,,,,,,,,,,,,,,
2026-02-08,,3.625,3.64,,,,,,,,,,,,,,
2026-02-09,,3.625,3.64,4.197999954223633,17.360000610351562,3.944999933242798,96.81999969482422,69.04000091552734,1751.300048828125,,,257.03126365081005,129.8064405818577,314.4057534340404,1694.5477634811723,152.59279995486133,936.8177136538396
2026-02-10,,3.625,3.64,4.146999835968018,17.790000915527344,3.924999952316284,96.80000305175781,68.80000305175781,1747.5400390625,,,257.1109676912379,130.1854401696234,311.840486600489,1678.281120365082,150.45809657300302,948.8282338740494
2026-02-11,,3.625,3.64,4.171999931335449,17.649999618530273,3.9200000762939453,96.83000183105469,69.4000015258789,1756.3900146484375,,,259.8719863982783,130.16114665194021,315.017353853308,1678.7098781340806,151.70836557914024,954.2382060189062
2026-02-12,,3.625,3.64,4.104000091552734,20.81999969482422,3.9124999046325684,96.93000030517578,67.5199966430664,1750.8499755859375,,,258.25053015485804,130.00970018965063,317.2972197051064,1686.505899536791,152.84201051988023,942.5255450945338
2026-02-13,,3.625,3.64,4.056000232696533,20.600000381469727,3.9000000953674316,96.87999725341797,67.75,1739.5400390625,,,255.46659354959215,129.77170178994152,319.08170279506055,1671.7182822356758,151.45650998568271,939.1995482153167
2026-02-14,,3.625,3.64,,,,,,,,,,,,,,
2026-02-15,,3.625,3.64,,,,,,,,,,,,,,
2026-02-16,,3.625,3.64,,,3.9049999713897705,,,1741.260009765625,,,253.98297943478414,129.719637645106,320.94145387025054,1652.854491685939,154.47767895400153,946.0232942057315
2026-02-17,,3.625,3.64,4.052000045776367,20.290000915527344,3.8975000381469727,97.16000366210938,67.41999816894531,,,,,,,,,
2026-02-18,,3.625,3.64,4.078999996185303,19.6200008392334,3.8975000381469727,97.69999694824219,70.3499984741211,,,,,,,,,
2026-02-19,,3.625,3.64,4.074999809265137,20.229999542236328,3.9024999141693115,97.93000030517578,71.66000366210938,1752.1099853515625,,,255.91074297051878,130.3218397262789,322.3885302620181,1695.7097079212933,155.61613272513668,950.031911627495
2026-02-20,,3.625,3.64,4.085999965667725,19.09000015258789,3.9063000679016113,97.80000305175781,71.76000213623047,1752.8299560546875,,,256.7381285837259,130.72436542622486,319.89853922692276,1666.207948473699,155.4055398065138,951.2689083294955
2026-02-21,,3.625,3.64,,,,,,,,,,,,,,
2026-02-22,,3.625,3.64,,,,,,,,,,,,,,
2026-02-23,,3.625,3.64,4.0289998054504395,21.010000228881836,3.9005000591278076,97.69999694824219,71.48999786376953,1757.97998046875,,,257.5495483785762,132.10742496024838,320.4323900585392,1686.421503040534,153.27632421239707,944.764852556202
2026-02-24,,3.625,3.64,4.0329999923706055,19.549999237060547,3.8884999752044678,97.87999725341797,70.7699966430664,1754.010009765625,,,258.3791910968441,130.14221826193668,322.79249618241084,1675.9489452791015,151.34853545049495,937.2368117320851
2026-02-25,,3.625,3.64,4.047999858856201,17.93000030517578,3.8912999629974365,97.69999694824219,70.8499984741211,1747.81005859375,,,256.17729115891206,129.31622126822657,321.92215092552584,1688.945454095092,153.64515304944914,940.2882427212135
2026-02-26,,3.625,3.64,4.017000198364258,18.6299991607666,3.8884999752044678,97.79000091552734,70.75,1740.93994140625,,,254.45186042968552,128.83673854674427,321.23202692750425,1696.5581900477855,153.95849349812374,941.338934517991
2026-02-27,,3.625,3.64,3.9619998931884766,19.860000610351562,3.881999969482422,97.61000061035156,72.4800033569336,1716.6099853515625,,,248.77090393324184,127.24902346853062,311.1049066383025,1665.4198786467925,149.3331572380665,904.2542889959807
2026-02-28,,3.625,3.64,,,,,,,2.3,,,,,,,
2026-03-01,1121.177897131898,3.625,3.64,,,,,,,,,,,,,,
2026-03-02,,3.625,3.64,4.047999858856201,21.440000534057617,3.8887999057769775,98.37999725341797,77.73999786376953,1700.2099609375,,,244.72988553766103,126.22335770815883,308.02027474067285,1638.7926384696502,156.54923621778715,893.7366907599344
2026-03-03,,3.625,3.64,4.056000232696533,23.56999969482422,3.9240000247955322,99.05000305175781,81.4000015258789,1711.949951171875,,,247.05986977067522,125.27635979536944,310.45191136321034,1658.374681310163,157.5716002811821,893.8141788294037
2026-03-04,,3.625,3.64,4.079999923706055,21.149999618530273,3.94350004196167,98.7699966430664,81.4000015258789,1698.219970703125,,,244.2470253530015,124.38025765301373,307.7686412385822,1603.2489796053703,157.12701690770726,897.467357569643
2026-03-05,,3.625,3.64,4.145999908447266,23.75,3.938499927520752,99.31999969482422,85.41000366210938,1713.199951171875,,2.75,246.45729355606062,125.20252956627367,306.12356666269136,1627.4722806759628,158.80001473606876,912.6272897578398
2026-03-06,,3.625,3.64,4.132999897003174,29.489999771118164,3.947499990463257,98.98999786376953,92.69000244140625,1718.06005859375,,,245.6603553989432,126.41695470897074,306.12356666269136,1605.326505974022,170.98632683718057,930.4676940550396
2026-03-07,,3.625,3.64,,,,,,,,,,,,,,
2026-03-08,,3.625,3.64,,,,,,,,,,,,,,
2026-03-09,,3.625,3.64,4.136000156402588,25.5,3.94350004196167,99.18000030517578,98.95999908447266,1674.1700439453125,,,239.33064213002848,129.07992699907365,298.8499844659538,1523.7112255127986,166.05322658938337,903.097875591468
2026-03-10,,3.625,3.64,4.136000156402588,24.93000030517578,3.9605000019073486,98.83000183105469,87.80000305175781,1701.6800537109375,,,243.73227015471883,128.82021735099795,302.5975583852167,1584.9781292548955,164.6270228592452,905.6244503206515
2026-03-11,,3.625,3.64,4.208000183105469,24.229999542236328,3.9214999675750732,99.2300033569336,91.9800033569336,1708.780029296875,,,246.26019081215938,128.77164786219876,302.5399119572076,1589.8363155015777,168.26845356495897,922.2413963558322
2026-03-12,,3.625,3.64,4.2729997634887695,27.290000915527344,3.9135000705718994,99.73999786376953,100.45999908447266,1711.010009765625,,,246.97975740185208,130.25924411233493,303.41071147242485,1591.411010760152,174.2825555596551,918.5913829414263
2026-03-13,,3.625,3.64,4.284999847412109,27.190000534057617,3.9240000247955322,100.36000061035156,103.13999938964844,1698.8499755859375,,,245.87692043075776,129.4698437191929,302.9910566849952,1594.7930831658707,174.71026071458087,952.9402115369754
2026-03-14,,3.625,3.64,,,,,,,,,,,,,,
2026-03-15,,3.625,3.64,,,,,,,,,,,,,,
2026-03-16,,3.625,3.64,4.21999979019165,23.510000228881836,3.936000108718872,99.70999908447266,100.20999908447266,1696.56005859375,,,247.24325113488365,129.9646359348512,302.9910566849952,1587.1341936400122,174.71190692480542,944.9133960146529
2026-03-17,,3.625,3.64,4.202000141143799,22.3700008392334,3.927999973297119,99.58000183105469,103.41999816894531,1710.989990234375,,,249.76886756045627,129.76416254024886,304.1431508722883,1609.1402659371158,179.4698553758441,936.28479454944
2026-03-18,,3.625,3.64,4.258999824523926,25.09000015258789,3.922499895095825,100.08999633789062,107.37999725341797,1729.81005859375,,,252.92615266585528,130.96248750369966,306.3238651111567,1633.7728784123146,179.89868901454395,935.9449596884259
2026-03-19,,3.625,3.64,4.281000137329102,24.059999465942383,3.933000087738037,99.2300033569336,108.6500015258789,1720.7099609375,,,250.04631451794896,132.46243199719413,295.5908749595462,1613.3988849910584,183.08454587333318,926.3878927456032
2026-03-20,,3.625,3.64,4.390999794006348,26.780000686645508,3.936500072479248,99.6500015258789,112.19000244140625,,,,250.04631451794896,132.46243199719413,295.5908749595462,1613.3988849910584,183.08454587333318,926.3878927456032
2026-03-21,,3.625,3.64,,,,,,,,,,,,,,
2026-03-22,,3.625,3.64,,,,,,,,,,,,,,
2026-03-23,,3.625,3.64,4.334000110626221,26.149999618530273,3.936500072479248,98.94999694824219,99.94000244140625,,,,,,,,,
2026-03-24,,3.625,3.64,4.392000198364258,26.950000762939453,3.922499895095825,99.43000030517578,104.48999786376953,1708.760009765625,,,247.5833802681743,132.58916573180815,295.840376877385,1597.4850443166486,189.82819377453063,894.7929491080087
2026-03-25,,3.625,3.64,4.328000068664551,25.329999923706055,3.9539999961853027,99.5999984741211,102.22000122070312,1716.6800537109375,,,250.13219740793932,131.22008006625578,295.21345428793404,1602.1862702858523,185.90632994478437,913.5490023723845
2026-03-26,,3.625,3.64,4.415999889373779,27.440000534057617,3.9619998931884766,99.9000015258789,108.01000213623047,1710.8900146484375,,,247.4264580765463,132.80222402570774,296.2205218254534,1630.5744830235226,190.05660626079302,913.1838240320523
2026-03-27,,3.625,3.64,4.440000057220459,31.049999237060547,3.991499900817871,100.1500015258789,112.56999969482422,1712.6500244140625,,,246.06679971731236,133.93420203605214,297.32171926603297,1618.6556162243999,193.16418901539,929.9667580141514
2026-03-28,,3.625,3.64,,,,,,,,,,,,,,
2026-03-29,,3.625,3.64,,,,,,,,,,,,,,
2026-03-30,,3.625,3.64,4.3420000076293945,30.610000610351562,4.017499923706055,100.51000213623047,112.77999877929688,1687.9000244140625,,,239.47009593214227,139.9954154531465,294.6203272447877,1561.1563932113988,196.59681038815359,1008.2411262812767
2026-03-31,,3.625,3.64,4.310999870300293,25.25,4.03000020980835,99.95999908447266,118.3499984741211,1690.3599853515625,2.0,,241.70002982256392,138.50714489831947,297.9253342200949,1571.707481524145,194.07392041155393,1050.6443609380326
2026-04-01,1137.410862248689,3.625,3.64,4.318999767303467,24.540000915527344,4.046500205993652,99.6500015258789,101.16000366210938,1708.9000244140625,,,247.08440580404064,138.24484379889444,293.4955697967688,1633.1988434348223,188.48788986505826,1024.521014790387
2026-04-02,,3.625,3.64,4.313000202178955,23.8700008392334,4.024499893188477,100.02999877929688,109.02999877929688,1698.300048828125,,,243.35380731007598,140.7443604192535,294.6814207972138,1613.634562209204,191.79260663007537,1093.1152773562237
2026-04-03,,3.625,3.64,,,4.035999774932861,,,1695.5,,,240.0082584597356,142.83150480168987,293.27098872464046,1672.325673342509,192.2570983266692,1138.1706488324978
2026-04-04,,3.625,3.64,,,,,,,,,,,,,,
2026-04-05,,3.625,3.64,,,,,,,,,,,,,,
2026-04-06,,3.625,3.64,4.335000038146973,24.170000076293945,4.028500080108643,99.9800033569336,109.7699966430664,1680.8299560546875,,,238.41938663713077,141.41651119329123,291.75362498990705,1674.437944843314,188.78662034342926,1117.0226326777286
2026-04-07,,3.625,3.64,4.3429999351501465,25.780000686645508,4.025000095367432,99.63999938964844,109.2699966430664,1676.8599853515625,,,236.77229849266186,141.4443440899513,291.7439807752437,1653.316671039186,190.09432738818703,1104.9527161528079
2026-04-08,,3.625,3.64,4.290999889373779,21.040000915527344,4.028500080108643,99.12999725341797,94.75,1696.31005859375,,,241.87454014020807,138.93937811234582,298.2258730442304,1713.8072865606696,190.19406305753415,1085.6222158627447
2026-04-09,,3.625,3.64,4.293000221252441,19.489999771118164,3.9765000343322754,98.81999969482422,95.91999816894531,1686.239990234375,,,237.84643240520373,140.25050316079233,297.6766501488089,1694.4404362778978,191.90537760589987,1120.095722132069
2026-04-10,,3.625,3.64,4.316999912261963,19.229999542236328,3.9804999828338623,98.6500015258789,95.19999694824219,1691.31005859375,,,239.4531328904716,139.37528637113766,299.1419295576307,1711.5763351500557,190.25245193280855,1133.5796563395097
2026-04-11,,3.625,3.64,,,,,,,,,,,,,,
2026-04-12,,3.625,3.64,,,,,,,,,,,,,,
2026-04-13,,3.625,3.64,4.296999931335449,19.1200008392334,3.9774999618530273,98.37000274658203,99.36000061035156,1680.52001953125,,,235.92766137399295,139.6148479002817,299.37947495672563,1688.4133002627145,194.65157493657927,1116.0442857042765
2026-04-14,,3.625,3.64,4.25600004196167,18.360000610351562,3.9730000495910645,98.12000274658203,94.79000091552734,1688.1199951171875,,,238.74393672661475,139.1954461186067,299.8820852758634,1747.6325769237146,190.40974958299986,1113.146062841358
2026-04-15,,3.625,3.64,4.2820000648498535,18.170000076293945,3.942500114440918,98.05999755859375,94.93000030517578,1683.4200439453125,,,237.67503335509414,138.7449114728998,301.4454496240969,1809.8169035683957,186.81007987978438,1109.4139202042863
2026-04-16,,3.625,3.64,4.309000015258789,17.940000534057617,3.952500104904175,98.22000122070312,99.38999938964844,1689.7099609375,,,238.18023334567408,137.872683356634,298.3743113833744,1901.1929621631068,187.7683553388783,1097.9600310608876
2026-04-17,,3.625,3.64,4.245999813079834,17.479999542236328,3.9514999389648438,98.0999984741211,90.37999725341797,1695.2099609375,,,239.0212505879093,137.872683356634,302.5591175423977,1890.662064069465,186.14128077837307,1084.0111208350456
2026-04-18,,3.625,3.64,,,,,,,,,,,,,,
2026-04-19,,3.625,3.64,,,,,,,,,,,,,,
2026-04-20,,3.625,3.64,4.25,18.8700008392334,3.950000047683716,98.05000305175781,95.4800033569336,1702.300048828125,,,242.19407502726807,136.88435174833924,303.74279307868983,1927.1862805837854,182.78797522801958,1078.9369306773774
2026-04-21,,3.625,3.64,4.291999816894531,19.5,3.944999933242798,98.41000366210938,98.4800033569336,1715.3299560546875,,,246.46361744171745,136.07361451157388,303.8447755765606,1953.5896155080352,180.2052133893187,1060.6250818049893
2026-04-22,,3.625,3.64,4.294000148773193,18.920000076293945,3.952500104904175,98.58999633789062,101.91000366210938,1710.3900146484375,,,244.13457103599674,136.9549956461085,303.6226694976875,1952.4888768128574,182.8518788480979,1066.0781498817175
2026-04-23,,3.625,3.64,4.322999954223633,19.309999465942383,3.9549999237060547,98.80000305175781,105.06999969482422,1721.699951171875,,,245.92283409201082,137.02353583191936,306.5311544094801,1958.8769834841116,186.64590913655158,1106.4124701076298
2026-04-24,,3.625,3.64,4.309999942779541,18.709999084472656,3.9609999656677246,98.51000213623047,105.33000183105469,1720.3399658203125,,,245.18708793214464,137.03304628658896,306.75450030574103,2034.2459184015474,185.60171606576085,1115.65319026319
2026-04-25,,3.625,3.64,,,,,,,,,,,,,,
2026-04-26,,3.625,3.64,,,,,,,,,,,,,,
2026-04-27,,3.625,3.64,4.335999965667725,18.020000457763672,3.9625000953674316,98.4800033569336,108.2300033569336,1717.27001953125,,,241.64673938334195,137.34222759996499,308.05159403404565,2148.845694426744,184.66539775944943,1133.1868176590303
2026-04-28,,3.625,3.64,4.354000091552734,17.829999923706055,3.9507999420166016,98.62000274658203,111.26000213623047,1729.5999755859375,,,244.91027789965628,137.24128476018623,308.1859311899195,2144.0653622209884,187.07347058717022,1129.3236698650962
2026-04-29,,3.625,3.64,4.418000221252441,18.809999465942383,3.950000047683716,98.91999816894531,118.02999877929688,1720.4200439453125,,,242.14384124030798,136.97978126622323,305.1236481628615,2107.3505738202475,185.79881338189352,1118.9416841655725
2026-04-30,,3.625,3.64,4.389999866485596,16.889999389648438,3.9502999782562256,98.08000183105469,114.01000213623047,1722.02001953125,2.1,,240.93192012192412,140.22067602992823,309.79230352507574,2066.956083717131,188.27768777873266,1126.1189840546938
2026-05-01,1130.026757355915,3.625,3.64,4.377999782562256,16.989999771118164,3.9674999713897705,98.20999908447266,108.16999816894531,,,,,,,,,
2026-05-02,,3.625,3.64,,,,,,,,,,,,,,
2026-05-03,,3.625,3.64,,,,,,,,,,,,,,
2026-05-04,,3.625,3.64,4.446000099182129,18.290000915527344,3.9674999713897705,98.47000122070312,114.44000244140625,1739.77001953125,,,243.89733454225455,142.1724471705686,314.7661728989481,2120.8401377674504,186.33055122665763,1131.3700659784267
2026-05-05,,3.625,3.64,4.415999889373779,17.3799991607666,3.950500011444092,98.4800033569336,109.87000274658203,1747.4300537109375,,,245.4351548256616,142.45740017032264,315.49025098686633,2116.9890277891454,189.46939960354536,1150.250337593994
2026-05-06,,3.625,3.64,4.355999946594238,17.389999389648438,3.9600000381469727,98.0199966430664,101.2699966430664,1756.8699951171875,,,246.68495182878817,141.47079438805656,313.87729796180747,2191.838834691502,189.12476871464997,1134.6271085032133
2026-05-07,,3.625,3.64,4.392000198364258,17.079999923706055,3.922499895095825,98.25,100.05999755859375,1758.8499755859375,,2.75,249.8353865262296,141.50661473623606,316.6079996897437,2194.0426815100204,183.70958833689076,1126.9085956613083
2026-05-08,,3.625,3.63,4.363999843597412,17.190000534057617,3.9075000286102295,97.83999633789062,101.29000091552734,1748.06005859375,,,247.93402792041675,139.46102852770593,315.4063886138603,2162.6903590655006,185.83705808163774,1156.9162801722944
2026-05-09,,3.625,3.63,,,,,,,,,,,,,,
2026-05-10,,3.625,3.63,,,,,,,,,,,,,,
2026-05-11,,3.625,3.63,4.409999847412109,18.3799991607666,3.9165000915527344,97.94000244140625,104.20999908447266,1745.31005859375,,,247.4259628465225,139.32931720857147,319.05136865717424,2162.632611985675,184.1944823139446,1237.2207104193083
2026-05-12,,3.625,3.63,4.4629998207092285,17.989999771118164,3.9200000762939453,98.29000091552734,107.7699966430664,1750.56005859375,,,247.38652358047975,138.80267209634428,318.0169152126681,2165.9929863624657,185.02547864037712,1246.9594063730924
2026-05-13,,3.625,3.63,4.480999946594238,17.8700008392334,3.93149995803833,98.4800033569336,105.62999725341797,1746.31005859375,,,247.83660764625856,137.52560672509017,319.9042013822497,2244.993426843057,187.14354038119004,1243.7855478802867
2026-05-14,,3.625,3.63,4.460999965667725,17.260000228881836,3.927999973297119,98.87999725341797,105.72000122070312,1745.5799560546875,,,246.7815514635444,136.30282760032327,318.87252015022744,2260.5934034784414,189.37412674223074,1236.3820693056036
2026-05-15,,3.625,3.63,4.59499979019165,18.43000030517578,3.928999900817871,99.2699966430664,109.26000213623047,1740.219970703125,,,247.34716328736525,133.77862263438016,326.3006295052821,2213.946301903515,186.80094145296405,1188.21226103868
2026-05-16,,3.625,3.63,,,,,,,,,,,,,,
2026-05-17,,3.625,3.63,,,,,,,,,,,,,,
2026-05-18,,3.625,3.63,4.623000144958496,17.81999969482422,3.9470999240875244,98.97000122070312,112.0999984741211,1727.7099609375,,,245.0181934004522,134.2642083277355,317.2885335699794,2210.6867022467027,184.864713617308,1210.3942015518533
2026-05-19,,3.625,3.63,4.666999816894531,18.059999465942383,3.9732000827789307,99.30000305175781,111.27999877929688,1727.27001953125,,,244.7606494180298,134.7270627814911,315.98592823615917,2206.787820215781,182.4101131043578,1211.0757643890781
2026-05-20,,3.625,3.62,4.572000026702881,17.440000534057617,3.9755001068115234,99.11000061035156,105.0199966430664,1717.68994140625,,,243.44021119867944,135.80183188697322,314.4202653642227,2194.315456133703,180.0692550474992,1215.1625807447967
2026-05-21,,3.625,3.62,4.585999965667725,16.760000228881836,3.9667000770568848,99.19000244140625,102.58000183105469,1708.3599853515625,,,243.188895791151,133.64631921796754,312.9520490003867,2245.383004869383,176.3957541338118,1210.410566803647
2026-05-22,,3.625,3.62,4.558000087738037,16.700000762939453,3.9591000080108643,99.31999969482422,103.54000091552734,1712.6700439453125,,,242.89518967435333,134.39223356733362,306.06987971372126,2358.1964761899526,176.36847007186736,1217.932771973671
2026-05-23,,3.625,3.62,,,,,,,,,,,,,,
2026-05-24,,3.625,3.62,,,,,,,,,,,,,,
2026-05-25,,3.625,3.62,,16.59000015258789,3.965399980545044,,,1708.5,,,242.9581446111611,132.8077414159289,300.08006177667875,2367.4544895453055,173.07368658480755,1205.4272232619421
2026-05-26,,3.625,3.62,4.493000030517578,17.010000228881836,3.9500999450683594,99.16999816894531,99.58000183105469,1699.02001953125,,,242.23615706170554,133.77421081497866,301.2793574483365,2430.036227639086,173.39758749297158,1188.4896764727048
2026-05-27,,3.625,3.62,4.480999946594238,16.290000915527344,3.962100028991699,99.20999908447266,94.29000091552734,,,,242.23615706170554,133.77421081497866,301.2793574483365,2430.036227639086,173.39758749297158,1188.4896764727048
2026-05-28,,3.625,3.62,4.454999923706055,15.739999771118164,3.965100049972534,99.0199966430664,93.70999908447266,1684.9300537109375,,,236.48636079685548,132.7203838186194,299.647766893169,2488.4708370352437,173.41262931070978,1196.2071347355645
2026-05-29,,3.625,3.62,4.453000068664551,15.319999694824219,3.9758999347686768,98.91000366210938,92.05000305175781,1683.0699462890625,,,236.44061497009722,132.51330539361382,297.09236963270774,2483.4685239361024,171.39670800762067,1215.3771489951844
2026-05-30,,3.625,3.62,,,,,,,,,,,,,,
2026-05-31,,3.625,3.62,,,,,,,2.0,,,,,,,
2026-06-01,1108.681095730554,3.625,3.62,4.474999904632568,16.049999237060547,3.9679999351501465,99.19999694824219,94.9800033569336,1683.0699462890625,,,,,,,,
2026-06-02,,3.625,3.62,4.454999923706055,15.770000457763672,3.9623000621795654,99.22000122070312,96.0,1683.0699462890625,,,236.44061497009722,132.51330539361382,297.09236963270774,2483.4685239361024,171.39670800762067,1215.3771489951844
2026-06-03,,3.625,3.62,4.491000175476074,16.059999465942383,3.9674999713897705,99.52999877929688,97.80999755859375,1672.739990234375,,,232.36276079015806,131.62311799071455,294.6622069652507,2497.124425681833,177.23168820698072,1272.0276460456184
2026-06-04,,3.625,3.62,4.4770002365112305,15.399999618530273,3.9941000938415527,99.41000366210938,95.02999877929688,1683.260009765625,,,235.96800534207975,136.10894981233267,299.4682161123253,2471.8192452722706,177.749257328252,1219.3631605638177
2026-06-05,,3.625,3.62,4.535999774932861,21.510000228881836,4.01140022277832,100.06999969482422,93.08999633789062,1693.4300537109375,,,239.361104193828,134.9340728322886,294.0442138007193,2470.7764305634855,179.94762503534773,1229.900882725024
2026-06-06,,3.625,3.62,,,,,,,,,,,,,,
2026-06-07,,3.625,3.62,,,,,,,,,,,,,,
2026-06-08,,3.625,3.62,4.552000045776367,18.920000076293945,4.046299934387207,100.05000305175781,94.25,1679.52001953125,,,237.1478341043058,135.91632181337886,291.86877998133684,2425.9441322320927,179.23611622847048,1239.0216860775602
2026-06-09,,3.625,3.62,4.5279998779296875,19.8700008392334,4.059800148010254,99.91000366210938,91.44999694824219,1675.5,,,236.17749758171183,136.2223150236237,296.0020462539298,2484.1147833885575,177.65099834742904,1228.5351680358103
2026-06-10,,3.625,3.62,4.541999816894531,22.219999313354492,4.059599876403809,99.94999694824219,93.0999984741211,1678.9599609375,,,237.43787407931336,137.75580663167023,296.1841071645169,2454.8439075286924,179.39790740816218,1213.2532661436453
2026-06-11,,3.625,3.62,4.4629998207092285,19.440000534057617,4.066699981689453,99.86000061035156,90.37999725341797,1679.530029296875,,,235.89034384960698,138.4030532798144,295.6104085156448,2469.391117880046,179.22084687556676,1231.6396792872154
2026-06-12,,3.625,3.62,4.486999988555908,17.68000030517578,4.0644001960754395,99.75,87.33000183105469,1683.6300048828125,,,238.12481280302777,137.2980055908528,296.1494418612959,2453.5926618014214,176.23888148702014,1216.195951567079
2026-06-13,,3.625,3.62,,,,,,,,,,,,,,
2026-06-14,,3.625,3.62,,,,,,,,,,,,,,
2026-06-15,,3.625,3.62,4.468999862670898,16.200000762939453,4.045899868011475,99.62999725341797,83.16999816894531,1691.3900146484375,,,244.3069850750116,136.8918062231905,296.8949908207284,2575.824388971906,167.81432916605908,1158.6691742119056
2026-06-16,,3.625,3.63,4.427999973297119,16.40999984741211,4.047699928283691,99.54000091552734,78.95999908447266,1709.989990234375,,,249.20162004306388,137.62699821394827,295.7550181267758,2577.7648616547467,168.04757216832357,1118.8797471780292
2026-06-17,,3.625,3.63,4.4629998207092285,18.440000534057617,4.066400051116943,100.08999633789062,79.55000305175781,,,,,,,,,
2026-06-18,,3.625,3.63,4.451000213623047,16.399999618530273,4.077499866485596,100.8499984741211,79.8499984741211,1711.3900146484375,,,248.37916934583748,137.59093125811827,299.23704576327134,2547.897598631548,169.89821254549278,1121.9384597773817
2026-06-19,,3.625,3.63,,,4.114999771118164,,,1712.030029296875,,,246.3161809592,139.4399364444267,300.36307383743025,2571.8476357876325,169.21950812721397,1122.5968266096856
2026-06-20,,3.625,3.63,,,,,,,,,,,,,,
2026-06-21,,3.625,3.63,,,,,,,,,,,,,,
2026-06-22,,3.625,3.63,4.508999824523926,17.280000686645508,4.135300159454346,101.0199966430664,77.9000015258789,1700.8399658203125,,,243.65651228613578,139.19242182033858,299.91963663611534,2560.246801150201,166.25687579308425,1110.8528398873686
2026-06-23,,3.625,3.63,4.493000030517578,19.489999771118164,4.146599769592285,101.41000366210938,77.08000183105469,1679.9200439453125,,,240.34178740463398,140.874418782788,296.4136345418618,2482.9577519729924,163.60494533174983,1083.4033889288244
2026-06-24,,3.625,3.63,4.4019999504089355,18.6299991607666,4.137800216674805,101.61000061035156,73.73999786376953,1682.1300048828125,,,239.98881579755746,140.62403712964425,294.94781484286744,2505.686154331388,164.097230015395,1091.2541306640298
2026-06-25,,3.625,3.63,4.392000198364258,18.889999389648438,4.135200023651123,101.43000030517578,75.26000213623047,1663.8199462890625,,,237.83323755743262,138.88710717602245,294.76174152739765,2593.8927694081626,160.92887815567627,1058.3453810957094
2026-06-26,,3.625,3.63,4.372000217437744,18.40999984741211,4.116399765014648,101.36000061035156,71.98999786376953,1667.739990234375,,,238.9690527492089,139.51098337160718,294.3464107029449,2487.032079693364,163.18798448750968,1040.892289739811
2026-06-27,,3.625,3.63,,,,,,,,,,,,,,
2026-06-28,,3.625,3.63,,,,,,,,,,,,,,
2026-06-29,,3.625,3.63,4.374000072479248,17.649999618530273,4.0854997634887695,101.11000061035156,73.1500015258789,1665.9100341796875,,,238.739366839035,137.90210062158081,295.496756204886,2558.700554415011,163.80313949725507,1053.8972962880848
2026-06-30,,3.625,3.63,4.418000221252441,16.450000762939453,4.06850004196167,101.19000244140625,72.91999816894531,1664.06005859375,2.0,,238.33086100135478,138.27814981722767,296.0761885823075,2590.2656899693925,164.2862763060051,1039.5421639779966
2026-07-01,1106.469929089015,3.625,3.63,4.474999904632568,16.59000015258789,4.082200050354004,101.38999938964844,71.56999969482422,1656.8299560546875,,,236.72619023892452,137.995279753597,293.1154484175596,2638.097484437075,164.59582655866868,1033.451118419505
2026-07-02,,3.625,3.63,4.485000133514404,16.149999618530273,4.087500095367432,100.86000061035156,71.80000305175781,1661.8299560546875,,,239.13252573875377,138.5216933190209,289.00626304085745,2567.2329807077444,165.89995914842984,1021.822903767514
2026-07-03,,3.625,3.63,,,4.0777997970581055,,,1679.050048828125,,,242.00621254300935,140.69638719700893,291.1793292554471,2570.5138261637394,169.5433384411064,1038.4989245527552
2026-07-04,,3.625,3.63,,,,,,,,,,,,,,
2026-07-05,,3.625,3.63,,,,,,,,,,,,,,
2026-07-06,,3.625,3.63,4.479000091552734,15.569999694824219,4.06879997253418,100.8499984741211,71.98999786376953,1683.530029296875,,,243.48799250984956,141.2479317526433,295.6647524039106,2510.2607266104696,169.97607837216074,1028.4099059801815
2026-07-07,,3.625,3.63,4.5289998054504395,16.1299991607666,4.082699775695801,101.13999938964844,74.16000366210938,1682.9300537109375,,,243.2329632834711,141.70914401228413,292.07800150120033,2513.77644355254,170.07453288786837,1027.6407369022545
2026-07-08,,3.625,3.63,4.568999767303467,16.899999618530273,4.080100059509277,101.05000305175781,78.0199966430664,1683.6099853515625,,,244.13843247524056,141.7682304126792,293.52571968188266,2496.223537617528,172.23307084300657,1012.4177986282143
2026-07-09,,3.625,3.62,4.539000034332275,15.84000015258789,4.0742998123168945,100.94000244140625,76.30000305175781,1677.6400146484375,,,241.79670786942074,141.78907548843858,293.5884711542825,2544.467927111171,170.2684459446686,1016.4674659606599
2026-07-10,,3.625,3.62,4.568999767303467,15.029999732971191,4.0746002197265625,100.97000122070312,76.01000213623047,1691.489990234375,,,243.18250974678514,144.87527430902253,295.1430193791059,2517.2324581013163,169.80404794264194,1022.0578903566712
2026-07-11,,3.625,3.62,,,,,,,,,,,,,,
2026-07-12,,3.625,3.62,,,,,,,,,,,,,,
2026-07-13,,3.625,3.62,4.609000205993652,17.15999984741211,4.070499897003174,101.27999877929688,83.30000305175781,1698.43994140625,,,244.50779456107782,148.09016969284954,295.2796898487466,2488.6175546379254,169.2844861995489,1032.013006254211
2026-07-14,,3.625,3.62,4.585000038146973,16.5,4.0680999755859375,100.94000244140625,84.7300033569336,1719.93994140625,,,247.95620186949404,147.32654355689857,295.83389557781186,2487.6999028983473,176.64313400076753,1050.453128569435
2026-07-15,,3.625,3.63,4.545000076293945,15.670000076293945,4.074399948120117,100.5,84.94999694824219,1713.760009765625,,,247.01740988941495,148.88649970686959,297.07163688246527,2541.043447079419,173.20550326942598,1035.5416861428264
2026-07-16,,3.625,3.63,4.568999767303467,16.729999542236328,4.065100193023682,100.7300033569336,84.2300033569336,1722.18994140625,,,249.9573378350656,149.05892796346788,294.4078928233915,2538.5813062233306,173.63540478020548,1046.735379930823
2026-07-17,,3.625,3.63,4.540999889373779,18.770000457763672,4.070099830627441,100.75,88.0999984741211,1731.449951171875,,,253.26449208852222,149.51001096408197,296.16031907815767,2476.3404724272286,174.92917965216867,1038.2307049594883
2026-07-18,,3.625,3.63,,,,,,,,,,,,,,
2026-07-19,,3.625,3.63,,,,,,,,,,,,,,
2026-07-20,,3.625,3.63,4.5980000495910645,18.649999618530273,4.093299865722656,100.98999786376953,89.22000122070312,1722.2900390625,,,250.18721370674305,149.42501695909021,295.5872481600614,2562.9516954386895,176.5001130231075,1040.3161125985735
2026-07-21,,3.625,3.63,4.627999782562256,17.049999237060547,4.089900016784668,101.18000030517578,91.01000213623047,1720.3699951171875,,,249.5946414767575,146.61872076587062,294.8680641758586,2625.4410062301367,174.05072052377562,1027.9256098290243
2026-07-22,,3.625,3.63,4.6570000648498535,16.639999389648438,4.086699962615967,101.13999938964844,94.06999969482422,1711.3699951171875,,,247.97401501371908,145.88863473490366,293.7366677442571,2641.711430505263,175.25529063905816,1033.7308469383627
2026-07-23,,3.625,3.63,4.703000068664551,18.700000762939453,4.087500095367432,101.43000030517578,100.69000244140625,1714.5899658203125,,,248.44593333649118,144.63060915501003,295.4797019413992,2592.6705532504857,176.02198004712324,1033.7308469383627
2026-07-24,,3.625,3.63,4.678999900817871,18.579999923706055,4.085700035095215,101.47000122070312,96.77999877929688,1701.02001953125,,,246.33909440601758,145.33413181357625,294.37344387556556,2596.8732028473432,176.71932720098823,1021.5315354218923
2026-07-25,,3.625,3.63,,,,,,,,,,,,,,
2026-07-26,,3.625,3.63,,,,,,,,,,,,,,
2026-07-27,,3.625,3.63,4.640999794006348,18.670000076293945,4.089000225067139,101.51000213623047,88.36000061035156,1713.0899658203125,,,249.66100441072166,145.12136042357054,294.0838496886402,2630.282861284367,175.39467338993222,1014.9728001639397
2026-07-28,,3.625,3.63,4.604000091552734,18.209999084472656,4.084099769592285,101.37999725341797,84.08999633789062,1712.47998046875,,,249.39489457991422,143.45435334980792,296.2960163659589,2573.48004040334,173.46949924348095,1019.5154973958289
2026-07-29,,3.625,3.63,4.622000217437744,20.65999984741211,4.088600158691406,100.80000305175781,90.73999786376953,1715.56005859375,,,248.98475792976834,144.84191048749304,296.5772889480432,2585.8020551174955,174.5457809486526,1028.12655039666
2026-07-30,,3.625,3.63,4.663000106811523,17.09000015258789,4.087399959564209,100.01000213623047,89.02999877929688,1720.4000244140625,,,249.51129257593144,146.30264973485205,296.22040007653874,2565.4973957406196,175.57746311148972,1044.5946114400897
2026-07-31,,3.625,3.63,4.744999885559082,15.989999771118164,4.071199893951416,99.80000305175781,90.12000274658203,1724.9000244140625,1.9,,250.4626830120119,145.23051797195137,294.3227162303051,2723.765566492424,176.17587389602454,1043.9983868609606
2026-08-01,,3.625,3.63,,,,,,,,,,,,,,
2026-08-02,,3.625,3.63,,,,,,,,,,,,,,
2026-08-03,,3.625,3.63,4.685999870300293,15.859999656677246,4.082699775695801,99.95999908447266,83.7699966430664,1725.72998046875,,,251.7573487906764,144.74734409149644,293.3246337496901,2678.3859603963124,173.57878710606488,1035.4929429939857
2026-08-04,,3.625,3.63,4.626999855041504,16.5,4.093100070953369,99.88999938964844,79.36000061035156,1732.6600341796875,,,252.79344910306588,146.80345656355186,290.6276125433428,2716.5690122153296,174.5895584108228,1054.5135963197774
2026-08-05,,3.625,3.63,4.617000102996826,15.8100004196167,4.094600200653076,99.69000244140625,79.44999694824219,1748.1700439453125,,,252.7366540556822,149.6494158782297,293.91050780327276,2843.5122545983622,172.69080911574608,1051.193925739132
