date,6033.KL,5183.KL,5681.KL
2015-01-02,13.377769470214844,3.6841230392456055,11.129654884338379
2015-01-05,13.268311500549316,3.5540151596069336,11.077643394470215
2015-01-06,13.243993759155273,3.4307541847229004,11.012633323669434
2015-01-07,13.110215187072754,3.369123697280884,10.830609321594238
2015-01-08,13.280470848083496,3.3554275035858154,10.882611274719238
2015-01-09,13.207508087158203,3.4649927616119385,10.856612205505371
2015-01-12,13.268311500549316,3.547168493270874,10.765599250793457
2015-01-13,13.195347785949707,3.492384910583496,10.713589668273926
2015-01-14,13.195347785949707,3.492384910583496,10.648579597473145
2015-01-15,13.195347785949707,3.506079912185669,10.661582946777344
2015-01-16,13.012921333312988,3.4581456184387207,10.635579109191895
2015-01-19,13.012921333312988,3.4239068031311035,10.648579597473145
2015-01-20,13.012921333312988,3.382819414138794,10.609574317932129
2015-01-21,13.037243843078613,3.499232292175293,10.609574317932129
2015-01-22,13.438576698303223,3.6224935054779053,10.726588249206543
2015-01-23,13.596684455871582,3.7731447219848633,11.168658256530762
2015-01-26,13.596684455871582,3.6635797023773193,11.181655883789062
2015-01-27,13.584518432617188,3.8005361557006836,11.45470142364502
2015-01-28,13.51154613494873,3.6430368423461914,11.44169807434082
2015-01-29,13.499384880065918,3.512927532196045,11.519708633422852
2015-01-30,13.499384880065918,3.492384910583496,11.46769905090332
2015-02-04,13.669648170471191,3.6293423175811768,11.688735008239746
2015-02-05,13.645320892333984,3.6224935054779053,11.740739822387695
2015-02-06,13.621000289916992,3.58825421333313,12.27381706237793
2015-02-09,13.438576698303223,3.6019506454467773,12.22181224822998
2015-02-10,13.426417350769043,3.5745582580566406,12.143802642822266
2015-02-11,13.243993759155273,3.58825421333313,11.766740798950195
2015-02-12,13.183184623718262,3.608797788619995,11.051639556884766
2015-02-13,13.450740814208984,3.6293423175811768,11.519708633422852
2015-02-16,13.450740814208984,3.6567327976226807,11.818750381469727
2015-02-17,13.608839988708496,3.6567327976226807,12.091797828674316
2015-02-18,13.560192108154297,3.6909708976745605,12.22181224822998
2015-02-23,13.706131935119629,3.7731447219848633,12.16980266571045
2015-02-24,13.985852241516113,3.7731447219848633,12.195804595947266
2015-02-25,14.423666000366211,3.7731447219848633,12.22181224822998
2015-02-26,14.302047729492188,3.766296863555908,12.130797386169434
2015-02-27,14.022331237792969,3.745753526687622,12.72888469696045
2015-03-02,14.046658515930176,3.766296863555908,12.702882766723633
2015-03-03,14.046658515930176,3.7320570945739746,12.702887535095215
2015-03-04,14.119625091552734,3.7731447219848633,12.716032981872559
2015-03-05,14.101272583007812,3.7453501224517822,12.545083999633789
2015-03-06,13.99110221862793,3.668915271759033,12.47933578491211
2015-03-09,13.746284484863281,3.6202738285064697,12.21633529663086
2015-03-10,13.783014297485352,3.5785818099975586,12.21633529663086
2015-03-11,13.758527755737305,3.5368893146514893,12.2031831741333
2015-03-12,13.758527755737305,3.529940366744995,12.124285697937012
2015-03-13,13.758527755737305,3.516042470932007,12.137433052062988
2015-03-16,13.758527755737305,3.502145290374756,12.347837448120117
2015-03-17,13.905414581298828,3.50909423828125,12.413580894470215
2015-03-18,13.966617584228516,3.529940366744995,12.466181755065918
2015-03-19,14.150228500366211,3.6133251190185547,12.584532737731934
2015-03-20,14.13798999786377,3.557734966278076,12.597684860229492
2015-03-23,14.101272583007812,3.7106075286865234,12.68973159790039
2015-03-24,14.089021682739258,3.856529474258423,12.676584243774414
2015-03-25,14.089021682739258,3.8217861652374268,12.74233341217041
2015-03-26,14.089021682739258,3.7731447219848633,12.886981964111328
2015-03-27,14.076786994934082,3.8078885078430176,12.965887069702148
2015-03-30,14.101272583007812,3.89127254486084,13.097381591796875
2015-03-31,14.089021682739258,3.9190683364868164,13.149984359741211
2015-04-01,14.076786994934082,3.89127254486084,13.202582359313965
2015-04-02,14.089021682739258,3.863478183746338,13.22887897491455
2015-04-03,14.089021682739258,3.863478183746338,13.242034912109375
2015-04-06,14.052301406860352,3.856529474258423,13.478731155395508
2015-04-07,14.125750541687012,3.870426893234253,13.820634841918945
2015-04-08,14.101272583007812,3.877375841140747,13.728582382202148
2015-04-09,14.076786994934082,3.89127254486084,13.715434074401855
2015-04-10,14.076786994934082,3.9190683364868164,13.768033027648926
2015-04-13,14.076786994934082,3.9607601165771484,13.768033027648926
2015-04-14,14.052301406860352,3.9607601165771484,13.741732597351074
2015-04-15,14.040066719055176,3.98160719871521,13.728582382202148
2015-04-16,14.027824401855469,4.0024518966674805,13.715434074401855
2015-04-17,14.015581130981445,4.0024518966674805,13.741732597351074
2015-04-20,14.015581130981445,4.0024518966674805,13.741732597351074
2015-04-21,14.015581130981445,4.197015762329102,13.886382102966309
2015-04-22,14.015581130981445,4.203965187072754,13.965280532836914
2015-04-23,14.003341674804688,4.141425609588623,14.201981544494629
2015-04-24,14.052301406860352,4.315144062042236,14.464981079101562
2015-04-27,14.076786994934082,4.349886894226074,14.662229537963867
2015-04-28,14.076786994934082,4.329041004180908,14.727983474731445
2015-04-29,14.052301406860352,4.224809169769287,14.372934341430664
2015-04-30,13.905414581298828,4.078887462615967,14.070484161376953
2015-05-05,13.954375267028809,4.169220447540283,14.070484161376953
2015-05-06,13.917656898498535,4.051092147827148,14.188831329345703
2015-05-07,14.003341674804688,4.064990997314453,14.175682067871094
2015-05-08,13.942132949829102,4.071939945220947,14.254581451416016
2015-05-11,13.8319730758667,4.071939945220947,14.228282928466797
2015-05-12,13.587154388427734,4.064990997314453,13.794329643249512
2015-05-13,13.415786743164062,4.162271976470947,13.136835098266602
2015-05-14,13.42802906036377,4.28040075302124,13.00533390045166
2015-05-15,13.415786743164062,4.398528099060059,13.018485069274902
2015-05-18,14.370562553405762,4.405477523803711,13.12368392944336
2015-05-19,13.52595329284668,4.370733737945557,13.057937622070312
2015-05-20,13.52595329284668,4.315144062042236,13.097381591796875
2015-05-21,13.452510833740234,4.308194160461426,13.07108211517334
2015-05-22,13.587154388427734,4.342938423156738,13.057937622070312
2015-05-25,13.52595329284668,4.335988521575928,12.700723648071289
2015-05-26,13.291901588439941,4.329041004180908,13.018241882324219
2015-05-27,13.427403450012207,4.335988521575928,13.124080657958984
2015-05-28,13.51363468170166,4.349886894226074,13.229921340942383
2015-05-29,13.488997459411621,4.349886894226074,13.163774490356445
2015-06-01,13.51363468170166,4.349886894226074,13.243155479431152
2015-06-02,13.501315116882324,4.356836318969727,13.25638484954834
2015-06-03,13.550594329833984,4.405477523803711,13.362222671508789
2015-06-04,13.538273811340332,4.315144062042236,13.163774490356445
2015-06-05,13.501315116882324,4.335988521575928,13.044705390930176
2015-06-08,13.46435832977295,4.329041004180908,13.097623825073242
2015-06-09,13.427403450012207,4.294297695159912,13.044705390930176
2015-06-10,13.402766227722168,4.301246166229248,13.229921340942383
2015-06-11,13.341175079345703,4.342938423156738,13.296072006225586
2015-06-12,13.304217338562012,4.308194160461426,13.520983695983887
2015-06-15,13.341175079345703,4.224809169769287,13.53420639038086
2015-06-16,13.328850746154785,4.238707542419434,13.587132453918457
2015-06-17,13.353493690490723,4.217862129211426,13.600359916687012
2015-06-18,13.353493690490723,4.169220447540283,13.587132453918457
2015-06-19,13.27957820892334,4.1761698722839355,13.5606689453125
2015-06-22,13.2549409866333,4.231759548187256,13.573901176452637
2015-06-23,13.267260551452637,4.238707542419434,13.587132453918457
2015-06-24,13.267260551452637,4.391579627990723,13.587132453918457
2015-06-25,13.242626190185547,4.370733737945557,13.587132453918457
2015-06-26,13.230303764343262,4.342938423156738,13.640049934387207
2015-06-29,13.057844161987305,4.224809169769287,13.53420639038086
2015-06-30,13.094799041748047,4.391579627990723,13.613591194152832
2015-07-01,13.267260551452637,4.419373512268066,13.613591194152832
2015-07-02,13.304217338562012,4.454117774963379,13.600359916687012
2015-07-03,13.242626190185547,4.454117774963379,13.75912094116211
2015-07-06,13.193346977233887,4.447169303894043,13.666511535644531
2015-07-07,13.181029319763184,4.217862129211426,13.613591194152832
2015-07-08,13.045524597167969,4.210912704467773,13.587132453918457
2015-07-09,13.008569717407227,4.190066814422607,13.5606689453125
2015-07-10,13.020886421203613,4.308194160461426,13.5606689453125
2015-07-13,13.131752967834473,4.4124250411987305,13.613591194152832
2015-07-14,13.156396865844727,4.433271884918213,13.587132453918457
2015-07-15,13.193346977233887,4.433271884918213,13.573901176452637
2015-07-16,13.144073486328125,4.447169303894043,13.653279304504395
2015-07-20,13.21798324584961,4.461066722869873,13.640049934387207
2015-07-21,13.230303764343262,4.586143970489502,13.666511535644531
2015-07-22,13.41508960723877,4.5722455978393555,13.653279304504395
2015-07-23,13.328850746154785,4.474963188171387,13.600359916687012
2015-07-24,13.304217338562012,4.398528099060059,13.613591194152832
2015-07-27,13.291901588439941,4.4124250411987305,13.62682056427002
2015-07-28,13.304217338562012,4.433271884918213,13.62682056427002
2015-07-29,13.316536903381348,4.433271884918213,13.653279304504395
2015-07-30,13.378129005432129,4.440220832824707,13.666511535644531
2015-07-31,13.599869728088379,4.454117774963379,13.9443359375
2015-08-03,13.796965599060059,4.509707450866699,14.02371883392334
2015-08-04,13.8339204788208,4.468014240264893,14.050174713134766
2015-08-05,13.87088394165039,4.474963188171387,14.129562377929688
2015-08-06,13.612183570861816,4.370733737945557,14.18248176574707
2015-08-07,13.427403450012207,4.363784313201904,14.076637268066406
2015-08-10,13.41508960723877,4.1761698722839355,14.076637268066406
2015-08-11,13.291901588439941,4.155323505401611,13.613591194152832
2015-08-12,13.230303764343262,4.155323505401611,13.441596031188965
2015-08-13,13.193346977233887,4.155323505401611,13.428369522094727
2015-08-14,13.070159912109375,4.127528667449951,13.243155479431152
2015-08-17,12.971614837646484,4.058041572570801,13.269613265991211
2015-08-18,13.020886421203613,4.051092147827148,13.322537422180176
2015-08-19,13.020886421203613,3.9885551929473877,13.348994255065918
2015-08-20,12.958878517150879,4.01674222946167,13.202442169189453
2015-08-21,12.946480751037598,3.9321799278259277,13.535502433776855
2015-08-24,12.834875106811523,3.791240692138672,13.562151908874512
2015-08-25,12.896876335144043,4.0872111320495605,13.908529281616211
2015-08-26,12.859673500061035,4.11539888381958,14.055076599121094
2015-08-27,12.996084213256836,4.207009792327881,14.135009765625
2015-08-28,13.219300270080566,4.27747917175293,14.095046043395996
2015-09-01,13.268904685974121,4.270430564880371,13.988463401794434
2015-09-02,13.206900596618652,4.242243766784668,13.935172080993652
2015-09-03,13.268904685974121,4.249290466308594,13.988463401794434
2015-09-04,13.219300270080566,4.235196590423584,14.294880867004395
2015-09-07,13.231703758239746,4.298618793487549,14.254914283752441
2015-09-08,13.244105339050293,4.298618793487549,14.268237113952637
2015-09-09,13.244105339050293,4.256337642669678,14.268237113952637
2015-09-10,13.268904685974121,4.26338529586792,14.308202743530273
2015-09-11,13.293708801269531,4.26338529586792,14.294880867004395
2015-09-14,13.31850528717041,4.2281494140625,14.45474624633789
2015-09-15,13.33090591430664,4.2281494140625,14.468072891235352
2015-09-17,13.504517555236816,4.333853244781494,14.468072891235352
2015-09-18,13.578925132751465,4.319758892059326,14.48139476776123
2015-09-21,13.541720390319824,4.298618793487549,14.45474624633789
2015-09-22,13.5665283203125,4.312713146209717,14.468072891235352
2015-09-23,13.46731948852539,4.242243766784668,14.494709014892578
2015-09-25,13.516915321350098,4.270430564880371,14.627936363220215
2015-09-28,13.554120063781738,4.256337642669678,14.468072891235352
2015-09-29,13.5665283203125,4.298618793487549,14.521361351013184
2015-09-30,13.61612319946289,4.326807022094727,14.53468132019043
2015-10-01,13.727733612060547,4.270430564880371,14.654582977294922
2015-10-02,13.665729522705078,4.270430564880371,14.747838020324707
2015-10-05,13.888945579528809,4.305666446685791,14.774482727050781
2015-10-06,14.074960708618164,4.369088172912598,14.894386291503906
2015-10-07,14.025351524353027,4.495932579040527,15.400634765625
2015-10-08,14.012951850891113,4.5100274085998535,15.400634765625
2015-10-09,14.012951850891113,4.608684062957764,15.65375804901123
2015-10-12,14.136961936950684,4.601637840270996,15.627114295959473
2015-10-13,14.112165451049805,4.5945892333984375,15.747010231018066
2015-10-15,14.062561988830566,4.573448657989502,15.786981582641602
2015-10-16,14.000551223754883,4.573448657989502,15.760334968566895
2015-10-19,14.136961936950684,4.538213729858398,15.680408477783203
2015-10-20,14.099761009216309,4.566401958465576,15.65375804901123
2015-10-21,14.112165451049805,4.566401958465576,15.54718017578125
2015-10-22,14.471792221069336,4.517073631286621,15.520532608032227
2015-10-23,14.632993698120117,4.552309036254883,15.520532608032227
2015-10-26,14.434586524963379,4.495932579040527,15.507210731506348
2015-10-27,14.397377967834473,4.517073631286621,15.387308120727539
2015-10-28,14.310574531555176,4.488885879516602,15.160836219787598
2015-10-29,14.260974884033203,4.418416976928711,14.98763370513916
2015-10-30,14.248567581176758,4.474792003631592,14.98763370513916
2015-11-02,14.198967933654785,4.446604251861572,14.98763370513916
2015-11-03,14.260974884033203,4.580495357513428,15.027606964111328
2015-11-04,14.260974884033203,4.622776508331299,15.027606964111328
2015-11-05,14.260974884033203,4.6157307624816895,15.027606964111328
2015-11-06,14.32297420501709,4.629824161529541,15.42728042602539
2015-11-09,14.21136474609375,4.608684062957764,15.413959503173828
2015-11-11,14.198967933654785,4.580495357513428,16.040111541748047
2015-11-12,14.248567581176758,4.5945892333984375,15.600472450256348
2015-11-13,14.198967933654785,4.6157307624816895,15.600472450256348
2015-11-16,14.22376823425293,4.580495357513428,15.61379337310791
2015-11-17,14.22376823425293,4.587542533874512,15.640594482421875
2015-11-18,14.167600631713867,4.636871337890625,15.640594482421875
2015-11-19,14.167600631713867,4.650965690612793,16.082876205444336
2015-11-20,14.242491722106934,4.650965690612793,16.21689796447754
2015-11-23,14.317388534545898,4.68619966506958,16.75299644470215
2015-11-24,14.379803657531738,4.749621868133545,16.779794692993164
2015-11-25,14.379803657531738,4.876465797424316,16.779794692993164
2015-11-26,14.342353820800781,4.82009220123291,16.71278953552246
2015-11-27,14.354839324951172,4.735527515411377,16.75299644470215
2015-11-30,14.304903030395508,4.749621868133545,16.75299644470215
2015-12-01,14.329869270324707,4.791902542114258,16.75299644470215
2015-12-02,14.354839324951172,4.7778096199035645,16.685985565185547
2015-12-03,14.542072296142578,4.742575168609619,16.75299644470215
2015-12-04,14.542072296142578,4.756669044494629,16.779794692993164
2015-12-07,14.55455207824707,4.735527515411377,16.605571746826172
2015-12-08,14.279940605163574,4.735527515411377,16.578763961791992
2015-12-09,14.242491722106934,4.679152965545654,16.605571746826172
2015-12-10,14.142634391784668,4.707340717315674,16.551959991455078
2015-12-11,14.155116081237793,4.707340717315674,16.47154998779297
2015-12-14,13.818089485168457,4.68619966506958,16.21689796447754
2015-12-15,13.793124198913574,4.791902542114258,16.21689796447754
2015-12-16,13.917948722839355,4.862372875213623,16.21689796447754
2015-12-17,13.942914962768555,4.932842254638672,16.13648223876953
2015-12-18,13.843055725097656,4.932842254638672,16.082876205444336
2015-12-21,13.668295860290527,4.890560626983643,16.015865325927734
2015-12-22,13.60588264465332,4.982170581817627,16.015865325927734
2015-12-23,13.60588264465332,5.066733360290527,16.082876205444336
2015-12-28,13.618367195129395,5.038545608520508,16.75299644470215
2015-12-29,14.042771339416504,5.087873458862305,16.779794692993164
2015-12-30,14.167600631713867,5.101968288421631,16.659181594848633
2015-12-31,14.167600631713867,5.12310791015625,16.659181594848633
2016-01-04,13.506021499633789,4.975123882293701,15.841633796691895
2016-01-05,13.818089485168457,5.256999492645264,16.417932510375977
2016-01-06,13.718226432800293,5.285187244415283,16.417932510375977
2016-01-07,13.593404769897461,5.264045715332031,15.895243644714355
2016-01-08,13.618367195129395,5.320423126220703,16.082876205444336
2016-01-11,13.281340599060059,5.073780536651611,16.015865325927734
2016-01-12,13.543476104736328,5.179482936859131,16.042665481567383
2016-01-13,13.530991554260254,5.242906093597412,16.082876205444336
2016-01-14,13.481060028076172,4.918747901916504,16.082876205444336
2016-01-15,13.393682479858398,4.932842254638672,16.015865325927734
2016-01-18,13.418649673461914,4.939888954162598,15.788022994995117
2016-01-19,13.1690034866333,5.066733360290527,15.895243644714355
2016-01-20,13.1690034866333,4.925795078277588,15.948847770690918
2016-01-21,13.11906909942627,4.869419574737549,15.948847770690918
2016-01-22,13.231412887573242,4.862372875213623,16.243696212768555
2016-01-26,13.243894577026367,4.82009220123291,16.337512969970703
2016-01-27,13.655818939208984,4.883513450622559,16.36432647705078
2016-01-28,13.843055725097656,4.939888954162598,16.578763961791992
2016-01-29,14.279940605163574,5.066733360290527,17.1148624420166
2016-02-02,14.2924222946167,4.975123882293701,17.342700958251953
2016-02-03,13.743191719055176,4.918747901916504,16.913818359375
2016-02-04,13.917948722839355,4.932842254638672,17.155067443847656
2016-02-05,14.042771339416504,4.918747901916504,16.820005416870117
2016-02-08,14.042771339416504,4.918747901916504,16.820005416870117
2016-02-09,14.042771339416504,4.918747901916504,16.820005416870117
2016-02-10,13.930432319641113,4.890560626983643,16.685985565185547
2016-02-11,13.90546989440918,4.904654026031494,16.75299644470215
2016-02-12,13.880495071411133,4.862372875213623,16.75299644470215
2016-02-15,14.130146026611328,4.904654026031494,16.80660629272461
2016-02-16,14.005330085754395,5.059686183929443,16.779794692993164
2016-02-17,14.005330085754395,4.904654026031494,17.02103614807129
2016-02-18,14.042771339416504,4.953982353210449,17.02103614807129
2016-02-19,14.042771339416504,4.932842254638672,17.02103614807129
2016-02-22,13.980359077453613,4.961030006408691,16.980831146240234
2016-02-23,14.105183601379395,4.982170581817627,16.887020111083984
2016-02-24,13.980359077453613,4.968076229095459,16.820005416870117
2016-02-25,13.668295860290527,4.8341851234436035,16.71278953552246
2016-02-26,13.843055725097656,4.7778096199035645,16.84681510925293
2016-02-29,13.75567626953125,4.756669044494629,16.551959991455078
2016-03-01,13.743191719055176,4.791902542114258,16.739591598510742
2016-03-02,13.942914962768555,4.862372875213623,16.75299644470215
2016-03-03,13.980359077453613,4.876465797424316,16.739591598510742
2016-03-04,13.930432319641113,4.918747901916504,16.509912490844727
2016-03-07,14.042771339416504,4.897299766540527,16.712570190429688
2016-03-08,14.030290603637695,4.904449462890625,16.726078033447266
2016-03-09,14.024001121520996,4.811507701873779,16.645017623901367
2016-03-10,14.011421203613281,4.88300085067749,16.6044864654541
2016-03-11,14.011421203613281,4.825806617736816,16.550439834594727
2016-03-14,13.810184478759766,4.875852108001709,16.280229568481445
2016-03-15,13.64667797088623,4.840105056762695,16.347787857055664
2016-03-16,13.659253120422363,4.825806617736816,16.320770263671875
2016-03-17,13.696985244750977,4.847254276275635,16.37480354309082
2016-03-18,14.124621391296387,4.947344779968262,16.415334701538086
2016-03-21,13.835336685180664,4.854403018951416,16.415334701538086
2016-03-22,13.734715461730957,4.790059566497803,16.347787857055664
2016-03-23,13.759871482849121,4.797208786010742,16.293745040893555
2016-03-24,13.759871482849121,4.797208786010742,16.334270477294922
2016-03-25,13.696985244750977,4.797208786010742,16.347787857055664
2016-03-28,13.77244758605957,4.790059566497803,16.347787857055664
2016-03-29,13.74729061126709,4.811507701873779,16.21268081665039
2016-03-30,13.847914695739746,4.790059566497803,16.280229568481445
2016-03-31,13.835336685180664,4.797208786010742,16.280229568481445
2016-04-01,13.77244758605957,4.804358005523682,16.280229568481445
2016-04-04,13.79760456085205,4.811507701873779,16.172143936157227
2016-04-05,13.759871482849121,4.804358005523682,16.14513397216797
2016-04-06,14.225239753723145,4.790059566497803,16.11811065673828
2016-04-07,13.77244758605957,4.790059566497803,16.11811065673828
2016-04-08,13.77244758605957,4.790059566497803,16.11811065673828
2016-04-11,13.734715461730957,4.78291130065918,16.104595184326172
2016-04-12,13.734715461730957,4.775761127471924,16.104595184326172
2016-04-13,13.810184478759766,4.832955837249756,16.11811065673828
2016-04-14,13.898226737976074,4.818656921386719,16.11811065673828
2016-04-15,13.885649681091309,4.825806617736816,16.185657501220703
2016-04-18,13.835336685180664,4.811507701873779,16.11811065673828
2016-04-19,13.759871482849121,4.78291130065918,16.05055046081543
2016-04-20,13.759871482849121,4.78291130065918,16.05055046081543
2016-04-21,13.885649681091309,4.811507701873779,16.091083526611328
2016-04-22,13.835336685180664,4.790059566497803,16.07756996154785
2016-04-25,13.810184478759766,4.790059566497803,16.266719818115234
2016-04-26,13.759871482849121,4.78291130065918,16.104595184326172
2016-04-27,13.79760456085205,4.790059566497803,16.07756996154785
2016-04-28,13.835336685180664,4.790059566497803,16.104595184326172
2016-04-29,13.822757720947266,4.797208786010742,16.104595184326172
2016-05-03,13.759871482849121,4.768610954284668,16.104595184326172
2016-05-04,13.74729061126709,4.747163772583008,16.037046432495117
2016-05-05,13.709558486938477,4.675670623779297,15.91545295715332
2016-05-06,13.58378791809082,4.582728862762451,15.80735969543457
2016-05-09,13.14356803894043,4.36824893951416,15.53714656829834
2016-05-10,13.395124435424805,4.589878082275391,15.442580223083496
2016-05-11,13.395124435424805,4.582728862762451,15.334495544433594
2016-05-12,13.445432662963867,4.611326217651367,15.348004341125488
2016-05-13,13.407698631286621,4.432592391967773,15.334495544433594
2016-05-16,13.156147956848145,4.446890354156494,15.348004341125488
2016-05-17,13.49574089050293,4.582728862762451,15.726301193237305
2016-05-18,13.332235336303711,4.57558012008667,15.753318786621094
2016-05-19,13.395124435424805,4.5469818115234375,15.753318786621094
2016-05-20,13.49574089050293,4.57558012008667,15.80735969543457
2016-05-23,13.47042179107666,4.597026348114014,15.969488143920898
2016-05-24,13.407124519348145,4.589878082275391,15.969490051269531
2016-05-25,13.622344017028809,4.639923095703125,15.969490051269531
2016-05-26,13.672988891601562,4.689968109130859,16.05096435546875
2016-05-27,13.79958438873291,4.747163772583008,16.091699600219727
2016-05-30,13.698301315307617,4.725716590881348,16.05096435546875
2016-05-31,13.698301315307617,4.704267501831055,15.915172576904297
2016-06-01,13.723626136779785,4.704267501831055,15.98306941986084
2016-06-02,13.660325050354004,4.6470723152160645,16.01023292541504
2016-06-03,13.609687805175781,4.6470723152160645,16.0238037109375
2016-06-06,13.584360122680664,4.682819843292236,16.132442474365234
2016-06-07,13.7869291305542,4.768610954284668,16.159597396850586
2016-06-08,13.900870323181152,4.790059566497803,16.213918685913086
2016-06-09,13.774266242980957,4.761462211608887,16.078123092651367
2016-06-10,13.647663116455078,4.675670623779297,16.03738784790039
2016-06-13,13.546384811401367,4.625624179840088,15.79295539855957
2016-06-14,13.647663116455078,4.6327738761901855,15.901595115661621
2016-06-15,13.546384811401367,4.604176044464111,15.888011932373047
2016-06-16,13.546384811401367,4.511235237121582,15.915172576904297
2016-06-17,13.571707725524902,4.539832592010498,15.833691596984863
2016-06-20,13.761608123779297,4.57558012008667,15.874434471130371
2016-06-21,13.761608123779297,4.604176044464111,15.955910682678223
2016-06-23,13.685648918151855,4.57558012008667,15.888011932373047
2016-06-24,13.672988891601562,4.604176044464111,15.915172576904297
2016-06-27,13.7869291305542,4.6470723152160645,15.765796661376953
2016-06-28,13.824906349182129,4.618476390838623,15.765796661376953
2016-06-29,13.913531303405762,4.6470723152160645,15.860855102539062
2016-06-30,13.926192283630371,4.725716590881348,15.888011932373047
2016-07-01,13.875551223754883,4.697118282318115,15.942331314086914
2016-07-04,13.913531303405762,4.682819843292236,15.928751945495605
2016-07-05,14.343973159790039,4.689968109130859,15.98306941986084
2016-07-06,14.343973159790039,4.689968109130859,15.98306941986084
2016-07-07,14.343973159790039,4.689968109130859,15.98306941986084
2016-07-08,14.052787780761719,4.689968109130859,15.915172576904297
2016-07-11,14.141416549682617,4.74001407623291,16.0238037109375
2016-07-12,14.1160888671875,4.661370754241943,15.996650695800781
2016-07-13,14.052787780761719,4.71856689453125,15.955910682678223
2016-07-14,13.98948860168457,4.71856689453125,15.955910682678223
2016-07-15,14.052787780761719,4.78291130065918,16.01023292541504
2016-07-18,14.1160888671875,4.661370754241943,16.0238037109375
2016-07-19,14.1160888671875,4.6470723152160645,16.0238037109375
2016-07-20,13.97683048248291,4.74001407623291,15.969490051269531
2016-07-21,14.090771675109863,4.71856689453125,15.969490051269531
2016-07-22,13.93884563446045,4.71856689453125,15.928751945495605
2016-07-25,14.052787780761719,4.747163772583008,15.928751945495605
2016-07-26,14.00214958190918,4.711417198181152,15.562102317810059
2016-07-27,14.052787780761719,4.71856689453125,15.860855102539062
2016-07-28,14.052787780761719,4.71856689453125,15.82011890411377
2016-07-29,14.040131568908691,4.682819843292236,15.79295539855957
2016-08-01,14.02747631072998,4.747163772583008,15.82011890411377
2016-08-02,13.98948860168457,4.711417198181152,15.806539535522461
2016-08-03,13.97683048248291,4.675670623779297,15.847272872924805
2016-08-04,13.926192283630371,4.689968109130859,15.806539535522461
2016-08-05,13.913531303405762,4.71856689453125,15.738638877868652
2016-08-08,13.926192283630371,4.71856689453125,15.847272872924805
2016-08-09,14.02747631072998,4.71856689453125,15.860855102539062
2016-08-10,14.02747631072998,4.747163772583008,15.874434471130371
2016-08-11,14.02747631072998,4.747163772583008,15.888011932373047
2016-08-12,14.040131568908691,4.775761127471924,15.915172576904297
2016-08-15,14.040131568908691,4.768610954284668,15.942331314086914
2016-08-16,14.090771675109863,4.790059566497803,15.955910682678223
2016-08-17,14.052787780761719,4.761462211608887,15.847272872924805
2016-08-18,14.014809608459473,4.761462211608887,15.955910682678223
2016-08-19,14.00214958190918,4.747163772583008,15.955910682678223
2016-08-22,14.040131568908691,4.826643943786621,15.888011932373047
2016-08-23,14.052787780761719,4.812192916870117,15.847272872924805
2016-08-24,14.116495132446289,4.826643943786621,15.888011932373047
2016-08-25,14.129233360290527,4.841094970703125,15.860855102539062
2016-08-26,14.141977310180664,4.841094970703125,15.860851287841797
2016-08-29,14.078266143798828,4.761615753173828,15.819869995117188
2016-08-30,14.141977310180664,4.790515899658203,15.983804702758789
2016-09-01,14.052787780761719,4.833869457244873,15.95648193359375
2016-09-02,13.976347923278809,4.8194193840026855,15.983804702758789
2016-09-05,13.963607788085938,4.826643943786621,15.942821502685547
2016-09-06,14.065528869628906,4.848320484161377,15.95648193359375
2016-09-07,14.014564514160156,4.841094970703125,15.95648193359375
2016-09-08,14.014564514160156,4.833869457244873,15.915501594543457
2016-09-09,14.001826286315918,4.826643943786621,15.901841163635254
2016-09-13,13.98908805847168,4.804968357086182,15.970144271850586
2016-09-14,13.963607788085938,4.790515899658203,15.95648193359375
2016-09-15,13.95086669921875,4.761615753173828,15.942821502685547
2016-09-19,13.696056365966797,4.696584701538086,15.942821502685547
2016-09-20,13.747016906738281,4.768840312957764,16.011127471923828
2016-09-21,13.734277725219727,4.812192916870117,15.942821502685547
2016-09-22,13.823457717895508,4.869997024536133,15.942821502685547
2016-09-23,13.899901390075684,4.841094970703125,16.024791717529297
2016-09-26,13.95086669921875,4.841094970703125,15.983804702758789
2016-09-27,13.95086669921875,4.841094970703125,16.038455963134766
2016-09-28,13.925385475158691,4.768840312957764,16.024791717529297
2016-09-29,13.93812370300293,4.833869457244873,16.024791717529297
2016-09-30,13.912644386291504,4.804968357086182,16.05211067199707
2016-10-04,13.912644386291504,4.841094970703125,16.05211067199707
2016-10-05,13.861681938171387,4.7977423667907715,16.038455963134766
2016-10-06,13.861681938171387,4.826643943786621,16.202388763427734
2016-10-07,13.861681938171387,4.841094970703125,16.079439163208008
2016-10-10,13.87442398071289,4.8916730880737305,16.05211067199707
2016-10-11,13.87442398071289,4.898900032043457,15.95648193359375
2016-10-12,13.98908805847168,4.920576095581055,16.024791717529297
2016-10-13,13.912644386291504,4.920576095581055,15.901841163635254
2016-10-14,13.87442398071289,4.920576095581055,15.95648193359375
2016-10-17,13.759760856628418,4.913349628448486,15.983804702758789
2016-10-18,13.8489408493042,4.920576095581055,15.970144271850586
2016-10-19,13.87442398071289,4.956703186035156,15.983804702758789
2016-10-20,13.87442398071289,5.021733283996582,15.983804702758789
2016-10-21,13.8489408493042,5.043410301208496,15.970144271850586
2016-10-24,14.078266143798828,5.043410301208496,15.915501594543457
2016-10-25,14.014564514160156,5.050634384155273,15.915501594543457
2016-10-26,13.963607788085938,5.043410301208496,15.888178825378418
2016-10-27,13.963607788085938,5.057860851287842,15.915501594543457
2016-10-28,13.976347923278809,5.028958797454834,15.915501594543457
2016-10-31,14.014564514160156,5.057860851287842,15.95648193359375
2016-11-01,14.027310371398926,5.043410301208496,15.942821502685547
2016-11-02,14.065528869628906,5.057860851287842,15.915501594543457
2016-11-03,14.040048599243164,5.014508247375488,15.915501594543457
2016-11-04,14.040048599243164,5.028958797454834,15.915501594543457
2016-11-07,14.052787780761719,5.014508247375488,15.942821502685547
2016-11-08,14.027310371398926,5.021733283996582,15.95648193359375
2016-11-09,14.001826286315918,4.992830753326416,15.983804702758789
2016-11-10,13.912644386291504,4.956703186035156,16.024791717529297
2016-11-11,13.823457717895508,4.920576095581055,16.05211067199707
2016-11-14,13.836202621459961,4.920576095581055,16.05211067199707
2016-11-15,13.747016906738281,4.942252159118652,16.05211067199707
2016-11-16,13.727773666381836,4.9350266456604,15.983804702758789
2016-11-17,13.702116966247559,5.007282257080078,16.011127471923828
2016-11-18,13.47117805480957,4.920576095581055,16.243375778198242
2016-11-21,13.599477767944336,4.96392822265625,16.078462600708008
2016-11-22,13.791923522949219,4.97838020324707,16.119691848754883
2016-11-23,13.76625919342041,4.985605716705322,16.2021484375
2016-11-24,13.753434181213379,4.949477195739746,16.21589469909668
2016-11-25,13.702116966247559,4.906124114990234,16.2021484375
2016-11-28,13.727773666381836,4.906124114990234,16.119691848754883
2016-11-29,13.702116966247559,4.913349628448486,16.160917282104492
2016-11-30,13.458349227905273,4.9350266456604,15.803622245788574
2016-12-01,13.355712890625,4.956703186035156,15.817367553710938
2016-12-02,13.368538856506348,4.971153736114502,15.913558959960938
2016-12-05,13.368538856506348,4.956703186035156,15.913558959960938
2016-12-06,13.67645263671875,4.956703186035156,15.913558959960938
2016-12-07,13.791923522949219,4.949477195739746,15.94104290008545
2016-12-08,13.650794982910156,4.985605716705322,16.119691848754883
2016-12-09,13.88172721862793,4.96392822265625,16.078462600708008
2016-12-13,13.843240737915039,4.97838020324707,16.243375778198242
2016-12-14,13.76625919342041,4.985605716705322,16.243375778198242
2016-12-15,13.625136375427246,4.949477195739746,16.325824737548828
2016-12-16,13.573816299438477,4.949477195739746,16.28459930419922
2016-12-19,13.573816299438477,4.971153736114502,16.147178649902344
2016-12-20,13.650794982910156,4.971153736114502,16.312088012695312
2016-12-21,13.650794982910156,5.000056266784668,16.160917282104492
2016-12-22,13.650794982910156,4.992830753326416,16.18840789794922
2016-12-23,13.599477767944336,4.985605716705322,16.147178649902344
2016-12-27,13.637968063354492,4.971153736114502,16.147178649902344
2016-12-28,13.650794982910156,4.96392822265625,16.147178649902344
2016-12-29,13.650794982910156,5.050634384155273,16.147178649902344
2016-12-30,13.663626670837402,5.043410301208496,16.353309631347656
2017-01-02,13.663626670837402,5.043410301208496,16.353309631347656
2017-01-03,13.714944839477539,5.050634384155273,16.353309631347656
2017-01-04,13.779093742370605,5.137341022491455,16.339570999145508
2017-01-05,13.791923522949219,5.202371597290039,16.325824737548828
2017-01-06,13.791923522949219,5.2240471839904785,16.367053985595703
2017-01-09,13.727773666381836,5.202371597290039,16.353309631347656
2017-01-10,13.458349227905273,5.180694103240967,16.367053985595703
2017-01-11,13.253074645996094,5.166243076324463,16.339570999145508
2017-01-12,13.40703296661377,5.202371597290039,16.353309631347656
2017-01-13,13.342881202697754,5.195145606994629,16.339570999145508
2017-01-16,13.073458671569824,5.159017562866211,16.325824737548828
2017-01-17,12.765543937683105,5.166243076324463,16.119691848754883
2017-01-18,12.906672477722168,5.202371597290039,16.078462600708008
2017-01-19,12.932332992553711,5.195145606994629,16.078462600708008
2017-01-20,12.919499397277832,5.195145606994629,16.078462600708008
2017-01-23,12.957991600036621,5.151792526245117,16.064720153808594
2017-01-24,12.957991600036621,5.173469066619873,16.078462600708008
2017-01-25,13.022139549255371,5.173469066619873,16.078462600708008
2017-01-26,13.432693481445312,5.159017562866211,16.147178649902344
2017-01-27,13.419858932495117,5.151792526245117,16.064720153808594
2017-01-31,13.394201278686523,5.151792526245117,16.174667358398438
2017-02-02,13.240250587463379,5.144566535949707,16.1334285736084
2017-02-03,13.21458625793457,5.151792526245117,16.1334285736084
2017-02-06,13.21458625793457,5.2601752281188965,16.1334285736084
2017-02-07,13.278738021850586,5.209596633911133,16.1334285736084
2017-02-08,13.278738021850586,5.209596633911133,16.531959533691406
2017-02-10,13.13760757446289,5.209596633911133,16.518218994140625
2017-02-13,13.21458625793457,5.216822147369385,16.683124542236328
2017-02-14,13.21458625793457,5.195145606994629,16.518218994140625
2017-02-15,13.21458625793457,5.209596633911133,16.43576431274414
2017-02-16,13.240250587463379,5.2746262550354,16.44950294494629
2017-02-17,13.240250587463379,5.4191365242004395,16.46324920654297
2017-02-20,13.240250587463379,5.4046854972839355,16.6556396484375
2017-02-21,13.21458625793457,5.296302318572998,16.6556396484375
2017-02-22,13.21458625793457,5.325204849243164,16.641895294189453
2017-02-23,13.201756477355957,5.325204849243164,16.696866989135742
2017-02-24,13.17609977722168,5.35410737991333,16.710617065429688
2017-02-27,13.009309768676758,5.2746262550354,16.8205509185791
2017-02-28,12.842528343200684,5.238497734069824,16.834285736083984
2017-03-01,12.829696655273438,5.2746262550354,17.164108276367188
2017-03-02,12.804034233093262,5.4191365242004395,17.274044036865234
2017-03-03,12.701398849487305,5.433822154998779,17.246559143066406
2017-03-06,12.842528343200684,5.4558515548706055,16.9683895111084
2017-03-07,12.693570137023926,5.4925665855407715,16.926668167114258
2017-03-08,12.823095321655273,5.463193893432617,16.9683895111084
2017-03-09,12.745382308959961,5.411793231964111,16.898847579956055
2017-03-10,12.693570137023926,5.397106647491455,16.898847579956055
2017-03-13,12.771285057067871,5.367735385894775,16.898847579956055
2017-03-14,12.81014347076416,5.3603925704956055,16.63458251953125
2017-03-15,12.797192573547363,5.345706462860107,16.34250831604004
2017-03-16,12.823095321655273,5.345706462860107,16.425952911376953
2017-03-17,12.81014347076416,5.4558515548706055,16.578948974609375
2017-03-20,12.87490177154541,5.4705376625061035,16.481586456298828
2017-03-21,12.926714897155762,5.565996170043945,16.481586456298828
2017-03-22,12.939671516418457,5.4925665855407715,16.412044525146484
2017-03-23,12.771285057067871,5.5145955085754395,16.578948974609375
2017-03-24,12.771285057067871,5.521938800811768,16.551132202148438
2017-03-27,12.771285057067871,5.565996170043945,16.5372257232666
2017-03-28,12.926714897155762,5.580682754516602,17.27437400817871
2017-03-29,12.823095321655273,5.595368385314941,16.620677947998047
2017-03-30,12.797192573547363,5.617398262023926,16.648488998413086
2017-03-31,12.797192573547363,5.654112339019775,16.690221786499023
2017-04-03,12.836048126220703,5.610054016113281,16.620677947998047
2017-04-04,12.823095321655273,5.690826892852783,16.70412826538086
2017-04-05,12.784236907958984,5.7055134773254395,16.759761810302734
2017-04-06,12.758332252502441,5.7055134773254395,16.745853424072266
2017-04-07,12.758332252502441,5.712856292724609,16.759761810302734
2017-04-10,12.745382308959961,5.676141262054443,16.690221786499023
2017-04-11,12.745382308959961,5.6027116775512695,16.718034744262695
2017-04-12,12.745382308959961,5.727542400360107,16.745853424072266
2017-04-13,12.667661666870117,5.690826892852783,16.80148696899414
2017-04-14,12.615852355957031,5.580682754516602,16.690221786499023
2017-04-17,12.486330032348633,5.573339939117432,16.690221786499023
2017-04-18,12.49927806854248,5.580682754516602,16.745853424072266
2017-04-19,12.110700607299805,5.565996170043945,16.745853424072266
2017-04-20,11.877553939819336,5.521938800811768,16.690221786499023
2017-04-21,11.916415214538574,5.543966770172119,16.690221786499023
2017-04-24,11.799838066101074,5.543966770172119,16.690221786499023
2017-04-25,11.916415214538574,5.536623954772949,16.73194122314453
2017-04-26,11.916415214538574,5.433822154998779,16.73194122314453
2017-04-27,12.136606216430664,5.419137477874756,16.73194122314453
2017-04-28,11.968218803405762,5.3603925704956055,16.73194122314453
2017-05-02,12.175467491149902,5.345706462860107,16.871028900146484
2017-05-03,12.304987907409668,5.250247001647949,16.662399291992188
2017-05-04,12.356801986694336,5.235561370849609,16.773670196533203
2017-05-05,12.084794044494629,5.250247001647949,16.70412826538086
2017-05-08,12.032990455627441,5.250247001647949,16.690221786499023
2017-05-09,11.981180191040039,5.257590293884277,16.690221786499023
2017-05-11,12.382706642150879,5.375079154968262,16.884944915771484
2017-05-12,12.045936584472656,5.308990955352783,16.690221786499023
2017-05-15,12.032990455627441,5.338364124298096,16.73194122314453
2017-05-16,12.758332252502441,5.323676586151123,16.9683895111084
2017-05-17,12.330896377563477,5.367735385894775,16.9683895111084
2017-05-18,12.304987907409668,5.345706462860107,16.745853424072266
2017-05-19,12.304987907409668,5.382421016693115,17.218740463256836
2017-05-22,12.823095321655273,5.397106647491455,17.413461685180664
2017-05-23,12.421563148498535,5.397106647491455,17.163103103637695
2017-05-24,12.408611297607422,5.4558515548706055,16.954477310180664
2017-05-25,12.408611297607422,5.426478862762451,16.871028900146484
2017-05-26,12.37597370147705,5.433822154998779,16.80148696899414
2017-05-29,12.14098834991455,5.323676586151123,16.80148696899414
2017-05-31,12.114876747131348,5.382421016693115,17.207181930541992
2017-06-01,12.232370376586914,5.279619216918945,16.941381454467773
2017-06-02,12.402087211608887,5.301648139953613,16.92738914489746
2017-06-05,12.689290046691895,5.301648139953613,16.941381454467773
2017-06-06,12.519577026367188,5.286962985992432,16.955368041992188
2017-06-07,12.415140151977539,5.286962985992432,16.85744285583496
2017-06-08,12.454300880432129,5.294305324554443,16.885419845581055
2017-06-09,12.532638549804688,5.286962985992432,17.011329650878906
2017-06-13,12.50652027130127,5.286962985992432,16.913408279418945
2017-06-14,12.336811065673828,5.301648139953613,16.955368041992188
2017-06-15,12.389028549194336,5.257590293884277,16.92738914489746
2017-06-16,12.336811065673828,5.294305324554443,16.997343063354492
2017-06-19,12.323755264282227,5.286962985992432,16.983356475830078
2017-06-20,12.180150985717773,5.250247001647949,16.941381454467773
2017-06-21,12.206263542175293,5.250247001647949,17.33309555053711
2017-06-22,12.336811065673828,5.250247001647949,16.913408279418945
2017-06-23,12.336811065673828,5.250247001647949,16.941381454467773
2017-06-26,12.336811065673828,5.235561370849609,16.8994140625
2017-06-27,12.271536827087402,5.235561370849609,16.8994140625
2017-06-28,12.219319343566895,5.213531970977783,16.8994140625
2017-06-29,12.206263542175293,5.228218078613281,16.885419845581055
2017-06-30,12.101824760437012,5.213531970977783,16.85744285583496
2017-07-03,12.271536827087402,5.3603925704956055,17.011329650878906
2017-07-04,12.075714111328125,5.242903709411621,16.8994140625
2017-07-05,12.14098834991455,5.220874786376953,16.85744285583496
2017-07-06,12.14098834991455,5.250247001647949,16.82946014404297
2017-07-07,12.062654495239258,5.2061896324157715,16.731534957885742
2017-07-10,12.336811065673828,5.059329509735107,16.70355796813965
2017-07-11,12.310699462890625,5.132758140563965,16.70355796813965
2017-07-12,12.271536827087402,5.066672325134277,16.507705688476562
2017-07-13,12.127937316894531,5.103387355804443,16.563657760620117
2017-07-14,12.271536827087402,5.029956340789795,16.5496768951416
2017-07-17,12.284589767456055,5.059329509735107,16.563657760620117
2017-07-18,12.258481979370117,5.074014663696289,16.577653884887695
2017-07-19,12.310699462890625,5.096045017242432,16.577653884887695
2017-07-20,12.193208694458008,5.103387355804443,16.53567886352539
2017-07-21,12.284589767456055,5.1180739402771,16.59164047241211
2017-07-24,12.271536827087402,5.140102386474609,16.577653884887695
2017-07-25,12.323755264282227,5.110730171203613,16.675580978393555
2017-07-26,12.336811065673828,5.132758140563965,16.68956756591797
2017-07-27,12.37597370147705,5.110730171203613,16.68956756591797
2017-07-28,12.37597370147705,5.103387355804443,16.68956756591797
2017-07-31,12.232370376586914,5.103387355804443,16.63361167907715
2017-08-01,12.232370376586914,5.088701248168945,16.63361167907715
2017-08-02,12.2454252243042,5.1254167556762695,16.60563087463379
2017-08-03,12.15404224395752,5.1180739402771,16.80148696899414
2017-08-04,12.206263542175293,5.1474456787109375,16.647598266601562
2017-08-07,12.310699462890625,5.162130832672119,16.647598266601562
2017-08-08,12.349863052368164,5.154788017272949,16.60563087463379
2017-08-09,12.258481979370117,5.1474456787109375,16.647598266601562
2017-08-10,12.258481979370117,5.162130832672119,16.773508071899414
2017-08-11,12.258481979370117,5.154788017272949,16.717548370361328
2017-08-14,12.271536827087402,5.220874786376953,16.7595157623291
2017-08-15,12.284589767456055,5.250247001647949,16.7595157623291
2017-08-16,12.323755264282227,5.257590293884277,16.7595157623291
2017-08-17,12.180150985717773,5.345706462860107,16.7595157623291
2017-08-18,12.271536827087402,5.272275447845459,16.787494659423828
2017-08-21,12.271536827087402,5.286962985992432,16.787494659423828
2017-08-22,12.271536827087402,5.286962985992432,16.787494659423828
2017-08-23,12.402087211608887,5.3467020988464355,16.85744285583496
2017-08-24,12.389028549194336,5.361636638641357,16.85744285583496
2017-08-25,12.323755264282227,5.361636638641357,16.885419845581055
2017-08-28,12.271088600158691,5.369104862213135,16.85744285583496
2017-08-29,12.073593139648438,5.369104862213135,16.85744285583496
2017-08-30,12.113093376159668,5.3467020988464355,17.06728744506836
2017-08-31,12.113093376159668,5.3467020988464355,17.06728744506836
2017-09-01,12.113093376159668,5.3467020988464355,17.06728744506836
2017-09-04,,5.3467020988464355,17.06728744506836
2017-09-05,12.099925994873047,5.45124626159668,17.376832962036133
2017-09-06,12.099925994873047,5.518453121185303,17.306486129760742
2017-09-07,11.981428146362305,5.525920867919922,17.222064971923828
2017-09-08,11.968262672424316,5.563257694244385,17.03914451599121
2017-09-11,11.91559886932373,5.578191757202148,17.02507972717285
2017-09-12,12.336920738220215,5.563257694244385,17.03914451599121
2017-09-13,12.284250259399414,5.563257694244385,17.03914451599121
2017-09-14,12.244757652282715,5.525920867919922,17.095426559448242
2017-09-15,12.231592178344727,5.473649024963379,17.03914451599121
2017-09-18,12.073593139648438,5.488582611083984,17.06728744506836
2017-09-19,12.047262191772461,5.496051788330078,17.05321502685547
2017-09-20,12.086760520935059,5.443777561187744,17.05321502685547
2017-09-21,11.862929344177246,5.45124626159668,17.03914451599121
2017-09-22,11.862929344177246,5.45124626159668,17.03914451599121
2017-09-25,12.139425277709961,5.488582611083984,17.06728744506836
2017-09-26,11.91559886932373,5.466180801391602,17.207990646362305
2017-09-27,11.928764343261719,5.443777561187744,17.23613166809082
2017-09-28,11.84976577758789,5.45124626159668,17.123571395874023
2017-09-29,11.78393268585205,5.443777561187744,17.109498977661133
2017-10-02,11.78393268585205,5.45124626159668,17.03914451599121
2017-10-03,11.902429580688477,5.443777561187744,17.06728744506836
2017-10-04,12.007762908935547,5.458713054656982,17.06728744506836
2017-10-05,11.91559886932373,5.466180801391602,17.06728744506836
2017-10-06,11.91559886932373,5.488582611083984,17.151708602905273
2017-10-09,11.902429580688477,5.473649024963379,17.095426559448242
2017-10-10,12.231592178344727,5.481115818023682,17.08135986328125
2017-10-11,12.178929328918457,5.466180801391602,17.095426559448242
2017-10-12,12.165755271911621,5.473649024963379,17.08135986328125
2017-10-13,12.165755271911621,5.481115818023682,17.08135986328125
2017-10-16,12.297419548034668,5.488582611083984,17.587890625
2017-10-17,12.178929328918457,5.473649024963379,17.08135986328125
2017-10-18,12.178929328918457,5.473649024963379,17.08135986328125
2017-10-19,11.83659839630127,5.630465030670166,17.02507972717285
2017-10-20,11.770766258239746,5.630465030670166,17.011009216308594
2017-10-23,11.981428146362305,5.600595951080322,16.870302200317383
2017-10-24,11.91559886932373,5.585659980773926,17.02507972717285
2017-10-25,11.889265060424805,5.563257694244385,16.954721450805664
2017-10-26,11.941926002502441,5.525920867919922,16.954721450805664
2017-10-27,11.91559886932373,5.510986328125,16.940658569335938
2017-10-30,11.91559886932373,5.600595951080322,16.954721450805664
2017-10-31,11.876097679138184,5.503519058227539,16.856231689453125
2017-11-01,11.902429580688477,5.503519058227539,16.954721450805664
2017-11-02,11.78393268585205,5.458713054656982,16.814027786254883
2017-11-03,11.652268409729004,5.443777561187744,16.49040412902832
2017-11-06,11.257278442382812,5.503519058227539,15.885385513305664
2017-11-07,11.612768173217773,5.473649024963379,15.800959587097168
2017-11-08,11.230945587158203,5.578191757202148,15.294426918029785
2017-11-09,11.652268409729004,5.525920867919922,15.083375930786133
2017-11-10,11.718101501464844,5.555790901184082,15.19593620300293
2017-11-13,11.481107711791992,5.563257694244385,16.67331314086914
2017-11-14,11.178277969360352,5.525920867919922,16.68739128112793
2017-11-15,11.112445831298828,5.4139084815979,16.237138748168945
2017-11-16,11.309943199157715,5.45124626159668,16.434127807617188
2017-11-17,10.954448699951172,5.443777561187744,16.47633934020996
2017-11-20,10.967615127563477,5.436310768127441,16.377843856811523
2017-11-21,11.283608436584473,5.39897346496582,16.39191246032715
2017-11-22,11.00711441040039,5.45124626159668,16.78588104248047
2017-11-23,10.993824005126953,5.45124626159668,16.6723690032959
2017-11-24,11.14005184173584,5.488582611083984,16.743314743041992
2017-11-27,10.900766372680664,5.458713054656982,16.7858829498291
2017-11-28,10.860885620117188,5.510986328125,16.913583755493164
2017-11-29,10.741242408752441,5.578191757202148,16.94196128845215
2017-11-30,10.555131912231445,5.525920867919922,17.168991088867188
2017-12-01,10.555131912231445,5.525920867919922,17.168991088867188
2017-12-04,10.595012664794922,5.548324108123779,17.310880661010742
2017-12-05,10.701362609863281,5.563257694244385,17.424394607543945
2017-12-06,10.741242408752441,5.510986328125,17.381826400756836
2017-12-07,10.701362609863281,5.525920867919922,17.381826400756836
2017-12-08,10.634893417358398,5.540855884552002,17.381826400756836
2017-12-11,10.661484718322754,5.533387660980225,17.381826400756836
2017-12-12,10.674775123596191,5.540855884552002,17.41020965576172
2017-12-13,10.674775123596191,5.555790901184082,17.381826400756836
2017-12-14,10.834296226501465,5.563257694244385,17.381826400756836
2017-12-15,10.794419288635254,5.563257694244385,17.239938735961914
2017-12-18,10.927352905273438,5.563257694244385,17.325069427490234
2017-12-19,10.900766372680664,5.593127727508545,17.296693801879883
2017-12-20,10.887470245361328,5.585659980773926,17.296693801879883
2017-12-21,11.272987365722656,5.675270080566406,17.211557388305664
2017-12-22,11.366043090820312,5.675270080566406,17.19736671447754
2017-12-25,11.366043090820312,5.675270080566406,17.19736671447754
2017-12-26,11.29957389831543,5.675270080566406,17.211557388305664
2017-12-27,11.419218063354492,5.824618339538574,17.225751876831055
2017-12-28,11.552152633666992,5.824618339538574,17.239938735961914
2017-12-29,11.618622779846191,5.749944686889648,17.211557388305664
2018-01-02,11.645209312438965,5.861955642700195,17.28251075744629
2018-01-03,11.924376487731934,5.936630725860596,17.381826400756836
2018-01-04,12.030722618103027,6.11584997177124,17.438589096069336
2018-01-05,12.203539848327637,6.085980415344238,17.52372169494629
2018-01-08,12.761873245239258,6.085980415344238,17.85007667541504
2018-01-09,12.628933906555176,6.078512191772461,17.83588409423828
2018-01-10,12.628933906555176,6.056109428405762,17.764942169189453
2018-01-11,12.29659652709961,6.026240348815918,17.722370147705078
2018-01-12,12.628933906555176,6.033707141876221,17.69399642944336
2018-01-15,12.562466621398926,6.108383655548096,17.665607452392578
2018-01-16,12.203539848327637,6.11584997177124,17.53790855407715
2018-01-17,11.924376487731934,6.100915431976318,17.52372169494629
2018-01-18,11.512271881103516,6.100915431976318,17.495342254638672
2018-01-19,12.097193717956543,6.048644065856934,17.452783584594727
2018-01-22,11.964258193969727,5.973968505859375,17.594669342041016
2018-01-23,12.07060718536377,5.996370792388916,17.594669342041016
2018-01-24,11.764853477478027,5.973968505859375,17.594669342041016
2018-01-25,11.831318855285645,5.973968505859375,17.608856201171875
2018-01-26,12.16366195678711,5.959033489227295,17.56629180908203
2018-01-29,12.243420600891113,5.996370792388916,17.53790855407715
2018-01-30,11.897787094116211,6.078512191772461,17.466970443725586
2018-02-02,12.150365829467773,5.988903045654297,18.077102661132812
2018-02-05,11.9908447265625,5.988903045654297,18.23318862915039
2018-02-06,11.379335403442383,5.973968505859375,17.438589096069336
2018-02-07,11.711674690246582,5.966501235961914,17.48115348815918
2018-02-08,11.964258193969727,5.944097995758057,17.396018981933594
2018-02-09,11.618622779846191,5.973968505859375,17.665607452392578
2018-02-12,11.804732322692871,5.959033489227295,17.73656463623047
2018-02-13,11.831318855285645,5.959033489227295,17.73656463623047
2018-02-14,11.631913185119629,6.033707141876221,17.750751495361328
2018-02-15,11.631913185119629,6.048644065856934,17.821699142456055
2018-02-16,11.631913185119629,,17.821699142456055
2018-02-19,12.40294075012207,6.048644065856934,17.906835556030273
2018-02-20,11.831318855285645,6.048644065856934,17.94940185546875
2018-02-21,11.897787094116211,6.078512191772461,18.034536361694336
2018-02-22,11.937666893005371,6.056109428405762,18.091293334960938
2018-02-23,11.751559257507324,6.056109428405762,18.119672775268555
2018-02-26,11.738265991210938,6.0113067626953125,18.23318862915039
2018-02-27,11.897787094116211,6.063577175140381,18.30413055419922
2018-02-28,11.711674690246582,6.041175842285156,18.30413055419922
2018-03-01,11.592034339904785,6.048644065856934,18.318323135375977
2018-03-02,11.578742027282715,6.048644065856934,18.346702575683594
2018-03-05,11.711674690246582,6.063859462738037,18.091293334960938
2018-03-06,11.711674690246582,6.071468353271484,17.86426544189453
2018-03-07,11.565446853637695,6.056251049041748,17.495342254638672
2018-03-08,11.565446853637695,6.056251049041748,17.466970443725586
2018-03-09,11.565446853637695,6.071468353271484,17.60449981689453
2018-03-12,11.961936950683594,6.147551536560059,17.995391845703125
2018-03-13,12.029139518737793,6.200810432434082,17.894052505493164
2018-03-14,12.029139518737793,6.162769317626953,17.908527374267578
2018-03-15,12.096343994140625,6.200810432434082,17.908527374267578
2018-03-16,12.096343994140625,6.200810432434082,17.95195960998535
2018-03-19,12.002259254455566,6.200810432434082,17.95195960998535
2018-03-20,12.056022644042969,6.23124361038208,17.980911254882812
2018-03-21,12.096343994140625,6.3073272705078125,18.06778335571289
2018-03-22,12.096343994140625,6.246459484100342,17.95195960998535
2018-03-23,12.015697479248047,6.223636150360107,17.87957191467285
2018-03-26,11.961936950683594,6.200810432434082,17.87957191467285
2018-03-27,11.975378036499023,6.299719333648682,17.87957191467285
2018-03-28,11.98881721496582,6.276895046234131,17.923002243041992
2018-03-29,11.975378036499023,6.200810432434082,17.87957191467285
2018-03-30,11.98881721496582,6.28450345993042,18.009864807128906
2018-04-02,12.082901954650879,6.3073272705078125,17.87957191467285
2018-04-03,12.082901954650879,6.276895046234131,17.87957191467285
2018-04-04,12.029139518737793,6.216026782989502,17.865097045898438
2018-04-05,12.082901954650879,6.208418846130371,17.807180404663086
2018-04-06,12.082901954650879,6.238852024078369,17.85061264038086
2018-04-09,12.230745315551758,6.451886177062988,18.31389617919922
2018-04-10,12.163544654846191,6.4290595054626465,18.357324600219727
2018-04-11,12.096343994140625,6.474709987640381,18.357324600219727
2018-04-12,12.230745315551758,6.451886177062988,18.357324600219727
2018-04-13,12.109782218933105,6.391018867492676,18.44418716430664
2018-04-16,12.096343994140625,6.4290595054626465,18.878511428833008
2018-04-17,12.459237098693848,6.474709987640381,19.38521957397461
2018-04-18,12.445793151855469,6.4290595054626465,19.443130493164062
2018-04-19,12.486113548278809,6.451886177062988,20.051179885864258
2018-04-20,12.499554634094238,6.451886177062988,19.978792190551758
2018-04-23,12.244187355041504,6.436669826507568,19.906410217285156
2018-04-24,12.069459915161133,6.459494113922119,19.544471740722656
2018-04-25,12.056022644042969,6.383410930633545,19.544471740722656
2018-04-26,12.096343994140625,6.398627281188965,19.515514373779297
2018-04-27,12.082901954650879,6.444277286529541,19.515514373779297
2018-04-30,11.975378036499023,6.4290595054626465,19.544471740722656
2018-05-02,12.230745315551758,6.398627281188965,19.356266021728516
2018-05-03,11.948497772216797,6.436669826507568,19.443130493164062
2018-05-04,11.935054779052734,6.4290595054626465,19.399696350097656
2018-05-07,11.814093589782715,6.421451568603516,19.11014747619629
2018-05-08,11.935054779052734,6.4062347412109375,19.11014747619629
2018-05-14,11.787212371826172,6.619268417358398,19.124622344970703
2018-05-15,11.787212371826172,6.543187141418457,19.066715240478516
2018-05-16,11.760330200195312,6.558403968811035,19.052242279052734
2018-05-17,11.98881721496582,6.604053020477295,19.081193923950195
2018-05-18,12.029139518737793,6.611660957336426,19.02328872680664
2018-05-21,12.082901954650879,6.619268417358398,18.965381622314453
2018-05-22,12.082901954650879,6.413844585418701,18.82060432434082
2018-05-23,11.881299018859863,6.345369338989258,18.473140716552734
2018-05-24,11.98881721496582,6.345369338989258,18.357324600219727
2018-05-25,12.109782218933105,6.3301520347595215,18.255979537963867
2018-05-28,11.961936950683594,6.322545051574707,17.966428756713867
2018-05-30,11.961936950683594,6.322545051574707,17.966428756713867
2018-05-31,11.609317779541016,6.079076766967773,18.024343490600586
2018-06-01,12.01618480682373,6.185594081878662,18.06072425842285
2018-06-04,12.029748916625977,6.276895046234131,18.00251007080078
2018-06-05,12.273871421813965,6.314936637878418,17.97340965270996
2018-06-06,12.490864753723145,6.352978229522705,18.046175003051758
2018-06-07,12.314556121826172,6.368194103240967,18.2935848236084
2018-06-08,12.111127853393555,6.383410930633545,18.279029846191406
2018-06-11,12.029748916625977,6.375802040100098,18.41001319885254
2018-06-12,11.93481159210205,6.337761402130127,18.52643585205078
2018-06-13,12.246746063232422,6.345369338989258,18.148046493530273
2018-06-14,11.867000579833984,6.345369338989258,18.788394927978516
2018-06-18,11.772062301635742,6.375802040100098,18.191707611083984
2018-06-19,11.717816352844238,6.360585689544678,17.944299697875977
2018-06-20,11.677128791809082,6.383410930633545,18.089839935302734
2018-06-21,11.690690040588379,6.391018867492676,17.55136489868164
2018-06-22,11.772062301635742,6.391018867492676,17.66779136657715
2018-06-25,11.622880935668945,6.421451568603516,17.755107879638672
2018-06-26,11.731378555297852,6.398627281188965,17.769657135009766
2018-06-27,11.731378555297852,6.4290595054626465,17.929750442504883
2018-06-28,11.880565643310547,6.391018867492676,18.046175003051758
2018-06-29,11.731378555297852,6.398627281188965,18.046175003051758
2018-07-02,11.650004386901855,6.391018867492676,17.97340965270996
2018-07-03,11.79919147491455,6.4290595054626465,17.97340965270996
2018-07-04,11.79919147491455,6.4290595054626465,17.97340965270996
2018-07-05,11.867000579833984,6.436669826507568,18.046175003051758
2018-07-06,11.4736967086792,6.421451568603516,18.046175003051758
2018-07-09,11.650004386901855,6.474709987640381,18.13349723815918
2018-07-10,11.975500106811523,6.497535705566406,18.148046493530273
2018-07-11,12.04331111907959,6.497535705566406,18.046175003051758
2018-07-12,12.1382474899292,6.489926815032959,18.191707611083984
2018-07-13,12.341681480407715,6.558403968811035,18.671974182128906
2018-07-16,12.450183868408203,6.748612880706787,18.744739532470703
2018-07-17,12.490864753723145,6.695353984832764,18.773839950561523
2018-07-18,12.517991065979004,6.733395099639893,18.744739532470703
2018-07-19,12.490864753723145,6.695353984832764,18.744739532470703
2018-07-20,12.450183868408203,6.649702548980713,18.773839950561523
2018-07-23,12.409493446350098,6.702962875366211,18.91937828063965
2018-07-24,12.47730541229248,6.695353984832764,19.137680053710938
2018-07-25,12.463738441467285,6.702962875366211,19.530616760253906
2018-07-26,12.57223892211914,6.710569858551025,19.530616760253906
2018-07-27,12.884173393249512,6.725786209106445,19.54517364501953
2018-07-30,12.965547561645508,6.733395099639893,19.64704132080078
2018-07-31,12.707862854003906,6.794262409210205,19.632490158081055
2018-08-01,13.019796371459961,6.855130672454834,19.632490158081055
2018-08-02,12.884173393249512,6.855130672454834,19.443294525146484
2018-08-03,12.93842601776123,6.870345115661621,19.501514434814453
2018-08-06,12.626487731933594,6.855130672454834,19.501514434814453
2018-08-07,12.884173393249512,6.885562896728516,19.501514434814453
2018-08-08,13.019796371459961,6.877952575683594,19.530616760253906
2018-08-09,12.870612144470215,6.999687194824219,19.530616760253906
2018-08-10,12.884173393249512,7.007297515869141,19.501514434814453
2018-08-13,12.721424102783203,6.915994644165039,19.385086059570312
2018-08-14,12.653614044189453,6.923604965209961,19.079465866088867
2018-08-15,12.653614044189453,7.075770378112793,19.428749084472656
2018-08-16,12.463738441467285,7.030121803283691,19.355976104736328
2018-08-17,12.382368087768555,6.954038143157959,19.57427406311035
2018-08-20,12.314556121826172,7.182286262512207,19.57427406311035
2018-08-21,12.884173393249512,7.136638641357422,19.385086059570312
2018-08-23,12.748550415039062,7.1138129234313965,19.501514434814453
2018-08-24,12.545117378234863,7.129029750823975,19.41419219970703
2018-08-27,12.748550415039062,7.2279372215271,19.632490158081055
2018-08-28,12.748550415039062,7.3801045417785645,19.66160011291504
2018-08-29,12.857979774475098,7.38782262802124,19.76347541809082
2018-08-30,12.789587020874023,7.302907466888428,19.79257583618164
2018-09-03,12.72119140625,7.341507434844971,19.79257583618164
2018-09-04,12.73487377166748,7.326067924499512,19.7632999420166
2018-09-05,12.830622673034668,7.279747009277344,19.529069900512695
2018-09-06,12.72119140625,7.272026062011719,19.470510482788086
2018-09-07,12.69383430480957,7.279747009277344,19.411954879760742
2018-09-12,12.857979774475098,7.279747009277344,19.324115753173828
2018-09-13,12.816943168640137,7.279747009277344,19.324115753173828
2018-09-14,12.816943168640137,7.302907466888428,19.309476852416992
2018-09-18,12.994767189025879,7.264307022094727,19.309476852416992
2018-09-19,12.994767189025879,7.264307022094727,19.324115753173828
2018-09-20,12.953730583190918,7.3183465003967285,19.250919342041016
2018-09-21,12.994767189025879,7.333786487579346,19.324115753173828
2018-09-24,13.049484252929688,7.302907466888428,19.294836044311523
2018-09-25,12.994767189025879,7.264307022094727,19.49979019165039
2018-09-26,12.994767189025879,7.210269927978516,19.470510482788086
2018-09-27,12.994767189025879,7.241149425506592,19.455869674682617
2018-09-28,12.926373481750488,7.225709438323975,19.221641540527344
2018-10-01,12.981086730957031,7.264307022094727,19.324115753173828
2018-10-02,12.981086730957031,7.3183465003967285,19.338754653930664
2018-10-03,12.994767189025879,7.333786487579346,19.309476852416992
2018-10-04,12.981086730957031,7.256588935852051,19.250919342041016
2018-10-05,12.844304084777832,7.248870372772217,18.987411499023438
2018-10-08,12.816943168640137,7.217990398406982,19.031328201293945
2018-10-09,12.516014099121094,7.233429431915283,19.089879989624023
2018-10-10,12.160368919372559,7.225709438323975,19.104522705078125
2018-10-11,11.79103946685791,7.1176323890686035,19.031328201293945
2018-10-12,12.639117240905762,7.163949966430664,19.016687393188477
2018-10-15,12.474976539611816,7.256588935852051,19.177722930908203
2018-10-16,12.557050704956055,7.256588935852051,19.221641540527344
2018-10-17,12.611763000488281,7.287467002868652,19.250919342041016
2018-10-18,12.62544059753418,7.279747009277344,19.23628044128418
2018-10-19,12.529692649841309,7.248870372772217,19.23628044128418
2018-10-22,12.5844087600708,7.241149425506592,19.192359924316406
2018-10-23,12.310834884643555,7.210269927978516,19.104522705078125
2018-10-24,12.297154426574707,7.210269927978516,19.07524299621582
2018-10-25,12.447620391845703,7.140793323516846,19.031328201293945
2018-10-26,12.379226684570312,7.1716718673706055,19.031328201293945
2018-10-29,12.365546226501465,7.187111854553223,19.031328201293945
2018-10-30,12.283472061157227,7.217990398406982,19.031328201293945
2018-10-31,12.502335548400879,7.217990398406982,19.031328201293945
2018-11-01,12.516014099121094,7.225709438323975,19.016687393188477
2018-11-02,12.611763000488281,7.3183465003967285,19.031328201293945
2018-11-05,12.72119140625,7.4881815910339355,19.953609466552734
2018-11-07,12.789587020874023,7.4881815910339355,20.304956436157227
2018-11-08,12.789587020874023,7.4881815910339355,20.495275497436523
2018-11-09,12.830622673034668,7.403265476226807,19.7632999420166
2018-11-12,12.830622673034668,7.38782262802124,19.543712615966797
2018-11-13,12.816943168640137,7.364665508270264,19.470510482788086
2018-11-14,12.762228012084961,7.256588935852051,19.61690330505371
2018-11-15,12.789587020874023,7.256588935852051,19.61690330505371
2018-11-16,12.857979774475098,7.256588935852051,19.690099716186523
2018-11-19,12.857979774475098,7.187111854553223,19.880422592163086
2018-11-21,12.789587020874023,7.140793323516846,19.690099716186523
2018-11-22,12.844304084777832,7.133072376251221,19.64618682861328
2018-11-23,12.871658325195312,7.1176323890686035,19.690099716186523
2018-11-26,12.816943168640137,7.148512840270996,20.26104736328125
2018-11-27,12.857979774475098,7.1562323570251465,19.836498260498047
2018-11-28,12.871658325195312,7.148512840270996,19.3680362701416
2018-11-29,12.857979774475098,7.140793323516846,19.119163513183594
2018-11-30,12.953730583190918,7.1021928787231445,18.884933471679688
2018-12-03,13.172588348388672,7.079033851623535,18.29935646057129
2018-12-04,13.199945449829102,7.063594818115234,18.54822540283203
2018-12-05,13.18626880645752,7.109914302825928,18.518943786621094
2018-12-06,13.063162803649902,7.1562323570251465,18.518943786621094
2018-12-07,13.063162803649902,7.1021928787231445,18.518943786621094
2018-12-10,13.063162803649902,7.094474792480469,18.88726234436035
2018-12-11,13.049484252929688,7.0867533683776855,18.63680648803711
2018-12-12,13.131553649902344,7.079033851623535,18.651540756225586
2018-12-13,13.255827903747559,7.079033851623535,19.13771629333496
2018-12-14,13.076323509216309,7.040435791015625,18.857799530029297
2018-12-17,13.490565299987793,7.0867533683776855,18.784130096435547
2018-12-18,13.31105899810791,7.063594818115234,18.946191787719727
2018-12-19,13.255827903747559,7.048154830932617,18.857799530029297
2018-12-20,13.117744445800781,7.109914302825928,18.710474014282227
2018-12-21,13.145362854003906,7.1021928787231445,19.152450561523438
2018-12-24,13.24201774597168,7.12535285949707,19.520763397216797
2018-12-26,12.965858459472656,7.094474792480469,19.299774169921875
2018-12-27,13.117744445800781,7.225709438323975,19.255578994750977
2018-12-28,13.117744445800781,7.194829940795898,19.270309448242188
2018-12-31,13.255827903747559,7.1716718673706055,19.520763397216797
2019-01-02,12.827775955200195,7.133072376251221,19.152450561523438
2019-01-03,12.827775955200195,7.194829940795898,18.975656509399414
2019-01-04,12.717308044433594,7.148512840270996,19.078786849975586
2019-01-07,12.427340507507324,6.8937602043151855,18.931455612182617
2019-01-08,12.192601203918457,6.9400787353515625,19.078786849975586
2019-01-09,12.082132339477539,6.600407123565674,19.078786849975586
2019-01-10,12.413529396057129,6.7162041664123535,19.0493221282959
2019-01-11,12.427340507507324,6.7162041664123535,19.152450561523438
2019-01-14,12.427340507507324,6.4460129737854,18.710474014282227
2019-01-15,12.275452613830566,6.3842549324035645,18.268489837646484
2019-01-16,12.220218658447266,6.391973495483398,18.268489837646484
2019-01-17,12.234025001525879,6.4846110343933105,18.401079177856445
2019-01-18,12.275452613830566,6.639007091522217,18.415817260742188
2019-01-22,12.164979934692383,6.577248573303223,19.152450561523438
2019-01-23,12.206408500671387,6.500050067901611,18.857799530029297
2019-01-24,12.220218658447266,6.577248573303223,19.211381912231445
2019-01-25,12.247831344604492,6.708484649658203,19.22611427307129
2019-01-28,12.247831344604492,6.654446601867676,19.40290069580078
2019-01-29,12.275452613830566,6.523209571838379,19.329240798950195
2019-01-30,12.358299255371094,6.430574417114258,19.41763687133789
2019-01-31,12.48257064819336,6.523209571838379,19.432369232177734
2019-02-04,12.192601203918457,6.523209571838379,19.108251571655273
2019-02-07,12.427340507507324,6.5077714920043945,19.122982025146484
2019-02-08,12.468761444091797,6.523209571838379,19.24085235595703
2019-02-11,12.468761444091797,6.592687606811523,19.24085235595703
2019-02-12,12.48257064819336,6.492330551147461,19.24085235595703
2019-02-13,12.510189056396484,6.5463690757751465,19.24085235595703
2019-02-14,12.496379852294922,6.538650035858154,19.329240798950195
2019-02-15,12.510189056396484,6.5695271492004395,19.564960479736328
2019-02-18,12.510189056396484,6.615847110748291,19.74175453186035
2019-02-19,12.496379852294922,6.870598793029785,19.712289810180664
2019-02-20,12.565420150756836,7.063594818115234,19.933277130126953
2019-02-21,12.565420150756836,6.9863972663879395,20.021677017211914
2019-02-22,12.565420150756836,6.970956802368164,19.74175453186035
2019-02-25,12.579224586486816,7.071313381195068,20.920368194580078
2019-02-26,12.565420150756836,7.140793323516846,19.74175453186035
2019-02-27,12.593034744262695,7.1716718673706055,19.594430923461914
2019-02-28,12.48257064819336,7.1176323890686035,19.668094635009766
2019-03-01,12.426660537719727,7.1562323570251465,19.668094635009766
2019-03-04,12.398702621459961,7.094474792480469,19.299774169921875
2019-03-05,12.384725570678711,7.094474792480469,19.447107315063477
2019-03-06,12.49654769897461,7.179390907287598,19.653356552124023
2019-03-07,12.510527610778809,7.225709438323975,19.520763397216797
2019-03-08,12.398702621459961,7.280808925628662,19.520763397216797
2019-03-11,12.398702621459961,7.241451740264893,19.260494232177734
2019-03-12,12.412680625915527,7.288680076599121,19.11176109313965
2019-03-13,12.370744705200195,7.320163249969482,18.814298629760742
2019-03-14,12.356765747070312,7.280808925628662,18.680444717407227
2019-03-15,12.370744705200195,7.280808925628662,18.442476272583008
2019-03-18,12.412680625915527,7.280808925628662,18.665571212768555
2019-03-19,12.370744705200195,7.280808925628662,18.47222328186035
2019-03-20,12.370744705200195,7.194225311279297,18.576332092285156
2019-03-21,12.370744705200195,7.115512371063232,18.59120750427246
2019-03-22,12.482571601867676,7.107642650604248,18.47222328186035
2019-03-25,12.370744705200195,7.107642650604248,18.412729263305664
2019-03-26,12.30085277557373,7.123385906219482,18.412729263305664
2019-03-27,12.328808784484863,7.123385906219482,18.576332092285156
2019-03-28,12.356765747070312,7.202096939086914,18.51683807373047
2019-03-29,12.314828872680664,7.209965705871582,18.59120750427246
2019-04-01,12.258919715881348,7.178483486175537,18.442476272583008
2019-04-02,12.244941711425781,7.162741661071777,18.54658317565918
2019-04-03,12.258919715881348,7.146998882293701,18.59120750427246
2019-04-04,12.244941711425781,7.162741661071777,18.59120750427246
2019-04-05,12.244941711425781,7.162741661071777,18.59120750427246
2019-04-08,12.30085277557373,7.17061185836792,18.620952606201172
2019-04-09,12.356765747070312,7.162741661071777,18.695314407348633
2019-04-10,12.314828872680664,7.084029197692871,18.59120750427246
2019-04-11,12.314828872680664,7.052544116973877,18.576332092285156
2019-04-12,12.356765747070312,6.9580912590026855,18.606075286865234
2019-04-15,12.356765747070312,7.005317211151123,18.63582420349121
2019-04-16,12.370744705200195,7.044674396514893,18.665571212768555
2019-04-17,12.398702621459961,7.021060466766357,18.54658317565918
2019-04-18,12.412680625915527,7.028931617736816,18.412729263305664
2019-04-19,12.328808784484863,7.044674396514893,18.382986068725586
2019-04-22,12.328808784484863,7.005317211151123,18.01115608215332
2019-04-23,12.328808784484863,7.044674396514893,17.95166778564453
2019-04-24,12.342790603637695,7.107642650604248,17.96654510498047
2019-04-25,12.258919715881348,7.123385906219482,17.99628257751465
2019-04-26,12.244941711425781,7.162741661071777,17.981414794921875
2019-04-29,12.30085277557373,7.084029197692871,17.99628257751465
2019-04-30,12.356765747070312,7.084029197692871,17.981414794921875
2019-05-02,12.230961799621582,7.044674396514893,17.862430572509766
2019-05-03,12.272895812988281,7.044674396514893,17.89217758178711
2019-05-06,12.272895812988281,6.926607131958008,17.84755516052246
2019-05-07,12.258919715881348,7.123385906219482,17.936792373657227
2019-05-08,12.1331148147583,7.021060466766357,18.026031494140625
2019-05-09,12.091176986694336,7.005317211151123,18.026031494140625
2019-05-10,11.88150691986084,6.997447490692139,18.026031494140625
2019-05-13,11.797637939453125,6.9580912590026855,18.070655822753906
2019-05-14,11.532048225402832,6.934478282928467,18.130144119262695
2019-05-15,11.629897117614746,6.9659624099731445,18.1450138092041
2019-05-16,11.629897117614746,6.9580912590026855,18.2342586517334
2019-05-17,11.615921974182129,6.926607131958008,18.2342586517334
2019-05-21,11.546027183532715,6.942348957061768,18.27887535095215
2019-05-23,11.392268180847168,6.7927985191345215,18.368114471435547
2019-05-24,11.44818115234375,6.887250900268555,18.27887535095215
2019-05-27,11.364312171936035,6.761312007904053,18.29374885559082
2019-05-28,11.420225143432617,6.698342323303223,18.382986068725586
2019-05-29,11.755703926086426,6.564533710479736,18.442476272583008
2019-05-30,12.272895812988281,6.4858222007751465,18.829172134399414
2019-05-31,12.342790603637695,6.54879093170166,19.156375885009766
2019-06-03,12.706223487854004,6.564533710479736,19.11176109313965
2019-06-04,12.859983444213867,6.517306804656982,19.171247482299805
2019-06-05,12.859983444213867,6.517306804656982,19.171247482299805
2019-06-06,12.859983444213867,6.517306804656982,19.171247482299805
2019-06-07,12.776113510131836,6.611760139465332,19.03740119934082
2019-06-10,12.524506568908691,6.596018314361572,18.963027954101562
2019-06-11,12.524506568908691,6.5881476402282715,19.02252197265625
2019-06-12,12.440637588500977,6.556663513183594,18.948152542114258
2019-06-13,12.412680625915527,6.540921688079834,19.150135040283203
2019-06-14,12.30085277557373,6.564533710479736,19.150135040283203
2019-06-17,12.28687572479248,6.54879093170166,18.92571449279785
2019-06-18,12.413834571838379,6.564533710479736,19.06036376953125
2019-06-19,12.413834571838379,6.580275535583496,19.075321197509766
2019-06-20,12.413834571838379,6.5881476402282715,19.075321197509766
2019-06-21,12.470260620117188,6.737698554992676,19.045398712158203
2019-06-24,12.413834571838379,6.6904730796813965,19.075321197509766
2019-06-25,12.413834571838379,6.635375022888184,19.075321197509766
2019-06-26,12.343301773071289,6.62750244140625,19.09028434753418
2019-06-27,12.06117057800293,6.596018314361572,18.985557556152344
2019-06-28,12.244556427001953,6.611760139465332,19.00052261352539
2019-07-01,12.343301773071289,6.879378795623779,18.985557556152344
2019-07-02,12.315088272094727,6.808539867401123,19.150135040283203
2019-07-03,12.371517181396484,6.76918363571167,19.150135040283203
2019-07-04,12.244556427001953,6.784926414489746,19.224937438964844
2019-07-05,12.371517181396484,6.7927985191345215,19.150135040283203
2019-07-08,12.258663177490234,6.76918363571167,19.105249404907227
2019-07-09,12.343301773071289,6.76918363571167,19.105249404907227
2019-07-10,12.216341018676758,6.619632244110107,18.70130157470703
2019-07-11,12.20223331451416,6.611760139465332,18.59657859802246
2019-07-12,12.131704330444336,6.62750244140625,18.521770477294922
2019-07-15,12.145808219909668,6.580275535583496,18.417041778564453
2019-07-16,12.075276374816895,6.4858222007751465,18.417041778564453
2019-07-17,11.976530075073242,6.233945846557617,18.327272415161133
2019-07-18,11.849570274353027,5.997811794281006,18.162702560424805
2019-07-19,11.962422370910645,6.147363185882568,18.192623138427734
2019-07-22,11.9201021194458,6.0607805252075195,18.177663803100586
2019-07-23,11.708505630493164,6.0529093742370605,18.162702560424805
2019-07-24,11.482797622680664,5.90335750579834,18.162702560424805
2019-07-25,11.440476417541504,6.021425247192383,18.10285186767578
2019-07-26,11.440476417541504,5.982069492340088,18.057973861694336
2019-07-29,11.412264823913574,5.9584550857543945,18.028051376342773
2019-07-31,11.341730117797852,5.895485877990723,17.579219818115234
2019-08-01,11.327625274658203,5.8797430992126465,17.69890785217285
2019-08-02,11.313520431518555,5.848259925842285,17.69890785217285
2019-08-05,11.271199226379395,5.6908369064331055,17.399688720703125
2019-08-06,11.200666427612305,5.801032066345215,17.29496192932129
2019-08-07,11.242986679077148,5.738064289093018,17.29496192932129
2019-08-08,11.271199226379395,5.745935440063477,17.489452362060547
2019-08-09,11.341730117797852,5.816775321960449,17.414653778076172
2019-08-13,11.271199226379395,5.6987080574035645,17.354806900024414
2019-08-14,11.285303115844727,5.753805637359619,17.115428924560547
2019-08-15,11.285303115844727,5.6672234535217285,17.08550262451172
2019-08-16,11.285303115844727,5.627867698669434,17.055585861206055
2019-08-19,11.271199226379395,5.7301926612854,17.10047149658203
2019-08-20,11.426372528076172,5.635738372802734,17.429615020751953
2019-08-21,11.158347129821777,5.627867698669434,17.324892044067383
2019-08-22,11.257091522216797,5.6672234535217285,17.29496192932129
2019-08-23,11.285303115844727,5.6829657554626465,17.399688720703125
2019-08-26,11.07370376586914,5.438961029052734,16.681564331054688
2019-08-27,10.833895683288574,5.502947807312012,16.172880172729492
2019-08-28,11.03138542175293,5.518945217132568,16.337453842163086
2019-08-29,11.186558723449707,5.4149651527404785,16.621715545654297
2019-08-30,11.341730117797852,5.542941093444824,17.115428924560547
2019-09-03,10.960854530334473,5.438960075378418,16.023273468017578
2019-09-04,11.228877067565918,5.462954998016357,16.741405487060547
2019-09-05,11.214770317077637,5.502947807312012,16.861093521118164
2019-09-06,11.327625274658203,5.598929405212402,16.89101791381836
2019-09-10,11.4686918258667,5.598929405212402,16.710359573364258
2019-09-11,11.511012077331543,5.782894134521484,17.974931716918945
2019-09-12,11.581544876098633,6.006852149963379,17.38780975341797
2019-09-13,11.567298889160156,5.92686653137207,17.538354873657227
2019-09-17,11.695508003234863,6.214812278747559,17.628679275512695
2019-09-18,11.724000930786133,6.150824069976807,17.658782958984375
2019-09-19,11.78098201751709,6.158822536468506,17.658782958984375
2019-09-20,11.83796501159668,6.150824069976807,17.61362648010254
2019-09-23,11.695508003234863,6.030847072601318,17.538354873657227
2019-09-24,11.73824405670166,5.966859340667725,17.628679275512695
2019-09-25,11.695508003234863,6.01485013961792,17.673843383789062
2019-09-26,11.80947208404541,6.01485013961792,17.583515167236328
2019-09-27,11.73824405670166,6.022848129272461,17.673843383789062
2019-09-30,11.667016983032227,6.030847072601318,17.7641658782959
2019-10-01,11.752488136291504,6.006852149963379,17.794275283813477
2019-10-02,11.724000930786133,5.966859340667725,17.73406219482422
2019-10-03,11.68126392364502,5.974856853485107,17.64373207092285
2019-10-04,11.752488136291504,5.846881866455078,17.673843383789062
2019-10-07,11.76673412322998,5.758899211883545,17.82438850402832
2019-10-08,11.61003589630127,5.7349042892456055,17.448030471801758
2019-10-09,11.73824405670166,5.758899211883545,17.538354873657227
2019-10-10,11.667016983032227,5.74290132522583,17.38780975341797
2019-10-11,11.68126392364502,5.782894134521484,17.34264373779297
2019-10-14,11.880697250366211,5.822886943817139,17.538354873657227
2019-10-15,11.80947208404541,5.830885887145996,17.538354873657227
2019-10-16,12.094380378723145,5.846881866455078,17.538354873657227
2019-10-17,11.85220718383789,5.870878219604492,17.538354873657227
2019-10-18,11.866453170776367,5.902872085571289,17.538354873657227
2019-10-21,11.866453170776367,5.918867588043213,17.673843383789062
2019-10-22,11.966171264648438,5.9348649978637695,17.673843383789062
2019-10-23,11.85220718383789,5.92686653137207,17.673843383789062
2019-10-24,11.68126392364502,5.958860397338867,17.658782958984375
2019-10-25,11.73824405670166,5.950861930847168,17.658782958984375
2019-10-29,11.823719024658203,5.9348649978637695,17.68889617919922
2019-10-30,11.823719024658203,5.942864418029785,17.73406219482422
2019-10-31,11.85220718383789,5.974856853485107,17.73406219482422
2019-11-01,11.73824405670166,5.982855319976807,17.719003677368164
2019-11-04,11.80947208404541,6.09483528137207,17.82438850402832
2019-11-05,11.83796501159668,6.158822536468506,17.86954689025879
2019-11-06,11.695508003234863,6.078838348388672,17.83944320678711
2019-11-07,11.823719024658203,6.078838348388672,17.914705276489258
2019-11-08,11.624282836914062,6.118830680847168,17.854488372802734
2019-11-11,11.68126392364502,6.166821002960205,18.035144805908203
2019-11-12,11.909189224243164,6.238807678222656,18.035144805908203
2019-11-13,11.966171264648438,5.902872085571289,18.140527725219727
2019-11-14,11.73824405670166,5.918867588043213,18.035144805908203
2019-11-15,11.695508003234863,5.950861930847168,17.884605407714844
2019-11-18,11.880697250366211,5.886874675750732,18.291074752807617
2019-11-19,11.894944190979004,5.886874675750732,18.230850219726562
2019-11-20,11.724000930786133,5.766897678375244,18.185693740844727
2019-11-21,11.496071815490723,5.60692834854126,17.74911117553711
2019-11-22,11.68126392364502,5.6869120597839355,18.140527725219727
2019-11-25,11.61003589630127,5.662917613983154,17.98998260498047
2019-11-26,11.253900527954102,5.638922214508057,18.516889572143555
2019-11-27,11.382108688354492,5.70290994644165,18.035144805908203
2019-11-28,11.43908977508545,5.678914546966553,17.68889617919922
2019-11-29,11.040217399597168,5.646920204162598,17.237260818481445
2019-12-02,11.068710327148438,5.678914546966553,17.538354873657227
2019-12-03,11.040217399597168,5.630924224853516,17.538354873657227
2019-12-04,11.011727333068848,5.678914546966553,17.46307945251465
2019-12-05,11.170272827148438,5.710909366607666,17.312541961669922
2019-12-06,11.386470794677734,5.678914546966553,16.93353843688965
2019-12-09,11.242339134216309,5.638922214508057,16.797101974487305
2019-12-10,11.112619400024414,5.598929405212402,17.05481719970703
2019-12-11,11.054967880249023,5.590930938720703,17.66121482849121
2019-12-12,11.818867683410645,5.622925758361816,18.025049209594727
2019-12-13,12.208027839660645,5.758899211883545,17.84313201904297
2019-12-16,12.539531707763672,5.790893077850342,17.73701286315918
2019-12-17,12.251265525817871,5.790893077850342,17.433822631835938
2019-12-18,12.251265525817871,5.902872085571289,17.433822631835938
2019-12-19,12.135961532592773,5.894872665405273,17.509613037109375
2019-12-20,12.712491035461426,6.09483528137207,17.433822631835938
2019-12-23,12.755730628967285,5.958860397338867,17.70669174194336
2019-12-24,12.971931457519531,5.894872665405273,17.67637062072754
2019-12-26,12.654836654663086,5.902872085571289,17.47929573059082
2019-12-27,12.424225807189941,5.886874675750732,17.524778366088867
2019-12-30,12.179203033447266,5.918867588043213,17.66121482849121
2019-12-31,11.977416038513184,5.878875255584717,17.509613037109375
2020-01-02,12.222441673278809,5.918867588043213,17.40349769592285
2020-01-03,12.366573333740234,5.966859340667725,17.524778366088867
2020-01-06,12.164786338806152,5.958860397338867,17.509613037109375
2020-01-07,12.222441673278809,6.0548415184021,17.49445343017578
2020-01-08,12.222441673278809,5.974856853485107,17.509613037109375
2020-01-09,12.251265525817871,5.846881866455078,17.251901626586914
2020-01-10,12.135961532592773,5.790893077850342,17.039657592773438
2020-01-13,11.963001251220703,5.678914546966553,17.024499893188477
2020-01-14,11.963001251220703,5.670916557312012,17.009342193603516
2020-01-15,11.963001251220703,5.622925758361816,16.9638614654541
2020-01-16,11.890935897827148,5.646920204162598,17.024499893188477
2020-01-17,11.890935897827148,5.622925758361816,18.04020881652832
2020-01-20,11.703563690185547,5.622925758361816,17.585412979125977
2020-01-21,11.833281517028809,5.590930938720703,17.73701286315918
2020-01-22,11.818867683410645,5.566936016082764,17.67637062072754
2020-01-23,11.818867683410645,5.542941093444824,17.524778366088867
2020-01-24,11.818867683410645,5.534941673278809,17.53993797302246
2020-01-28,11.746804237365723,5.3109846115112305,17.282215118408203
2020-01-29,11.746804237365723,5.262993335723877,16.888063430786133
2020-01-30,11.530604362487793,5.159013271331787,17.05481719970703
2020-01-31,11.530604362487793,4.951053619384766,16.797101974487305
2020-02-03,11.472949981689453,4.92705774307251,16.75162124633789
2020-02-04,11.862109184265137,5.151014804840088,16.81226348876953
2020-02-05,11.732391357421875,5.143016815185547,16.918378829956055
2020-02-06,11.674737930297852,5.199005603790283,16.994182586669922
2020-02-07,11.674737930297852,5.159013271331787,16.918378829956055
2020-02-10,11.617083549499512,5.111022472381592,16.979021072387695
2020-02-11,11.703563690185547,5.326982021331787,17.024499893188477
2020-02-12,11.717976570129395,5.215003490447998,16.903223037719727
2020-02-13,11.746804237365723,5.199005603790283,16.87289810180664
2020-02-14,11.761216163635254,5.199005603790283,16.797101974487305
2020-02-17,11.689146995544434,5.2389984130859375,16.827425003051758
2020-02-18,11.804454803466797,5.183010101318359,16.87289810180664
2020-02-19,11.890935897827148,5.230999946594238,16.81226348876953
2020-02-20,11.876520156860352,5.2389984130859375,16.736459732055664
2020-02-21,11.862109184265137,5.159013271331787,16.675819396972656
2020-02-24,11.890935897827148,5.087027549743652,16.37262535095215
2020-02-25,11.818867683410645,5.119021892547607,16.221027374267578
2020-02-26,12.107131004333496,4.679105758666992,16.342308044433594
2020-02-27,12.208027839660645,4.639113426208496,16.311981201171875
2020-02-28,11.977416038513184,4.3191752433776855,17.312538146972656
2020-03-02,11.890935897827148,4.167203426361084,16.630348205566406
2020-03-03,11.934174537658691,4.239190578460693,16.675819396972656
2020-03-04,12.110541343688965,4.399158477783203,16.736459732055664
2020-03-05,12.022359848022461,4.527135372161865,16.736459732055664
2020-03-06,11.860687255859375,4.519136905670166,16.736459732055664
2020-03-09,11.537347793579102,3.5193276405334473,15.842034339904785
2020-03-10,11.390376091003418,3.4793343544006348,15.548376083374023
2020-03-11,11.463862419128418,3.775277614593506,15.594740867614746
2020-03-12,11.316888809204102,3.775277614593506,15.3783597946167
2020-03-13,11.316888809204102,3.5560693740844727,15.3783597946167
2020-03-16,10.655513763427734,3.4911181926727295,14.543761253356934
2020-03-17,10.655513763427734,3.5073554515838623,14.69831371307373
2020-03-18,10.728997230529785,3.5317113399505615,15.440184593200684
2020-03-19,10.728997230529785,3.3368585109710693,15.517464637756348
2020-03-20,11.522651672363281,3.596663236618042,15.455641746520996
2020-03-23,11.214010238647461,3.4667606353759766,14.868326187133789
2020-03-24,10.949459075927734,3.4911181926727295,14.99196720123291
2020-03-25,11.199311256408691,3.661613702774048,15.455641746520996
2020-03-26,11.434469223022461,3.775277614593506,15.455641746520996
2020-03-27,11.316888809204102,3.856466770172119,15.610198020935059
2020-03-30,11.316888809204102,3.856466770172119,15.548376083374023
2020-03-31,11.316888809204102,4.100033283233643,16.35207176208496
2020-04-01,10.993549346923828,3.856466770172119,15.749300956726074
2020-04-02,11.243404388427734,3.864586353302002,16.769371032714844
2020-04-03,11.243404388427734,3.897061347961426,15.842032432556152
2020-04-06,11.243404388427734,3.8808233737945557,15.532918930053711
2020-04-07,11.316888809204102,3.8808233737945557,16.197505950927734
2020-04-08,11.316888809204102,3.8808233737945557,16.274791717529297
2020-04-09,11.302192687988281,3.913299560546875,16.259336471557617
2020-04-10,11.316888809204102,3.913299560546875,16.243879318237305
2020-04-13,11.272799491882324,3.913299560546875,16.413888931274414
2020-04-14,11.302192687988281,4.197460651397705,16.460256576538086
2020-04-15,11.346282958984375,4.400432586669922,16.63026237487793
2020-04-16,11.302192687988281,4.384194374084473,16.583900451660156
2020-04-17,11.390376091003418,4.587166786193848,16.243879318237305
2020-04-20,11.302192687988281,4.643999099731445,16.012046813964844
2020-04-21,11.272799491882324,4.303006649017334,15.610198020935059
2020-04-22,11.302192687988281,4.376075267791748,16.073867797851562
2020-04-23,11.302192687988281,4.376075267791748,16.073867797851562
2020-04-24,11.214010238647461,4.278648853302002,15.68747615814209
2020-04-27,11.140522956848145,4.2705302238464355,15.25471305847168
2020-04-28,11.214010238647461,4.132509231567383,15.6565580368042
2020-04-29,11.199311256408691,4.1731038093566895,15.610198020935059
2020-04-30,11.316888809204102,4.546571731567383,15.718385696411133
2020-05-04,11.155220031738281,4.384194374084473,15.409274101257324
2020-05-05,11.169917106628418,4.465383052825928,15.842032432556152
2020-05-06,11.008245468139648,4.44102668762207,15.842032432556152
2020-05-08,10.920062065124512,4.449145317077637,15.842032432556152
2020-05-12,10.905365943908691,4.384194374084473,15.409274101257324
2020-05-13,10.978852272033691,4.400432586669922,15.239261627197266
2020-05-14,11.052336692810059,4.384194374084473,15.239261627197266
2020-05-15,11.228704452514648,4.514096260070801,15.208352088928223
2020-05-18,11.096430778503418,4.514096260070801,15.502005577087402
2020-05-19,11.022945404052734,4.741425037384033,15.641104698181152
2020-05-20,11.155220031738281,4.741425037384033,15.6565580368042
2020-05-21,12.580855369567871,5.009347915649414,15.68747615814209
2020-05-22,12.522065162658691,4.790138244628906,15.68747615814209
2020-05-27,12.566157341003418,4.911921977996826,16.63026237487793
2020-05-28,12.713129043579102,5.025585174560547,16.583900451660156
2020-05-29,13.962395668029785,5.114894390106201,18.144920349121094
2020-06-02,13.962395668029785,5.114894390106201,18.144920349121094
2020-06-03,13.168745040893555,5.3016276359558105,17.192373275756836
2020-06-04,13.154044151306152,5.658858776092529,17.192373275756836
2020-06-05,13.154044151306152,5.439648151397705,16.960041046142578
2020-06-09,13.007074356079102,5.593907356262207,17.378236770629883
2020-06-10,13.198139190673828,5.602025985717773,17.347261428833008
2020-06-11,13.183440208435059,5.439648151397705,17.037487030029297
2020-06-12,13.049976348876953,5.5776686668396,17.037487030029297
2020-06-15,13.049976348876953,5.2529144287109375,15.875837326049805
2020-06-16,13.020317077636719,5.317864418029785,15.95328426361084
2020-06-17,12.975828170776367,5.277270317077637,16.09267807006836
2020-06-18,12.827533721923828,5.179844379425049,16.309518814086914
2020-06-19,12.694069862365723,5.090536594390869,17.161388397216797
2020-06-22,12.753386497497559,5.090536594390869,17.316280364990234
2020-06-23,12.72372817993164,5.220438480377197,17.56410026550293
2020-06-24,12.679240226745605,5.220438480377197,16.758691787719727
2020-06-25,12.59026050567627,5.1392502784729,16.417940139770508
2020-06-26,12.59026050567627,5.155488014221191,16.263057708740234
2020-06-29,12.59026050567627,5.0337042808532715,15.95328426361084
2020-06-30,12.516114234924316,5.0337042808532715,15.95328426361084
2020-07-01,12.456791877746582,5.074297904968262,15.984256744384766
2020-07-02,12.59026050567627,5.317864418029785,16.03072738647461
2020-07-03,12.59026050567627,5.423410892486572,16.57282829284668
2020-07-06,12.975828170776367,5.634501934051514,16.108169555664062
2020-07-07,12.60508918762207,5.382816314697266,15.705467224121094
2020-07-08,12.60508918762207,5.325984001159668,16.263057708740234
2020-07-09,12.367818832397461,5.228557109832764,15.844860076904297
2020-07-10,12.382647514343262,5.114894390106201,16.123661041259766
2020-07-13,12.382647514343262,5.049941539764404,16.046215057373047
2020-07-14,12.382647514343262,5.123012065887451,16.108169555664062
2020-07-15,12.293670654296875,5.0174665451049805,16.263057708740234
2020-07-16,12.204692840576172,5.041823387145996,16.24756622314453
2020-07-17,12.16020393371582,5.074297904968262,16.417940139770508
2020-07-20,12.100887298583984,5.0174665451049805,16.278545379638672
2020-07-21,12.086058616638184,5.0337042808532715,16.541851043701172
2020-07-22,11.922933578491211,5.041823387145996,16.71222686767578
2020-07-23,12.086058616638184,5.204200744628906,16.69673728942871
2020-07-24,12.071228981018066,5.0824174880981445,15.968775749206543
2020-07-27,12.16020393371582,5.0174665451049805,15.720953941345215
2020-07-28,12.278839111328125,4.984991073608398,16.68124771118164
2020-07-29,12.30849838256836,5.0986552238464355,16.634784698486328
2020-07-30,12.456791877746582,5.0174665451049805,16.6502742767334
2020-08-03,12.175034523010254,4.790138244628906,15.999748229980469
2020-08-04,12.115715026855469,4.7251877784729,15.813883781433105
2020-08-05,12.071228981018066,4.65211820602417,15.535087585449219
2020-08-06,12.14537525177002,4.8063764572143555,15.720953941345215
2020-08-07,12.115715026855469,4.846970558166504,15.767423629760742
2020-08-10,12.14537525177002,4.838850975036621,15.798397064208984
2020-08-11,11.863617897033691,4.830732345581055,16.046215057373047
2020-08-12,11.87844467163086,4.790138244628906,16.03072738647461
2020-08-13,11.922933578491211,4.8875651359558105,16.417940139770508
2020-08-14,12.056397438049316,4.8875651359558105,16.263057708740234
2020-08-17,12.219522476196289,5.090536594390869,16.6502742767334
2020-08-18,12.14537525177002,4.993109703063965,16.278545379638672
2020-08-19,12.14537525177002,5.0337042808532715,15.875837326049805
2020-08-21,12.486454010009766,4.993109703063965,15.829375267028809
2020-08-24,12.456791877746582,4.830732345581055,15.798397064208984
2020-08-25,12.441965103149414,4.838850975036621,16.433427810668945
2020-08-26,12.54577350616455,4.717067718505859,16.046215057373047
2020-08-27,12.516114234924316,4.717067718505859,15.937795639038086
2020-08-28,12.234352111816406,4.432907581329346,15.95328426361084
2020-09-01,12.575432777404785,4.384194374084473,15.720953941345215
2020-09-02,12.931340217590332,4.538453102111816,15.999748229980469
2020-09-03,12.931340217590332,4.505977153778076,15.999748229980469
2020-09-04,12.87202262878418,4.505977153778076,15.999748229980469
2020-09-07,12.901679039001465,4.571518898010254,16.123661041259766
2020-09-08,12.932509422302246,4.645252704620361,16.78966522216797
2020-09-09,12.793782234191895,4.587904453277588,16.440372467041016
2020-09-10,12.747540473937988,4.686216831207275,16.1298828125
2020-09-11,12.747540473937988,4.620675563812256,15.91253662109375
2020-09-14,12.855437278747559,4.587904453277588,15.834915161132812
2020-09-15,12.747540473937988,4.6616387367248535,15.974637031555176
2020-09-17,12.762953758239746,4.587904453277588,15.772821426391602
2020-09-18,12.77836799621582,4.587904453277588,16.42484474182129
2020-09-21,12.793782234191895,4.587904453277588,15.834915161132812
2020-09-22,12.716712951660156,4.604289531707764,15.897012710571289
2020-09-23,12.6704683303833,4.505977153778076,15.648628234863281
2020-09-24,12.639639854431152,4.374894618988037,15.60205364227295
2020-09-25,12.624226570129395,4.505977153778076,15.338136672973633
2020-09-28,12.685882568359375,4.514170169830322,15.400230407714844
2020-09-29,12.762953758239746,4.440435886383057,15.19841480255127
2020-09-30,12.655054092407227,4.596097469329834,15.32260799407959
2020-10-01,12.516327857971191,4.628866672515869,15.32260799407959
2020-10-02,12.531740188598633,4.587904453277588,15.369184494018555
2020-10-05,12.54715633392334,4.83368444442749,15.71072006225586
2020-10-06,12.624226570129395,4.915611267089844,15.524425506591797
2020-10-07,12.408426284790039,4.669830799102783,14.825825691223145
2020-10-08,13.055822372436523,4.915611267089844,15.260512351989746
2020-10-09,12.60881233215332,4.931997776031494,15.027645111083984
2020-10-12,12.500910758972168,4.907419204711914,15.136314392089844
2020-10-13,12.470085144042969,5.030309200286865,15.524425506591797
2020-10-14,12.423843383789062,4.9647674560546875,15.431279182434082
2020-10-15,12.3313570022583,4.891033172607422,15.384709358215332
2020-10-16,12.3313570022583,4.800914764404297,14.73267936706543
2020-10-19,12.346768379211426,4.915611267089844,14.655059814453125
2020-10-20,12.393013954162598,4.8254923820495605,13.89436149597168
2020-10-21,12.393013954162598,4.784528732299805,13.878840446472168
2020-10-22,12.516327857971191,4.792721748352051,14.065133094787598
2020-10-23,12.408426284790039,4.874648571014404,13.614924430847168
2020-10-26,12.408426284790039,4.915611267089844,13.288909912109375
2020-10-27,12.346768379211426,4.874648571014404,13.413105010986328
2020-10-28,12.315943717956543,4.874648571014404,13.428627967834473
2020-10-30,12.13096809387207,4.792721748352051,13.382057189941406
2020-11-02,12.177214622497559,4.882841110229492,13.273384094238281
2020-11-03,12.223454475402832,4.850069522857666,13.645970344543457
2020-11-04,12.177214622497559,4.956575393676758,13.58387279510498
2020-11-05,12.562569618225098,5.218740940093994,14.049609184265137
2020-11-06,12.470085144042969,5.079464912414551,14.142754554748535
2020-11-09,12.408426284790039,5.218740940093994,14.748205184936523
2020-11-10,12.470085144042969,5.530063152313232,15.369184494018555
2020-11-11,12.439255714416504,5.366209030151367,15.338136672973633
2020-11-12,12.562569618225098,5.59560489654541,15.369184494018555
2020-11-13,12.485496520996094,5.554641246795654,14.95002269744873
2020-11-16,12.562569618225098,5.489099979400635,15.136314392089844
2020-11-17,12.577981948852539,5.448136806488037,15.136314392089844
2020-11-18,12.470085144042969,5.530063152313232,15.136314392089844
2020-11-19,12.577981948852539,5.546448230743408,15.229463577270508
2020-11-20,12.917096138000488,5.57102632522583,15.229463577270508
2020-11-23,13.024995803833008,5.554641246795654,17.154495239257812
2020-11-24,13.194552421569824,5.57102632522583,16.300649642944336
2020-11-25,13.20996379852295,5.579218864440918,16.53351402282715
2020-11-26,13.20996379852295,5.652953147888184,17.076871871948242
2020-11-27,12.886265754699707,5.620182991027832,17.076871871948242
2020-11-30,13.996091842651367,5.25970458984375,16.114356994628906
2020-12-01,13.7186279296875,5.751265525817871,16.137765884399414
2020-12-02,13.7186279296875,5.759458541870117,16.543548583984375
2020-12-03,13.564492225646973,5.99704647064209,16.777658462524414
2020-12-04,13.548917770385742,6.054394721984863,16.090944290161133
2020-12-07,13.393184661865234,6.226441383361816,16.059730529785156
2020-12-08,13.72022819519043,6.226441383361816,16.122161865234375
2020-12-09,13.502197265625,6.283790111541748,16.15337371826172
2020-12-10,13.439903259277344,6.27559757232666,15.90366268157959
2020-12-11,13.393184661865234,6.464029788970947,15.934871673583984
2020-12-14,13.517768859863281,6.431258201599121,16.059730529785156
2020-12-15,13.611212730407715,6.521378040313721,16.200193405151367
2020-12-16,13.533341407775879,6.226441383361816,15.99730110168457
2020-12-17,13.548917770385742,6.193671226501465,15.560306549072266
2020-12-18,13.471051216125488,6.210055828094482,16.574766159057617
2020-12-21,13.673505783081055,6.1772847175598145,16.434303283691406
2020-12-22,13.611212730407715,6.070781230926514,16.403091430664062
2020-12-23,13.471051216125488,6.210055828094482,16.49673080444336
2020-12-24,13.486624717712402,6.144514560699463,16.55915641784668
2020-12-28,13.42432975769043,6.136321544647217,16.55915641784668
2020-12-29,13.502197265625,6.0380096435546875,16.621585845947266
2020-12-30,13.502197265625,6.144514560699463,16.699621200561523
2020-12-31,13.377609252929688,6.087164878845215,16.699621200561523
2021-01-04,13.393184661865234,5.906927108764648,16.699621200561523
2021-01-05,13.159581184387207,5.816807270050049,16.699621200561523
2021-01-06,13.253024101257324,5.816807270050049,16.137765884399414
2021-01-07,13.315317153930664,5.775844097137451,16.621585845947266
2021-01-08,13.159581184387207,6.193671226501465,16.49673080444336
2021-01-11,13.097288131713867,5.980660915374756,16.481124877929688
2021-01-12,12.925979614257812,5.898733615875244,16.621585845947266
2021-01-13,12.910408020019531,6.078973293304443,16.403091430664062
2021-01-14,12.957123756408691,6.144514560699463,16.621585845947266
2021-01-15,13.0038480758667,6.152707576751709,16.574766159057617
2021-01-18,12.972701072692871,5.964275360107422,16.621585845947266
2021-01-19,12.941554069519043,6.152707576751709,16.122161865234375
2021-01-20,12.879260063171387,6.1772847175598145,15.607125282287598
2021-01-21,12.910408020019531,6.021623611450195,15.700767517089844
2021-01-22,12.894831657409668,6.021623611450195,15.763199806213379
2021-01-25,12.630081176757812,5.652953147888184,15.45105266571045
2021-01-26,12.536642074584961,5.530063152313232,15.294979095458984
2021-01-27,12.567790031433105,5.611989498138428,15.294979095458984
2021-01-29,12.489923477172852,5.497292995452881,15.107699394226074
2021-02-02,12.614509582519531,5.66114616394043,15.575912475585938
2021-02-03,12.676804542541504,5.816807270050049,15.294979095458984
2021-02-04,12.692377090454102,5.906927108764648,15.419837951660156
2021-02-05,12.583362579345703,6.021623611450195,15.248161315917969
2021-02-08,12.567790031433105,6.136321544647217,15.09208869934082
2021-02-09,12.645658493041992,6.193671226501465,15.326199531555176
2021-02-10,12.692377090454102,6.193671226501465,15.326199531555176
2021-02-11,12.614509582519531,6.144514560699463,15.21694564819336
2021-02-15,12.692377090454102,6.193671226501465,15.513484001159668
2021-02-16,12.645658493041992,6.349331855773926,15.310586929321289
2021-02-17,12.598937034606934,6.169093608856201,15.014054298400879
2021-02-18,12.380905151367188,6.119936943054199,14.967232704162598
2021-02-19,12.458776473999023,6.136321544647217,14.982843399047852
2021-02-22,12.521069526672363,6.185478687286377,14.95162296295166
2021-02-23,12.645658493041992,6.144514560699463,14.95162296295166
2021-02-24,12.78581714630127,6.283790111541748,14.967232704162598
2021-02-25,12.692377090454102,6.373909950256348,15.138910293579102
2021-02-26,12.770244598388672,6.087164878845215,15.607125282287598
2021-03-01,12.676804542541504,6.152707576751709,15.279373168945312
2021-03-02,12.630081176757812,6.169093608856201,15.373019218444824
2021-03-03,12.707950592041016,6.341139316558838,15.310586929321289
2021-03-04,12.754672050476074,6.349331855773926,15.428662300109863
2021-03-05,12.692377090454102,6.406680107116699,15.33420467376709
2021-03-08,12.676804542541504,6.840892791748047,15.428662300109863
2021-03-09,12.6688871383667,6.7180023193359375,15.428662300109863
2021-03-10,12.653051376342773,6.7510552406311035,16.294559478759766
2021-03-11,12.431342124938965,6.775845527648926,15.72779369354248
2021-03-12,12.526358604431152,6.833688259124756,15.979686737060547
2021-03-15,12.49468994140625,6.8171610832214355,16.26307487487793
2021-03-16,12.447181701660156,6.833688259124756,15.948204040527344
2021-03-17,12.447181701660156,6.7510552406311035,15.979686737060547
2021-03-18,12.463013648986816,6.775845527648926,15.916716575622559
2021-03-19,12.336328506469727,6.79237174987793,15.979686737060547
2021-03-22,12.463013648986816,6.775845527648926,15.822253227233887
2021-03-23,12.272982597351074,6.544475078582764,15.869488716125488
2021-03-24,12.352163314819336,6.668422698974609,15.932456970214844
2021-03-25,12.383835792541504,6.65189790725708,15.806513786315918
2021-03-26,12.526358604431152,6.527948379516602,15.664817810058594
2021-03-29,12.890591621398926,6.69321346282959,15.869488716125488
2021-03-30,12.938097953796387,6.69321346282959,15.932456970214844
2021-03-31,12.6688871383667,6.610580921173096,15.775025367736816
2021-04-01,12.542195320129395,6.65189790725708,15.743536949157715
2021-04-02,12.478852272033691,6.610580921173096,15.712051391601562
2021-04-05,12.55803108215332,6.602316856384277,15.696309089660645
2021-04-06,12.383835792541504,6.569264888763428,15.586100578308105
2021-04-07,12.653051376342773,6.569264888763428,15.664817810058594
2021-04-08,12.589702606201172,6.445315837860107,15.72779369354248
2021-04-09,12.748065948486328,6.470106601715088,15.523124694824219
2021-04-12,12.589702606201172,6.594054222106934,15.538871765136719
2021-04-13,12.55803108215332,6.511422634124756,15.491639137268066
2021-04-14,12.573869705200195,6.511422634124756,15.475896835327148
2021-04-15,12.55803108215332,6.536211967468262,15.88523006439209
2021-04-16,12.51052474975586,6.552737712860107,15.948204040527344
2021-04-19,12.51052474975586,6.527948379516602,15.759279251098633
2021-04-20,12.589702606201172,6.486631393432617,15.822253227233887
2021-04-21,12.589702606201172,6.437052249908447,15.617587089538574
2021-04-22,12.68471908569336,6.536211967468262,15.554612159729004
2021-04-23,12.827245712280273,6.5031585693359375,15.696309089660645
2021-04-26,12.589702606201172,6.536211967468262,15.979686737060547
2021-04-27,12.463013648986816,6.486631393432617,15.601844787597656
2021-04-28,12.431342124938965,6.701476097106934,15.570362091064453
2021-04-30,12.463013648986816,6.775845527648926,15.869488716125488
2021-05-03,12.431342124938965,6.7510552406311035,15.570362091064453
2021-05-04,12.447181701660156,6.759319305419922,15.538871765136719
2021-05-05,12.352163314819336,6.742792129516602,15.475896835327148
2021-05-06,12.415509223937988,6.767581939697266,15.349946975708008
2021-05-07,12.431342124938965,6.858477592468262,15.192510604858398
2021-05-10,12.51052474975586,6.8171610832214355,15.239745140075684
2021-05-11,12.447181701660156,6.79237174987793,15.365693092346191
2021-05-12,12.51052474975586,6.69321346282959,15.035077095031738
2021-05-17,12.653051376342773,6.569264888763428,15.066566467285156
2021-05-18,12.55803108215332,6.7097392082214355,15.145281791687012
2021-05-19,12.605541229248047,6.594054222106934,14.909126281738281
2021-05-20,12.573869705200195,6.561000823974609,15.145281791687012
2021-05-21,12.368000984191895,6.527948379516602,14.720209121704102
2021-05-24,12.55803108215332,6.544475078582764,14.798924446105957
2021-05-25,12.653051376342773,6.610580921173096,14.81467056274414
2021-05-27,13.001443862915039,6.7510552406311035,15.33420467376709
2021-05-28,12.827245712280273,6.726266384124756,15.192510604858398
2021-05-31,12.827245712280273,6.65189790725708,14.87763786315918
2021-06-01,12.827245712280273,6.65189790725708,14.81467056274414
2021-06-02,12.98560905456543,6.668422698974609,14.95635986328125
2021-06-03,12.827245712280273,6.65189790725708,15.035077095031738
2021-06-04,12.827245712280273,6.676685810089111,14.751693725585938
2021-06-08,12.874755859375,6.660160064697266,14.940618515014648
2021-06-09,12.858920097351074,6.65189790725708,14.845453262329102
2021-06-10,12.79494571685791,6.6849493980407715,14.924759864807129
2021-06-11,12.762956619262695,6.676685810089111,15.241964340209961
2021-06-14,12.746960639953613,6.69321346282959,15.226105690002441
2021-06-15,12.714973449707031,6.69321346282959,15.099222183227539
2021-06-16,12.810935974121094,6.701476097106934,15.083361625671387
2021-06-17,12.73097038269043,6.676685810089111,15.099222183227539
2021-06-18,12.49106502532959,6.610580921173096,15.226105690002441
2021-06-21,12.603020668029785,6.569264888763428,15.226105690002441
2021-06-22,12.666994094848633,6.594054222106934,14.988192558288574
2021-06-23,12.61901569366455,6.610580921173096,14.988192558288574
2021-06-24,12.651000022888184,6.610580921173096,15.019918441772461
2021-06-25,12.603020668029785,6.610580921173096,15.543316841125488
2021-06-28,12.555037498474121,6.7097392082214355,15.14680290222168
2021-06-29,12.555037498474121,6.660160064697266,15.051640510559082
2021-06-30,12.395101547241211,6.660160064697266,14.750289916992188
2021-07-01,12.49106502532959,6.65189790725708,14.70270824432373
2021-07-02,12.49106502532959,6.668422698974609,14.750289916992188
2021-07-05,12.443082809448242,6.69321346282959,14.670985221862793
2021-07-06,12.459077835083008,6.6849493980407715,14.940618515014648
2021-07-07,12.443082809448242,6.6849493980407715,14.940618515014648
2021-07-08,12.57103443145752,6.602316856384277,14.893030166625977
2021-07-09,12.475069999694824,6.660160064697266,14.908894538879395
2021-07-12,12.443082809448242,6.643632888793945,14.972335815429688
2021-07-13,12.539046287536621,6.69321346282959,15.130942344665527
2021-07-14,12.475069999694824,6.635370254516602,15.099222183227539
2021-07-15,12.475069999694824,6.643632888793945,14.813728332519531
2021-07-16,12.49106502532959,6.65189790725708,15.099222183227539
2021-07-19,12.459077835083008,6.610580921173096,14.861310958862305
2021-07-21,12.42708969116211,6.65189790725708,14.70270824432373
2021-07-22,12.539046287536621,6.676685810089111,14.9564790725708
2021-07-23,12.49106502532959,6.65189790725708,14.87717342376709
2021-07-26,12.475069999694824,6.602316856384277,14.750289916992188
2021-07-27,12.49106502532959,6.569264888763428,14.480663299560547
2021-07-28,12.555037498474121,6.602316856384277,14.670985221862793
2021-07-29,12.507058143615723,6.701476097106934,14.496520042419434
2021-07-30,12.187182426452637,6.643632888793945,14.591683387756348
2021-08-02,12.379106521606445,6.65189790725708,14.750289916992188
2021-08-03,12.57103443145752,6.65189790725708,14.639261245727539
2021-08-04,12.714973449707031,6.610580921173096,14.591683387756348
2021-08-05,12.714973449707031,6.610580921173096,14.829593658447266
2021-08-06,12.682987213134766,6.602316856384277,14.829593658447266
2021-08-09,12.714973449707031,6.610580921173096,14.670985221862793
2021-08-11,12.842923164367676,6.618844032287598,14.670985221862793
2021-08-12,12.58702278137207,6.602316856384277,14.750289916992188
2021-08-13,12.714973449707031,6.5775275230407715,14.829593658447266
2021-08-16,12.746960639953613,6.569264888763428,14.988192558288574
2021-08-17,12.746960639953613,6.610580921173096,15.416433334350586
2021-08-18,12.87491226196289,6.602316856384277,15.130942344665527
2021-08-19,12.778952598571777,6.585791110992432,14.988192558288574
2021-08-20,12.842923164367676,6.561000823974609,14.845453262329102
2021-08-23,12.79494571685791,6.594054222106934,14.908894538879395
2021-08-24,12.810935974121094,6.561000823974609,15.384712219238281
2021-08-25,12.87491226196289,6.734528541564941,15.083361625671387
2021-08-26,12.906901359558105,6.775845527648926,15.701920509338379
2021-08-27,13.002862930297852,6.775845527648926,15.701920509338379
2021-08-30,13.43468952178955,6.858477592468262,15.828804969787598
2021-09-01,13.226774215698242,6.850214958190918,15.701920509338379
2021-09-02,13.35472297668457,6.850214958190918,15.749503135681152
2021-09-03,13.59462833404541,6.808897495269775,16.019132614135742
2021-09-06,13.418697357177734,6.69321346282959,15.780036926269531
2021-09-07,13.5640230178833,6.65189790725708,15.907556533813477
2021-09-08,13.806242942810059,6.6849493980407715,15.780036926269531
2021-09-09,13.515579223632812,6.676685810089111,15.700345993041992
2021-09-10,13.48328971862793,6.761739730834961,15.939432144165039
2021-09-13,13.48328971862793,6.7957611083984375,15.923500061035156
2021-09-14,13.531730651855469,6.73622465133667,15.795979499816895
2021-09-15,13.628617286682129,6.812771320343018,15.7641019821167
2021-09-17,14.032305717468262,6.75323486328125,15.158403396606445
2021-09-20,13.612468719482422,6.761739730834961,14.951190948486328
2021-09-21,13.5640230178833,6.770245552062988,14.935250282287598
2021-09-22,13.644763946533203,6.846792697906494,15.142464637756348
2021-09-23,13.644763946533203,6.872308731079102,15.174342155456543
2021-09-24,13.725502014160156,6.897824764251709,15.094645500183105
2021-09-27,13.70935344696045,7.025405406951904,15.06276798248291
2021-09-28,13.644763946533203,7.357112884521484,15.349678039550781
2021-09-29,13.725502014160156,7.416651248931885,15.46125602722168
2021-09-30,13.580175399780273,7.3996405601501465,15.238102912902832
2021-10-01,13.612468719482422,7.43366003036499,15.12652587890625
2021-10-04,13.644763946533203,7.357112884521484,15.078705787658691
2021-10-05,13.54787826538086,7.3911333084106445,15.222161293029785
2021-10-06,13.644763946533203,7.510209083557129,15.700345993041992
2021-10-07,13.644763946533203,7.382628917694092,15.652524948120117
2021-10-08,13.5640230178833,7.382628917694092,15.684406280517578
2021-10-11,13.644763946533203,7.442165374755859,15.46125602722168
2021-10-12,13.790092468261719,7.442165374755859,15.588767051696777
2021-10-13,13.725502014160156,7.442165374755859,15.939432144165039
2021-10-14,13.725502014160156,7.450672149658203,15.620643615722656
2021-10-15,13.806242942810059,7.442165374755859,15.907556533813477
2021-10-18,13.693206787109375,7.442165374755859,16.003192901611328
2021-10-20,13.70935344696045,7.484692096710205,16.114768981933594
2021-10-21,13.450994491577148,7.493198871612549,16.13071060180664
2021-10-22,13.660911560058594,7.493198871612549,16.162586212158203
2021-10-25,13.644763946533203,7.484692096710205,16.337919235229492
2021-10-26,13.677058219909668,7.467681884765625,15.971318244934082
2021-10-27,13.693206787109375,7.476188659667969,16.417621612548828
2021-10-28,13.628617286682129,7.3996405601501465,16.162586212158203
2021-10-29,13.515579223632812,7.3911333084106445,16.22634506225586
2021-11-01,13.241074562072754,7.101953983306885,16.481374740600586
2021-11-02,13.257223129272461,7.042415142059326,15.955374717712402
2021-11-03,13.241074562072754,7.06793212890625,15.891616821289062
2021-11-05,13.257223129272461,7.059426307678223,15.780036926269531
2021-11-08,13.3056640625,7.059426307678223,16.481374740600586
2021-11-09,13.224925994873047,7.050920486450195,16.178529739379883
2021-11-10,13.241074562072754,7.059426307678223,16.337919235229492
2021-11-11,13.224925994873047,7.059426307678223,15.98725414276123
2021-11-12,13.224925994873047,7.06793212890625,16.146652221679688
2021-11-15,13.224925994873047,7.050920486450195,15.652524948120117
2021-11-16,13.208780288696289,7.06793212890625,15.652524948120117
2021-11-17,13.241074562072754,7.06793212890625,15.84380054473877
2021-11-18,13.28951644897461,7.06793212890625,15.923500061035156
2021-11-19,13.241074562072754,7.06793212890625,15.780036926269531
2021-11-22,13.241074562072754,7.059426307678223,15.859734535217285
2021-11-23,13.160334587097168,7.06793212890625,15.859734535217285
2021-11-24,13.128039360046387,7.093448638916016,15.939432144165039
2021-11-25,13.160334587097168,7.178500652313232,15.859734535217285
2021-11-26,13.208780288696289,7.16999626159668,15.859734535217285
2021-11-29,13.160334587097168,6.982877731323242,15.700345993041992
2021-11-30,13.580175399780273,7.229532718658447,15.859734535217285
2021-12-01,13.5640230178833,7.229532718658447,15.875672340393066
2021-12-02,13.531730651855469,7.2210283279418945,15.7641019821167
2021-12-06,13.303207397460938,7.152985095977783,15.923500061035156
2021-12-07,13.384822845458984,7.2648844718933105,15.939432144165039
2021-12-08,13.48276138305664,7.256277084350586,15.780036926269531
2021-12-09,13.466440200805664,7.282100200653076,16.34361457824707
2021-12-10,13.433793067932129,7.2476701736450195,15.731736183166504
2021-12-13,13.629669189453125,7.359569072723389,15.860554695129395
2021-12-14,13.597021102905273,7.411215305328369,15.763938903808594
2021-12-15,13.792898178100586,7.411215305328369,15.747835159301758
2021-12-16,13.711280822753906,7.471469402313232,15.651224136352539
2021-12-17,14.070388793945312,7.574761390686035,15.860554695129395
2021-12-20,13.972455024719238,7.557545185089111,15.941058158874512
2021-12-21,13.956130027770996,7.566153526306152,15.780036926269531
2021-12-22,13.956130027770996,7.548938274383545,15.699530601501465
2021-12-23,13.956130027770996,7.5317230224609375,16.182592391967773
2021-12-24,14.119357109069824,7.548938274383545,15.957159996032715
2021-12-27,14.266264915466309,7.617798328399658,16.102083206176758
2021-12-28,14.282588958740234,7.643621921539307,16.408021926879883
2021-12-29,14.168327331542969,7.6522321701049805,16.37582015991211
2021-12-30,14.054062843322754,7.566153526306152,16.504634857177734
2021-12-31,14.690661430358887,7.678053379058838,16.585145950317383
2022-01-03,14.054062843322754,7.5403313636779785,16.198694229125977
2022-01-04,13.74393081665039,7.557545185089111,15.860554695129395
2022-01-05,13.76025390625,7.557545185089111,15.458003044128418
2022-01-06,13.613348007202148,7.514507293701172,15.216468811035156
2022-01-07,13.694960594177246,7.566153526306152,15.216468811035156
2022-01-10,13.564380645751953,7.660836696624756,15.345285415649414
2022-01-11,13.74393081665039,7.660836696624756,15.828344345092773
2022-01-12,13.776576042175293,7.746915817260742,15.892756462097168
2022-01-13,14.005097389221191,7.876030921936035,15.876655578613281
2022-01-14,13.792898178100586,7.824384689331055,15.458003044128418
2022-01-17,13.515408515930176,7.70387601852417,15.506305694580078
2022-01-19,13.662311553955078,7.729700088500977,15.490201950073242
2022-01-20,13.727607727050781,7.70387601852417,15.409690856933594
2022-01-21,13.825542449951172,7.6522321701049805,15.490201950073242
2022-01-24,13.85818862915039,7.660836696624756,15.393590927124023
2022-01-25,13.874513626098633,7.660836696624756,15.602917671203613
2022-01-26,13.85818862915039,7.678053379058838,15.699530601501465
2022-01-27,13.874513626098633,7.660836696624756,15.699530601501465
2022-01-28,13.874513626098633,7.660836696624756,15.619020462036133
2022-01-31,13.85818862915039,7.6522321701049805,15.619020462036133
2022-02-03,13.874513626098633,7.660836696624756,16.279203414916992
2022-02-04,13.874513626098633,7.712485313415527,16.230899810791016
2022-02-07,13.890838623046875,7.789954662322998,16.182592391967773
2022-02-08,13.874513626098633,7.789954662322998,16.102083206176758
2022-02-09,13.956130027770996,7.815776824951172,16.311410903930664
2022-02-10,14.152003288269043,7.841598987579346,16.6656551361084
2022-02-11,14.135679244995117,7.93628454208374,16.585145950317383
2022-02-14,14.184647560119629,7.970715522766113,16.826669692993164
2022-02-15,14.086710929870605,8.074007987976074,16.907184600830078
2022-02-16,14.054062843322754,8.005145072937012,16.907184600830078
2022-02-17,14.0214204788208,8.005145072937012,16.81057357788086
2022-02-18,13.874513626098633,7.927676200866699,16.746164321899414
2022-02-21,13.939805030822754,7.850207328796387,16.29530906677246
2022-02-22,13.956130027770996,7.867423057556152,16.085983276367188
2022-02-23,14.0214204788208,7.944890975952148,16.118183135986328
2022-02-24,14.119357109069824,7.919067859649658,16.214799880981445
2022-02-25,14.119357109069824,7.996537685394287,16.279203414916992
2022-02-28,14.200972557067871,8.220337867736816,17.325838088989258
2022-03-01,14.037741661071777,8.26337718963623,16.424123764038086
2022-03-02,14.135679244995117,8.409708976745605,16.198694229125977
2022-03-03,14.217294692993164,8.607683181762695,17.11651039123535
2022-03-04,14.445816993713379,8.64211368560791,17.11651039123535
2022-03-07,14.298910140991211,8.693760871887207,16.746164321899414
2022-03-08,14.103033065795898,8.349454879760742,16.520734786987305
2022-03-09,13.969983100891113,8.581859588623047,16.585973739624023
2022-03-10,14.302606582641602,8.478569030761719,17.12415885925293
2022-03-11,14.236083984375,8.549076080322266,16.879531860351562
2022-03-14,14.152929306030273,8.452128410339355,16.71644401550293
2022-03-15,14.069771766662598,8.10840129852295,16.243488311767578
2022-03-16,14.053143501281738,8.205350875854492,16.30872344970703
2022-03-17,14.053143501281738,8.302297592163086,16.634899139404297
2022-03-18,13.836938858032227,8.284671783447266,16.814292907714844
2022-03-21,14.103034019470215,8.284671783447266,17.05892562866211
2022-03-22,14.003250122070312,8.443315505981445,17.156774520874023
2022-03-23,13.936725616455078,8.452128410339355,17.531877517700195
2022-03-24,14.003250122070312,8.478568077087402,17.890670776367188
2022-03-25,13.969983100891113,8.460943222045898,17.93959617614746
2022-03-28,13.969983100891113,8.619584083557129,17.41771697998047
2022-03-29,13.98661994934082,8.443315505981445,16.879531860351562
2022-03-30,13.753786087036133,8.425688743591309,16.71644401550293
2022-03-31,13.853569030761719,8.460943222045898,16.65120506286621
2022-04-01,13.936725616455078,8.610771179199219,17.10785484313965
2022-04-04,13.969983100891113,8.549076080322266,17.450332641601562
2022-04-05,13.98661994934082,8.681278228759766,17.482948303222656
2022-04-06,14.003250122070312,8.804665565490723,17.85805320739746
2022-04-07,14.1362943649292,8.972122192382812,17.85805320739746
2022-04-08,14.1362943649292,9.07788372039795,17.890670776367188
2022-04-11,14.1362943649292,8.989749908447266,17.548187255859375
2022-04-12,14.103034019470215,9.042633056640625,17.548187255859375
2022-04-13,14.069771766662598,9.042633056640625,17.27094268798828
2022-04-14,14.08640193939209,9.042633056640625,17.43402671813965
2022-04-15,14.003250122070312,9.095512390136719,17.35248374938965
2022-04-18,14.036510467529297,9.166019439697266,17.28724479675293
2022-04-20,14.1362943649292,9.07788372039795,17.85805320739746
2022-04-21,14.053143501281738,9.148392677307129,17.694969177246094
2022-04-22,14.119665145874023,9.07788372039795,17.87436294555664
2022-04-25,14.069771766662598,8.91923999786377,17.189395904541016
2022-04-26,14.036510467529297,9.007377624511719,17.156774520874023
2022-04-27,14.08640193939209,8.742972373962402,17.075233459472656
2022-04-28,14.1362943649292,8.90161418914795,16.814292907714844
2022-04-29,14.119665145874023,9.007377624511719,17.727582931518555
2022-05-05,13.903461456298828,9.07788372039795,17.613420486450195
2022-05-06,14.003250122070312,8.989749908447266,17.140470504760742
2022-05-09,14.036510467529297,8.81347942352295,17.646039962768555
2022-05-10,14.036510467529297,8.716531753540039,17.6623477935791
2022-05-11,14.169559478759766,8.716531753540039,17.319862365722656
2022-05-12,14.103034019470215,8.69890308380127,16.797988891601562
2022-05-13,14.152929306030273,8.804665565490723,17.531877517700195
2022-05-17,14.219453811645508,8.831108093261719,17.548187255859375
2022-05-18,14.369129180908203,8.795852661132812,17.548187255859375
2022-05-19,14.435654640197754,8.831108093261719,17.336170196533203
2022-05-20,13.969983100891113,8.804665565490723,17.450332641601562
2022-05-23,13.703890800476074,8.804665565490723,17.450332641601562
2022-05-24,13.620736122131348,8.778225898742676,17.042612075805664
2022-05-25,13.637367248535156,8.751786231994629,17.368791580200195
2022-05-26,13.703890800476074,8.69890308380127,17.222015380859375
2022-05-27,13.886833190917969,8.795852661132812,17.12415885925293
2022-05-30,13.8203125,8.81347942352295,17.05892562866211
2022-05-31,14.369129180908203,9.042633056640625,18.396238327026367
2022-06-01,14.053143501281738,8.866360664367676,17.629728317260742
2022-06-02,14.053143501281738,8.804665565490723,18.347314834594727
2022-06-03,13.952404975891113,8.804665565490723,17.825435638427734
2022-06-07,13.902029991149902,8.690091133117676,17.646039962768555
2022-06-08,13.868454933166504,8.681278228759766,17.20570945739746
2022-06-09,13.851663589477539,8.496194839477539,17.71126937866211
2022-06-10,13.80129623413086,8.549076080322266,17.21271514892578
2022-06-13,13.68376350402832,8.425688743591309,16.771360397338867
2022-06-14,13.88524341583252,8.513822555541992,17.21271514892578
2022-06-15,13.633394241333008,8.399246215820312,16.673280715942383
2022-06-16,13.918822288513184,8.487381935119629,17.27809715270996
2022-06-17,13.465495109558105,8.390433311462402,16.199234008789062
2022-06-20,13.549444198608398,8.355178833007812,16.264619827270508
2022-06-21,13.851663589477539,8.372804641723633,17.21271514892578
2022-06-22,13.666974067687988,8.19653606414795,16.75501251220703
2022-06-23,13.650184631347656,8.06433391571045,17.04924964904785
2022-06-24,13.599817276000977,8.15246868133545,16.98386573791504
2022-06-27,13.68376350402832,8.10840129852295,17.21271514892578
2022-06-28,13.81808090209961,8.15246868133545,17.719451904296875
2022-06-29,13.851663589477539,7.9938273429870605,17.50694465637207
2022-06-30,13.80129623413086,7.932133197784424,17.261749267578125
2022-07-01,13.851663589477539,8.002640724182129,17.11463165283203
2022-07-04,13.767714500427246,8.037894248962402,16.918476104736328
2022-07-05,13.700554847717285,8.037894248962402,17.68675422668457
2022-07-06,13.767714500427246,7.623660564422607,17.39252471923828
2022-07-07,13.767714500427246,7.350442409515381,17.37617301940918
2022-07-08,13.73413372039795,7.465017795562744,17.89925765991211
2022-07-12,13.750923156738281,7.297560691833496,17.866567611694336
2022-07-13,13.599817276000977,6.945023059844971,18.013681411743164
2022-07-14,13.767714500427246,7.077224254608154,17.850217819213867
2022-07-15,13.784502983093262,7.147732257843018,18.3896484375
2022-07-18,13.935611724853516,7.244680404663086,19.125234603881836
2022-07-19,13.868454933166504,7.315188407897949,18.634843826293945
2022-07-20,14.254619598388672,7.535524845123291,18.634843826293945
2022-07-21,14.254619598388672,7.685354709625244,18.79830551147461
2022-07-22,14.103511810302734,7.579593658447266,18.79830551147461
2022-07-25,14.27140998840332,7.6148481369018555,18.634843826293945
2022-07-26,13.96919059753418,7.597219944000244,18.3896484375
2022-07-27,14.221041679382324,7.6148481369018555,18.634843826293945
2022-07-28,14.372151374816895,7.852810382843018,18.71657371520996
2022-07-29,14.388936996459961,7.8263702392578125,18.307918548583984
2022-08-01,14.388936996459961,7.888064384460449,18.536766052246094
2022-08-02,14.204251289367676,7.799930095672607,18.569459915161133
2022-08-03,14.32178020477295,7.843997478485107,18.634843826293945
2022-08-04,14.523256301879883,7.808742523193359,18.71657371520996
2022-08-05,14.355359077453613,7.755862236022949,18.307918548583984
2022-08-08,14.372151374816895,7.694167613983154,18.160799026489258
2022-08-09,14.523256301879883,7.667727470397949,18.06272315979004
2022-08-10,14.338569641113281,7.685354709625244,17.964643478393555
2022-08-11,14.506467819213867,7.738235950469971,17.980987548828125
2022-08-12,14.472887992858887,7.755862236022949,18.013681411743164
2022-08-15,14.523256301879883,7.738235950469971,18.193492889404297
2022-08-16,14.523256301879883,7.711794853210449,18.814655303955078
2022-08-17,14.288202285766602,7.685354709625244,18.814655303955078
2022-08-18,14.523256301879883,7.711794853210449,18.814655303955078
2022-08-19,14.439309120178223,7.702980995178223,18.520414352416992
2022-08-22,14.439309120178223,7.667727470397949,18.22618865966797
2022-08-23,14.405731201171875,7.544339179992676,18.25887680053711
2022-08-24,14.338569641113281,7.491457939147949,17.93195343017578
2022-08-25,14.69115924835205,7.623660564422607,17.980987548828125
2022-08-26,14.707947731018066,7.6589131355285645,17.50694465637207
2022-08-29,14.607209205627441,7.843997478485107,17.833873748779297
2022-08-30,14.556838989257812,7.755862236022949,19.206968307495117
2022-09-01,14.405731201171875,7.738235950469971,17.68675422668457
2022-09-02,14.489680290222168,7.729422092437744,17.65406036376953
2022-09-05,14.32178020477295,7.7734880447387695,17.245405197143555
2022-09-06,14.32178020477295,7.923317909240723,17.081937789916992
2022-09-07,14.355359077453613,8.159024238586426,17.58867835998535
2022-09-08,14.32178020477295,8.11369514465332,17.974790573120117
2022-09-09,14.355359077453613,8.104630470275879,17.72833824157715
2022-09-12,14.372307777404785,8.059304237365723,17.958358764648438
2022-09-13,14.423155784606934,7.896120071411133,17.629751205444336
2022-09-14,14.27061939239502,7.88705587387085,17.25185203552246
2022-09-15,13.982495307922363,7.8145318031311035,17.4654483795166
2022-09-19,14.253667831420898,7.7873358726501465,17.547603607177734
2022-09-20,14.151979446411133,7.88705587387085,17.81048583984375
2022-09-21,13.897750854492188,7.805466175079346,17.41615867614746
2022-09-22,14.168927192687988,7.70574426651001,17.41615867614746
2022-09-23,13.91469955444336,7.569761276245117,17.3011474609375
2022-09-26,13.779111862182617,7.542564392089844,17.25185203552246
2022-09-27,13.931650161743164,7.569761276245117,17.169702529907227
2022-09-28,13.982495307922363,7.587892532348633,17.41615867614746
2022-09-29,13.897750854492188,7.606023788452148,17.120412826538086
2022-09-30,13.982495307922363,7.606023788452148,16.446765899658203
2022-10-03,13.982495307922363,7.606023788452148,17.005399703979492
2022-10-04,14.033336639404297,7.606023788452148,17.84334373474121
2022-10-05,14.084186553955078,7.841728687286377,17.449020385742188
2022-10-06,13.863855361938477,7.8326640129089355,17.15327262878418
2022-10-07,13.94859504699707,7.769203186035156,16.611072540283203
2022-10-11,13.643522262573242,7.7873358726501465,16.758941650390625
2022-10-12,13.643522262573242,7.751071929931641,16.67679214477539
2022-10-13,13.677419662475586,7.660416603088379,16.34818458557129
2022-10-14,13.880802154541016,7.751071929931641,16.545351028442383
2022-10-17,13.982495307922363,7.70574426651001,16.43033790588379
2022-10-18,13.94859504699707,7.751071929931641,16.67679214477539
2022-10-19,14.406205177307129,7.8235979080200195,17.087549209594727
2022-10-20,14.406205177307129,8.068367958068848,17.3011474609375
2022-10-21,14.575690269470215,8.159024238586426,17.498308181762695
2022-10-25,14.372307777404785,8.0139741897583,17.15327262878418
2022-10-26,14.372307777404785,7.9867777824401855,17.25185203552246
2022-10-27,14.541793823242188,7.968646049499512,17.28471565246582
2022-10-28,14.4739990234375,7.95958137512207,17.169702529907227
2022-10-31,14.490948677062988,7.905187606811523,17.81048583984375
2022-11-01,14.38925552368164,7.8235979080200195,17.826913833618164
2022-11-02,14.406205177307129,7.841728687286377,18.237674713134766
2022-11-03,14.35536003112793,7.70574426651001,17.3832950592041
2022-11-04,14.490948677062988,7.714810848236084,18.07337188720703
2022-11-07,14.406205177307129,7.751071929931641,17.74476432800293
2022-11-08,14.406205177307129,7.751071929931641,17.74476432800293
2022-11-09,14.38925552368164,7.751071929931641,17.74476432800293
2022-11-10,14.372307777404785,7.8326640129089355,17.64618492126465
2022-11-11,14.406205177307129,7.914252281188965,17.777626037597656
2022-11-14,14.35536003112793,7.905187606811523,18.024076461791992
2022-11-15,14.27061939239502,7.8145318031311035,18.05693817138672
2022-11-16,14.287566184997559,7.8145318031311035,18.467700958251953
2022-11-17,14.457051277160645,7.8145318031311035,18.74701690673828
2022-11-21,14.33841323852539,7.8326640129089355,18.204814910888672
2022-11-22,14.253667831420898,7.88705587387085,17.613323211669922
2022-11-23,14.321464538574219,7.95958137512207,17.72833824157715
2022-11-24,14.38925552368164,8.213418006896973,18.352685928344727
2022-11-25,14.236720085144043,8.231549263000488,18.139097213745117
2022-11-29,14.322381019592285,7.723876476287842,18.4019775390625
2022-11-30,14.390908241271973,7.742007255554199,19.53567123413086
2022-12-01,14.408040046691895,7.859860897064209,18.894887924194336
2022-12-02,14.49370288848877,7.723876476287842,18.894887924194336
2022-12-05,14.339513778686523,7.70574426651001,18.81273651123047
2022-12-06,14.390908241271973,7.760138511657715,18.763442993164062
2022-12-07,14.219588279724121,7.751071929931641,18.352685928344727
2022-12-08,14.15106201171875,7.624155044555664,18.05693817138672
2022-12-09,14.425174713134766,7.732941627502441,18.237674713134766
2022-12-12,14.356644630432129,7.687613010406494,18.024076461791992
2022-12-13,14.442305564880371,7.687613010406494,17.924591064453125
2022-12-14,14.425174713134766,7.70574426651001,18.239639282226562
2022-12-15,14.442305564880371,7.669482231140137,18.17331314086914
2022-12-16,14.49370288848877,7.714810848236084,18.10698890686035
2022-12-19,14.270984649658203,7.714810848236084,18.471782684326172
2022-12-20,14.253851890563965,7.415646553039551,18.30596923828125
2022-12-21,13.962607383728027,7.324989318847656,18.15673065185547
2022-12-22,14.082534790039062,7.615088939666748,18.239639282226562
2022-12-23,14.219588279724121,7.615088939666748,18.239639282226562
2022-12-27,14.390908241271973,7.714810848236084,18.372291564941406
2022-12-28,14.665022850036621,7.751071929931641,18.239639282226562
2022-12-29,14.665022850036621,7.732941627502441,18.239639282226562
2022-12-30,14.665022850036621,7.796401023864746,19.068714141845703
2023-01-03,14.390908241271973,7.796401023864746,18.438615798950195
2023-01-04,14.373778343200684,7.660416603088379,18.471782684326172
2023-01-05,14.5964937210083,7.615088939666748,18.637596130371094
2023-01-06,14.56222915649414,7.615088939666748,18.48836326599121
2023-01-09,14.802077293395996,7.569761276245117,18.819995880126953
2023-01-10,14.699286460876465,7.524433135986328,18.8531551361084
2023-01-11,14.699286460876465,7.524433135986328,18.8531551361084
2023-01-12,14.613625526428223,7.569761276245117,18.339130401611328
2023-01-13,14.647890090942383,7.615088939666748,18.57126808166504
2023-01-16,14.613625526428223,7.70574426651001,18.604433059692383
2023-01-17,14.887736320495605,7.8145318031311035,18.4552001953125
2023-01-18,14.733550071716309,7.669482231140137,18.67076301574707
2023-01-19,14.802077293395996,7.70574426651001,18.96922492980957
2023-01-20,14.802077293395996,7.70574426651001,19.135040283203125
2023-01-25,14.630757331848145,7.70574426651001,19.068714141845703
2023-01-26,14.613625526428223,7.714810848236084,18.819995880126953
2023-01-27,14.56222915649414,7.687613010406494,19.01896858215332
2023-01-30,15.076190948486328,7.660416603088379,18.96922492980957
2023-01-31,14.408040046691895,7.569761276245117,18.07382583618164
2023-02-02,14.630757331848145,7.451908111572266,18.48836326599121
2023-02-03,14.52796459197998,7.5335001945495605,18.654176712036133
2023-02-07,14.476571083068848,7.388448715209961,18.289382934570312
2023-02-08,14.510833740234375,7.479104042053223,18.405454635620117
2023-02-09,14.408040046691895,7.470038890838623,18.15673065185547
2023-02-10,14.665022850036621,7.479104042053223,18.339130401611328
2023-02-13,14.613625526428223,7.324989318847656,18.438615798950195
2023-02-14,15.007662773132324,7.388448715209961,18.57126808166504
2023-02-15,15.196113586425781,7.451908111572266,18.604433059692383
2023-02-16,14.990531921386719,7.433777332305908,18.372291564941406
2023-02-17,14.750680923461914,7.506301403045654,18.471782684326172
2023-02-20,14.52796459197998,7.433777332305908,18.322546005249023
2023-02-21,14.579363822937012,7.578825950622559,18.339130401611328
2023-02-22,14.390908241271973,7.433777332305908,18.339130401611328
2023-02-23,14.356644630432129,7.0711541175842285,18.25621795654297
2023-02-24,14.373778343200684,6.527218341827393,18.48836326599121
2023-02-27,14.339513778686523,6.481891632080078,18.223054885864258
2023-02-28,14.270984649658203,6.490955829620361,17.427146911621094
2023-03-01,14.168193817138672,6.527218341827393,17.112098693847656
2023-03-02,14.236722946166992,6.5906782150268555,17.49347496032715
2023-03-03,14.34089183807373,6.581613063812256,17.29450035095215
2023-03-06,14.445062637329102,6.617875099182129,17.576379776000977
2023-03-07,14.34089183807373,6.563481330871582,17.758777618408203
2023-03-08,14.323531150817871,6.545349597930908,17.572906494140625
2023-03-09,14.427700996398926,6.490955829620361,17.522214889526367
2023-03-10,14.34089183807373,6.490956783294678,17.471527099609375
2023-03-13,14.323531150817871,6.583684921264648,17.471527099609375
2023-03-14,14.23672103881836,6.444592475891113,17.26876449584961
2023-03-15,14.323531150817871,6.490956783294678,17.234966278076172
2023-03-16,14.16727352142334,6.481683731079102,17.218076705932617
2023-03-17,14.23672103881836,6.704230785369873,17.082895278930664
2023-03-20,14.271445274353027,6.490956783294678,17.201173782348633
2023-03-21,14.23672103881836,6.324046611785889,17.556015014648438
2023-03-22,14.323531150817871,6.296227931976318,17.522214889526367
2023-03-23,14.375614166259766,6.3055009841918945,17.708080291748047
2023-03-24,13.99365520477295,6.184954643249512,17.72498321533203
2023-03-27,14.323531150817871,6.324046611785889,17.45462989807129
2023-03-28,14.375614166259766,6.444592475891113,17.623605728149414
2023-03-29,14.410340309143066,6.407500743865967,17.80946922302246
2023-03-30,14.306167602539062,6.611502647399902,17.74187660217285
2023-03-31,14.306167602539062,6.555866241455078,18.029129028320312
2023-04-03,14.39297866821289,6.685685157775879,18.164306640625
2023-04-04,14.375614166259766,6.694957733154297,18.299482345581055
2023-04-05,14.497150421142578,6.722776889801025,18.265687942504883
2023-04-06,14.566596984863281,6.722776889801025,18.33327293395996
2023-04-07,14.445062637329102,6.954596042633057,18.417760848999023
2023-04-10,14.583956718444824,6.861868381500244,18.417760848999023
2023-04-11,14.740213394165039,6.843323230743408,18.60362434387207
2023-04-12,14.583956718444824,6.852595329284668,18.789493560791016
2023-04-13,14.583956718444824,6.861868381500244,18.92466926574707
2023-04-14,14.72285270690918,6.861868381500244,18.907773971557617
2023-04-17,14.670766830444336,6.861868381500244,19.31330680847168
2023-04-18,14.670766830444336,6.861868381500244,18.907773971557617
2023-04-19,14.688129425048828,6.685685157775879,18.50224494934082
2023-04-20,14.549233436584473,6.676412105560303,18.688114166259766
2023-04-25,14.740213394165039,6.676412105560303,18.705005645751953
2023-04-26,14.670766830444336,6.630048751831055,18.92466926574707
2023-04-27,14.670766830444336,6.528048038482666,18.89087677001953
2023-04-28,14.670766830444336,6.565139293670654,19.12743377685547
2023-05-02,14.948554992675781,6.676412105560303,19.042951583862305
2023-05-03,14.670766830444336,6.713503837585449,18.89087677001953
2023-05-05,14.670766830444336,6.54659366607666,19.262609481811523
2023-05-08,14.688129425048828,6.648593902587891,19.026058197021484
2023-05-09,14.670766830444336,6.676412105560303,19.144329071044922
2023-05-10,14.653402328491211,6.778412818908691,19.262609481811523
2023-05-11,14.740213394165039,6.6393208503723145,18.857080459594727
2023-05-12,14.636043548583984,6.51877498626709,18.688114166259766
2023-05-15,14.583956718444824,6.472411632537842,18.350170135498047
2023-05-16,14.601318359375,6.555866241455078,18.451555252075195
2023-05-17,14.670766830444336,6.472411632537842,19.093645095825195
2023-05-18,14.688129425048828,6.500229358673096,19.05984878540039
2023-05-19,14.827022552490234,6.361137866973877,19.093645095825195
2023-05-22,14.740213394165039,6.453866004943848,18.92466926574707
2023-05-23,14.774940490722656,6.388955593109131,18.873979568481445
2023-05-24,14.705491065979004,6.444592475891113,18.873979568481445
2023-05-25,14.53187370300293,6.463138103485107,18.58673095703125
2023-05-26,14.566596984863281,6.444592475891113,18.705005645751953
2023-05-29,14.583956718444824,6.370409965515137,18.873979568481445
2023-05-30,14.514509201049805,6.259137153625488,18.434659957885742
2023-05-31,14.53187370300293,6.082953929901123,17.84326171875
2023-06-01,14.375614166259766,6.0180439949035645,17.826366424560547
2023-06-02,14.479785919189453,6.073680400848389,18.079822540283203
2023-06-06,14.549907684326172,6.045862674713135,18.173410415649414
2023-06-07,14.602497100830078,5.943861961364746,18.973176956176758
2023-06-08,14.462259292602539,5.953135013580322,18.751968383789062
2023-06-09,14.567439079284668,5.934589385986328,18.25849151611328
2023-06-12,14.532377243041992,6.166409015655518,18.615833282470703
2023-06-13,14.79532527923584,5.953135013580322,18.37760353088379
2023-06-14,14.812857627868652,5.934589385986328,18.68389892578125
2023-06-15,14.900506973266602,5.795496940612793,18.717927932739258
2023-06-16,14.812857627868652,5.7027692794799805,19.1773738861084
2023-06-19,14.72520637512207,5.749133110046387,18.615833282470703
2023-06-20,14.900506973266602,5.712041854858398,18.803014755249023
2023-06-21,14.707676887512207,5.712041854858398,19.143339157104492
2023-06-22,14.760268211364746,5.674951076507568,18.66687774658203
2023-06-23,14.67261791229248,5.721314430236816,18.207443237304688
2023-06-26,14.72520637512207,5.730587482452393,18.547767639160156
2023-06-27,14.690147399902344,5.684223175048828,19.12632179260254
2023-06-28,14.707676887512207,5.647132396697998,18.66687774658203
2023-06-30,14.637558937072754,5.5636773109436035,18.88809585571289
2023-07-03,14.79532527923584,5.674951076507568,19.04123878479004
2023-07-04,14.812857627868652,5.591495513916016,18.88809585571289
2023-07-05,14.830388069152832,5.554403781890869,18.615833282470703
2023-07-06,14.812857627868652,5.535858154296875,18.581802368164062
2023-07-07,14.79532527923584,5.582223415374756,18.598819732666016
2023-07-10,14.812857627868652,5.619314193725586,18.68389892578125
2023-07-11,14.847916603088379,5.693495750427246,19.05825424194336
2023-07-12,14.865447044372559,5.878952503204346,19.05825424194336
2023-07-13,14.900506973266602,5.851134300231934,18.51373291015625
2023-07-14,14.935566902160645,5.925315856933594,18.63284683227539
2023-07-17,14.900506973266602,5.786223411560059,18.717927932739258
2023-07-18,14.847916603088379,5.851134300231934,18.88809585571289
2023-07-20,14.830388069152832,6.027316570281982,19.05825424194336
2023-07-21,14.900506973266602,6.027316570281982,18.803014755249023
2023-07-24,14.900506973266602,6.027316570281982,18.871078491210938
2023-07-25,14.812857627868652,6.268409729003906,19.160358428955078
2023-07-26,14.9881591796875,6.490956783294678,19.279464721679688
2023-07-27,14.918039321899414,6.314773082733154,19.38157081604004
2023-07-28,14.970626831054688,6.351864337921143,19.53470802307129
2023-07-31,14.970626831054688,6.444592475891113,19.53470802307129
2023-08-01,15.005688667297363,6.351864337921143,19.347532272338867
2023-08-02,14.900506973266602,6.259137153625488,19.330516815185547
2023-08-03,14.9881591796875,6.351864337921143,19.262451171875
2023-08-04,14.918039321899414,6.351864337921143,19.262451171875
2023-08-07,14.953099250793457,6.351864337921143,19.262451171875
2023-08-08,15.058279991149902,6.333318710327148,19.29648780822754
2023-08-09,15.198516845703125,6.351864337921143,19.398582458496094
2023-08-10,15.093337059020996,6.361137866973877,19.398582458496094
2023-08-11,14.900506973266602,6.351864337921143,19.262451171875
2023-08-14,14.935566902160645,6.333318710327148,19.46664810180664
2023-08-15,14.953099250793457,6.3055009841918945,19.313505172729492
2023-08-16,14.9881591796875,6.351864337921143,19.313505172729492
2023-08-17,14.865447044372559,6.296227931976318,19.330516815185547
2023-08-18,14.900506973266602,6.3055009841918945,19.143339157104492
2023-08-21,15.163456916809082,6.398228645324707,19.143339157104492
2023-08-22,15.145927429199219,6.500229358673096,18.768980026245117
2023-08-23,15.023214340209961,6.3055009841918945,18.717927932739258
2023-08-24,14.935566902160645,6.351864337921143,18.615833282470703
2023-08-25,14.953099250793457,6.398228645324707,18.564786911010742
2023-08-28,14.970626831054688,6.490956783294678,18.37760353088379
2023-08-29,15.075807571411133,6.667140007019043,18.803014755249023
2023-08-30,15.005688667297363,6.602230072021484,18.88809585571289
2023-09-01,15.128396987915039,6.602230072021484,19.721893310546875
2023-09-04,15.058279991149902,6.602230072021484,19.38157081604004
2023-09-05,15.040748596191406,6.620776176452637,19.313505172729492
2023-09-06,14.9881591796875,6.676412105560303,19.313505172729492
2023-09-07,15.040748596191406,6.723297595977783,19.398582458496094
2023-09-08,15.005688667297363,6.723297595977783,19.313505172729492
2023-09-11,15.18264102935791,6.77955961227417,19.432615280151367
2023-09-12,15.18264102935791,6.563889026641846,19.466920852661133
2023-09-13,15.164942741394043,6.770182132720947,19.466920852661133
2023-09-14,15.129555702209473,6.723297595977783,19.552675247192383
2023-09-15,15.005687713623047,6.967098712921143,19.4326114654541
2023-09-18,15.147250175476074,6.8170671463012695,19.86140251159668
2023-09-19,15.218032836914062,6.845198631286621,20.084375381469727
2023-09-20,15.18264102935791,6.845198631286621,19.895706176757812
2023-09-21,15.164942741394043,6.854575157165527,19.74134635925293
2023-09-22,15.18264102935791,6.892083168029785,19.689884185791016
2023-09-25,15.164942741394043,6.863953113555908,19.6384334564209
2023-09-26,15.164942741394043,6.8733296394348145,19.62128257751465
2023-09-27,15.164942741394043,6.770182132720947,19.466920852661133
2023-09-29,14.899515151977539,6.74205207824707,19.192493438720703
2023-10-02,14.82873249053955,6.629528045654297,19.415462493896484
2023-10-03,14.934903144836426,6.563889026641846,19.123891830444336
2023-10-04,14.899515151977539,6.65765905380249,19.24394989013672
2023-10-05,14.934903144836426,6.65765905380249,19.209646224975586
2023-10-06,14.970297813415527,6.65765905380249,19.29540252685547
2023-10-09,15.076468467712402,6.723297595977783,19.24394989013672
2023-10-10,15.129555702209473,6.845198631286621,19.689884185791016
2023-10-11,15.058775901794434,6.77955961227417,19.449769973754883
2023-10-12,15.164942741394043,6.8170671463012695,19.48406982421875
2023-10-13,15.218032836914062,6.892083168029785,19.449769973754883
2023-10-16,15.218032836914062,7.013984680175781,19.449769973754883
2023-10-17,15.218032836914062,7.032737731933594,19.48406982421875
2023-10-18,15.164942741394043,7.173393249511719,19.60413360595703
2023-10-19,15.164942741394043,7.013984680175781,19.466920852661133
2023-10-20,15.218032836914062,6.751428127288818,19.48406982421875
2023-10-23,15.164942741394043,6.629528045654297,19.398311614990234
2023-10-24,15.147250175476074,6.7045440673828125,19.22679901123047
2023-10-25,15.218032836914062,6.798314094543457,19.346860885620117
2023-10-26,15.218032836914062,6.770182132720947,19.346860885620117
2023-10-27,15.18264102935791,6.845198631286621,19.4326114654541
2023-10-30,15.058775901794434,6.82644510269165,19.466920852661133
2023-10-31,15.218032836914062,6.882707118988037,19.60413360595703
2023-11-01,15.111858367919922,6.695167064666748,19.552675247192383
2023-11-02,15.129555702209473,6.685789585113525,19.552675247192383
2023-11-03,15.218032836914062,6.74205207824707,19.569828033447266
2023-11-06,15.147250175476074,6.882707118988037,19.466920852661133
2023-11-07,15.147250175476074,6.82644510269165,19.65558433532715
2023-11-08,15.04107666015625,6.854575157165527,19.6384334564209
2023-11-09,14.987990379333496,6.751428127288818,19.62128257751465
2023-11-10,14.970297813415527,6.74205207824707,19.466920852661133
2023-11-14,15.023381233215332,6.8170671463012695,19.518375396728516
2023-11-15,15.218032836914062,6.892083168029785,19.6384334564209
2023-11-16,15.164942741394043,6.8733296394348145,19.6384334564209
2023-11-17,15.164942741394043,6.770182132720947,19.501222610473633
2023-11-20,15.200338363647461,6.751428127288818,19.6384334564209
2023-11-21,15.200338363647461,6.920214653015137,19.70703887939453
2023-11-22,14.970297813415527,6.798314094543457,19.65558433532715
2023-11-23,14.934903144836426,6.7139201164245605,19.60413360595703
2023-11-24,14.86412239074707,6.845198631286621,19.346860885620117
2023-11-27,14.86412239074707,6.648282051086426,18.918071746826172
2023-11-28,14.899515151977539,6.638905048370361,19.003828048706055
2023-11-29,14.899515151977539,6.638905048370361,18.969528198242188
2023-11-30,14.917210578918457,6.770182132720947,19.123891830444336
2023-12-01,14.917210578918457,6.751428127288818,19.123891830444336
2023-12-04,14.935097694396973,6.610774517059326,19.29540252685547
2023-12-05,14.935097694396973,6.629528045654297,19.381162643432617
2023-12-06,14.917210578918457,6.592020034790039,19.4326114654541
2023-12-07,14.935097694396973,6.517004013061523,19.051921844482422
2023-12-08,14.935097694396973,6.620151042938232,18.705841064453125
2023-12-11,14.935097694396973,6.723297595977783,18.740449905395508
2023-12-12,14.970869064331055,6.648282051086426,18.705841064453125
2023-12-13,15.042414665222168,6.7045440673828125,18.775054931640625
2023-12-14,15.382254600524902,6.7045440673828125,18.75775146484375
2023-12-15,15.86518383026123,6.7045440673828125,19.103837966918945
2023-12-18,15.650550842285156,6.74205207824707,19.24226951599121
2023-12-19,15.757866859436035,6.648282051086426,19.138444900512695
2023-12-20,15.632665634155273,6.732674598693848,19.103837966918945
2023-12-21,15.614774703979492,6.760805606842041,19.000009536743164
2023-12-22,15.614774703979492,6.770182132720947,18.982704162597656
2023-12-26,15.614774703979492,6.74205207824707,18.948097229003906
2023-12-27,15.632665634155273,6.751428127288818,19.086532592773438
2023-12-28,15.632665634155273,6.760805606842041,18.965402603149414
2023-12-29,15.561120986938477,6.7139201164245605,18.89618682861328
2024-01-02,15.525345802307129,6.7045440673828125,18.775054931640625
2024-01-03,15.668437004089355,6.845198631286621,18.6539249420166
2024-01-04,15.739985466003418,6.845198631286621,18.238630294799805
2024-01-05,15.686323165893555,6.751428127288818,18.273237228393555
2024-01-08,15.739985466003418,6.770182132720947,18.204015731811523
2024-01-09,15.72209358215332,6.65765905380249,18.11749839782715
2024-01-10,15.668437004089355,6.563889026641846,18.255931854248047
2024-01-11,15.650550842285156,6.4513654708862305,18.255931854248047
2024-01-12,15.668437004089355,6.48887300491333,18.307842254638672
2024-01-15,15.72209358215332,6.517004013061523,18.35975456237793
2024-01-16,15.704207420349121,6.4513654708862305,18.273237228393555
2024-01-17,15.596893310546875,6.338841438293457,18.0828914642334
2024-01-18,15.632665634155273,6.338841438293457,17.8752384185791
2024-01-19,15.632665634155273,6.357595920562744,18.1521053314209
2024-01-22,15.632665634155273,6.291957378387451,18.238630294799805
2024-01-23,15.650550842285156,6.36697244644165,18.342451095581055
2024-01-24,15.77575397491455,6.329464912414551,18.498188018798828
2024-01-26,15.847299575805664,6.28257942199707,18.480886459350586
2024-01-29,15.86518383026123,6.3107099533081055,18.238630294799805
2024-01-30,15.86518383026123,6.40447998046875,18.307842254638672
2024-01-31,15.86518383026123,6.348217964172363,18.463581085205078
2024-02-02,15.86518383026123,6.357595920562744,18.602018356323242
2024-02-05,15.918845176696777,6.263825416564941,18.602018356323242
2024-02-06,15.972506523132324,6.320087432861328,18.8615779876709
2024-02-07,15.918845176696777,6.263825416564941,18.5847110748291
2024-02-08,15.900959968566895,6.291957378387451,18.55010414123535
2024-02-09,15.883073806762695,6.291957378387451,18.463581085205078
2024-02-13,15.900959968566895,6.413857460021973,18.792360305786133
2024-02-14,15.954617500305176,6.348217964172363,19.259572982788086
2024-02-15,16.026165008544922,6.413857460021973,19.000009536743164
2024-02-16,16.026165008544922,6.4513654708862305,19.2941837310791
2024-02-19,16.18714141845703,6.413857460021973,19.72678565979004
2024-02-20,16.222911834716797,6.648282051086426,19.77869987487793
2024-02-21,16.115596771240234,6.610774517059326,19.77869987487793
2024-02-22,16.079822540283203,6.65765905380249,19.65757179260254
2024-02-23,16.151365280151367,6.517004013061523,19.65757179260254
2024-02-26,16.044052124023438,6.554512023925781,19.65757179260254
2024-02-27,16.151365280151367,6.507627487182617,19.95174217224121
2024-02-28,16.115596771240234,6.423233985900879,19.813308715820312
2024-02-29,16.044052124023438,6.563889026641846,19.761396408081055
2024-03-01,15.93673324584961,6.4982500076293945,19.398008346557617
2024-03-04,16.026165008544922,6.4513654708862305,19.38070297241211
2024-03-05,16.097707748413086,6.432611465454102,19.259572982788086
2024-03-06,15.990388870239258,6.526381492614746,19.086532592773438
2024-03-07,15.918845176696777,6.507627487182617,19.224964141845703
2024-03-08,16.044052124023438,6.385725975036621,19.103837966918945
2024-03-11,16.13459014892578,6.470118999481201,19.025001525878906
2024-03-12,16.170808792114258,6.536236763000488,19.025001525878906
2024-03-13,16.152698516845703,6.432337760925293,18.622079849243164
2024-03-14,16.13459014892578,6.489010334014893,18.69215202331543
2024-03-15,16.116479873657227,6.517346382141113,18.657115936279297
2024-03-18,16.098377227783203,6.479564189910889,18.77974510192871
2024-03-19,15.881072998046875,6.432337760925293,19.042522430419922
2024-03-20,16.00783348083496,6.451228141784668,19.095077514648438
2024-03-21,15.93539810180664,6.489010334014893,19.112598419189453
2024-03-22,15.899184226989746,6.413446426391602,19.095077514648438
2024-03-25,15.899184226989746,6.404001235961914,19.042522430419922
2024-03-26,15.93539810180664,6.451228141784668,19.06003761291504
2024-03-27,15.881072998046875,6.413446426391602,18.83230209350586
2024-03-29,15.953509330749512,6.337883472442627,18.902376174926758
2024-04-01,16.532976150512695,6.375664710998535,19.095077514648438
2024-04-02,16.152698516845703,6.3662190437316895,19.515520095825195
2024-04-03,16.29756736755371,6.3662190437316895,19.28778076171875
2024-04-04,16.29756736755371,6.375664710998535,19.147634506225586
2024-04-05,16.315677642822266,6.470118999481201,19.20018768310547
2024-04-08,16.27945899963379,6.413446426391602,19.095077514648438
2024-04-09,16.351890563964844,6.394555568695068,19.007482528686523
2024-04-12,16.315677642822266,6.3284382820129395,19.007482528686523
2024-04-15,16.243244171142578,6.422892093658447,19.095077514648438
2024-04-16,16.27945899963379,6.422892093658447,19.112598419189453
2024-04-17,16.29756736755371,6.451228141784668,19.095077514648438
2024-04-18,16.388111114501953,6.460673809051514,19.095077514648438
2024-04-19,16.388111114501953,6.451228141784668,18.972450256347656
2024-04-22,16.424325942993164,6.432337760925293,18.86733627319336
2024-04-23,16.37000274658203,6.451228141784668,18.919891357421875
2024-04-24,16.315677642822266,6.498456001281738,19.095077514648438
2024-04-25,16.29756736755371,6.385110378265381,19.13011360168457
2024-04-26,16.315677642822266,6.489010334014893,19.13011360168457
2024-04-29,16.315677642822266,6.507900714874268,19.147634506225586
2024-04-30,16.29756736755371,6.404001235961914,19.007482528686523
2024-05-02,16.225133895874023,6.507900714874268,19.077556610107422
2024-05-03,16.388111114501953,6.498456001281738,19.147634506225586
2024-05-06,16.424325942993164,6.498456001281738,18.972450256347656
2024-05-07,16.44243621826172,6.526791572570801,19.165151596069336
2024-05-08,16.47865104675293,6.592910289764404,19.095077514648438
2024-05-09,16.532976150512695,6.611800670623779,18.79726219177246
2024-05-10,16.351890563964844,6.526791572570801,18.79726219177246
2024-05-13,16.406217575073242,6.507900714874268,18.69215202331543
2024-05-14,16.406217575073242,6.5834641456604,18.39434051513672
2024-05-15,16.388111114501953,6.432337760925293,18.271713256835938
2024-05-16,16.406217575073242,6.517346382141113,18.289230346679688
2024-05-17,16.47865104675293,6.611800670623779,18.306745529174805
2024-05-20,16.569194793701172,6.696809768676758,18.5520076751709
2024-05-21,16.569194793701172,6.64013671875,18.131567001342773
2024-05-23,16.587303161621094,6.536236763000488,17.886306762695312
2024-05-24,16.605409622192383,6.545682430267334,17.43082618713379
2024-05-27,16.587303161621094,6.489010334014893,17.483381271362305
2024-05-28,16.569194793701172,6.422892093658447,17.133014678955078
2024-05-29,16.551082611083984,6.356773853302002,17.08045768737793
2024-05-30,16.47865104675293,6.337883472442627,17.01038360595703
2024-05-31,16.532976150512695,6.337883472442627,17.34323501586914
2024-06-04,16.49675941467285,6.356773853302002,16.95783042907715
2024-06-05,16.47865104675293,6.3662190437316895,16.537385940551758
2024-06-06,16.551082611083984,6.3662190437316895,16.183643341064453
2024-06-07,16.551082611083984,6.271764755249023,16.431264877319336
2024-06-10,16.641630172729492,6.337883472442627,16.006776809692383
2024-06-11,16.551082611083984,6.224538803100586,15.63534927368164
2024-06-12,16.406217575073242,6.215092658996582,15.653034210205078
2024-06-13,16.44275665283203,6.205646991729736,15.847589492797852
2024-06-14,16.132173538208008,6.196201801300049,15.847589492797852
2024-06-18,16.351408004760742,6.148974895477295,15.723784446716309
2024-06-19,16.314868927001953,6.158420085906982,15.37004280090332
2024-06-20,16.27832794189453,6.158420085906982,15.334668159484863
2024-06-21,16.369678497314453,6.101747512817383,15.476163864135742
2024-06-24,16.75334358215332,6.205646991729736,15.440788269042969
2024-06-25,16.479297637939453,6.1300835609436035,15.210858345031738
2024-06-26,16.53411102294922,6.158420085906982,15.157798767089844
2024-06-27,16.42448616027832,5.978957176208496,15.263917922973633
2024-06-28,16.27832794189453,5.960065841674805,15.423102378845215
2024-07-01,16.223520278930664,5.92228364944458,15.405415534973145
2024-07-02,16.186983108520508,5.893947601318359,15.263917922973633
2024-07-03,16.3879451751709,5.931729793548584,15.38772964477539
2024-07-04,16.44275665283203,5.912839412689209,15.246232032775879
2024-07-05,16.42448616027832,5.92228364944458,15.440788269042969
2024-07-09,16.333139419555664,5.875057220458984,15.31698226928711
2024-07-10,16.333139419555664,5.827829837799072,15.210858345031738
2024-07-11,16.40621566772461,5.808939456939697,15.12242317199707
2024-07-12,16.64372444152832,5.771157264709473,14.91018009185791
2024-07-15,16.77161407470703,5.723930358886719,14.91018009185791
2024-07-16,16.552377700805664,5.629476070404053,14.892494201660156
2024-07-17,16.58891487121582,5.69559383392334,14.892494201660156
2024-07-18,16.917768478393555,5.7050395011901855,14.927865982055664
2024-07-19,16.625455856323242,5.723930358886719,14.91018009185791
2024-07-22,16.44275665283203,5.667257785797119,14.892494201660156
2024-07-23,16.49756622314453,5.790048599243164,14.892494201660156
2024-07-24,16.552377700805664,5.686148166656494,14.94555377960205
2024-07-25,16.49756622314453,5.676702976226807,15.12242317199707
2024-07-26,16.42448616027832,5.648366928100586,15.175484657287598
2024-07-29,16.625455856323242,5.572803497314453,15.281608581542969
2024-07-30,16.44275665283203,5.582248210906982,15.299295425415039
2024-07-31,16.625455856323242,5.478349208831787,15.688408851623535
2024-08-01,16.333139419555664,5.459458351135254,15.246232032775879
2024-08-02,16.351408004760742,5.421676158905029,15.564600944519043
2024-08-05,16.260055541992188,5.02496862411499,15.246232032775879
2024-08-06,16.351408004760742,5.279995441436768,15.918339729309082
2024-08-07,16.314868927001953,5.119422912597656,15.582287788391113
2024-08-08,16.333139419555664,5.166649341583252,15.741470336914062
2024-08-09,16.333139419555664,5.166649341583252,15.617660522460938
2024-08-12,16.351408004760742,5.081641674041748,15.759156227111816
2024-08-13,16.625455856323242,5.176095962524414,16.21902084350586
2024-08-14,16.369678497314453,5.147758960723877,17.22718048095703
2024-08-15,16.44275665283203,5.006077766418457,16.78500747680664
2024-08-16,16.49756622314453,5.317777156829834,16.643510818481445
2024-08-19,16.58891487121582,5.185540676116943,16.80269432067871
2024-08-20,16.60718536376953,5.176095962524414,16.46664047241211
2024-08-21,16.716800689697266,5.251658916473389,17.457111358642578
2024-08-22,16.625455856323242,5.478349208831787,17.98772621154785
2024-08-23,16.716800689697266,5.393341064453125,17.934667587280273
2024-08-26,16.625455856323242,5.412230968475342,18.058473587036133
2024-08-27,16.58891487121582,5.4972405433654785,18.482959747314453
2024-08-28,16.716800689697266,5.752266883850098,18.447589874267578
2024-08-29,16.808151245117188,5.55391263961792,18.69520378112793
2024-08-30,16.69853401184082,5.582739353179932,18.64214515686035
2024-09-02,16.716800689697266,5.505867958068848,18.182283401489258
2024-09-03,16.69853401184082,5.380953311920166,18.25372886657715
2024-09-04,16.772258758544922,5.2656474113464355,18.05725860595703
2024-09-05,16.606380462646484,5.380953311920166,18.110841751098633
2024-09-06,16.569515228271484,5.361735820770264,17.521434783935547
2024-09-09,16.606380462646484,5.256037712097168,17.21780014038086
2024-09-10,16.58794593811035,5.217602729797363,17.0391902923584
2024-09-11,16.569515228271484,5.140732765197754,16.610532760620117
2024-09-12,16.45892906188965,5.236820697784424,16.753421783447266
2024-09-13,16.569515228271484,5.28486442565918,17.0391902923584
2024-09-17,16.551084518432617,5.361735820770264,17.378543853759766
2024-09-18,16.403635025024414,5.304082870483398,17.199939727783203
2024-09-19,16.45892906188965,5.419388771057129,17.110633850097656
2024-09-20,16.49579429626465,5.256037712097168,16.93202781677246
2024-09-23,16.551084518432617,5.294474124908447,16.11043357849121
2024-09-24,16.49579429626465,5.304082870483398,16.32476043701172
2024-09-25,16.551084518432617,5.448215007781982,16.074708938598633
2024-09-26,16.58794593811035,5.505867958068848,16.074708938598633
2024-09-27,16.62481117248535,5.467432975769043,15.967543601989746
2024-09-30,16.58794593811035,5.419388771057129,15.94968318939209
2024-10-01,16.569515228271484,5.573130130767822,16.36048126220703
2024-10-02,16.58794593811035,5.477041244506836,16.253318786621094
2024-10-03,16.49579429626465,5.5443034172058105,16.02112579345703
2024-10-04,16.385208129882812,5.573130130767822,16.02112579345703
2024-10-07,16.20089340209961,5.601956367492676,16.449785232543945
2024-10-08,16.256189346313477,5.573130130767822,16.02112579345703
2024-10-09,16.182464599609375,5.380953311920166,16.003265380859375
2024-10-10,16.14560317993164,5.390562534332275,16.181875228881836
2024-10-11,16.237756729125977,5.409780025482178,16.05684471130371
2024-10-14,16.311485290527344,5.400170803070068,16.36048126220703
2024-10-15,16.311485290527344,5.419388771057129,16.181875228881836
2024-10-16,16.422067642211914,5.390562534332275,16.181875228881836
2024-10-17,16.422067642211914,5.45782470703125,16.05684471130371
2024-10-18,16.274620056152344,5.409780025482178,15.985403060913086
2024-10-21,16.422067642211914,5.467432975769043,16.342618942260742
2024-10-22,16.311485290527344,5.428997993469238,16.038990020751953
2024-10-23,16.274620056152344,5.428997993469238,16.05684471130371
2024-10-24,16.274620056152344,5.2656474113464355,16.05684471130371
2024-10-25,16.237756729125977,5.2656474113464355,15.82465648651123
2024-10-28,16.035015106201172,5.342517852783203,16.074708938598633
2024-10-29,16.053447723388672,5.33290958404541,16.05684471130371
2024-10-30,15.924431800842285,5.20799446105957,16.05684471130371
2024-11-01,16.053447723388672,5.159949779510498,16.05684471130371
2024-11-04,16.071876525878906,5.256037712097168,16.11043357849121
2024-11-05,16.108745574951172,4.833249092102051,16.16401481628418
2024-11-06,16.127172470092773,4.804422378540039,16.09256935119629
2024-11-07,16.127172470092773,4.717942714691162,16.074708938598633
2024-11-08,16.237756729125977,4.737160682678223,16.074708938598633
2024-11-11,16.256189346313477,4.650681495666504,16.074708938598633
2024-11-12,16.127172470092773,4.458503723144531,16.074708938598633
2024-11-13,16.274620056152344,4.372024059295654,16.074708938598633
2024-11-14,16.293052673339844,4.362415790557861,16.074708938598633
2024-11-15,16.237756729125977,4.381633758544922,15.73535442352295
2024-11-18,16.293052673339844,4.372024059295654,16.074708938598633
2024-11-19,16.256189346313477,4.391242504119873,15.931821823120117
2024-11-20,16.256189346313477,4.391242504119873,16.074708938598633
2024-11-21,16.20089340209961,4.6410722732543945,15.69963264465332
2024-11-22,16.21932601928711,4.7275519371032715,15.82465648651123
2024-11-25,16.403635025024414,4.612246036529541,15.556745529174805
2024-11-26,16.403635025024414,4.660289764404297,17.057052612304688
2024-11-27,16.403635025024414,4.544984340667725,17.307100296020508
2024-11-28,16.403635025024414,4.496939182281494,17.378543853759766
2024-11-29,16.44049644470215,4.477721691131592,17.503570556640625
2024-12-02,16.44049644470215,4.612246036529541,17.467851638793945
2024-12-03,16.45892906188965,4.631464004516602,18.307308197021484
2024-12-04,16.45892906188965,4.7275519371032715,18.575218200683594
2024-12-05,16.45892906188965,4.6410722732543945,18.575218200683594
2024-12-06,16.45892906188965,4.68911600112915,18.432331085205078
2024-12-09,16.311485290527344,4.621854305267334,18.070913314819336
2024-12-10,16.035015106201172,4.890902996063232,18.107057571411133
2024-12-11,15.886024475097656,4.785204887390137,18.143198013305664
2024-12-12,15.923274993896484,4.785204887390137,18.54075813293457
2024-12-13,16.128131866455078,4.775595664978027,18.64918327331543
2024-12-16,16.184003829956055,4.785204887390137,18.522686004638672
2024-12-17,16.25849723815918,4.593027591705322,18.5588321685791
2024-12-18,16.20262908935547,4.621854305267334,18.287765502929688
2024-12-19,16.295747756958008,4.516157150268555,17.944419860839844
2024-12-20,16.370241165161133,4.468113422393799,17.185441970825195
2024-12-23,16.33299446105957,4.516157150268555,17.348079681396484
2024-12-24,16.351619720458984,4.535375118255615,17.51071548461914
2024-12-26,16.388866424560547,4.69872522354126,17.691425323486328
2024-12-27,16.388866424560547,4.814031600952148,17.47457504272461
2024-12-30,16.463363647460938,4.900510787963867,17.492647171020508
2024-12-31,16.463363647460938,4.967772483825684,17.456504821777344
2025-01-02,16.705467224121094,4.669898986816406,17.709495544433594
2025-01-03,16.463363647460938,4.794813632965088,18.486547470092773
2025-01-06,16.556480407714844,4.69872522354126,17.908275604248047
2025-01-07,16.53785514831543,4.717942714691162,18.107057571411133
2025-01-08,16.593727111816406,4.583418846130371,17.745637893676758
2025-01-09,16.463363647460938,4.544984340667725,17.79985237121582
2025-01-10,16.426115036010742,4.564201354980469,17.257720947265625
2025-01-13,16.351619720458984,4.544984340667725,17.40229034423828
2025-01-14,16.370241165161133,4.516157150268555,17.63721466064453
2025-01-15,16.33299446105957,4.468113422393799,17.004730224609375
2025-01-16,16.239877700805664,4.448895454406738,17.348079681396484
2025-01-17,15.997769355773926,4.506548881530762,17.709495544433594
2025-01-20,16.146757125854492,4.554592132568359,17.564926147460938
2025-01-21,15.886024475097656,4.506548881530762,17.619140625
2025-01-22,15.904647827148438,4.554592132568359,17.51071548461914
2025-01-23,15.904647827148438,4.468113422393799,17.564926147460938
2025-01-24,16.20262908935547,4.477721691131592,17.980558395385742
2025-01-27,16.016393661499023,4.458503723144531,17.619140625
2025-01-28,15.941898345947266,4.487330913543701,17.38422203063965
2025-01-31,16.016393661499023,4.468113422393799,17.727569580078125
2025-02-03,16.016393661499023,4.237500190734863,17.83599281311035
2025-02-04,16.016393661499023,4.179847240447998,17.83599281311035
2025-02-05,16.165382385253906,4.160629749298096,17.817922592163086
2025-02-06,16.57509994506836,4.2278923988342285,17.79985237121582
2025-02-07,16.27712631225586,4.189456939697266,17.63721466064453
2025-02-10,16.128131866455078,4.160629749298096,17.619140625
2025-02-12,16.53785514831543,3.9780619144439697,18.05284309387207
2025-02-13,16.686845779418945,3.939626693725586,17.63721466064453
2025-02-14,16.51923179626465,3.853147029876709,17.872135162353516
2025-02-17,16.239877700805664,3.853147029876709,17.348079681396484
2025-02-18,16.25849723815918,3.7474496364593506,17.293867111206055
2025-02-19,16.33299446105957,3.7378408908843994,17.980558395385742
2025-02-20,16.295747756958008,3.5552728176116943,17.40229034423828
2025-02-21,16.295747756958008,3.9780619144439697,18.522686004638672
2025-02-24,16.239877700805664,3.593708038330078,18.884105682373047
2025-02-25,16.295747756958008,3.5552728176116943,18.956390380859375
2025-02-26,16.48198699951172,3.6513612270355225,19.064815521240234
2025-02-27,16.31437110900879,3.632143497467041,18.39619255065918
2025-02-28,16.295747756958008,3.5744903087615967,17.348079681396484
2025-03-03,16.25849723815918,3.6513612270355225,16.89630699157715
2025-03-04,16.27712631225586,3.5072286128997803,16.67945098876953
2025-03-05,16.184003829956055,3.62253475189209,16.1734676361084
2025-03-06,16.31437110900879,3.6129257678985596,16.68323516845703
2025-03-07,15.91830062866211,3.5744903087615967,16.38664436340332
2025-03-10,15.729694366455078,3.5648036003112793,15.960291862487793
2025-03-11,15.673113822937012,3.5066816806793213,15.4783353805542
2025-03-12,15.95602035522461,3.5454297065734863,15.20028018951416
2025-03-13,15.654253005981445,3.622925043106079,15.774924278259277
2025-03-14,15.710834503173828,3.5938644409179688,15.941761016845703
2025-03-17,15.78627872467041,3.642299175262451,16.405181884765625
2025-03-19,15.95602035522461,3.6132383346557617,16.49786376953125
2025-03-20,15.974881172180176,3.5744903087615967,16.182737350463867
2025-03-21,16.257789611816406,3.5454297065734863,17.795452117919922
2025-03-24,16.088043212890625,3.4873077869415283,16.77591896057129
2025-03-25,16.106904983520508,3.5357425212860107,17.053972244262695
2025-03-26,16.05032730102539,3.5357425212860107,17.517398834228516
2025-03-27,16.238929748535156,3.6326122283935547,17.610082626342773
2025-03-28,15.91830062866211,3.5066816806793213,16.942752838134766
2025-04-02,15.91830062866211,3.458246946334839,17.257877349853516
2025-04-03,15.823997497558594,3.3710641860961914,17.165197372436523
2025-04-04,15.767415046691895,3.1773245334625244,16.86860466003418
2025-04-07,15.390205383300781,2.9060897827148438,16.052976608276367
2025-04-08,14.84324836730957,2.847968101501465,16.97982406616211
2025-04-09,14.484898567199707,2.712350368499756,16.72031021118164
2025-04-10,15.163878440856934,2.828594207763672,17.869598388671875
2025-04-11,15.258180618286133,2.993272542953491,17.573007583618164
2025-04-14,15.295902252197266,3.0804550647735596,17.610082626342773
2025-04-15,15.390205383300781,3.051394462585449,17.55447006225586
2025-04-16,15.465646743774414,2.9738986492156982,17.66568946838379
2025-04-17,15.503369331359863,3.070768117904663,17.59154510498047
2025-04-18,15.93716049194336,3.0804550647735596,17.925207138061523
2025-04-21,15.93716049194336,3.0417072772979736,18.073503494262695
2025-04-22,15.710834503173828,2.9835853576660156,17.721302032470703
2025-04-23,15.710834503173828,3.1966986656188965,17.888134002685547
2025-04-24,15.842857360839844,3.245133638381958,17.758377075195312
2025-04-25,15.93716049194336,3.3516902923583984,17.610082626342773
2025-04-28,16.257789611816406,3.400125026702881,17.59154510498047
2025-04-29,15.86171817779541,3.361377239227295,17.795452117919922
2025-04-30,16.50297737121582,3.5551164150238037,18.295948028564453
2025-05-02,16.48411750793457,3.3129425048828125,18.073503494262695
2025-05-05,16.370954513549805,3.342003345489502,17.8325252532959
2025-05-06,16.257789611816406,3.1966986656188965,18.073503494262695
2025-05-07,16.29551124572754,3.322629451751709,17.962282180786133
2025-05-08,16.257789611816406,3.342003345489502,18.370092391967773
2025-05-09,16.314369201660156,3.3904380798339844,18.889129638671875
2025-05-13,16.54069709777832,3.5744903087615967,18.981813430786133
2025-05-14,16.65386199951172,3.6713600158691406,19.03742790222168
2025-05-15,16.65386199951172,3.7488555908203125,18.518390655517578
2025-05-16,16.6727237701416,3.777916669845581,18.611074447631836
2025-05-19,16.578418731689453,3.6519861221313477,18.203264236450195
2025-05-20,16.7104434967041,3.603551149368286,17.739839553833008
2025-05-21,16.65386199951172,3.3129425048828125,17.610082626342773
2025-05-22,16.6727237701416,3.2160725593566895,17.647153854370117
2025-05-23,16.974491119384766,3.2548203468322754,17.647153854370117
2025-05-26,17.181955337524414,3.2935686111450195,17.7027645111084
2025-05-27,17.200817108154297,3.2935686111450195,18.3515567779541
2025-05-28,17.031070709228516,3.2935686111450195,18.722299575805664
2025-05-29,16.917909622192383,3.322629451751709,19.000350952148438
2025-05-30,16.936769485473633,3.3129425048828125,18.258874893188477
2025-06-03,17.068798065185547,3.1773245334625244,18.536928176879883
2025-06-04,17.031070709228516,3.1385769844055176,19.426698684692383
2025-06-05,17.144235610961914,3.2548203468322754,19.59353256225586
2025-06-06,17.144235610961914,3.148263931274414,19.463773727416992
2025-06-09,17.10651206970215,3.245133638381958,19.130109786987305
2025-06-10,17.068798065185547,3.225759744644165,19.223703384399414
2025-06-11,16.840450286865234,3.2160725593566895,19.29857635498047
2025-06-12,17.201993942260742,3.206385612487793,19.429603576660156
2025-06-13,16.973648071289062,3.225759744644165,19.598068237304688
2025-06-16,17.08782196044922,3.2935686111450195,19.69165802001953
2025-06-17,17.221027374267578,3.1966986656188965,19.84140396118164
2025-06-18,17.27811050415039,3.1773245334625244,19.991151809692383
2025-06-19,17.14491081237793,3.070768117904663,19.6355037689209
2025-06-20,16.631134033203125,2.944837808609009,19.89756202697754
2025-06-23,16.764333724975586,3.0610811710357666,19.860122680664062
2025-06-24,16.783363342285156,3.0029594898223877,20.49654769897461
2025-06-25,16.802391052246094,3.1773245334625244,20.028589248657227
2025-06-26,16.89753532409668,3.342003345489502,20.122180938720703
2025-06-30,16.764333724975586,3.380751132965088,20.140899658203125
2025-07-01,16.650161743164062,3.380751132965088,19.89756202697754
2025-07-02,16.89753532409668,3.380751132965088,20.309362411499023
2025-07-03,17.27811050415039,3.4098119735717773,20.55270004272461
2025-07-04,17.163938522338867,3.3904380798339844,20.178335189819336
2025-07-07,17.10685157775879,3.2935686111450195,20.04730796813965
2025-07-08,17.10685157775879,3.283881425857544,20.122180938720703
2025-07-09,17.125879287719727,3.1966986656188965,20.44038963317871
2025-07-10,16.992679595947266,3.167637825012207,20.271926879882812
2025-07-11,16.840450286865234,3.1966986656188965,20.365516662597656
2025-07-14,16.840450286865234,3.128889799118042,20.197052001953125
2025-07-15,16.840450286865234,3.109515905380249,20.028589248657227
2025-07-16,16.91656494140625,3.090142011642456,20.2906436920166
2025-07-17,16.992679595947266,3.2160725593566895,20.309362411499023
2025-07-18,17.030736923217773,3.2548203468322754,19.84140396118164
2025-07-21,16.954620361328125,3.2548203468322754,19.97243309020996
2025-07-22,16.707246780395508,3.225759744644165,19.916278839111328
2025-07-23,16.821420669555664,3.264507293701172,19.654220581054688
2025-07-24,17.030736923217773,3.5744903087615967,20.122180938720703
2025-07-25,17.10685157775879,3.419499158859253,20.309362411499023
2025-07-28,17.04976463317871,3.496994733810425,20.066024780273438
2025-07-29,16.91656494140625,3.6713600158691406,20.309362411499023
2025-07-30,17.030736923217773,3.9425957202911377,20.309362411499023
2025-07-31,17.10685157775879,3.758543014526367,20.197052001953125
2025-08-01,17.011709213256836,3.681046962738037,20.23448944091797
2025-08-04,17.240053176879883,3.6713600158691406,20.04730796813965
2025-08-05,17.221027374267578,3.816664695739746,20.44038963317871
2025-08-06,17.297138214111328,3.719794988632202,21.526052474975586
2025-08-07,17.27811050415039,3.7488555908203125,21.432462692260742
2025-08-08,17.772857666015625,3.6907339096069336,21.376306533813477
2025-08-11,17.848974227905273,3.777916669845581,21.432462692260742
2025-08-12,17.848974227905273,3.836038589477539,22.18119239807129
2025-08-13,18.001203536987305,3.4873077869415283,22.01272964477539
2025-08-14,17.791887283325195,3.5260555744171143,21.226560592651367
2025-08-15,17.791887283325195,3.4485599994659424,21.09553337097168
2025-08-18,17.88702964782715,3.5357425212860107,21.338869094848633
2025-08-19,17.982173919677734,3.603551149368286,21.469898223876953
2025-08-20,17.82994270324707,4.04915189743042,21.058094024658203
2025-08-21,17.982173919677734,4.610996246337891,21.301433563232422
2025-08-22,18.07731819152832,4.6691179275512695,21.338869094848633
2025-08-25,18.07731819152832,4.407569408416748,21.338869094848633
2025-08-26,17.69674301147461,4.573340892791748,20.590137481689453
2025-08-27,17.69674301147461,4.436823844909668,21.226560592651367
2025-08-28,17.69674301147461,4.310056686401367,20.4029541015625
2025-08-29,17.734800338745117,4.222295761108398,19.822689056396484
2025-09-02,17.791887283325195,4.10528039932251,20.4029541015625
2025-09-03,17.791887283325195,4.193042278289795,20.590137481689453
2025-09-04,17.791887283325195,4.095529079437256,20.4029541015625
2025-09-08,17.63965606689453,4.300305366516113,20.721166610717773
2025-09-09,17.69674301147461,4.300305366516113,20.88962745666504
2025-09-10,17.791887283325195,4.163787841796875,20.79510498046875
2025-09-11,17.715112686157227,4.193042278289795,20.209062576293945
2025-09-12,17.599956512451172,4.232047080993652,20.549345016479492
2025-09-17,17.561569213867188,4.339310646057129,21.721433639526367
2025-09-18,17.542377471923828,4.222295761108398,21.683626174926758
2025-09-19,17.753501892089844,4.290554523468018,21.740339279174805
2025-09-22,17.561569213867188,4.310056686401367,21.078676223754883
2025-09-23,17.695920944213867,4.27105188369751,20.79510498046875
2025-09-24,17.695920944213867,4.339310646057129,21.078676223754883
2025-09-25,17.695920944213867,4.310056686401367,20.90853500366211
2025-09-26,17.753501892089844,4.436823844909668,21.19210433959961
2025-09-29,17.830270767211914,4.241798400878906,21.343341827392578
2025-09-30,17.753501892089844,4.124783039093018,21.683626174926758
2025-10-01,17.849464416503906,4.144285678863525,21.967195510864258
2025-10-02,17.753501892089844,4.134533882141113,21.929386138916016
2025-10-03,17.830270767211914,4.173539638519287,22.099525451660156
2025-10-06,18.060585021972656,4.095529079437256,21.778146743774414
2025-10-07,17.926237106323242,4.193042278289795,21.645814895629883
2025-10-08,17.90704345703125,4.154036998748779,21.740339279174805
2025-10-09,18.137357711791992,4.134533882141113,21.456771850585938
2025-10-10,18.175745010375977,4.095529079437256,21.494577407836914
2025-10-13,18.175745010375977,4.027270793914795,21.740339279174805
2025-10-14,17.811077117919922,3.998016834259033,21.456771850585938
2025-10-15,17.772693634033203,3.9785141944885254,21.740339279174805
2025-10-16,18.233325958251953,3.998016834259033,21.078676223754883
2025-10-17,17.9454288482666,3.9102554321289062,21.0030574798584
2025-10-21,18.079782485961914,3.8712503910064697,21.30553436279297
2025-10-22,17.983816146850586,3.8712503910064697,21.021961212158203
2025-10-23,17.791887283325195,3.861499071121216,21.211009979248047
2025-10-24,17.983816146850586,3.998016834259033,21.211009979248047
2025-10-27,17.849464416503906,3.9590115547180176,21.22991371154785
2025-10-28,17.849464416503906,3.9005038738250732,21.22991371154785
2025-10-29,17.753501892089844,3.920006513595581,21.078676223754883
2025-10-30,17.830270767211914,3.851747751235962,21.4378662109375
2025-10-31,17.753501892089844,3.8029913902282715,21.4378662109375
2025-11-03,17.73430633544922,3.832245111465454,21.2866268157959
2025-11-04,17.88785171508789,3.6957273483276367,21.362247467041016
2025-11-05,17.9454288482666,3.6567225456237793,21.551292419433594
2025-11-06,17.715112686157227,3.4714486598968506,21.30553436279297
2025-11-07,17.753501892089844,3.4616973400115967,21.22991371154785
2025-11-10,17.753501892089844,3.5592100620269775,21.589101791381836
2025-11-11,17.849464416503906,3.4811995029449463,21.664722442626953
2025-11-12,17.90704345703125,3.432443380355835,21.41895866394043
2025-11-13,17.849464416503906,3.4129409790039062,21.211009979248047
2025-11-14,17.849464416503906,3.344682216644287,20.889629364013672
2025-11-17,17.772693634033203,3.3251798152923584,20.889629364013672
2025-11-18,17.408023834228516,3.2276670932769775,20.322492599487305
2025-11-19,17.561569213867188,3.2179157733917236,19.963302612304688
2025-11-20,17.58076286315918,3.25692081451416,20.303586959838867
2025-11-21,17.619150161743164,3.169159412384033,19.86878204345703
2025-11-24,17.657535552978516,2.847368001937866,19.84987449645996
2025-11-25,17.446413040161133,2.9253780841827393,19.490690231323242
2025-11-26,17.542377471923828,3.003387928009033,19.679733276367188
2025-11-27,17.139326095581055,2.9253780841827393,19.0180721282959
2025-11-28,16.813045501708984,2.9253780841827393,18.734498977661133
2025-12-01,16.793851852416992,3.09114933013916,19.471782684326172
2025-12-02,16.985780715942383,3.178910732269287,19.52849769592285
2025-12-03,16.774660110473633,3.2276670932769775,18.847929000854492
2025-12-04,16.60192108154297,3.198413133621216,18.734498977661133
2025-12-05,16.544342041015625,3.1594083309173584,18.33750343322754
2025-12-08,16.333223342895508,3.0521445274353027,18.224075317382812
2025-12-09,16.505956649780273,3.130154609680176,18.167362213134766
2025-12-10,16.73870849609375,3.2179157733917236,18.397085189819336
2025-12-11,16.75810432434082,3.2861742973327637,18.37794303894043
2025-12-12,17.165420532226562,3.3836870193481445,18.47365951538086
2025-12-15,17.12662696838379,3.4616973400115967,18.454517364501953
2025-12-16,17.223608016967773,3.500702142715454,18.51194953918457
2025-12-17,17.223608016967773,3.500702142715454,18.51194953918457
2025-12-18,17.12662696838379,3.4811995029449463,18.569379806518555
2025-12-19,17.53394317626953,3.4714486598968506,18.87567901611328
2025-12-22,17.5533390045166,3.500702142715454,18.684240341186523
2025-12-23,17.456357955932617,3.500702142715454,18.913965225219727
2025-12-24,17.7279052734375,3.588463544845581,18.77996063232422
2025-12-26,17.80548667907715,3.5592100620269775,18.87567901611328
2025-12-29,17.80548667907715,3.520204782485962,18.952253341674805
2025-12-30,17.84427833557129,3.529956102371216,19.009685516357422
2025-12-31,17.59212875366211,3.5397074222564697,19.105403900146484
2026-01-02,17.650318145751953,3.4031896591186523,19.201120376586914
2026-01-05,17.650318145751953,3.3934383392333984,19.18198013305664
2026-01-06,17.630922317504883,3.3056771755218506,18.99053955078125
2026-01-07,17.82488250732422,3.276423215866089,19.105403900146484
2026-01-08,17.650318145751953,3.120403289794922,19.18198013305664
2026-01-09,17.747297286987305,3.198413133621216,19.31598472595215
2026-01-12,17.86367416381836,3.1399056911468506,19.79457664489746
2026-01-13,17.80548667907715,3.188661813735962,19.335126876831055
2026-01-14,18.135217666625977,3.188661813735962,20.100873947143555
2026-01-15,18.057634353637695,3.2179157733917236,19.813720703125
2026-01-16,18.115819931030273,3.2081644535064697,19.775432586669922
2026-01-19,18.115819931030273,3.2081644535064697,19.775432586669922
2026-01-20,17.86367416381836,3.2179157733917236,19.986011505126953
2026-01-21,18.232194900512695,3.25692081451416,20.120019912719727
2026-01-22,18.135217666625977,3.2861742973327637,20.292312622070312
2026-01-23,18.018840789794922,3.2959258556365967,20.120019912719727
2026-01-26,18.018840789794922,3.25692081451416,20.292312622070312
2026-01-27,18.115819931030273,3.3056771755218506,20.292312622070312
2026-01-28,18.038238525390625,3.2471694946289062,20.081729888916016
2026-01-29,17.708505630493164,3.0716469287872314,19.928579330444336
2026-01-30,17.82488250732422,3.1496570110321045,20.292312622070312
2026-02-03,17.98004913330078,3.198413133621216,19.449989318847656
2026-02-04,17.941259384155273,3.110651969909668,19.105403900146484
2026-02-05,17.5533390045166,3.178910732269287,19.430845260620117
2026-02-06,17.650318145751953,3.0813982486724854,19.622283935546875
2026-02-09,17.941259384155273,3.2276670932769775,19.832862854003906
2026-02-10,17.786088943481445,3.188661813735962,19.411701202392578
2026-02-11,17.689109802246094,3.266672134399414,19.52656364440918
2026-02-12,17.98004913330078,3.2861742973327637,19.52656364440918
2026-02-13,17.669713973999023,3.2374181747436523,19.622283935546875
2026-02-16,18.038238525390625,3.344682216644287,19.737146377563477
2026-02-19,17.99944496154785,3.364184856414795,20.100873947143555
2026-02-20,17.960655212402344,3.364184856414795,20.062585830688477
2026-02-23,18.038238525390625,3.2081644535064697,20.081729888916016
2026-02-24,18.038238525390625,3.022890567779541,20.483747482299805
2026-02-25,17.921859741210938,3.100900650024414,21.019771575927734
2026-02-26,17.88306999206543,3.0813982486724854,21.326072692871094
2026-02-27,17.417566299438477,2.9253780841827393,21.038915634155273
2026-03-02,17.456357955932617,3.3056771755218506,21.306926727294922
2026-03-03,17.301191329956055,3.364184856414795,21.536651611328125
2026-03-04,17.262399673461914,3.364184856414795,21.402647018432617
2026-03-05,17.436962127685547,3.4616973400115967,21.24949836730957
2026-03-06,17.59212875366211,4.230963230133057,21.2303524017334
2026-03-09,16.865671157836914,4.09289026260376,20.96234130859375
2026-03-10,17.277984619140625,3.875917434692383,21.02100372314453
2026-03-11,17.1798152923584,4.083027362823486,21.412092208862305
2026-03-12,17.08164405822754,4.5366973876953125,21.451200485229492
2026-03-13,17.1798152923584,4.684633255004883,20.78635025024414
2026-03-16,17.277984619140625,4.516972541809082,21.412092208862305
2026-03-17,17.277984619140625,4.881880760192871,21.4316463470459
2026-03-18,17.59212875366211,4.832569122314453,21.412092208862305
2026-03-19,16.49262046813965,5.404587268829346,21.35342788696289
2026-03-20,16.49262046813965,5.404587268829346,21.35342788696289
2026-03-24,17.533227920532227,5.720183849334717,21.118776321411133
2026-03-25,17.47432518005371,5.384862422943115,21.118776321411133
2026-03-26,17.29762077331543,5.720183849334717,21.4316463470459
2026-03-27,18.082983016967773,5.720183849334717,21.509864807128906
2026-03-30,17.886640548706055,6.045642375946045,21.66629981994629
2026-03-31,17.631397247314453,5.986468315124512,21.35342788696289
2026-04-01,17.92591094970703,5.325688362121582,21.509864807128906
2026-04-02,17.70993423461914,5.887844085693359,20.62991714477539
2026-04-03,17.945545196533203,5.818807601928711,20.74724006652832
2026-04-06,17.886640548706055,5.670871734619141,20.21927261352539
2026-04-07,17.611764907836914,5.7990827560424805,20.493032455444336
2026-04-08,17.651031494140625,5.513073444366455,21.490310668945312
2026-04-09,17.867008209228516,5.739908695220947,20.92323112487793
2026-04-10,17.90627670288086,5.739908695220947,20.336599349975586
2026-04-13,18.102617263793945,5.9371562004089355,20.825458526611328
2026-04-14,17.92591094970703,5.818807601928711,20.0823917388916
2026-04-15,17.572494506835938,5.552523136138916,20.258380889892578
2026-04-16,17.70993423461914,5.562385082244873,20.375707626342773
2026-04-17,17.69029998779297,5.493348598480225,20.12150001525879
2026-04-20,17.886640548706055,5.236926555633545,19.749967575073242
2026-04-21,17.945545196533203,5.049540996551514,19.55442237854004
2026-04-22,17.847373962402344,5.148164749145508,20.141056060791016
2026-04-23,17.847373962402344,5.473624229431152,20.12150001525879
2026-04-24,17.847373962402344,5.424312114715576,19.965065002441406
2026-04-27,17.729568481445312,5.404587268829346,19.867292404174805
2026-04-28,17.631397247314453,5.5821099281311035,20.101945877075195
2026-04-29,17.493959426879883,5.5821099281311035,19.84773826599121
2026-04-30,17.493959426879883,5.838532447814941,19.730411529541016
2026-05-04,17.670665740966797,5.6215596199035645,19.65219497680664
2026-05-05,17.670665740966797,5.838532447814941,19.8868465423584
2026-05-06,17.827739715576172,5.789220333099365,19.769521713256836
2026-05-07,17.78847312927246,5.207339763641357,20.101945877075195
2026-05-08,17.670665740966797,5.296100616455078,20.590805053710938
2026-05-11,17.670665740966797,5.276376247406006,20.12150001525879
2026-05-12,17.670665740966797,5.414449214935303,19.867292404174805
2026-05-13,17.631397247314453,5.404587268829346,20.62991714477539
2026-05-14,17.867008209228516,5.453899383544922,20.903676986694336
2026-05-15,17.847373962402344,5.513073444366455,19.84773826599121
2026-05-18,17.513593673706055,5.65114688873291,19.104671478271484
2026-05-19,17.395788192749023,5.562385082244873,18.772245407104492
2026-05-20,16.885305404663086,5.6215596199035645,18.400711059570312
2026-05-21,16.61042594909668,5.375,18.381155014038086
2026-05-22,16.688961029052734,5.6215596199035645,17.44254493713379
2026-05-25,16.826400756835938,5.266513824462891,17.422988891601562
2026-05-26,16.64969253540039,5.404587268829346,17.246999740600586
2026-05-27,16.64969253540039,5.404587268829346,17.246999740600586
2026-05-28,16.846036911010742,5.434174537658691,16.953683853149414
2026-05-29,16.787134170532227,5.138302803039551,17.344772338867188
2026-06-02,16.787134170532227,5.138302803039551,17.344772338867188
2026-06-03,16.688961029052734,5.444036483764648,18.18561363220215
2026-06-04,16.885305404663086,5.375,18.361602783203125
2026-06-05,17.160181045532227,5.3552751541137695,18.81135368347168
2026-06-08,17.1798152923584,5.463761329650879,18.18561363220215
2026-06-09,17.003108978271484,5.375,18.18561363220215
2026-06-10,17.062559127807617,5.50321102142334,18.224721908569336
2026-06-11,17.18146324157715,5.720183849334717,17.325218200683594
2026-06-12,17.22109603881836,5.266513824462891,17.794525146484375
2026-06-15,17.300363540649414,4.457798004150391,17.893274307250977
2026-06-16,17.18146324157715,4.467660903930664,18.051271438598633
2026-06-18,17.22109603881836,4.516972541809082,18.406766891479492
2026-06-19,17.260730743408203,4.428210735321045,18.505516052246094
2026-06-22,17.18146324157715,4.211238384246826,18.525264739990234
2026-06-23,17.24091339111328,4.004128456115723,18.48576545715332
2026-06-24,17.300363540649414,4.043578147888184,18.406766891479492
2026-06-25,17.280548095703125,3.8660552501678467,18.169769287109375
2026-06-26,17.379634857177734,3.964679002761841,18.367267608642578
2026-06-29,17.24091339111328,3.9942662715911865,18.584514617919922
2026-06-30,17.32018280029297,3.9942662715911865,18.66351318359375
2026-07-01,17.24091339111328,4.013990879058838,18.76226234436035
2026-07-02,17.22109603881836,4.09289026260376,18.861011505126953
2026-07-03,17.34000015258789,4.300000190734863,19.01900863647461
2026-07-06,17.34000015258789,4.270412921905518,19.295507431030273
2026-07-07,17.637256622314453,4.191514015197754,19.354755401611328
2026-07-08,17.359817504882812,4.4084858894348145,19.394254684448242
2026-07-09,17.32018280029297,4.290137767791748,19.295507431030273
2026-07-10,17.359817504882812,4.24082612991333,19.31525421142578
2026-07-13,17.300363540649414,4.290137767791748,18.979509353637695
2026-07-14,17.716524124145508,4.7240824699401855,19.078258514404297
2026-07-15,17.458904266357422,4.516972541809082,19.078258514404297
2026-07-16,17.498537063598633,4.516972541809082,19.1770076751709
2026-07-17,17.280548095703125,4.664908409118652,19.21650505065918
2026-07-20,17.458904266357422,4.694495677947998,19.414003372192383
2026-07-21,17.24091339111328,4.595871448516846,19.256006240844727
2026-07-22,17.518354415893555,4.655045509338379,19.09800910949707
2026-07-23,17.34000015258789,4.7635321617126465,19.09800910949707
2026-07-24,17.24091339111328,4.852293491363525,19.078258514404297
2026-07-27,17.538171768188477,4.684633255004883,18.979509353637695
2026-07-28,17.458904266357422,4.556421756744385,18.959760665893555
2026-07-29,17.47871971130371,4.655045509338379,18.880762100219727
2026-07-30,17.419267654418945,4.733945369720459,18.959760665893555
2026-07-31,17.379634857177734,4.7142205238342285,19.2757568359375
2026-08-03,17.300363540649414,4.546559810638428,19.196758270263672
2026-08-04,17.22109603881836,4.586009502410889,19.45350456237793
2026-08-05,17.280548095703125,4.457798004150391,19.295507431030273
2026-08-06,17.022926330566406,4.447936058044434,19.31525421142578
2026-08-07,17.003108978271484,4.438073635101318,18.99925994873047
2026-08-10,17.20128059387207,4.339449882507324,19.09800910949707
2026-08-11,17.122011184692383,4.378899097442627,18.76226234436035
2026-08-12,17.260730743408203,4.586009502410889,18.94001007080078
2026-08-13,17.260730743408203,4.4873857498168945,19.01900863647461
2026-08-14,17.260730743408203,4.438073635101318,19.11775779724121
2026-08-17,17.062559127807617,4.467660903930664,19.21650505065918
2026-08-18,17.280548095703125,4.605733871459961,19.11775779724121
2026-08-19,17.419267654418945,4.625458717346191,19.256006240844727
2026-08-20,17.32018280029297,4.30986213684082,19.3745059967041
2026-08-21,17.439085006713867,4.290137767791748,19.3745059967041
2026-08-24,17.439085006713867,4.290137767791748,19.7497501373291
