date,1155.KL,1023.KL,1295.KL
2015-01-02,4.2957000732421875,3.23169207572937,2.353487253189087
2015-01-05,4.23917818069458,3.179286479949951,2.3018195629119873
2015-01-06,4.144975662231445,3.1094119548797607,2.273401975631714
2015-01-07,4.05548095703125,3.057006597518921,2.270817995071411
2015-01-08,4.097873210906982,3.0802981853485107,2.273401975631714
2015-01-09,4.05548095703125,3.097766876220703,2.2682347297668457
2015-01-12,4.041351318359375,3.0162463188171387,2.263068437576294
2015-01-13,4.060190677642822,3.447138547897339,2.255317449569702
2015-01-14,3.951857328414917,3.348149538040161,2.263068437576294
2015-01-15,4.050769805908203,3.441315174102783,2.263068437576294
2015-01-16,4.050769805908203,3.4063785076141357,2.2682347297668457
2015-01-19,4.14026403427124,3.4646060466766357,2.2785685062408447
2015-01-20,4.2014970779418945,3.383087396621704,2.2940685749053955
2015-01-21,4.1779465675354,3.4180238246917725,2.29148530960083
2015-01-22,4.1779465675354,3.2899208068847656,2.304403066635132
2015-01-23,4.23917818069458,3.202578067779541,2.343153476715088
2015-01-26,4.2014970779418945,3.179286479949951,2.332819938659668
2015-01-27,4.2014970779418945,3.225869655609131,2.3405704498291016
2015-01-28,4.093163013458252,3.237515449523926,2.343153476715088
2015-01-29,4.079031944274902,3.202578067779541,2.3354036808013916
2015-01-30,4.107293128967285,3.202578067779541,2.343153476715088
2015-02-04,4.159104824066162,3.2899208068847656,2.3715708255767822
2015-02-05,4.2014970779418945,3.342327356338501,2.3819048404693604
2015-02-06,4.206207752227783,3.3772644996643066,2.425823450088501
2015-02-09,4.23917818069458,3.319035291671753,2.425823450088501
2015-02-10,4.286281108856201,3.307389736175537,2.425823450088501
2015-02-11,4.286281108856201,3.330681324005127,2.3974053859710693
2015-02-12,4.272150039672852,3.319035291671753,2.3922386169433594
2015-02-13,4.328672885894775,3.3132119178771973,2.3948216438293457
2015-02-16,4.333382606506348,3.4238476753234863,2.3948216438293457
2015-02-17,4.333382606506348,3.435492753982544,2.3948216438293457
2015-02-18,4.342803478240967,3.435492753982544,2.404017448425293
2015-02-23,4.253310203552246,3.4820761680603027,2.404017448425293
2015-02-24,4.262729644775391,3.5053672790527344,2.404017448425293
2015-02-25,4.248599529266357,3.435492753982544,2.404017448425293
2015-02-26,4.314541816711426,3.3947322368621826,2.41452693939209
2015-02-27,4.333382606506348,3.4646060466766357,2.406644344329834
2015-03-02,4.333382606506348,3.4646060466766357,2.430291175842285
2015-03-03,4.404035568237305,3.458784580230713,2.4434280395507812
2015-03-04,4.37106466293335,3.452960729598999,2.4723284244537354
2015-03-05,4.33809232711792,3.330681324005127,2.4460551738739014
2015-03-06,4.33809232711792,3.3889100551605225,2.4513096809387207
2015-03-09,4.333382606506348,3.3772644996643066,2.41452693939209
2015-03-10,4.347513675689697,3.4646060466766357,2.41452693939209
2015-03-11,4.2815704345703125,3.3772644996643066,2.390880584716797
2015-03-12,4.2957000732421875,3.4063785076141357,2.41715407371521
2015-03-13,4.286281108856201,3.447138547897339,2.4092719554901123
2015-03-16,4.2815704345703125,3.441315174102783,2.4092719554901123
2015-03-17,4.314541816711426,3.4704301357269287,2.41715407371521
2015-03-18,4.314541816711426,3.447138547897339,2.430291175842285
2015-03-19,4.347513675689697,3.5228357315063477,2.4486823081970215
2015-03-20,4.3098320960998535,3.5228357315063477,2.4434280395507812
2015-03-23,4.2957000732421875,3.517012596130371,2.419781446456909
2015-03-24,4.3098320960998535,3.5868871212005615,2.419781446456909
2015-03-25,4.33809232711792,3.59853196144104,2.4381728172302246
2015-03-26,4.342803478240967,3.604355812072754,2.4434280395507812
2015-03-27,4.33809232711792,3.604356288909912,2.4513096809387207
2015-03-30,4.366353988647461,3.6454479694366455,2.464446544647217
2015-03-31,4.39461612701416,3.651318073272705,2.480210304260254
2015-04-01,4.399324893951416,3.6630585193634033,2.469700813293457
2015-04-02,4.427587032318115,3.6630585193634033,2.4854648113250732
2015-04-03,4.451138496398926,3.668929100036621,2.4986014366149902
2015-04-06,4.474688529968262,3.668929100036621,2.516993284225464
2015-04-07,4.498239517211914,3.6982805728912354,2.53275728225708
2015-04-08,4.498239517211914,3.6630585193634033,2.530129909515381
2015-04-09,4.469977378845215,3.6630585193634033,2.5117387771606445
2015-04-10,4.413456916809082,3.6278364658355713,2.5038561820983887
2015-04-13,4.451138496398926,3.633706569671631,2.4986014366149902
2015-04-14,4.418166637420654,3.633706569671631,2.493346691131592
2015-04-15,4.399324893951416,3.6630585193634033,2.4986014366149902
2015-04-16,4.451138496398926,3.6102263927459717,2.5275027751922607
2015-04-17,4.469977378845215,3.580874443054199,2.556403160095215
2015-04-20,4.465268135070801,3.6102263927459717,2.5747952461242676
2015-04-21,4.474688529968262,3.6806695461273193,2.585304021835327
2015-04-22,4.469977378845215,3.6630585193634033,2.5774221420288086
2015-04-23,4.513897895812988,3.6102263927459717,2.572166919708252
2015-04-24,4.596856594085693,3.5750045776367188,2.5879316329956055
2015-04-27,4.567575931549072,3.586745262145996,2.5931859016418457
2015-04-28,4.557816028594971,3.586745262145996,2.6010677814483643
2015-04-29,4.538297653198242,3.5456531047821045,2.5879316329956055
2015-04-30,4.494378566741943,3.4634690284729004,2.5590310096740723
2015-05-05,4.513897895812988,3.4575982093811035,2.556403160095215
2015-05-06,4.494378566741943,3.4928195476531982,2.543266773223877
2015-05-07,4.465097427368164,3.4517288208007812,2.5380117893218994
2015-05-08,4.53341817855835,3.4575982093811035,2.53275728225708
2015-05-11,4.548056125640869,3.481079339981079,2.53275728225708
2015-05-12,4.528537750244141,3.4634690284729004,2.5275027751922607
2015-05-13,4.518777847290039,3.4575982093811035,2.519620180130005
2015-05-14,4.528537750244141,3.5221714973449707,2.516993284225464
2015-05-15,4.548056125640869,3.4986913204193115,2.5222480297088623
2015-05-18,4.567575931549072,3.4928195476531982,2.5275027751922607
2015-05-19,4.557816028594971,3.5221714973449707,2.519620180130005
2015-05-20,4.5724568367004395,3.528041362762451,2.5248754024505615
2015-05-21,4.513897895812988,3.439988374710083,2.519620180130005
2015-05-22,4.518777847290039,3.3754148483276367,2.5143654346466064
2015-05-25,4.47485876083374,3.3754148483276367,2.4907195568084717
2015-05-26,4.465097427368164,3.2932310104370117,2.4959747791290283
2015-05-27,4.460218906402588,3.3049709796905518,2.467074394226074
2015-05-28,4.445578098297119,3.322582483291626,2.4907195568084717
2015-05-29,4.4065399169921875,3.3284525871276855,2.430291175842285
2015-06-01,4.445578098297119,3.3049709796905518,2.4355452060699463
2015-06-02,4.460218906402588,3.205176591873169,2.4355452060699463
2015-06-03,4.469977855682373,3.122992992401123,2.4381728172302246
2015-06-04,4.484618186950684,3.105381727218628,2.4381728172302246
2015-06-05,4.494378566741943,3.128861904144287,2.440800189971924
2015-06-08,4.50413703918457,3.1112520694732666,2.453936815261841
2015-06-09,4.499258518218994,3.0760304927825928,2.4618189334869385
2015-06-10,4.469977855682373,3.1406028270721436,2.45919132232666
2015-06-11,4.460218906402588,3.164083957672119,2.464446544647217
2015-06-12,4.460218906402588,3.152343988418579,2.464446544647217
2015-06-15,4.47485876083374,3.1464738845825195,2.469700813293457
2015-06-16,4.465097427368164,3.1406028270721436,2.467074394226074
2015-06-17,4.489497661590576,3.2462689876556396,2.467074394226074
2015-06-18,4.509016990661621,3.2403981685638428,2.4749553203582764
2015-06-19,4.538297653198242,3.2462689876556396,2.4828379154205322
2015-06-22,4.557816028594971,3.287360429763794,2.4880926609039307
2015-06-23,4.528537750244141,3.258009433746338,2.4854648113250732
2015-06-24,4.53341817855835,3.287360429763794,2.4880926609039307
2015-06-25,4.548056125640869,3.269749641418457,2.4828379154205322
2015-06-26,4.499258518218994,3.2286577224731445,2.45919132232666
2015-06-29,4.460218906402588,3.1171226501464844,2.4355452060699463
2015-06-30,4.460218906402588,3.2110466957092285,2.45919132232666
2015-07-01,4.47485876083374,3.252139091491699,2.4749553203582764
2015-07-02,4.53341817855835,3.252139091491699,2.480210304260254
2015-07-03,4.528537750244141,3.2169172763824463,2.480210304260254
2015-07-06,4.484618186950684,3.199305772781372,2.469700813293457
2015-07-07,4.465097427368164,3.199305772781372,2.45919132232666
2015-07-08,4.45045804977417,3.1112520694732666,2.453936815261841
2015-07-09,4.469977855682373,3.134733200073242,2.430291175842285
2015-07-10,4.489497661590576,3.169955015182495,2.4723284244537354
2015-07-13,4.484618186950684,3.134733200073242,2.4723284244537354
2015-07-14,4.489497661590576,3.128861904144287,2.493346691131592
2015-07-15,4.489497661590576,3.1406028270721436,2.4959747791290283
2015-07-16,4.489497661590576,3.2169172763824463,2.493346691131592
2015-07-20,4.489497661590576,3.2286577224731445,2.4986014366149902
2015-07-21,4.494378566741943,3.269749641418457,2.5038561820983887
2015-07-22,4.489497661590576,3.258009433746338,2.4986014366149902
2015-07-23,4.484618186950684,3.2286577224731445,2.4986014366149902
2015-07-24,4.50413703918457,3.2286577224731445,2.4959747791290283
2015-07-27,4.469977855682373,3.128861904144287,2.4828379154205322
2015-07-28,4.430938720703125,3.128861904144287,2.467074394226074
2015-07-29,4.421179294586182,3.105381727218628,2.4749553203582764
2015-07-30,4.387020587921143,3.052549123764038,2.480210304260254
2015-07-31,4.489497661590576,3.158214569091797,2.4959747791290283
2015-08-03,4.479738235473633,3.122992992401123,2.5038561820983887
2015-08-04,4.47485876083374,3.0701591968536377,2.516993284225464
2015-08-05,4.484618186950684,3.105381727218628,2.5143654346466064
2015-08-06,4.426059722900391,3.105381727218628,2.4959747791290283
2015-08-07,4.372381210327148,3.1112520694732666,2.506484270095825
2015-08-10,4.294302463531494,2.9997165203094482,2.480210304260254
2015-08-11,4.157666206359863,2.9644947052001953,2.45919132232666
2015-08-12,4.103986740112305,2.8999218940734863,2.421931028366089
2015-08-13,4.196704864501953,2.9821054935455322,2.4352383613586426
2015-08-14,4.0454277992248535,2.917532205581665,2.421931028366089
2015-08-17,3.996629238128662,2.8764400482177734,2.3926548957824707
2015-08-18,4.113746643066406,2.8999218940734863,2.3899941444396973
2015-08-19,4.128386974334717,2.935143232345581,2.387331962585449
2015-08-20,4.196704864501953,2.935143232345581,2.379347562789917
2015-08-21,4.191825866699219,2.905791759490967,2.3553946018218994
2015-08-24,4.060068130493164,2.7120721340179443,2.299504041671753
2015-08-25,4.0551886558532715,2.770775079727173,2.3367650508880615
2015-08-26,4.147905349731445,2.7649052143096924,2.3740251064300537
2015-08-27,4.221104621887207,2.8647000789642334,2.3979780673980713
2015-08-28,4.274783134460449,2.935143232345581,2.3953168392181396
2015-09-01,4.279663562774658,2.841219425201416,2.3953168392181396
2015-09-02,4.108867168426514,2.800126314163208,2.3607177734375
2015-09-03,4.133266448974609,2.905791759490967,2.3607177734375
2015-09-04,4.08446741104126,2.788386583328247,2.3527331352233887
2015-09-07,4.089347839355469,2.770775079727173,2.3660407066345215
2015-09-08,4.186944961547852,2.770775079727173,2.3766865730285645
2015-09-09,4.206464767456055,2.800126314163208,2.4059627056121826
2015-09-10,4.172305583953857,2.8764400482177734,2.3979780673980713
2015-09-11,4.103986740112305,2.805997133255005,2.3633785247802734
2015-09-14,4.152785778045654,2.8764400482177734,2.3953168392181396
2015-09-15,4.182064533233643,2.882310152053833,2.3979780673980713
2015-09-17,4.216224193572998,2.9997165203094482,2.4458844661712646
2015-09-18,4.245503902435303,2.923402786254883,2.4645144939422607
2015-09-21,4.103986740112305,2.8230032920837402,2.4485459327697754
2015-09-22,4.157666206359863,2.787567615509033,2.4112861156463623
2015-09-23,4.103986740112305,2.787567615509033,2.3527331352233887
2015-09-25,4.103986740112305,2.769850492477417,2.3420872688293457
2015-09-28,4.099106788635254,2.734415054321289,2.3261187076568604
2015-09-29,4.0942277908325195,2.67535662651062,2.318134307861328
2015-09-30,4.177185535430908,2.6340155601501465,2.331441879272461
2015-10-01,4.172305583953857,2.651732921600342,2.350071907043457
2015-10-02,4.123507022857666,2.6399214267730713,2.368701934814453
2015-10-05,4.196704864501953,2.651732921600342,2.419269323348999
2015-10-06,4.240623950958252,2.71079158782959,2.421931028366089
2015-10-07,4.250383377075195,2.8938729763031006,2.4299159049987793
2015-10-08,4.275474548339844,2.9056856632232666,2.4458844661712646
2015-10-09,4.315619945526123,2.9293086528778076,2.4485459327697754
2015-10-12,4.270455837249756,2.917497396469116,2.4591917991638184
2015-10-13,4.325655937194824,2.9234023094177246,2.4671759605407715
2015-10-15,4.3206377029418945,2.9529318809509277,2.472498893737793
2015-10-16,4.325655937194824,2.958838701248169,2.4858062267303467
2015-10-19,4.335691452026367,2.988368034362793,2.4884679317474365
2015-10-20,4.3206377029418945,2.887967109680176,2.475160598754883
2015-10-21,4.325655937194824,2.9352142810821533,2.4804837703704834
2015-10-22,4.310600757598877,2.887967109680176,2.4804837703704834
2015-10-23,4.310600757598877,2.8997788429260254,2.4804837703704834
2015-10-26,4.300564765930176,2.8938729763031006,2.475160598754883
2015-10-27,4.290528297424316,2.8761556148529053,2.4485459327697754
2015-10-28,4.250383377075195,2.858438730239868,2.419269323348999
2015-10-29,4.170093059539795,2.769850492477417,2.4059627056121826
2015-10-30,4.145002841949463,2.7226035594940186,2.4059627056121826
2015-11-02,4.150020122528076,2.71079158782959,2.4059627056121826
2015-11-03,4.170093059539795,2.7580392360687256,2.4112861156463623
2015-11-04,4.190165042877197,2.775756597518921,2.419269323348999
2015-11-05,4.205219745635986,2.7816624641418457,2.421931028366089
2015-11-06,4.190165042877197,2.769850492477417,2.4272544384002686
2015-11-09,4.210237979888916,2.7580392360687256,2.419269323348999
2015-11-11,4.124929904937744,2.716697931289673,2.371363639831543
2015-11-12,4.195183753967285,2.704885959625244,2.3899941444396973
2015-11-13,4.165074825286865,2.6871678829193115,2.3979780673980713
2015-11-16,4.165074825286865,2.6930737495422363,2.3899941444396973
2015-11-17,4.134965896606445,2.6989803314208984,2.4086239337921143
2015-11-18,4.129946708679199,2.716697931289673,2.3953168392181396
2015-11-19,4.134965896606445,2.6930737495422363,2.400639295578003
2015-11-20,4.175111293792725,2.6930737495422363,2.4086239337921143
2015-11-23,4.215256690979004,2.716697931289673,2.424592971801758
2015-11-24,4.185146808624268,2.6930737495422363,2.4272544384002686
2015-11-25,4.220274925231934,2.716697931289673,2.4272544384002686
2015-11-26,4.255401134490967,2.657639503479004,2.4299159049987793
2015-11-27,4.2353291511535645,2.6871678829193115,2.4299159049987793
2015-11-30,4.175111293792725,2.657639503479004,2.4458844661712646
2015-12-01,4.240346908569336,2.6871678829193115,2.4458844661712646
2015-12-02,4.220274925231934,2.67535662651062,2.443222999572754
2015-12-03,4.195183753967285,2.6871678829193115,2.440561056137085
2015-12-04,4.200201988220215,2.6635453701019287,2.432577133178711
2015-12-07,4.220274925231934,2.6635453701019287,2.440561056137085
2015-12-08,4.220274925231934,2.6635453701019287,2.4378998279571533
2015-12-09,4.215256690979004,2.6694507598876953,2.4352383613586426
2015-12-10,4.220274925231934,2.6694507598876953,2.4272544384002686
2015-12-11,4.180129528045654,2.622203826904297,2.4272544384002686
2015-12-14,4.139984130859375,2.616297721862793,2.4299159049987793
2015-12-15,4.104857444763184,2.5985803604125977,2.4272544384002686
2015-12-16,4.170093059539795,2.6281094551086426,2.424592971801758
2015-12-17,4.220274925231934,2.716697931289673,2.440561056137085
2015-12-18,4.155037879943848,2.6871678829193115,2.4378998279571533
2015-12-21,4.119911193847656,2.622203826904297,2.4272544384002686
2015-12-22,4.139984130859375,2.6399214267730713,2.432577133178711
2015-12-23,4.165074825286865,2.657639503479004,2.4458844661712646
2015-12-28,4.210237979888916,2.6694507598876953,2.4458844661712646
2015-12-29,4.2353291511535645,2.681262493133545,2.461853265762329
2015-12-30,4.240346908569336,2.6989803314208984,2.4698374271392822
2015-12-31,4.215256690979004,2.681262493133545,2.4645144939422607
2016-01-04,4.114892959594727,2.610391616821289,2.432577133178711
2016-01-05,4.180129528045654,2.610391616821289,2.4378998279571533
2016-01-06,4.180129528045654,2.586768627166748,2.440561056137085
2016-01-07,4.165074825286865,2.5395214557647705,2.440561056137085
2016-01-08,4.185146808624268,2.5336155891418457,2.432577133178711
2016-01-11,4.175111293792725,2.4509336948394775,2.4166088104248047
2016-01-12,4.175111293792725,2.4332163333892822,2.421931028366089
2016-01-13,4.185146808624268,2.42730975151062,2.4272544384002686
2016-01-14,4.190165042877197,2.385969400405884,2.4272544384002686
2016-01-15,4.175111293792725,2.3682515621185303,2.4299159049987793
2016-01-18,4.1600565910339355,2.3564398288726807,2.4139468669891357
2016-01-19,4.180129528045654,2.385969400405884,2.419269323348999
2016-01-20,4.155037879943848,2.3446285724639893,2.4139468669891357
2016-01-21,4.104857444763184,2.3269107341766357,2.3766865730285645
2016-01-22,4.170093059539795,2.4332163333892822,2.421931028366089
2016-01-26,4.1600565910339355,2.385969400405884,2.4139468669891357
2016-01-27,4.185146808624268,2.385969400405884,2.419269323348999
2016-01-28,4.220274925231934,2.4214046001434326,2.4272544384002686
2016-01-29,4.3055830001831055,2.4509336948394775,2.4485459327697754
2016-02-02,4.285510540008545,2.4391214847564697,2.440561056137085
2016-02-03,4.2353291511535645,2.374157428741455,2.4458844661712646
2016-02-04,4.300564765930176,2.4214046001434326,2.4591917991638184
2016-02-05,4.285510540008545,2.4391214847564697,2.4671759605407715
2016-02-08,4.285510540008545,2.4391214847564697,2.4671759605407715
2016-02-09,4.285510540008545,2.4391214847564697,2.4671759605407715
2016-02-10,4.310600757598877,2.415499448776245,2.4591917991638184
2016-02-11,4.285510540008545,2.4450278282165527,2.461853265762329
2016-02-12,4.270455837249756,2.4804627895355225,2.461853265762329
2016-02-15,4.290528297424316,2.5158982276916504,2.4538686275482178
2016-02-16,4.290528297424316,2.610391616821289,2.4538686275482178
2016-02-17,4.2955474853515625,2.5454277992248535,2.4565300941467285
2016-02-18,4.335691452026367,2.5985803604125977,2.472780466079712
2016-02-19,4.330673694610596,2.5454277992248535,2.4781975746154785
2016-02-22,4.330673694610596,2.5395214557647705,2.4863228797912598
2016-02-23,4.335691452026367,2.5690510272979736,2.4917399883270264
2016-02-24,4.330673694610596,2.521803855895996,2.483614206314087
2016-02-25,4.335691452026367,2.5099923610687256,2.4890315532684326
2016-02-26,4.280492305755615,2.6399214267730713,2.4998648166656494
2016-02-29,4.270455837249756,2.6694507598876953,2.502573013305664
2016-03-01,4.335691452026367,2.6989803314208984,2.5079901218414307
2016-03-02,4.390892505645752,2.746227264404297,2.524240732192993
2016-03-03,4.385872840881348,2.657639503479004,2.526949167251587
2016-03-04,4.390892505645752,2.734415054321289,2.545907974243164
2016-03-07,4.431037425994873,2.716697931289673,2.545907974243164
2016-03-08,4.405946254730225,2.704885959625244,2.5323660373687744
2016-03-09,4.3658013343811035,2.6989803314208984,2.5188236236572266
2016-03-10,4.405946254730225,2.734415054321289,2.524240732192993
2016-03-11,4.421000957489014,2.734415054321289,2.516115427017212
2016-03-14,4.415982246398926,2.7285091876983643,2.5215322971343994
2016-03-15,4.380855083465576,2.734415054321289,2.5431997776031494
2016-03-16,4.426018714904785,2.740321159362793,2.5431997776031494
2016-03-17,4.456127166748047,2.83481502532959,2.545907974243164
2016-03-18,4.471182346343994,2.8820624351501465,2.5594494342803955
2016-03-21,4.491255283355713,2.8230032920837402,2.567575454711914
2016-03-22,4.491255283355713,2.8702502250671387,2.5702836513519287
2016-03-23,4.491255283355713,2.8820624351501465,2.545907974243164
2016-03-24,4.491255283355713,2.8941457271575928,2.5431997776031494
2016-03-25,4.461145877838135,2.8397676944732666,2.5079901218414307
2016-03-28,4.4661641120910645,2.821641683578491,2.516115427017212
2016-03-29,4.491255283355713,2.882061719894409,2.53507399559021
2016-03-30,4.501290798187256,2.9122724533081055,2.545907974243164
2016-03-31,4.526382923126221,2.9303982257843018,2.5431997776031494
2016-04-01,4.511327743530273,2.882061719894409,2.5431997776031494
2016-04-04,4.5815815925598145,2.9122724533081055,2.5513246059417725
2016-04-05,4.5163469314575195,2.9303982257843018,2.567575454711914
2016-04-06,4.521364688873291,2.9122724533081055,2.5757009983062744
2016-04-07,4.576563835144043,2.9303982257843018,2.6217432022094727
2016-04-08,4.5815815925598145,2.9122724533081055,2.6000759601593018
2016-04-11,4.576563835144043,2.918313980102539,2.5919506549835205
2016-04-12,4.586599826812744,2.9364402294158936,2.5919506549835205
2016-04-13,4.59161901473999,2.954566240310669,2.5946598052978516
2016-04-14,4.59161901473999,2.9726924896240234,2.6000759601593018
2016-04-15,4.601654529571533,3.0029029846191406,2.6000759601593018
2016-04-18,4.59663724899292,2.9001877307891846,2.5838255882263184
2016-04-19,4.556490898132324,2.9303982257843018,2.5729920864105225
2016-04-20,4.531400203704834,2.9424824714660645,2.5757009983062744
2016-04-21,4.521364688873291,2.9726924896240234,2.586533784866333
2016-04-22,4.541437149047852,2.9666504859924316,2.5919506549835205
2016-04-25,4.521364688873291,2.9001877307891846,2.5892422199249268
2016-04-26,4.501290798187256,2.857893705368042,2.5513246059417725
2016-04-27,4.491255283355713,2.924356698989868,2.5404908657073975
2016-04-28,4.4661641120910645,2.8639352321624756,2.5323660373687744
2016-04-29,4.4812188148498535,2.821641683578491,2.5323660373687744
2016-05-03,4.405946254730225,2.7430946826934814,2.513406753540039
2016-05-04,4.437119960784912,2.8276824951171875,2.5621583461761475
2016-05-05,4.431924819946289,2.815599203109741,2.5404908657073975
2016-05-06,4.504664897918701,2.815599203109741,2.567575454711914
2016-05-09,4.551425933837891,2.8337254524230957,2.581117630004883
2016-05-10,4.572207927703857,2.8337254524230957,2.5702836513519287
2016-05-11,4.598187446594238,2.8276824951171875,2.567575454711914
2016-05-12,4.58259916305542,2.821641683578491,2.5729920864105225
2016-05-13,4.411142349243164,2.658505439758301,2.5784084796905518
2016-05-16,4.390359401702881,2.5980851650238037,2.5729920864105225
2016-05-17,4.431924819946289,2.6101691722869873,2.5946598052978516
2016-05-18,4.4994683265686035,2.6101691722869873,2.5946598052978516
2016-05-19,4.405945777893066,2.6282951831817627,2.586533784866333
2016-05-20,4.3851637840271,2.6403791904449463,2.5946598052978516
2016-05-23,4.400750160217285,2.6464216709136963,2.610909938812256
2016-05-24,4.317619800567627,2.6101691722869873,2.59736704826355
2016-05-25,4.312424182891846,2.6343374252319336,2.6027848720550537
2016-05-26,4.3487935066223145,2.6403791904449463,2.5919506549835205
2016-05-27,4.296836853027344,2.6403791904449463,2.5919506549835205
2016-05-30,4.276054382324219,2.652463674545288,2.5892422199249268
2016-05-31,4.239684581756592,2.652463674545288,2.5892422199249268
2016-06-01,4.276054382324219,2.658505439758301,2.5621583461761475
2016-06-02,4.296836853027344,2.688715696334839,2.5784084796905518
2016-06-03,4.296836853027344,2.7128841876983643,2.5892422199249268
2016-06-06,4.374772071838379,2.7128841876983643,2.586533784866333
2016-06-07,4.359185218811035,2.724968910217285,2.5892422199249268
2016-06-08,4.296836853027344,2.7430946826934814,2.5919506549835205
2016-06-09,4.286445617675781,2.737053155899048,2.5784084796905518
2016-06-10,4.260466575622559,2.7068419456481934,2.5784084796905518
2016-06-13,4.239684581756592,2.658505439758301,2.5784084796905518
2016-06-14,4.156552791595459,2.6343374252319336,2.59736704826355
2016-06-15,4.224097728729248,2.622253179550171,2.5919506549835205
2016-06-16,4.172140121459961,2.5376641750335693,2.5919506549835205
2016-06-17,4.203314304351807,2.561832904815674,2.5919506549835205
2016-06-20,4.260466575622559,2.6101691722869873,2.5946598052978516
2016-06-21,4.270858287811279,2.5980851650238037,2.60549259185791
2016-06-23,4.260466575622559,2.622253179550171,2.608201742172241
2016-06-24,4.260466575622559,2.5678751468658447,2.6000759601593018
2016-06-27,4.250075340270996,2.555790424346924,2.610909938812256
2016-06-28,4.2552714347839355,2.586001396179199,2.59736704826355
2016-06-29,4.21890115737915,2.586001396179199,2.6136183738708496
2016-06-30,4.229292392730713,2.6343374252319336,2.6271603107452393
2016-07-01,4.260466575622559,2.6282951831817627,2.6271603107452393
2016-07-04,4.276054382324219,2.658505439758301,2.6244518756866455
2016-07-05,4.260466575622559,2.6282951831817627,2.6244518756866455
2016-07-06,4.260466575622559,2.6282951831817627,2.6244518756866455
2016-07-07,4.260466575622559,2.6282951831817627,2.6244518756866455
2016-07-08,4.260466575622559,2.652463674545288,2.619035005569458
2016-07-11,4.2552714347839355,2.658505439758301,2.619035005569458
2016-07-12,4.260466575622559,2.6464216709136963,2.6217432022094727
2016-07-13,4.21890115737915,2.6101691722869873,2.6271603107452393
2016-07-14,4.16694450378418,2.586001396179199,2.6325771808624268
2016-07-15,4.244880199432373,2.5739173889160156,2.629868507385254
2016-07-18,4.229292392730713,2.5920426845550537,2.6271603107452393
2016-07-19,4.239684581756592,2.586001396179199,2.6461191177368164
2016-07-20,4.21890115737915,2.561832904815674,2.64882755279541
2016-07-21,4.16694450378418,2.5376641750335693,2.6352856159210205
2016-07-22,4.1773362159729,2.5255801677703857,2.6136183738708496
2016-07-25,4.208510875701904,2.561832904815674,2.6244518756866455
2016-07-26,4.203314304351807,2.5255801677703857,2.640702724456787
2016-07-27,4.172140121459961,2.5920426845550537,2.6542446613311768
2016-07-28,4.16694450378418,2.5920426845550537,2.6461191177368164
2016-07-29,4.16694450378418,2.652463674545288,2.629868507385254
2016-08-01,4.172140121459961,2.694758176803589,2.6650781631469727
2016-08-02,4.161748886108398,2.688715696334839,2.6759111881256104
2016-08-03,4.109791278839111,2.6343374252319336,2.651535749435425
2016-08-04,4.12018346786499,2.658505439758301,2.6542446613311768
2016-08-05,4.156552791595459,2.68278431892395,2.651535749435425
2016-08-08,4.135770320892334,2.743480920791626,2.659661293029785
2016-08-09,4.151357173919678,2.73134183883667,2.6569526195526123
2016-08-10,4.130574703216553,2.725271701812744,2.6844005584716797
2016-08-11,4.156552791595459,2.7920379638671875,2.698124647140503
2016-08-12,4.156552791595459,2.8041770458221436,2.703613519668579
2016-08-15,4.140965938568115,2.828455686569214,2.711848258972168
2016-08-16,4.172140121459961,2.883082628250122,2.7173378467559814
2016-08-17,4.161748886108398,2.8770127296447754,2.722827672958374
2016-08-18,4.156552791595459,2.870943546295166,2.7283174991607666
2016-08-19,4.156552791595459,2.8345258235931396,2.7200827598571777
2016-08-22,4.151357173919678,2.8527345657348633,2.7173378467559814
2016-08-23,4.151357173919678,2.8466646671295166,2.7173378467559814
2016-08-24,4.151357173919678,2.8405942916870117,2.711848258972168
2016-08-25,4.10459566116333,2.8466646671295166,2.70910382270813
2016-08-26,4.156552791595459,2.8527345657348633,2.703613519668579
2016-08-29,4.12537956237793,2.4764161109924316,2.711848258972168
2016-08-30,4.130574703216553,2.8952219486236572,2.7173378467559814
2016-09-01,4.026660919189453,2.889152765274048,2.711848258972168
2016-09-02,4.026660919189453,2.8952219486236572,2.731062173843384
2016-09-05,4.099400043487549,2.8770127296447754,2.722827672958374
2016-09-06,4.089009761810303,2.9316396713256836,2.731062173843384
2016-09-07,4.10459566116333,2.9741270542144775,2.7338075637817383
2016-09-08,4.130574703216553,2.986266613006592,2.7283174991607666
2016-09-09,4.130574703216553,2.9741270542144775,2.7173378467559814
2016-09-13,4.12537956237793,2.8770127296447754,2.7173378467559814
2016-09-14,4.099400043487549,2.8527345657348633,2.6706769466400146
2016-09-15,4.073421955108643,2.8163161277770996,2.676166534423828
2016-09-19,4.068227291107178,2.8223865032196045,2.6734211444854736
2016-09-20,4.052639484405518,2.8223865032196045,2.6844005584716797
2016-09-21,4.031856536865234,2.8405942916870117,2.676166534423828
2016-09-22,4.052639484405518,2.8527345657348633,2.687145471572876
2016-09-23,4.089966297149658,2.8588037490844727,2.70910382270813
2016-09-26,4.100631237030029,2.9134304523468018,2.7420413494110107
2016-09-27,4.047307014465332,2.9442930221557617,2.736551284790039
2016-09-28,4.009980201721191,2.975156545639038,2.736551284790039
2016-09-29,4.063304424285889,2.975156545639038,2.7283174991607666
2016-09-30,3.999315023422241,2.9072585105895996,2.7200827598571777
2016-10-04,4.041975021362305,2.9381210803985596,2.7283174991607666
2016-10-05,4.079300880432129,2.9566383361816406,2.7338075637817383
2016-10-06,4.105963230133057,2.9566383361816406,2.7392966747283936
2016-10-07,4.068636417388916,2.962810754776001,2.7283174991607666
2016-10-10,4.105963230133057,2.9257755279541016,2.7145931720733643
2016-10-11,4.105963230133057,2.9566383361816406,2.7145931720733643
2016-10-12,4.0846333503723145,2.9689829349517822,2.711848258972168
2016-10-13,4.068636417388916,2.975156545639038,2.70910382270813
2016-10-14,4.057971954345703,2.93194842338562,2.7063591480255127
2016-10-17,4.052639484405518,2.9442930221557617,2.703613519668579
2016-10-18,4.1112961769104,2.987501382827759,2.711848258972168
2016-10-19,4.105963230133057,3.0060184001922607,2.7173378467559814
2016-10-20,4.052639484405518,3.0430538654327393,2.7173378467559814
2016-10-21,4.100631237030029,3.1109511852264404,2.7173378467559814
2016-10-24,4.121960639953613,3.135641574859619,2.7200827598571777
2016-10-25,4.212611198425293,3.135641574859619,2.7145931720733643
2016-10-26,4.223276615142822,3.0924344062805176,2.7173378467559814
2016-10-27,4.15395450592041,3.086261510848999,2.711848258972168
2016-10-28,4.175283908843994,3.1047792434692383,2.722827672958374
2016-10-31,4.212611198425293,3.1047792434692383,2.725571632385254
2016-11-01,4.191282272338867,3.073916435241699,2.744785785675049
2016-11-02,4.164620399475098,3.0121915340423584,2.725571632385254
2016-11-03,4.148622989654541,2.9381210803985596,2.722827672958374
2016-11-04,4.089966297149658,2.9442930221557617,2.7173378467559814
2016-11-07,4.175283908843994,2.93194842338562,2.7145931720733643
2016-11-08,4.239274024963379,2.9998464584350586,2.7173378467559814
2016-11-09,4.196613788604736,2.962810754776001,2.700869560241699
2016-11-10,4.244606018066406,3.0677437782287598,2.7145931720733643
2016-11-11,4.159287452697754,2.987501382827759,2.6953799724578857
2016-11-14,4.089966297149658,2.9442930221557617,2.678910732269287
2016-11-15,4.148622989654541,2.9566383361816406,2.703613519668579
2016-11-16,4.0846333503723145,2.9566383361816406,2.698124647140503
2016-11-17,4.132625579833984,2.9010860919952393,2.6844005584716797
2016-11-18,4.095298767089844,2.8640503883361816,2.678910732269287
2016-11-21,4.148622989654541,2.8949134349823,2.6816558837890625
2016-11-22,4.100631237030029,2.8763957023620605,2.6816558837890625
2016-11-23,4.095298767089844,2.839360475540161,2.6844005584716797
2016-11-24,4.105963230133057,2.8640503883361816,2.6844005584716797
2016-11-25,4.159287452697754,2.8763957023620605,2.676166534423828
2016-11-28,4.132625579833984,2.8763957023620605,2.6816558837890625
2016-11-29,4.207279682159424,2.8517050743103027,2.687145471572876
2016-11-30,4.1432905197143555,2.820842742919922,2.687145471572876
2016-12-01,4.15395450592041,2.882568120956421,2.6953799724578857
2016-12-02,4.18595027923584,2.882568120956421,2.6953799724578857
2016-12-05,4.180616855621338,2.857877492904663,2.678910732269287
2016-12-06,4.20194673538208,2.8640503883361816,2.6926350593566895
2016-12-07,4.207279682159424,2.8640503883361816,2.6953799724578857
2016-12-08,4.212611198425293,2.8640503883361816,2.6926350593566895
2016-12-09,4.217944145202637,2.8702235221862793,2.6926350593566895
2016-12-13,4.23394250869751,2.8763957023620605,2.703613519668579
2016-12-14,4.239274024963379,2.8702235221862793,2.700869560241699
2016-12-15,4.223276615142822,2.8517050743103027,2.698124647140503
2016-12-16,4.23394250869751,2.839360475540161,2.7173378467559814
2016-12-19,4.223276615142822,2.839360475540161,2.70910382270813
2016-12-20,4.217944145202637,2.839360475540161,2.7063591480255127
2016-12-21,4.196613788604736,2.8023252487182617,2.70910382270813
2016-12-22,4.13795804977417,2.820842742919922,2.700869560241699
2016-12-23,4.127293109893799,2.8270158767700195,2.700869560241699
2016-12-27,4.132625579833984,2.8270158767700195,2.700869560241699
2016-12-28,4.239274024963379,2.8146703243255615,2.700869560241699
2016-12-29,4.2552714347839355,2.8146703243255615,2.700869560241699
2016-12-30,4.372584819793701,2.7838079929351807,2.7063591480255127
2017-01-02,4.372584819793701,2.7838079929351807,2.7063591480255127
2017-01-03,4.27126932144165,2.8023252487182617,2.711848258972168
2017-01-04,4.308595657348633,2.839360475540161,2.7200827598571777
2017-01-05,4.367250919342041,2.8763957023620605,2.725571632385254
2017-01-06,4.399246692657471,2.9257755279541016,2.744785785675049
2017-01-09,4.4045796394348145,2.9381210803985596,2.744785785675049
2017-01-10,4.415243148803711,2.962810754776001,2.747530937194824
2017-01-11,4.425909042358398,2.975156545639038,2.7530205249786377
2017-01-12,4.431241035461426,2.9998464584350586,2.7530205249786377
2017-01-13,4.4365739822387695,2.975156545639038,2.7557647228240967
2017-01-16,4.292598247528076,2.9134299755096436,2.747530937194824
2017-01-17,4.356586933135986,2.9257755279541016,2.7530205249786377
2017-01-18,4.3779168128967285,2.975156545639038,2.7557647228240967
2017-01-19,4.399246692657471,2.975156545639038,2.758509874343872
2017-01-20,4.409911632537842,2.987501382827759,2.758509874343872
2017-01-23,4.415243148803711,3.0121915340423584,2.766744375228882
2017-01-24,4.4365739822387695,3.036881446838379,2.766744375228882
2017-01-25,4.441905975341797,3.0615713596343994,2.7722342014312744
2017-01-26,4.4365739822387695,3.098606824874878,2.7832133769989014
2017-01-27,4.399246692657471,3.086261510848999,2.7749783992767334
2017-01-31,4.383249282836914,3.0677437782287598,2.758509874343872
2017-02-02,4.335257530212402,3.055398941040039,2.7639989852905273
2017-02-03,4.372584819793701,3.0677437782287598,2.7722342014312744
2017-02-06,4.383249282836914,3.0677437782287598,2.769488573074341
2017-02-07,4.356586933135986,3.0677437782287598,2.7722342014312744
2017-02-08,4.372584819793701,3.086261510848999,2.7420413494110107
2017-02-10,4.425909042358398,3.135641574859619,2.758509874343872
2017-02-13,4.452571392059326,3.1911940574645996,2.7749783992767334
2017-02-14,4.4365739822387695,3.1911940574645996,2.7749783992767334
2017-02-15,4.463235378265381,3.1911940574645996,2.7749783992767334
2017-02-16,4.4792327880859375,3.1418142318725586,2.8000783920288086
2017-02-17,4.511227130889893,3.135641574859619,2.7889230251312256
2017-02-20,4.489897727966309,3.1418142318725586,2.7945008277893066
2017-02-21,4.4792327880859375,3.135641574859619,2.7945008277893066
2017-02-22,4.489897727966309,3.135641574859619,2.7945008277893066
2017-02-23,4.4792327880859375,3.1418142318725586,2.7917122840881348
2017-02-24,4.585880756378174,3.135641574859619,2.7917122840881348
2017-02-27,4.596546173095703,3.0492265224456787,2.7805562019348145
2017-02-28,4.585880756378174,3.0677437782287598,2.7833454608917236
2017-03-01,4.596546173095703,3.1418142318725586,2.7805562019348145
2017-03-02,4.665868282318115,3.209712028503418,2.7861342430114746
2017-03-03,4.655202388763428,3.2220568656921387,2.7721900939941406
2017-03-06,4.703194618225098,3.370197057723999,2.7805562019348145
2017-03-07,4.692529678344727,3.3640248775482178,2.7805562019348145
2017-03-08,4.708527565002441,3.3146443367004395,2.777768135070801
2017-03-09,4.655202388763428,3.3208181858062744,2.761033773422241
2017-03-10,4.67653226852417,3.3146443367004395,2.761033773422241
2017-03-13,4.692529678344727,3.333163022994995,2.769400119781494
2017-03-14,4.7191925048828125,3.345507860183716,2.7666120529174805
2017-03-15,4.665868282318115,3.3084723949432373,2.769400119781494
2017-03-16,4.7191925048828125,3.4504401683807373,2.7721900939941406
2017-03-17,4.745854377746582,3.4874753952026367,2.81402325630188
2017-03-20,4.745854377746582,3.4874753952026367,2.8084452152252197
2017-03-21,4.799178600311279,3.4874753952026367,2.8000783920288086
2017-03-22,4.767183303833008,3.456613063812256,2.7833454608917236
2017-03-23,4.799178600311279,3.456613063812256,2.7833454608917236
2017-03-24,4.793846130371094,3.4689579010009766,2.7833454608917236
2017-03-27,4.7831807136535645,3.4689579010009766,2.777768135070801
2017-03-28,4.799178600311279,3.506800889968872,2.777768135070801
2017-03-29,4.7831807136535645,3.5194149017333984,2.7805562019348145
2017-03-30,4.756519794464111,3.538336992263794,2.7805562019348145
2017-03-31,4.756519794464111,3.513108253479004,2.7749788761138916
2017-04-03,4.799178600311279,3.525721311569214,2.7833454608917236
2017-04-04,4.799178600311279,3.513108253479004,2.7833454608917236
2017-04-05,4.772515296936035,3.506800889968872,2.7805562019348145
2017-04-06,4.767183303833008,3.4626505374908447,2.777768135070801
2017-04-07,4.799178600311279,3.443728446960449,2.7889230251312256
2017-04-10,4.793846130371094,3.4500362873077393,2.7861342430114746
2017-04-11,4.788512229919434,3.443728446960449,2.7861342430114746
2017-04-12,4.788512229919434,3.4500362873077393,2.7833454608917236
2017-04-13,4.777848243713379,3.3932719230651855,2.7805562019348145
2017-04-14,4.772515296936035,3.3932719230651855,2.7749788761138916
2017-04-17,4.809844017028809,3.4374215602874756,2.777768135070801
2017-04-18,4.820508003234863,3.4563443660736084,2.777768135070801
2017-04-19,4.825840473175049,3.4563443660736084,2.777768135070801
2017-04-20,4.841837406158447,3.4689574241638184,2.777768135070801
2017-04-21,5.012474536895752,3.538336992263794,2.7833454608917236
2017-04-24,4.953817844390869,3.5509517192840576,2.777768135070801
2017-04-25,4.99647855758667,3.6266374588012695,2.7833454608917236
2017-04-26,5.055134296417236,3.6266374588012695,2.7833454608917236
2017-04-27,5.087129592895508,3.6266374588012695,2.7833454608917236
2017-04-28,5.108458042144775,3.6203300952911377,2.7833454608917236
2017-05-02,5.119123935699463,3.7086310386657715,2.822390079498291
2017-05-03,5.113790988922119,3.6644811630249023,2.8084452152252197
2017-05-04,5.021010875701904,3.6518666744232178,2.7861342430114746
2017-05-05,5.075586795806885,3.6644811630249023,2.7889230251312256
2017-05-08,5.124705791473389,3.677095413208008,2.7889230251312256
2017-05-09,5.108332633972168,3.6897099018096924,2.7861342430114746
2017-05-11,5.081046104431152,3.727552652359009,2.7833454608917236
2017-05-12,5.119248867034912,3.7527806758880615,2.7861342430114746
2017-05-15,5.119248867034912,3.7464747428894043,2.7861342430114746
2017-05-16,5.102877140045166,3.7653968334198,2.811234712600708
2017-05-17,5.09741735458374,3.7527806758880615,2.7945008277893066
2017-05-18,5.086502552032471,3.7464747428894043,2.7917122840881348
2017-05-19,5.102877140045166,3.759089708328247,2.7889230251312256
2017-05-22,5.102877140045166,3.7527806758880615,2.802867889404297
2017-05-23,5.102877140045166,3.778010606765747,2.8084452152252197
2017-05-24,5.108332633972168,3.8663103580474854,2.8000783920288086
2017-05-25,5.124705791473389,3.9861488342285156,2.8000783920288086
2017-05-26,5.130163669586182,4.005069255828857,2.8000783920288086
2017-05-29,5.130163669586182,3.9987616539001465,2.7917122840881348
2017-05-31,5.151994705200195,4.0366058349609375,2.797290325164795
2017-06-01,5.141078948974609,4.099677085876465,2.7945008277893066
2017-06-02,5.201112270355225,4.169056415557861,2.805656909942627
2017-06-05,5.233858585357666,4.257357597351074,2.8307573795318604
2017-06-06,5.228400707244873,4.251049995422363,2.8307573795318604
2017-06-07,5.212028980255127,4.232129096984863,2.811234712600708
2017-06-08,5.222944259643555,4.206899642944336,2.833545684814453
2017-06-09,5.222944259643555,4.181671142578125,2.8419127464294434
2017-06-13,5.222944259643555,4.169056415557861,2.8419127464294434
2017-06-14,5.2447733879089355,4.244741916656494,2.8447015285491943
2017-06-15,5.2611470222473145,4.263664245605469,2.8419127464294434
2017-06-16,5.255688190460205,4.244741916656494,2.8447015285491943
2017-06-19,5.255688190460205,4.206899642944336,2.8363351821899414
2017-06-20,5.2611470222473145,4.1879777908325195,2.833545684814453
2017-06-21,5.233858585357666,4.1942853927612305,2.8419127464294434
2017-06-22,5.228400707244873,4.1942853927612305,2.8419127464294434
2017-06-23,5.239317417144775,4.2132062911987305,2.8419127464294434
2017-06-26,5.239317417144775,4.200592041015625,2.8419127464294434
2017-06-27,5.233858585357666,4.200592041015625,2.8419127464294434
2017-06-28,5.255688190460205,4.2132062911987305,2.8251793384552
2017-06-29,5.255688190460205,4.1879777908325195,2.8307573795318604
2017-06-30,5.255688190460205,4.150135517120361,2.833545684814453
2017-07-03,5.2611470222473145,4.112292289733887,2.833545684814453
2017-07-04,5.266603946685791,4.105984687805176,2.8307573795318604
2017-07-05,5.272061824798584,4.105984687805176,2.8363351821899414
2017-07-06,5.266603946685791,4.16274881362915,2.833545684814453
2017-07-07,5.255688190460205,4.131213665008545,2.8279685974121094
2017-07-10,5.2502312660217285,4.118598937988281,2.833545684814453
2017-07-11,5.255688190460205,4.030298709869385,2.833545684814453
2017-07-12,5.255688190460205,3.979841470718384,2.8363351821899414
2017-07-13,5.2447733879089355,3.9987616539001465,2.8391239643096924
2017-07-14,5.2502312660217285,3.9987616539001465,2.8391239643096924
2017-07-17,5.2447733879089355,3.960918664932251,2.8391239643096924
2017-07-18,5.239317417144775,3.9924559593200684,2.8391239643096924
2017-07-19,5.2611470222473145,4.049219608306885,2.8391239643096924
2017-07-20,5.2502312660217285,3.979841470718384,2.8391239643096924
2017-07-21,5.255688190460205,4.005069255828857,2.8391239643096924
2017-07-24,5.255688190460205,3.9987616539001465,2.8419127464294434
2017-07-25,5.2502312660217285,4.005069255828857,2.8474907875061035
2017-07-26,5.255688190460205,4.0366058349609375,2.8586463928222656
2017-07-27,5.2611470222473145,4.156442642211914,2.8586463928222656
2017-07-28,5.2611470222473145,4.1879777908325195,2.8642241954803467
2017-07-31,5.206571102142334,4.131213665008545,2.8279685974121094
2017-08-01,5.266603946685791,4.105984687805176,2.8725903034210205
2017-08-02,5.266603946685791,4.1375203132629395,2.8781681060791016
2017-08-03,5.2611470222473145,4.16274881362915,2.8725903034210205
2017-08-04,5.266603946685791,4.175363540649414,2.894902229309082
2017-08-07,5.2938923835754395,4.2132062911987305,2.9189205169677734
2017-08-08,5.348470687866211,4.263664245605469,2.91326904296875
2017-08-09,5.359383583068848,4.263664245605469,2.91326904296875
2017-08-10,5.337552547454834,4.276279449462891,2.91044282913208
2017-08-11,5.2884345054626465,4.288893699645996,2.9076180458068848
2017-08-14,5.2884345054626465,4.276279449462891,2.9076180458068848
2017-08-15,5.2884345054626465,4.276279449462891,2.9076180458068848
2017-08-16,5.2884345054626465,4.269970893859863,2.9076180458068848
2017-08-17,5.2938923835754395,4.269970893859863,2.904792308807373
2017-08-18,5.272061824798584,4.269970893859863,2.9076180458068848
2017-08-21,5.239317417144775,4.257357597351074,2.9076180458068848
2017-08-22,5.2447733879089355,4.257357597351074,2.9076180458068848
2017-08-23,5.228400707244873,4.251049995422363,2.904792308807373
2017-08-24,5.222944259643555,4.238436222076416,2.904792308807373
2017-08-25,5.217484951019287,4.238436222076416,2.9076180458068848
2017-08-28,5.239317417144775,4.276279449462891,2.9076180458068848
2017-08-29,5.162909507751465,4.225821018218994,2.9076180458068848
2017-08-30,5.162909507751465,4.465496063232422,2.91044282913208
2017-08-31,5.162909507751465,4.465496063232422,2.91044282913208
2017-09-01,5.162909507751465,4.465496063232422,2.91044282913208
2017-09-04,,4.465496063232422,2.91044282913208
2017-09-05,5.141078948974609,4.263664245605469,2.91044282913208
2017-09-06,5.168367385864258,4.257357597351074,2.91044282913208
2017-09-07,5.179282188415527,4.35827112197876,2.9076180458068848
2017-09-08,5.239317417144775,4.263664245605469,2.91044282913208
2017-09-11,5.2502312660217285,4.269970893859863,2.91044282913208
2017-09-12,5.2938923835754395,4.288893699645996,2.91326904296875
2017-09-13,5.2938923835754395,4.238436222076416,2.9076180458068848
2017-09-14,5.304806709289551,4.244741916656494,2.9076180458068848
2017-09-15,5.2938923835754395,4.257357597351074,2.9019665718078613
2017-09-18,5.348470687866211,4.219513416290283,2.9076180458068848
2017-09-19,5.353926181793213,4.074449062347412,2.91044282913208
2017-09-20,5.37575626373291,3.979841470718384,2.91044282913208
2017-09-21,5.37575626373291,4.005069255828857,2.9076180458068848
2017-09-22,5.37575626373291,4.005069255828857,2.9076180458068848
2017-09-25,5.337552547454834,3.979841470718384,2.91044282913208
2017-09-26,5.348470687866211,3.9987616539001465,2.904792308807373
2017-09-27,5.359383583068848,3.973533868789673,2.9076180458068848
2017-09-28,5.348470687866211,3.9546115398406982,2.9076180458068848
2017-09-29,5.326112747192383,3.973533868789673,2.8878376483917236
2017-10-02,5.337291717529297,3.9987616539001465,2.9076180458068848
2017-10-03,5.342879295349121,4.011375904083252,2.91044282913208
2017-10-04,5.337291717529297,4.042912483215332,2.9076180458068848
2017-10-05,5.331702709197998,4.0366058349609375,2.904792308807373
2017-10-06,5.331702709197998,4.042912483215332,2.904792308807373
2017-10-09,5.337291717529297,4.049219608306885,2.904792308807373
2017-10-10,5.331702709197998,4.042782306671143,2.904792308807373
2017-10-11,5.337291717529297,4.049220085144043,2.904792308807373
2017-10-12,5.326112747192383,4.049220085144043,2.904792308807373
2017-10-13,5.314937114715576,4.068533420562744,2.896315097808838
2017-10-16,5.286992073059082,4.017032623291016,2.8906641006469727
2017-10-17,5.264636993408203,3.959095001220703,2.8906641006469727
2017-10-18,5.264636993408203,3.959095001220703,2.8906641006469727
2017-10-19,5.2255167961120605,3.9784061908721924,2.8934900760650635
2017-10-20,5.191982269287109,3.98484468460083,2.8906641006469727
2017-10-23,5.164038181304932,3.9784061908721924,2.8906641006469727
2017-10-24,5.169628143310547,3.9333441257476807,2.8878376483917236
2017-10-25,5.164038181304932,3.9269068241119385,2.8906641006469727
2017-10-26,5.164038181304932,3.894718647003174,2.8934900760650635
2017-10-27,5.158449172973633,3.9075942039489746,2.8934900760650635
2017-10-30,5.164038181304932,3.9269068241119385,2.896315097808838
2017-10-31,5.169628143310547,3.952655553817749,2.8906641006469727
2017-11-01,5.141683101654053,3.952655553817749,2.8878376483917236
2017-11-02,5.169628143310547,3.965532064437866,2.8878376483917236
2017-11-03,5.164038181304932,3.9977197647094727,2.8906641006469727
2017-11-06,5.169628143310547,3.9977197647094727,2.8934900760650635
2017-11-07,5.169628143310547,4.023469924926758,2.8934900760650635
2017-11-08,5.113739013671875,3.9784061908721924,2.8906641006469727
2017-11-09,5.11932897567749,3.9977197647094727,2.8906641006469727
2017-11-10,5.13050651550293,3.9784061908721924,2.8906641006469727
2017-11-13,5.11932897567749,3.946218967437744,2.8906641006469727
2017-11-14,5.219925880432129,3.920469045639038,2.8906641006469727
2017-11-15,5.147271633148193,3.8625309467315674,2.88501238822937
2017-11-16,5.147271633148193,3.811030626296997,2.8878376483917236
2017-11-17,5.152861595153809,3.8625309467315674,2.8793609142303467
2017-11-20,5.147271633148193,3.849655866622925,2.8708839416503906
2017-11-21,5.147271633148193,3.8303425312042236,2.8708839416503906
2017-11-22,5.147271633148193,3.8303425312042236,2.876535177230835
2017-11-23,5.147271633148193,3.849655866622925,2.8708839416503906
2017-11-24,5.113739013671875,3.849655866622925,2.8708839416503906
2017-11-27,5.141683101654053,3.8432185649871826,2.868058443069458
2017-11-28,5.141683101654053,3.8174679279327393,2.8652329444885254
2017-11-29,5.141683101654053,3.8239059448242188,2.8624072074890137
2017-11-30,5.169628143310547,3.894718647003174,2.8115453720092773
2017-12-01,5.169628143310547,3.894718647003174,2.8115453720092773
2017-12-04,5.169628143310547,3.8303425312042236,2.8256731033325195
2017-12-05,5.242281913757324,3.8432185649871826,2.8256731033325195
2017-12-06,5.1752166748046875,3.8432185649871826,2.8284995555877686
2017-12-07,5.180804252624512,3.8432185649871826,2.820021867752075
2017-12-08,5.180804252624512,3.8367817401885986,2.8284995555877686
2017-12-11,5.169628143310547,3.8303425312042236,2.8284995555877686
2017-12-12,5.169628143310547,3.9784061908721924,2.853930711746216
2017-12-13,5.169628143310547,3.9784061908721924,2.876535177230835
2017-12-14,5.303758144378662,4.100719451904297,2.9387004375457764
2017-12-15,5.331702709197998,4.062094211578369,2.933048725128174
2017-12-18,5.309347152709961,4.049220085144043,2.9245717525482178
2017-12-19,5.303758144378662,4.023469924926758,2.896315097808838
2017-12-20,5.309347152709961,4.171533107757568,2.9273979663848877
2017-12-21,5.298170566558838,4.216596603393555,2.921746253967285
2017-12-22,5.298170566558838,4.177971839904785,2.9245717525482178
2017-12-25,5.298170566558838,4.177971839904785,2.9245717525482178
2017-12-26,5.292581081390381,4.171533107757568,2.9245717525482178
2017-12-27,5.337291717529297,4.184407711029053,2.9245717525482178
2017-12-28,5.342879295349121,4.210158824920654,2.941526174545288
2017-12-29,5.477012634277344,4.210158824920654,2.9358749389648438
2018-01-02,5.398767471313477,4.184407711029053,2.933048725128174
2018-01-03,5.465832233428955,4.203721046447754,2.933048725128174
2018-01-04,5.477012634277344,4.216596603393555,2.9302239418029785
2018-01-05,5.477012634277344,4.313158988952637,2.9358749389648438
2018-01-08,5.5049543380737305,4.390409469604492,2.941526174545288
2018-01-09,5.493777275085449,4.345347881317139,2.941526174545288
2018-01-10,5.499366283416748,4.33890962600708,2.9443519115448
2018-01-11,5.499366283416748,4.345347881317139,2.9471774101257324
2018-01-12,5.5049543380737305,4.364660739898682,2.950002431869507
2018-01-15,5.5049543380737305,4.371097087860107,2.950002431869507
2018-01-16,5.5049543380737305,4.371097087860107,2.950002431869507
2018-01-17,5.5217204093933105,4.358222484588623,2.950002431869507
2018-01-18,5.5105438232421875,4.377535343170166,2.950002431869507
2018-01-19,5.5161309242248535,4.396847724914551,2.9528286457061768
2018-01-22,5.5161309242248535,4.43547248840332,2.9613053798675537
2018-01-23,5.527310848236084,4.4419097900390625,2.9613053798675537
2018-01-24,5.538486957550049,4.474098205566406,2.9613053798675537
2018-01-25,5.5887861251831055,4.519161224365234,2.995213270187378
2018-01-26,5.633496284484863,4.544911861419678,3.009342670440674
2018-01-29,5.700561046600342,4.609287261962891,3.0941123962402344
2018-01-30,5.644675254821777,4.667224407196045,3.105414867401123
2018-02-02,5.644675254821777,4.667224407196045,3.1082406044006348
2018-02-05,5.5999650955200195,4.564223766326904,3.105414867401123
2018-02-06,5.5887861251831055,4.422597885131836,3.034773588180542
2018-02-07,5.622320175170898,4.5577874183654785,3.0997633934020996
2018-02-08,5.633496284484863,4.570661544799805,3.105414867401123
2018-02-09,5.5999650955200195,4.416160583496094,3.079983949661255
2018-02-12,5.622320175170898,4.4419097900390625,3.0997633934020996
2018-02-13,5.644675254821777,4.4419097900390625,3.1110663414001465
2018-02-14,5.6558518409729,4.48053503036499,3.1138916015625
2018-02-15,5.644675254821777,4.512723922729492,3.085635185241699
2018-02-16,5.644675254821777,4.512723922729492,3.085635185241699
2018-02-19,5.667029857635498,4.564223766326904,3.105414867401123
2018-02-20,5.667029857635498,4.583536624908447,3.1195433139801025
2018-02-21,5.689384937286377,4.5899739265441895,3.128021001815796
2018-02-22,5.700561046600342,4.5899739265441895,3.147799491882324
2018-02-23,5.734094619750977,4.628599166870117,3.2212681770324707
2018-02-26,5.812337875366211,4.635037899017334,3.2353954315185547
2018-02-27,5.845870018005371,4.6929755210876465,3.2495248317718506
2018-02-28,5.845870018005371,4.628599166870117,3.2495248317718506
2018-03-01,5.83469295501709,4.680100440979004,3.2495248317718506
2018-03-02,5.845870018005371,4.680100440979004,3.2466986179351807
2018-03-05,5.823514461517334,4.635037899017334,3.2353954315185547
2018-03-06,5.868226051330566,4.635037899017334,3.2495248317718506
2018-03-07,5.857048034667969,4.602849006652832,3.241046667098999
2018-03-08,5.845870018005371,4.5899739265441895,3.2495248317718506
2018-03-09,5.83469295501709,4.602849006652832,3.2495248317718506
2018-03-12,5.83469295501709,4.680100440979004,3.2495248317718506
2018-03-13,5.83469295501709,4.667224407196045,3.298281669616699
2018-03-14,5.83469295501709,4.660787105560303,3.298281669616699
2018-03-15,5.789982795715332,4.647912502288818,3.298281669616699
2018-03-16,5.767626762390137,4.647912502288818,3.301149368286133
2018-03-19,5.767626762390137,4.673662185668945,3.315490484237671
2018-03-20,5.778805732727051,4.635037899017334,3.3728511333465576
2018-03-21,5.745273590087891,4.699412822723389,3.3957958221435547
2018-03-22,5.890580654144287,4.6929755210876465,3.4474213123321533
2018-03-23,5.868226051330566,4.641474723815918,3.441685199737549
2018-03-26,5.879403114318848,4.635037899017334,3.430213212966919
2018-03-27,5.879403114318848,4.660787105560303,3.438817262649536
2018-03-28,5.868226051330566,4.693517208099365,3.4359490871429443
2018-03-29,5.879403114318848,4.686971664428711,3.441685199737549
2018-03-30,5.924115180969238,4.70660924911499,3.441685199737549
2018-04-02,5.879403114318848,4.713156223297119,3.427345037460327
2018-04-03,5.879403114318848,4.713156223297119,3.4359490871429443
2018-04-04,5.778805732727051,4.516773223876953,3.427345037460327
2018-04-05,5.857048034667969,4.588780879974365,3.4330811500549316
2018-04-06,5.857048034667969,4.621511459350586,3.4330811500549316
2018-04-09,5.845870018005371,4.595326900482178,3.4330811500549316
2018-04-10,5.857048034667969,4.608419418334961,3.4359490871429443
2018-04-11,5.924115180969238,4.713156223297119,3.4359490871429443
2018-04-12,5.890580654144287,4.713156223297119,3.4474213123321533
2018-04-13,5.890580654144287,4.719701766967773,3.438817262649536
2018-04-16,5.924115180969238,4.739339351654053,3.4474213123321533
2018-04-17,5.935290813446045,4.778616428375244,3.438817262649536
2018-04-18,5.924115180969238,4.778616428375244,3.441685199737549
2018-04-19,5.96882438659668,4.785162925720215,3.476102113723755
2018-04-20,5.991179943084717,4.778616428375244,3.4703660011291504
2018-04-23,5.935290813446045,4.739339351654053,3.484705686569214
2018-04-24,5.935290813446045,4.726247787475586,3.4560251235961914
2018-04-25,5.912936210632324,4.693517208099365,3.4187405109405518
2018-04-26,5.96882438659668,4.713156223297119,3.40153169631958
2018-04-27,6.013535022735596,4.745885372161865,3.3843231201171875
2018-04-30,6.024710655212402,4.713156223297119,3.413004159927368
2018-05-02,5.957644939422607,4.608419418334961,3.441685199737549
2018-05-03,5.9800028800964355,4.582234859466553,3.4330811500549316
2018-05-04,5.935290813446045,4.431675434112549,3.413004159927368
2018-05-07,5.890580654144287,4.366215229034424,3.3986635208129883
2018-05-08,5.9800028800964355,4.516773223876953,3.4244768619537354
2018-05-14,6.035890102386475,4.287662506103516,3.556408643722534
2018-05-15,6.035890102386475,4.418583869934082,3.441685199737549
2018-05-16,6.069422245025635,4.484044075012207,3.51338791847229
2018-05-17,6.047067642211914,4.457859992980957,3.4904422760009766
2018-05-18,6.047067642211914,4.4513139724731445,3.49617862701416
2018-05-21,6.080600261688232,4.320391654968262,3.5850889682769775
2018-05-22,6.080600261688232,4.353123188018799,3.613769769668579
2018-05-23,5.96882438659668,4.071642875671387,3.599428653717041
2018-05-24,5.734094619750977,3.960359811782837,3.4933111667633057
2018-05-25,5.734094619750977,4.006181716918945,3.5736167430877686
2018-05-28,5.5887861251831055,3.9669060707092285,3.5707478523254395
2018-05-30,5.5887861251831055,3.9669060707092285,3.5707478523254395
2018-05-31,5.3484697341918945,3.8621697425842285,3.438817262649536
2018-06-01,5.611141681671143,3.9930906295776367,3.441685199737549
2018-06-04,5.577608108520508,3.9930906295776367,3.4445533752441406
2018-06-05,5.571834564208984,3.9799976348876953,3.4445533752441406
2018-06-06,5.537191867828369,4.065096855163574,3.5850889682769775
2018-06-07,5.698860168457031,4.1501946449279785,3.556408643722534
2018-06-08,5.658445835113525,4.137104034423828,3.5277273654937744
2018-06-11,5.635348796844482,4.065096855163574,3.4904422760009766
2018-06-12,5.542966365814209,4.012728214263916,3.484705686569214
2018-06-13,5.542966365814209,3.9799976348876953,3.453157424926758
2018-06-14,5.542966365814209,3.907991886138916,3.4474213123321533
2018-06-18,5.514096260070801,3.8621697425842285,3.441685199737549
2018-06-19,5.358200550079346,3.835984945297241,3.3499064445495605
2018-06-20,5.335103988647461,3.8425309658050537,3.266733169555664
2018-06-21,5.294686794281006,3.8163466453552246,3.243788242340088
2018-06-22,5.306235313415527,3.8032546043395996,3.2868094444274902
2018-06-25,5.242721080780029,3.534867286682129,3.258129119873047
2018-06-26,5.196531295776367,3.528320789337158,3.2839410305023193
2018-06-27,5.0117645263671875,3.534867286682129,3.312621831893921
2018-06-28,5.1041483879089355,3.6003267765045166,3.298281669616699
2018-06-29,5.196531295776367,3.567596673965454,3.3499064445495605
2018-07-02,5.173434257507324,3.541412830352783,3.295413017272949
2018-07-03,5.184981346130371,3.534867286682129,3.298281669616699
2018-07-04,5.184981346130371,3.5741424560546875,3.295413017272949
2018-07-05,5.213851451873779,3.6199657917022705,3.2839410305023193
2018-07-06,5.179207801818848,3.475952625274658,3.229447841644287
2018-07-09,5.242721080780029,3.469406843185425,3.232316017150879
2018-07-10,5.277365207672119,3.502135992050171,3.232316017150879
2018-07-11,5.277365207672119,3.521775245666504,3.2696008682250977
2018-07-12,5.485226154327393,3.6854262351989746,3.298281669616699
2018-07-13,5.491001129150391,3.744340658187866,3.298281669616699
2018-07-16,5.525644302368164,3.705063581466675,3.301149368286133
2018-07-17,5.531417369842529,3.7116100788116455,3.3843231201171875
2018-07-18,5.542966365814209,3.8294389247894287,3.3986635208129883
2018-07-19,5.664217472076416,3.835984945297241,3.427345037460327
2018-07-20,5.652669429779053,3.8032546043395996,3.4330811500549316
2018-07-23,5.664217472076416,3.835984945297241,3.4359490871429443
2018-07-24,5.641122817993164,3.835984945297241,3.438817262649536
2018-07-25,5.664217472076416,3.8556230068206787,3.441685199737549
2018-07-26,5.716182708740234,3.8490772247314453,3.4445533752441406
2018-07-27,5.704634666442871,3.8556230068206787,3.4474213123321533
2018-07-30,5.687313556671143,3.8228936195373535,3.4445533752441406
2018-07-31,5.664217472076416,3.8228936195373535,3.450289249420166
2018-08-01,5.687313556671143,3.8294389247894287,3.4703660011291504
2018-08-02,5.681539535522461,3.8294389247894287,3.4674975872039795
2018-08-03,5.6757659912109375,3.7901628017425537,3.4646294116973877
2018-08-06,5.698860168457031,3.7967092990875244,3.4789700508117676
2018-08-07,5.710410118103027,3.8163466453552246,3.4875741004943848
2018-08-08,5.716182708740234,3.8752613067626953,3.4875741004943848
2018-08-09,5.716182708740234,3.8818070888519287,3.499047040939331
2018-08-10,5.710410118103027,3.8818070888519287,3.499047040939331
2018-08-13,5.704634666442871,3.8556230068206787,3.49617862701416
2018-08-14,5.658445835113525,3.8294389247894287,3.499047040939331
2018-08-15,5.652669429779053,3.8490772247314453,3.510518789291382
2018-08-16,5.652669429779053,3.8490772247314453,3.510518789291382
2018-08-17,5.646895408630371,3.8556230068206787,3.51338791847229
2018-08-20,5.652669429779053,3.8490772247314453,3.51338791847229
2018-08-21,5.6699910163879395,3.8556230068206787,3.5391998291015625
2018-08-23,5.664217472076416,3.8883535861968994,3.6309778690338135
2018-08-24,5.664217472076416,3.9145376682281494,3.5707478523254395
2018-08-27,5.733505725860596,3.901446580886841,3.5822200775146484
2018-08-28,5.773921966552734,3.9799976348876953,3.5850889682769775
2018-08-29,5.773921966552734,3.986544370651245,3.590824604034424
2018-08-30,5.750826835632324,3.986544370651245,3.6022980213165283
2018-09-03,5.785471439361572,3.9930906295776367,3.6022980213165283
2018-09-04,5.768147945404053,3.9930906295776367,3.610900402069092
2018-09-05,5.698860168457031,3.8425309658050537,3.6283304691314697
2018-09-06,5.704634666442871,3.8752613067626953,3.6283304691314697
2018-09-07,5.710410118103027,3.8752613067626953,3.6312363147735596
2018-09-12,5.658445835113525,3.8621697425842285,3.619616746902466
2018-09-13,5.704634666442871,3.986544370651245,3.619616746902466
2018-09-14,5.716182708740234,4.078188896179199,3.622521162033081
2018-09-18,5.623800277709961,3.953813314437866,3.616710901260376
2018-09-19,5.629573822021484,4.006181716918945,3.639951229095459
2018-09-20,5.652669429779053,4.019273281097412,3.634141683578491
2018-09-21,5.652669429779053,4.05855131149292,3.639951229095459
2018-09-24,5.652669429779053,4.031805992126465,3.6312363147735596
2018-09-25,5.658445835113525,4.011746883392334,3.6312363147735596
2018-09-26,5.646895408630371,4.038491725921631,3.6312363147735596
2018-09-27,5.652669429779053,4.031805992126465,3.6312363147735596
2018-09-28,5.800800800323486,4.0184326171875,3.6312363147735596
2018-10-01,5.753398895263672,4.0184326171875,3.6312363147735596
2018-10-02,5.77117395401001,4.038491725921631,3.634141683578491
2018-10-03,5.753398895263672,4.045178413391113,3.6312363147735596
2018-10-04,5.74747371673584,4.0518646240234375,3.6312363147735596
2018-10-05,5.723772048950195,4.038491725921631,3.6283304691314697
2018-10-08,5.7178473472595215,4.038491725921631,3.6283304691314697
2018-10-09,5.7178473472595215,4.038491725921631,3.6254258155822754
2018-10-10,5.6348958015441895,3.9047670364379883,3.6283304691314697
2018-10-11,5.4986138343811035,3.784414768218994,3.616710901260376
2018-10-12,5.676370143890381,3.9783151149749756,3.6283304691314697
2018-10-15,5.676370143890381,3.9649431705474854,3.6283304691314697
2018-10-16,5.658595085144043,4.031805992126465,3.6283304691314697
2018-10-17,5.682296276092529,4.031805992126465,3.6283304691314697
2018-10-18,5.688222408294678,4.031805992126465,3.634141683578491
2018-10-19,5.688222408294678,4.025119304656982,3.6312363147735596
2018-10-22,5.688222408294678,3.9983747005462646,3.6283304691314697
2018-10-23,5.5697174072265625,3.844590425491333,3.616710901260376
2018-10-24,5.557866096496582,3.811159610748291,3.6138055324554443
2018-10-25,5.611193656921387,3.730924129486084,3.616710901260376
2018-10-26,5.593418121337891,3.7442970275878906,3.5760412216186523
2018-10-29,5.492688179016113,3.7442970275878906,3.5702319145202637
2018-10-30,5.5341644287109375,3.730924129486084,3.5644214153289795
2018-10-31,5.623043060302734,3.8245322704315186,3.573136806488037
2018-11-01,5.5697174072265625,3.811159610748291,3.573136806488037
2018-11-02,5.5697174072265625,3.7977867126464844,3.5760412216186523
2018-11-05,5.557866096496582,3.7977867126464844,3.5702319145202637
2018-11-07,5.4986138343811035,3.7977867126464844,3.573136806488037
2018-11-08,5.52231502532959,3.8044726848602295,3.5876619815826416
2018-11-09,5.5045390129089355,3.724238157272339,3.5876619815826416
2018-11-12,5.451210975646973,3.684121608734131,3.584756851196289
2018-11-13,5.445286750793457,3.6774344444274902,3.578946828842163
2018-11-14,5.5045390129089355,3.6774344444274902,3.561516284942627
2018-11-15,5.557866096496582,3.7376105785369873,3.55861234664917
2018-11-16,5.599343776702881,3.777728319168091,3.5760412216186523
2018-11-19,5.628968238830566,3.8312180042266846,3.6312363147735596
2018-11-21,5.5697174072265625,3.784414768218994,3.6050913333892822
2018-11-22,5.563790321350098,3.777728319168091,3.602186679840088
2018-11-23,5.581567287445068,3.7643558979034424,3.602186679840088
2018-11-26,5.599343776702881,3.7977867126464844,3.622521162033081
2018-11-27,5.5697174072265625,3.811159610748291,3.602186679840088
2018-11-28,5.587492942810059,3.844590425491333,3.6138055324554443
2018-11-29,5.599343776702881,3.9114527702331543,3.616710901260376
2018-11-30,5.563790321350098,3.8512771129608154,3.619616746902466
2018-12-03,5.587492942810059,3.9448840618133545,3.6138055324554443
2018-12-04,5.581567287445068,3.8847081661224365,3.6138055324554443
2018-12-05,5.581567287445068,3.8780224323272705,3.6138055324554443
2018-12-06,5.593418121337891,3.8780224323272705,3.6138055324554443
2018-12-07,5.581567287445068,3.8646490573883057,3.602186679840088
2018-12-10,5.551941871643066,3.777728319168091,3.5876619815826416
2018-12-11,5.5341644287109375,3.684121608734131,3.55861234664917
2018-12-12,5.5045390129089355,3.844590425491333,3.616710901260376
2018-12-13,5.593418121337891,3.9047670364379883,3.6283304691314697
2018-12-14,5.551941871643066,3.8780224323272705,3.593470811843872
2018-12-17,5.510464191436768,3.8178460597991943,3.517941474914551
2018-12-18,5.463063716888428,3.7643558979034424,3.5237514972686768
2018-12-19,5.528240203857422,3.811159610748291,3.5818514823913574
2018-12-20,5.510464191436768,3.777728319168091,3.5818514823913574
2018-12-21,5.5045390129089355,3.777728319168091,3.584756851196289
2018-12-24,5.4867634773254395,3.7977867126464844,3.5992813110351562
2018-12-26,5.540091514587402,3.8245322704315186,3.5963761806488037
2018-12-27,5.5697174072265625,3.8646490573883057,3.6138055324554443
2018-12-28,5.587492942810059,3.8646490573883057,3.6138055324554443
2018-12-31,5.628968238830566,3.8178460597991943,3.5963761806488037
2019-01-02,5.563790321350098,3.777728319168091,3.5818514823913574
2019-01-03,5.54601526260376,3.777728319168091,3.573136806488037
2019-01-04,5.540091514587402,3.7643558979034424,3.5818514823913574
2019-01-07,5.6052680015563965,3.7710418701171875,3.5876619815826416
2019-01-08,5.611193656921387,3.777728319168091,3.5818514823913574
2019-01-09,5.611193656921387,3.777728319168091,3.584756851196289
2019-01-10,5.599343776702881,3.777728319168091,3.602186679840088
2019-01-11,5.599343776702881,3.777728319168091,3.5963761806488037
2019-01-14,5.587492942810059,3.777728319168091,3.5876619815826416
2019-01-15,5.575641632080078,3.7911007404327393,3.6283304691314697
2019-01-16,5.581567287445068,3.777728319168091,3.5876619815826416
2019-01-17,5.575641632080078,3.777728319168091,3.584756851196289
2019-01-18,5.658595085144043,3.7911007404327393,3.602186679840088
2019-01-22,5.6348958015441895,3.8579628467559814,3.6573803424835205
2019-01-23,5.652670383453369,3.784414768218994,3.602186679840088
2019-01-24,5.700071811676025,3.777728319168091,3.6050913333892822
2019-01-25,5.723772048950195,3.7977867126464844,3.602186679840088
2019-01-28,5.723772048950195,3.784414768218994,3.6050913333892822
2019-01-29,5.741547584533691,3.7911007404327393,3.602186679840088
2019-01-30,5.688222408294678,3.784414768218994,3.6050913333892822
2019-01-31,5.652670383453369,3.7576699256896973,3.5992813110351562
2019-02-04,5.670446395874023,3.777728319168091,3.6050913333892822
2019-02-07,5.682296276092529,3.777728319168091,3.610901117324829
2019-02-08,5.676370143890381,3.7911007404327393,3.619616746902466
2019-02-11,5.682296276092529,3.8512771129608154,3.6428558826446533
2019-02-12,5.664519786834717,3.891394853591919,3.6254258155822754
2019-02-13,5.658595085144043,3.8646490573883057,3.6254258155822754
2019-02-14,5.658595085144043,3.8646490573883057,3.622521162033081
2019-02-15,5.611193656921387,3.811159610748291,3.619616746902466
2019-02-18,5.617118835449219,3.8178460597991943,3.6312363147735596
2019-02-19,5.617118835449219,3.8044726848602295,3.6312363147735596
2019-02-20,5.640819549560547,3.8512771129608154,3.639951229095459
2019-02-21,5.6467437744140625,3.9047670364379883,3.6312363147735596
2019-02-22,5.652670383453369,3.9047670364379883,3.6283304691314697
2019-02-25,5.652670383453369,3.9047670364379883,3.634141683578491
2019-02-26,5.658595085144043,3.9315121173858643,3.639951229095459
2019-02-27,5.676370143890381,3.9181394577026367,3.639951229095459
2019-02-28,5.6467437744140625,3.9114527702331543,3.6312363147735596
2019-03-01,5.6467437744140625,3.7977867126464844,3.634141683578491
2019-03-04,5.652670383453369,3.7710418701171875,3.6312363147735596
2019-03-05,5.6467437744140625,3.7376105785369873,3.6268136501312256
2019-03-06,5.652670383453369,3.6908066272735596,3.615018606185913
2019-03-07,5.6467437744140625,3.64400315284729,3.617967367172241
2019-03-08,5.6467437744140625,3.603886365890503,3.6120710372924805
2019-03-11,5.611193656921387,3.53033709526062,3.567840576171875
2019-03-12,5.623043060302734,3.590512990951538,3.597327470779419
2019-03-13,5.658595085144043,3.64400315284729,3.609121561050415
2019-03-14,5.623043060302734,3.6573758125305176,3.603224277496338
2019-03-15,5.611193656921387,3.664062261581421,3.609121561050415
2019-03-18,5.623043060302734,3.664062261581421,3.609121561050415
2019-03-19,5.617118835449219,3.6573758125305176,3.609121561050415
2019-03-20,5.611193656921387,3.603886365890503,3.606173038482666
2019-03-21,5.5697174072265625,3.563768148422241,3.5177133083343506
2019-03-22,5.5045390129089355,3.563768148422241,3.5177133083343506
2019-03-25,5.468986988067627,3.502206325531006,3.5029702186584473
2019-03-26,5.480838775634766,3.502206325531006,3.5000226497650146
2019-03-27,5.4867634773254395,3.4680049419403076,3.449895143508911
2019-03-28,5.4867634773254395,3.495366334915161,3.432203531265259
2019-03-29,5.492688179016113,3.5227270126342773,3.4145121574401855
2019-04-01,5.451210975646973,3.4748451709747314,3.314258098602295
2019-04-02,5.480838775634766,3.502206325531006,3.346693277359009
2019-04-03,5.474912166595459,3.502206325531006,3.390923023223877
2019-04-04,5.492688179016113,3.488525629043579,3.3879737854003906
2019-04-05,5.4867634773254395,3.495366334915161,3.3732311725616455
2019-04-08,5.4986138343811035,3.4816858768463135,3.3348991870880127
2019-04-09,5.510464191436768,3.4816858768463135,3.3290016651153564
2019-04-10,5.4986138343811035,3.4748451709747314,3.3378477096557617
2019-04-11,5.4867634773254395,3.461164712905884,3.3348991870880127
2019-04-12,5.492688179016113,3.461164712905884,3.3319509029388428
2019-04-15,5.480838775634766,3.461164712905884,3.3290016651153564
2019-04-16,5.457136631011963,3.45432448387146,3.3319509029388428
2019-04-17,5.332708358764648,3.45432448387146,3.3319509029388428
2019-04-18,5.332708358764648,3.45432448387146,3.3290016651153564
2019-04-19,5.386035442352295,3.4680049419403076,3.3201558589935303
2019-04-22,5.4215850830078125,3.536406993865967,3.3231048583984375
2019-04-23,5.427511215209961,3.536406993865967,3.3319509029388428
2019-04-24,5.415660381317139,3.5911288261413574,3.3378477096557617
2019-04-25,5.409735679626465,3.550088405609131,3.3319509029388428
2019-04-26,5.415660381317139,3.550088405609131,3.3378477096557617
2019-04-29,5.415660381317139,3.5569286346435547,3.3260536193847656
2019-04-30,5.480838775634766,3.604809522628784,3.3172075748443604
2019-05-02,5.480838775634766,3.577448844909668,3.314258098602295
2019-05-03,5.4867634773254395,3.5842888355255127,3.3231048583984375
2019-05-06,5.510464191436768,3.5569286346435547,3.3260536193847656
2019-05-07,5.516600608825684,3.5569286346435547,3.314258098602295
2019-05-08,5.504326820373535,3.5569286346435547,3.3024637699127197
2019-05-09,5.504326820373535,3.5090460777282715,3.2847719192504883
2019-05-10,5.504326820373535,3.502206325531006,3.2818238735198975
2019-05-13,5.510464191436768,3.502206325531006,3.2906696796417236
2019-05-14,5.498191833496094,3.5295677185058594,3.311309814453125
2019-05-15,5.528873443603516,3.5090460777282715,3.314258098602295
2019-05-16,5.498191833496094,3.5090460777282715,3.2818238735198975
2019-05-17,5.522737503051758,3.5295677185058594,3.305412530899048
2019-05-21,5.516600608825684,3.5158870220184326,3.314258098602295
2019-05-23,5.53501033782959,3.5227270126342773,3.3172075748443604
2019-05-24,5.516600608825684,3.5227270126342773,3.3201558589935303
2019-05-27,5.516600608825684,3.5432472229003906,3.3584885597229004
2019-05-28,5.516600608825684,3.5432472229003906,3.4086151123046875
2019-05-29,5.55341911315918,3.5227270126342773,3.390923023223877
2019-05-30,5.528873443603516,3.563768148422241,3.4793810844421387
2019-05-31,5.53501033782959,3.604809522628784,3.4793810844421387
2019-06-03,5.516600608825684,3.61849045753479,3.4705357551574707
2019-06-04,5.504326820373535,3.6390111446380615,3.4528443813323975
2019-06-05,5.504326820373535,3.6390111446380615,3.4528443813323975
2019-06-06,5.504326820373535,3.6390111446380615,3.4528443813323975
2019-06-07,5.516600608825684,3.6116504669189453,3.4528443813323975
2019-06-10,5.547282695770264,3.6116504669189453,3.4646384716033936
2019-06-11,5.516600608825684,3.6390111446380615,3.4616897106170654
2019-06-12,5.522737503051758,3.625330924987793,3.4616897106170654
2019-06-13,5.498191833496094,3.6390111446380615,3.4528443813323975
2019-06-14,5.498191833496094,3.6116504669189453,3.4086151123046875
2019-06-17,5.498191833496094,3.5911288261413574,3.393871545791626
2019-06-18,5.479782581329346,3.577448844909668,3.396820545196533
2019-06-19,5.485917568206787,3.5979692935943604,3.4056661128997803
2019-06-20,5.485917568206787,3.577448844909668,3.402716875076294
2019-06-21,5.485917568206787,3.577448844909668,3.399768590927124
2019-06-24,5.498191833496094,3.6116504669189453,3.393871545791626
2019-06-25,5.479782581329346,3.652690887451172,3.393871545791626
2019-06-26,5.473646640777588,3.680053234100342,3.393871545791626
2019-06-27,5.455236434936523,3.659531593322754,3.4145121574401855
2019-06-28,5.449100017547607,3.680053234100342,3.390923023223877
2019-07-01,5.4675092697143555,3.700573444366455,3.390923023223877
2019-07-02,5.510464191436768,3.7210936546325684,3.390923023223877
2019-07-03,5.504326820373535,3.666372299194336,3.390923023223877
2019-07-04,5.510464191436768,3.625330924987793,3.390923023223877
2019-07-05,5.504326820373535,3.6732125282287598,3.390923023223877
2019-07-08,5.473646640777588,3.680053234100342,3.3879737854003906
2019-07-09,5.485917568206787,3.659531593322754,3.399768590927124
2019-07-10,5.485917568206787,3.645850896835327,3.4086151123046875
2019-07-11,5.4920549392700195,3.652690887451172,3.390923023223877
2019-07-12,5.473646640777588,3.5569286346435547,3.3850257396698
2019-07-15,5.4613728523254395,3.5432472229003906,3.3879737854003906
2019-07-16,5.455236434936523,3.5295677185058594,3.3879737854003906
2019-07-17,5.449100017547607,3.5227270126342773,3.3850257396698
2019-07-18,5.436827182769775,3.5227270126342773,3.370281934738159
2019-07-19,5.442965030670166,3.5842888355255127,3.3732311725616455
2019-07-22,5.4122819900512695,3.5569286346435547,3.3732311725616455
2019-07-23,5.4122819900512695,3.550088405609131,3.361436605453491
2019-07-24,5.37546443939209,3.536406993865967,3.346693277359009
2019-07-25,5.369327068328857,3.536406993865967,3.343744993209839
2019-07-26,5.357054233551025,3.5158870220184326,3.305412530899048
2019-07-29,5.357054233551025,3.4816858768463135,3.272977828979492
2019-07-31,5.3079633712768555,3.4748451709747314,3.228748321533203
2019-08-01,5.3325090408325195,3.4748451709747314,3.2169530391693115
2019-08-02,5.3079633712768555,3.4748451709747314,3.2110562324523926
2019-08-05,5.265008926391602,3.4406442642211914,3.178621530532837
2019-08-06,5.271145820617676,3.461164712905884,3.1845197677612305
2019-08-07,5.277280807495117,3.461164712905884,3.137340784072876
2019-08-08,5.289554595947266,3.461164712905884,3.1579811573028564
2019-08-09,5.277280807495117,3.447484016418457,3.172724723815918
2019-08-13,5.252737045288086,3.4201223850250244,3.0577280521392822
2019-08-14,5.271145820617676,3.4816858768463135,3.0665736198425293
2019-08-15,5.2465996742248535,3.45432448387146,3.0665736198425293
2019-08-16,5.222054958343506,3.4680049419403076,3.0665736198425293
2019-08-19,5.22819185256958,3.447484016418457,3.0606768131256104
2019-08-20,5.2465996742248535,3.5432472229003906,3.0665736198425293
2019-08-21,5.23432731628418,3.4680049419403076,3.0577280521392822
2019-08-22,5.252737045288086,3.461164712905884,3.0665736198425293
2019-08-23,5.301827907562256,3.4680049419403076,3.0695226192474365
2019-08-26,5.271145820617676,3.461164712905884,3.0665736198425293
2019-08-27,5.2465996742248535,3.45432448387146,3.051830768585205
2019-08-28,5.23432731628418,3.406442642211914,3.044339418411255
2019-08-29,5.2588725090026855,3.379081964492798,3.044339418411255
2019-08-30,5.3325090408325195,3.461164712905884,3.044339418411255
2019-09-03,5.3386454582214355,3.447484016418457,3.008382797241211
2019-09-04,5.350917816162109,3.4680049419403076,3.0353505611419678
2019-09-05,5.363191604614258,3.4680049419403076,3.0323538780212402
2019-09-06,5.369327068328857,3.4406442642211914,3.0263612270355225
2019-09-10,5.436827182769775,3.4201223850250244,3.020368814468384
2019-09-11,5.455236434936523,3.4406442642211914,3.020368814468384
2019-09-12,5.4613728523254395,3.4201223850250244,3.0173723697662354
2019-09-13,5.4613728523254395,3.4338035583496094,3.0173723697662354
2019-09-17,5.4613728523254395,3.4201223850250244,3.020368814468384
2019-09-18,5.492941856384277,3.426964521408081,3.020368814468384
2019-09-19,5.45505952835083,3.447484016418457,3.020368814468384
2019-09-20,5.511882781982422,3.4338035583496094,3.020368814468384
2019-09-23,5.505568981170654,3.447484016418457,3.0173723697662354
2019-09-24,5.4613728523254395,3.447484016418457,3.0113792419433594
2019-09-25,5.442431449890137,3.461164712905884,3.002390146255493
2019-09-26,5.492941856384277,3.461164712905884,3.0113792419433594
2019-09-27,5.429804801940918,3.426964521408081,3.002390146255493
2019-09-30,5.372981071472168,3.4406442642211914,3.008382797241211
2019-10-01,5.423491477966309,3.45432448387146,2.996397018432617
2019-10-02,5.385607719421387,3.4338035583496094,2.951451539993286
2019-10-03,5.354040145874023,3.426964521408081,2.8885273933410645
2019-10-04,5.328785419464111,3.419926643371582,2.8885273933410645
2019-10-07,5.347726345062256,3.419926643371582,2.8975164890289307
2019-10-08,5.3350982666015625,3.448073625564575,2.891523599624634
2019-10-09,5.290902614593506,3.4128899574279785,2.8645553588867188
2019-10-10,5.297216892242432,3.419926643371582,2.873544931411743
2019-10-11,5.328785419464111,3.419926643371582,2.858563184738159
2019-10-14,5.385607719421387,3.4621481895446777,2.8705484867095947
2019-10-15,5.372981071472168,3.4691848754882812,2.885531187057495
2019-10-16,5.379294395446777,3.5043692588806152,2.885531187057495
2019-10-17,5.379294395446777,3.4973320960998535,2.8885273933410645
2019-10-18,5.3666672706604,3.518442392349243,2.8885273933410645
2019-10-21,5.360353469848633,3.5043692588806152,2.8885273933410645
2019-10-22,5.3666672706604,3.4902944564819336,2.891523599624634
2019-10-23,5.347726345062256,3.476221799850464,2.885531187057495
2019-10-24,5.34141206741333,3.5043692588806152,2.8795382976531982
2019-10-25,5.3350982666015625,3.4832582473754883,2.885531187057495
2019-10-29,5.347726345062256,3.5395538806915283,2.8975164890289307
2019-10-30,5.347726345062256,3.581775188446045,2.9065053462982178
2019-10-31,5.429804801940918,3.694364547729492,3.0413432121276855
2019-11-01,5.429804801940918,3.701401472091675,2.966433048248291
2019-11-04,5.448746204376221,3.694364547729492,2.966433048248291
2019-11-05,5.467686176300049,3.750659942626953,2.9754226207733154
2019-11-06,5.499255180358887,3.7436232566833496,2.966433048248291
2019-11-07,5.524510860443115,3.7295498847961426,2.9754226207733154
2019-11-08,5.575019836425781,3.7999184131622314,2.98740816116333
2019-11-11,5.587647914886475,3.77177095413208,2.996397018432617
2019-11-12,5.549765110015869,3.7225124835968018,2.993401050567627
2019-11-13,5.4613728523254395,3.6591813564300537,2.9904046058654785
2019-11-14,5.474000930786133,3.6591813564300537,2.9904046058654785
2019-11-15,5.467686176300049,3.6732540130615234,2.9814155101776123
2019-11-18,5.467686176300049,3.7647337913513184,2.978419303894043
2019-11-19,5.4613728523254395,3.7858450412750244,2.996397018432617
2019-11-20,5.474000930786133,3.7858450412750244,2.9844119548797607
2019-11-21,5.45505952835083,3.7858450412750244,2.9694294929504395
2019-11-22,5.45505952835083,3.7788078784942627,2.9754226207733154
2019-11-25,5.467686176300049,3.7576961517333984,2.966433048248291
2019-11-26,5.423491477966309,3.7084381580352783,2.921487808227539
2019-11-27,5.417177200317383,3.694364547729492,2.957443952560425
2019-11-28,5.379294395446777,3.6802914142608643,2.957443952560425
2019-11-29,5.385607719421387,3.645106554031372,2.9394657611846924
2019-12-02,5.372981071472168,3.652144193649292,2.9304769039154053
2019-12-03,5.372981071472168,3.6239964962005615,2.915494918823242
2019-12-04,5.3666672706604,3.6239964962005615,2.891523599624634
2019-12-05,5.385607719421387,3.645106554031372,2.8975164890289307
2019-12-06,5.3666672706604,3.6591813564300537,2.8705484867095947
2019-12-09,5.4045491218566895,3.645106554031372,2.8495736122131348
2019-12-10,5.391921520233154,3.6169593334198,2.8405845165252686
2019-12-11,5.391921520233154,3.6380693912506104,2.8465774059295654
2019-12-12,5.372981071472168,3.645106554031372,2.8405845165252686
2019-12-13,5.391921520233154,3.694364547729492,2.8345916271209717
2019-12-16,5.379294395446777,3.701401472091675,2.8226065635681152
2019-12-17,5.398236274719238,3.6732540130615234,2.8465774059295654
2019-12-18,5.45505952835083,3.750659942626953,2.9304769039154053
2019-12-19,5.5181965827941895,3.7576961517333984,2.9484550952911377
2019-12-20,5.442431449890137,3.7084381580352783,2.9694294929504395
2019-12-23,5.442431449890137,3.7084381580352783,3.002390146255493
2019-12-24,5.429804801940918,3.7225124835968018,2.9694294929504395
2019-12-26,5.45505952835083,3.694364547729492,2.9484550952911377
2019-12-27,5.436118125915527,3.7295498847961426,2.978419303894043
2019-12-30,5.505568981170654,3.736586332321167,2.993401050567627
2019-12-31,5.45505952835083,3.6239964962005615,2.9124982357025146
2020-01-02,5.524510860443115,3.6591813564300537,2.9814155101776123
2020-01-03,5.524510860443115,3.6732540130615234,2.9904046058654785
2020-01-06,5.4613728523254395,3.6732540130615234,2.9814155101776123
2020-01-07,5.4613728523254395,3.7225124835968018,3.014375925064087
2020-01-08,5.391921520233154,3.6380693912506104,2.936469316482544
2020-01-09,5.4613728523254395,3.6873278617858887,2.9304769039154053
2020-01-10,5.4613728523254395,3.6591813564300537,2.9274802207946777
2020-01-13,5.4613728523254395,3.6591813564300537,2.8795382976531982
2020-01-14,5.4613728523254395,3.645106554031372,2.8675520420074463
2020-01-15,5.429804801940918,3.645106554031372,2.9304769039154053
2020-01-16,5.436118125915527,3.6380693912506104,2.9304769039154053
2020-01-17,5.442431449890137,3.631033420562744,2.936469316482544
2020-01-20,5.429804801940918,3.6028857231140137,2.9184911251068115
2020-01-21,5.429804801940918,3.609922409057617,2.9184911251068115
2020-01-22,5.398236274719238,3.5395538806915283,2.8495736122131348
2020-01-23,5.372981071472168,3.5536272525787354,2.8675520420074463
2020-01-24,5.385607719421387,3.560664176940918,2.873544931411743
2020-01-28,5.34141206741333,3.4902944564819336,2.8405845165252686
2020-01-29,5.3350982666015625,3.5114054679870605,2.8465774059295654
2020-01-30,5.360353469848633,3.4832582473754883,2.8315956592559814
2020-01-31,5.322471618652344,3.4691848754882812,2.786649465560913
2020-02-03,5.278275489807129,3.4128899574279785,2.780656576156616
2020-02-04,5.303529739379883,3.4621481895446777,2.7267212867736816
2020-02-05,5.278275489807129,3.5043692588806152,2.6967575550079346
2020-02-06,5.3350982666015625,3.5325167179107666,2.756685733795166
2020-02-07,5.372981071472168,3.6239964962005615,2.7476963996887207
2020-02-10,5.354040145874023,3.5677011013031006,2.7387070655822754
2020-02-11,5.391921520233154,3.574738025665283,2.741703748703003
2020-02-12,5.34141206741333,3.4832582473754883,2.663796901702881
2020-02-13,5.34141206741333,3.4340004920959473,2.6667933464050293
2020-02-14,5.347726345062256,3.4269630908966064,2.6398260593414307
2020-02-17,5.360353469848633,3.4621481895446777,2.6398260593414307
2020-02-18,5.347726345062256,3.4902944564819336,2.6518115997314453
2020-02-19,5.303529739379883,3.4832582473754883,2.6877684593200684
2020-02-20,5.316157341003418,3.5043692588806152,2.7147364616394043
2020-02-21,5.309843063354492,3.518442392349243,2.7177326679229736
2020-02-24,5.177255630493164,3.419926643371582,2.606865406036377
2020-02-25,5.227766036987305,3.448073625564575,2.6248435974121094
2020-02-26,5.259334087371826,3.4551100730895996,2.57690167427063
2020-02-27,5.379294395446777,3.419926643371582,2.591883659362793
2020-02-28,5.316157341003418,3.3917789459228516,2.561919689178467
2020-03-02,5.297216892242432,3.2369680404663086,2.5589232444763184
2020-03-03,5.309843063354492,3.166598320007324,2.6608009338378906
2020-03-04,5.347726345062256,3.1947460174560547,2.6817753314971924
2020-03-05,5.385607719421387,3.166598320007324,2.6967575550079346
2020-03-06,5.3666672706604,3.1243772506713867,2.6458189487457275
2020-03-09,5.202510356903076,2.9554920196533203,2.549934148788452
2020-03-10,5.28458833694458,3.061044931411743,2.591883659362793
2020-03-11,5.297216892242432,3.0891926288604736,2.5765466690063477
2020-03-12,5.227766036987305,3.0047500133514404,2.484527349472046
2020-03-13,5.227766036987305,3.0047500133514404,2.484527349472046
2020-03-16,4.602706432342529,2.60653018951416,2.2238059043884277
2020-03-17,4.646902084350586,2.526886463165283,2.1317858695983887
2020-03-18,4.583765506744385,2.4255216121673584,1.996823787689209
2020-03-19,4.470118522644043,2.2734735012054443,1.9416121244430542
2020-03-20,4.741608619689941,2.6354920864105225,2.153257131576538
2020-03-23,4.495372772216797,2.3820788860321045,2.1317858695983887
2020-03-24,4.609020233154297,2.4906845092773438,2.3372962474823
2020-03-25,4.609020233154297,2.548607349395752,2.410912036895752
2020-03-26,4.590079307556152,2.5341267585754395,2.3833065032958984
2020-03-27,4.653216361999512,2.5848090648651123,2.4385178089141846
2020-03-30,4.6153340339660645,2.5413670539855957,2.42624831199646
2020-03-31,4.703725337982178,2.60653018951416,2.4385178089141846
2020-04-01,4.621647357940674,2.555847644805908,2.4047772884368896
2020-04-02,4.634275436401367,2.548607349395752,2.4231812953948975
2020-04-03,4.672156810760498,2.5341267585754395,2.4078447818756104
2020-04-06,4.829999923706055,2.5341267585754395,2.4385178089141846
2020-04-07,4.943647861480713,2.577568769454956,2.4385178089141846
2020-04-08,4.968902587890625,2.548607349395752,2.42624831199646
2020-04-09,4.987843990325928,2.5630881786346436,2.435450553894043
2020-04-10,4.981201648712158,2.548607349395752,2.435450553894043
2020-04-13,4.947993755340576,2.5341267585754395,2.4293158054351807
2020-04-14,5.034335136413574,2.5848090648651123,2.4293158054351807
2020-04-15,5.074183940887451,2.577568769454956,2.4293158054351807
2020-04-16,5.034335136413574,2.5703282356262207,2.4446523189544678
2020-04-17,5.114033222198486,2.628251791000366,2.459988832473755
2020-04-20,5.107392311096191,2.729616403579712,2.4783928394317627
2020-04-21,5.021052360534668,2.6137709617614746,2.4139792919158936
2020-04-22,4.981201648712158,2.526886463165283,2.410912036895752
2020-04-23,4.928069591522217,2.526886463165283,2.432382822036743
2020-04-24,4.888219356536865,2.5341267585754395,2.42624831199646
2020-04-27,4.914785861968994,2.548607349395752,2.4170467853546143
2020-04-28,4.888219356536865,2.468963384628296,2.4446523189544678
2020-04-29,4.921427249908447,2.4400017261505127,2.4538543224334717
2020-04-30,5.027693271636963,2.4979248046875,2.5121333599090576
2020-05-04,4.90150260925293,2.468963384628296,2.432382822036743
2020-05-05,4.967918395996094,2.4834444522857666,2.4630563259124756
2020-05-06,4.921427249908447,2.468963384628296,2.4139792919158936
2020-05-08,4.921427249908447,2.4906845092773438,2.4139792919158936
2020-05-12,4.941351890563965,2.468963384628296,2.3802390098571777
2020-05-13,4.908143997192383,2.5341267585754395,2.392508029937744
2020-05-14,4.914785861968994,2.468963384628296,2.3649022579193115
2020-05-15,4.914785861968994,2.5051655769348145,2.352632761001587
2020-05-18,4.921427249908447,2.5051655769348145,2.3557002544403076
2020-05-19,4.947993755340576,2.519646406173706,2.377171516418457
2020-05-20,4.974559783935547,2.519646406173706,2.3710365295410156
2020-05-21,4.987843990325928,2.577568769454956,2.3741040229797363
2020-05-22,4.934710502624512,2.51240611076355,2.3403639793395996
2020-05-27,4.914785861968994,2.4762039184570312,2.3372962474823
2020-05-28,4.921427249908447,2.5413670539855957,2.328094244003296
2020-05-29,4.981201648712158,2.729616403579712,2.2483437061309814
2020-06-02,4.981201648712158,2.729616403579712,2.2483437061309814
2020-06-03,5.299998760223389,2.780299186706543,2.665499448776245
2020-06-04,5.439472198486328,2.867183208465576,2.683903217315674
2020-06-05,5.366415023803711,2.867183208465576,2.6562976837158203
2020-06-09,5.446114540100098,2.9251065254211426,2.665499448776245
2020-06-10,5.446114540100098,2.9323465824127197,2.659364938735962
2020-06-11,5.366415023803711,2.859943389892578,2.6440281867980957
2020-06-12,5.253507614135742,2.758577823638916,2.5765466690063477
2020-06-15,5.114033222198486,2.628251791000366,2.5182676315307617
2020-06-16,5.153883457183838,2.700654983520508,2.5182676315307617
2020-06-17,5.160525321960449,2.7151355743408203,2.601085662841797
2020-06-18,5.120675563812256,2.678934097290039,2.5765466690063477
2020-06-19,5.087468147277832,2.6644532680511475,2.5428061485290527
2020-06-22,5.087468147277832,2.6716935634613037,2.5734798908233643
2020-06-23,5.0808258056640625,2.6354920864105225,2.515200614929199
2020-06-24,5.074183940887451,2.6210107803344727,2.5274696350097656
2020-06-25,5.05426025390625,2.5848090648651123,2.5121333599090576
2020-06-26,5.060901165008545,2.5920498371124268,2.539738893508911
2020-06-29,5.001127243041992,2.555847644805908,2.5213353633880615
2020-06-30,4.987843990325928,2.577568769454956,2.5305371284484863
2020-07-01,4.994484901428223,2.6137709617614746,2.533604621887207
2020-07-02,5.060901165008545,2.6716935634613037,2.598017930984497
2020-07-03,5.120675563812256,2.678934097290039,2.616422176361084
2020-07-06,5.200375080108643,2.678934097290039,2.659364938735962
2020-07-07,5.1937336921691895,2.678934097290039,2.6685667037963867
2020-07-08,5.253507614135742,2.751337766647339,2.7605860233306885
2020-07-09,5.253507614135742,2.7223763465881348,2.8372693061828613
2020-07-10,5.246866226196289,2.758577823638916,2.8372693061828613
2020-07-13,5.240224361419678,2.751337766647339,2.840336561203003
2020-07-14,5.220299243927002,2.6861746311187744,2.8679425716400146
2020-07-15,5.253507614135742,2.657212972640991,2.8526055812835693
2020-07-16,5.1937336921691895,2.657212972640991,2.825000047683716
2020-07-17,5.27343225479126,2.6137709617614746,2.8035285472869873
2020-07-20,5.1937336921691895,2.555847644805908,2.705374240875244
2020-07-21,5.220299243927002,2.599289894104004,2.757518768310547
2020-07-22,5.213658809661865,2.5703282356262207,2.739114761352539
2020-07-23,5.233582973480225,2.6499722003936768,2.748317003250122
2020-07-24,5.213658809661865,2.5848090648651123,2.7176432609558105
2020-07-27,5.1937336921691895,2.5848090648651123,2.6869702339172363
2020-07-28,5.200375080108643,2.599289894104004,2.6869702339172363
2020-07-29,5.147242069244385,2.60653018951416,2.690037488937378
2020-07-30,5.094110012054443,2.599289894104004,2.607220411300659
2020-08-03,4.981201648712158,2.5051655769348145,2.539738893508911
2020-08-04,4.981201648712158,2.5051655769348145,2.5612106323242188
2020-08-05,4.961277484893799,2.4834444522857666,2.558143377304077
2020-08-06,4.994484901428223,2.4979248046875,2.6041526794433594
2020-08-07,4.981201648712158,2.4906845092773438,2.5704123973846436
2020-08-10,4.994484901428223,2.4979248046875,2.5765466690063477
2020-08-11,4.974559783935547,2.4906845092773438,2.5949513912200928
2020-08-12,5.0808258056640625,2.5630881786346436,2.6685667037963867
2020-08-13,5.180450439453125,2.60653018951416,2.7299132347106934
2020-08-14,5.180450439453125,2.5703282356262207,2.7299132347106934
2020-08-17,5.187091827392578,2.5848090648651123,2.7299132347106934
2020-08-18,5.067543029785156,2.5341267585754395,2.7084414958953857
2020-08-19,5.074183940887451,2.5051655769348145,2.6808359622955322
2020-08-21,5.01440954208374,2.4834444522857666,2.6532301902770996
2020-08-24,4.967918395996094,2.4617230892181396,2.6041526794433594
2020-08-25,4.974559783935547,2.4544825553894043,2.601085662841797
2020-08-26,4.954635143280029,2.4400017261505127,2.5458736419677734
2020-08-27,4.954635143280029,2.4400017261505127,2.548941135406494
2020-08-28,4.868294715881348,2.38931941986084,2.5182676315307617
2020-09-01,4.735462665557861,2.316915988922119,2.4415853023529053
2020-09-02,4.81516170501709,2.3748385906219482,2.475325584411621
2020-09-03,4.788596153259277,2.3531174659729004,2.469190835952759
2020-09-04,4.788596153259277,2.3603579998016357,2.4538543224334717
2020-09-07,4.821803569793701,2.345877170562744,2.4630563259124756
2020-09-08,4.981201648712158,2.338636875152588,2.4538543224334717
2020-09-09,4.947993755340576,2.316915988922119,2.469190835952759
2020-09-10,4.981201648712158,2.3024353981018066,2.4814600944519043
2020-09-11,4.947993755340576,2.2951948642730713,2.4661238193511963
2020-09-14,4.835086822509766,2.280714273452759,2.459988832473755
2020-09-15,4.981201648712158,2.338636875152588,2.5612106323242188
2020-09-17,4.894861221313477,2.3024353981018066,2.5305371284484863
2020-09-18,4.788596153259277,2.287954330444336,2.4446523189544678
2020-09-21,4.775312423706055,2.2589926719665527,2.4047772884368896
2020-09-22,4.781954288482666,2.2589926719665527,2.432382822036743
2020-09-23,4.76202917098999,2.2445123195648193,2.3986423015594482
2020-09-24,4.708896636962891,2.20831036567688,2.3802390098571777
2020-09-25,4.702254772186279,2.2155508995056152,2.3679697513580322
2020-09-28,4.7155375480651855,2.2227911949157715,2.3649022579193115
2020-09-29,4.755386829376221,2.237271785736084,2.3894407749176025
2020-09-30,4.795237064361572,2.2300314903259277,2.4078447818756104
2020-10-01,4.768671035766602,2.2300314903259277,2.4201138019561768
2020-10-02,4.722179889678955,2.2155508995056152,2.4139792919158936
2020-10-05,4.72882080078125,2.2155508995056152,2.4231812953948975
2020-10-06,4.775312423706055,2.20831036567688,2.4293158054351807
2020-10-07,4.7155375480651855,2.1938295364379883,2.3894407749176025
2020-10-08,4.848369598388672,2.2517526149749756,2.4538543224334717
2020-10-09,4.914785861968994,2.287954330444336,2.475325584411621
2020-10-12,4.881577491760254,2.2445123195648193,2.42624831199646
2020-10-13,4.881577491760254,2.2517526149749756,2.4477195739746094
2020-10-14,4.8085198402404785,2.20831036567688,2.4446523189544678
2020-10-15,4.788596153259277,2.20831036567688,2.469190835952759
2020-10-16,4.748746395111084,2.20831036567688,2.432382822036743
2020-10-19,4.781954288482666,2.2155508995056152,2.4293158054351807
2020-10-20,4.768671035766602,2.2010700702667236,2.4231812953948975
2020-10-21,4.748746395111084,2.1938295364379883,2.4170467853546143
2020-10-22,4.688971042633057,2.1938295364379883,2.3863730430603027
2020-10-23,4.702254772186279,2.20831036567688,2.4293158054351807
2020-10-26,4.702254772186279,2.2010700702667236,2.4078447818756104
2020-10-27,4.695613384246826,2.2010700702667236,2.410912036895752
2020-10-28,4.695613384246826,2.1721084117889404,2.4047772884368896
2020-10-30,4.6491217613220215,2.135906457901001,2.312757730484009
2020-11-02,4.655764102935791,2.099705219268799,2.2882189750671387
2020-11-03,4.6491217613220215,2.135906457901001,2.294354200363159
2020-11-04,4.6491217613220215,2.1503870487213135,2.279017210006714
2020-11-05,4.702254772186279,2.2155508995056152,2.3004884719848633
2020-11-06,4.768671035766602,2.2445123195648193,2.334228754043579
2020-11-09,4.72882080078125,2.2155508995056152,2.3464980125427246
2020-11-10,5.087468147277832,2.447242021560669,2.6378934383392334
2020-11-11,5.107392311096191,2.38931941986084,2.7115087509155273
2020-11-12,5.180450439453125,2.4544825553894043,2.748317003250122
2020-11-13,5.266790390014648,2.4906845092773438,2.723778247833252
2020-11-16,5.406264781951904,2.729616403579712,2.8342020511627197
2020-11-17,5.512530326843262,2.751337766647339,2.8986153602600098
2020-11-18,5.466038703918457,2.6934146881103516,2.92315411567688
2020-11-19,5.379698753356934,2.6354920864105225,2.8188655376434326
2020-11-20,5.419547080993652,2.6354920864105225,2.806596279144287
2020-11-23,5.379698753356934,2.6354920864105225,2.7943265438079834
2020-11-24,5.399622440338135,2.6354920864105225,2.8188655376434326
2020-11-25,5.459397315979004,2.7368569374084473,2.9016828536987305
2020-11-26,5.439472198486328,2.758577823638916,2.871009349822998
2020-11-27,5.505888938903809,2.7730586528778076,2.8526055812835693
2020-11-30,5.246866226196289,2.628251791000366,2.6685667037963867
2020-12-01,5.439472198486328,2.7151355743408203,2.748317003250122
2020-12-02,5.492605209350586,2.7440972328186035,2.7513840198516846
2020-12-03,5.512530326843262,2.780299186706543,2.8526055812835693
2020-12-04,5.446114540100098,2.8237414360046387,2.8526055812835693
2020-12-07,5.492605209350586,2.8527023792266846,2.8526055812835693
2020-12-08,5.47268009185791,2.8454625606536865,2.83113431930542
2020-12-09,5.5656633377075195,2.9323465824127197,3.045846700668335
2020-12-10,5.5656633377075195,3.0988752841949463,3.0979909896850586
2020-12-11,5.917666912078857,3.22196102142334,3.3587124347686768
2020-12-14,5.911026477813721,3.2436816692352295,3.2666938304901123
2020-12-15,5.8778181076049805,3.258162498474121,3.32497239112854
2020-12-16,5.851251602172852,3.258162498474121,3.3556458950042725
2020-12-17,5.868114471435547,3.1857595443725586,3.2973666191101074
2020-12-18,5.706235408782959,3.171278715133667,3.1654717922210693
2020-12-21,5.719725608825684,3.113355875015259,3.16853928565979
2020-12-22,5.665765285491943,2.9830291271209717,3.1378657817840576
2020-12-23,5.726470470428467,3.0481925010681152,3.159337282180786
2020-12-24,5.692745685577393,3.033712148666382,3.153202772140503
2020-12-28,5.760194778442383,3.113355875015259,3.186943292617798
2020-12-29,5.787174701690674,3.14955735206604,3.1746740341186523
2020-12-30,5.780429363250732,3.171278715133667,3.1746740341186523
2020-12-31,5.706235408782959,3.113355875015259,3.159337282180786
2021-01-04,5.632040977478027,3.0988752841949463,3.147068738937378
2021-01-05,5.605060577392578,3.113355875015259,3.162405014038086
2021-01-06,5.5578460693359375,3.011990547180176,3.119462251663208
2021-01-07,5.584826946258545,2.9975101947784424,3.1286637783050537
2021-01-08,5.665765285491943,2.9757888317108154,3.119462251663208
2021-01-11,5.524121284484863,2.9251065254211426,3.1102607250213623
2021-01-12,5.395967960357666,2.8382222652435303,3.079586982727051
2021-01-13,5.598315715789795,2.9468278884887695,3.282029628753662
2021-01-14,5.632040977478027,2.9975101947784424,3.32804012298584
2021-01-15,5.564591407775879,2.968548059463501,3.251357078552246
2021-01-18,5.44992733001709,2.8961448669433594,3.217616558074951
2021-01-19,5.463417053222656,2.8961448669433594,3.2053472995758057
2021-01-20,5.456672191619873,2.9251065254211426,3.269760847091675
2021-01-21,5.429692268371582,2.8961448669433594,3.3065683841705322
2021-01-22,5.395967960357666,2.8816637992858887,3.3219048976898193
2021-01-25,5.315028190612793,2.780299186706543,3.2666938304901123
2021-01-26,5.2745585441589355,2.8020198345184326,3.374049186706543
2021-01-27,5.308282852172852,2.8527023792266846,3.343376636505127
2021-01-29,5.267813205718994,2.780299186706543,3.21301531791687
2021-02-02,5.294793605804443,2.7947797775268555,3.14400053024292
2021-02-03,5.355496883392334,2.8237414360046387,3.14400053024292
2021-02-04,5.321772575378418,2.859943389892578,3.1286637783050537
2021-02-05,5.301537990570068,2.8165009021759033,3.159337282180786
2021-02-08,5.2813029289245605,2.859943389892578,3.1286637783050537
2021-02-09,5.362241744995117,2.939587354660034,3.1746740341186523
2021-02-10,5.416202068328857,3.033712148666382,3.236020088195801
2021-02-11,5.382476806640625,3.033712148666382,3.251357078552246
2021-02-15,5.476907253265381,3.0554327964782715,3.2283523082733154
2021-02-16,5.490396499633789,3.0988752841949463,3.236020088195801
2021-02-17,5.456672191619873,3.0843939781188965,3.21301531791687
2021-02-18,5.348752021789551,2.990269422531128,3.1516690254211426
2021-02-19,5.416202068328857,3.077153444290161,3.167006015777588
2021-02-22,5.362241744995117,3.011990547180176,3.14400053024292
2021-02-23,5.321772575378418,3.033712148666382,3.1286637783050537
2021-02-24,5.321772575378418,3.0481925010681152,3.1286637783050537
2021-02-25,5.456672191619873,3.1350767612457275,3.197678804397583
2021-02-26,5.416202068328857,3.1350767612457275,3.1900107860565186
2021-03-01,5.436437129974365,3.0554327964782715,3.220684051513672
2021-03-02,5.44992733001709,3.0988752841949463,3.236020088195801
2021-03-03,5.490396499633789,3.1061153411865234,3.236020088195801
2021-03-04,5.530866622924805,3.1640377044677734,3.2436890602111816
2021-03-05,5.6387858390808105,3.250922203063965,3.3357086181640625
2021-03-08,5.73321533203125,3.3160855770111084,3.374049186706543
2021-03-09,5.73321533203125,3.3667681217193604,3.3893871307373047
2021-03-10,5.760194778442383,3.3595285415649414,3.412391424179077
2021-03-11,5.766940593719482,3.330566883087158,3.428189516067505
2021-03-12,5.665765285491943,3.2364418506622314,3.412391424179077
2021-03-15,5.719725608825684,3.279883861541748,3.412391424179077
2021-03-16,5.719725608825684,3.294365167617798,3.3965930938720703
2021-03-17,5.632040977478027,3.2654035091400146,3.349198579788208
2021-03-18,5.645530700683594,3.294365167617798,3.3807945251464844
2021-03-19,5.652276039123535,3.3160855770111084,3.3412997722625732
2021-03-22,5.618551254272461,3.258162498474121,3.3334004878997803
2021-03-23,5.578081130981445,3.2436816692352295,3.301804542541504
2021-03-24,5.5578460693359375,3.2935235500335693,3.301804542541504
2021-03-25,5.551101207733154,3.2642483711242676,3.293905258178711
2021-03-26,5.564591407775879,3.249610662460327,3.3097033500671387
2021-03-29,5.652276039123535,3.249610662460327,3.3412997722625732
2021-03-30,5.665765285491943,3.2642483711242676,3.3807945251464844
2021-03-31,5.564591407775879,3.1764214038848877,3.3176028728485107
2021-04-01,5.564591407775879,3.19105863571167,3.3334004878997803
2021-04-02,5.564591407775879,3.2276535034179688,3.349198579788208
2021-04-05,5.625296592712402,3.18373966217041,3.3334004878997803
2021-04-06,5.605060577392578,3.1471452713012695,3.3176028728485107
2021-04-07,5.719725608825684,3.18373966217041,3.3334004878997803
2021-04-08,5.584826946258545,3.1251885890960693,3.3255019187927246
2021-04-09,5.591571807861328,3.1398262977600098,3.3176028728485107
2021-04-12,5.6118059158325195,3.1105504035949707,3.3255019187927246
2021-04-13,5.6118059158325195,3.0959131717681885,3.3412997722625732
2021-04-14,5.605060577392578,3.132507801055908,3.3176028728485107
2021-04-15,5.598315715789795,3.1471452713012695,3.3412997722625732
2021-04-16,5.584826946258545,3.1398262977600098,3.3176028728485107
2021-04-19,5.584826946258545,3.103231191635132,3.3097033500671387
2021-04-20,5.605060577392578,3.1398262977600098,3.3176028728485107
2021-04-21,5.598315715789795,3.0885934829711914,3.301804542541504
2021-04-22,5.584826946258545,3.103231191635132,3.3176028728485107
2021-04-23,5.57133674621582,3.0666370391845703,3.293905258178711
2021-04-26,5.6387858390808105,3.051999092102051,3.3097033500671387
2021-04-27,5.57133674621582,3.0227231979370117,3.293905258178711
2021-04-28,5.564591407775879,3.0666370391845703,3.293905258178711
2021-04-30,5.551101207733154,3.0300421714782715,3.2781074047088623
2021-05-03,5.578081130981445,3.0227231979370117,3.2623093128204346
2021-05-04,5.5578460693359375,3.0080854892730713,3.2544097900390625
2021-05-05,5.53761100769043,2.9714910984039307,3.2465109825134277
2021-05-06,5.551101207733154,3.0080854892730713,3.230712890625
2021-05-07,5.5578460693359375,3.044680118560791,3.2386116981506348
2021-05-10,5.5578460693359375,3.0227231979370117,3.2386116981506348
2021-05-11,5.524121284484863,3.0007660388946533,3.2386116981506348
2021-05-12,5.53761100769043,3.0593178272247314,3.2702081203460693
2021-05-17,5.598315715789795,3.1105504035949707,3.364996910095215
2021-05-18,5.659021377563477,3.1398262977600098,3.3097033500671387
2021-05-19,5.584826946258545,3.07395601272583,3.3097033500671387
2021-05-20,5.578081130981445,3.1105504035949707,3.3176028728485107
2021-05-21,5.5578460693359375,3.044680118560791,3.2781074047088623
2021-05-24,5.625296592712402,3.07395601272583,3.286006450653076
2021-05-25,5.618551254272461,3.0812747478485107,3.293905258178711
2021-05-27,5.618551254272461,3.0885934829711914,3.3728957176208496
2021-05-28,5.798881530761719,3.18373966217041,3.3728957176208496
2021-05-31,5.784738063812256,3.132507801055908,3.3255019187927246
2021-06-01,5.798881530761719,3.2569291591644287,3.3255019187927246
2021-06-02,5.827168941497803,3.3227994441986084,3.349198579788208
2021-06-03,5.798881530761719,3.278885841369629,3.349198579788208
2021-06-04,5.7776665687561035,3.2569291591644287,3.3176028728485107
2021-06-08,5.798881530761719,3.366713523864746,3.3728957176208496
2021-06-09,5.798881530761719,3.403308391571045,3.3176028728485107
2021-06-10,5.784738063812256,3.3813512325286865,3.3176028728485107
2021-06-11,5.784738063812256,3.3520755767822266,3.3255019187927246
2021-06-14,5.791809558868408,3.3593943119049072,3.3412997722625732
2021-06-15,5.798881530761719,3.3813512325286865,3.3255019187927246
2021-06-16,5.7776665687561035,3.3886702060699463,3.3255019187927246
2021-06-17,5.7776665687561035,3.3886702060699463,3.3097033500671387
2021-06-18,5.798881530761719,3.366713523864746,3.3176028728485107
2021-06-21,5.784738063812256,3.3593943119049072,3.301804542541504
2021-06-22,5.798881530761719,3.366713523864746,3.3176028728485107
2021-06-23,5.798881530761719,3.366713523864746,3.3097033500671387
2021-06-24,5.798881530761719,3.4399032592773438,3.301804542541504
2021-06-25,5.791809558868408,3.432584285736084,3.3097033500671387
2021-06-28,5.756451606750488,3.374032497406006,3.2781074047088623
2021-06-29,5.749379634857178,3.374032497406006,3.2781074047088623
2021-06-30,5.735235214233398,3.374032497406006,3.2465109825134277
2021-07-01,5.735235214233398,3.3959898948669434,3.2544097900390625
2021-07-02,5.735235214233398,3.3959898948669434,3.2465109825134277
2021-07-05,5.749379634857178,3.374032497406006,3.2544097900390625
2021-07-06,5.7281646728515625,3.3593943119049072,3.2386116981506348
2021-07-07,5.6998772621154785,3.366713523864746,3.222813606262207
2021-07-08,5.678660869598389,3.2422914505004883,3.1991167068481445
2021-07-09,5.749379634857178,3.2862048149108887,3.2070159912109375
2021-07-12,5.6998772621154785,3.3008434772491455,3.222813606262207
2021-07-13,5.6998772621154785,3.2935235500335693,3.222813606262207
2021-07-14,5.692805290222168,3.3154807090759277,3.2149150371551514
2021-07-15,5.692805290222168,3.3227994441986084,3.1991167068481445
2021-07-16,5.692805290222168,3.3154807090759277,3.2070159912109375
2021-07-19,5.678660869598389,3.337437868118286,3.1912176609039307
2021-07-21,5.6645188331604,3.278885841369629,3.167520523071289
2021-07-22,5.685733318328857,3.3301191329956055,3.175419807434082
2021-07-23,5.678660869598389,3.3008434772491455,3.175419807434082
2021-07-26,5.65744686126709,3.2862048149108887,3.1596217155456543
2021-07-27,5.65744686126709,3.3154807090759277,3.167520523071289
2021-07-28,5.685733318328857,3.3008434772491455,3.167520523071289
2021-07-29,5.685733318328857,3.3301191329956055,3.1517221927642822
2021-07-30,5.6645188331604,3.2569291591644287,3.1438229084014893
2021-08-02,5.650373935699463,3.2715671062469482,3.1359243392944336
2021-08-03,5.692805290222168,3.3227994441986084,3.1596217155456543
2021-08-04,5.6645188331604,3.3008434772491455,3.128025531768799
2021-08-05,5.685733318328857,3.3301191329956055,3.128025531768799
2021-08-06,5.643302917480469,3.3301191329956055,3.112227201461792
2021-08-09,5.65744686126709,3.308161735534668,3.128025531768799
2021-08-11,5.678660869598389,3.3520755767822266,3.128025531768799
2021-08-12,5.6645188331604,3.366713523864746,3.120126485824585
2021-08-13,5.692805290222168,3.366713523864746,3.112227201461792
2021-08-16,5.6998772621154785,3.3008434772491455,3.104328155517578
2021-08-17,5.756451606750488,3.366713523864746,3.120126485824585
2021-08-18,5.756451606750488,3.374032497406006,3.112227201461792
2021-08-19,5.721092224121094,3.366713523864746,3.0885298252105713
2021-08-20,5.742308139801025,3.3959898948669434,3.0964291095733643
2021-08-23,5.7776665687561035,3.4252655506134033,3.112227201461792
2021-08-24,5.883743762969971,3.5350492000579834,3.2465109825134277
2021-08-25,5.8908162117004395,3.5570061206817627,3.2386116981506348
2021-08-26,5.975677490234375,3.5936009883880615,3.286006450653076
2021-08-27,5.919102191925049,3.578962802886963,3.301804542541504
2021-08-30,5.940317630767822,3.5936009883880615,3.301804542541504
2021-09-01,5.869600772857666,3.578962802886963,3.222813606262207
2021-09-02,5.848384857177734,3.5936009883880615,3.2149150371551514
2021-09-03,5.9120306968688965,3.630195379257202,3.2623093128204346
2021-09-06,5.8908162117004395,3.630195379257202,3.230712890625
2021-09-07,5.848384857177734,3.5936009883880615,3.2386116981506348
2021-09-08,5.87667179107666,3.6155576705932617,3.2781074047088623
2021-09-09,5.841313362121582,3.5350492000579834,3.2386116981506348
2021-09-10,5.862527847290039,3.5496866703033447,3.2386116981506348
2021-09-13,5.869600772857666,3.5423688888549805,3.2667734622955322
2021-09-14,5.862527847290039,3.4984548091888428,3.218496561050415
2021-09-15,5.862527847290039,3.5130927562713623,3.2265424728393555
2021-09-17,5.834240913391113,3.5277302265167236,3.2667734622955322
2021-09-20,5.869600772857666,3.5130927562713623,3.234588384628296
2021-09-21,5.8908162117004395,3.4984548091888428,3.242635488510132
2021-09-22,5.92740535736084,3.5130927562713623,3.250681161880493
2021-09-23,5.963992595672607,3.5643253326416016,3.2667734622955322
2021-09-24,5.92740535736084,3.5204110145568848,3.250681161880493
2021-09-27,5.92740535736084,3.5204110145568848,3.2828662395477295
2021-09-28,5.92740535736084,3.546146869659424,3.3070051670074463
2021-09-29,5.92740535736084,3.5985159873962402,3.2989580631256104
2021-09-30,5.890816688537598,3.5760726928710938,3.274820327758789
2021-10-01,5.890816688537598,3.5162220001220703,3.250681161880493
2021-10-04,5.8761796951293945,3.5162220001220703,3.242635488510132
2021-10-05,5.861544132232666,3.5311849117279053,3.2667734622955322
2021-10-06,5.912768840789795,3.6059978008270264,3.2667734622955322
2021-10-07,5.890816688537598,3.635923147201538,3.2828662395477295
2021-10-08,5.890816688537598,3.66584849357605,3.2828662395477295
2021-10-11,5.971311569213867,3.740661859512329,3.3070051670074463
2021-10-12,6.022535800933838,3.8229563236236572,3.347236156463623
2021-10-13,6.066441535949707,3.8902881145477295,3.37137508392334
2021-10-14,6.059124946594238,3.830436944961548,3.37137508392334
2021-10-15,6.059124946594238,3.8528809547424316,3.3794212341308594
2021-10-18,6.081077575683594,3.9651007652282715,3.403559684753418
2021-10-20,6.081077575683594,4.047394752502441,3.435744524002075
2021-10-21,6.000582695007324,3.9875450134277344,3.403559684753418
2021-10-22,5.963992595672607,3.9127321243286133,3.403559684753418
2021-10-25,5.963992595672607,3.920213460922241,3.4116058349609375
2021-10-26,5.94204044342041,3.9276952743530273,3.403559684753418
2021-10-27,5.949357986450195,3.9501380920410156,3.403559684753418
2021-10-28,5.934722423553467,3.9276952743530273,3.3794212341308594
2021-10-29,5.890816688537598,3.905250072479248,3.3552825450897217
2021-11-01,5.8469085693359375,3.7705862522125244,3.250681161880493
2021-11-02,5.8469085693359375,3.8079936504364014,3.250681161880493
2021-11-03,5.854227066040039,3.7930307388305664,3.250681161880493
2021-11-05,5.861544132232666,3.7930307388305664,3.242635488510132
2021-11-08,5.861544132232666,3.7930307388305664,3.250681161880493
2021-11-09,5.8469085693359375,3.755624532699585,3.242635488510132
2021-11-10,5.8469085693359375,3.740661859512329,3.234588384628296
2021-11-11,5.854227066040039,3.7481436729431152,3.234588384628296
2021-11-12,5.934722423553467,3.7705862522125244,3.234588384628296
2021-11-15,5.92740535736084,3.7481436729431152,3.2265424728393555
2021-11-16,5.920086860656738,3.755624532699585,3.234588384628296
2021-11-17,5.90545129776001,3.7930307388305664,3.258727550506592
2021-11-18,5.883498668670654,3.8005118370056152,3.258727550506592
2021-11-19,5.912768840789795,3.815474510192871,3.274820327758789
2021-11-22,5.963992595672607,3.8603625297546387,3.274820327758789
2021-11-23,5.971311569213867,3.8828067779541016,3.274820327758789
2021-11-24,5.94204044342041,3.8828067779541016,3.274820327758789
2021-11-25,5.934722423553467,3.8678436279296875,3.234588384628296
2021-11-26,5.92740535736084,3.815474510192871,3.218496561050415
2021-11-29,5.890816688537598,3.8229563236236572,3.1863114833831787
2021-11-30,5.839591026306152,3.8753249645233154,3.1702189445495605
2021-12-01,5.817637920379639,3.7631053924560547,3.146080493927002
2021-12-02,5.817637920379639,3.8603625297546387,3.146080493927002
2021-12-06,5.8469085693359375,3.920213460922241,3.121941566467285
2021-12-07,5.92740535736084,3.9651007652282715,3.2104504108428955
2021-12-08,5.92740535736084,3.9501380920410156,3.2024037837982178
2021-12-09,5.934722423553467,3.920213460922241,3.2104504108428955
2021-12-10,5.94204044342041,3.8753249645233154,3.2104504108428955
2021-12-13,5.985947132110596,3.920213460922241,3.218496561050415
2021-12-14,5.920086860656738,3.845399856567383,3.218496561050415
2021-12-15,5.92740535736084,3.8603625297546387,3.2265424728393555
2021-12-16,5.934722423553467,3.9127321243286133,3.242635488510132
2021-12-17,5.912768840789795,3.9800631999969482,3.2828662395477295
2021-12-20,5.934722423553467,3.95762038230896,3.274820327758789
2021-12-21,5.956676006317139,3.9875450134277344,3.2828662395477295
2021-12-22,6.0152177810668945,4.024951457977295,3.2989580631256104
2021-12-23,6.037171840667725,4.009988784790039,3.331144094467163
2021-12-24,6.037171840667725,4.009988784790039,3.3150508403778076
2021-12-27,6.073760509490967,4.032432556152344,3.3391902446746826
2021-12-28,6.073760509490967,4.054877281188965,3.363328695297241
2021-12-29,6.0957136154174805,4.0623579025268555,3.37137508392334
2021-12-30,6.073760509490967,4.047394752502441,3.3391902446746826
2021-12-31,6.073760509490967,4.0773210525512695,3.347236156463623
2022-01-03,6.0957136154174805,4.107245922088623,3.3391902446746826
2022-01-04,6.117667198181152,4.054877281188965,3.3230972290039062
2022-01-05,6.110349178314209,4.092283725738525,3.3552825450897217
2022-01-06,6.073760509490967,4.0623579025268555,3.3150508403778076
2022-01-07,6.088395118713379,4.084802150726318,3.347236156463623
2022-01-10,6.103031158447266,4.241909980773926,3.363328695297241
2022-01-11,6.22011661529541,4.204503059387207,3.403559684753418
2022-01-12,6.1542558670043945,4.159615516662598,3.4196524620056152
2022-01-13,6.22011661529541,4.182060718536377,3.4116058349609375
2022-01-14,6.190844535827637,4.1446533203125,3.3794212341308594
2022-01-17,6.1542558670043945,4.122209548950195,3.3955135345458984
2022-01-19,6.088395118713379,3.9875450134277344,3.363328695297241
2022-01-20,6.059124946594238,3.9276952743530273,3.3552825450897217
2022-01-21,6.059124946594238,3.9651007652282715,3.363328695297241
2022-01-24,6.037171840667725,3.9276952743530273,3.37137508392334
2022-01-25,6.022535800933838,3.9276952743530273,3.363328695297241
2022-01-26,6.073760509490967,3.935175657272339,3.3794212341308594
2022-01-27,6.073760509490967,3.9276952743530273,3.387467384338379
2022-01-28,6.081077575683594,3.9501380920410156,3.3955135345458984
2022-01-31,6.051806449890137,3.8902881145477295,3.387467384338379
2022-02-03,6.088395118713379,3.942657232284546,3.403559684753418
2022-02-04,6.04448938369751,3.935175657272339,3.403559684753418
2022-02-07,6.0957136154174805,3.935175657272339,3.3955135345458984
2022-02-08,6.110349178314209,3.920213460922241,3.387467384338379
2022-02-09,6.22011661529541,4.039915084838867,3.459883689880371
2022-02-10,6.2567057609558105,4.1446533203125,3.5001144409179688
2022-02-11,6.271340847015381,4.152134895324707,3.5001144409179688
2022-02-14,6.2932939529418945,4.197022438049316,3.5081613063812256
2022-02-15,6.307929515838623,4.226947784423828,3.532299280166626
2022-02-16,6.359154224395752,4.226947784423828,3.5483920574188232
2022-02-17,6.35183572769165,4.211984157562256,3.5483920574188232
2022-02-18,6.337200164794922,4.189540386199951,3.532299280166626
2022-02-21,6.43964958190918,4.167097568511963,3.516206979751587
2022-02-22,6.381107330322266,4.114727973937988,3.492068290710449
2022-02-23,6.417695999145508,4.152134895324707,3.5081613063812256
2022-02-24,6.366471767425537,4.099765300750732,3.4437906742095947
2022-02-25,6.49819278717041,4.241909980773926,3.516206979751587
2022-02-28,6.4103779792785645,4.271834850311279,3.5805776119232178
2022-03-01,6.512826919555664,3.95762038230896,3.55643892288208
2022-03-02,6.542098045349121,3.7631053924560547,3.5483920574188232
2022-03-03,6.673818111419678,3.815474510192871,3.5644848346710205
2022-03-04,6.586005687713623,3.7930307388305664,3.55643892288208
2022-03-07,6.43233060836792,3.643404722213745,3.4679296016693115
2022-03-08,6.43964958190918,3.5536282062530518,3.459883689880371
2022-03-09,6.446967124938965,3.6583666801452637,3.5403459072113037
2022-03-10,6.5494160652160645,3.7631053924560547,3.6369009017944336
2022-03-11,6.520144939422607,3.7780678272247314,3.6017024517059326
2022-03-14,6.520144939422607,3.7930307388305664,3.6344451904296875
2022-03-15,6.564051628112793,3.8079936504364014,3.6671886444091797
2022-03-16,6.738184452056885,3.9651007652282715,3.6999306678771973
2022-03-17,6.798752784729004,4.099765300750732,3.789973020553589
2022-03-18,6.829037189483643,4.009988784790039,3.839087963104248
2022-03-21,6.7003302574157715,4.002508163452148,3.789973020553589
2022-03-22,6.685188293457031,3.9651007652282715,3.781787395477295
2022-03-23,6.768468379974365,4.017470359802246,3.806344509124756
2022-03-24,6.798752784729004,4.039915084838867,3.806344509124756
2022-03-25,6.738184452056885,4.11306095123291,3.8145291805267334
2022-03-28,6.783610820770264,4.082423686981201,3.822716236114502
2022-03-29,6.738184452056885,4.074763774871826,3.789973020553589
2022-03-30,6.723043918609619,4.082423686981201,3.806344509124756
2022-03-31,6.768468379974365,4.082423686981201,3.822716236114502
2022-04-01,6.798752784729004,4.082423686981201,3.9127583503723145
2022-04-04,6.783610820770264,4.059445858001709,3.863644599914551
2022-04-05,6.707900047302246,4.036467552185059,3.847273111343384
2022-04-06,6.7306132316589355,4.067105293273926,3.855458974838257
2022-04-07,6.685188293457031,4.097742557525635,3.830901861190796
2022-04-08,6.7003302574157715,4.097742557525635,3.830901861190796
2022-04-11,6.7003302574157715,4.082423686981201,3.822716236114502
2022-04-12,6.677617073059082,4.082423686981201,3.822716236114502
2022-04-13,6.692759037017822,4.044126510620117,3.822716236114502
2022-04-14,6.685188293457031,3.936896324157715,3.822716236114502
2022-04-15,6.654903411865234,3.8986001014709473,3.822716236114502
2022-04-18,6.624619960784912,3.8526437282562256,3.789973020553589
2022-04-20,6.6624755859375,3.8986001014709473,3.806344509124756
2022-04-21,6.723043918609619,3.959873914718628,3.822716236114502
2022-04-22,6.768468379974365,3.959873914718628,3.863644599914551
2022-04-25,6.7306132316589355,3.9522149562835693,3.855458974838257
2022-04-26,6.7760396003723145,3.975193500518799,3.863644599914551
2022-04-27,6.798752784729004,3.9445552825927734,3.855458974838257
2022-04-28,6.844178199768066,3.975193500518799,3.855458974838257
2022-04-29,6.8668904304504395,3.9828524589538574,3.839087963104248
2022-05-05,6.806323528289795,3.9139187335968018,3.789973020553589
2022-05-06,6.813895225524902,3.9215774536132812,3.757230281829834
2022-05-09,6.813895225524902,3.9062588214874268,3.7326736450195312
2022-05-10,6.813895225524902,3.890939950942993,3.798159122467041
2022-05-11,6.889604091644287,3.9062588214874268,3.806344509124756
2022-05-12,6.8668904304504395,3.867962121963501,3.789973020553589
2022-05-13,6.783610820770264,3.860302686691284,3.7081165313720703
2022-05-17,6.7760396003723145,3.875621795654297,3.7081165313720703
2022-05-18,6.806323528289795,3.8832812309265137,3.77360200881958
2022-05-19,6.798752784729004,3.860302686691284,3.740859270095825
2022-05-20,6.783610820770264,3.844984769821167,3.6999306678771973
2022-05-23,6.798752784729004,3.8373258113861084,3.716301679611206
2022-05-24,6.783610820770264,3.7913691997528076,3.6835596561431885
2022-05-25,6.783610820770264,3.7913691997528076,3.7244882583618164
2022-05-26,6.798752784729004,3.8373258113861084,3.765415668487549
2022-05-27,6.806323528289795,3.867962121963501,3.781787395477295
2022-05-30,6.798752784729004,3.867962121963501,3.757230281829834
2022-05-31,6.889604091644287,3.9445552825927734,3.8718302249908447
2022-06-01,6.7306132316589355,3.9828524589538574,3.789973020553589
2022-06-02,6.768468379974365,3.9675333499908447,3.77360200881958
2022-06-03,6.723043918609619,3.9062588214874268,3.74904465675354
2022-06-07,6.692759037017822,3.875621795654297,3.6999306678771973
2022-06-08,6.692759037017822,3.8832812309265137,3.740859270095825
2022-06-09,6.6624755859375,3.8832812309265137,3.740859270095825
2022-06-10,6.624619960784912,3.860302686691284,3.7081165313720703
2022-06-13,6.571621894836426,3.776050329208374,3.6671886444091797
2022-06-14,6.571621894836426,3.8220062255859375,3.6917452812194824
2022-06-15,6.5337677001953125,3.7990283966064453,3.6671886444091797
2022-06-16,6.601906776428223,3.844984769821167,3.7244882583618164
2022-06-17,6.723043918609619,3.7683918476104736,3.6753733158111572
2022-06-20,6.548910140991211,3.753072738647461,3.6262595653533936
2022-06-21,6.548910140991211,3.7990283966064453,3.6590025424957275
2022-06-22,6.511054515838623,3.753072738647461,3.6017024517059326
2022-06-23,6.480770587921143,3.753072738647461,3.6017024517059326
2022-06-24,6.511054515838623,3.753072738647461,3.6262595653533936
2022-06-27,6.495911598205566,3.7683918476104736,3.6344451904296875
2022-06-28,6.541338920593262,3.8296663761138916,3.6508166790008545
2022-06-29,6.548910140991211,3.7913691997528076,3.618074417114258
2022-06-30,6.50348424911499,3.7990283966064453,3.5771450996398926
2022-07-01,6.52619743347168,3.8526437282562256,3.618074417114258
2022-07-04,6.511054515838623,3.8526437282562256,3.5935165882110596
2022-07-05,6.518625736236572,3.867962121963501,3.6098878383636475
2022-07-06,6.52619743347168,3.9062588214874268,3.5935165882110596
2022-07-07,6.495911598205566,3.8986001014709473,3.5689597129821777
2022-07-08,6.52619743347168,3.936896324157715,3.6017024517059326
2022-07-12,6.541338920593262,3.9215774536132812,3.6017024517059326
2022-07-13,6.518625736236572,3.8986001014709473,3.5771450996398926
2022-07-14,6.52619743347168,3.9062588214874268,3.6017024517059326
2022-07-15,6.50348424911499,3.867962121963501,3.6017024517059326
2022-07-18,6.495911598205566,3.8986001014709473,3.5935165882110596
2022-07-19,6.480770587921143,3.9062588214874268,3.6017024517059326
2022-07-20,6.511054515838623,3.8986001014709473,3.6262595653533936
2022-07-21,6.586764335632324,3.9522149562835693,3.6344451904296875
2022-07-22,6.670045375823975,4.0211501121521,3.740859270095825
2022-07-25,6.6624755859375,3.9981706142425537,3.781787395477295
2022-07-26,6.654903411865234,3.9828524589538574,3.765415668487549
2022-07-27,6.6624755859375,3.9981706142425537,3.765415668487549
2022-07-28,6.7003302574157715,4.044126510620117,3.798159122467041
2022-07-29,6.707900047302246,3.990511894226074,3.798159122467041
2022-08-01,6.715471267700195,4.0211501121521,3.798159122467041
2022-08-02,6.723043918609619,4.0211501121521,3.8145291805267334
2022-08-03,6.685188293457031,4.00583028793335,3.77360200881958
2022-08-04,6.738184452056885,4.0211501121521,3.806344509124756
2022-08-05,6.7306132316589355,4.0211501121521,3.789973020553589
2022-08-08,6.723043918609619,4.044126510620117,3.798159122467041
2022-08-09,6.7306132316589355,4.05178689956665,3.8145291805267334
2022-08-10,6.738184452056885,4.059445858001709,3.789973020553589
2022-08-11,6.768468379974365,4.11306095123291,3.806344509124756
2022-08-12,6.791182041168213,4.159017086029053,3.806344509124756
2022-08-15,6.745755672454834,4.159017086029053,3.8145291805267334
2022-08-16,6.791182041168213,4.174335479736328,3.806344509124756
2022-08-17,6.791182041168213,4.174335479736328,3.806344509124756
2022-08-18,6.7760396003723145,4.189654350280762,3.806344509124756
2022-08-19,6.753327369689941,4.151357650756836,3.77360200881958
2022-08-22,6.715471267700195,4.067105293273926,3.757230281829834
2022-08-23,6.685188293457031,4.044126510620117,3.765415668487549
2022-08-24,6.670045375823975,4.105401039123535,3.781787395477295
2022-08-25,6.692759037017822,4.1360392570495605,3.77360200881958
2022-08-26,6.745755672454834,4.181994915008545,3.789973020553589
2022-08-29,6.768468379974365,4.1360392570495605,3.789973020553589
2022-08-30,6.791182041168213,4.11306095123291,3.855458974838257
2022-09-01,6.745755672454834,4.1973137855529785,3.8145291805267334
2022-09-02,6.760898590087891,4.212632656097412,3.822716236114502
2022-09-05,6.768468379974365,4.1973137855529785,3.822716236114502
2022-09-06,6.738184452056885,4.181994915008545,3.8145291805267334
2022-09-07,6.760898590087891,4.1360392570495605,3.798159122467041
2022-09-08,6.7760396003723145,4.1360392570495605,3.798159122467041
2022-09-09,6.791182041168213,4.166676998138428,3.839087963104248
2022-09-12,6.806323528289795,4.189654350280762,3.847273111343384
2022-09-13,6.753327369689941,4.174335479736328,3.7639987468719482
2022-09-14,6.7003302574157715,4.1283793449401855,3.6973795890808105
2022-09-15,6.707900047302246,4.11306095123291,3.7223613262176514
2022-09-19,6.746991157531738,4.151357650756836,3.705706834793091
2022-09-20,6.801717758178711,4.1973137855529785,3.705706834793091
2022-09-21,6.82517147064209,4.174335479736328,3.664069652557373
2022-09-22,6.809535980224609,4.120720386505127,3.6557421684265137
2022-09-23,6.793900012969971,4.1283793449401855,3.614105701446533
2022-09-26,6.715719223022461,4.059445858001709,3.564140558242798
2022-09-27,6.700083255767822,4.0211501121521,3.5058486461639404
2022-09-28,6.692264556884766,4.013295650482178,3.5474860668182373
2022-09-29,6.692264556884766,4.044710159301758,3.497521162033081
2022-09-30,6.707900047302246,4.029003143310547,3.52250337600708
2022-10-03,6.723536491394043,4.021148681640625,3.5391581058502197
2022-10-04,6.786080837249756,4.107541084289551,3.5558135509490967
2022-10-05,6.801717758178711,4.131102085113525,3.5391581058502197
2022-10-06,6.778263568878174,4.131102085113525,3.5391581058502197
2022-10-07,6.762627601623535,4.123249530792236,3.5474860668182373
2022-10-11,6.598447322845459,4.154664516448975,3.497521162033081
2022-10-12,6.653173923492432,4.162517547607422,3.5141754150390625
2022-10-13,6.621902942657471,4.162517547607422,3.472538709640503
2022-10-14,6.606265544891357,4.162517547607422,3.497521162033081
2022-10-17,6.660992622375488,4.162517547607422,3.497521162033081
2022-10-18,6.653173923492432,4.123249530792236,3.497521162033081
2022-10-19,6.684447288513184,4.233201503753662,3.614105701446533
2022-10-20,6.723536491394043,4.319593906402588,3.6973795890808105
2022-10-21,6.770444869995117,4.343155384063721,3.7473437786102295
2022-10-25,6.786080837249756,4.3902788162231445,3.705706834793091
2022-10-26,6.801717758178711,4.358863353729248,3.705706834793091
2022-10-27,6.786080837249756,4.398131370544434,3.6890523433685303
2022-10-28,6.707900047302246,4.366716384887695,3.6474146842956543
2022-10-31,6.715719223022461,4.335300922393799,3.7223613262176514
2022-11-01,6.676628589630127,4.303886413574219,3.672396421432495
2022-11-02,6.676628589630127,4.311739444732666,3.705706834793091
2022-11-03,6.57499361038208,4.201786994934082,3.6307601928710938
2022-11-04,6.606265544891357,4.217494010925293,3.6307601928710938
2022-11-07,6.6297197341918945,4.201786994934082,3.6224324703216553
2022-11-08,6.64535665512085,4.256763458251953,3.6474146842956543
2022-11-09,6.746991157531738,4.2724714279174805,3.664069652557373
2022-11-10,6.754809379577637,4.303886413574219,3.6890523433685303
2022-11-11,6.723536491394043,4.335300922393799,3.705706834793091
2022-11-14,6.715719223022461,4.311739444732666,3.6474146842956543
2022-11-15,6.64535665512085,4.248908519744873,3.639087677001953
2022-11-16,6.653173923492432,4.201786994934082,3.5807952880859375
2022-11-17,6.692264556884766,4.248908519744873,3.589122772216797
2022-11-21,6.676628589630127,4.327447891235352,3.6057770252227783
2022-11-22,6.676628589630127,4.327447891235352,3.5724680423736572
2022-11-23,6.684447288513184,4.327447891235352,3.564140558242798
2022-11-24,6.848626136779785,4.610184669494629,3.7639987468719482
2022-11-25,6.778263568878174,4.555208206176758,3.7639987468719482
2022-11-29,6.801717758178711,4.570915699005127,3.672396421432495
2022-11-30,6.746991157531738,4.555208206176758,3.7473437786102295
2022-12-01,6.739173412322998,4.515939235687256,3.7223613262176514
2022-12-02,6.707900047302246,4.42954683303833,3.672396421432495
2022-12-05,6.707900047302246,4.42954683303833,3.6973795890808105
2022-12-06,6.7313551902771,4.374571323394775,3.705706834793091
2022-12-07,6.762627601623535,4.445254325866699,3.680724620819092
2022-12-08,6.739173412322998,4.4059858322143555,3.672396421432495
2022-12-09,6.793900012969971,4.437401294708252,3.672396421432495
2022-12-12,6.801717758178711,4.508085250854492,3.664069652557373
2022-12-13,6.840808391571045,4.5237932205200195,3.6557421684265137
2022-12-14,6.856444835662842,4.578769683837891,3.7313780784606934
2022-12-15,6.801717758178711,4.515939235687256,3.6809542179107666
2022-12-16,6.817354202270508,4.5395002365112305,3.6809542179107666
2022-12-19,6.809535980224609,4.5395002365112305,3.6977624893188477
2022-12-20,6.801717758178711,4.570915699005127,3.6725502014160156
2022-12-21,6.864262104034424,4.547354698181152,3.7061657905578613
2022-12-22,6.809535980224609,4.5395002365112305,3.6977624893188477
2022-12-23,6.864262104034424,4.508085250854492,3.7313780784606934
2022-12-27,6.754809379577637,4.437401294708252,3.613722801208496
2022-12-28,6.809535980224609,4.437401294708252,3.613722801208496
2022-12-29,6.832989692687988,4.555208206176758,3.655742645263672
2022-12-30,6.801717758178711,4.555208206176758,3.630530595779419
2023-01-03,6.809535980224609,4.476669788360596,3.596914291381836
2023-01-04,6.809535980224609,4.437401294708252,3.596914291381836
2023-01-05,6.864262104034424,4.5002312660217285,3.613722801208496
2023-01-06,6.856444835662842,4.453108310699463,3.613722801208496
2023-01-09,6.879899024963379,4.484523296356201,3.6221261024475098
2023-01-10,6.872079849243164,4.492376804351807,3.613722801208496
2023-01-11,6.903352737426758,4.531646728515625,3.6221261024475098
2023-01-12,6.879899024963379,4.515939235687256,3.6221261024475098
2023-01-13,6.926806449890137,4.5395002365112305,3.638934373855591
2023-01-16,6.864262104034424,4.5237932205200195,3.630530595779419
2023-01-17,6.864262104034424,4.531646728515625,3.630530595779419
2023-01-18,6.887716293334961,4.492376804351807,3.605318307876587
2023-01-19,6.879899024963379,4.46881628036499,3.605318307876587
2023-01-20,6.879899024963379,4.531646728515625,3.605318307876587
2023-01-25,6.887716293334961,4.5395002365112305,3.605318307876587
2023-01-26,6.864262104034424,4.492376804351807,3.596914291381836
2023-01-27,6.832989692687988,4.508085250854492,3.571702241897583
2023-01-30,6.864262104034424,4.5395002365112305,3.580106496810913
2023-01-31,6.832989692687988,4.515939235687256,3.563297986984253
2023-02-02,6.817354202270508,4.476669788360596,3.5380866527557373
2023-02-03,6.809535980224609,4.445254325866699,3.5380866527557373
2023-02-07,6.746991157531738,4.382424354553223,3.4960663318634033
2023-02-08,6.754809379577637,4.241055965423584,3.4624500274658203
2023-02-09,6.739173412322998,4.217494010925293,3.4708545207977295
2023-02-10,6.840808391571045,4.217494010925293,3.529682159423828
2023-02-13,6.856444835662842,4.2724714279174805,3.521277904510498
2023-02-14,6.879899024963379,4.248908519744873,3.521277904510498
2023-02-15,6.879899024963379,4.264616966247559,3.512874126434326
2023-02-16,6.856444835662842,4.264616966247559,3.5044703483581543
2023-02-17,6.840808391571045,4.241055965423584,3.4876623153686523
2023-02-20,6.832989692687988,4.256763458251953,3.4960663318634033
2023-02-21,6.801717758178711,4.2724714279174805,3.4876623153686523
2023-02-22,6.770444869995117,4.296032428741455,3.4708545207977295
2023-02-23,6.793900012969971,4.296032428741455,3.4624500274658203
2023-02-24,6.832989692687988,4.296032428741455,3.4708545207977295
2023-02-27,6.840808391571045,4.351009368896484,3.4876623153686523
2023-02-28,6.879899024963379,4.4059858322143555,3.4708545207977295
2023-03-01,6.864262104034424,4.413838863372803,3.4792580604553223
2023-03-02,6.840808391571045,4.382424354553223,3.4792580604553223
2023-03-03,6.809535980224609,4.3902788162231445,3.4792580604553223
2023-03-06,6.793900012969971,4.3902788162231445,3.4456424713134766
2023-03-07,6.786080837249756,4.358863353729248,3.4708545207977295
2023-03-08,6.778263568878174,4.374571323394775,3.4540460109710693
2023-03-09,6.809535980224609,4.319593906402588,3.4708545207977295
2023-03-10,6.801717758178711,4.264616966247559,3.4204304218292236
2023-03-13,6.8341064453125,4.288755893707275,3.411921739578247
2023-03-14,6.753134727478027,4.160012722015381,3.3013107776641846
2023-03-15,6.761231422424316,4.208292007446289,3.360870361328125
2023-03-16,6.688356399536133,4.143919944763184,3.343853235244751
2023-03-17,6.785523891448975,4.200244426727295,3.377887725830078
2023-03-20,6.753134727478027,4.143919944763184,3.360870361328125
2023-03-21,6.801717758178711,4.176106929779053,3.394904613494873
2023-03-22,6.923177719116211,4.184152603149414,3.4034132957458496
2023-03-23,6.874593257904053,4.19219970703125,3.360870361328125
2023-03-24,6.826009750366211,4.176106929779053,3.3183279037475586
2023-03-27,6.8341064453125,4.151966571807861,3.309819459915161
2023-03-28,6.890787601470947,4.19219970703125,3.3523621559143066
2023-03-29,6.931273937225342,4.272663593292236,3.3693788051605225
2023-03-30,6.987955093383789,4.304849147796631,3.3863959312438965
2023-03-31,6.9393720626831055,4.272663593292236,3.4034132957458496
2023-04-03,7.0203447341918945,4.264617443084717,3.4034132957458496
2023-04-04,7.012246608734131,4.288755893707275,3.4034132957458496
2023-04-05,7.012246608734131,4.272663593292236,3.4204301834106445
2023-04-06,7.004149913787842,4.232430934906006,3.411921739578247
2023-04-07,7.012246608734131,4.151966571807861,3.394904613494873
2023-04-10,7.004149913787842,4.168059349060059,3.3863959312438965
2023-04-11,7.068927764892578,4.200244426727295,3.394904613494873
2023-04-12,7.044636249542236,4.216338157653809,3.4204301834106445
2023-04-13,7.052733898162842,4.184152603149414,3.394904613494873
2023-04-14,7.052733898162842,4.208292007446289,3.394904613494873
2023-04-17,7.044636249542236,4.232430934906006,3.377887725830078
2023-04-18,7.044636249542236,4.224385738372803,3.3863959312438965
2023-04-19,7.036539554595947,4.200244426727295,3.377887725830078
2023-04-20,7.044636249542236,4.176106929779053,3.343853235244751
2023-04-25,7.004149913787842,4.151966571807861,3.343853235244751
2023-04-26,6.9717607498168945,4.063455581665039,3.309819459915161
2023-04-27,7.044636249542236,4.0795488357543945,3.309819459915161
2023-04-28,7.012246608734131,4.071502208709717,3.309819459915161
2023-05-02,7.028440952301025,4.095641613006592,3.3353447914123535
2023-05-03,7.060831069946289,4.0795488357543945,3.326836585998535
2023-05-05,7.085123062133789,4.127827167510986,3.411921739578247
2023-05-08,7.093220233917236,4.151966571807861,3.411921739578247
2023-05-09,7.085123062133789,4.111734390258789,3.4204301834106445
2023-05-10,7.044636249542236,4.0393171310424805,3.394904613494873
2023-05-11,7.077025413513184,3.9829914569854736,3.411921739578247
2023-05-12,7.036539554595947,3.9829914569854736,3.377887725830078
2023-05-15,7.036539554595947,4.0071306228637695,3.3523621559143066
2023-05-16,7.068927764892578,4.015177249908447,3.360870361328125
2023-05-17,7.052733898162842,4.0071306228637695,3.3693788051605225
2023-05-18,7.093220233917236,4.031270980834961,3.377887725830078
2023-05-19,7.109414577484131,4.0393171310424805,3.3863959312438965
2023-05-22,6.947467803955078,4.063455581665039,3.360870361328125
2023-05-23,6.9717607498168945,4.031270980834961,3.326836585998535
2023-05-24,6.931273937225342,4.0071306228637695,3.3353447914123535
2023-05-25,6.931273937225342,3.9910378456115723,3.309819459915161
2023-05-26,6.947467803955078,3.9427592754364014,3.3183279037475586
2023-05-29,6.963663101196289,3.9347124099731445,3.309819459915161
2023-05-30,6.95556640625,3.9347124099731445,3.2672767639160156
2023-05-31,7.004149913787842,3.878387451171875,3.241751194000244
2023-06-01,6.963663101196289,3.910573720932007,3.25876784324646
2023-06-02,6.947467803955078,3.870340585708618,3.2162256240844727
2023-06-06,6.947467803955078,3.926666021347046,3.241751194000244
2023-06-07,6.947467803955078,3.9427592754364014,3.241751194000244
2023-06-08,6.963663101196289,3.9427592754364014,3.241751194000244
2023-06-09,6.9798583984375,3.9829914569854736,3.2502593994140625
2023-06-12,6.987955093383789,4.0393171310424805,3.275785207748413
2023-06-13,6.9798583984375,4.015177249908447,3.241751194000244
2023-06-14,6.963663101196289,4.015177249908447,3.2502593994140625
2023-06-15,6.963663101196289,4.023223876953125,3.275785207748413
2023-06-16,6.9393720626831055,4.0071306228637695,3.292802095413208
2023-06-19,7.004149913787842,4.087594985961914,3.292802095413208
2023-06-20,7.004149913787842,4.135873794555664,3.3013107776641846
2023-06-21,7.077025413513184,4.224385738372803,3.326836585998535
2023-06-22,7.085123062133789,4.216338157653809,3.3353447914123535
2023-06-23,7.077025413513184,4.19219970703125,3.3013107776641846
2023-06-26,7.044636249542236,4.176106929779053,3.2842936515808105
2023-06-27,7.052733898162842,4.143919944763184,3.275785207748413
2023-06-28,7.068927764892578,4.143919944763184,3.292802095413208
2023-06-30,6.987955093383789,4.071502208709717,3.275785207748413
2023-07-03,7.085123062133789,4.151966571807861,3.3523621559143066
2023-07-04,7.044636249542236,4.184152603149414,3.326836585998535
2023-07-05,7.044636249542236,4.168059349060059,3.3183279037475586
2023-07-06,7.068927764892578,4.19219970703125,3.3013107776641846
2023-07-07,7.0203447341918945,4.151966571807861,3.275785207748413
2023-07-10,7.0203447341918945,4.176106929779053,3.2842936515808105
2023-07-11,7.077025413513184,4.19219970703125,3.292802095413208
2023-07-12,7.085123062133789,4.200244426727295,3.292802095413208
2023-07-13,7.068927764892578,4.184152603149414,3.3353447914123535
2023-07-14,7.125609874725342,4.264617443084717,3.394904613494873
2023-07-17,7.166096210479736,4.256571292877197,3.394904613494873
2023-07-18,7.141803741455078,4.200244426727295,3.3693788051605225
2023-07-20,7.125609874725342,4.200244426727295,3.377887725830078
2023-07-21,7.109414577484131,4.264617443084717,3.3863959312438965
2023-07-24,7.222777366638184,4.304849147796631,3.3863959312438965
2023-07-25,7.271360397338867,4.369220733642578,3.445955753326416
2023-07-26,7.28755521774292,4.40945291519165,3.4714810848236084
2023-07-27,7.279457092285156,4.425546169281006,3.49700665473938
2023-07-28,7.279457092285156,4.425546169281006,3.5225324630737305
2023-07-31,7.303750038146973,4.465778350830078,3.548058271408081
2023-08-01,7.279457092285156,4.441638946533203,3.5055153369903564
2023-08-02,7.247068405151367,4.401406764984131,3.514024257659912
2023-08-03,7.206582069396973,4.393359661102295,3.479990243911743
2023-08-04,7.21467924118042,4.425546169281006,3.5055153369903564
2023-08-07,7.222777366638184,4.441638946533203,3.514024257659912
2023-08-08,7.26326322555542,4.506010055541992,3.5225324630737305
2023-08-09,7.28755521774292,4.546243190765381,3.548058271408081
2023-08-10,7.28755521774292,4.554288387298584,3.531041145324707
2023-08-11,7.303750038146973,4.514057159423828,3.5395495891571045
2023-08-14,7.28755521774292,4.546243190765381,3.531041145324707
2023-08-15,7.3118462562561035,4.570381164550781,3.582092523574829
2023-08-16,7.3118462562561035,4.61061429977417,3.565074920654297
2023-08-17,7.26326322555542,4.538195610046387,3.5395495891571045
2023-08-18,7.28755521774292,4.465778350830078,3.514024257659912
2023-08-21,7.279457092285156,4.506010055541992,3.5225324630737305
2023-08-22,7.295651912689209,4.489917755126953,3.514024257659912
2023-08-23,7.279457092285156,4.489917755126953,3.4714810848236084
2023-08-24,7.295651912689209,4.489917755126953,3.4714810848236084
2023-08-25,7.303750038146973,4.514057159423828,3.4714810848236084
2023-08-28,7.28755521774292,4.506010055541992,3.4714810848236084
2023-08-29,7.360430717468262,4.530149936676025,3.5225324630737305
2023-08-30,7.376624584197998,4.530149936676025,3.599109172821045
2023-09-01,7.409013748168945,4.618660926818848,3.6076176166534424
2023-09-04,7.409013748168945,4.5945210456848145,3.6416518688201904
2023-09-05,7.392819881439209,4.546243190765381,3.616126298904419
2023-09-06,7.433305740356445,4.602567195892334,3.616126298904419
2023-09-07,7.425209045410156,4.618660926818848,3.616126298904419
2023-09-08,7.400917053222656,4.578428745269775,3.616126298904419
2023-09-11,7.417109966278076,4.5945210456848145,3.6076176166534424
2023-09-12,7.400917053222656,4.586474895477295,3.6076176166534424
2023-09-13,7.384721755981445,4.586474895477295,3.5989248752593994
2023-09-14,7.393085956573486,4.578428745269775,3.6250038146972656
2023-09-15,7.451627731323242,4.650846481323242,3.642390012741089
2023-09-18,7.46835470199585,4.634754180908203,3.651082754135132
2023-09-19,7.451627731323242,4.626707077026367,3.651082754135132
2023-09-20,7.409811496734619,4.664052963256836,3.642390012741089
2023-09-21,7.443264961242676,4.639155864715576,3.659776449203491
2023-09-22,7.426538944244385,4.639155864715576,3.651082754135132
2023-09-25,7.418174743652344,4.597661018371582,3.633697032928467
2023-09-26,7.418174743652344,4.605959415435791,3.642390012741089
2023-09-27,7.426538944244385,4.605959415435791,3.5989248752593994
2023-09-29,7.351268291473389,4.506371021270752,3.5293803215026855
2023-10-02,7.317817211151123,4.48147439956665,3.5293803215026855
2023-10-03,7.334543228149414,4.489773273468018,3.5293803215026855
2023-10-04,7.301089763641357,4.48147439956665,3.5206873416900635
2023-10-05,7.326180458068848,4.489773273468018,3.5119943618774414
2023-10-06,7.334543228149414,4.498072624206543,3.5033016204833984
2023-10-09,7.35963249206543,4.498072624206543,3.5033016204833984
2023-10-10,7.434901237487793,4.605959415435791,3.5902318954467773
2023-10-11,7.443264961242676,4.647455215454102,3.6076176166534424
2023-10-12,7.518533706665039,4.697248458862305,3.633697032928467
2023-10-13,7.510169982910156,4.697248458862305,3.6250038146972656
2023-10-16,7.510169982910156,4.655754089355469,3.6250038146972656
2023-10-17,7.526897430419922,4.655754089355469,3.633697032928467
2023-10-18,7.485081195831299,4.622558116912842,3.6250038146972656
2023-10-19,7.493444442749023,4.630856513977051,3.581538677215576
2023-10-20,7.518533706665039,4.664052963256836,3.5989248752593994
2023-10-23,7.518533706665039,4.697248458862305,3.6163110733032227
2023-10-24,7.493444442749023,4.713846683502197,3.5989248752593994
2023-10-25,7.526897430419922,4.7221455574035645,3.6163110733032227
2023-10-26,7.526897430419922,4.713846683502197,3.6250038146972656
2023-10-27,7.526897430419922,4.713846683502197,3.6250038146972656
2023-10-30,7.518533706665039,4.730445384979248,3.6076176166534424
2023-10-31,7.543623924255371,4.738743782043457,3.6163110733032227
2023-11-01,7.543623924255371,4.730445384979248,3.6076176166534424
2023-11-02,7.543623924255371,4.730445384979248,3.6250038146972656
2023-11-03,7.560349464416504,4.755342483520508,3.633697032928467
2023-11-06,7.618891716003418,4.82173490524292,3.6945486068725586
2023-11-07,7.652345657348633,4.82173490524292,3.6858551502227783
2023-11-08,7.627255916595459,4.788537979125977,3.659776449203491
2023-11-09,7.627255916595459,4.79683780670166,3.659776449203491
2023-11-10,7.593801975250244,4.771940231323242,3.6163110733032227
2023-11-14,7.618891716003418,4.755342483520508,3.633697032928467
2023-11-15,7.643980979919434,4.8134355545043945,3.6771621704101562
2023-11-16,7.643980979919434,4.79683780670166,3.6858551502227783
2023-11-17,7.627255916595459,4.8134355545043945,3.6771621704101562
2023-11-20,7.618891716003418,4.788537979125977,3.659776449203491
2023-11-21,7.618891716003418,4.805135726928711,3.7119345664978027
2023-11-22,7.61052942276001,4.788537979125977,3.7119345664978027
2023-11-23,7.602166652679443,4.763641357421875,3.7119345664978027
2023-11-24,7.602166652679443,4.771940231323242,3.6945486068725586
2023-11-27,7.5770769119262695,4.771940231323242,3.6858551502227783
2023-11-28,7.5687127113342285,4.713846683502197,3.668468952178955
2023-11-29,7.560349464416504,4.680650234222412,3.6858551502227783
2023-11-30,7.510169982910156,4.688950061798096,3.7119345664978027
2023-12-01,7.526897430419922,4.788537979125977,3.7553999423980713
2023-12-04,7.526897430419922,4.79683780670166,3.720627546310425
2023-12-05,7.53525972366333,4.771940231323242,3.6945486068725586
2023-12-06,7.526897430419922,4.771940231323242,3.6945486068725586
2023-12-07,7.53525972366333,4.780239582061768,3.7032415866851807
2023-12-08,7.560349464416504,4.780239582061768,3.6858551502227783
2023-12-11,7.5687127113342285,4.79683780670166,3.6945486068725586
2023-12-12,7.5854387283325195,4.805135726928711,3.6945486068725586
2023-12-13,7.5854387283325195,4.805135726928711,3.7032415866851807
2023-12-14,7.5687127113342285,4.82173490524292,3.738013505935669
2023-12-15,7.526897430419922,4.838332176208496,3.746706485748291
2023-12-18,7.526897430419922,4.929621696472168,3.7814791202545166
2023-12-19,7.510169982910156,4.946219444274902,3.7727861404418945
2023-12-20,7.501808166503906,4.896425247192383,3.7553999423980713
2023-12-21,7.434901237487793,4.8134355545043945,3.7119345664978027
2023-12-22,7.434901237487793,4.8134355545043945,3.6945486068725586
2023-12-26,7.434901237487793,4.79683780670166,3.6858551502227783
2023-12-27,7.443264961242676,4.8134355545043945,3.6945486068725586
2023-12-28,7.451627731323242,4.84663200378418,3.720627546310425
2023-12-29,7.434901237487793,4.854930400848389,3.729320764541626
2024-01-02,7.459990978240967,4.84663200378418,3.720627546310425
2024-01-03,7.434901237487793,4.896425247192383,3.7119345664978027
2024-01-04,7.551986217498779,4.937921047210693,3.729320764541626
2024-01-05,7.5770769119262695,4.9794158935546875,3.7640926837921143
2024-01-08,7.5770769119262695,5.0043134689331055,3.7901721000671387
2024-01-09,7.61052942276001,5.020911693572998,3.816250801086426
2024-01-10,7.526897430419922,4.937921047210693,3.746706485748291
2024-01-11,7.526897430419922,4.937921047210693,3.738013505935669
2024-01-12,7.5770769119262695,4.913023948669434,3.738013505935669
2024-01-15,7.593801975250244,4.9794158935546875,3.7901721000671387
2024-01-16,7.5770769119262695,4.987714767456055,3.7901721000671387
2024-01-17,7.5687127113342285,5.0043134689331055,3.7814791202545166
2024-01-18,7.543623924255371,4.929621696472168,3.746706485748291
2024-01-19,7.551986217498779,4.987714767456055,3.7814791202545166
2024-01-22,7.53525972366333,4.954519271850586,3.7727861404418945
2024-01-23,7.602166652679443,4.996013641357422,3.7814791202545166
2024-01-24,7.61052942276001,5.079003810882568,3.7988648414611816
2024-01-26,7.643980979919434,5.128798007965088,3.7988648414611816
2024-01-29,7.7192511558532715,5.161993980407715,3.8336374759674072
2024-01-30,7.727614402770996,5.161993980407715,3.8249447345733643
2024-01-31,7.744339942932129,5.170292854309082,3.816250801086426
2024-02-02,7.8112473487854,5.170292854309082,3.851022958755493
2024-02-05,7.794520378112793,5.170292854309082,3.8336374759674072
2024-02-06,7.78615665435791,5.153696060180664,3.816250801086426
2024-02-07,7.769430160522461,5.1453962326049805,3.816250801086426
2024-02-08,7.744339942932129,5.170292854309082,3.7988648414611816
2024-02-09,7.744339942932129,5.137096881866455,3.7814791202545166
2024-02-13,7.89487886428833,5.261582851409912,3.8249447345733643
2024-02-14,7.861425876617432,5.286479949951172,3.8249447345733643
2024-02-15,7.861425876617432,5.278180122375488,3.816250801086426
2024-02-16,7.8865156173706055,5.319675445556641,3.8336374759674072
2024-02-19,7.9116058349609375,5.311377048492432,3.851022958755493
2024-02-20,7.953420639038086,5.352871894836426,3.894489288330078
2024-02-21,7.970147609710693,5.327974796295166,3.920567750930786
2024-02-22,7.961785316467285,5.303077697753906,3.894489288330078
2024-02-23,7.970147609710693,5.319675445556641,3.894489288330078
2024-02-26,7.953420639038086,5.336274147033691,3.877102851867676
2024-02-27,7.953420639038086,5.352871894836426,3.8857948780059814
2024-02-28,7.953420639038086,5.336274147033691,3.851022958755493
2024-02-29,7.970147609710693,5.361170768737793,3.8249447345733643
2024-03-01,7.90324068069458,5.261582851409912,3.7901721000671387
2024-03-04,8.02868938446045,5.352871894836426,3.738013505935669
2024-03-05,8.053779602050781,5.419264316558838,3.7553999423980713
2024-03-06,8.062143325805664,5.4026665687561035,3.738013505935669
2024-03-07,8.112322807312012,5.410965442657471,3.738013505935669
2024-03-08,8.154138565063477,5.5188517570495605,3.729320764541626
2024-03-11,8.212679862976074,5.535451412200928,3.738013505935669
2024-03-12,8.221044540405273,5.576945781707764,3.746706485748291
2024-03-13,8.307398796081543,5.560348033905029,3.755605936050415
2024-03-14,8.333306312561035,5.560348033905029,3.7645058631896973
2024-03-15,8.385119438171387,5.702700138092041,3.8001043796539307
2024-03-18,8.419661521911621,5.737208366394043,3.8179032802581787
2024-03-19,8.333306312561035,5.702700138092041,3.8090038299560547
2024-03-20,8.26422119140625,5.590543270111084,3.7734055519104004
2024-03-21,8.24695110321045,5.650935173034668,3.755605936050415
2024-03-22,8.281494140625,5.650935173034668,3.7734055519104004
2024-03-25,8.307398796081543,5.6077985763549805,3.7734055519104004
2024-03-26,8.367847442626953,5.6077985763549805,3.7823047637939453
2024-03-27,8.333306312561035,5.650935173034668,3.746706962585449
2024-03-29,8.367847442626953,5.728581428527832,3.755605936050415
2024-04-01,8.385119438171387,5.74583625793457,3.7734055519104004
2024-04-02,8.40239143371582,5.74583625793457,3.7645058631896973
2024-04-03,8.307398796081543,5.659563064575195,3.702209234237671
2024-04-04,8.367847442626953,5.737208366394043,3.746706962585449
2024-04-05,8.324670791625977,5.719953536987305,3.720008373260498
2024-04-08,8.367847442626953,5.728581428527832,3.728907585144043
2024-04-09,8.316035270690918,5.668190002441406,3.728907585144043
2024-04-12,8.333306312561035,5.702700138092041,3.720008373260498
2024-04-15,8.333306312561035,5.676817893981934,3.6666109561920166
2024-04-16,8.272856712341309,5.590543270111084,3.6488120555877686
2024-04-17,8.290127754211426,5.633680820465088,3.693309783935547
2024-04-18,8.350578308105469,5.6854448318481445,3.6844096183776855
2024-04-19,8.333306312561035,5.659563064575195,3.693309783935547
2024-04-22,8.411026000976562,5.711327075958252,3.737807035446167
2024-04-23,8.480109214782715,5.754464149475098,3.746706962585449
2024-04-24,8.46284008026123,5.754464149475098,3.7823047637939453
2024-04-25,8.445569038391113,5.76309061050415,3.7645058631896973
2024-04-26,8.454203605651855,5.702700138092041,3.746706962585449
2024-04-29,8.419661521911621,5.702700138092041,3.720008373260498
2024-04-30,8.40239143371582,5.702700138092041,3.6666109561920166
2024-05-02,8.445569038391113,5.728581428527832,3.6488120555877686
2024-05-03,8.46284008026123,5.737208366394043,3.6666109561920166
2024-05-06,8.48874568939209,5.823482990264893,3.737807035446167
2024-05-07,8.497381210327148,5.875247001647949,3.746706962585449
2024-05-08,8.46284008026123,5.814855098724365,3.737807035446167
2024-05-09,8.497381210327148,5.823482990264893,3.711108684539795
2024-05-10,8.52328872680664,5.840737819671631,3.720008373260498
2024-05-13,8.52328872680664,5.866620063781738,3.720008373260498
2024-05-14,8.531923294067383,5.857992649078369,3.711108684539795
2024-05-15,8.531923294067383,5.849365234375,3.693309783935547
2024-05-16,8.56646728515625,5.857992649078369,3.728907585144043
2024-05-17,8.56646728515625,5.875247001647949,3.728907585144043
2024-05-20,8.626914978027344,5.901129245758057,3.728907585144043
2024-05-21,8.626914978027344,5.901129245758057,3.728907585144043
2024-05-23,8.626914978027344,5.935638904571533,3.737807035446167
2024-05-24,8.618279457092285,5.935638904571533,3.711108684539795
2024-05-27,8.626914978027344,5.9528937339782715,3.675510883331299
2024-05-28,8.626914978027344,5.961520671844482,3.6666109561920166
2024-05-29,8.5491943359375,5.927011013031006,3.631012439727783
2024-05-30,8.5491943359375,5.901129245758057,3.631012439727783
2024-05-31,8.575100898742676,5.901129245758057,3.6488120555877686
2024-06-04,8.687363624572754,6.030539512634277,3.693309783935547
2024-06-05,8.618279457092285,5.944266319274902,3.675510883331299
2024-06-06,8.618279457092285,5.996029853820801,3.675510883331299
2024-06-07,8.635550498962402,6.004657745361328,3.6577112674713135
2024-06-10,8.626914978027344,5.987403869628906,3.6577112674713135
2024-06-11,8.618279457092285,5.944266319274902,3.631012439727783
2024-06-12,8.601008415222168,5.944266319274902,3.6132140159606934
2024-06-13,8.56646728515625,5.935638904571533,3.631012439727783
2024-06-14,8.58373737335205,5.970148086547852,3.631012439727783
2024-06-18,8.575100898742676,5.8925018310546875,3.6132140159606934
2024-06-19,8.58373737335205,5.857992649078369,3.595414638519287
2024-06-20,8.575100898742676,5.814855098724365,3.586515426635742
2024-06-21,8.514652252197266,5.857992649078369,3.559816360473633
2024-06-24,8.531923294067383,5.76309061050415,3.586515426635742
2024-06-25,8.557829856872559,5.76309061050415,3.559816360473633
2024-06-26,8.601008415222168,5.832110404968262,3.568716287612915
2024-06-27,8.601008415222168,5.840737819671631,3.559816360473633
2024-06-28,8.601008415222168,5.866620063781738,3.57761549949646
2024-07-01,8.60964298248291,5.8925018310546875,3.586515426635742
2024-07-02,8.626914978027344,5.935638904571533,3.595414638519287
2024-07-03,8.65282154083252,6.004657745361328,3.6043143272399902
2024-07-04,8.721906661987305,6.039167404174805,3.6043143272399902
2024-07-05,8.670093536376953,5.996029853820801,3.595414638519287
2024-07-09,8.687363624572754,6.013285160064697,3.6577112674713135
2024-07-10,8.65282154083252,6.116814136505127,3.6844096183776855
2024-07-11,8.687363624572754,6.116814136505127,3.6666109561920166
2024-07-12,8.670093536376953,6.151324272155762,3.6577112674713135
2024-07-15,8.756447792053223,6.194459915161133,3.675510883331299
2024-07-16,8.721906661987305,6.168577671051025,3.675510883331299
2024-07-17,8.704634666442871,6.1599507331848145,3.711108684539795
2024-07-18,8.721906661987305,6.168577671051025,3.7823047637939453
2024-07-19,8.721906661987305,6.168577671051025,3.7734055519104004
2024-07-22,8.687363624572754,6.142695903778076,3.728907585144043
2024-07-23,8.721906661987305,6.211714744567871,3.737807035446167
2024-07-24,8.739175796508789,6.211714744567871,3.720008373260498
2024-07-25,8.756447792053223,6.203087329864502,3.746706962585449
2024-07-26,8.756447792053223,6.185832977294922,3.746706962585449
2024-07-29,8.80826187133789,6.2462239265441895,3.7734055519104004
2024-07-30,8.704634666442871,6.220342636108398,3.720008373260498
2024-07-31,8.825532913208008,6.410144805908203,3.746706962585449
2024-08-01,8.860074043273926,6.410144805908203,3.7912046909332275
2024-08-02,8.842803955078125,6.384263038635254,3.8090038299560547
2024-08-05,8.5491943359375,6.047794818878174,3.675510883331299
2024-08-06,8.721906661987305,6.211714744567871,3.737807035446167
2024-08-07,8.756447792053223,6.323870658874512,3.7734055519104004
2024-08-08,8.756447792053223,6.2979888916015625,3.755605936050415
2024-08-09,8.77371883392334,6.2979888916015625,3.7734055519104004
2024-08-12,8.80826187133789,6.349753379821777,3.7912046909332275
2024-08-13,8.80826187133789,6.401517391204834,3.7912046909332275
2024-08-14,8.80826187133789,6.392889976501465,3.755605936050415
2024-08-15,8.790990829467773,6.496419429779053,3.8001043796539307
2024-08-16,8.860074043273926,6.608574390411377,3.8179032802581787
2024-08-19,9.15368366241455,6.876022815704346,4.04039192199707
2024-08-20,9.15368366241455,6.772495269775391,4.156085968017578
2024-08-21,9.084599494934082,6.807004928588867,4.120487213134766
2024-08-22,9.015515327453613,6.807004928588867,4.084889888763428
2024-08-23,9.015515327453613,6.807004928588867,4.031492233276367
2024-08-26,9.1018705368042,6.807004928588867,4.013693332672119
2024-08-27,9.24003791809082,6.841513633728027,4.164985179901123
2024-08-28,9.378207206726074,7.2297468185424805,4.271779537200928
2024-08-29,9.222768783569336,6.901905536651611,4.182784080505371
2024-08-30,9.309123039245605,7.074452877044678,4.289578914642334
2024-09-02,9.291851997375488,7.160727024078369,4.227282524108887
2024-09-03,9.24003791809082,7.117590427398682,4.271779537200928
2024-09-04,9.326394081115723,7.083080768585205,4.236181735992432
2024-09-05,9.326394081115723,7.091707706451416,4.227282524108887
2024-09-06,9.326394081115723,7.039944171905518,4.227282524108887
2024-09-09,9.412750244140625,7.143472194671631,4.271779537200928
2024-09-10,9.44729232788086,7.324646949768066,4.371757984161377
2024-09-11,9.473904609680176,7.13484525680542,4.271779537200928
2024-09-12,9.438421249389648,7.074452877044678,4.226335525512695
2024-09-13,9.438421249389648,7.27963924407959,4.271779537200928
2024-09-17,9.456162452697754,7.458061695098877,4.271779537200928
2024-09-18,9.473904609680176,7.431299209594727,4.2808685302734375
2024-09-19,9.438421249389648,7.395613670349121,4.262691020965576
2024-09-20,9.402938842773438,7.529429912567139,4.271779537200928
2024-09-23,9.491644859313965,7.440219879150391,4.271779537200928
2024-09-24,9.527127265930176,7.395613670349121,4.253601551055908
2024-09-25,9.491644859313965,7.386693000793457,4.208157539367676
2024-09-26,9.456162452697754,7.386693000793457,4.244513034820557
2024-09-27,9.314231872558594,7.35100793838501,4.171802520751953
2024-09-30,9.296489715576172,7.181507110595703,4.144535064697266
2024-10-01,9.349714279174805,7.217191696166992,4.189979553222656
2024-10-02,9.278749465942383,7.1190595626831055,4.1172685623168945
2024-10-03,9.349714279174805,7.1279802322387695,4.153624057769775
2024-10-04,9.314231872558594,7.0655317306518555,4.1172685623168945
2024-10-07,9.314231872558594,7.101216793060303,4.144535064697266
2024-10-08,9.296489715576172,7.101216793060303,4.153624057769775
2024-10-09,9.314231872558594,7.163664817810059,4.153624057769775
2024-10-10,9.349714279174805,7.20827054977417,4.153624057769775
2024-10-11,9.367456436157227,7.333166122436523,3.9173128604888916
2024-10-14,9.349714279174805,7.35992956161499,3.990023374557495
2024-10-15,9.456162452697754,7.35992956161499,4.071824073791504
2024-10-16,9.402938842773438,7.270718574523926,4.053646564483643
2024-10-17,9.473904609680176,7.27963924407959,4.126357555389404
2024-10-18,9.456162452697754,7.270718574523926,4.153624057769775
2024-10-21,9.456162452697754,7.315323829650879,4.153624057769775
2024-10-22,9.420679092407227,7.27963924407959,4.135446071624756
2024-10-23,9.420679092407227,7.297482013702393,4.135446071624756
2024-10-24,9.385197639465332,7.252875804901123,4.108179569244385
2024-10-25,9.349714279174805,7.243955135345459,4.0082011222839355
2024-10-28,9.225523948669434,7.154743671417236,4.053646564483643
2024-10-29,9.278749465942383,7.217191696166992,4.053646564483643
2024-10-30,9.314231872558594,7.1279802322387695,4.0172905921936035
2024-11-01,9.225523948669434,7.0922956466674805,4.053646564483643
2024-11-04,9.261008262634277,7.172585964202881,4.0172905921936035
2024-11-05,9.349714279174805,7.243955135345459,4.026379585266113
2024-11-06,9.402938842773438,7.315323829650879,4.080913066864014
2024-11-07,9.385197639465332,7.297482013702393,4.090002059936523
2024-11-08,9.314231872558594,7.333166122436523,4.080913066864014
2024-11-11,9.172300338745117,7.27963924407959,4.0082011222839355
2024-11-12,9.296489715576172,7.315323829650879,4.035468578338623
2024-11-13,9.243266105651855,7.315323829650879,4.062735080718994
2024-11-14,9.136817932128906,7.315323829650879,4.062735080718994
2024-11-15,9.190041542053223,7.306402206420898,4.062735080718994
2024-11-18,9.172300338745117,7.324245452880859,4.090002059936523
2024-11-19,9.083593368530273,7.35100793838501,4.035468578338623
2024-11-20,8.977144241333008,7.324245452880859,4.0082011222839355
2024-11-21,9.048110961914062,7.324245452880859,3.9991133213043213
2024-11-22,9.048110961914062,7.333166122436523,3.9809348583221436
2024-11-25,9.136817932128906,7.475904941558838,4.044557094573975
2024-11-26,9.065852165222168,7.449141025543213,4.026379585266113
2024-11-27,9.030369758605957,7.466982364654541,4.035468578338623
2024-11-28,9.048110961914062,7.35992956161499,4.0082011222839355
2024-11-29,9.048110961914062,7.35992956161499,4.062735080718994
2024-12-02,8.941661834716797,7.324245452880859,4.062735080718994
2024-12-03,9.030369758605957,7.324245452880859,4.099091053009033
2024-12-04,9.030369758605957,7.315323829650879,4.1172685623168945
2024-12-05,9.065852165222168,7.306402206420898,4.153624057769775
2024-12-06,9.012627601623535,7.28856086730957,4.162712574005127
2024-12-09,8.959403991699219,7.297482013702393,4.126357555389404
2024-12-10,8.959403991699219,7.23503303527832,4.108179569244385
2024-12-11,8.977144241333008,7.23503303527832,4.189979553222656
2024-12-12,8.99488639831543,7.252875804901123,4.153624057769775
2024-12-13,8.99488639831543,7.252875804901123,4.153624057769775
2024-12-16,8.977144241333008,7.2261128425598145,4.126357555389404
2024-12-17,8.99488639831543,7.172585964202881,4.108179569244385
2024-12-18,8.977144241333008,7.154743671417236,4.080913066864014
2024-12-19,8.923920631408691,7.172585964202881,4.080913066864014
2024-12-20,8.835214614868164,7.0922956466674805,4.053646564483643
2024-12-23,8.941661834716797,7.0922956466674805,4.108179569244385
2024-12-24,8.941661834716797,7.110137462615967,4.135446071624756
2024-12-26,8.977144241333008,7.172585964202881,4.126357555389404
2024-12-27,8.959403991699219,7.270718574523926,4.153624057769775
2024-12-30,9.083593368530273,7.270718574523926,4.126357555389404
2024-12-31,9.083593368530273,7.315323829650879,4.144535064697266
2025-01-02,9.030369758605957,7.252875804901123,4.126357555389404
2025-01-03,8.99488639831543,7.23503303527832,4.090002059936523
2025-01-06,8.959403991699219,7.20827054977417,4.099091053009033
2025-01-07,9.012627601623535,7.270718574523926,4.099091053009033
2025-01-08,8.923920631408691,7.217191696166992,4.044557094573975
2025-01-09,8.941661834716797,7.23503303527832,4.035468578338623
2025-01-10,8.959403991699219,7.297482013702393,4.035468578338623
2025-01-13,8.941661834716797,7.2261128425598145,4.044557094573975
2025-01-14,9.048110961914062,7.110137462615967,3.9991133213043213
2025-01-15,8.99488639831543,7.003084659576416,3.9991133213043213
2025-01-16,8.99488639831543,7.1279802322387695,3.990023374557495
2025-01-17,8.99488639831543,7.1190595626831055,4.035468578338623
2025-01-20,9.119074821472168,7.13690185546875,3.9173128604888916
2025-01-21,9.119074821472168,7.083374500274658,3.971846580505371
2025-01-22,9.190041542053223,7.190428733825684,3.9991133213043213
2025-01-23,9.190041542053223,7.110137462615967,3.944579601287842
2025-01-24,9.225523948669434,7.145822525024414,3.935490608215332
2025-01-27,9.190041542053223,7.163664817810059,3.9809348583221436
2025-01-28,9.083593368530273,7.083374500274658,3.971846580505371
2025-01-31,9.172300338745117,7.154743671417236,3.9173128604888916
2025-02-03,9.136817932128906,7.13690185546875,3.9264020919799805
2025-02-04,9.207783699035645,7.306402206420898,3.9991133213043213
2025-02-05,9.172300338745117,7.28856086730957,4.035468578338623
2025-02-06,9.243266105651855,7.333166122436523,4.044557094573975
2025-02-07,9.243266105651855,7.484825611114502,4.044557094573975
2025-02-10,9.278749465942383,7.493745803833008,4.044557094573975
2025-02-12,9.402938842773438,7.493745803833008,4.090002059936523
2025-02-13,9.3319730758667,7.386693000793457,4.044557094573975
2025-02-14,9.367456436157227,7.449141025543213,4.080913066864014
2025-02-17,9.367456436157227,7.404535293579102,4.062735080718994
2025-02-18,9.349714279174805,7.493745803833008,4.090002059936523
2025-02-19,9.314231872558594,7.395613670349121,4.126357555389404
2025-02-20,9.261008262634277,7.449141025543213,4.080913066864014
2025-02-21,9.314231872558594,7.458061695098877,4.090002059936523
2025-02-24,9.296489715576172,7.475904941558838,4.062735080718994
2025-02-25,9.278749465942383,7.342087745666504,4.053646564483643
2025-02-26,9.491644859313965,7.386693000793457,4.135446071624756
2025-02-27,9.456162452697754,7.333166122436523,4.080913066864014
2025-02-28,9.509387016296387,6.967400074005127,4.1172685623168945
2025-03-03,9.473904609680176,7.13690185546875,4.144535064697266
2025-03-04,9.402938842773438,7.13690185546875,4.1172685623168945
2025-03-05,9.385197639465332,6.958479404449463,4.208157539367676
2025-03-06,9.367456436157227,6.690845012664795,4.171802520751953
2025-03-07,9.438421249389648,6.7086873054504395,4.135446071624756
2025-03-10,9.385197639465332,6.7086873054504395,4.135446071624756
2025-03-11,9.367456436157227,6.476738452911377,4.108179569244385
2025-03-12,9.312568664550781,6.244788646697998,4.033654689788818
2025-03-13,9.422343254089355,6.4678168296813965,4.173388957977295
2025-03-14,9.440638542175293,6.486166000366211,4.173388957977295
2025-03-17,9.53211784362793,6.651301383972168,4.229282379150391
2025-03-19,9.477230072021484,6.357726573944092,4.229282379150391
2025-03-20,9.312568664550781,6.238461971282959,4.173388957977295
2025-03-21,9.312568664550781,6.284332752227783,4.182704448699951
2025-03-24,9.294271469116211,6.348552227020264,4.173388957977295
2025-03-25,9.349160194396973,6.421945571899414,4.136126518249512
2025-03-26,9.312568664550781,6.458642959594727,4.1640729904174805
2025-03-27,9.477230072021484,6.541211128234863,4.182704448699951
2025-03-28,9.25767993927002,6.421945571899414,4.117495059967041
2025-04-02,9.440638542175293,6.550384521484375,4.089548110961914
2025-04-03,9.385750770568848,6.541211128234863,4.0988640785217285
2025-04-04,9.36745548248291,6.431119918823242,4.070916652679443
2025-04-07,9.147906303405762,6.073326110839844,3.921867847442627
2025-04-08,9.038130760192871,6.128370761871338,3.931182861328125
2025-04-09,8.690510749816895,5.82562255859375,3.8100802898406982
2025-04-10,9.138757705688477,6.3393778800964355,3.959130048751831
2025-04-11,8.983242988586426,6.100848197937012,3.9498140811920166
2025-04-14,9.047279357910156,6.17424201965332,4.015023708343506
2025-04-15,9.093018531799316,6.146719932556152,4.015023708343506
2025-04-16,9.00153923034668,6.1558942794799805,4.00570821762085
2025-04-17,9.028983116149902,6.201765060424805,4.033654689788818
2025-04-18,9.1662015914917,6.311855316162109,4.089548110961914
2025-04-21,9.129610061645508,6.2935075759887695,4.0988640785217285
2025-04-22,9.102165222167969,6.192591190338135,4.070916652679443
2025-04-23,9.102165222167969,6.284332752227783,4.0988640785217285
2025-04-24,9.102165222167969,6.403597831726074,4.070916652679443
2025-04-25,9.028983116149902,6.412771224975586,4.061601638793945
2025-04-28,9.138757705688477,6.412771224975586,4.145442008972168
2025-04-29,9.102165222167969,6.4402947425842285,4.126810550689697
2025-04-30,9.138757705688477,6.532036304473877,4.1640729904174805
2025-05-02,9.138757705688477,6.559559345245361,4.126810550689697
2025-05-05,9.147906303405762,6.495339393615723,4.1640729904174805
2025-05-06,9.11131477355957,6.330204010009766,4.1640729904174805
2025-05-07,9.147906303405762,6.376074314117432,4.1640729904174805
2025-05-08,9.038130760192871,6.302680969238281,4.145442008972168
2025-05-09,9.047279357910156,6.302680969238281,4.136126518249512
2025-05-13,9.330863952636719,6.70634651184082,4.192020416259766
2025-05-14,9.330863952636719,6.642126560211182,4.219967365264893
2025-05-15,9.239384651184082,6.568732738494873,4.201335906982422
2025-05-16,9.275976181030273,6.587081432342529,4.192020416259766
2025-05-19,9.275976181030273,6.513687610626221,4.182704448699951
2025-05-20,9.184497833251953,6.458642959594727,4.210651397705078
2025-05-21,9.147906303405762,6.421945571899414,4.126810550689697
2025-05-22,8.983242988586426,6.284332752227783,4.00570821762085
2025-05-23,9.038130760192871,6.36690092086792,4.0988640785217285
2025-05-26,9.074723243713379,6.385249137878418,4.108179569244385
2025-05-27,9.010687828063965,6.330204010009766,4.080232620239258
2025-05-28,9.00153923034668,6.302680969238281,4.033654689788818
2025-05-29,9.028983116149902,6.311855316162109,4.015023708343506
2025-05-30,8.94665241241455,6.357726573944092,4.015023708343506
2025-06-03,8.928356170654297,6.284332752227783,3.987076997756958
2025-06-04,8.891764640808105,6.302680969238281,3.9963924884796143
2025-06-05,8.873468399047852,6.302680969238281,3.987076997756958
2025-06-06,8.873468399047852,6.275158405303955,3.9684460163116455
2025-06-09,8.855173110961914,6.3210296630859375,3.9684460163116455
2025-06-10,8.83687686920166,6.284332752227783,3.9684460163116455
2025-06-11,8.873468399047852,6.330204010009766,4.015023708343506
2025-06-12,8.937504768371582,6.3210296630859375,3.9963924884796143
2025-06-13,8.873468399047852,6.256810188293457,3.959130048751831
2025-06-16,8.772842407226562,6.192591190338135,3.9404988288879395
2025-06-17,8.736249923706055,6.110023021697998,3.931182861328125
2025-06-18,8.800284385681152,6.100848197937012,3.9498140811920166
2025-06-19,8.781989097595215,6.0366291999816895,3.9032363891601562
2025-06-20,8.83687686920166,6.100848197937012,3.921867847442627
2025-06-23,8.846025466918945,6.238461971282959,4.117495059967041
2025-06-24,8.964947700500488,6.210938930511475,4.015023708343506
2025-06-25,8.95580005645752,6.210938930511475,4.00570821762085
2025-06-26,8.974095344543457,6.238461971282959,4.042970180511475
2025-06-30,8.873468399047852,6.229287624359131,4.015023708343506
2025-07-01,8.891764640808105,6.192591190338135,3.9684460163116455
2025-07-02,8.928356170654297,6.220113277435303,4.024339199066162
2025-07-03,8.964947700500488,6.229287624359131,4.00570821762085
2025-07-04,8.910059928894043,6.210938930511475,4.080232620239258
2025-07-07,8.891764640808105,6.192591190338135,4.033654689788818
2025-07-08,8.873468399047852,6.064151763916016,4.042970180511475
2025-07-09,8.873468399047852,6.027454853057861,3.9684460163116455
2025-07-10,8.900912284851074,6.146719932556152,4.00570821762085
2025-07-11,8.864319801330566,6.128370761871338,4.024339199066162
2025-07-14,8.891764640808105,6.137545585632324,4.042970180511475
2025-07-15,8.827729225158691,6.082499980926514,3.9684460163116455
2025-07-16,8.7179536819458,5.963235378265381,3.9404988288879395
2025-07-17,8.7179536819458,5.963235378265381,3.959130048751831
2025-07-18,8.708806991577148,5.972409725189209,4.015023708343506
2025-07-21,8.708806991577148,5.981584072113037,4.00570821762085
2025-07-22,8.7179536819458,6.009106636047363,4.015023708343506
2025-07-23,8.772842407226562,6.119197368621826,3.9963924884796143
2025-07-24,8.809433937072754,6.146719932556152,4.015023708343506
2025-07-25,8.727103233337402,6.192591190338135,3.9963924884796143
2025-07-28,8.727103233337402,6.192591190338135,3.959130048751831
2025-07-29,8.708806991577148,6.091674327850342,3.921867847442627
2025-07-30,8.644770622253418,6.009106636047363,3.9963924884796143
2025-07-31,8.589883804321289,6.009106636047363,3.921867847442627
2025-08-01,8.781989097595215,6.229287624359131,3.9963924884796143
2025-08-04,8.727103233337402,6.192591190338135,3.9498140811920166
2025-08-05,8.83687686920166,6.192591190338135,3.9498140811920166
2025-08-06,8.809433937072754,6.247635841369629,4.00570821762085
2025-08-07,8.809433937072754,6.220113277435303,3.9963924884796143
2025-08-08,8.7911376953125,6.2935075759887695,4.033654689788818
2025-08-11,8.827729225158691,6.36690092086792,4.0988640785217285
2025-08-12,8.88261604309082,6.431119918823242,4.0988640785217285
2025-08-13,9.019834518432617,6.596255779266357,4.136126518249512
2025-08-14,9.00153923034668,6.6054301261901855,4.145442008972168
2025-08-15,8.964947700500488,6.651301383972168,4.145442008972168
2025-08-18,8.94665241241455,6.72469425201416,4.154757499694824
2025-08-19,8.964947700500488,6.779739856719971,4.154757499694824
2025-08-20,8.964947700500488,6.752217769622803,4.154757499694824
2025-08-21,8.94665241241455,6.834785461425781,4.145442008972168
2025-08-22,8.964947700500488,6.843959331512451,4.1640729904174805
2025-08-25,9.010687828063965,6.8806562423706055,4.201335906982422
2025-08-26,8.919208526611328,6.788914680480957,4.117495059967041
2025-08-27,8.95580005645752,6.843959331512451,4.033654689788818
2025-08-28,9.102165222167969,6.834785461425781,3.987076997756958
2025-08-29,9.056426048278809,6.816436767578125,3.9777610301971436
2025-09-02,9.20279312133789,6.642126560211182,4.00570821762085
2025-09-03,9.129610061645508,6.632952690124512,3.9684460163116455
2025-09-04,9.138757705688477,6.69717264175415,3.9777610301971436
2025-09-08,9.147906303405762,6.669649124145508,3.987076997756958
2025-09-09,9.184497833251953,6.568732738494873,3.9963924884796143
2025-09-10,9.120461463928223,6.614604473114014,4.00570821762085
2025-09-11,9.2147798538208,6.642126560211182,4.0295796394348145
2025-09-12,9.309096336364746,6.7613911628723145,4.058226108551025
2025-09-17,9.375118255615234,6.899004936218262,4.10597038269043
2025-09-18,9.318528175354004,6.8966498374938965,4.058226108551025
2025-09-19,9.243074417114258,6.811854362487793,4.04867696762085
2025-09-22,9.280800819396973,6.887227535247803,4.0773234367370605
2025-09-23,9.261937141418457,6.86838436126709,4.086872577667236
2025-09-24,9.271369934082031,6.86838436126709,4.10597038269043
2025-09-25,9.233642578125,6.82127571105957,4.086872577667236
2025-09-26,9.327960014343262,6.830698013305664,4.1441650390625
2025-09-29,9.346823692321777,6.9437575340271,4.153713703155518
2025-09-30,9.346823692321777,6.915492534637451,4.134616374969482
2025-10-01,9.384550094604492,7.019130706787109,4.163262844085693
2025-10-02,9.41284465789795,7.160455226898193,4.172811031341553
2025-10-03,9.431708335876465,7.235828399658203,4.1441650390625
2025-10-06,9.45057201385498,7.226407527923584,4.172811031341553
2025-10-07,9.384550094604492,7.226407527923584,4.163262844085693
2025-10-08,9.431708335876465,7.216985702514648,4.1441650390625
2025-10-09,9.431708335876465,7.132190704345703,4.096421241760254
2025-10-10,9.384550094604492,7.066239356994629,4.10597038269043
2025-10-13,9.365686416625977,7.0002875328063965,4.0295796394348145
2025-10-14,9.356254577636719,6.9249138832092285,4.020031452178955
2025-10-15,9.356254577636719,6.915492534637451,4.010482311248779
2025-10-16,9.356254577636719,6.915492534637451,4.0295796394348145
2025-10-17,9.327960014343262,6.915492534637451,4.010482311248779
2025-10-21,9.337390899658203,6.9249138832092285,4.0773234367370605
2025-10-22,9.299664497375488,6.783588886260986,4.020031452178955
2025-10-23,9.280800819396973,6.906071186065674,4.020031452178955
2025-10-24,9.337390899658203,6.9437575340271,4.0295796394348145
2025-10-27,9.346823692321777,7.019130706787109,4.0295796394348145
2025-10-28,9.318528175354004,6.9626007080078125,4.020031452178955
2025-10-29,9.309096336364746,6.953178882598877,4.000933647155762
2025-10-30,9.327960014343262,6.887227535247803,4.0295796394348145
2025-10-31,9.309096336364746,6.877806186676025,4.0295796394348145
2025-11-03,9.384550094604492,6.990865707397461,4.04867696762085
2025-11-04,9.384550094604492,7.11334753036499,4.067775249481201
2025-11-05,9.356254577636719,7.066239356994629,4.1441650390625
2025-11-06,9.356254577636719,7.066239356994629,4.067775249481201
2025-11-07,9.346823692321777,7.094503879547119,4.0773234367370605
2025-11-10,9.375118255615234,7.1416120529174805,4.0773234367370605
2025-11-11,9.346823692321777,7.207564353942871,4.10597038269043
2025-11-12,9.375118255615234,7.151033878326416,4.0773234367370605
2025-11-13,9.384550094604492,7.132190704345703,4.10597038269043
2025-11-14,9.365686416625977,7.094503879547119,4.096421241760254
2025-11-17,9.356254577636719,7.169877529144287,4.10597038269043
2025-11-18,9.356254577636719,7.019130706787109,4.058226108551025
2025-11-19,9.365686416625977,7.132190704345703,4.086872577667236
2025-11-20,9.337390899658203,7.094503879547119,4.10597038269043
2025-11-21,9.375118255615234,7.028552532196045,4.086872577667236
2025-11-24,9.393980979919434,7.0379743576049805,4.10597038269043
2025-11-25,9.41284465789795,7.0379743576049805,4.10597038269043
2025-11-26,9.41284465789795,7.160455226898193,4.1823601722717285
2025-11-27,9.41284465789795,7.047395706176758,4.153713703155518
2025-11-28,9.346823692321777,7.207564353942871,4.153713703155518
2025-12-01,9.403413772583008,7.490213394165039,4.163262844085693
2025-12-02,9.752387046813965,7.5373215675354,4.2110066413879395
2025-12-03,9.676933288574219,7.490213394165039,4.239652633666992
2025-12-04,9.658068656921387,7.461948394775391,4.191908836364746
2025-12-05,9.601479530334473,7.452526569366455,4.191908836364746
2025-12-08,9.544888496398926,7.443105220794678,4.172811031341553
2025-12-09,9.526025772094727,7.395997047424316,4.172811031341553
2025-12-10,9.544888496398926,7.367732048034668,4.172811031341553
2025-12-11,9.676933288574219,7.490213394165039,4.220555305480957
2025-12-12,9.714659690856934,7.5092244148254395,4.268298625946045
2025-12-15,9.771249771118164,7.5377397537231445,4.287396430969238
2025-12-16,9.771249771118164,7.585267066955566,4.268298625946045
2025-12-17,9.714659690856934,7.528234481811523,4.2110066413879395
2025-12-18,9.714659690856934,7.490213871002197,4.2110066413879395
2025-12-19,9.84670352935791,7.746857166290283,4.316042900085449
2025-12-22,9.884429931640625,7.746857166290283,4.325592041015625
2025-12-23,9.941020965576172,7.775373935699463,4.316042900085449
2025-12-24,9.884429931640625,7.708836078643799,4.316042900085449
2025-12-26,9.808977127075195,7.746857166290283,4.316042900085449
2025-12-29,9.84670352935791,7.822900295257568,4.306494235992432
2025-12-30,9.90329360961914,7.822900295257568,4.335140228271484
2025-12-31,9.884429931640625,7.841911315917969,4.335140228271484
2026-01-02,9.84670352935791,7.699331283569336,4.287396430969238
2026-01-05,9.959884643554688,7.8324055671691895,4.3542375564575195
2026-01-06,10.091927528381348,7.594771862030029,4.316042900085449
2026-01-07,10.073064804077148,7.661310195922852,4.325592041015625
2026-01-08,10.035338401794434,7.661310195922852,4.287396430969238
2026-01-09,10.24283504486084,7.746857166290283,4.373335361480713
2026-01-12,10.318288803100586,7.803889751434326,4.382884502410889
2026-01-13,10.431469917297363,7.965480804443359,4.430627822875977
2026-01-14,10.412606239318848,7.936965465545654,4.4592742919921875
2026-01-15,10.469196319580078,8.032017707824707,4.5356645584106445
2026-01-16,10.525786399841309,7.9939961433410645,4.516567230224609
2026-01-19,10.525786399841309,7.9939961433410645,4.516567230224609
2026-01-20,10.431469917297363,7.765868663787842,4.507018089294434
2026-01-21,10.469196319580078,7.813395023345947,4.526115417480469
2026-01-22,10.582376480102539,7.889438152313232,4.5643110275268555
2026-01-23,10.714420318603516,7.889438152313232,4.5643110275268555
2026-01-26,10.846465110778809,8.193608283996582,4.650249481201172
2026-01-27,11.091689109802246,8.507285118103027,4.774384021759033
2026-01-28,11.129416465759277,8.222125053405762,4.726639747619629
2026-01-29,10.978508949279785,8.051029205322266,4.631152153015137
2026-01-30,11.129416465759277,8.155587196350098,4.650249481201172
2026-02-03,11.261459350585938,8.136577606201172,4.726639747619629
2026-02-04,11.261459350585938,8.079545021057129,4.6884446144104
2026-02-05,11.261459350585938,8.098556518554688,4.678896427154541
2026-02-06,11.261459350585938,8.041523933410645,4.745737075805664
2026-02-09,11.374641418457031,8.127071380615234,4.850773811340332
2026-02-10,11.318049430847168,8.127071380615234,4.879420280456543
2026-02-11,11.563275337219238,8.165093421936035,4.908066272735596
2026-02-12,11.450094223022461,8.108060836791992,4.898518085479736
2026-02-13,11.374641418457031,8.041523933410645,4.8125786781311035
2026-02-16,11.261459350585938,7.965480804443359,4.822127819061279
2026-02-19,11.374641418457031,8.051029205322266,4.831676006317139
2026-02-20,11.525547981262207,8.070038795471191,4.803030490875244
2026-02-23,11.506683349609375,8.079545021057129,4.850773811340332
2026-02-24,11.6764554977417,8.022512435913086,4.860322952270508
2026-02-25,11.657590866088867,8.051029205322266,4.726639747619629
2026-02-26,11.318049430847168,8.041523933410645,4.774384021759033
2026-02-27,11.280323028564453,7.642299175262451,4.707542419433594
2026-03-02,11.053962707519531,7.547245502471924,4.631152153015137
2026-03-03,11.167142868041992,7.623288631439209,4.669347286224365
2026-03-04,10.9973726272583,7.556750774383545,4.621603488922119
2026-03-05,11.035099029541016,7.642299175262451,4.678896427154541
2026-03-06,11.091689109802246,7.575761318206787,4.650249481201172
2026-03-09,10.808738708496094,7.385654449462891,4.526115417480469
2026-03-10,10.9973726272583,7.461697578430176,4.650249481201172
2026-03-11,11.129416465759277,7.604277610778809,4.65024995803833
2026-03-12,11.100306510925293,7.594771862030029,4.70898962020874
2026-03-13,10.983869552612305,7.604277610778809,4.6894097328186035
2026-03-16,11.139118194580078,7.607691287994385,4.69920015335083
2026-03-17,11.255556106567383,7.66621208190918,4.75793981552124
2026-03-18,11.391398429870605,7.753992557525635,4.826469898223877
2026-03-19,11.255556106567383,7.675965309143066,4.767729759216309
2026-03-20,11.255556106567383,7.675965309143066,4.767729759216309
2026-03-24,11.003275871276855,7.636951446533203,4.75793981552124
2026-03-25,11.100306510925293,7.695472240447998,4.826469898223877
2026-03-26,11.100306510925293,7.6174445152282715,4.718780040740967
2026-03-27,11.119712829589844,7.510156631469727,4.69920015335083
2026-03-30,10.867432594299316,7.295580863952637,4.562139511108398
2026-03-31,11.02268123626709,7.363854885101318,4.581719875335693
2026-04-01,11.313774108886719,7.5199103355407715,4.669829845428467
2026-04-02,11.119712829589844,7.402868747711182,4.611089706420898
2026-04-03,10.925651550292969,7.305334091186523,4.562139511108398
2026-04-06,10.886838912963867,7.21755313873291,4.542559623718262
2026-04-07,10.828620910644531,7.168785572052002,4.503399848937988
2026-04-08,10.983869552612305,7.373608112335205,4.60129976272583
2026-04-09,10.828620910644531,7.26632022857666,4.503399848937988
2026-04-10,10.828620910644531,7.3345947265625,4.552350044250488
2026-04-13,10.65396499633789,7.207799434661865,4.503399848937988
2026-04-14,10.712183952331543,7.363854885101318,4.542559623718262
2026-04-15,10.731590270996094,7.315087795257568,4.503399848937988
2026-04-16,10.731590270996094,7.26632022857666,4.562139511108398
2026-04-17,10.770402908325195,7.285827159881592,4.581719875335693
2026-04-20,11.003275871276855,7.402868747711182,4.591509819030762
2026-04-21,11.02268123626709,7.607691287994385,4.69920015335083
2026-04-22,10.886838912963867,7.549170017242432,4.660039901733398
2026-04-23,10.886838912963867,7.588184356689453,4.7383599281311035
2026-04-24,10.828620910644531,7.607691287994385,4.70898962020874
2026-04-27,10.770402908325195,7.461389541625977,4.620879650115967
2026-04-28,10.886838912963867,7.588184356689453,4.679620265960693
2026-04-29,10.712183952331543,7.50040340423584,4.65024995803833
2026-04-30,10.750996589660645,7.471142768859863,4.581719875335693
2026-05-04,10.945056915283203,7.50040340423584,4.65024995803833
2026-05-05,10.867432594299316,7.695472240447998,4.65024995803833
2026-05-06,10.886838912963867,7.734485626220703,4.6894097328186035
2026-05-07,10.925651550292969,7.841773986816406,4.787309646606445
2026-05-08,10.848027229309082,7.734485626220703,4.777520179748535
2026-05-11,10.848027229309082,7.734485626220703,4.748149871826172
2026-05-12,10.906245231628418,7.705225944519043,4.7383599281311035
2026-05-13,10.848027229309082,7.724732398986816,4.777520179748535
2026-05-14,10.848027229309082,7.705225944519043,4.728569984436035
2026-05-15,10.770402908325195,7.685719013214111,4.806889533996582
2026-05-18,10.750996589660645,7.607691287994385,4.728569984436035
2026-05-19,10.750996589660645,7.646705150604248,4.6894097328186035
2026-05-20,10.731590270996094,7.5686774253845215,4.669829845428467
2026-05-21,10.712183952331543,7.558923721313477,4.669829845428467
2026-05-22,10.673371315002441,7.558923721313477,4.669829845428467
2026-05-25,10.731590270996094,7.539416790008545,4.660039901733398
2026-05-26,10.615153312683105,7.490649700164795,4.69920015335083
2026-05-27,10.615153312683105,7.490649700164795,4.69920015335083
2026-05-28,10.188218116760254,7.305334091186523,4.669829845428467
2026-05-29,10.324061393737793,7.295580863952637,4.611089706420898
2026-06-02,10.324061393737793,7.295580863952637,4.611089706420898
2026-06-03,10.110593795776367,7.022483825683594,4.6404595375061035
2026-06-04,10.285249710083008,7.168785572052002,4.679620265960693
2026-06-05,10.479310989379883,7.207799434661865,4.767729759216309
2026-06-08,10.382279396057129,7.207799434661865,4.679620265960693
2026-06-09,10.304655075073242,7.188292503356934,4.669829845428467
2026-06-10,10.362874031066895,7.21755313873291,4.69920015335083
2026-06-11,10.343467712402344,7.12001895904541,4.679620265960693
2026-06-12,10.40168571472168,7.207799434661865,4.728569984436035
2026-06-15,10.595746994018555,7.50040340423584,4.816679954528809
2026-06-16,10.828620910644531,7.588184356689453,4.943950176239014
2026-06-18,10.828620910644531,7.588184356689453,4.894999980926514
2026-06-19,10.848027229309082,7.461389541625977,4.846049785614014
2026-06-22,10.634559631347656,7.441882610321045,4.797100067138672
2026-06-23,10.518122673034668,7.295580863952637,4.748149871826172
2026-06-24,10.498716354370117,7.2468132972717285,4.767729759216309
2026-06-25,10.40168571472168,7.207799434661865,4.70898962020874
2026-06-26,10.479310989379883,7.227306365966797,4.728569984436035
2026-06-29,10.479310989379883,7.26632022857666,4.6894097328186035
2026-06-30,10.459903717041016,7.227306365966797,4.69920015335083
2026-07-01,10.343467712402344,7.237060070037842,4.65024995803833
2026-07-02,10.42109203338623,7.26632022857666,4.7383599281311035
2026-07-03,10.479310989379883,7.412621974945068,4.787309646606445
2026-07-06,10.615153312683105,7.422375679016113,4.806889533996582
2026-07-07,10.595746994018555,7.412621974945068,4.806889533996582
2026-07-08,10.615153312683105,7.451635837554932,4.826469898223877
2026-07-09,10.537528038024902,7.412621974945068,4.748149871826172
2026-07-10,10.576340675354004,7.451635837554932,4.787309646606445
2026-07-13,10.615153312683105,7.50040340423584,4.816679954528809
2026-07-14,10.673371315002441,7.578430652618408,4.943950176239014
2026-07-15,10.634559631347656,7.5199103355407715,4.943950176239014
2026-07-16,10.712183952331543,7.510156631469727,5.090799808502197
2026-07-17,10.867432594299316,7.627198219299316,5.139750003814697
2026-07-20,10.692778587341309,7.558923721313477,5.081009864807129
2026-07-21,10.692778587341309,7.490649700164795,5.090799808502197
2026-07-22,10.615153312683105,7.471142768859863,5.0418500900268555
2026-07-23,10.537528038024902,7.539416790008545,5.061429977416992
2026-07-24,10.459903717041016,7.490649700164795,5.002689838409424
2026-07-27,10.576340675354004,7.607691287994385,5.0712199211120605
2026-07-28,10.576340675354004,7.5686774253845215,5.081009864807129
2026-07-29,10.537528038024902,7.6174445152282715,5.0418500900268555
2026-07-30,10.55693531036377,7.636951446533203,5.051639556884766
2026-07-31,10.576340675354004,7.695472240447998,5.061429977416992
2026-08-03,10.518122673034668,7.812513828277588,5.090799808502197
2026-08-04,10.459903717041016,7.832020282745361,5.169119834899902
2026-08-05,10.498716354370117,7.812513828277588,5.159329891204834
2026-08-06,10.479310989379883,7.773499488830566,5.120169639587402
2026-08-07,10.362874031066895,7.744239330291748,5.081009864807129
2026-08-10,10.343467712402344,7.724732398986816,5.0712199211120605
2026-08-11,10.246437072753906,7.695472240447998,5.081009864807129
2026-08-12,10.285249710083008,7.724732398986816,5.081009864807129
2026-08-13,10.285249710083008,7.753992557525635,5.051639556884766
2026-08-14,10.285249710083008,7.753992557525635,5.022270202636719
2026-08-17,10.26584243774414,7.675965309143066,4.9928998947143555
2026-08-18,10.304655075073242,7.753992557525635,5.002689838409424
2026-08-19,10.324061393737793,7.7149786949157715,5.0418500900268555
2026-08-20,10.26584243774414,7.783253192901611,5.012479782104492
2026-08-21,10.285249710083008,7.753992557525635,4.983109951019287
2026-08-24,10.246437072753906,7.76374626159668,4.9928998947143555
