date,8869.KL,7113.KL
2015-01-02,0.3823195993900299,0.2887123227119446
2015-01-05,0.3793790340423584,0.2887123227119446
2015-01-06,0.36026328802108765,0.2887123227119446
2015-01-07,0.35732194781303406,0.28745681047439575
2015-01-08,0.3617331087589264,0.28745681047439575
2015-01-09,0.35143983364105225,0.28996777534484863
2015-01-12,0.36026328802108765,0.2938084304332733
2015-01-13,0.38526108860969543,0.3059701919555664
2015-01-14,0.36761510372161865,0.30661001801490784
2015-01-15,0.3823195993900299,0.30725064873695374
2015-01-16,0.3823195993900299,0.3059701919555664
2015-01-19,0.39261287450790405,0.3059701919555664
2015-01-20,0.39114293456077576,0.30661001801490784
2015-01-21,0.3970239758491516,0.31237098574638367
2015-01-22,0.4058474898338318,0.32005223631858826
2015-01-23,0.4102587401866913,0.31685224175453186
2015-01-26,0.39261287450790405,0.3174920380115509
2015-01-27,0.39555421471595764,0.3181318938732147
2015-01-28,0.39555421471595764,0.31685224175453186
2015-01-29,0.39114293456077576,0.31877249479293823
2015-01-30,0.3970239758491516,0.31877249479293823
2015-02-04,0.39261287450790405,0.31301161646842957
2015-02-05,0.39996543526649475,0.3098108470439911
2015-02-06,0.4102587401866913,0.30661001801490784
2015-02-09,0.40731728076934814,0.31237098574638367
2015-02-10,0.4264340102672577,0.31621161103248596
2015-02-11,0.4411383867263794,0.3174920380115509
2015-02-12,0.4308452904224396,0.31877249479293823
2015-02-13,0.4440789818763733,0.32069283723831177
2015-02-16,0.44849032163619995,0.3181318938732147
2015-02-17,0.4367273151874542,0.3181318938732147
2015-02-18,0.439667671918869,0.32005223631858826
2015-02-23,0.4308452904224396,0.32069283723831177
2015-02-24,0.439667671918869,0.32005223631858826
2015-02-25,0.4411383867263794,0.3213326930999756
2015-02-26,0.44260916113853455,0.3232530653476715
2015-02-27,0.44706475734710693,0.32389289140701294
2015-03-02,0.4411236047744751,0.3226131498813629
2015-03-03,0.4455792009830475,0.32069283723831177
2015-03-04,0.46785852313041687,0.3181318938732147
2015-03-05,0.4634019136428833,0.3194124400615692
2015-03-06,0.4723142087459564,0.31877249479293823
2015-03-09,0.47379887104034424,0.31877249479293823
2015-03-10,0.494592547416687,0.32517337799072266
2015-03-11,0.4931078553199768,0.32005223631858826
2015-03-12,0.510930597782135,0.32837414741516113
2015-03-13,0.510930597782135,0.32517337799072266
2015-03-16,0.510930597782135,0.32965388894081116
2015-03-17,0.5035048127174377,0.32837414741516113
2015-03-18,0.47825539112091064,0.33285462856292725
2015-03-19,0.48419564962387085,0.33221474289894104
2015-03-20,0.48271122574806213,0.33733510971069336
2015-03-23,0.48568108677864075,0.34501636028289795
2015-03-24,0.5049892067909241,0.3482171297073364
2015-03-25,0.4975637197494507,0.35717886686325073
2015-03-26,0.4901369512081146,0.3578187823295593
2015-03-27,0.494592547416687,0.3514179587364197
2015-03-30,0.49607810378074646,0.3507772982120514
2015-03-31,0.4916224479675293,0.3501374423503876
2015-04-01,0.4975637197494507,0.3507772982120514
2015-04-02,0.4931078553199768,0.34885698556900024
2015-04-03,0.4931078553199768,0.34885698556900024
2015-04-06,0.4916224479675293,0.3469366729259491
2015-04-07,0.49607810378074646,0.3456570506095886
2015-04-08,0.4975637197494507,0.34949761629104614
2015-04-09,0.510930597782135,0.34949761629104614
2015-04-10,0.5005337595939636,0.3507772982120514
2015-04-13,0.4990491271018982,0.3507772982120514
2015-04-14,0.5020191073417664,0.34885698556900024
2015-04-15,0.5035048127174377,0.3507772982120514
2015-04-16,0.5094459056854248,0.3501374423503876
2015-04-17,0.5094459056854248,0.34885698556900024
2015-04-20,0.5064751505851746,0.3520578145980835
2015-04-21,0.5035048127174377,0.34885698556900024
2015-04-22,0.4975637197494507,0.347577303647995
2015-04-23,0.48122552037239075,0.34885698556900024
2015-04-24,0.4307267963886261,0.347577303647995
2015-04-27,0.4247856140136719,0.3520578145980835
2015-04-28,0.4188443422317505,0.3520578145980835
2015-04-29,0.4188443422317505,0.34949761629104614
2015-04-30,0.4203299582004547,0.35845863819122314
2015-05-05,0.42775580286979675,0.35845863819122314
2015-05-06,0.4233000874519348,0.3565382659435272
2015-05-07,0.43518251180648804,0.3565382659435272
2015-05-08,0.45300522446632385,0.3565382659435272
2015-05-11,0.4455792009830475,0.35717886686325073
2015-05-12,0.4455792009830475,0.3565382659435272
2015-05-13,0.4426082968711853,0.3565382659435272
2015-05-14,0.4426082968711853,0.355258584022522
2015-05-15,0.4426082968711853,0.35717886686325073
2015-05-18,0.4426082968711853,0.3565382659435272
2015-05-19,0.43060582876205444,0.34629690647125244
2015-05-20,0.4201033413410187,0.34885698556900024
2015-05-21,0.40359917283058167,0.3578187823295593
2015-05-22,0.40810009837150574,0.3565382659435272
2015-05-25,0.3975975811481476,0.3520578145980835
2015-05-26,0.4005979001522064,0.3558984398841858
2015-05-27,0.39609694480895996,0.34501636028289795
2015-05-28,0.3945963978767395,0.34629690647125244
2015-05-29,0.39159584045410156,0.3469366729259491
2015-06-01,0.3975975811481476,0.34885698556900024
2015-06-02,0.41110050678253174,0.3392554223537445
2015-06-03,0.40359917283058167,0.3392554223537445
2015-06-04,0.40810009837150574,0.35269758105278015
2015-06-05,0.40359917283058167,0.3501374423503876
2015-06-08,0.4050988554954529,0.3520578145980835
2015-06-09,0.4005979001522064,0.3507772982120514
2015-06-10,0.41110050678253174,0.36742034554481506
2015-06-11,0.40359917283058167,0.36678045988082886
2015-06-12,0.40359917283058167,0.36998048424720764
2015-06-15,0.4020985960960388,0.37446174025535583
2015-06-16,0.39609694480895996,0.3738211393356323
2015-06-17,0.3945963978767395,0.3757414221763611
2015-06-18,0.3945963978767395,0.4071071445941925
2015-06-19,0.3945963978767395,0.4224696755409241
2015-06-22,0.39909827709198,0.42182907462120056
2015-06-23,0.3945963978767395,0.4199087619781494
2015-06-24,0.3945963978767395,0.41606804728507996
2015-06-25,0.3975975811481476,0.4352712333202362
2015-06-26,0.39609694480895996,0.42887046933174133
2015-06-29,0.39159584045410156,0.4269501566886902
2015-06-30,0.39009547233581543,0.43083733320236206
2015-07-01,0.39159584045410156,0.43278104066848755
2015-07-02,0.3945963978767395,0.43213337659835815
2015-07-03,0.39609694480895996,0.4334293603897095
2015-07-06,0.39159584045410156,0.4334293603897095
2015-07-07,0.3795928657054901,0.450273722410202
2015-07-08,0.36608991026878357,0.45999184250831604
2015-07-09,0.37059086561203003,0.4774845242500305
2015-07-10,0.3795928657054901,0.46064022183418274
2015-07-13,0.37359118461608887,0.46647119522094727
2015-07-14,0.37659239768981934,0.4774845242500305
2015-07-15,0.37659239768981934,0.4859074652194977
2015-07-16,0.3780929744243622,0.48914623260498047
2015-07-20,0.37359118461608887,0.5001603960990906
2015-07-21,0.3795928657054901,0.5046953558921814
2015-07-22,0.37659239768981934,0.49692070484161377
2015-07-23,0.3795928657054901,0.4878511428833008
2015-07-24,0.3780929744243622,0.4962732195854187
2015-07-27,0.37659239768981934,0.5118221640586853
2015-07-28,0.36608991026878357,0.48914623260498047
2015-07-29,0.36759045720100403,0.4949772357940674
2015-07-30,0.36909031867980957,0.510526180267334
2015-07-31,0.36909031867980957,0.493681937456131
2015-08-03,0.37059086561203003,0.49886441230773926
2015-08-04,0.36608991026878357,0.5118221640586853
2015-08-05,0.36458930373191833,0.52348393201828
2015-08-06,0.3615889251232147,0.5118221640586853
2015-08-07,0.3465852737426758,0.50080806016922
2015-08-10,0.330081045627594,0.48655498027801514
2015-08-11,0.31057560443878174,0.4826677739620209
2015-08-12,0.2775682210922241,0.46647119522094727
2015-08-13,0.28356990218162537,0.49886441230773926
2015-08-14,0.2745669484138489,0.4839637875556946
2015-08-17,0.2625645399093628,0.4878511428833008
2015-08-18,0.2625645399093628,0.5059912800788879
2015-08-19,0.25806286931037903,0.5163570046424866
2015-08-20,0.24906082451343536,0.5241316556930542
2015-08-21,0.2415594756603241,0.5435680150985718
2015-08-24,0.22205398976802826,0.5506948828697205
2015-08-25,0.22584396600723267,0.5118221640586853
2015-08-26,0.22735995054244995,0.5137658715248108
2015-08-27,0.2470642775297165,0.5034000873565674
2015-08-28,0.2607055604457855,0.5001603960990906
2015-09-01,0.2607055604457855,0.5072873830795288
2015-09-02,0.26222142577171326,0.5098786354064941
2015-09-03,0.2758634686470032,0.5202443599700928
2015-09-04,0.2940519452095032,0.5027517080307007
2015-09-07,0.2895047664642334,0.5027517080307007
2015-09-08,0.27889469265937805,0.5137658715248108
2015-09-09,0.2940519452095032,0.5183006525039673
2015-09-10,0.28344178199768066,0.5332019925117493
2015-09-11,0.2910206913948059,0.5338497161865234
2015-09-14,0.2895047664642334,0.517005443572998
2015-09-15,0.2925359010696411,0.5053436756134033
2015-09-17,0.3061780035495758,0.5072873830795288
2015-09-18,0.3486185669898987,0.49886441230773926
2015-09-21,0.3395243287086487,0.4826677739620209
2015-09-22,0.3334612548351288,0.498216837644577
2015-09-23,0.3167881369590759,0.517005443572998
2015-09-25,0.3137561082839966,0.5247800350189209
2015-09-28,0.31527209281921387,0.5176531076431274
2015-09-29,0.3076939582824707,0.5176531076431274
2015-09-30,0.3122410178184509,0.5228363275527954
2015-10-01,0.3183041214942932,0.5163570046424866
2015-10-02,0.3167881369590759,0.5150619149208069
2015-10-05,0.3273982107639313,0.5150619149208069
2015-10-06,0.32285115122795105,0.5254275798797607
2015-10-07,0.3289142847061157,0.5299626588821411
2015-10-08,0.3167881369590759,0.517005443572998
2015-10-09,0.32588228583335876,0.5176531076431274
2015-10-12,0.3289142847061157,0.5370894074440002
2015-10-13,0.3243662714958191,0.5215403437614441
2015-10-15,0.3304293155670166,0.546807587146759
2015-10-16,0.3334612548351288,0.5636528134346008
2015-10-19,0.32588228583335876,0.5707788467407227
2015-10-20,0.32588228583335876,0.5895674228668213
2015-10-21,0.3289142847061157,0.6187218427658081
2015-10-22,0.32285115122795105,0.6005815267562866
2015-10-23,0.34407150745391846,0.5992855429649353
2015-10-26,0.3455865681171417,0.601229190826416
2015-10-27,0.3531656265258789,0.6018768548965454
2015-10-28,0.35164961218833923,0.6102997064590454
2015-10-29,0.3561966121196747,0.6122434139251709
2015-10-30,0.3531656265258789,0.6148346066474915
2015-11-02,0.35013455152511597,0.6148346066474915
2015-11-03,0.3455865681171417,0.6154821515083313
2015-11-04,0.35013455152511597,0.6154821515083313
2015-11-05,0.3546815812587738,0.6154821515083313
2015-11-06,0.3561966121196747,0.6090036034584045
2015-11-09,0.3561966121196747,0.6297360062599182
2015-11-11,0.3486185669898987,0.6478763222694397
2015-11-12,0.34255552291870117,0.6491722464561462
2015-11-13,0.3471025824546814,0.6446366310119629
2015-11-16,0.34255552291870117,0.6349185109138489
2015-11-17,0.3486185669898987,0.6569467782974243
2015-11-18,0.3471025824546814,0.6452849507331848
2015-11-19,0.3395243287086487,0.6401019096374512
2015-11-20,0.32588228583335876,0.6465803384780884
2015-11-23,0.3107250928878784,0.6388058066368103
2015-11-24,0.3167881369590759,0.6252004504203796
2015-11-25,0.3137561082839966,0.6018768548965454
2015-11-26,0.31981924176216125,0.6154821515083313
2015-11-27,0.3183041214942932,0.6277923583984375
2015-11-30,0.3167881369590759,0.6290876269340515
2015-12-01,0.32285115122795105,0.6284399628639221
2015-12-02,0.32588228583335876,0.6478763222694397
2015-12-03,0.32588228583335876,0.6556508541107178
2015-12-04,0.32588228583335876,0.668608546257019
2015-12-07,0.3289142847061157,0.7126636505126953
2015-12-08,0.3213353157043457,0.7126636505126953
2015-12-09,0.3243662714958191,0.6893401145935059
2015-12-10,0.31902462244033813,0.733396053314209
2015-12-11,0.3144453763961792,0.7321000099182129
2015-12-14,0.3098663091659546,0.7126636505126953
2015-12-15,0.3129187524318695,0.7683812975883484
2015-12-16,0.31749793887138367,0.794296145439148
2015-12-17,0.3129187524318695,0.8811119198799133
2015-12-18,0.31902462244033813,0.8422392010688782
2015-12-21,0.31902462244033813,0.8759284615516663
2015-12-22,0.3129187524318695,0.8966607451438904
2015-12-23,0.3159712255001068,0.8837031722068787
2015-12-28,0.3205513656139374,0.8720412850379944
2015-12-29,0.3220771849155426,0.891477644443512
2015-12-30,0.3205513656139374,0.8824077248573303
2015-12-31,0.31902462244033813,0.8798158764839172
2016-01-04,0.3129187524318695,0.8681541085243225
2016-01-05,0.3098663091659546,0.8901822566986084
2016-01-06,0.3159712255001068,0.8992521166801453
2016-01-07,0.3159712255001068,0.8966607451438904
2016-01-08,0.3144453763961792,0.8901822566986084
2016-01-11,0.30833956599235535,0.9000076055526733
2016-01-12,0.30681300163269043,0.9117980003356934
2016-01-13,0.3052861988544464,0.910487949848175
2016-01-14,0.3022337555885315,0.8921473026275635
2016-01-15,0.300707072019577,0.8973873257637024
2016-01-18,0.29765453934669495,0.9091777205467224
2016-01-19,0.29612797498703003,0.910487949848175
2016-01-20,0.29002195596694946,0.896077573299408
2016-01-21,0.28544288873672485,0.8842871189117432
2016-01-22,0.2869695723056793,0.879046618938446
2016-01-26,0.27933698892593384,0.838434636592865
2016-01-27,0.2823902666568756,0.7991330623626709
2016-01-28,0.27781108021736145,0.7336305975914001
2016-01-29,0.2839161157608032,0.710049569606781
2016-02-02,0.28544288873672485,0.7545915842056274
2016-02-03,0.2884962558746338,0.7650718688964844
2016-02-04,0.29612797498703003,0.7362504005432129
2016-02-05,0.3052861988544464,0.7165994644165039
2016-02-08,0.3052861988544464,0.7165994644165039
2016-02-09,0.3052861988544464,0.7165994644165039
2016-02-10,0.3022337555885315,0.7362504005432129
2016-02-11,0.3022337555885315,0.7375605702400208
2016-02-12,0.2946012318134308,0.7283900380134583
2016-02-15,0.300707072019577,0.7205297946929932
2016-02-16,0.3022337555885315,0.7283900380134583
2016-02-17,0.300707072019577,0.7428011894226074
2016-02-18,0.3159712255001068,0.721839964389801
2016-02-19,0.3159712255001068,0.7323203682899475
2016-02-22,0.3129187524318695,0.7611417770385742
2016-02-23,0.3266562521457672,0.7467313408851624
2016-02-24,0.3266562521457672,0.7611417770385742
2016-02-25,0.3281829357147217,0.7519711256027222
2016-02-26,0.32360389828681946,0.7270805239677429
2016-02-29,0.32360389828681946,0.7375605702400208
2016-03-01,0.3281829357147217,0.7297003865242004
2016-03-02,0.34497392177581787,0.7323203682899475
2016-03-03,0.343447208404541,0.7205297946929932
2016-03-04,0.343447208404541,0.7048091292381287
2016-03-07,0.3541322648525238,0.6524073481559753
2016-03-08,0.36481720209121704,0.6432367563247681
2016-03-09,0.3510797917842865,0.6746780872344971
2016-03-10,0.3610665500164032,0.7061192989349365
2016-03-11,0.3902595639228821,0.7126694321632385
2016-03-14,0.42559778690338135,0.6969486474990845
2016-03-15,0.42713454365730286,0.6969486474990845
2016-03-16,0.4056240916252136,0.6812281012535095
2016-03-17,0.4179159998893738,0.6890883445739746
2016-03-18,0.420988529920578,0.6890883445739746
2016-03-21,0.4117700457572937,0.6851582527160645
2016-03-22,0.40716084837913513,0.6602675914764404
2016-03-23,0.38718709349632263,0.6432367563247681
2016-03-24,0.37182170152664185,0.6524073481559753
2016-03-25,0.38104110956192017,0.6524073481559753
2016-03-28,0.4010148346424103,0.6406169533729553
2016-03-29,0.4010148346424103,0.6537169814109802
2016-03-30,0.4056240916252136,0.6615772247314453
2016-03-31,0.40716084837913513,0.6576469540596008
2016-04-01,0.40716084837913513,0.6524073481559753
2016-04-04,0.4025516211986542,0.6602675914764404
2016-04-05,0.4040873348712921,0.6812281012535095
2016-04-06,0.4025516211986542,0.6956391334533691
2016-04-07,0.4117700457572937,0.6890883445739746
2016-04-08,0.41637930274009705,0.6969486474990845
2016-04-11,0.4179159998893738,0.6969486474990845
2016-04-12,0.4286711812019348,0.6772977709770203
2016-04-13,0.43942639231681824,0.6681281328201294
2016-04-14,0.4471082389354706,0.6851582527160645
2016-04-15,0.4409629702568054,0.6890883445739746
2016-04-18,0.4378896951675415,0.6903985738754272
2016-04-19,0.43942639231681824,0.6890883445739746
2016-04-20,0.4547909200191498,0.6720581650733948
2016-04-21,0.46554601192474365,0.6615772247314453
2016-04-22,0.4732286334037781,0.6707479953765869
2016-04-25,0.4716920852661133,0.665507435798645
2016-04-26,0.4594000279903412,0.658957302570343
2016-04-27,0.4547909200191498,0.6681281328201294
2016-04-28,0.45632752776145935,0.6641979217529297
2016-04-29,0.45018160343170166,0.6497867703437805
2016-05-03,0.45171821117401123,0.6497867703437805
2016-05-04,0.4716920852661133,0.6458566188812256
2016-05-05,0.47783786058425903,0.6524073481559753
2016-05-06,0.48091042041778564,0.6524073481559753
2016-05-09,0.4793737828731537,0.6615772247314453
2016-05-10,0.4839837849140167,0.6799184679985046
2016-05-11,0.48091042041778564,0.6825383305549622
2016-05-12,0.48244714736938477,0.665507435798645
2016-05-13,0.4793737828731537,0.6628875732421875
2016-05-16,0.47316819429397583,0.6524073481559753
2016-05-17,0.4793737232685089,0.6576469540596008
2016-05-18,0.4778228998184204,0.656337559223175
2016-05-19,0.476271390914917,0.6681281328201294
2016-05-20,0.47471970319747925,0.6772977709770203
2016-05-23,0.46696344017982483,0.691709041595459
2016-05-24,0.4514489769935608,0.6943289041519165
2016-05-25,0.44834664463996887,0.6799184679985046
2016-05-26,0.4421408772468567,0.6628875732421875
2016-05-27,0.44369250535964966,0.6602675914764404
2016-05-30,0.4498981833457947,0.6694375276565552
2016-05-31,0.4607578217983246,0.6641979217529297
2016-06-01,0.46541181206703186,0.6707479953765869
2016-06-02,0.4607578217983246,0.6746780872344971
2016-06-03,0.46230852603912354,0.6838486790657043
2016-06-06,0.4607578217983246,0.6681281328201294
2016-06-07,0.4638601839542389,0.6772977709770203
2016-06-08,0.48557931184768677,0.6733676791191101
2016-06-09,0.5088502168655396,0.6681281328201294
2016-06-10,0.5072987079620361,0.6550273299217224
2016-06-13,0.5010929703712463,0.656337559223175
2016-06-14,0.5057471394538879,0.6576469540596008
2016-06-15,0.5041962265968323,0.6432367563247681
2016-06-16,0.5041962265968323,0.6157255172729492
2016-06-17,0.5104016661643982,0.6209660172462463
2016-06-20,0.5119526386260986,0.6091755628585815
2016-06-21,0.5212613344192505,0.6039350628852844
2016-06-23,0.5321211814880371,0.6117954254150391
2016-06-24,0.5212613344192505,0.6065548658370972
2016-06-27,0.5197098255157471,0.6052454710006714
2016-06-28,0.5321211814880371,0.6157255172729492
2016-06-29,0.5398774147033691,0.6170527338981628
2016-06-30,0.5709047317504883,0.6104173064231873
2016-07-01,0.5833159685134888,0.6090908050537109
2016-07-04,0.5895214676856995,0.6197065114974976
2016-07-05,0.5957268476486206,0.613071858882904
2016-07-06,0.5957268476486206,0.613071858882904
2016-07-07,0.5957268476486206,0.613071858882904
2016-07-08,0.6065868139266968,0.6011288166046143
2016-07-11,0.6112407445907593,0.5971478819847107
2016-07-12,0.6096892356872559,0.5971478819847107
2016-07-13,0.6050352454185486,0.5958205461502075
2016-07-14,0.6127923727035522,0.5958205461502075
2016-07-15,0.6252027750015259,0.5971478819847107
2016-07-18,0.6484735608100891,0.5852049589157104
2016-07-19,0.6438196897506714,0.586531400680542
2016-07-20,0.6438196897506714,0.583877682685852
2016-07-21,0.6469219923019409,0.5812239646911621
2016-07-22,0.6376141309738159,0.5812239646911621
2016-07-25,0.6314082741737366,0.5759156942367554
2016-07-26,0.6469219923019409,0.5706074237823486
2016-07-27,0.6453713178634644,0.5772430300712585
2016-07-28,0.6484735608100891,0.5812239646911621
2016-07-29,0.6469219923019409,0.5692809820175171
2016-08-01,0.651576817035675,0.5745883584022522
2016-08-02,0.6438196897506714,0.5745883584022522
2016-08-03,0.6469219923019409,0.5798966288566589
2016-08-04,0.6484735608100891,0.5745883584022522
2016-08-05,0.639165461063385,0.6011288166046143
2016-08-08,0.6376141309738159,0.603782594203949
2016-08-09,0.6453713178634644,0.5984744429588318
2016-08-10,0.6546791195869446,0.5984744429588318
2016-08-11,0.6655388474464417,0.6024553179740906
2016-08-12,0.6639871001243591,0.6051098108291626
2016-08-15,0.6655388474464417,0.6011288166046143
2016-08-16,0.6670903563499451,0.5958205461502075
2016-08-17,0.6717444658279419,0.5798966288566589
2016-08-18,0.6655388474464417,0.583877682685852
2016-08-19,0.6670903563499451,0.5852049589157104
2016-08-22,0.6577817797660828,0.5798966288566589
2016-08-23,0.6593332290649414,0.5732620358467102
2016-08-24,0.6453713178634644,0.5626456141471863
2016-08-25,0.6407172679901123,0.5586644411087036
2016-08-26,0.6484735608100891,0.5626456141471863
2016-08-29,0.6484735608100891,0.5599917769432068
2016-08-30,0.6531612873077393,0.5639727115631104
2016-09-01,0.6531612873077393,0.5812239646911621
2016-09-02,0.6515984535217285,0.6104173064231873
2016-09-05,0.6437861323356628,0.628995954990387
2016-09-06,0.6390984654426575,0.6369578838348389
2016-09-07,0.6187839508056641,0.6369578838348389
2016-09-08,0.6312850713729858,0.6369578838348389
2016-09-09,0.6453486680984497,0.6250147223472595
2016-09-13,0.640660285949707,0.6170527338981628
2016-09-14,0.6390984654426575,0.6170527338981628
2016-09-15,0.6766001582145691,0.6223602294921875
2016-09-19,0.6562868356704712,0.6197065114974976
2016-09-20,0.6500364542007446,0.6250147223472595
2016-09-21,0.6562868356704712,0.6276686191558838
2016-09-22,0.6578488945960999,0.6356304287910461
2016-09-23,0.6640994548797607,0.6382841467857361
2016-09-26,0.6687869429588318,0.6396113634109497
2016-09-27,0.66253662109375,0.6634975075721741
2016-09-28,0.660974383354187,0.6727867126464844
2016-09-29,0.6703497767448425,0.6661511063575745
2016-09-30,0.6703497767448425,0.6767675280570984
2016-10-04,0.6703497767448425,0.6794213652610779
2016-10-05,0.6703497767448425,0.6780940294265747
2016-10-06,0.6703497767448425,0.6568626761436462
2016-10-07,0.6750376224517822,0.642265260219574
2016-10-10,0.6734747290611267,0.6409386396408081
2016-10-11,0.6859754920005798,0.6568626761436462
2016-10-12,0.6953508257865906,0.6634975075721741
2016-10-13,0.6812880039215088,0.6648246645927429
2016-10-14,0.68285071849823,0.6648246645927429
2016-10-17,0.6844128966331482,0.6542081832885742
2016-10-18,0.68285071849823,0.659516453742981
2016-10-19,0.679725170135498,0.6634975075721741
2016-10-20,0.6719125509262085,0.659516453742981
2016-10-21,0.6734747290611267,0.6634975075721741
2016-10-24,0.6766001582145691,0.659516453742981
2016-10-25,0.6766001582145691,0.6542081832885742
2016-10-26,0.6844128966331482,0.6343033313751221
2016-10-27,0.6859754920005798,0.6502273678779602
2016-10-28,0.679725170135498,0.6382841467857361
2016-10-31,0.6812880039215088,0.6568626761436462
2016-11-01,0.679725170135498,0.6502273678779602
2016-11-02,0.6719125509262085,0.6369578838348389
2016-11-03,0.6703497767448425,0.6435925364494324
2016-11-04,0.7175402641296387,0.6369578838348389
2016-11-07,0.7262910008430481,0.6369578838348389
2016-11-08,0.7219155430793762,0.6435925364494324
2016-11-09,0.7087899446487427,0.6435925364494324
2016-11-10,0.7442294359207153,0.6634975075721741
2016-11-11,0.7220797538757324,0.6953453421592712
2016-11-14,0.7176497578620911,0.6767675280570984
2016-11-15,0.7265095710754395,0.6780940294265747
2016-11-16,0.7442294359207153,0.6794213652610779
2016-11-17,0.7220797538757324,0.6794213652610779
2016-11-18,0.7132198810577393,0.7033072113990784
2016-11-21,0.7220797538757324,0.6993262767791748
2016-11-22,0.7265095710754395,0.6966725587844849
2016-11-23,0.7265095710754395,0.6979990005493164
2016-11-24,0.7220797538757324,0.6953453421592712
2016-11-25,0.7353695631027222,0.6887105107307434
2016-11-28,0.7397994995117188,0.6754403710365295
2016-11-29,0.7353695631027222,0.6701321601867676
2016-11-30,0.7397994995117188,0.700653612613678
2016-12-01,0.7353695631027222,0.6780940294265747
2016-12-02,0.7309394478797913,0.6767675280570984
2016-12-05,0.7309394478797913,0.6701321601867676
2016-12-06,0.7265095710754395,0.6489007472991943
2016-12-07,0.7265095710754395,0.6502273678779602
2016-12-08,0.7309394478797913,0.659516453742981
2016-12-09,0.7309394478797913,0.6528818011283875
2016-12-13,0.753089189529419,0.6542081832885742
2016-12-14,0.753089189529419,0.660843551158905
2016-12-15,0.753089189529419,0.6714593768119812
2016-12-16,0.7442294359207153,0.6794213652610779
2016-12-19,0.7486591935157776,0.6873832941055298
2016-12-20,0.7486591935157776,0.6940179467201233
2016-12-21,0.753089189529419,0.70197993516922
2016-12-22,0.7397994995117188,0.6993262767791748
2016-12-23,0.7265095710754395,0.6873832941055298
2016-12-27,0.7132198810577393,0.6834022998809814
2016-12-28,0.7220797538757324,0.6940179467201233
2016-12-29,0.7087900042533875,0.7033072113990784
2016-12-30,0.7043598890304565,0.7099419236183167
2017-01-02,0.7043598890304565,0.7099419236183167
2017-01-03,0.753089189529419,0.7033072113990784
2017-01-04,0.775239109992981,0.7179039716720581
2017-01-05,0.775239109992981,0.7179039716720581
2017-01-06,0.7708088159561157,0.7185785174369812
2017-01-09,0.7885286211967468,0.7091410160064697
2017-01-10,0.7840988636016846,0.7091410160064697
2017-01-11,0.8195382356643677,0.7212746143341064
2017-01-12,0.8151084184646606,0.7104893922805786
2017-01-13,0.8283981680870056,0.7091410160064697
2017-01-16,0.8195382356643677,0.6929630041122437
2017-01-17,0.8283981680870056,0.705096423625946
2017-01-18,0.8416879177093506,0.6956596970558167
2017-01-19,0.8638376593589783,0.6943113207817078
2017-01-20,0.8416879177093506,0.6956596970558167
2017-01-23,0.8416879177093506,0.705096423625946
2017-01-24,0.8638376593589783,0.705096423625946
2017-01-25,0.8948471546173096,0.7037490010261536
2017-01-26,0.9081369042396545,0.7010520100593567
2017-01-27,0.916996419429779,0.7010520100593567
2017-01-31,0.9081369042396545,0.7010520100593567
2017-02-02,0.9347164630889893,0.6997043490409851
2017-02-03,0.9657264947891235,0.6875707507133484
2017-02-06,0.9834461808204651,0.6835261583328247
2017-02-07,0.9701558947563171,0.6983558535575867
2017-02-08,0.9657264947891235,0.6929630041122437
2017-02-10,0.9923059940338135,0.6943113207817078
2017-02-13,1.0144553184509277,0.6929630041122437
2017-02-14,1.0454649925231934,0.6848738193511963
2017-02-15,1.0676147937774658,0.6956596970558167
2017-02-16,1.0676147937774658,0.6997043490409851
2017-02-17,1.0410350561141968,0.6929630041122437
2017-02-20,1.0410350561141968,0.6943113207817078
2017-02-21,1.0410350561141968,0.7010520100593567
2017-02-22,1.0366052389144897,0.7010520100593567
2017-02-23,1.0631849765777588,0.6889182925224304
2017-02-24,1.0587550401687622,0.6889182925224304
2017-02-27,1.0410350561141968,0.6835261583328247
2017-02-28,1.0986244678497314,0.6781333088874817
2017-03-01,1.1163437366485596,0.6875707507133484
2017-03-02,1.1562135219573975,0.6970075368881226
2017-03-03,1.1473535299301147,0.6929630041122437
2017-03-06,1.1606435775756836,0.6956596970558167
2017-03-07,1.1695034503936768,0.6916153430938721
2017-03-08,1.1695034503936768,0.6929630041122437
2017-03-09,1.1562135219573975,0.6956596970558167
2017-03-10,1.1361637115478516,0.6970075368881226
2017-03-13,1.127252221107483,0.6997043490409851
2017-03-14,1.145074725151062,0.7077935338020325
2017-03-15,1.109430193901062,0.7010520100593567
2017-03-16,1.1227972507476807,0.7010520100593567
2017-03-17,1.0916081666946411,0.7010520100593567
2017-03-20,1.0693302154541016,0.6983558535575867
2017-03-21,1.0648747682571411,0.6916153430938721
2017-03-22,1.0826970338821411,0.6808293461799622
2017-03-23,1.145074725151062,0.6821777820587158
2017-03-24,1.149530053138733,0.6835261583328247
2017-03-27,1.1317079067230225,0.6727402210235596
2017-03-28,1.140618920326233,0.6727402210235596
2017-03-29,1.1628966331481934,0.6740886569023132
2017-03-30,1.167352318763733,0.6633034944534302
2017-03-31,1.180719017982483,0.6633034944534302
2017-04-03,1.1762635707855225,0.6713925004005432
2017-04-04,1.180719017982483,0.6713925004005432
2017-04-05,1.1940855979919434,0.6673480868339539
2017-04-06,1.2029969692230225,0.6606066823005676
2017-04-07,1.198541283607483,0.6633034944534302
2017-04-10,1.207452654838562,0.6633034944534302
2017-04-11,1.207452654838562,0.6619552373886108
2017-04-12,1.2252745628356934,0.6606066823005676
2017-04-13,1.2297300100326538,0.6606066823005676
2017-04-14,1.2119075059890747,0.6579105257987976
2017-04-17,1.2208188772201538,0.6511699557304382
2017-04-18,1.2475517988204956,0.6511699557304382
2017-04-19,1.2430964708328247,0.6511699557304382
2017-04-20,1.2341854572296143,0.6444286108016968
2017-04-21,1.2252745628356934,0.6471254229545593
2017-04-24,1.2252745628356934,0.6417325139045715
2017-04-25,1.2430964708328247,0.6444286108016968
2017-04-26,1.2609187364578247,0.6322948932647705
2017-04-27,1.2876522541046143,0.6174653172492981
2017-04-28,1.3054742813110352,0.6161167621612549
2017-05-02,1.2653741836547852,0.6201612949371338
2017-05-03,1.2742849588394165,0.618813693523407
2017-05-04,1.2698296308517456,0.618813693523407
2017-05-05,1.2609187364578247,0.6511699557304382
2017-05-08,1.2698296308517456,0.659259021282196
2017-05-09,1.2297300100326538,0.6794816851615906
2017-05-11,1.2252745628356934,0.6943113207817078
2017-05-12,1.2430964708328247,0.6983558535575867
2017-05-15,1.2386411428451538,0.7010520100593567
2017-05-16,1.2297300100326538,0.7037490010261536
2017-05-17,1.2252745628356934,0.7037490010261536
2017-05-18,1.2208188772201538,0.7010520100593567
2017-05-19,1.2163633108139038,0.7280161380767822
2017-05-22,1.2208188772201538,0.7441941499710083
2017-05-23,1.207452654838562,0.7455419301986694
2017-05-24,1.207452654838562,0.7522832751274109
2017-05-25,1.185174584388733,0.741497278213501
2017-05-26,1.1762635707855225,0.7266677618026733
2017-05-29,1.1628966331481934,0.7172300815582275
2017-05-31,1.149530053138733,0.7104893922805786
2017-06-01,1.145074725151062,0.7212746143341064
2017-06-02,1.165242314338684,0.7334082126617432
2017-06-05,1.1966142654418945,0.7455419301986694
2017-06-06,1.192132592201233,0.7441941499710083
2017-06-07,1.178687572479248,0.741497278213501
2017-06-08,1.192132592201233,0.7738536596298218
2017-06-09,1.232467770576477,0.7886841297149658
2017-06-13,1.2369496822357178,0.7846395373344421
2017-06-14,1.227986216545105,0.7873356938362122
2017-06-15,1.2055779695510864,0.7819426655769348
2017-06-16,1.2010958194732666,0.7563278675079346
2017-06-19,1.2010958194732666,0.740149736404419
2017-06-20,1.2010958194732666,0.742845892906189
2017-06-21,1.2010958194732666,0.7549792528152466
2017-06-22,1.2010958194732666,0.7603723406791687
2017-06-23,1.2010958194732666,0.763068437576294
2017-06-26,1.2010958194732666,0.763068437576294
2017-06-27,1.2010958194732666,0.7644168138504028
2017-06-28,1.2010958194732666,0.7792465090751648
2017-06-29,1.2010958194732666,0.7752020955085754
2017-06-30,1.2010958194732666,0.7752020955085754
2017-07-03,1.2010958194732666,0.7792892456054688
2017-07-04,1.2010958194732666,0.7874636054039001
2017-07-05,1.2010958194732666,0.7847390174865723
2017-07-06,1.2010958194732666,0.7901880741119385
2017-07-07,1.2010958194732666,0.7656649947166443
2017-07-10,1.2010958194732666,0.7629404664039612
2017-07-11,1.1742055416107178,0.7670277953147888
2017-07-12,1.178687572479248,0.7683902978897095
2017-07-13,1.1966142654418945,0.7711148858070374
2017-07-14,1.2100591659545898,0.7711148858070374
2017-07-17,1.2010958194732666,0.7724775075912476
2017-07-18,1.192132592201233,0.7806519865989685
2017-07-19,1.1966142654418945,0.7738393545150757
2017-07-20,1.2100591659545898,0.7765647768974304
2017-07-21,1.2010958194732666,0.7833763957023621
2017-07-24,1.2010958194732666,0.7792892456054688
2017-07-25,1.2010958194732666,0.7792892456054688
2017-07-26,1.2010958194732666,0.7820137739181519
2017-07-27,1.2235043048858643,0.7847390174865723
2017-07-28,1.2414311170578003,0.7833763957023621
2017-07-31,1.2772843837738037,0.7820137739181519
2017-08-01,1.2862484455108643,0.7874636054039001
2017-08-02,1.2817661762237549,0.7847390174865723
2017-08-03,1.2772843837738037,0.7792892456054688
2017-08-04,1.2728030681610107,0.7833763957023621
2017-08-07,1.2817661762237549,0.7711148858070374
2017-08-08,1.3176202774047852,0.7765647768974304
2017-08-09,1.465516209602356,0.7792892456054688
2017-08-10,1.4879252910614014,0.7711148858070374
2017-08-11,1.4565527439117432,0.7697522640228271
2017-08-14,1.4610346555709839,0.7697522640228271
2017-08-15,1.465516209602356,0.7697522640228271
2017-08-16,1.4744795560836792,0.7765647768974304
2017-08-17,1.4968883991241455,0.7765647768974304
2017-08-18,1.5282598733901978,0.7738393545150757
2017-08-21,1.5417054891586304,0.761577844619751
2017-08-22,1.5596319437026978,0.7629404664039612
2017-08-23,1.5596319437026978,0.7643032073974609
2017-08-24,1.5820404291152954,0.7643032073974609
2017-08-25,1.586522102355957,0.7656649947166443
2017-08-28,1.5820404291152954,0.7465917468070984
2017-08-29,1.5954853296279907,0.7452291250228882
2017-08-30,1.6157385110855103,0.7643032073974609
2017-08-31,1.6157385110855103,0.7643032073974609
2017-09-01,1.6157385110855103,0.7643032073974609
2017-09-04,1.6157385110855103,0.7643032073974609
2017-09-05,1.6832484006881714,0.7670277953147888
2017-09-06,1.7012513875961304,0.7738393545150757
2017-09-07,1.6652460098266602,0.7711148858070374
2017-09-08,1.69225013256073,0.7602159976959229
2017-09-11,1.6877491474151611,0.7356929779052734
2017-09-12,1.6877491474151611,0.7356929779052734
2017-09-13,1.6832484006881714,0.7288803458213806
2017-09-14,1.6832484006881714,0.7425045967102051
2017-09-15,1.6652460098266602,0.7534034848213196
2017-09-18,1.66074538230896,0.7425045967102051
2017-09-19,1.6562445163726807,0.7438673377037048
2017-09-20,1.6652460098266602,0.7493162751197815
2017-09-21,1.6832484006881714,0.7493162751197815
2017-09-22,1.6832484006881714,0.7493162751197815
2017-09-25,1.6787481307983398,0.7356929779052734
2017-09-26,1.6742472648620605,0.7479544878005981
2017-09-27,1.6652460098266602,0.7493162751197815
2017-09-28,1.6652460098266602,0.7547661066055298
2017-09-29,1.6967504024505615,0.7561289072036743
2017-10-02,1.6742472648620605,0.7629404664039612
2017-10-03,1.6787481307983398,0.7697522640228271
2017-10-04,1.69225013256073,0.7724775075912476
2017-10-05,1.7192538976669312,0.7724775075912476
2017-10-06,1.7147533893585205,0.7697522640228271
2017-10-09,1.7237545251846313,0.7697522640228271
2017-10-10,1.7237545251846313,0.7697522640228271
2017-10-11,1.728254795074463,0.7697522640228271
2017-10-12,1.7237545251846313,0.8078994750976562
2017-10-13,1.7507586479187012,0.818798303604126
2017-10-16,1.7642605304718018,0.8705699443817139
2017-10-17,1.7777626514434814,0.8623955249786377
2017-10-18,1.7777626514434814,0.8623955249786377
2017-10-19,1.8002657890319824,0.8719317317008972
2017-10-20,1.8002657890319824,0.8978174924850464
2017-10-23,1.8047667741775513,0.9100790619850159
2017-10-24,1.8362711668014526,0.8705699443817139
2017-10-25,1.8272699117660522,0.8787443041801453
2017-10-26,1.867775797843933,0.8719317317008972
2017-10-27,1.9307855367660522,0.8787443041801453
2017-10-30,1.9397859573364258,0.8787443041801453
2017-10-31,1.9937942028045654,0.8719317317008972
2017-11-01,2.1243131160736084,0.8719317317008972
2017-11-02,2.191823720932007,0.8719317317008972
2017-11-03,2.2773358821868896,0.8705699443817139
2017-11-06,2.340345859527588,0.9032674431800842
2017-11-07,2.2503321170806885,0.9032674431800842
2017-11-08,2.2053256034851074,0.9059920310974121
2017-11-09,2.2098262310028076,0.9196161031723022
2017-11-10,2.2098262310028076,0.9386892318725586
2017-11-13,2.2098262310028076,0.9468638896942139
2017-11-14,2.191823720932007,0.930514931678772
2017-11-15,2.191823720932007,0.9250652194023132
2017-11-16,2.0928094387054443,0.9237034320831299
2017-11-17,2.070305347442627,0.918253481388092
2017-11-20,2.0928094387054443,0.9264278411865234
2017-11-21,2.137815475463867,0.8855560421943665
2017-11-22,2.137815475463867,0.9059920310974121
2017-11-23,2.1558189392089844,0.9128035306930542
2017-11-24,2.1423161029815674,0.9196161031723022
2017-11-27,2.1558189392089844,0.9332395195960999
2017-11-28,2.2233285903930664,0.9332395195960999
2017-11-29,2.2908384799957275,0.9237034320831299
2017-11-30,2.340345859527588,0.9168907999992371
2017-12-01,2.340345859527588,0.9168907999992371
2017-12-04,2.3313443660736084,0.9155288934707642
2017-12-05,2.326843738555908,0.8882806897163391
2017-12-06,2.286337375640869,0.8801062703132629
2017-12-07,2.2908384799957275,0.8719317317008972
2017-12-08,2.281836986541748,0.8719317317008972
2017-12-11,2.286337375640869,0.8923676609992981
2017-12-12,2.241331100463867,0.8923676609992981
2017-12-13,2.2074742317199707,0.9059920310974121
2017-12-14,2.2074742317199707,0.9291524291038513
2017-12-15,2.2481024265289307,0.9427764415740967
2017-12-18,2.2661590576171875,0.9455010294914246
2017-12-19,2.27970290184021,1.0190703868865967
2017-12-20,2.27970290184021,1.0967267751693726
2017-12-21,2.261645555496216,1.0858279466629028
2017-12-22,2.2661590576171875,1.0762908458709717
2017-12-25,2.2661590576171875,1.0762908458709717
2017-12-26,2.261645555496216,1.06947922706604
2017-12-27,2.365473508834839,1.065392017364502
2017-12-28,2.4241580963134766,1.0735664367675781
2017-12-29,2.433187246322632,1.088552474975586
2018-01-02,2.3970723152160645,1.0858279466629028
2018-01-03,2.379016399383545,1.0762908458709717
2018-01-04,2.3925585746765137,1.1866449117660522
2018-01-05,2.482844114303589,1.2125306129455566
2018-01-08,2.482844114303589,1.2479526996612549
2018-01-09,2.496387004852295,1.224792242050171
2018-01-10,2.496387004852295,1.2378591299057007
2018-01-11,2.496387004852295,1.1965970993041992
2018-01-12,2.5731284618377686,1.2378591299057007
2018-01-15,2.5731284618377686,1.2254804372787476
2018-01-16,2.595700263977051,1.2048494815826416
2018-01-17,2.541529655456543,1.2378591299057007
2018-01-18,2.5189578533172607,1.2557387351989746
2018-01-19,2.5279862880706787,1.2364833354949951
2018-01-22,2.532500743865967,1.258489966392517
2018-01-23,2.5279862880706787,1.3465149402618408
2018-01-24,2.537015438079834,1.347890853881836
2018-01-25,2.5731284618377686,1.299752116203308
2018-01-26,2.586672067642212,1.306628704071045
2018-01-29,2.618272066116333,1.32725989818573
2018-01-30,2.609243154525757,1.2749947309494019
2018-02-02,2.618272066116333,1.2859978675842285
2018-02-05,2.586672067642212,1.254363775253296
2018-02-06,2.478329658508301,1.1965970993041992
2018-02-07,2.5731284618377686,1.2378591299057007
2018-02-08,2.600214958190918,1.254363775253296
2018-02-09,2.555072069168091,1.2791208028793335
2018-02-12,2.541529655456543,1.265366554260254
2018-02-13,2.5234720706939697,1.2722434997558594
2018-02-14,2.541529655456543,1.3025025129318237
2018-02-15,2.568615436553955,1.3107548952102661
2018-02-19,2.595700263977051,1.317631721496582
2018-02-20,2.595700263977051,1.3245092630386353
2018-02-21,2.595700263977051,1.358893632888794
2018-02-22,2.595700263977051,1.347890853881836
2018-02-23,2.595700263977051,1.3643953800201416
2018-02-26,2.600214958190918,1.3753983974456787
2018-02-27,2.609243154525757,1.3891526460647583
2018-02-28,2.618272066116333,1.3355120420455933
2018-03-01,2.613757610321045,1.3685216903686523
2018-03-02,2.469301462173462,1.3506413698196411
2018-03-05,2.2435877323150635,1.3506413698196411
2018-03-06,2.338388204574585,1.3341363668441772
2018-03-07,2.2345595359802246,1.2859978675842285
2018-03-08,2.2481024265289307,1.276369571685791
2018-03-09,2.2435877323150635,1.2914997339248657
2018-03-12,2.257131338119507,1.331385850906372
2018-03-13,2.2503390312194824,1.361644983291626
2018-03-14,2.263922929763794,1.3506413698196411
2018-03-15,2.259394645690918,1.3547673225402832
2018-03-16,2.241283416748047,1.347890853881836
2018-03-19,2.2458107471466064,1.3341363668441772
2018-03-20,2.241283416748047,1.3368877172470093
2018-03-21,2.2548675537109375,1.3368877172470093
2018-03-22,2.2548675537109375,1.3423887491226196
2018-03-23,2.241283416748047,1.3162567615509033
2018-03-26,2.196005344390869,1.3368877172470093
2018-03-27,2.173365354537964,1.361644983291626
2018-03-28,2.1597821712493896,1.3547673225402832
2018-03-29,2.0556418895721436,1.341013789176941
2018-03-30,1.9560297727584839,1.3258837461471558
2018-04-02,1.974141001701355,1.3753983974456787
2018-04-03,1.9650852680206299,1.3753983974456787
2018-04-04,1.897167444229126,1.306628704071045
2018-04-05,1.8926396369934082,1.361644983291626
2018-04-06,1.743220329284668,1.3698972463607788
2018-04-09,1.983196496963501,1.3547673225402832
2018-04-10,2.1145031452178955,1.372648000717163
2018-04-11,2.1643099784851074,1.3974052667617798
2018-04-12,2.1371419429779053,1.3891526460647583
2018-04-13,2.1507272720336914,1.3974052667617798
2018-04-16,2.1869492530822754,1.3974052667617798
2018-04-17,2.259394645690918,1.3974052667617798
2018-04-18,2.2775065898895264,1.3836508989334106
2018-04-19,2.3680639266967773,1.402906894683838
2018-04-20,2.3137295246124268,1.3753983974456787
2018-04-23,2.3092010021209717,1.3753983974456787
2018-04-24,2.1688382625579834,1.299752116203308
2018-04-25,2.1461987495422363,1.2392338514328003
2018-04-26,2.132614850997925,1.2956260442733765
2018-04-27,2.173365354537964,1.2914997339248657
2018-04-30,2.1869492530822754,1.308004379272461
2018-05-02,2.173365354537964,1.308004379272461
2018-05-03,2.1914777755737305,1.320383071899414
2018-05-04,2.15525484085083,1.361644983291626
2018-05-07,2.1597821712493896,1.347890853881836
2018-05-08,2.17789363861084,1.3506413698196411
2018-05-14,2.291090250015259,1.3946545124053955
2018-05-15,2.241283416748047,1.391903281211853
2018-05-16,2.2458107471466064,1.3753983974456787
2018-05-17,2.2458107471466064,1.3836508989334106
2018-05-18,2.1416704654693604,1.413909912109375
2018-05-21,2.1235594749450684,1.4111593961715698
2018-05-22,2.1371419429779053,1.4111593961715698
2018-05-23,2.128087043762207,1.3781496286392212
2018-05-24,2.0918643474578857,1.3781496286392212
2018-05-25,2.0782809257507324,1.4166604280471802
2018-05-28,2.0828094482421875,1.402906894683838
2018-05-30,2.0828094482421875,1.402906894683838
2018-05-31,1.9696124792099,1.4084080457687378
2018-06-01,2.076385021209717,1.435916781425476
2018-06-04,2.026407241821289,1.4661747217178345
2018-06-05,2.0991029739379883,1.4716764688491821
2018-06-06,2.067298650741577,1.4716764688491821
2018-06-07,2.040036678314209,1.4854309558868408
2018-06-08,2.030949592590332,1.499184250831604
2018-06-11,2.026407241821289,1.6339738368988037
2018-06-12,2.026407241821289,1.5321937799453735
2018-06-13,2.017319917678833,1.5514500141143799
2018-06-14,1.999145746231079,1.5459481477737427
2018-06-18,1.9718846082687378,1.5679548978805542
2018-06-19,1.8719265460968018,1.5569510459899902
2018-06-20,1.8991883993148804,1.562452793121338
2018-06-21,1.8991883993148804,1.562452793121338
2018-06-22,1.9173617362976074,1.5899604558944702
2018-06-25,1.8946447372436523,1.5542004108428955
2018-06-26,1.9264488220214844,1.562452793121338
2018-06-27,1.8946447372436523,1.581708312034607
2018-06-28,1.8901013135910034,1.5982129573822021
2018-06-29,1.9809715747833252,1.669734239578247
2018-07-02,1.9082750082015991,1.6683512926101685
2018-07-03,1.8764703273773193,1.687718391418457
2018-07-04,1.881014347076416,1.6849517822265625
2018-07-05,1.8991883993148804,1.7015522718429565
2018-07-06,1.8446660041809082,1.6738840341567993
2018-07-09,1.8264919519424438,1.2630215883255005
2018-07-10,1.8628407716751099,1.369542121887207
2018-07-11,1.8355789184570312,1.3681583404541016
2018-07-12,1.8174046277999878,1.369542121887207
2018-07-13,1.9037319421768188,1.3709250688552856
2018-07-16,1.885557770729065,1.4248765707015991
2018-07-17,1.8764703273773193,1.438710331916809
2018-07-18,1.885557770729065,1.4802117347717285
2018-07-19,1.9582539796829224,1.438710331916809
2018-07-20,1.999145746231079,1.4248765707015991
2018-07-23,1.999145746231079,1.438710331916809
2018-07-24,2.026407241821289,1.438710331916809
2018-07-25,2.017319917678833,1.4359440803527832
2018-07-26,2.0354933738708496,1.4193437099456787
2018-07-27,2.0445797443389893,1.3944426774978638
2018-07-30,2.0900158882141113,1.3944426774978638
2018-07-31,2.1717991828918457,1.4027431011199951
2018-08-01,2.1581687927246094,1.408276081085205
2018-08-02,2.1536247730255127,1.4055097103118896
2018-08-03,2.1354501247406006,1.3833751678466797
2018-08-06,2.1309072971343994,1.4055097103118896
2018-08-07,2.2217776775360107,1.3972092866897583
2018-08-08,2.267212390899658,1.4221099615097046
2018-08-09,2.262669563293457,1.438710331916809
2018-08-10,2.271756649017334,1.4525448083877563
2018-08-13,2.267212390899658,1.4359440803527832
2018-08-14,2.226320266723633,1.4359440803527832
2018-08-15,2.176342725753784,1.4525448083877563
2018-08-16,2.1218204498291016,1.4414771795272827
2018-08-17,2.1354501247406006,1.438710331916809
2018-08-20,2.1717991828918457,1.4442445039749146
2018-08-21,2.1717991828918457,1.458077311515808
2018-08-23,2.1899733543395996,1.4912787675857544
2018-08-24,2.1717991828918457,1.4940457344055176
2018-08-27,2.2172348499298096,1.5217132568359375
2018-08-28,2.2535817623138428,1.5327798128128052
2018-08-29,2.212690830230713,1.5466138124465942
2018-08-30,2.269660234451294,1.5410799980163574
2018-09-03,2.269660234451294,1.5383135080337524
2018-09-04,2.251429796218872,1.524479627609253
2018-09-05,2.2149691581726074,1.5217132568359375
2018-09-06,2.2149691581726074,1.5161792039871216
2018-09-07,2.233199119567871,1.499578833580017
2018-09-12,2.096473217010498,1.4553109407424927
2018-09-13,2.1329331398010254,1.4525448083877563
2018-09-14,2.1739509105682373,1.4525448083877563
2018-09-18,2.155721426010132,1.4525448083877563
2018-09-19,2.2149691581726074,1.4802117347717285
2018-09-20,2.228641986846924,1.4829782247543335
2018-09-21,2.292447805404663,1.4802117347717285
2018-09-24,2.201296329498291,1.4636112451553345
2018-09-25,2.178508758544922,1.4663777351379395
2018-09-26,2.178508758544922,1.4636112451553345
2018-09-27,2.201296329498291,1.4719113111495972
2018-09-28,2.2149691581726074,1.4746779203414917
2018-10-01,2.1921818256378174,1.4802117347717285
2018-10-02,2.21041202545166,1.4802117347717285
2018-10-03,2.2605443000793457,1.4802117347717285
2018-10-04,2.3516952991485596,1.4912787675857544
2018-10-05,2.3152358531951904,1.4553109407424927
2018-10-08,2.2468721866607666,1.4525448083877563
2018-10-09,2.233199119567871,1.4525448083877563
2018-10-10,2.2377562522888184,1.4525448083877563
2018-10-11,2.201296329498291,1.4802117347717285
2018-10-12,2.1921818256378174,1.4912787675857544
2018-10-15,2.1739509105682373,1.5521475076675415
2018-10-16,2.178508758544922,1.6047157049179077
2018-10-17,2.201296329498291,1.590881586074829
2018-10-18,2.242314100265503,1.5936487913131714
2018-10-19,2.233199119567871,1.6047157049179077
2018-10-22,2.187624216079712,1.590881586074829
2018-10-23,2.187624216079712,1.590881586074829
2018-10-24,2.1420485973358154,1.5659807920455933
2018-10-25,2.128376007080078,1.535547137260437
2018-10-26,2.1420485973358154,1.5659807920455933
2018-10-29,2.1055877208709717,1.5576807260513306
2018-10-30,2.1101465225219727,1.5493803024291992
2018-10-31,2.2058541774749756,1.643450379371643
2018-11-01,2.1602783203125,1.6047157049179077
2018-11-02,2.21041202545166,1.6047157049179077
2018-11-05,2.251429796218872,1.6047157049179077
2018-11-07,2.2559878826141357,1.6047157049179077
2018-11-08,2.274217128753662,1.6047157049179077
2018-11-09,2.2149691581726074,1.5991816520690918
2018-11-12,2.1739509105682373,1.5964152812957764
2018-11-13,2.187624216079712,1.5881152153015137
2018-11-14,2.233199119567871,1.5770485401153564
2018-11-15,2.2149691581726074,1.5770485401153564
2018-11-16,2.233199119567871,1.6157822608947754
2018-11-19,2.2787749767303467,1.5991816520690918
2018-11-21,2.233199119567871,1.6047157049179077
2018-11-22,2.233199119567871,1.6185495853424072
2018-11-23,2.21041202545166,1.6185495853424072
2018-11-26,2.21952748298645,1.632382869720459
2018-11-27,2.169394016265869,1.6545170545578003
2018-11-28,2.169394016265869,1.6960184574127197
2018-11-29,2.187624216079712,1.6932518482208252
2018-11-30,2.169394016265869,1.6517508029937744
2018-12-03,2.21952748298645,1.6960184574127197
2018-12-04,2.2149691581726074,1.632382869720459
2018-12-05,2.187624216079712,1.6462169885635376
2018-12-06,2.2150838375091553,1.632382869720459
2018-12-07,2.210507392883301,1.632382869720459
2018-12-10,2.210507392883301,1.535547137260437
2018-12-11,2.137281656265259,1.5327798128128052
2018-12-12,2.1555874347686768,1.5770485401153564
2018-12-13,2.2150838375091553,1.5770485401153564
2018-12-14,2.1922004222869873,1.5936487913131714
2018-12-17,2.173893928527832,1.5881152153015137
2018-12-18,2.210507392883301,1.5106464624404907
2018-12-19,2.2013533115386963,1.4885121583938599
2018-12-20,2.219660758972168,1.4829782247543335
2018-12-21,2.196777105331421,1.5134129524230957
2018-12-24,2.196777105331421,1.5770485401153564
2018-12-26,2.137281656265259,1.5632141828536987
2018-12-27,2.1693174839019775,1.5964152812957764
2018-12-28,2.205930709838867,1.5659807920455933
2018-12-31,2.210507392883301,1.5493803024291992
2019-01-02,2.1601638793945312,1.5438474416732788
2019-01-03,2.068631887435913,1.535547137260437
2019-01-04,2.082362413406372,1.5327798128128052
2019-01-07,2.1006674766540527,1.4663777351379395
2019-01-08,2.1189746856689453,1.391675591468811
2019-01-09,2.0960919857025146,1.3413747549057007
2019-01-10,2.1281280517578125,1.3134288787841797
2019-01-11,2.1281280517578125,1.3413747549057007
2019-01-14,2.068631887435913,1.3022511005401611
2019-01-15,2.045748710632324,1.3134288787841797
2019-01-16,2.0137128829956055,1.3134288787841797
2019-01-17,2.0137128829956055,1.321812629699707
2019-01-18,2.0365958213806152,1.3581418991088867
2019-01-22,2.0365958213806152,1.366525411605835
2019-01-23,1.9130269289016724,1.355346918106079
2019-01-24,1.9221798181533813,1.3749090433120728
2019-01-25,1.9816758632659912,1.3916760683059692
2019-01-28,1.9313337802886963,1.366525411605835
2019-01-29,1.9221798181533813,1.3749090433120728
2019-01-30,1.9221798181533813,1.3497583866119385
2019-01-31,1.9725233316421509,1.3469635248184204
2019-02-04,1.9725233316421509,1.3581418991088867
2019-02-07,1.9450631141662598,1.360936164855957
2019-02-08,1.9404865503311157,1.366525411605835
2019-02-11,1.9038740396499634,1.3637303113937378
2019-02-12,1.8352246284484863,1.3693197965621948
2019-02-13,1.8764140605926514,1.3693197965621948
2019-02-14,1.8718376159667969,1.3721143007278442
2019-02-15,1.8764140605926514,1.3777034282684326
2019-02-18,1.8947203159332275,1.3944706916809082
2019-02-19,1.8672606945037842,1.436388373374939
2019-02-20,1.8855664730072021,1.4447722434997559
2019-02-21,1.95879328250885,1.4252105951309204
2019-02-22,1.9679466485977173,1.3497583866119385
2019-02-25,1.95879328250885,1.3413747549057007
2019-02-26,1.8992969989776611,1.3357853889465332
2019-02-27,1.9221798181533813,1.307840347290039
2019-02-28,1.9359101057052612,1.2687166929244995
2019-03-01,1.9221798181533813,1.2966617345809937
2019-03-04,1.95879328250885,1.2854838371276855
2019-03-05,1.9725233316421509,1.2854838371276855
2019-03-06,2.02744197845459,1.279894471168518
2019-03-07,2.0365958213806152,1.2826895713806152
2019-03-08,1.977099895477295,1.2826895713806152
2019-03-11,1.9725233316421509,1.2435657978057861
2019-03-12,2.0228662490844727,1.246360182762146
2019-03-13,2.045748710632324,1.2072373628616333
2019-03-14,2.075596809387207,1.2295929193496704
2019-03-15,2.112333059310913,1.274306058883667
2019-03-18,2.139885663986206,1.263127326965332
2019-03-19,2.1490697860717773,1.257538914680481
2019-03-20,2.153660774230957,1.279894471168518
2019-03-21,2.1444778442382812,1.246360182762146
2019-03-22,2.1674370765686035,1.2379764318466187
2019-03-25,2.0664126873016357,1.2519495487213135
2019-03-26,2.0664126873016357,1.257538914680481
2019-03-27,2.071004867553711,1.257538914680481
2019-03-28,2.0893733501434326,1.2547436952590942
2019-03-29,2.071004867553711,1.2910730838775635
2019-04-01,2.0664126873016357,1.2910730838775635
2019-04-02,2.0572290420532227,1.2966617345809937
2019-04-03,2.098557233810425,1.307840347290039
2019-04-04,2.0939650535583496,1.2994568347930908
2019-04-05,2.0893733501434326,1.2854838371276855
2019-04-08,2.0939650535583496,1.2826895713806152
2019-04-09,2.103149652481079,1.2826895713806152
2019-04-10,2.1077404022216797,1.2771004438400269
2019-04-11,2.098557233810425,1.2715110778808594
2019-04-12,2.0801894664764404,1.2715110778808594
2019-04-15,2.0801894664764404,1.2659223079681396
2019-04-16,2.0801894664764404,1.257538914680481
2019-04-17,2.071004867553711,1.2715110778808594
2019-04-18,2.0664126873016357,1.2519495487213135
2019-04-19,2.0664126873016357,1.2659223079681396
2019-04-22,2.0801894664764404,1.2715110778808594
2019-04-23,2.135293483734131,1.3301961421966553
2019-04-24,2.1628451347351074,1.3413747549057007
2019-04-25,2.1582536697387695,1.3469635248184204
2019-04-26,2.181213617324829,1.3357853889465332
2019-04-29,2.181213617324829,1.3497583866119385
2019-04-30,2.181213617324829,1.360936164855957
2019-05-02,2.112333059310913,1.3469635248184204
2019-05-03,2.112333059310913,1.3525525331497192
2019-05-06,2.1077404022216797,1.344169020652771
2019-05-07,2.098557233810425,1.344169020652771
2019-05-08,2.098557233810425,1.344169020652771
2019-05-09,2.0480449199676514,1.3301961421966553
2019-05-10,2.0388615131378174,1.327401876449585
2019-05-13,1.9745723009109497,1.3050453662872314
2019-05-14,1.9378365278244019,1.3357853889465332
2019-05-15,1.9745723009109497,1.3888810873031616
2019-05-16,1.9516119956970215,1.3693197965621948
2019-05-17,1.9745723009109497,1.380497694015503
2019-05-21,1.9562045335769653,1.4112377166748047
2019-05-23,1.9883482456207275,1.4168270826339722
2019-05-24,1.9607961177825928,1.397265076637268
2019-05-27,1.9470200538635254,1.397265076637268
2019-05-28,1.9470200538635254,1.4140321016311646
2019-05-29,2.043452739715576,1.4196213483810425
2019-05-30,2.0572290420532227,1.402854323387146
2019-05-31,2.0572290420532227,1.4112377166748047
2019-06-03,2.034268379211426,1.397265076637268
2019-06-04,1.9837565422058105,1.397265076637268
2019-06-05,1.9837565422058105,1.397265076637268
2019-06-06,1.9837565422058105,1.397265076637268
2019-06-07,2.0480449199676514,1.4140321016311646
2019-06-10,2.0572290420532227,1.4168270826339722
2019-06-11,2.0388615131378174,1.4168270826339722
2019-06-12,2.025085210800171,1.4112377166748047
2019-06-13,2.012420415878296,1.4084434509277344
2019-06-14,1.9755797386169434,1.4000598192214966
2019-06-17,1.9709748029708862,1.397265076637268
2019-06-18,2.0032107830047607,1.360936164855957
2019-06-19,2.0492610931396484,1.3693197965621948
2019-06-20,2.0492610931396484,1.3721143007278442
2019-06-21,2.063076972961426,1.397265076637268
2019-06-24,2.053865909576416,1.3916760683059692
2019-06-25,2.0492610931396484,1.3860868215560913
2019-06-26,2.017025947570801,1.3888810873031616
2019-06-27,2.03084135055542,1.3777034282684326
2019-06-28,2.026235818862915,1.3721143007278442
2019-07-01,2.03084135055542,1.3888810873031616
2019-07-02,2.04465651512146,1.353702425956726
2019-07-03,2.026235818862915,1.3790315389633179
2019-07-04,2.0032107830047607,1.3677743673324585
2019-07-05,1.9893956184387207,1.3621454238891602
2019-07-08,1.98018479347229,1.3508882522583008
2019-07-09,2.0078160762786865,1.3508882522583008
2019-07-10,2.040050506591797,1.3480734825134277
2019-07-11,2.03084135055542,1.336816430091858
2019-07-12,2.0216314792633057,1.33118736743927
2019-07-15,1.9940003156661987,1.3171160221099854
2019-07-16,2.0216314792633057,1.3058581352233887
2019-07-17,2.017025947570801,1.2946010828018188
2019-07-18,2.026235818862915,1.3086731433868408
2019-07-19,2.0354459285736084,1.3114871978759766
2019-07-22,2.072286605834961,1.3058581352233887
2019-07-23,2.0492610931396484,1.3058581352233887
2019-07-24,2.0492610931396484,1.3058581352233887
2019-07-25,2.1413629055023193,1.3030439615249634
2019-07-26,2.1367573738098145,1.3002300262451172
2019-07-29,2.1413629055023193,1.3030439615249634
2019-07-31,2.0953118801116943,1.2777149677276611
2019-08-01,2.238069772720337,1.2833439111709595
2019-08-02,2.233464479446411,1.2805291414260864
2019-08-05,2.196624517440796,1.2720859050750732
2019-08-06,2.164388418197632,1.2917869091033936
2019-08-07,2.164388418197632,1.2889721393585205
2019-08-08,2.215043306350708,1.2805291414260864
2019-08-09,2.238069772720337,1.2720859050750732
2019-08-13,2.2012290954589844,1.2636427879333496
2019-08-14,2.2104392051696777,1.2664579153060913
2019-08-15,2.1920182704925537,1.2636427879333496
2019-08-16,2.20583438873291,1.2580147981643677
2019-08-19,2.2104392051696777,1.2720859050750732
2019-08-20,2.215043306350708,1.2664579153060913
2019-08-21,2.20583438873291,1.2664579153060913
2019-08-22,2.233464479446411,1.2889721393585205
2019-08-23,2.238069772720337,1.336816430091858
2019-08-26,2.187413454055786,1.3114871978759766
2019-08-27,2.2012290954589844,1.3171160221099854
2019-08-28,2.2242538928985596,1.3114871978759766
2019-08-29,2.2288594245910645,1.3143012523651123
2019-08-30,2.265700340270996,1.336816430091858
2019-09-03,2.2288594245910645,1.325559139251709
2019-09-04,2.2438650131225586,1.3199303150177002
2019-09-05,2.2623329162597656,1.325559139251709
2019-09-06,2.257715940475464,1.325559139251709
2019-09-10,2.257715940475464,1.3283731937408447
2019-09-11,2.2623329162597656,1.336816430091858
2019-09-12,2.2623329162597656,1.3480734825134277
2019-09-13,2.2623329162597656,1.3480734825134277
2019-09-17,2.2623329162597656,1.3480734825134277
2019-09-18,2.2623329162597656,1.3452593088150024
2019-09-19,2.2761833667755127,1.3340022563934326
2019-09-20,2.266949415206909,1.336816430091858
2019-09-23,2.234630823135376,1.336816430091858
2019-09-24,2.2623329162597656,1.33118736743927
2019-09-25,2.257715940475464,1.33118736743927
2019-09-26,2.257715940475464,1.3283731937408447
2019-09-27,2.216162919998169,1.2861580848693848
2019-09-30,2.1976943016052246,1.2523858547210693
2019-10-01,2.216162919998169,1.2636427879333496
2019-10-02,2.2069289684295654,1.2636427879333496
2019-10-03,2.1653754711151123,1.2608288526535034
2019-10-04,2.1792261600494385,1.2608288526535034
2019-10-07,2.1792261600494385,1.2636427879333496
2019-10-08,2.1976943016052246,1.2580147981643677
2019-10-09,2.1792261600494385,1.2298707962036133
2019-10-10,2.1653754711151123,1.2129846811294556
2019-10-11,2.1607582569122314,1.207356333732605
2019-10-14,2.1746091842651367,1.2017275094985962
2019-10-15,2.216162919998169,1.1960985660552979
2019-10-16,2.234630823135376,1.207356333732605
2019-10-17,2.2392477989196777,1.2214275598526
2019-10-18,2.202312469482422,1.2186135053634644
2019-10-21,2.216162919998169,1.227056622505188
2019-10-22,2.2253975868225098,1.2242426872253418
2019-10-23,2.216162919998169,1.235499620437622
2019-10-24,2.2207789421081543,1.2326856851577759
2019-10-25,2.2115461826324463,1.227056622505188
2019-10-29,2.216162919998169,1.2298707962036133
2019-10-30,2.216162919998169,1.2383137941360474
2019-10-31,2.1976943016052246,1.2242426872253418
2019-11-01,2.1792261600494385,1.2383137941360474
2019-11-04,2.216162919998169,1.2720859050750732
2019-11-05,2.156141996383667,1.2664579153060913
2019-11-06,2.193077564239502,1.2298707962036133
2019-11-07,2.2069289684295654,1.2411288022994995
2019-11-08,2.202312469482422,1.2242426872253418
2019-11-11,2.2115461826324463,1.2411288022994995
2019-11-12,2.2115461826324463,1.2383137941360474
2019-11-13,2.169992685317993,1.2523858547210693
2019-11-14,2.1976943016052246,1.2664579153060913
2019-11-15,2.202312469482422,1.2692718505859375
2019-11-18,2.1976943016052246,1.2805291414260864
2019-11-19,2.193077564239502,1.2917869091033936
2019-11-20,2.169992685317993,1.2946010828018188
2019-11-21,2.1792261600494385,1.2946010828018188
2019-11-22,2.169992685317993,1.2946010828018188
2019-11-25,2.193077564239502,1.2917869091033936
2019-11-26,2.2392477989196777,1.2917869091033936
2019-11-27,2.216162919998169,1.297415018081665
2019-11-28,2.202312469482422,1.2917869091033936
2019-11-29,2.169992685317993,1.2664579153060913
2019-12-02,2.169992685317993,1.2636427879333496
2019-12-03,2.133057117462158,1.2439426183700562
2019-12-04,2.1192049980163574,1.2298707962036133
2019-12-05,2.1053547859191895,1.2383137941360474
2019-12-06,2.1238222122192383,1.2411288022994995
2019-12-09,2.1099720001220703,1.2297676801681519
2019-12-10,2.1238222122192383,1.2524887323379517
2019-12-11,2.1746091842651367,1.263848900794983
2019-12-12,2.1746091842651367,1.2610090970993042
2019-12-13,2.166508913040161,1.2468082904815674
2019-12-16,2.166508913040161,1.263848900794983
2019-12-17,2.1711373329162598,1.3234913349151611
2019-12-18,2.166508913040161,1.3604124784469604
2019-12-19,2.175767183303833,1.3660929203033447
2019-12-20,2.166508913040161,1.3660929203033447
2019-12-23,2.1711373329162598,1.3547327518463135
2019-12-24,2.1479909420013428,1.3604124784469604
2019-12-26,2.1526200771331787,1.3490523099899292
2019-12-27,2.175767183303833,1.3518922328948975
2019-12-30,2.1526200771331787,1.3490523099899292
2019-12-31,2.1526200771331787,1.3348513841629028
2020-01-02,2.198913335800171,1.3206514120101929
2020-01-03,2.24983549118042,1.3263311386108398
2020-01-06,2.231318950653076,1.3234913349151611
2020-01-07,2.245206594467163,1.3206514120101929
2020-01-08,2.291499376296997,1.3092904090881348
2020-01-09,2.26835298538208,1.3007700443267822
2020-01-10,2.286870241165161,1.3121310472488403
2020-01-13,2.286870241165161,1.3178107738494873
2020-01-14,2.291499376296997,1.3234913349151611
2020-01-15,2.3840854167938232,1.363253116607666
2020-01-16,2.4072320461273193,1.3376922607421875
2020-01-17,2.393343925476074,1.3518922328948975
2020-01-20,2.4072320461273193,1.368932843208313
2020-01-21,2.411860466003418,1.451296329498291
2020-01-22,2.393343925476074,1.5421799421310425
2020-01-23,2.4072320461273193,1.522298812866211
2020-01-24,2.360938549041748,1.573420524597168
2020-01-28,2.286870241165161,1.704066276550293
2020-01-29,2.296128988265991,1.6586240530014038
2020-01-30,2.286870241165161,1.6728249788284302
2020-01-31,2.259094476699829,1.6614649295806885
2020-02-03,2.26835298538208,1.6415833234786987
2020-02-04,2.286870241165161,1.6188631057739258
2020-02-05,2.314645528793335,1.604662299156189
2020-02-06,2.351680040359497,1.5961419343948364
2020-02-07,2.33779239654541,1.6075021028518677
2020-02-10,2.319275140762329,1.6302233934402466
2020-02-11,2.310016393661499,1.6245427131652832
2020-02-12,2.310016393661499,1.6614649295806885
2020-02-13,2.314645528793335,1.664304494857788
2020-02-14,2.314645528793335,1.6614649295806885
2020-02-17,2.33779239654541,1.613182544708252
2020-02-18,2.291499376296997,1.604662299156189
2020-02-19,2.282240867614746,1.5421799421310425
2020-02-20,2.310016393661499,1.5052580833435059
2020-02-21,2.26835298538208,1.502418041229248
2020-02-24,2.259094476699829,1.5450199842453003
2020-02-25,2.226688861846924,1.5961419343948364
2020-02-26,2.198913335800171,1.613182544708252
2020-02-27,2.222060203552246,1.6160224676132202
2020-02-28,2.157249689102173,1.6018224954605103
2020-03-02,2.1526200771331787,1.5904614925384521
2020-03-03,2.18039608001709,1.6188631057739258
2020-03-04,2.226688861846924,1.6188631057739258
2020-03-05,2.24983549118042,1.6273833513259888
2020-03-06,2.18039608001709,1.704066276550293
2020-03-09,2.041517734527588,1.735306978225708
2020-03-10,1.9998539686203003,1.7324671745300293
2020-03-11,2.05208420753479,1.783589243888855
2020-03-12,2.0103001594543457,1.848912000656128
2020-03-13,2.0103001594543457,1.848912000656128
2020-03-16,1.6110258102416992,1.669985294342041
2020-03-17,1.5738838911056519,1.6586240530014038
2020-03-18,1.392817735671997,1.6330631971359253
2020-03-19,1.3231767416000366,1.6614649295806885
2020-03-20,1.5088858604431152,1.7807492017745972
2020-03-23,1.4160315990447998,1.735306978225708
2020-03-24,1.3696037530899048,1.735306978225708
2020-03-25,1.392817735671997,1.7608680725097656
2020-03-26,1.383532166481018,1.7608680725097656
2020-03-27,1.4160315990447998,1.7949492931365967
2020-03-30,1.4299595355987549,1.8119901418685913
2020-03-31,1.527456521987915,1.8318716287612915
2020-04-01,1.4206738471984863,1.8119901418685913
2020-04-02,1.4763866662979126,1.8176707029342651
2020-04-03,1.5088858604431152,1.8176707029342651
2020-04-06,1.4996005296707153,1.8205102682113647
2020-04-07,1.6017403602600098,1.8375511169433594
2020-04-08,1.6853094100952148,1.8233510255813599
2020-04-09,1.7224512100219727,1.8375511169433594
2020-04-10,1.7038801908493042,1.8460716009140015
2020-04-13,1.6945950984954834,1.8943531513214111
2020-04-14,1.7456647157669067,1.9028739929199219
2020-04-15,1.8106627464294434,1.9170745611190796
2020-04-16,1.7781637907028198,1.911394476890564
2020-04-17,1.79673433303833,1.9312745332717896
2020-04-20,1.8338769674301147,1.9199146032333374
2020-04-21,1.7503074407577515,1.8460716009140015
2020-04-22,1.7456647157669067,1.945475459098816
2020-04-23,1.7503074407577515,1.9596761465072632
2020-04-24,1.7410218715667725,2.0363595485687256
2020-04-27,1.717808723449707,2.042038917541504
2020-04-28,1.7503074407577515,2.0505592823028564
2020-04-29,1.7549505233764648,2.061920404434204
2020-04-30,1.8292337656021118,2.061920404434204
2020-05-04,1.7920924425125122,2.042038917541504
2020-05-05,1.8106627464294434,2.0477194786071777
2020-05-06,1.8199483156204224,2.010798215866089
2020-05-08,1.7920924425125122,2.076120376586914
2020-05-12,1.7363795042037964,2.2692480087280273
2020-05-13,1.6992374658584595,2.6441426277160645
2020-05-14,1.666738510131836,2.9253134727478027
2020-05-15,1.7038801908493042,2.9480345249176025
2020-05-18,1.7131657600402832,2.9821159839630127
2020-05-19,1.7456647157669067,2.976435899734497
2020-05-20,1.7456647157669067,3.067319631576538
2020-05-21,1.7642359733581543,3.31156849861145
2020-05-22,1.7363795042037964,3.357010841369629
2020-05-27,1.7456647157669067,3.652381658554077
2020-05-28,1.7270939350128174,3.7205445766448975
2020-05-29,1.7503074407577515,3.7773470878601074
2020-06-02,1.7503074407577515,3.7773470878601074
2020-06-03,1.94530189037323,4.174962997436523
2020-06-04,1.996371865272522,4.385130405426025
2020-06-05,2.1124401092529297,4.652101516723633
2020-06-09,2.205294609069824,4.828187942504883
2020-06-10,2.1820812225341797,4.850909233093262
2020-06-11,2.19136643409729,4.742984294891357
2020-06-12,2.1495821475982666,4.7997870445251465
2020-06-15,2.0985121726989746,4.316967010498047
2020-06-16,2.2006518840789795,4.532816410064697
2020-06-17,2.2006518840789795,4.458974361419678
2020-06-18,2.177389144897461,4.174962997436523
2020-06-19,2.1634318828582764,4.373770713806152
2020-06-22,2.135516405105591,4.430572986602783
2020-06-23,2.140169143676758,4.441932678222656
2020-06-24,2.1169064044952393,4.430572986602783
2020-06-25,2.0982961654663086,4.430572509765625
2020-06-26,2.0982961654663086,4.259065628051758
2020-06-29,2.0936436653137207,4.487740516662598
2020-06-30,2.1076011657714844,4.602077484130859
2020-07-01,2.126210927963257,4.899355411529541
2020-07-02,2.1541266441345215,5.002258777618408
2020-07-03,2.182041645050049,5.276668548583984
2020-07-06,2.19599986076355,5.705433368682861
2020-07-07,2.21926212310791,5.848355293273926
2020-07-08,2.223914623260498,5.871222496032715
2020-07-09,2.223914623260498,6.05416202545166
2020-07-10,2.233220338821411,6.26568603515625
2020-07-13,2.228567123413086,6.860241413116455
2020-07-14,2.233220338821411,6.620131969451904
2020-07-15,2.2099568843841553,6.231384754180908
2020-07-16,2.2053046226501465,5.631113529205322
2020-07-17,2.1866941452026367,6.568680286407471
2020-07-20,2.172736406326294,7.094632148742676
2020-07-21,2.168083429336548,7.128933429718018
2020-07-22,2.1866941452026367,7.060330390930176
2020-07-23,2.191347122192383,7.4662275314331055
2020-07-24,2.1866941452026367,7.271854400634766
2020-07-27,2.1634318828582764,7.3976263999938965
2020-07-28,2.19599986076355,7.546265125274658
2020-07-29,2.233220338821411,7.4719462394714355
2020-07-30,2.2518303394317627,7.3976263999938965
2020-08-03,2.2099568843841553,7.683469772338867
2020-08-04,2.191347122192383,8.106517791748047
2020-08-05,2.2843973636627197,7.9864630699157715
2020-08-06,2.349533796310425,8.117951393127441
2020-08-07,2.326270818710327,8.043632507324219
2020-08-10,2.321617841720581,7.774938583374023
2020-08-11,2.228567123413086,7.803524494171143
2020-08-12,2.3030080795288086,7.003161907196045
2020-08-13,2.326270818710327,7.146084308624268
2020-08-14,2.3123133182525635,6.808788776397705
2020-08-17,2.3541855812072754,6.4086079597473145
2020-08-18,2.316965341567993,7.454794406890869
2020-08-19,2.368143320083618,7.757788181304932
2020-08-21,2.377448320388794,8.003613471984863
2020-08-24,2.372795581817627,7.97503137588501
2020-08-25,2.4053633213043213,7.2604217529296875
2020-08-26,2.396059036254883,7.529114723205566
2020-08-27,2.42397403717041,7.546265125274658
2020-08-28,2.42397403717041,7.511963367462158
2020-09-01,2.42397403717041,7.574849605560303
2020-09-02,2.4332783222198486,7.454794406890869
2020-09-03,2.4053633213043213,7.177526950836182
2020-09-04,2.4240097999572754,7.186102390289307
2020-09-07,2.4240097999572754,7.100348949432373
2020-09-08,2.4286720752716064,6.551529884338379
2020-09-09,2.4240097999572754,6.131340503692627
2020-09-10,2.4286720752716064,5.531069278717041
2020-09-11,2.4286720752716064,6.6544342041015625
2020-09-14,2.4333336353302,7.357608318328857
2020-09-15,2.414686441421509,7.228979110717773
2020-09-17,2.414686441421509,6.680159568786621
2020-09-18,2.4379944801330566,6.843090534210205
2020-09-21,2.4053635597229004,6.860241413116455
2020-09-22,2.372732639312744,6.885967254638672
2020-09-23,2.3354406356811523,6.877391815185547
2020-09-24,2.2701783180236816,7.331882953643799
2020-09-25,2.3540866374969482,7.546265125274658
2020-09-28,2.377394199371338,7.5205397605896
2020-09-29,2.38205623626709,7.263280868530273
2020-09-30,2.396040678024292,7.117499828338623
2020-10-01,2.38205623626709,7.228979110717773
2020-10-02,2.3540866374969482,7.511963367462158
2020-10-05,2.3634097576141357,7.649168968200684
2020-10-06,2.3447635173797607,7.409060955047607
2020-10-07,2.3307793140411377,7.546265125274658
2020-10-08,2.4240097999572754,7.546265125274658
2020-10-09,2.4007022380828857,7.554840087890625
2020-10-12,2.414686441421509,7.692045211791992
2020-10-13,2.4007022380828857,7.794948577880859
2020-10-14,2.410024642944336,8.12938404083252
2020-10-15,2.447317361831665,8.009331703186035
2020-10-16,2.4613029956817627,8.009331703186035
2020-10-19,2.479947805404663,8.307896614074707
2020-10-20,2.596487522125244,8.204047203063965
2020-10-21,2.6104719638824463,7.684804439544678
2020-10-22,2.624457597732544,7.702111721038818
2020-10-23,2.6058101654052734,7.5290303230285645
2020-10-26,2.5871641635894775,7.5290303230285645
2020-10-27,2.601149559020996,7.710766315460205
2020-10-28,2.6151340007781982,7.598263740539551
2020-10-30,2.559194803237915,7.41652774810791
2020-11-02,2.5918262004852295,7.260756015777588
2020-11-03,2.573179244995117,7.200175762176514
2020-11-04,2.5871641635894775,7.009787082672119
2020-11-05,2.6803956031799316,7.182868957519531
2020-11-06,2.7456576824188232,7.355949401855469
2020-11-09,2.7922725677490234,7.3386406898498535
2020-11-10,2.820242404937744,6.750165939331055
2020-11-11,2.7736260890960693,6.802090167999268
2020-11-12,2.8015964031219482,6.663625240325928
2020-11-13,2.9041504859924316,6.732857704162598
2020-11-16,2.955427885055542,6.230922222137451
2020-11-17,2.9973814487457275,6.057840347290039
2020-11-18,3.0020432472229004,6.066495418548584
2020-11-19,2.9973814487457275,6.005916595458984
2020-11-20,3.030012369155884,6.308808326721191
2020-11-23,2.936781406402588,6.360732555389404
2020-11-24,2.843550205230713,5.884759426116943
2020-11-25,2.983396291732788,5.754949569702148
2020-11-26,3.1232433319091797,6.101110935211182
2020-11-27,3.263089895248413,6.049186706542969
2020-11-30,3.263089895248413,6.161689281463623
2020-12-01,3.4262447357177734,5.876105308532715
2020-12-02,3.4262447357177734,5.780911445617676
2020-12-03,3.5194761753082275,5.867452621459961
2020-12-04,3.6499991416931152,5.754949569702148
2020-12-07,3.673307418823242,5.7116780281066895
2020-12-08,3.6826303005218506,6.135727405548096
2020-12-09,3.7432305812835693,5.919376373291016
2020-12-10,3.7525534629821777,6.049186706542969
2020-12-11,3.68721079826355,5.9713006019592285
2020-12-14,3.6592066287994385,5.452056407928467
2020-12-15,3.68721079826355,5.547251224517822
2020-12-16,3.668541431427002,5.858797550201416
2020-12-17,3.7478859424591064,5.798219203948975
2020-12-18,3.75722074508667,5.7462944984436035
2020-12-21,3.733884334564209,5.728986740112305
2020-12-22,3.645204544067383,5.789565086364746
2020-12-23,3.6918785572052,5.824181079864502
2020-12-24,3.733884334564209,5.757644176483154
2020-12-28,3.733884334564209,5.553598880767822
2020-12-29,3.733884334564209,5.3318095207214355
2020-12-30,3.967252731323242,5.429396152496338
2020-12-31,3.9159111976623535,5.429396152496338
2021-01-04,3.925245761871338,4.879359245300293
2021-01-05,3.8505680561065674,5.074533939361572
2021-01-06,3.8272311687469482,5.110020160675049
2021-01-07,3.9019083976745605,5.145506858825684
2021-01-08,3.9205780029296875,5.766516208648682
2021-01-11,3.8505680561065674,5.704414367675781
2021-01-12,3.859903335571289,5.926203727722168
2021-01-13,3.8645710945129395,5.881846904754639
2021-01-14,4.088603496551514,5.651185512542725
2021-01-15,4.074600696563721,5.6955437660217285
2021-01-18,4.111941337585449,5.624571323394775
2021-01-19,4.102604389190674,5.438268184661865
2021-01-20,4.107272624969482,5.447140216827393
2021-01-21,4.065267086029053,5.3406805992126465
2021-01-22,4.05593204498291,5.544726848602295
2021-01-25,3.8692383766174316,5.784258842468262
2021-01-26,3.855236053466797,5.500368595123291
2021-01-27,3.775890827178955,5.509240627288818
2021-01-29,3.7292165756225586,5.979433536529541
2021-02-02,3.7152152061462402,6.254452228546143
2021-02-03,3.7618889808654785,6.050405979156494
2021-02-04,3.7478859424591064,5.952818870544434
2021-02-05,3.75722074508667,5.8641037940979
2021-02-08,3.8459010124206543,5.562469959259033
2021-02-09,4.037262439727783,5.500368595123291
2021-02-10,3.9765872955322266,5.456010818481445
2021-02-11,3.990588665008545,5.482625484466553
2021-02-15,3.967252731323242,5.473754405975342
2021-02-16,4.05126428604126,5.376167297363281
2021-02-17,4.060598850250244,5.49149751663208
2021-02-18,4.0699334144592285,5.38503885269165
2021-02-19,4.1539459228515625,5.367295265197754
2021-02-22,4.060598850250244,5.127763271331787
2021-02-23,4.0699334144592285,5.030177116394043
2021-02-24,4.17728328704834,4.639827251434326
2021-02-25,4.508664131164551,4.701929092407227
2021-02-26,4.522666931152344,4.648698806762695
2021-03-01,4.5506720542907715,4.3470659255981445
2021-03-02,4.527334690093994,4.213993072509766
2021-03-03,4.667354583740234,4.515625476837158
2021-03-04,4.536669731140137,4.400295257568359
2021-03-05,4.4806623458862305,4.6575703620910645
2021-03-08,4.4806623458862305,4.4712677001953125
2021-03-09,4.499330520629883,4.60434103012085
2021-03-10,4.714028358459473,4.719671726226807
2021-03-11,4.667354583740234,4.719671726226807
2021-03-12,4.701236724853516,4.613213062286377
2021-03-15,4.719928741455078,4.595469951629639
2021-03-16,4.701236724853516,4.613213062286377
2021-03-17,4.6731977462768555,4.7729010581970215
2021-03-18,4.7479681968688965,4.666441917419434
2021-03-19,4.5890793800354,4.799515724182129
2021-03-22,4.6731977462768555,4.79064416885376
2021-03-23,4.62646484375,4.699447154998779
2021-03-24,4.565714359283447,4.764587879180908
2021-03-25,4.6404852867126465,4.745976448059082
2021-03-26,4.62646484375,4.792505264282227
2021-03-29,4.6825432777404785,4.699447154998779
2021-03-30,4.729275226593018,4.448189735412598
2021-03-31,4.62646484375,4.206237316131592
2021-04-01,4.701236724853516,4.317907810211182
2021-04-02,4.701236724853516,4.420271873474121
2021-04-05,4.691891193389893,4.355130672454834
2021-04-06,4.719928741455078,4.438883304595947
2021-04-07,4.738621711730957,4.569165229797363
2021-04-08,4.729275226593018,5.025151252746582
2021-04-09,4.6825432777404785,4.866951942443848
2021-04-12,4.757315158843994,4.885563850402832
2021-04-13,4.6731977462768555,4.7273640632629395
2021-04-14,4.6825432777404785,4.773893356323242
2021-04-15,5.000320911407471,5.062374591827393
2021-04-16,5.047053813934326,5.183351039886475
2021-04-19,5.028360366821289,5.080986499786377
2021-04-20,4.916203498840332,5.025151252746582
2021-04-21,4.906856060028076,5.071680545806885
2021-04-22,4.869470596313477,5.229879379272461
2021-04-23,4.95358943939209,5.3322434425354
2021-04-26,5.028360366821289,5.490443229675293
2021-04-27,4.9722819328308105,5.378772735595703
2021-04-28,5.000320911407471,5.276409149169922
2021-04-30,4.8601250648498535,5.257796764373779
2021-05-03,4.850779056549072,5.099597930908203
2021-05-04,4.850779056549072,5.071680545806885
2021-05-05,4.813394069671631,4.950704097747803
2021-05-06,4.95358943939209,4.708752632141113
2021-05-07,5.028360366821289,4.894869327545166
2021-05-10,5.028360366821289,4.8018107414245605
2021-05-11,5.047053813934326,4.820422649383545
2021-05-12,5.047053813934326,4.978621959686279
2021-05-17,4.9722819328308105,4.922786712646484
2021-05-18,4.95358943939209,4.969316005706787
2021-05-19,4.8601250648498535,5.071680545806885
2021-05-20,4.738621711730957,4.9972333908081055
2021-05-21,4.6731977462768555,4.941399097442627
2021-05-24,4.785353660583496,4.894869327545166
2021-05-25,4.869470596313477,4.839034557342529
2021-05-27,4.8601250648498535,4.764587879180908
2021-05-28,4.8601250648498535,4.736670017242432
2021-05-31,4.8601250648498535,4.820422649383545
2021-06-01,4.850779056549072,4.736670017242432
2021-06-02,4.888164043426514,4.745976448059082
2021-06-03,4.8601250648498535,4.652918338775635
2021-06-04,4.869470596313477,4.559859275817871
2021-06-08,4.869470596313477,4.448189735412598
2021-06-09,4.766660690307617,4.504024505615234
2021-06-10,4.794700622558594,4.466801166534424
2021-06-11,4.729275226593018,4.3923540115356445
2021-06-14,4.757315158843994,4.438883304595947
2021-06-15,4.766660690307617,4.410965919494629
2021-06-16,4.595836639404297,4.336519718170166
2021-06-17,4.46479606628418,4.3086018562316895
2021-06-18,4.586477756500244,4.373742580413818
2021-06-21,4.446074962615967,4.345825672149658
2021-06-22,4.474156856536865,4.327213764190674
2021-06-23,4.492875099182129,4.307852268218994
2021-06-24,4.408635139465332,4.211047172546387
2021-06-25,4.567757606506348,4.211047172546387
2021-06-28,4.483515739440918,4.094880104064941
2021-06-29,4.530317306518555,4.162643909454346
2021-06-30,4.474156856536865,4.0367960929870605
2021-07-01,4.446074962615967,3.939990997314453
2021-07-02,4.474156856536865,3.8819077014923096
2021-07-05,4.549037456512451,3.823824167251587
2021-07-06,4.764320373535156,3.8141438961029053
2021-07-07,4.717519283294678,3.736699104309082
2021-07-08,4.614558219909668,3.6011712551116943
2021-07-09,4.586477756500244,3.69797682762146
2021-07-12,4.520956039428711,3.5914902687072754
2021-07-13,4.539676189422607,3.649573802947998
2021-07-14,4.539676189422607,3.6398932933807373
2021-07-15,4.586477756500244,3.9109489917755127
2021-07-16,4.539676189422607,3.8431851863861084
2021-07-19,4.492875099182129,3.8044631481170654
2021-07-21,4.492875099182129,4.027115821838379
2021-07-22,4.567757606506348,3.9690322875976562
2021-07-23,4.520956039428711,4.007754802703857
2021-07-26,4.586477756500244,3.9690322875976562
2021-07-27,4.586477756500244,3.8722269535064697
2021-07-28,4.530317306518555,3.8722269535064697
2021-07-29,4.539676189422607,3.8431851863861084
2021-07-30,4.511597156524658,3.8528659343719482
2021-08-02,4.549037456512451,3.7947824001312256
2021-08-03,4.549037456512451,3.69797682762146
2021-08-04,4.520956039428711,3.6786155700683594
2021-08-05,4.530317306518555,3.649573802947998
2021-08-06,4.567757606506348,3.5624489784240723
2021-08-09,4.623918533325195,3.610851764678955
2021-08-11,4.680079460144043,3.649573802947998
2021-08-12,4.642638206481934,3.6689350605010986
2021-08-13,4.680079460144043,3.6302127838134766
2021-08-16,4.595836639404297,3.572129487991333
2021-08-17,4.773681640625,3.649573802947998
2021-08-18,4.72688102722168,3.8044631481170654
2021-08-19,4.595836639404297,3.649573802947998
2021-08-20,4.567757606506348,3.6786155700683594
2021-08-23,4.6332783699035645,3.6398932933807373
2021-08-24,4.680079460144043,3.727018356323242
2021-08-25,4.90472412109375,3.7947824001312256
2021-08-26,5.054486274719238,3.736699104309082
2021-08-27,5.02640438079834,3.785101890563965
2021-08-30,5.054486274719238,3.8722269535064697
2021-09-01,5.166807174682617,3.7947824001312256
2021-09-02,5.073205471038818,3.736699104309082
2021-09-03,5.101285934448242,3.620532274246216
2021-09-06,5.1574482917785645,3.6011712551116943
2021-09-07,5.428892135620117,3.5527682304382324
2021-09-08,5.588015556335449,3.4656431674957275
2021-09-09,5.447613716125488,3.2913930416107178
2021-09-10,5.503869533538818,3.3204345703125
2021-09-13,5.44761323928833,3.1752259731292725
2021-09-14,5.231958866119385,3.1268231868743896
2021-09-15,5.3819780349731445,3.0977816581726074
2021-09-17,5.438235759735107,2.9622533321380615
2021-09-20,5.297591686248779,2.7202396392822266
2021-09-21,5.241335391998291,2.5847115516662598
2021-09-22,5.297591686248779,2.7202396392822266
2021-09-23,5.344474792480469,2.5847115516662598
2021-09-24,5.278839588165283,2.662156105041504
2021-09-27,5.250710964202881,2.5847115516662598
2021-09-28,5.4101080894470215,2.7202396392822266
2021-09-29,5.466365337371826,2.6718363761901855
2021-09-30,5.3819780349731445,2.788003444671631
2021-10-01,5.297591686248779,2.6636974811553955
2021-10-04,5.372602462768555,2.6143698692321777
2021-10-05,5.419483661651611,2.703159809112549
2021-10-06,5.550751209259033,2.703159809112549
2021-10-07,5.531998634338379,2.7130253314971924
2021-10-08,5.710148334503174,2.742621898651123
2021-10-11,5.747652530670166,2.772218704223633
2021-10-12,5.728900909423828,2.791949510574341
2021-10-13,5.719523906707764,2.7524874210357666
2021-10-14,5.813287258148193,2.7524874210357666
2021-10-15,5.803910255432129,2.722890615463257
2021-10-18,5.785158634185791,2.722890615463257
2021-10-20,5.644514560699463,2.8215463161468506
2021-10-21,5.541375160217285,2.6932942867279053
2021-10-22,5.391354560852051,2.722890615463257
2021-10-25,5.438235759735107,2.722890615463257
2021-10-26,5.400731563568115,2.6834287643432617
2021-10-27,5.344474792480469,2.6242353916168213
2021-10-28,5.119444370269775,2.5551764965057373
2021-10-29,5.213205814361572,2.6834287643432617
2021-11-01,5.138194561004639,2.6143698692321777
2021-11-02,5.194454193115234,2.5453107357025146
2021-11-03,5.185076713562012,2.4565210342407227
2021-11-05,5.119444370269775,2.446655511856079
2021-11-08,5.063186168670654,2.3677310943603516
2021-11-09,4.978799819946289,2.2986724376678467
2021-11-10,5.035056114196777,2.269075632095337
2021-11-11,4.960046291351318,2.269075632095337
2021-11-12,5.006927490234375,2.4170589447021484
2021-11-15,4.978799819946289,2.4565210342407227
2021-11-16,5.016304016113281,2.3874623775482178
2021-11-17,5.100690841674805,2.476252317428589
2021-11-18,5.203829288482666,2.3677310943603516
2021-11-19,5.250710964202881,2.2789411544799805
2021-11-22,5.3819780349731445,2.2098824977874756
2021-11-23,5.344474792480469,2.2296135425567627
2021-11-24,5.297591686248779,2.2394790649414062
2021-11-25,5.288215637207031,2.219748020172119
2021-11-26,5.2225823402404785,2.604504346847534
2021-11-29,4.903789043426514,3.147109270095825
2021-11-30,5.016304016113281,2.8906052112579346
2021-12-01,4.988174915313721,2.703159809112549
2021-12-02,4.960046291351318,2.772218704223633
2021-12-06,4.969423294067383,2.53544545173645
2021-12-07,5.063186168670654,2.4663867950439453
2021-12-08,5.110067367553711,2.407193422317505
2021-12-09,5.175700664520264,2.377596616744995
2021-12-10,5.128819465637207,2.130958318710327
2021-12-13,5.138194561004639,1.9829747676849365
2021-12-14,4.978507995605469,1.973109245300293
2021-12-15,4.978507995605469,2.0323023796081543
2021-12-16,4.978507995605469,2.0125715732574463
2021-12-17,5.091228485107422,2.130958318710327
2021-12-20,4.9503278732299805,2.1704204082489014
2021-12-21,4.884573459625244,2.0717647075653076
2021-12-22,4.8939666748046875,2.150689125061035
2021-12-23,5.260310173034668,2.130958318710327
2021-12-24,5.194555759429932,2.1726248264312744
2021-12-27,5.307276248931885,2.341275930404663
2021-12-28,5.373030662536621,2.351196765899658
2021-12-29,5.429390907287598,2.3908793926239014
2021-12-30,5.429390907287598,2.4206414222717285
2021-12-31,5.429390907287598,2.569451332092285
2022-01-03,5.316669464111328,2.3710381984710693
2022-01-04,5.354244709014893,2.311514139175415
2022-01-05,5.373030662536621,2.4206414222717285
2022-01-06,5.354244709014893,2.4206414222717285
2022-01-07,5.401210784912109,2.4504034519195557
2022-01-10,5.523324966430664,2.480165481567383
2022-01-11,5.6548333168029785,2.4107208251953125
2022-01-12,5.720587253570557,2.3908793926239014
2022-01-13,5.823914527893066,2.3611176013946533
2022-01-14,5.683013439178467,2.321434736251831
2022-01-17,5.560898780822754,2.331355333328247
2022-01-19,5.523324966430664,2.2222282886505127
2022-01-20,5.748766899108887,2.1924662590026855
2022-01-21,5.786340713500977,2.1527836322784424
2022-01-24,5.729979515075684,2.063497543334961
2022-01-25,5.636046409606934,2.0238149166107178
2022-01-26,5.701800346374512,2.063497543334961
2022-01-27,5.711194038391113,2.063497543334961
2022-01-28,5.720587253570557,2.103180170059204
2022-01-31,5.786340713500977,2.113101005554199
2022-02-03,5.729979515075684,2.113101005554199
2022-02-04,5.833308696746826,2.1527836322784424
2022-02-07,5.908455848693848,2.331355333328247
2022-02-08,5.917848587036133,2.271831512451172
2022-02-09,6.096323490142822,2.1627042293548584
2022-02-10,6.2747979164123535,2.1726248264312744
2022-02-11,6.284191608428955,2.1428630352020264
2022-02-14,6.293584823608398,2.103180170059204
2022-02-15,6.425092697143555,2.073418140411377
2022-02-16,6.575387954711914,2.083338737487793
2022-02-17,6.490846633911133,2.04365611076355
2022-02-18,6.5566020011901855,2.04365611076355
2022-02-21,6.246618747711182,2.04365611076355
2022-02-22,6.378125190734863,2.0039734840393066
2022-02-23,6.425092697143555,2.033735513687134
2022-02-24,6.34055233001709,1.954370379447937
2022-02-25,6.34055233001709,1.9841322898864746
2022-02-28,6.415699481964111,2.033735513687134
2022-03-01,6.378125190734863,2.04365611076355
2022-03-02,6.641141891479492,2.0238149166107178
2022-03-03,6.782042503356934,2.0039734840393066
2022-03-04,6.782042503356934,1.9146876335144043
2022-03-07,6.669321060180664,1.8849256038665771
2022-03-08,6.378125190734863,1.8551636934280396
2022-03-09,6.453273773193359,1.6666710376739502
2022-03-10,6.152684211730957,1.696433186531067
2022-03-11,6.115110874176025,1.6567504405975342
2022-03-14,5.90813684463501,1.755957007408142
2022-03-15,5.757611274719238,1.7857190370559692
2022-03-16,5.983399868011475,1.7361156940460205
2022-03-17,5.973991870880127,1.8551636934280396
2022-03-18,5.973991870880127,1.7956396341323853
2022-03-21,5.973991870880127,1.8452430963516235
2022-03-22,5.635309219360352,1.8452430963516235
2022-03-23,5.776426792144775,1.8849256038665771
2022-03-24,5.776426792144775,1.8551636934280396
2022-03-25,5.879914283752441,1.8750050067901611
2022-03-28,5.7293877601623535,1.8750050067901611
2022-03-29,5.832873821258545,1.835322380065918
2022-03-30,5.85168981552124,1.9047669172286987
2022-03-31,5.832873821258545,1.9047669172286987
2022-04-01,5.7670183181762695,2.033735513687134
2022-04-04,5.776426792144775,2.0039734840393066
2022-04-05,5.832873821258545,2.0039734840393066
2022-04-06,5.8705058097839355,1.964290976524353
2022-04-07,5.757611274719238,1.9345290660858154
2022-04-08,5.973991870880127,1.954370379447937
2022-04-11,6.171557426452637,1.8948463201522827
2022-04-12,6.039846420288086,1.7956396341323853
2022-04-13,6.077478408813477,1.746036410331726
2022-04-14,6.209188938140869,1.7658777236938477
2022-04-15,6.133925437927246,1.7757983207702637
2022-04-18,6.152740955352783,1.7261950969696045
2022-04-20,6.162149429321289,1.706353783607483
2022-04-21,6.199780464172363,1.706353783607483
2022-04-22,6.049254894256592,1.7162744998931885
2022-04-25,5.804651260375977,1.696433186531067
2022-04-26,5.663532733917236,1.7162744998931885
2022-04-27,5.522414207458496,1.6765918731689453
2022-04-28,5.635309219360352,1.6666710376739502
2022-04-29,5.635309219360352,1.6666710376739502
2022-05-05,5.494191646575928,1.6567504405975342
2022-05-06,5.061429977416992,1.607147216796875
2022-05-09,4.892088413238525,1.5674645900726318
2022-05-10,4.703930854797363,1.5377024412155151
2022-05-11,4.769786357879639,1.5178611278533936
2022-05-12,4.515772819519043,1.47817862033844
2022-05-13,4.7415618896484375,1.5476231575012207
2022-05-17,5.061429977416992,1.5277818441390991
2022-05-18,4.967350959777832,1.5178611278533936
2022-05-19,4.77919340133667,1.4384959936141968
2022-05-20,4.948535442352295,1.4384959936141968
2022-05-23,4.986166477203369,1.47817862033844
2022-05-24,4.995575428009033,1.3888925313949585
2022-05-25,4.986166477203369,1.398813247680664
2022-05-26,5.1178765296936035,1.359130620956421
2022-05-27,5.155507564544678,1.3888925313949585
2022-05-30,5.174323558807373,1.3789719343185425
2022-05-31,5.21195650100708,1.3888925313949585
2022-06-01,5.127284526824951,1.359130620956421
2022-06-02,5.136693477630615,1.2500033378601074
2022-06-03,5.0426130294799805,1.2301620244979858
2022-06-07,4.873271942138672,1.2400827407836914
2022-06-08,4.77919340133667,1.1706379652023315
2022-06-09,4.722746849060059,1.2103207111358643
2022-06-10,4.694522857666016,1.1210347414016724
2022-06-13,4.656891345977783,1.021828055381775
2022-06-14,4.699355602264404,1.021828055381775
2022-06-15,4.567245006561279,1.0019867420196533
2022-06-16,4.652172565460205,0.9672645330429077
2022-06-17,4.435134410858154,1.0019867420196533
2022-06-20,4.331332683563232,0.9771851897239685
2022-06-21,4.472881317138672,1.0714315176010132
2022-06-22,4.425698757171631,1.0019867420196533
2022-06-23,4.369078636169434,1.0416693687438965
2022-06-24,4.501189231872559,1.0416693687438965
2022-06-27,4.425698757171631,1.0317487716674805
2022-06-28,4.586117744445801,1.0416693687438965
2022-06-29,4.387953281402588,1.1111141443252563
2022-06-30,4.491754055023193,1.0317487716674805
2022-07-01,4.435134410858154,1.0019867420196533
2022-07-04,4.359643936157227,0.9672645330429077
2022-07-05,4.444571495056152,0.9375025033950806
2022-07-06,4.255842208862305,0.9325421452522278
2022-07-07,4.0293660163879395,1.0019867420196533
2022-07-08,4.038803577423096,0.9821454882621765
2022-07-12,3.9066927433013916,1.0019867420196533
2022-07-13,3.850074529647827,1.0019867420196533
2022-07-14,3.9444379806518555,1.0119074583053589
2022-07-15,3.7462732791900635,0.9871058464050293
2022-07-18,3.9161293506622314,1.0317487716674805
2022-07-19,3.963311195373535,1.0119074583053589
2022-07-20,4.057676315307617,0.9821454882621765
2022-07-21,4.142603874206543,0.9920661449432373
2022-07-22,4.199222564697266,0.9871058464050293
2022-07-25,4.227532863616943,0.9871058464050293
2022-07-26,4.246405124664307,0.9821454882621765
2022-07-27,4.321897029876709,0.9871058464050293
2022-07-28,4.557809352874756,0.9623041749000549
2022-07-29,4.586117744445801,0.9573438167572021
2022-08-01,4.62386417388916,0.9821454882621765
2022-08-02,4.671046257019043,0.9722248315811157
2022-08-03,4.671046257019043,0.9623041749000549
2022-08-04,4.671046257019043,1.0019867420196533
2022-08-05,4.538935661315918,1.0019867420196533
2022-08-08,4.482316970825195,0.9771851897239685
2022-08-09,4.425698757171631,0.9771851897239685
2022-08-10,4.435134410858154,0.9226215481758118
2022-08-11,4.6144280433654785,0.917661190032959
2022-08-12,4.567245006561279,0.8482165932655334
2022-08-15,4.538935661315918,0.7886925935745239
2022-08-16,4.538935661315918,0.8283752202987671
2022-08-17,4.482316970825195,0.8531768918037415
2022-08-18,4.482316970825195,0.8581372499465942
2022-08-19,4.576681613922119,0.8630975484848022
2022-08-22,4.416261672973633,0.8283752202987671
2022-08-23,4.416261672973633,0.8234148621559143
2022-08-24,4.387953281402588,0.8283752202987671
2022-08-25,4.6144280433654785,0.8333355188369751
2022-08-26,4.435134410858154,0.8234148621559143
2022-08-29,4.454007148742676,0.7936529517173767
2022-08-30,4.510627269744873,0.7986132502555847
2022-09-01,4.435134410858154,0.7936529517173767
2022-09-02,4.35020637512207,0.7986132502555847
2022-09-05,4.454007148742676,0.8134942054748535
2022-09-06,4.52949857711792,0.7936529517173767
2022-09-07,4.708791255950928,0.7986132502555847
2022-09-08,4.7371015548706055,0.7886925935745239
2022-09-09,4.718228816986084,0.7886925935745239
2022-09-12,4.633298873901367,0.8134942054748535
2022-09-13,4.53623104095459,0.7986132502555847
2022-09-14,4.375237464904785,0.7787719368934631
2022-09-15,4.4699387550354,0.7589305639266968
2022-09-19,4.195302963256836,0.699406623840332
2022-09-20,4.185832977294922,0.699406623840332
2022-09-21,3.9206666946411133,0.6398826241493225
2022-09-22,3.8070244789123535,0.6250016689300537
2022-09-23,3.7975547313690186,0.6448429822921753
2022-09-26,3.778614044189453,0.6299619674682617
2022-09-27,3.7880847454071045,0.6051603555679321
2022-09-28,3.7880847454071045,0.5853189826011658
2022-09-29,3.7880847454071045,0.5803586840629578
2022-09-30,3.825965166091919,0.6200413703918457
2022-10-03,3.778614044189453,0.5902794003486633
2022-10-04,3.7880847454071045,0.6150810122489929
2022-10-05,4.072190284729004,0.6349223256111145
2022-10-06,4.1668925285339355,0.6696446537971497
2022-10-07,4.119542121887207,0.6398826241493225
2022-10-11,3.9680187702178955,0.6200413703918457
2022-10-12,3.901726484298706,0.6299619674682617
2022-10-13,3.9680187702178955,0.6845256090164185
2022-10-14,3.9585471153259277,0.6845256090164185
2022-10-17,3.949078321456909,0.7341289520263672
2022-10-18,3.986959218978882,0.7341289520263672
2022-10-19,4.129011154174805,0.7192479968070984
2022-10-20,4.157421588897705,0.7291686534881592
2022-10-21,4.1668925285339355,0.7242082953453064
2022-10-25,4.1668925285339355,0.7093272805213928
2022-10-26,4.091131687164307,0.749009907245636
2022-10-27,4.091131687164307,0.7688512206077576
2022-10-28,4.119542121887207,0.7837322950363159
2022-10-31,4.119542121887207,0.7886925935745239
2022-11-01,4.110070705413818,0.7936529517173767
2022-11-02,4.147952079772949,0.8035736083984375
2022-11-03,4.119542121887207,0.7142876386642456
2022-11-04,4.157421588897705,0.7589305639266968
2022-11-07,4.1668925285339355,0.7837322950363159
2022-11-08,4.119542121887207,0.8382959365844727
2022-11-09,4.204773902893066,0.8333355188369751
2022-11-10,4.214242458343506,0.877978503704071
2022-11-11,4.545701026916504,0.9523834586143494
2022-11-14,4.4699387550354,1.0119074583053589
2022-11-15,4.479409217834473,0.9623041749000549
2022-11-16,4.498349666595459,0.9523834586143494
2022-11-17,4.498349666595459,0.917661190032959
2022-11-21,4.450998306274414,0.9375025033950806
2022-11-22,4.4699387550354,0.9027802348136902
2022-11-23,4.5741119384765625,0.8878991603851318
2022-11-24,4.621462345123291,0.9771851897239685
2022-11-25,4.602521896362305,0.9027802348136902
2022-11-29,4.545701026916504,0.8680578470230103
2022-11-30,4.593051433563232,0.8630975484848022
2022-12-01,4.593051433563232,0.8382959365844727
2022-12-02,4.53623104095459,0.8382959365844727
2022-12-05,4.53623104095459,0.8085339069366455
2022-12-06,4.593051433563232,0.8085339069366455
2022-12-07,4.545701026916504,0.8085339069366455
2022-12-08,4.593051433563232,0.7986132502555847
2022-12-09,4.583581447601318,0.8333355188369751
2022-12-12,4.602521896362305,0.8184545636177063
2022-12-13,4.53623104095459,0.7787719368934631
2022-12-14,4.619398593902588,0.7787719368934631
2022-12-15,4.6859331130981445,0.7291686534881592
2022-12-16,4.657419204711914,0.7192479968070984
2022-12-19,4.657419204711914,0.70436692237854
2022-12-20,4.457815647125244,0.699406623840332
2022-12-21,4.2772216796875,0.7142876386642456
2022-12-22,4.3722710609436035,0.749009907245636
2022-12-23,4.448309421539307,0.8134942054748535
2022-12-27,4.552865028381348,0.917661190032959
2022-12-28,4.609894275665283,0.8878991603851318
2022-12-29,4.628903388977051,0.9027802348136902
2022-12-30,4.638408660888672,0.8978198170661926
2023-01-03,4.657419204711914,0.8581372499465942
2023-01-04,4.657419204711914,0.8531768918037415
2023-01-05,4.6859331130981445,0.9027802348136902
2023-01-06,4.666922569274902,0.8878991603851318
2023-01-09,4.6859331130981445,0.8630975484848022
2023-01-10,4.676429748535156,0.8432562351226807
2023-01-11,4.704943656921387,0.8382959365844727
2023-01-12,4.74296236038208,0.8382959365844727
2023-01-13,4.828506946563721,0.8184545636177063
2023-01-16,4.942567348480225,0.8829388618469238
2023-01-17,5.03761625289917,0.877978503704071
2023-01-18,5.085141181945801,0.8829388618469238
2023-01-19,5.028111457824707,0.8878991603851318
2023-01-20,5.018606662750244,0.8878991603851318
2023-01-25,5.075636386871338,0.8630975484848022
2023-01-26,5.03761625289917,0.9077405333518982
2023-01-27,4.990091800689697,0.9077405333518982
2023-01-30,5.009101867675781,0.8928595185279846
2023-01-31,4.923556327819824,0.8234148621559143
2023-02-02,5.03761625289917,0.8283752202987671
2023-02-03,5.0946455001831055,0.8432562351226807
2023-02-07,5.075636386871338,0.8333355188369751
2023-02-08,4.990091800689697,0.8134942054748535
2023-02-09,4.99959659576416,0.8283752202987671
2023-02-10,4.961577415466309,0.8035736083984375
2023-02-13,4.895042896270752,0.7638909220695496
2023-02-14,4.990091800689697,0.7539702653884888
2023-02-15,4.990091800689697,0.7688512206077576
2023-02-16,4.990091800689697,0.8333355188369751
2023-02-17,5.018606662750244,0.8134942054748535
2023-02-20,4.923556327819824,0.8283752202987671
2023-02-21,4.990091800689697,0.8283752202987671
2023-02-22,4.942567348480225,0.8234148621559143
2023-02-23,5.009101867675781,0.7787719368934631
2023-02-24,4.942567348480225,0.7688512206077576
2023-02-27,4.895042896270752,0.7589305639266968
2023-02-28,4.904547214508057,0.749009907245636
2023-03-01,4.895042896270752,0.7093272805213928
2023-03-02,4.895042896270752,0.70436692237854
2023-03-03,4.876032829284668,0.7192479968070984
2023-03-06,4.895042896270752,0.7142876386642456
2023-03-07,4.952071666717529,0.6894859671592712
2023-03-08,4.942567348480225,0.6696446537971497
2023-03-09,4.8475189208984375,0.7093272805213928
2023-03-10,4.730680465698242,0.6944462656974792
2023-03-13,4.749757289886475,0.6944462656974792
2023-03-14,4.568541049957275,0.6795653104782104
2023-03-15,4.578078746795654,0.6944462656974792
2023-03-16,4.530389308929443,0.8283752202987671
2023-03-17,4.549466133117676,0.9077405333518982
2023-03-20,4.5590033531188965,0.8978198170661926
2023-03-21,4.539928436279297,0.9523834586143494
2023-03-22,4.482702255249023,0.9424628019332886
2023-03-23,4.482702255249023,1.0119074583053589
2023-03-24,4.454089164733887,0.9474231600761414
2023-03-27,4.473164081573486,0.9623041749000549
2023-03-28,4.606690883636475,0.9474231600761414
2023-03-29,4.644841194152832,0.9871058464050293
2023-03-30,4.692531108856201,0.9573438167572021
2023-03-31,4.644841194152832,0.9325421452522278
2023-04-03,4.702067852020264,0.9771851897239685
2023-04-04,4.702067852020264,0.9722248315811157
2023-04-05,4.673455238342285,1.0019867420196533
2023-04-06,4.721142768859863,1.0119074583053589
2023-04-07,4.721142768859863,1.0615108013153076
2023-04-10,4.749757289886475,1.140876054763794
2023-04-11,4.911896705627441,1.140876054763794
2023-04-12,4.8832831382751465,1.1111141443252563
2023-04-13,4.873745918273926,1.140876054763794
2023-04-14,4.911896705627441,1.1011934280395508
2023-04-17,4.911896705627441,1.0416693687438965
2023-04-18,4.8165202140808105,1.0615108013153076
2023-04-19,4.8165202140808105,1.021828055381775
2023-04-20,4.959584712982178,1.021828055381775
2023-04-25,4.826058864593506,0.9920661449432373
2023-04-26,4.806982040405273,1.0119074583053589
2023-04-27,4.845133304595947,0.9722248315811157
2023-04-28,4.911896705627441,0.9722248315811157
2023-05-02,4.940509796142578,1.0019867420196533
2023-05-03,4.845133304595947,1.021828055381775
2023-05-05,4.8165202140808105,1.0019867420196533
2023-05-08,4.826058864593506,0.9375025033950806
2023-05-09,4.768832206726074,1.0813521146774292
2023-05-10,4.663917541503906,1.0912728309631348
2023-05-11,4.673455238342285,1.051590085029602
2023-05-12,4.6353044509887695,1.0615108013153076
2023-05-15,4.568541049957275,1.0416693687438965
2023-05-16,4.597154140472412,1.0714315176010132
2023-05-17,4.578078746795654,1.1011934280395508
2023-05-18,4.51131534576416,1.1607173681259155
2023-05-19,4.5590033531188965,1.1904793977737427
2023-05-22,4.5590033531188965,1.2103207111358643
2023-05-23,4.501777172088623,1.2004001140594482
2023-05-24,4.482702255249023,1.1805588006973267
2023-05-25,4.463626384735107,1.1210347414016724
2023-05-26,4.520852565765381,1.1607173681259155
2023-05-29,4.673455238342285,1.15079665184021
2023-05-30,4.51131534576416,1.1011934280395508
2023-05-31,4.3968634605407715,1.1309553384780884
2023-06-01,4.482702255249023,1.1210347414016724
2023-06-02,4.530389308929443,1.140876054763794
2023-06-06,4.5590033531188965,1.1011934280395508
2023-06-07,4.568541049957275,1.1210347414016724
2023-06-08,4.454089164733887,1.0813521146774292
2023-06-09,4.435013771057129,1.0615108013153076
2023-06-12,4.44455099105835,1.0912728309631348
2023-06-13,4.44455099105835,1.0714315176010132
2023-06-14,4.528320789337158,1.1011934280395508
2023-06-15,4.499599933624268,1.0813521146774292
2023-06-16,4.786808013916016,0.9672645330429077
2023-06-19,4.537894248962402,0.9077405333518982
2023-06-20,4.442157745361328,0.8630975484848022
2023-06-21,4.557041645050049,0.877978503704071
2023-06-22,4.537894248962402,0.8581372499465942
2023-06-23,4.537894248962402,0.8531768918037415
2023-06-26,4.509173393249512,0.8234148621559143
2023-06-27,4.499599933624268,0.8234148621559143
2023-06-28,4.509173393249512,0.8085339069366455
2023-06-30,4.499599933624268,0.8035736083984375
2023-07-03,4.614482879638672,0.8382959365844727
2023-07-04,4.662350177764893,0.8382959365844727
2023-07-05,4.662350177764893,0.8382959365844727
2023-07-06,4.547467231750488,0.8432562351226807
2023-07-07,4.5857625007629395,0.8432562351226807
2023-07-10,4.662350177764893,0.8432562351226807
2023-07-11,4.595335960388184,0.8581372499465942
2023-07-12,4.681498050689697,0.8531768918037415
2023-07-13,4.652777671813965,0.8432562351226807
2023-07-14,4.700645446777344,0.8581372499465942
2023-07-17,4.614482879638672,0.917661190032959
2023-07-18,4.6432037353515625,0.912700891494751
2023-07-20,4.652777671813965,0.8928595185279846
2023-07-21,4.595335960388184,0.8581372499465942
2023-07-24,4.6049089431762695,0.8680578470230103
2023-07-25,4.7389397621154785,0.8581372499465942
2023-07-26,4.786808013916016,0.8581372499465942
2023-07-27,4.748513221740723,0.8680578470230103
2023-07-28,4.786808013916016,0.8878991603851318
2023-07-31,4.82510232925415,0.912700891494751
2023-08-01,4.834676265716553,0.9325421452522278
2023-08-02,4.7389397621154785,0.912700891494751
2023-08-03,4.691072463989258,0.8928595185279846
2023-08-04,4.758087158203125,0.8928595185279846
2023-08-07,4.758087158203125,0.873018205165863
2023-08-08,4.786808013916016,0.877978503704071
2023-08-09,4.80595588684082,0.873018205165863
2023-08-10,4.777234077453613,0.8581372499465942
2023-08-11,4.748513221740723,0.8333355188369751
2023-08-14,4.710219860076904,0.8184545636177063
2023-08-15,4.691072463989258,0.8234148621559143
2023-08-16,4.710219860076904,0.8085339069366455
2023-08-17,4.6432037353515625,0.7986132502555847
2023-08-18,4.547467231750488,0.7986132502555847
2023-08-21,4.5857625007629395,0.8184545636177063
2023-08-22,4.691072463989258,0.8283752202987671
2023-08-23,4.633631229400635,0.8134942054748535
2023-08-24,4.6432037353515625,0.8184545636177063
2023-08-25,4.671924591064453,0.8035736083984375
2023-08-28,4.681498050689697,0.8234148621559143
2023-08-29,4.691072463989258,0.7837322950363159
2023-08-30,4.6432037353515625,0.7589305639266968
2023-09-01,4.710219860076904,0.7341289520263672
2023-09-04,4.786808013916016,0.7291686534881592
2023-09-05,4.7389397621154785,0.749009907245636
2023-09-06,4.710219860076904,0.7787719368934631
2023-09-07,4.710219860076904,0.8333355188369751
2023-09-08,4.681498050689697,0.8085339069366455
2023-09-11,4.691072463989258,0.8085339069366455
2023-09-12,4.691072463989258,0.8085339069366455
2023-09-13,4.710219860076904,0.7986132502555847
2023-09-14,4.681498050689697,0.8085339069366455
2023-09-15,4.746352672576904,0.8035736083984375
2023-09-18,4.707920551300049,0.7986132502555847
2023-09-19,4.698312282562256,0.7936529517173767
2023-09-20,4.707920551300049,0.8234148621559143
2023-09-21,4.707920551300049,0.7986132502555847
2023-09-22,4.669488430023193,0.8035736083984375
2023-09-25,4.631056308746338,0.7886925935745239
2023-09-26,4.631056308746338,0.7936529517173767
2023-09-27,4.602232933044434,0.7837322950363159
2023-09-29,4.525368690490723,0.7688512206077576
2023-10-02,4.602232933044434,0.7886925935745239
2023-10-03,4.61184024810791,0.7787719368934631
2023-10-04,4.554192543029785,0.7688512206077576
2023-10-05,4.477327823638916,0.7787719368934631
2023-10-06,4.534975528717041,0.749009907245636
2023-10-09,4.5157599449157715,0.7539702653884888
2023-10-10,4.592624664306641,0.7341289520263672
2023-10-11,4.5830159187316895,0.7291686534881592
2023-10-12,4.669488430023193,0.7341289520263672
2023-10-13,4.679096221923828,0.7341289520263672
2023-10-16,4.727137088775635,0.7291686534881592
2023-10-17,4.707920551300049,0.744049608707428
2023-10-18,4.707920551300049,0.7341289520263672
2023-10-19,4.698312282562256,0.7291686534881592
2023-10-20,4.698312282562256,0.7192479968070984
2023-10-23,4.669488430023193,0.70436692237854
2023-10-24,4.61184024810791,0.70436692237854
2023-10-25,4.631056308746338,0.7142876386642456
2023-10-26,4.631056308746338,0.7192479968070984
2023-10-27,4.688704013824463,0.7142876386642456
2023-10-30,4.688704013824463,0.7093272805213928
2023-10-31,4.727137088775635,0.7192479968070984
2023-11-01,4.631056308746338,0.699406623840332
2023-11-02,4.650272369384766,0.7093272805213928
2023-11-03,4.698312282562256,0.7291686534881592
2023-11-06,4.688704013824463,0.7539702653884888
2023-11-07,4.707920551300049,0.7738115787506104
2023-11-08,4.698312282562256,0.7837322950363159
2023-11-09,4.698312282562256,0.7787719368934631
2023-11-10,4.650272369384766,0.7539702653884888
2023-11-14,4.679096221923828,0.73908931016922
2023-11-15,4.717528343200684,0.744049608707428
2023-11-16,4.679096221923828,0.7837322950363159
2023-11-17,4.688704013824463,0.7787719368934631
2023-11-20,4.6406636238098145,0.7936529517173767
2023-11-21,4.746352672576904,0.8035736083984375
2023-11-22,4.679096221923828,0.8333355188369751
2023-11-23,4.707920551300049,0.877978503704071
2023-11-24,4.688704013824463,0.8928595185279846
2023-11-27,4.679096221923828,0.873018205165863
2023-11-28,4.659880638122559,0.8928595185279846
2023-11-29,4.698312282562256,0.8531768918037415
2023-11-30,4.61184024810791,0.8035736083984375
2023-12-01,4.6406636238098145,0.8234148621559143
2023-12-04,4.61184024810791,0.8134942054748535
2023-12-05,4.61184024810791,0.8333355188369751
2023-12-06,4.650272369384766,0.8184545636177063
2023-12-07,4.592624664306641,0.8085339069366455
2023-12-08,4.61184024810791,0.7986132502555847
2023-12-11,4.621448040008545,0.8085339069366455
2023-12-12,4.6406636238098145,0.7886925935745239
2023-12-13,4.6406636238098145,0.8680578470230103
2023-12-14,4.736743927001953,0.9027802348136902
2023-12-15,4.753617763519287,0.8928595185279846
2023-12-18,4.705406665802002,0.9523834586143494
2023-12-19,4.705406665802002,0.9325421452522278
2023-12-20,4.6668381690979,0.8978198170661926
2023-12-21,4.64755392074585,0.9275818467140198
2023-12-22,4.64755392074585,0.917661190032959
2023-12-26,4.618627548217773,0.912700891494751
2023-12-27,4.628269672393799,0.912700891494751
2023-12-28,4.637911319732666,0.9027802348136902
2023-12-29,4.637911319732666,0.8928595185279846
2024-01-02,4.686122894287109,0.9027802348136902
2024-01-03,4.763260364532471,0.9672645330429077
2024-01-04,4.7150492668151855,0.9623041749000549
2024-01-05,4.705406665802002,0.9722248315811157
2024-01-08,4.743976593017578,0.9722248315811157
2024-01-09,4.695764541625977,0.9573438167572021
2024-01-10,4.724691867828369,0.9325421452522278
2024-01-11,4.64755392074585,0.9325421452522278
2024-01-12,4.6668381690979,0.9226215481758118
2024-01-15,4.792187213897705,0.912700891494751
2024-01-16,4.8211140632629395,0.9226215481758118
2024-01-17,4.676480770111084,0.8978198170661926
2024-01-18,4.637911319732666,0.8928595185279846
2024-01-19,4.608984470367432,0.8928595185279846
2024-01-22,4.608984470367432,0.9077405333518982
2024-01-23,4.599342346191406,0.8878991603851318
2024-01-24,4.676480770111084,0.8928595185279846
2024-01-26,4.589700222015381,0.917661190032959
2024-01-29,4.657195568084717,0.9077405333518982
2024-01-30,4.5800580978393555,0.912700891494751
2024-01-31,4.570416450500488,0.9226215481758118
2024-02-02,4.483635902404785,0.917661190032959
2024-02-05,4.5125627517700195,0.9275818467140198
2024-02-06,4.483635902404785,0.9027802348136902
2024-02-07,4.47399377822876,0.877978503704071
2024-02-08,4.454709053039551,0.877978503704071
2024-02-09,4.464351177215576,0.877978503704071
2024-02-13,4.4932780265808105,0.8878991603851318
2024-02-14,4.4354248046875,0.8928595185279846
2024-02-15,4.416140556335449,0.8928595185279846
2024-02-16,4.445067405700684,0.8878991603851318
2024-02-19,4.483635902404785,0.8829388618469238
2024-02-20,4.551130771636963,0.8878991603851318
2024-02-21,4.531846523284912,0.877978503704071
2024-02-22,4.551130771636963,0.8978198170661926
2024-02-23,4.5125627517700195,0.873018205165863
2024-02-26,4.4932780265808105,0.8234148621559143
2024-02-27,4.522204399108887,0.8184545636177063
2024-02-28,4.483635902404785,0.8184545636177063
2024-02-29,4.5125627517700195,0.7986132502555847
2024-03-01,4.502920150756836,0.7986132502555847
2024-03-04,4.4932780265808105,0.7936529517173767
2024-03-05,4.377571105957031,0.8035736083984375
2024-03-06,4.3582868576049805,0.7936529517173767
2024-03-07,4.377571105957031,0.7886925935745239
2024-03-08,4.387213706970215,0.7837322950363159
2024-03-11,4.464351177215576,0.7986132502555847
2024-03-12,4.4932780265808105,0.8134942054748535
2024-03-13,4.510215759277344,0.8234148621559143
2024-03-14,4.548929214477539,0.8184545636177063
2024-03-15,4.558609485626221,0.7886925935745239
2024-03-18,4.577966213226318,0.7936529517173767
2024-03-19,4.461822509765625,0.7886925935745239
2024-03-20,4.47150182723999,0.8531768918037415
2024-03-21,4.481179714202881,0.8085339069366455
2024-03-22,4.461822509765625,0.7886925935745239
2024-03-25,4.452145099639893,0.7886925935745239
2024-03-26,4.481179714202881,0.7986132502555847
2024-03-27,4.510215759277344,0.7936529517173767
2024-03-29,4.500537395477295,0.7936529517173767
2024-04-01,4.53925085067749,0.7936529517173767
2024-04-02,4.5295729637146,0.8184545636177063
2024-04-03,4.616680145263672,0.8134942054748535
2024-04-04,4.955430030822754,0.8184545636177063
2024-04-05,5.119965076446533,0.8283752202987671
2024-04-08,5.032858371734619,0.8184545636177063
2024-04-09,4.9844651222229,0.8234148621559143
2024-04-12,5.013501167297363,0.8134942054748535
2024-04-15,5.052215576171875,0.7986132502555847
2024-04-16,5.149001598358154,0.7936529517173767
2024-04-17,5.090930938720703,0.8184545636177063
2024-04-18,5.110287189483643,0.8234148621559143
2024-04-19,5.2651448249816895,0.8035736083984375
2024-04-22,5.2651448249816895,0.8085339069366455
2024-04-23,5.207073211669922,0.8382959365844727
2024-04-24,5.332895755767822,0.8432562351226807
2024-04-25,5.255465984344482,0.8283752202987671
2024-04-26,5.178037166595459,0.8234148621559143
2024-04-29,5.178037166595459,0.877978503704071
2024-04-30,5.197394371032715,0.873018205165863
2024-05-02,5.1586809158325195,0.8630975484848022
2024-05-03,5.149001598358154,0.8878991603851318
2024-05-06,5.1586809158325195,0.8978198170661926
2024-05-07,5.207073211669922,0.8878991603851318
2024-05-08,5.2264299392700195,0.912700891494751
2024-05-09,5.1586809158325195,0.9077405333518982
2024-05-10,5.168359756469727,0.9424628019332886
2024-05-13,5.168359756469727,0.9573438167572021
2024-05-14,5.197394371032715,0.9523834586143494
2024-05-15,5.2264299392700195,1.2500033378601074
2024-05-16,5.187716484069824,1.1904793977737427
2024-05-17,5.032858371734619,1.1904793977737427
2024-05-20,5.216751575469971,1.1805588006973267
2024-05-21,5.178037166595459,1.1805588006973267
2024-05-23,5.187716484069824,1.2004001140594482
2024-05-24,5.168359756469727,1.1210347414016724
2024-05-27,5.178037166595459,1.0912728309631348
2024-05-28,5.216751575469971,1.0813521146774292
2024-05-29,5.197394371032715,1.0615108013153076
2024-05-30,5.410322666168213,1.051590085029602
2024-05-31,5.420001983642578,1.0416693687438965
2024-06-04,5.642608165740967,1.0317487716674805
2024-06-05,5.632930755615234,1.0317487716674805
2024-06-06,5.6135735511779785,1.051590085029602
2024-06-07,5.700680255889893,1.1111141443252563
2024-06-10,5.565180778503418,1.0912728309631348
2024-06-11,5.720037460327148,1.0813521146774292
2024-06-12,5.642608165740967,1.0813521146774292
2024-06-13,5.807145595550537,1.15079665184021
2024-06-14,5.629993915557861,1.1607173681259155
2024-06-18,5.7076497077941895,1.1607173681259155
2024-06-19,5.610580921173096,1.1309553384780884
2024-06-20,5.629993915557861,1.15079665184021
2024-06-21,5.532924652099609,1.1210347414016724
2024-06-24,5.659114837646484,1.0615108013153076
2024-06-25,5.62028694152832,1.0714315176010132
2024-06-26,5.610580921173096,1.0813521146774292
2024-06-27,5.591166973114014,1.0615108013153076
2024-06-28,5.591166973114014,1.0912728309631348
2024-07-01,5.591166973114014,1.1111141443252563
2024-07-02,5.62028694152832,1.1111141443252563
2024-07-03,5.7076497077941895,1.1210347414016724
2024-07-04,5.75618314743042,1.1805588006973267
2024-07-05,5.785304546356201,1.1805588006973267
2024-07-09,5.872666835784912,1.1904793977737427
2024-07-10,5.901786804199219,1.1607173681259155
2024-07-11,5.824131965637207,1.2004001140594482
2024-07-12,5.77559757232666,1.1805588006973267
2024-07-15,5.853252410888672,1.2103207111358643
2024-07-16,5.804717540740967,1.2004001140594482
2024-07-17,5.814425468444824,1.2202414274215698
2024-07-18,5.33878755569458,1.2301620244979858
2024-07-19,5.39702844619751,1.2103207111358643
2024-07-22,5.309666633605957,1.2103207111358643
2024-07-23,5.251425743103027,1.2301620244979858
2024-07-24,5.047581195831299,1.2004001140594482
2024-07-25,5.047581195831299,1.1805588006973267
2024-07-26,5.086409091949463,1.2004001140594482
2024-07-29,5.202891826629639,1.15079665184021
2024-07-30,5.144649505615234,1.0813521146774292
2024-07-31,5.202891826629639,1.021828055381775
2024-08-01,5.144649505615234,1.021828055381775
2024-08-02,4.931097984313965,0.9722248315811157
2024-08-05,4.62047815322876,0.877978503704071
2024-08-06,4.7175469398498535,0.9077405333518982
2024-08-07,4.74666690826416,0.9275818467140198
2024-08-08,4.756374835968018,0.9325421452522278
2024-08-09,4.853443622589111,0.9523834586143494
2024-08-12,4.872856616973877,0.9275818467140198
2024-08-13,4.775787830352783,0.8978198170661926
2024-08-14,4.882564067840576,0.912700891494751
2024-08-15,4.804908752441406,0.912700891494751
2024-08-16,4.872856616973877,0.9424628019332886
2024-08-19,4.989339828491211,0.9821454882621765
2024-08-20,4.940805435180664,0.9920661449432373
2024-08-21,4.940805435180664,0.9871058464050293
2024-08-22,4.940805435180664,1.0019867420196533
2024-08-23,4.989339828491211,0.9722248315811157
2024-08-26,5.05728816986084,0.9523834586143494
2024-08-27,5.193183422088623,0.9523834586143494
2024-08-28,4.979633331298828,0.917661190032959
2024-08-29,4.999046802520752,0.9077405333518982
2024-08-30,4.82432222366333,0.912700891494751
2024-09-02,4.775787830352783,0.9325421452522278
2024-09-03,4.74666690826416,0.9623041749000549
2024-09-04,4.6884260177612305,0.9424628019332886
2024-09-05,4.7175469398498535,0.9623041749000549
2024-09-06,4.659305572509766,0.9325421452522278
2024-09-09,4.542823314666748,0.912700891494751
2024-09-10,4.368098735809326,0.9077405333518982
2024-09-11,4.377805709838867,0.8878991603851318
2024-09-12,4.474874973297119,0.9077405333518982
2024-09-13,4.639891624450684,0.9077405333518982
2024-09-17,4.7660813331604,1.1309553384780884
2024-09-18,4.724679470062256,1.0615108013153076
2024-09-19,4.802612781524658,1.0317487716674805
2024-09-20,4.81235408782959,1.0912728309631348
2024-09-23,4.724679470062256,1.0813521146774292
2024-09-24,4.675971984863281,1.0813521146774292
2024-09-25,4.773388385772705,0.9821454882621765
2024-09-26,4.753904342651367,1.0119074583053589
2024-09-27,4.909770488739014,0.9920661449432373
2024-09-30,4.929254055023193,0.9920661449432373
2024-10-01,4.919511795043945,1.0317487716674805
2024-10-02,4.841578483581543,1.0019867420196533
2024-10-03,4.82209587097168,1.0019867420196533
2024-10-04,4.792870044708252,1.0019867420196533
2024-10-07,4.968219757080078,1.0416693687438965
2024-10-08,4.938995361328125,1.0416693687438965
2024-10-09,4.753904342651367,1.0416693687438965
2024-10-10,4.763645648956299,1.021828055381775
2024-10-11,4.753904342651367,1.051590085029602
2024-10-14,4.724679470062256,1.0615108013153076
2024-10-15,4.695455074310303,1.0416693687438965
2024-10-16,4.588296890258789,1.0317487716674805
2024-10-17,4.598038673400879,1.0317487716674805
2024-10-18,4.675971984863281,1.0317487716674805
2024-10-21,4.714938640594482,1.0416693687438965
2024-10-22,4.734421730041504,1.051590085029602
2024-10-23,4.64674711227417,1.051590085029602
2024-10-24,4.656488418579102,1.051590085029602
2024-10-25,4.64674711227417,1.051590085029602
2024-10-28,4.62726354598999,1.051590085029602
2024-10-29,4.607780456542969,1.0615108013153076
2024-10-30,4.62726354598999,1.0615108013153076
2024-11-01,4.559072494506836,1.0615108013153076
2024-11-04,4.559072494506836,1.0714315176010132
2024-11-05,4.539588928222656,1.0714315176010132
2024-11-06,4.714938640594482,1.15079665184021
2024-11-07,4.559072494506836,1.1111141443252563
2024-11-08,4.539588928222656,1.1011934280395508
2024-11-11,4.588296890258789,1.0714315176010132
2024-11-12,4.403207302093506,1.0912728309631348
2024-11-13,4.471397876739502,1.0912728309631348
2024-11-14,4.286306858062744,1.0912728309631348
2024-11-15,4.286306858062744,1.0912728309631348
2024-11-18,4.568813323974609,1.1011934280395508
2024-11-19,4.490881443023682,1.1309553384780884
2024-11-20,4.539588928222656,1.15079665184021
2024-11-21,4.520104885101318,1.140876054763794
2024-11-22,4.559072494506836,1.1309553384780884
2024-11-25,4.539588928222656,1.1210347414016724
2024-11-26,4.578555583953857,1.15079665184021
2024-11-27,4.578555583953857,1.15079665184021
2024-11-28,4.559072494506836,1.1607173681259155
2024-11-29,4.520104885101318,1.1607173681259155
2024-12-02,4.81235408782959,1.140876054763794
2024-12-03,4.880545139312744,1.1607173681259155
2024-12-04,4.851320743560791,1.2103207111358643
2024-12-05,4.8708038330078125,1.2400827407836914
2024-12-06,4.831837177276611,1.3095273971557617
2024-12-09,4.802612781524658,1.3194479942321777
2024-12-10,4.831837177276611,1.359130620956421
2024-12-11,4.802612781524658,1.3392893075942993
2024-12-12,4.82209587097168,1.3095273971557617
2024-12-13,4.919511795043945,1.398813247680664
2024-12-16,4.917068004608154,1.3392893075942993
2024-12-17,4.750885009765625,1.2996065616607666
2024-12-18,4.721558094024658,1.369051218032837
2024-12-19,4.682456970214844,1.3888925313949585
2024-12-20,4.604252338409424,1.3095273971557617
2024-12-23,4.565149784088135,1.3194479942321777
2024-12-24,4.574926376342773,1.3095273971557617
2024-12-26,4.692232131958008,1.3095273971557617
2024-12-27,4.770435810089111,1.359130620956421
2024-12-30,4.780210971832275,1.359130620956421
2024-12-31,4.789987564086914,1.3293687105178833
2025-01-02,4.721558094024658,1.3392893075942993
2025-01-03,4.7411088943481445,1.3194479942321777
2025-01-06,4.7411088943481445,1.3492100238800049
2025-01-07,4.682456970214844,1.3095273971557617
2025-01-08,4.682456970214844,1.2301620244979858
2025-01-09,4.574926376342773,1.1904793977737427
2025-01-10,4.574926376342773,1.2202414274215698
2025-01-13,4.59447717666626,1.2004001140594482
2025-01-14,4.565149784088135,1.1904793977737427
2025-01-15,4.711782932281494,1.140876054763794
2025-01-16,4.692232131958008,1.1805588006973267
2025-01-17,4.7411088943481445,1.1904793977737427
2025-01-20,4.868190765380859,1.2004001140594482
2025-01-21,5.063699722290039,1.2103207111358643
2025-01-22,4.89751672744751,1.2004001140594482
2025-01-23,4.877965927124023,1.2004001140594482
2025-01-24,4.907291889190674,1.2004001140594482
2025-01-27,4.838864326477051,1.1706379652023315
2025-01-28,4.770435810089111,1.1904793977737427
2025-01-31,4.780210971832275,1.1904793977737427
2025-02-03,4.789987564086914,1.2400827407836914
2025-02-04,4.809536933898926,1.2202414274215698
2025-02-05,4.868190765380859,1.2004001140594482
2025-02-06,4.877965927124023,1.2103207111358643
2025-02-07,4.887741565704346,1.2103207111358643
2025-02-10,4.887741565704346,1.2103207111358643
2025-02-12,4.887741565704346,1.2103207111358643
2025-02-13,4.848639488220215,1.2004001140594482
2025-02-14,4.887741565704346,1.1805588006973267
2025-02-17,4.9854960441589355,1.15079665184021
2025-02-18,5.034373760223389,0.9920661449432373
2025-02-19,4.9757208824157715,0.9623041749000549
2025-02-20,5.083251476287842,0.9474231600761414
2025-02-21,5.063699722290039,0.9523834586143494
2025-02-24,5.0148234367370605,0.9523834586143494
2025-02-25,4.907291889190674,0.917661190032959
2025-02-26,4.887741565704346,0.9275818467140198
2025-02-27,5.1321282386779785,0.9226215481758118
2025-02-28,4.936618804931641,0.8978198170661926
2025-03-03,4.809536933898926,0.8978198170661926
2025-03-04,4.7411088943481445,0.8581372499465942
2025-03-05,4.887741565704346,0.8829388618469238
2025-03-06,4.936618804931641,0.8978198170661926
2025-03-07,4.936618804931641,0.8928595185279846
2025-03-10,4.907291889190674,0.8432562351226807
2025-03-11,4.8193135261535645,0.8333355188369751
2025-03-12,4.757998466491699,0.8333355188369751
2025-03-13,4.846291542053223,0.8333355188369751
2025-03-14,4.914963722229004,0.8531768918037415
2025-03-17,4.895342826843262,0.8581372499465942
2025-03-19,4.905152797698975,0.9027802348136902
2025-03-20,4.914963722229004,0.8829388618469238
2025-03-21,4.885532855987549,0.8680578470230103
2025-03-24,4.895342826843262,0.8333355188369751
2025-03-25,4.905152797698975,0.8333355188369751
2025-03-26,4.905152797698975,0.8234148621559143
2025-03-27,4.954204559326172,0.8333355188369751
2025-03-28,4.944394588470459,0.8035736083984375
2025-04-02,4.934584140777588,0.7986132502555847
2025-04-03,4.777619361877441,0.8382959365844727
2025-04-04,4.816860198974609,0.8184545636177063
2025-04-07,4.3067240715026855,0.7638909220695496
2025-04-08,4.385207176208496,0.8134942054748535
2025-04-09,4.1693806648254395,0.8134942054748535
2025-04-10,4.404827117919922,0.9027802348136902
2025-04-11,4.336155891418457,0.8978198170661926
2025-04-14,4.640275001525879,0.873018205165863
2025-04-15,4.856101989746094,0.8581372499465942
2025-04-16,4.728568077087402,0.8482165932655334
2025-04-17,4.708947658538818,0.8630975484848022
2025-04-18,4.728568077087402,0.8680578470230103
2025-04-21,4.708947658538818,0.8531768918037415
2025-04-22,4.610844135284424,0.8432562351226807
2025-04-23,4.659895896911621,0.8531768918037415
2025-04-24,4.650084972381592,0.8482165932655334
2025-04-25,4.7481889724731445,0.8630975484848022
2025-04-28,4.807051181793213,0.8829388618469238
2025-04-29,4.699137210845947,0.8878991603851318
2025-04-30,4.807051181793213,0.873018205165863
2025-05-02,4.7874298095703125,0.9027802348136902
2025-05-05,4.816860198974609,0.873018205165863
2025-05-06,4.797239780426025,0.873018205165863
2025-05-07,4.807051181793213,0.877978503704071
2025-05-08,4.826670169830322,0.8581372499465942
2025-05-09,4.964015483856201,0.8531768918037415
2025-05-13,5.003255844116211,0.8333355188369751
2025-05-14,5.091548919677734,0.8432562351226807
2025-05-15,4.964015483856201,0.8531768918037415
2025-05-16,4.964015483856201,0.8432562351226807
2025-05-19,4.865911960601807,0.8333355188369751
2025-05-20,4.865911960601807,0.8234148621559143
2025-05-21,4.954204559326172,0.8134942054748535
2025-05-22,4.934584140777588,0.8035736083984375
2025-05-23,5.022876739501953,0.8035736083984375
2025-05-26,4.993446350097656,0.8035736083984375
2025-05-27,4.993446350097656,0.7986132502555847
2025-05-28,4.905152797698975,0.8035736083984375
2025-05-29,4.934584140777588,0.8085339069366455
2025-05-30,4.944394588470459,0.8035736083984375
2025-06-03,4.856101989746094,0.7936529517173767
2025-06-04,4.807051181793213,0.7787719368934631
2025-06-05,4.954204559326172,0.8085339069366455
2025-06-06,4.88525915145874,0.7886925935745239
2025-06-09,4.924657344818115,0.7837322950363159
2025-06-10,4.924657344818115,0.8085339069366455
2025-06-11,4.924657344818115,0.8035736083984375
2025-06-12,4.954204559326172,0.7936529517173767
2025-06-13,4.924657344818115,0.7638909220695496
2025-06-16,4.924657344818115,0.749009907245636
2025-06-17,4.924657344818115,0.7093272805213928
2025-06-18,4.914807319641113,0.7093272805213928
2025-06-19,4.826164245605469,0.7093272805213928
2025-06-20,4.806465148925781,0.7093272805213928
2025-06-23,4.816314220428467,0.7242082953453064
2025-06-24,4.914807319641113,0.73908931016922
2025-06-25,4.924657344818115,0.73908931016922
2025-06-26,4.934506416320801,0.7142876386642456
2025-06-30,5.1019439697265625,0.70436692237854
2025-07-01,5.052697658538818,0.6894859671592712
2025-07-02,5.032999515533447,0.6894859671592712
2025-07-03,5.131492614746094,0.6894859671592712
2025-07-04,5.2201361656188965,0.6746050119400024
2025-07-07,5.210286617279053,0.6845256090164185
2025-07-08,5.111793518066406,0.6795653104782104
2025-07-09,5.062546730041504,0.6845256090164185
2025-07-10,5.082245826721191,0.6845256090164185
2025-07-11,5.072396755218506,0.6795653104782104
2025-07-14,5.062546730041504,0.6944462656974792
2025-07-15,5.042848110198975,0.6894859671592712
2025-07-16,4.954204559326172,0.6646843552589417
2025-07-17,4.993602275848389,0.6696446537971497
2025-07-18,5.052697658538818,0.6795653104782104
2025-07-21,5.22998571395874,0.6646843552589417
2025-07-22,5.131492614746094,0.6696446537971497
2025-07-23,5.19058895111084,0.6845256090164185
2025-07-24,5.249683380126953,0.6894859671592712
2025-07-25,5.259533882141113,0.6845256090164185
2025-07-28,5.269382953643799,0.6795653104782104
2025-07-29,5.377725124359131,0.6696446537971497
2025-07-30,5.377725124359131,0.6646843552589417
2025-07-31,5.259533882141113,0.6795653104782104
2025-08-01,5.249683380126953,0.6696446537971497
2025-08-04,5.210286617279053,0.6498032808303833
2025-08-05,5.338327884674072,0.6299619674682617
2025-08-06,5.259533882141113,0.6101207137107849
2025-08-07,5.328478813171387,0.6101207137107849
2025-08-08,5.348176956176758,0.5902794003486633
2025-08-11,5.387574672698975,0.6051603555679321
2025-08-12,5.456519603729248,0.6051603555679321
2025-08-13,5.52546501159668,0.6150810122489929
2025-08-14,5.555013179779053,0.6150810122489929
2025-08-15,5.515615463256836,0.6002000570297241
2025-08-18,5.515615463256836,0.5952396988868713
2025-08-19,5.52546501159668,0.5952396988868713
2025-08-20,5.486067771911621,0.5952396988868713
2025-08-21,5.436820983886719,0.6101207137107849
2025-08-22,5.564862251281738,0.5952396988868713
2025-08-25,5.663355350494385,0.5902794003486633
2025-08-26,5.545163631439209,0.5902794003486633
2025-08-27,5.623958110809326,0.5952396988868713
2025-08-28,5.535314083099365,0.5902794003486633
2025-08-29,5.476218223571777,0.5803586840629578
2025-09-02,5.476218223571777,0.5952396988868713
2025-09-03,5.486067771911621,0.6299619674682617
2025-09-04,5.495916843414307,0.6051603555679321
2025-09-08,5.46636962890625,0.6101207137107849
2025-09-09,5.46636962890625,0.5952396988868713
2025-09-10,5.555333137512207,0.5952396988868713
2025-09-11,5.496023654937744,0.5952396988868713
2025-09-12,5.584988117218018,0.5952396988868713
2025-09-17,5.66406774520874,0.5952396988868713
2025-09-18,5.6442975997924805,0.5803586840629578
2025-09-19,5.6344122886657715,0.5803586840629578
2025-09-22,5.604758262634277,0.5803586840629578
2025-09-23,5.673952579498291,0.5902794003486633
2025-09-24,5.772801876068115,0.5853189826011658
2025-09-25,5.772801876068115,0.5902794003486633
2025-09-26,5.812341690063477,0.5803586840629578
2025-09-29,5.841996192932129,0.575398325920105
2025-09-30,5.841996192932129,0.575398325920105
2025-10-01,5.8617658615112305,0.5803586840629578
2025-10-02,5.9408464431762695,0.5803586840629578
2025-10-03,5.901305675506592,0.5803586840629578
2025-10-06,5.930960178375244,0.570438027381897
2025-10-07,5.911190509796143,0.5654776692390442
2025-10-08,5.891421318054199,0.575398325920105
2025-10-09,5.970500469207764,0.6646843552589417
2025-10-10,6.039695739746094,0.6696446537971497
2025-10-13,6.178083896636963,0.699406623840332
2025-10-14,6.227509021759033,0.6795653104782104
2025-10-15,6.197854042053223,0.6795653104782104
2025-10-16,6.187969207763672,0.6894859671592712
2025-10-17,6.178083896636963,0.6696446537971497
2025-10-21,6.1484293937683105,0.6795653104782104
2025-10-22,6.059464931488037,0.6646843552589417
2025-10-23,6.128659248352051,0.6746050119400024
2025-10-24,6.138545036315918,0.6696446537971497
2025-10-27,6.138545036315918,0.6795653104782104
2025-10-28,6.138545036315918,0.6646843552589417
2025-10-29,6.187969207763672,0.6398826241493225
2025-10-30,6.207738876342773,0.6299619674682617
2025-10-31,6.2571635246276855,0.6250016689300537
2025-11-03,6.286818504333496,0.6200413703918457
2025-11-04,6.227509021759033,0.6200413703918457
2025-11-05,6.178083896636963,0.6150810122489929
2025-11-06,6.237393856048584,0.6150810122489929
2025-11-07,6.237393856048584,0.6150810122489929
2025-11-10,6.306588649749756,0.6150810122489929
2025-11-11,6.306588649749756,0.6200413703918457
2025-11-12,6.306588649749756,0.6150810122489929
2025-11-13,6.425207138061523,0.6200413703918457
2025-11-14,6.35601282119751,0.6150810122489929
2025-11-17,6.38566780090332,0.6051603555679321
2025-11-18,6.3658976554870605,0.5902794003486633
2025-11-19,6.375782012939453,0.5952396988868713
2025-11-20,6.395552158355713,0.6051603555679321
2025-11-21,6.40543794631958,0.6002000570297241
2025-11-24,6.435092926025391,0.5849999785423279
2025-11-25,6.425207138061523,0.5899999737739563
2025-11-26,6.524056434631348,0.5899999737739563
2025-11-27,6.62290620803833,0.5899999737739563
2025-11-28,6.632791042327881,0.5950000286102295
2025-12-01,6.8206048011779785,0.5799999833106995
2025-12-02,6.771179676055908,0.574999988079071
2025-12-03,6.62290620803833,0.5950000286102295
2025-12-04,6.672330856323242,0.6000000238418579
2025-12-05,6.652502059936523,0.6000000238418579
2025-12-08,6.73181676864624,0.6050000190734863
2025-12-09,6.781388282775879,0.6299999952316284
2025-12-10,6.692159652709961,0.6100000143051147
2025-12-11,6.79130220413208,0.6000000238418579
2025-12-12,6.811130523681641,0.625
2025-12-15,6.880531311035156,0.625
2025-12-16,6.870616912841797,0.6349999904632568
2025-12-17,6.830959796905518,0.6499999761581421
2025-12-18,6.940017223358154,0.6700000166893005
2025-12-19,6.8607025146484375,0.6650000214576721
2025-12-22,7.029245853424072,0.6499999761581421
2025-12-23,7.0887322425842285,0.6399999856948853
2025-12-24,7.12838888168335,0.6449999809265137
2025-12-26,7.118474006652832,0.6399999856948853
2025-12-29,7.138302803039551,0.6399999856948853
2025-12-30,7.158132076263428,0.6499999761581421
2025-12-31,7.05898904800415,0.6449999809265137
2026-01-02,6.989589214324951,0.6399999856948853
2026-01-05,7.068902969360352,0.6549999713897705
2026-01-06,6.999502658843994,0.6349999904632568
2026-01-07,7.049074649810791,0.6399999856948853
2026-01-08,7.019331455230713,0.6449999809265137
2026-01-09,7.138302803039551,0.6600000262260437
2026-01-12,7.108560562133789,0.6399999856948853
2026-01-13,7.138302803039551,0.6349999904632568
2026-01-14,7.237446308135986,0.6349999904632568
2026-01-15,7.158132076263428,0.625
2026-01-16,7.217617988586426,0.625
2026-01-19,7.217617988586426,0.625
2026-01-20,7.177960395812988,0.6000000238418579
2026-01-21,7.336589336395264,0.6050000190734863
2026-01-22,7.435732364654541,0.6050000190734863
2026-01-23,7.346503257751465,0.6000000238418579
2026-01-26,7.495218276977539,0.6000000238418579
2026-01-27,7.713333606719971,0.6000000238418579
2026-01-28,7.673675537109375,0.6200000047683716
2026-01-29,7.6538472175598145,0.6050000190734863
2026-01-30,7.495218276977539,0.6100000143051147
2026-02-03,7.6538472175598145,0.5950000286102295
2026-02-04,7.594361305236816,0.6000000238418579
2026-02-05,7.4456467628479,0.5799999833106995
2026-02-06,7.42581844329834,0.5849999785423279
2026-02-09,7.534875869750977,0.5849999785423279
2026-02-10,7.534875869750977,0.6000000238418579
2026-02-11,7.683590412139893,0.5950000286102295
2026-02-12,7.624104976654053,0.5849999785423279
2026-02-13,7.505133152008057,0.5899999737739563
2026-02-16,7.614190101623535,0.5899999737739563
2026-02-19,7.614190101623535,0.5950000286102295
2026-02-20,7.634018898010254,0.5950000286102295
2026-02-23,7.465475559234619,0.6000000238418579
2026-02-24,7.346503257751465,0.6000000238418579
2026-02-25,7.45556116104126,0.5950000286102295
2026-02-26,7.534875869750977,0.5899999737739563
2026-02-27,7.068902969360352,0.5799999833106995
2026-03-02,7.148217678070068,0.5600000023841858
2026-03-03,7.277103424072266,0.550000011920929
2026-03-04,7.336589336395264,0.550000011920929
2026-03-05,7.584447383880615,0.550000011920929
2026-03-06,7.743076324462891,0.5600000023841858
2026-03-09,7.42581844329834,0.550000011920929
2026-03-10,7.534875869750977,0.5450000166893005
2026-03-11,7.534875869750977,0.5649999976158142
2026-03-12,7.47523307800293,0.5649999976158142
2026-03-13,7.505054473876953,0.6050000190734863
2026-03-16,7.564697742462158,0.5899999737739563
2026-03-17,7.5547566413879395,0.5799999833106995
2026-03-18,7.614399433135986,0.574999988079071
2026-03-19,7.723744869232178,0.5550000071525574
2026-03-20,7.723744869232178,0.5550000071525574
2026-03-24,7.266483306884766,0.550000011920929
2026-03-25,7.505054473876953,0.5550000071525574
2026-03-26,7.634280681610107,0.5450000166893005
2026-03-27,7.564697742462158,0.5699999928474426
2026-03-30,8.041839599609375,0.6299999952316284
2026-03-31,7.952375411987305,0.6899999976158142
2026-04-01,7.902673244476318,0.6600000262260437
2026-04-02,7.763506889343262,0.7599999904632568
2026-04-03,7.892732620239258,0.8100000023841858
2026-04-06,7.843029975891113,0.7850000262260437
2026-04-07,7.773447036743164,0.7749999761581421
2026-04-08,7.902673244476318,0.7350000143051147
2026-04-09,7.813209056854248,0.7900000214576721
2026-04-10,7.852971076965332,0.8050000071525574
2026-04-13,7.902673244476318,0.7749999761581421
2026-04-14,7.912613868713379,0.7699999809265137
2026-04-15,7.962316036224365,0.7599999904632568
2026-04-16,7.902673244476318,0.75
2026-04-17,7.912613868713379,0.7300000190734863
2026-04-20,7.892732620239258,0.7250000238418579
2026-04-21,7.733685493469238,0.7149999737739563
2026-04-22,7.813209056854248,0.7149999737739563
2026-04-23,8.021958351135254,0.75
2026-04-24,8.36987590789795,0.7300000190734863
2026-04-27,8.747613906860352,0.7200000286102295
2026-04-28,8.687970161437988,0.7200000286102295
2026-04-29,8.588565826416016,0.7149999737739563
2026-04-30,8.578625679016113,0.7250000238418579
2026-05-04,8.717792510986328,0.7200000286102295
2026-05-05,8.827136993408203,0.7350000143051147
2026-05-06,8.76749324798584,0.7200000286102295
2026-05-07,8.648208618164062,0.7200000286102295
2026-05-08,8.628327369689941,0.7599999904632568
2026-05-11,8.747613906860352,0.8550000190734863
2026-05-12,8.936481475830078,0.8500000238418579
2026-05-13,8.996125221252441,0.8399999737739563
2026-05-14,8.996125221252441,0.8299999833106995
2026-05-15,8.837077140808105,0.7799999713897705
2026-05-18,8.827136993408203,0.8100000023841858
2026-05-19,8.837077140808105,0.8100000023841858
2026-05-20,8.896719932556152,0.8100000023841858
2026-05-21,8.827136993408203,0.8100000023841858
2026-05-22,9.045827865600586,0.800000011920929
2026-05-25,8.916601181030273,0.7950000166893005
2026-05-26,8.946422576904297,0.7699999809265137
2026-05-27,8.946422576904297,0.7699999809265137
2026-05-28,8.946422576904297,0.7799999713897705
2026-05-29,8.946422576904297,0.8050000071525574
2026-06-02,8.946422576904297,0.8050000071525574
2026-06-03,9.22475528717041,0.8550000190734863
2026-06-04,8.946422576904297,0.8100000023841858
2026-06-05,9.045827865600586,0.8149999976158142
2026-06-08,8.847017288208008,0.8450000286102295
2026-06-09,8.906661033630371,0.824999988079071
2026-06-10,8.847017288208008,0.8100000023841858
2026-06-11,8.896719932556152,0.8299999833106995
2026-06-12,8.941577911376953,0.8050000071525574
2026-06-15,8.373383522033691,0.7799999713897705
2026-06-16,8.174017906188965,0.7450000047683716
2026-06-18,8.493003845214844,0.7200000286102295
2026-06-19,8.502971649169922,0.7200000286102295
2026-06-22,8.443161964416504,0.7099999785423279
2026-06-23,8.263731956481934,0.6899999976158142
2026-06-24,8.263731956481934,0.699999988079071
2026-06-25,7.765316486358643,0.699999988079071
2026-06-26,7.675601959228516,0.6850000023841858
2026-06-29,7.7553486824035645,0.6949999928474426
2026-06-30,7.655664920806885,0.6850000023841858
2026-07-01,7.565950393676758,0.6850000023841858
2026-07-02,7.50614070892334,0.675000011920929
2026-07-03,7.695538520812988,0.6800000071525574
2026-07-06,7.546013832092285,0.6800000071525574
2026-07-07,7.645697116851807,0.6700000166893005
2026-07-08,7.476235389709473,0.6650000214576721
2026-07-09,7.536045551300049,0.6650000214576721
2026-07-10,7.675601959228516,0.6600000262260437
2026-07-13,7.825126647949219,0.6600000262260437
2026-07-14,8.16404914855957,0.6549999713897705
2026-07-15,7.994588375091553,0.6499999761581421
2026-07-16,8.044428825378418,0.6600000262260437
2026-07-17,7.974651336669922,0.6549999713897705
2026-07-20,7.884936332702637,0.6650000214576721
2026-07-21,7.8749680519104,0.6499999761581421
2026-07-22,8.024493217468262,0.6449999809265137
2026-07-23,8.024493217468262,0.6449999809265137
2026-07-24,7.835094928741455,0.6449999809265137
2026-07-27,7.79522180557251,0.6399999856948853
2026-07-28,7.864999771118164,0.6399999856948853
2026-07-29,7.8749680519104,0.6499999761581421
2026-07-30,7.884936332702637,0.6700000166893005
2026-07-31,7.934778213500977,0.6650000214576721
2026-08-03,7.924809455871582,0.6549999713897705
2026-08-04,8.034461975097656,0.6700000166893005
2026-08-05,8.283669471740723,0.6449999809265137
2026-08-06,7.964682579040527,0.6299999952316284
2026-08-07,7.904872894287109,0.625
2026-08-10,7.924809455871582,0.6299999952316284
2026-08-11,7.894905090332031,0.6600000262260437
2026-08-12,7.964682579040527,0.6650000214576721
2026-08-13,7.954714775085449,0.6549999713897705
2026-08-14,7.675601959228516,0.6549999713897705
2026-08-17,7.7553486824035645,0.6549999713897705
2026-08-18,7.8749680519104,0.6600000262260437
2026-08-19,7.8749680519104,0.6650000214576721
2026-08-20,7.835094928741455,0.6650000214576721
2026-08-21,7.864999771118164,0.6650000214576721
2026-08-24,7.855031490325928,0.6650000214576721
