date,5285.KL,1961.KL,2445.KL
2015-01-02,,3.526313543319702,16.183332443237305
2015-01-05,,3.4675421714782715,16.183332443237305
2015-01-06,,3.445502758026123,15.992073059082031
2015-01-07,,3.4528489112854004,16.036205291748047
2015-01-08,,3.4822356700897217,16.771812438964844
2015-01-09,,3.4822356700897217,16.301027297973633
2015-01-12,,3.4675421714782715,16.40401268005371
2015-01-13,,3.4895811080932617,16.168615341186523
2015-01-14,,3.5116207599639893,16.183332443237305
2015-01-15,,3.4748880863189697,16.198041915893555
2015-01-16,,3.460196018218994,16.183332443237305
2015-01-19,,3.4528489112854004,16.183332443237305
2015-01-20,,3.4528489112854004,16.198041915893555
2015-01-21,,3.4528489112854004,16.609981536865234
2015-01-22,,3.4822356700897217,16.874801635742188
2015-01-23,,3.4822356700897217,16.84537696838379
2015-01-26,,3.4822356700897217,16.815950393676758
2015-01-27,,3.504274845123291,16.786523818969727
2015-01-28,,3.526313543319702,16.91893196105957
2015-01-29,,3.4822356700897217,16.93364906311035
2015-01-30,,3.460196018218994,16.66883087158203
2015-02-04,,3.4895811080932617,16.84537696838379
2015-02-05,,3.4895811080932617,16.91893196105957
2015-02-06,,3.5189669132232666,16.91893196105957
2015-02-09,,3.5189669132232666,16.771812438964844
2015-02-10,,3.496929168701172,16.551132202148438
2015-02-11,,3.504274845123291,16.551132202148438
2015-02-12,,3.496929168701172,16.904224395751953
2015-02-13,,3.533660888671875,16.91893196105957
2015-02-16,,3.4822356700897217,17.05134391784668
2015-02-17,,3.4748880863189697,16.79684829711914
2015-02-18,,3.460196018218994,16.78187370300293
2015-02-23,,3.4675421714782715,16.811817169189453
2015-02-24,,3.4675421714782715,16.78187370300293
2015-02-25,,3.460196018218994,17.081283569335938
2015-02-26,,3.4822356700897217,17.14116668701172
2015-02-27,,3.460196018218994,16.991464614868164
2015-03-02,,3.4675421714782715,16.916614532470703
2015-03-03,,3.471250057220459,16.916614532470703
2015-03-04,,3.478667974472046,17.0363712310791
2015-03-05,,3.456416368484497,16.961524963378906
2015-03-06,,3.463833808898926,16.84175682067871
2015-03-09,,3.4415812492370605,16.632165908813477
2015-03-10,,3.374826669692993,16.632165908813477
2015-03-11,,3.367410182952881,16.632165908813477
2015-03-12,,3.374826669692993,16.632165908813477
2015-03-13,,3.3377411365509033,16.632165908813477
2015-03-16,,3.374826669692993,16.542348861694336
2015-03-17,,3.345158338546753,16.542348861694336
2015-03-18,,3.3599929809570312,16.58725929260254
2015-03-19,,3.4044952392578125,16.991464614868164
2015-03-20,,3.3896610736846924,16.85672950744629
2015-03-23,,3.4044952392578125,16.572288513183594
2015-03-24,,3.419330358505249,16.916614532470703
2015-03-25,,3.456416368484497,16.991464614868164
2015-03-26,,3.4341647624969482,16.85672950744629
2015-03-27,,3.3896610736846924,17.111225128173828
2015-03-30,,3.397078275680542,16.78187370300293
2015-03-31,,3.4044952392578125,17.051345825195312
2015-04-01,,3.4119129180908203,17.066314697265625
2015-04-02,,3.4044952392578125,17.111225128173828
2015-04-03,,3.419330358505249,17.066314697265625
2015-04-06,,3.4119129180908203,17.111225128173828
2015-04-07,,3.4119129180908203,17.29087257385254
2015-04-08,,3.367410182952881,17.201051712036133
2015-04-09,,3.4489991664886475,17.066314697265625
2015-04-10,,3.397078275680542,17.201051712036133
2015-04-13,,3.4044952392578125,17.066314697265625
2015-04-14,,3.4044952392578125,16.991464614868164
2015-04-15,,3.382244348526001,16.84175682067871
2015-04-16,,3.419330358505249,16.916614532470703
2015-04-17,,3.3377411365509033,16.931583404541016
2015-04-20,,3.330322742462158,16.87169647216797
2015-04-21,,3.2784037590026855,16.991464614868164
2015-04-22,,3.233900547027588,16.991464614868164
2015-04-23,,3.248735189437866,16.811817169189453
2015-04-24,,3.263568639755249,17.5303955078125
2015-04-27,,3.263568639755249,17.515430450439453
2015-04-28,,3.263568639755249,17.26092529296875
2015-04-29,,3.263568639755249,17.051345825195312
2015-04-30,,3.2190659046173096,16.572288513183594
2015-05-05,,3.1893973350524902,16.766908645629883
2015-05-06,,3.174562454223633,16.46749496459961
2015-05-07,,3.1300597190856934,16.51241111755371
2015-05-08,,3.115224838256836,16.557321548461914
2015-05-11,,3.0633046627044678,16.257911682128906
2015-05-12,,3.0855555534362793,16.018383026123047
2015-05-13,,3.1893973350524902,15.973474502563477
2015-05-14,,3.1226418018341064,16.46749496459961
2015-05-15,,3.152310848236084,16.51241111755371
2015-05-18,,3.174562454223633,16.692054748535156
2015-05-19,,3.1078081130981445,16.51241111755371
2015-05-20,,3.0855555534362793,16.766908645629883
2015-05-21,,3.0336363315582275,16.886672973632812
2015-05-22,,2.9891324043273926,16.961524963378906
2015-05-25,,2.9891324043273926,16.61720085144043
2015-05-26,,3.00396728515625,16.347734451293945
2015-05-27,,2.959463596343994,15.704005241394043
2015-05-28,,3.00396728515625,15.718975067138672
2015-05-29,,2.959463596343994,15.494417190551758
2015-06-01,,2.9742984771728516,15.718975067138672
2015-06-02,,2.996549367904663,16.063295364379883
2015-06-03,,3.04105281829834,16.751935958862305
2015-06-04,,2.9668807983398438,16.991464614868164
2015-06-05,,3.00396728515625,16.84175682067871
2015-06-08,,2.9891324043273926,16.27288246154785
2015-06-09,,2.9742984771728516,16.138145446777344
2015-06-10,,2.9891324043273926,16.09323501586914
2015-06-11,,2.9817147254943848,16.09323501586914
2015-06-12,,2.996549367904663,16.09323501586914
2015-06-15,,2.9817147254943848,16.018383026123047
2015-06-16,,2.9742984771728516,16.018383026123047
2015-06-17,,2.9742984771728516,15.793828964233398
2015-06-18,,2.9668807983398438,16.018383026123047
2015-06-19,,2.9891324043273926,16.09323501586914
2015-06-22,,2.9742984771728516,16.27288246154785
2015-06-23,,2.959463596343994,15.973474502563477
2015-06-24,,3.00396728515625,16.10820960998535
2015-06-25,,2.944628953933716,16.033355712890625
2015-06-26,,2.944628953933716,16.033355712890625
2015-06-29,,2.959463596343994,15.853706359863281
2015-06-30,,3.0113840103149414,16.018383026123047
2015-07-01,,3.0707216262817383,16.27288246154785
2015-07-02,,3.1300597190856934,16.692054748535156
2015-07-03,,3.1374762058258057,16.79684829711914
2015-07-06,,3.115224838256836,16.811817169189453
2015-07-07,,3.1448934078216553,16.84175682067871
2015-07-08,,3.04105281829834,16.751935958862305
2015-07-09,,3.100390911102295,16.84175682067871
2015-07-10,,3.152310848236084,16.976491928100586
2015-07-13,,3.152310848236084,16.946550369262695
2015-07-14,,3.1448934078216553,17.081283569335938
2015-07-15,,3.174562454223633,17.149097442626953
2015-07-16,,3.1968133449554443,17.32992935180664
2015-07-20,,3.174562454223633,17.254587173461914
2015-07-21,,3.1968133449554443,17.32992935180664
2015-07-22,,3.1893973350524902,17.088821411132812
2015-07-23,,3.152310848236084,16.95319366455078
2015-07-24,,3.1300597190856934,16.968265533447266
2015-07-27,,3.1300597190856934,16.6668758392334
2015-07-28,,3.1226418018341064,16.25999641418457
2015-07-29,,3.1374762058258057,16.350414276123047
2015-07-30,,3.100390911102295,16.320274353027344
2015-07-31,,3.1448934078216553,16.576457977294922
2015-08-03,,3.167145013809204,16.6668758392334
2015-08-04,,3.1448934078216553,16.380552291870117
2015-08-05,,3.174562454223633,16.42576026916504
2015-08-06,,3.0633046627044678,16.24492835998535
2015-08-07,,3.0113840103149414,16.229856491088867
2015-08-10,,3.00396728515625,16.199716567993164
2015-08-11,,3.00396728515625,16.184650421142578
2015-08-12,,2.9891324043273926,16.003820419311523
2015-08-13,,2.9817147254943848,15.838053703308105
2015-08-14,,2.9742984771728516,15.536664009094238
2015-08-17,,2.9223780632019043,15.385966300964355
2015-08-18,,2.9223780632019043,15.265412330627441
2015-08-19,,2.9297945499420166,15.235270500183105
2015-08-20,,2.9297945499420166,15.250340461730957
2015-08-21,,2.9668807983398438,15.295547485351562
2015-08-24,,2.9149603843688965,15.265412330627441
2015-08-25,,2.9297945499420166,15.325690269470215
2015-08-26,,2.9372119903564453,15.67229175567627
2015-08-27,,2.959463596343994,15.67229175567627
2015-08-28,,2.9668807983398438,15.68735408782959
2015-09-01,,2.9223780632019043,15.37090015411377
2015-09-02,,2.885291337966919,15.838053703308105
2015-09-03,,2.9001264572143555,15.777774810791016
2015-09-04,,2.8927085399627686,15.762704849243164
2015-09-07,,2.885291337966919,15.67229175567627
2015-09-08,,2.896547794342041,15.702423095703125
2015-09-09,,2.9265637397766113,15.777774810791016
2015-09-10,,3.0166115760803223,15.822981834411621
2015-09-11,,3.001603841781616,15.747634887695312
2015-09-14,,3.0166115760803223,16.576457977294922
2015-09-15,,3.04662823677063,16.576457977294922
2015-09-17,,3.091651439666748,16.92305564880371
2015-09-18,,3.0316195487976074,16.77235984802246
2015-09-21,,2.8665318489074707,16.72715187072754
2015-09-22,,2.9640839099884033,16.229856491088867
2015-09-23,,2.9265637397766113,16.049026489257812
2015-09-25,,2.9115560054779053,16.049026489257812
2015-09-28,,2.9115560054779053,16.049026489257812
2015-09-29,,2.934067726135254,16.094234466552734
2015-09-30,,3.0541319847106934,16.350414276123047
2015-10-01,,3.3017642498016357,16.787429809570312
2015-10-02,,3.151683807373047,16.95319366455078
2015-10-05,,3.1291720867156982,17.05868148803711
2015-10-06,,3.166692018508911,17.028545379638672
2015-10-07,,3.226724624633789,16.907987594604492
2015-10-08,,3.256740093231201,16.86277961730957
2015-10-09,,3.3317806720733643,17.028545379638672
2015-10-12,,3.3017642498016357,17.088821411132812
2015-10-13,,3.2717485427856445,17.118959426879883
2015-10-15,,3.241732358932495,17.05868148803711
2015-10-16,,3.3017642498016357,17.028545379638672
2015-10-19,,3.3017642498016357,17.103891372680664
2015-10-20,,3.2717485427856445,17.028545379638672
2015-10-21,,3.2717485427856445,17.23951530456543
2015-10-22,,3.256740093231201,17.20937728881836
2015-10-23,,3.256740093231201,17.571041107177734
2015-10-26,,3.3467886447906494,17.450485229492188
2015-10-27,,3.2642440795898438,17.480628967285156
2015-10-28,,3.2492363452911377,17.420351028442383
2015-10-29,,3.1967079639434814,17.314863204956055
2015-10-30,,3.1967079639434814,17.164167404174805
2015-11-02,,3.234227418899536,16.998401641845703
2015-11-03,,3.2492363452911377,17.103891372680664
2015-11-04,,3.2642440795898438,17.299789428710938
2015-11-05,,3.256740093231201,17.299789428710938
2015-11-06,,3.2492363452911377,17.32992935180664
2015-11-09,,3.256740093231201,17.631322860717773
2015-11-11,,3.2117161750793457,17.299789428710938
2015-11-12,,3.0991556644439697,16.983335494995117
2015-11-13,,3.1066601276397705,16.983335494995117
2015-11-16,,3.1291720867156982,16.95319366455078
2015-11-17,,3.114164113998413,16.983335494995117
2015-11-18,,3.526883840560913,17.088821411132812
2015-11-19,,3.0691404342651367,17.04361343383789
2015-11-20,,3.0691404342651367,17.04361343383789
2015-11-23,,3.0841479301452637,17.04361343383789
2015-11-24,,3.1066601276397705,17.179237365722656
2015-11-25,,3.1216676235198975,17.164167404174805
2015-11-26,,3.1216676235198975,17.07375144958496
2015-11-27,,3.2717485427856445,17.179237365722656
2015-11-30,,3.2642440795898438,17.28472328186035
2015-12-01,,3.241732358932495,17.164167404174805
2015-12-02,,3.1741960048675537,17.05868148803711
2015-12-03,,3.1741960048675537,16.998401641845703
2015-12-04,,3.151683807373047,16.83263397216797
2015-12-07,,3.1591880321502686,17.1340274810791
2015-12-08,,3.166692018508911,17.149097442626953
2015-12-09,,3.166692018508911,17.164167404174805
2015-12-10,,3.1591880321502686,16.546316146850586
2015-12-11,,3.1291720867156982,16.68194580078125
2015-12-14,,3.114164113998413,16.68194580078125
2015-12-15,,3.091651439666748,16.68194580078125
2015-12-16,,3.091651439666748,16.87784767150879
2015-12-17,,3.2117161750793457,17.299789428710938
2015-12-18,,3.1591880321502686,17.390213012695312
2015-12-21,,3.13667631149292,16.95319366455078
2015-12-22,,3.1291720867156982,17.103891372680664
2015-12-23,,3.226724624633789,17.32992935180664
2015-12-28,,3.2117161750793457,17.254587173461914
2015-12-29,,3.2492363452911377,17.32992935180664
2015-12-30,,3.3017642498016357,17.254587173461914
2015-12-31,,3.3467886447906494,17.23951530456543
2016-01-04,,3.166692018508911,17.179237365722656
2016-01-05,,3.3392834663391113,17.32992935180664
2016-01-06,,3.3768043518066406,17.465559005737305
2016-01-07,,3.316772699356079,17.314863204956055
2016-01-08,,3.294260263442993,17.269655227661133
2016-01-11,,3.2492363452911377,17.179237365722656
2016-01-12,,3.256740093231201,17.224445343017578
2016-01-13,,3.256740093231201,17.224445343017578
2016-01-14,,3.241732358932495,17.028545379638672
2016-01-15,,3.241732358932495,17.224445343017578
2016-01-18,,3.256740093231201,17.118959426879883
2016-01-19,,3.2642440795898438,17.149097442626953
2016-01-20,,3.226724624633789,17.179237365722656
2016-01-21,,3.2492363452911377,17.04361343383789
2016-01-22,,3.256740093231201,17.103891372680664
2016-01-26,,3.294260263442993,17.164167404174805
2016-01-27,,3.3017642498016357,17.149097442626953
2016-01-28,,3.3242762088775635,17.58611297607422
2016-01-29,,3.6394448280334473,18.008060455322266
2016-02-02,,3.4668519496917725,17.706668853759766
2016-02-03,,3.4893648624420166,17.52583122253418
2016-02-04,,3.526883840560913,17.691600799560547
2016-02-05,,3.5719099044799805,17.94778060913086
2016-02-08,,3.5719099044799805,17.94778060913086
2016-02-09,,3.5719099044799805,17.94778060913086
2016-02-10,,3.406820297241211,17.299789428710938
2016-02-11,,3.4593489170074463,17.420351028442383
2016-02-12,,3.5043728351593018,17.465559005737305
2016-02-15,,3.5043728351593018,17.631322860717773
2016-02-16,,3.526883840560913,17.76694679260254
2016-02-17,,3.646949052810669,17.827224731445312
2016-02-18,,3.6769659519195557,18.203964233398438
2016-02-19,,3.564403772354126,18.23410415649414
2016-02-22,,3.534389019012451,18.31039810180664
2016-02-23,,3.5418922901153564,18.462984085083008
2016-02-24,,3.556900978088379,18.676603317260742
2016-02-25,,3.6019246578216553,18.31039810180664
2016-02-26,,3.5794126987457275,18.31039810180664
2016-02-29,,3.526883840560913,18.15781021118164
2016-03-01,,3.534389019012451,18.23410415649414
2016-03-02,,3.586916208267212,18.218843460083008
2016-03-03,,3.609428644180298,18.31039810180664
2016-03-04,,3.598090887069702,18.096773147583008
2016-03-07,,3.628325939178467,18.31039810180664
2016-03-08,,3.6056487560272217,18.31039810180664
2016-03-09,,3.6056487560272217,18.31039810180664
2016-03-10,,3.6434457302093506,18.295137405395508
2016-03-11,,3.7492716312408447,18.447725296020508
2016-03-14,,3.7795064449310303,18.447725296020508
2016-03-15,,3.741711378097534,18.722383499145508
2016-03-16,,3.741711378097534,18.417205810546875
2016-03-17,,3.756829261779785,18.569793701171875
2016-03-18,,3.756829261779785,18.462984085083008
2016-03-21,,3.7265923023223877,18.447725296020508
2016-03-22,,3.7492716312408447,18.524017333984375
2016-03-23,,3.635885000228882,18.447725296020508
2016-03-24,,3.651003122329712,18.31039810180664
2016-03-25,,3.5149412155151367,18.31039810180664
2016-03-28,,3.4998223781585693,18.295137405395508
2016-03-29,,3.5225002765655518,18.31039810180664
2016-03-30,,3.5376176834106445,18.31039810180664
2016-03-31,,3.4544684886932373,18.31039810180664
2016-04-01,,3.4317924976348877,18.31039810180664
2016-04-04,,3.4544684886932373,18.43246841430664
2016-04-05,,3.4393506050109863,18.386690139770508
2016-04-06,,3.4620280265808105,18.691864013671875
2016-04-07,,3.393996000289917,18.27988052368164
2016-04-08,,3.4091153144836426,18.32565689086914
2016-04-11,,3.4091153144836426,18.32565689086914
2016-04-12,,3.378878355026245,18.203588485717773
2016-04-13,,3.4242329597473145,18.31039810180664
2016-04-14,,3.4015557765960693,18.218843460083008
2016-04-15,,3.416673421859741,18.31039810180664
2016-04-18,,3.393996000289917,18.31039810180664
2016-04-19,,3.378878355026245,18.249364852905273
2016-04-20,,3.341083526611328,18.249364852905273
2016-04-21,,3.3713200092315674,18.31039810180664
2016-04-22,,3.363760471343994,18.249364852905273
2016-04-25,,3.348642349243164,18.356172561645508
2016-04-26,,3.303288698196411,18.23410415649414
2016-04-27,,3.333524703979492,18.249364852905273
2016-04-28,,3.341083526611328,18.31039810180664
2016-04-29,,3.341083526611328,18.249364852905273
2016-05-03,,3.3259658813476562,17.83737564086914
2016-05-04,,3.3184070587158203,17.684791564941406
2016-05-05,,3.2276980876922607,17.623756408691406
2016-05-06,,3.250375747680664,17.532201766967773
2016-05-09,,3.1445486545562744,17.486433029174805
2016-05-10,,3.159667491912842,17.516942977905273
2016-05-11,,3.167226791381836,17.608497619628906
2016-05-12,,3.197462320327759,17.623756408691406
2016-05-13,,3.121872663497925,17.44065284729004
2016-05-16,,3.1143131256103516,17.623756408691406
2016-05-17,,3.159667491912842,17.547460556030273
2016-05-18,,3.159667491912842,17.547460556030273
2016-05-19,,3.220139265060425,17.57798194885254
2016-05-20,,3.159667491912842,17.501686096191406
2016-05-23,,3.205022096633911,17.608497619628906
2016-05-24,,3.1747851371765137,17.547460556030273
2016-05-25,,3.1899030208587646,17.562725067138672
2016-05-26,,3.205022096633911,17.669532775878906
2016-05-27,,3.205022096633911,17.608497619628906
2016-05-30,,3.159667491912842,17.57798194885254
2016-05-31,,3.1294314861297607,17.57798194885254
2016-06-01,,3.136990547180176,17.57798194885254
2016-06-02,,3.1521084308624268,17.57798194885254
2016-06-03,,3.1823441982269287,17.608497619628906
2016-06-06,,3.2276980876922607,17.74582290649414
2016-06-07,,3.3259658813476562,17.83737564086914
2016-06-08,,3.295729637145996,17.776338577270508
2016-06-09,,3.295729637145996,17.669532775878906
2016-06-10,,3.27305269241333,17.700050354003906
2016-06-13,,3.27305269241333,17.608497619628906
2016-06-14,,3.242816209793091,17.57798194885254
2016-06-15,,3.27305269241333,17.562725067138672
2016-06-16,,3.250375747680664,17.547460556030273
2016-06-17,,3.257934331893921,17.669532775878906
2016-06-20,,3.303288698196411,17.623756408691406
2016-06-21,,3.288170576095581,17.608497619628906
2016-06-23,,3.288170576095581,17.700050354003906
2016-06-24,,3.280611515045166,17.547460556030273
2016-06-27,,3.295729637145996,17.547460556030273
2016-06-28,,3.288170576095581,17.547460556030273
2016-06-29,,3.303288698196411,17.71530532836914
2016-06-30,,3.280611515045166,17.74582290649414
2016-07-01,,3.288170576095581,17.684791564941406
2016-07-04,,3.3108482360839844,17.71530532836914
2016-07-05,,3.303288698196411,17.71530532836914
2016-07-06,,3.303288698196411,17.71530532836914
2016-07-07,,3.303288698196411,17.71530532836914
2016-07-08,,3.235257625579834,17.700050354003906
2016-07-11,,3.3108482360839844,17.776338577270508
2016-07-12,,3.295729637145996,17.684791564941406
2016-07-13,,3.257934331893921,17.73056983947754
2016-07-14,,3.2654943466186523,17.753610610961914
2016-07-15,,3.235257625579834,17.784320831298828
2016-07-18,,3.2654943466186523,17.815034866333008
2016-07-19,,3.288170576095581,17.845752716064453
2016-07-20,,3.250375747680664,17.73824691772461
2016-07-21,,3.250375747680664,17.768962860107422
2016-07-22,,3.242816209793091,17.73824691772461
2016-07-25,,3.235257625579834,17.83039093017578
2016-07-26,,3.205022096633911,17.676816940307617
2016-07-27,,3.212580680847168,17.73824691772461
2016-07-28,,3.212580680847168,17.73824691772461
2016-07-29,,3.197462320327759,17.753610610961914
2016-08-01,,3.235257625579834,17.815034866333008
2016-08-02,,3.212580680847168,17.768962860107422
2016-08-03,,3.205022096633911,17.73824691772461
2016-08-04,,3.197462320327759,17.768962860107422
2016-08-05,,3.363760471343994,17.753610610961914
2016-08-08,,3.3259658813476562,17.83039093017578
2016-08-09,,3.3184070587158203,17.73824691772461
2016-08-10,,3.295729637145996,17.784320831298828
2016-08-11,,3.3108482360839844,17.845752716064453
2016-08-12,,3.3184070587158203,17.861106872558594
2016-08-15,,3.3259658813476562,17.89181900024414
2016-08-16,,3.3259658813476562,17.89181900024414
2016-08-17,,3.3259658813476562,17.83039093017578
2016-08-18,,3.3259658813476562,17.768962860107422
2016-08-19,,3.3562018871307373,18.15290641784668
2016-08-22,,3.3562018871307373,18.076112747192383
2016-08-23,,3.348642349243164,18.045400619506836
2016-08-24,,3.341083526611328,18.060760498046875
2016-08-25,,3.341083526611328,18.122194290161133
2016-08-26,,3.341083526611328,18.091476440429688
2016-08-29,,3.3184070587158203,17.9532527923584
2016-08-30,,3.3184070587158203,18.106834411621094
2016-09-01,,3.3259658813476562,18.106834411621094
2016-09-02,,3.333524703979492,18.214336395263672
2016-09-05,,3.393996000289917,18.137550354003906
2016-09-06,,3.4469094276428223,18.22969627380371
2016-09-07,,3.3972859382629395,18.27577018737793
2016-09-08,,3.420189619064331,18.352558135986328
2016-09-09,,3.4354586601257324,18.245054244995117
2016-09-13,,3.420189619064331,18.32184600830078
2016-09-14,,3.420189619064331,18.291126251220703
2016-09-15,,3.3591151237487793,18.27577018737793
2016-09-19,,3.3743839263916016,18.27577018737793
2016-09-20,,3.3820176124572754,18.291126251220703
2016-09-21,,3.3667490482330322,18.27577018737793
2016-09-22,,3.336211681365967,18.306489944458008
2016-09-23,,3.420189619064331,18.460065841674805
2016-09-26,,3.420189619064331,18.50613784790039
2016-09-27,,3.427823543548584,18.50613784790039
2016-09-28,,3.4430925846099854,18.490781784057617
2016-09-29,,3.4507272243499756,18.460065841674805
2016-09-30,,3.3972859382629395,18.41398811340332
2016-10-04,,3.4507272243499756,18.460065841674805
2016-10-05,,3.3743839263916016,18.475421905517578
2016-10-06,,3.3209428787231445,18.460065841674805
2016-10-07,,3.3743839263916016,18.52149200439453
2016-10-10,,3.3972859382629395,18.429349899291992
2016-10-11,,3.4354586601257324,18.444705963134766
2016-10-12,,3.4354586601257324,18.460065841674805
2016-10-13,,3.404921293258667,18.460065841674805
2016-10-14,,3.3972859382629395,18.383272171020508
2016-10-17,,3.3972859382629395,18.41398811340332
2016-10-18,,3.427823543548584,18.398632049560547
2016-10-19,,3.4354586601257324,18.398632049560547
2016-10-20,,3.427823543548584,18.367918014526367
2016-10-21,,3.4430925846099854,18.70578384399414
2016-10-24,,3.4354586601257324,18.64435577392578
2016-10-25,,3.4430925846099854,18.6136417388916
2016-10-26,,3.4354586601257324,18.58292579650879
2016-10-27,,3.4430925846099854,18.58292579650879
2016-10-28,,3.465996265411377,18.367918014526367
2016-10-31,,3.4354586601257324,18.398632049560547
2016-11-01,,3.41255521774292,18.398632049560547
2016-11-02,,3.3591151237487793,18.352558135986328
2016-11-03,,3.3209428787231445,18.50613784790039
2016-11-04,,3.336211681365967,18.306489944458008
2016-11-07,,3.336211681365967,18.32184600830078
2016-11-08,,3.3972859382629395,18.32184600830078
2016-11-09,,3.328577995300293,18.122194290161133
2016-11-10,,3.351480484008789,18.014686584472656
2016-11-11,,3.328577995300293,18.183626174926758
2016-11-14,,3.328577995300293,18.076112747192383
2016-11-15,,3.3438470363616943,18.1989803314209
2016-11-16,,3.3667490482330322,18.367918014526367
2016-11-17,,3.3438470363616943,18.352558135986328
2016-11-18,,3.336211681365967,18.27577018737793
2016-11-21,,3.328577995300293,18.22969627380371
2016-11-22,,3.328577995300293,18.22969627380371
2016-11-23,,3.3591151237487793,18.22969627380371
2016-11-24,,3.3438470363616943,18.22969627380371
2016-11-25,,3.328577995300293,18.50613784790039
2016-11-28,,3.328577995300293,18.41398811340332
2016-11-29,,3.328577995300293,18.33719825744629
2016-11-30,,3.3209428787231445,18.33719825744629
2016-12-01,,3.328577995300293,18.33719825744629
2016-12-02,,3.3438470363616943,18.33719825744629
2016-12-05,,3.336211681365967,18.1989803314209
2016-12-06,,3.3438470363616943,18.27577018737793
2016-12-07,,3.3438470363616943,18.306489944458008
2016-12-08,,3.3591151237487793,18.475421905517578
2016-12-09,,3.351480484008789,18.33719825744629
2016-12-13,,3.3591151237487793,18.33719825744629
2016-12-14,,3.3591151237487793,18.33719825744629
2016-12-15,,3.3591151237487793,18.490781784057617
2016-12-16,,3.3820176124572754,18.32184600830078
2016-12-19,,3.3438470363616943,18.214336395263672
2016-12-20,,3.351480484008789,18.27577018737793
2016-12-21,,3.3438470363616943,18.168264389038086
2016-12-22,,3.351480484008789,18.22969627380371
2016-12-23,,3.328577995300293,18.076112747192383
2016-12-27,,3.351480484008789,18.137550354003906
2016-12-28,,3.3209428787231445,18.183626174926758
2016-12-29,,3.3743839263916016,18.58292579650879
2016-12-30,,3.3591151237487793,18.429349899291992
2017-01-02,,3.3591151237487793,18.429349899291992
2017-01-03,,3.3820176124572754,18.429349899291992
2017-01-04,,3.3667490482330322,18.444705963134766
2017-01-05,,3.3896524906158447,18.444705963134766
2017-01-06,,3.4354586601257324,18.52149200439453
2017-01-09,,3.4354586601257324,18.50613784790039
2017-01-10,,3.4354586601257324,18.50613784790039
2017-01-11,,3.4354586601257324,18.52149200439453
2017-01-12,,3.420189619064331,18.58292579650879
2017-01-13,,3.427823543548584,18.58292579650879
2017-01-16,,3.404921293258667,18.50613784790039
2017-01-17,,3.427823543548584,18.58292579650879
2017-01-18,,3.427823543548584,18.52149200439453
2017-01-19,,3.427823543548584,18.598283767700195
2017-01-20,,3.427823543548584,18.6136417388916
2017-01-23,,3.427823543548584,18.6136417388916
2017-01-24,,3.427823543548584,18.628999710083008
2017-01-25,,3.427823543548584,18.67506980895996
2017-01-26,,3.427823543548584,18.6904296875
2017-01-27,,3.427823543548584,18.460065841674805
2017-01-31,,3.427823543548584,18.50613784790039
2017-02-02,,3.427823543548584,18.6904296875
2017-02-03,,3.427823543548584,18.81329345703125
2017-02-06,,3.427823543548584,19.320096969604492
2017-02-07,,3.427823543548584,19.212596893310547
2017-02-08,,3.427823543548584,19.24331283569336
2017-02-10,,3.427823543548584,19.2586669921875
2017-02-13,,3.427823543548584,19.274024963378906
2017-02-14,,3.427823543548584,19.274024963378906
2017-02-15,,3.427823543548584,19.197237014770508
2017-02-16,,3.427823543548584,19.135801315307617
2017-02-17,,3.427823543548584,19.105087280273438
2017-02-20,,3.427823543548584,19.06614875793457
2017-02-21,,3.427823543548584,18.879222869873047
2017-02-22,,3.427823543548584,18.848073959350586
2017-02-23,,3.427823543548584,18.925954818725586
2017-02-24,,3.427823543548584,18.754610061645508
2017-02-27,,3.427823543548584,18.848073959350586
2017-02-28,,3.427823543548584,18.801340103149414
2017-03-01,,3.427823543548584,18.848073959350586
2017-03-02,,3.427823543548584,18.9415340423584
2017-03-03,,3.462526321411133,18.988262176513672
2017-03-06,,3.462526321411133,18.988262176513672
2017-03-07,,3.462526321411133,19.144031524658203
2017-03-08,,3.462526321411133,19.00383949279785
2017-03-09,,3.462526321411133,18.988262176513672
2017-03-10,,3.462526321411133,18.988262176513672
2017-03-13,,3.462526321411133,19.050569534301758
2017-03-14,,3.462526321411133,19.081724166870117
2017-03-15,,3.462526321411133,19.081724166870117
2017-03-16,,3.462526321411133,19.23749542236328
2017-03-17,,3.462526321411133,19.284223556518555
2017-03-20,,3.462526321411133,19.31538200378418
2017-03-21,,3.462526321411133,19.330951690673828
2017-03-22,,3.462526321411133,19.31538200378418
2017-03-23,,3.462526321411133,19.2219181060791
2017-03-24,,3.462526321411133,19.06614875793457
2017-03-27,,3.462526321411133,19.23749542236328
2017-03-28,,3.462526321411133,19.299802780151367
2017-03-29,,3.462526321411133,19.299802780151367
2017-03-30,,3.462526321411133,19.299802780151367
2017-03-31,,3.462526321411133,19.2219181060791
2017-04-03,,3.462526321411133,19.23749542236328
2017-04-04,,3.462526321411133,19.40884017944336
2017-04-05,,3.462526321411133,19.17518424987793
2017-04-06,,3.462526321411133,19.2219181060791
2017-04-07,,3.462526321411133,19.2219181060791
2017-04-10,,3.462526321411133,19.050569534301758
2017-04-11,,3.462526321411133,19.050569534301758
2017-04-12,,3.462526321411133,19.06614875793457
2017-04-13,,3.462526321411133,18.770187377929688
2017-04-14,,3.462526321411133,18.55211067199707
2017-04-17,,3.462526321411133,18.676721572875977
2017-04-18,,3.462526321411133,18.801340103149414
2017-04-19,,3.462526321411133,18.816917419433594
2017-04-20,,3.462526321411133,18.8636474609375
2017-04-21,,3.501084566116333,18.9415340423584
2017-04-24,,3.501084566116333,18.925954818725586
2017-04-25,,3.508796215057373,19.12845802307129
2017-04-26,,3.5473544597625732,19.097299575805664
2017-04-27,,3.5550665855407715,19.097299575805664
2017-04-28,,3.5396430492401123,19.097299575805664
2017-05-02,,3.5396430492401123,19.190765380859375
2017-05-03,,3.477949619293213,19.159610748291016
2017-05-04,,3.508796215057373,19.190765380859375
2017-05-05,,3.524219512939453,19.23749542236328
2017-05-08,,3.5473544597625732,19.26865005493164
2017-05-09,,3.5396430492401123,19.31538200378418
2017-05-11,,3.5627779960632324,19.362110137939453
2017-05-12,,3.578200340270996,19.40884017944336
2017-05-15,,3.578200340270996,19.393266677856445
2017-05-16,,3.578200340270996,19.393266677856445
2017-05-17,,3.5473544597625732,19.393266677856445
2017-05-18,,3.508796215057373,19.393266677856445
2017-05-19,,3.493373155593872,19.362110137939453
2017-05-22,,3.501084566116333,19.34653091430664
2017-05-23,,3.477949619293213,19.284223556518555
2017-05-24,,3.493373155593872,19.31538200378418
2017-05-25,,3.524219512939453,19.23749542236328
2017-05-26,,3.5319314002990723,19.299802780151367
2017-05-29,,3.516507863998413,19.253068923950195
2017-05-31,,3.508796215057373,19.284223556518555
2017-06-01,,3.4316799640655518,19.26865005493164
2017-06-02,,3.462526321411133,19.299802780151367
2017-06-05,,3.4856619834899902,19.31538200378418
2017-06-06,,3.508796215057373,19.362110137939453
2017-06-07,,3.501084566116333,19.377687454223633
2017-06-08,,3.493373155593872,19.393266677856445
2017-06-09,,3.501084566116333,19.31538200378418
2017-06-13,,3.4856619834899902,19.284223556518555
2017-06-14,,3.462526321411133,19.31538200378418
2017-06-15,,3.447103500366211,19.26865005493164
2017-06-16,,3.5319314002990723,19.704797744750977
2017-06-19,,3.470238208770752,19.393266677856445
2017-06-20,,3.470238208770752,19.393266677856445
2017-06-21,,3.462526321411133,19.393266677856445
2017-06-22,,3.454814910888672,19.362110137939453
2017-06-23,,3.454814910888672,19.31538200378418
2017-06-26,,3.462526321411133,19.284223556518555
2017-06-27,,3.462526321411133,19.284223556518555
2017-06-28,,3.4316799640655518,19.34653091430664
2017-06-29,,3.470238208770752,19.362110137939453
2017-06-30,,3.4316799640655518,19.377687454223633
2017-07-03,,3.454814910888672,19.393266677856445
2017-07-04,,3.4393908977508545,19.377687454223633
2017-07-05,,3.4393908977508545,19.34653091430664
2017-07-06,,3.5550665855407715,19.31538200378418
2017-07-07,,3.447103500366211,19.2219181060791
2017-07-10,,3.462526321411133,19.253068923950195
2017-07-11,,3.454814910888672,19.284223556518555
2017-07-12,,3.462526321411133,19.284223556518555
2017-07-13,,3.477949619293213,19.354747772216797
2017-07-14,,3.462526321411133,19.323402404785156
2017-07-17,,3.470238208770752,19.354747772216797
2017-07-18,,3.462526321411133,19.354747772216797
2017-07-19,,3.462526321411133,19.37041664123535
2017-07-20,,3.462526321411133,19.38609504699707
2017-07-21,,3.454814910888672,19.38609504699707
2017-07-24,,3.454814910888672,19.401763916015625
2017-07-25,,3.454814910888672,19.37041664123535
2017-07-26,,3.477949619293213,19.354747772216797
2017-07-27,,3.454814910888672,19.354747772216797
2017-07-28,,3.447103500366211,19.354747772216797
2017-07-31,,3.447103500366211,19.4331111907959
2017-08-01,,3.447103500366211,19.276390075683594
2017-08-02,,3.4316799640655518,19.37041664123535
2017-08-03,,3.4393908977508545,19.448776245117188
2017-08-04,,3.4393908977508545,19.401763916015625
2017-08-07,,3.477949619293213,19.4331111907959
2017-08-08,,3.470238208770752,19.448776245117188
2017-08-09,,3.454814910888672,19.448776245117188
2017-08-10,,3.462526321411133,19.417436599731445
2017-08-11,,3.4239678382873535,19.38609504699707
2017-08-14,,3.4393908977508545,19.354747772216797
2017-08-15,,3.4393908977508545,19.339078903198242
2017-08-16,,3.454814910888672,19.198028564453125
2017-08-17,,3.447103500366211,19.041311264038086
2017-08-18,,3.516507863998413,19.041311264038086
2017-08-21,,3.470238208770752,19.041311264038086
2017-08-22,,3.470238208770752,19.041311264038086
2017-08-23,,3.470238208770752,19.11966896057129
2017-08-24,,3.5794143676757812,19.11966896057129
2017-08-25,,3.5482211112976074,19.151016235351562
2017-08-28,,3.5326247215270996,19.135343551635742
2017-08-29,,3.5170280933380127,19.151016235351562
2017-08-30,,3.5404226779937744,19.2293758392334
2017-08-31,,3.5404226779937744,19.2293758392334
2017-09-01,,3.5404226779937744,19.2293758392334
2017-09-04,,3.5404226779937744,19.2293758392334
2017-09-05,,3.5326247215270996,19.245046615600586
2017-09-06,,3.5326247215270996,19.245046615600586
2017-09-07,,3.5560193061828613,19.29205894470215
2017-09-08,,3.5482211112976074,19.38609504699707
2017-09-11,,3.5326247215270996,19.38609504699707
2017-09-12,,3.5482211112976074,19.4331111907959
2017-09-13,,3.6184048652648926,19.448776245117188
2017-09-14,,3.5404226779937744,19.354747772216797
2017-09-15,,3.6340019702911377,19.276390075683594
2017-09-18,,3.6495988368988037,19.276390075683594
2017-09-19,,3.626204490661621,19.198028564453125
2017-09-20,,3.610607624053955,19.135343551635742
2017-09-21,,3.587212562561035,19.2293758392334
2017-09-22,,3.587212562561035,19.2293758392334
2017-09-25,,3.5482211112976074,19.29205894470215
2017-09-26,,3.5326247215270996,19.245046615600586
2017-09-27,,3.5170280933380127,19.182361602783203
2017-09-28,,3.5716159343719482,19.2293758392334
2017-09-29,,3.5404226779937744,19.245046615600586
2017-10-02,,3.5326247215270996,19.29205894470215
2017-10-03,,3.5404226779937744,19.4331111907959
2017-10-04,,3.5326247215270996,19.417436599731445
2017-10-05,,3.5326247215270996,19.417436599731445
2017-10-06,,3.5404226779937744,19.4331111907959
2017-10-09,,3.5326247215270996,19.417436599731445
2017-10-10,,3.524826765060425,19.417436599731445
2017-10-11,,3.5170280933380127,19.354747772216797
2017-10-12,,3.5170280933380127,19.401763916015625
2017-10-13,,3.5326247215270996,19.37041664123535
2017-10-16,,3.5326247215270996,19.38609504699707
2017-10-17,,3.5404226779937744,18.884592056274414
2017-10-18,,3.5404226779937744,18.884592056274414
2017-10-19,,3.5014312267303467,19.10399627685547
2017-10-20,,3.4780356884002686,19.166683197021484
2017-10-23,,3.454641819000244,19.11966896057129
2017-10-24,,3.5092296600341797,19.041311264038086
2017-10-25,,3.4780356884002686,19.198028564453125
2017-10-26,,3.493633270263672,19.21369743347168
2017-10-27,,3.5014312267303467,19.182361602783203
2017-10-30,,3.524826765060425,19.276390075683594
2017-10-31,,3.4780356884002686,19.276390075683594
2017-11-01,,3.493633270263672,19.276390075683594
2017-11-02,,3.5092296600341797,19.323402404785156
2017-11-03,,3.493633270263672,19.339078903198242
2017-11-06,,3.5794143676757812,19.401763916015625
2017-11-07,,3.5170280933380127,19.339078903198242
2017-11-08,,3.4780356884002686,19.339078903198242
2017-11-09,,3.485835075378418,19.417436599731445
2017-11-10,,3.5092296600341797,19.354747772216797
2017-11-13,,3.4468436241149902,19.245046615600586
2017-11-14,,3.4000542163848877,19.198028564453125
2017-11-15,,3.454641819000244,19.182361602783203
2017-11-16,,3.46243953704834,19.151016235351562
2017-11-17,,3.46243953704834,19.135343551635742
2017-11-20,,3.46243953704834,19.056983947753906
2017-11-21,,3.493633270263672,19.166683197021484
2017-11-22,,3.5482211112976074,19.198028564453125
2017-11-23,,3.524826765060425,19.00996971130371
2017-11-24,,3.470238447189331,19.198028564453125
2017-11-27,,3.470238447189331,19.151016235351562
2017-11-28,,3.4468436241149902,19.056983947753906
2017-11-29,,3.46243953704834,19.088327407836914
2017-11-30,3.922746181488037,3.4780356884002686,19.10399627685547
2017-12-01,3.922746181488037,3.4780356884002686,19.10399627685547
2017-12-04,3.7974693775177,3.4780356884002686,19.10399627685547
2017-12-05,3.719170331954956,3.5092296600341797,19.151016235351562
2017-12-06,3.8131299018859863,3.4780356884002686,19.135343551635742
2017-12-07,4.040194034576416,3.5092296600341797,19.151016235351562
2017-12-08,4.14198112487793,3.5014312267303467,19.166683197021484
2017-12-11,4.212450981140137,3.485835075378418,19.10399627685547
2017-12-12,4.212450981140137,3.485835075378418,19.11966896057129
2017-12-13,4.212450981140137,3.4780356884002686,19.151016235351562
2017-12-14,4.126322269439697,3.485835075378418,19.182361602783203
2017-12-15,4.110662937164307,3.4390451908111572,19.166683197021484
2017-12-18,4.1498122215271,3.4390451908111572,19.21369743347168
2017-12-19,4.1498122215271,3.3844566345214844,19.245046615600586
2017-12-20,4.243769645690918,3.4390451908111572,19.21369743347168
2017-12-21,4.243769645690918,3.4780356884002686,19.276390075683594
2017-12-22,4.25160026550293,3.5482211112976074,19.339078903198242
2017-12-25,4.25160026550293,3.5482211112976074,19.339078903198242
2017-12-26,4.259429454803467,3.5482211112976074,19.46445083618164
2017-12-27,4.282919406890869,3.5326247215270996,19.574153900146484
2017-12-28,4.2907490730285645,3.5092296600341797,19.323402404785156
2017-12-29,4.697900295257568,3.5404226779937744,19.589826583862305
2018-01-02,4.298578262329102,3.5404226779937744,19.37041664123535
2018-01-03,4.306408882141113,3.5326247215270996,19.4331111907959
2018-01-04,4.345557689666748,3.587212562561035,19.46445083618164
2018-01-05,4.392536163330078,3.587212562561035,19.49579429626465
2018-01-08,4.392536163330078,3.6184048652648926,19.68385887145996
2018-01-09,4.384706974029541,3.6418004035949707,19.73087501525879
2018-01-10,4.369046211242676,3.6340019702911377,19.699525833129883
2018-01-11,4.322068214416504,3.6418004035949707,19.68385887145996
2018-01-12,4.329899311065674,3.6184048652648926,19.73087501525879
2018-01-15,4.337728023529053,3.6184048652648926,19.77788543701172
2018-01-16,4.306408882141113,3.610607624053955,19.76221466064453
2018-01-17,4.306408882141113,3.6340019702911377,19.746543884277344
2018-01-18,4.337728023529053,3.6340019702911377,19.746543884277344
2018-01-19,4.306408882141113,3.6340019702911377,19.68385887145996
2018-01-22,4.306408882141113,3.6418004035949707,19.668184280395508
2018-01-23,4.31423807144165,3.6418004035949707,19.668184280395508
2018-01-24,4.337728023529053,3.6340019702911377,19.77788543701172
2018-01-25,4.31423807144165,3.6418004035949707,19.77788543701172
2018-01-26,4.306408882141113,3.665194511413574,19.77788543701172
2018-01-29,4.306408882141113,3.6340019702911377,19.793560028076172
2018-01-30,4.306408882141113,3.657397508621216,19.76221466064453
2018-02-02,4.345557689666748,3.665194511413574,19.793560028076172
2018-02-05,4.298578262329102,3.626204490661621,19.699525833129883
2018-02-06,4.275089263916016,3.595010995864868,19.589826583862305
2018-02-07,4.306408882141113,3.6495988368988037,19.746543884277344
2018-02-08,4.306408882141113,3.6495988368988037,19.77788543701172
2018-02-09,4.306408882141113,3.6495988368988037,19.76221466064453
2018-02-12,4.3612165451049805,3.6495988368988037,19.77788543701172
2018-02-13,4.369046211242676,3.665194511413574,19.809236526489258
2018-02-14,4.228110313415527,3.6729931831359863,19.76221466064453
2018-02-15,4.298578262329102,3.6729931831359863,19.793560028076172
2018-02-16,4.298578262329102,,
2018-02-19,4.337728023529053,3.6885902881622314,19.934608459472656
2018-02-20,4.345557689666748,3.7041869163513184,19.981626510620117
2018-02-21,4.329899311065674,3.7119853496551514,19.981626510620117
2018-02-22,4.306408882141113,3.72758150100708,20.0443115234375
2018-02-23,4.322068214416504,3.735379457473755,19.981626510620117
2018-02-26,4.306408882141113,3.735379457473755,19.981626510620117
2018-02-27,4.329899311065674,3.735379457473755,19.99729347229004
2018-02-28,4.188961029052734,3.657397508621216,19.621171951293945
2018-03-01,4.306408882141113,3.6807918548583984,19.824901580810547
2018-03-02,4.31423807144165,3.735379457473755,19.840576171875
2018-03-05,4.322068214416504,3.72758150100708,19.903261184692383
2018-03-06,4.31423807144165,3.7509772777557373,19.903261184692383
2018-03-07,4.259429454803467,3.735379457473755,19.856252670288086
2018-03-08,4.275089263916016,3.7665724754333496,19.871919631958008
2018-03-09,4.26725959777832,3.7743711471557617,19.903261184692383
2018-03-12,4.353386878967285,3.7821691036224365,19.903261184692383
2018-03-13,4.384706974029541,3.7977657318115234,19.918933868408203
2018-03-14,4.353386878967285,3.7899675369262695,19.746543884277344
2018-03-15,4.322068214416504,3.743178606033325,19.887588500976562
2018-03-16,4.2907490730285645,3.694775104522705,19.840576171875
2018-03-19,4.306408882141113,3.7189769744873047,19.871919631958008
2018-03-20,4.384706974029541,3.759312152862549,19.903261184692383
2018-03-21,4.376876354217529,3.7673797607421875,19.950275421142578
2018-03-22,4.384706974029541,3.8319172859191895,19.981626510620117
2018-03-23,4.416026592254639,3.8561184406280518,19.981626510620117
2018-03-26,4.369046211242676,3.8641855716705322,19.965953826904297
2018-03-27,4.376876354217529,3.872253656387329,20.028635025024414
2018-03-28,4.322068214416504,3.872253656387329,20.028635025024414
2018-03-29,4.306408882141113,3.8561184406280518,20.0443115234375
2018-03-30,4.322068214416504,3.8641855716705322,20.0443115234375
2018-04-02,4.329899311065674,3.8561184406280518,20.028635025024414
2018-04-03,4.337728023529053,3.8561184406280518,20.028635025024414
2018-04-04,4.31423807144165,3.7673797607421875,19.965953826904297
2018-04-05,4.306408882141113,3.7996480464935303,19.981626510620117
2018-04-06,4.306408882141113,3.7915804386138916,20.028635025024414
2018-04-09,4.322068214416504,3.7835142612457275,20.0443115234375
2018-04-10,4.541304111480713,3.82384991645813,20.0443115234375
2018-04-11,4.408196449279785,3.8319172859191895,19.965953826904297
2018-04-12,4.376876354217529,3.848051071166992,20.35774803161621
2018-04-13,4.376876354217529,3.8641855716705322,20.028635025024414
2018-04-16,4.416026592254639,3.8641855716705322,20.0443115234375
2018-04-17,4.384706974029541,3.848051071166992,20.01296615600586
2018-04-18,4.412283897399902,3.8641855716705322,19.981626510620117
2018-04-19,4.412283897399902,3.8641855716705322,20.01296615600586
2018-04-20,4.3492512702941895,3.8561184406280518,19.981626510620117
2018-04-23,4.388645648956299,3.8561184406280518,19.99729347229004
2018-04-24,4.365009784698486,3.8561184406280518,19.981626510620117
2018-04-25,4.333493232727051,3.8319172859191895,19.965953826904297
2018-04-26,4.380766868591309,3.848051071166992,19.981626510620117
2018-04-27,4.380766868591309,3.8641855716705322,19.99729347229004
2018-04-30,4.388645648956299,3.8641855716705322,19.965953826904297
2018-05-02,4.325613498687744,3.8641855716705322,19.918933868408203
2018-05-03,4.341371536254883,3.848051071166992,19.950275421142578
2018-05-04,4.325613498687744,3.82384991645813,19.981626510620117
2018-05-07,4.301976680755615,3.7835142612457275,19.871919631958008
2018-05-08,4.286218166351318,3.7673797607421875,19.887588500976562
2018-05-14,4.294097423553467,3.7673797607421875,19.887588500976562
2018-05-15,4.341371536254883,3.8319172859191895,19.981626510620117
2018-05-16,4.365009784698486,3.8319172859191895,19.903261184692383
2018-05-17,4.372888565063477,3.8319172859191895,19.135343551635742
2018-05-18,4.3492512702941895,3.8319172859191895,19.276390075683594
2018-05-21,4.380766868591309,3.8641855716705322,19.605499267578125
2018-05-22,4.365009784698486,3.839984655380249,19.621171951293945
2018-05-23,4.333493232727051,3.807715654373169,19.589826583862305
2018-05-24,4.341371536254883,3.8157830238342285,19.589826583862305
2018-05-25,4.333493232727051,3.8319172859191895,19.605499267578125
2018-05-28,4.325613498687744,3.7996480464935303,19.6368408203125
2018-05-30,4.325613498687744,3.7996480464935303,19.6368408203125
2018-05-31,4.262580394744873,3.7915804386138916,19.527135848999023
2018-06-01,4.215306758880615,3.727043867111206,19.48012351989746
2018-06-04,4.136516094207764,3.710909605026245,19.49579429626465
2018-06-05,4.317734718322754,3.7351109981536865,19.511470794677734
2018-06-06,4.23106575012207,3.7915804386138916,19.527135848999023
2018-06-07,4.23106575012207,3.759312152862549,19.527135848999023
2018-06-08,4.120757102966309,3.7351109981536865,19.527135848999023
2018-06-11,4.238944053649902,3.7673797607421875,19.511470794677734
2018-06-12,4.207428455352783,3.7512457370758057,19.527135848999023
2018-06-13,4.301976680755615,3.710909605026245,19.542808532714844
2018-06-14,4.341371536254883,3.7915804386138916,19.542808532714844
2018-06-18,4.317734718322754,3.7189769744873047,19.041311264038086
2018-06-19,4.294097423553467,3.759312152862549,19.041311264038086
2018-06-20,4.294097423553467,3.6867074966430664,18.445777893066406
2018-06-21,4.215306758880615,3.7189769744873047,18.63384246826172
2018-06-22,4.160152912139893,3.7028424739837646,18.524141311645508
2018-06-25,4.215306758880615,3.694775104522705,18.790557861328125
2018-06-26,4.168031692504883,3.694775104522705,18.837575912475586
2018-06-27,4.175911903381348,3.6141035556793213,18.884592056274414
2018-06-28,4.215306758880615,3.630237340927124,18.884592056274414
2018-06-29,4.199548721313477,3.662506103515625,18.931610107421875
2018-07-02,4.199548721313477,3.694775104522705,18.96295166015625
2018-07-03,4.207428455352783,3.630237340927124,18.884592056274414
2018-07-04,4.215306758880615,3.597968101501465,18.994293212890625
2018-07-05,4.215306758880615,3.606036424636841,18.994293212890625
2018-07-06,4.144395351409912,3.5334312915802,18.994293212890625
2018-07-09,4.175911903381348,3.597968101501465,18.900266647338867
2018-07-10,4.215306758880615,3.6705737113952637,18.947277069091797
2018-07-11,4.238944053649902,3.6141035556793213,18.994293212890625
2018-07-12,4.168031692504883,3.630237340927124,19.112564086914062
2018-07-13,4.168031692504883,3.662506103515625,19.144107818603516
2018-07-16,4.191669464111328,3.630237340927124,19.144107818603516
2018-07-17,4.120757102966309,3.549565553665161,19.144107818603516
2018-07-18,4.136516094207764,3.6141035556793213,19.207183837890625
2018-07-19,4.089242935180664,3.630237340927124,19.238719940185547
2018-07-20,4.081361293792725,3.6463725566864014,19.238719940185547
2018-07-23,4.065603733062744,3.678640604019165,19.222949981689453
2018-07-24,4.199548721313477,3.6867074966430664,19.254491806030273
2018-07-25,4.136516094207764,3.6867074966430664,19.254491806030273
2018-07-26,4.136516094207764,3.678640604019165,19.364879608154297
2018-07-27,4.120757102966309,3.678640604019165,19.380645751953125
2018-07-30,4.136516094207764,3.662506103515625,19.39641761779785
2018-07-31,4.136516094207764,3.727043867111206,19.522571563720703
2018-08-01,4.191669464111328,3.662506103515625,19.506805419921875
2018-08-02,4.081361293792725,3.6544392108917236,19.506805419921875
2018-08-03,4.144395351409912,3.694775104522705,19.459495544433594
2018-08-06,4.18379020690918,3.710909605026245,19.333335876464844
2018-08-07,4.207428455352783,3.7915804386138916,19.39641761779785
2018-08-08,4.18379020690918,3.7835142612457275,19.443721771240234
2018-08-09,4.207428455352783,3.7512457370758057,19.522571563720703
2018-08-10,4.23106575012207,3.743177652359009,19.475263595581055
2018-08-13,4.10499906539917,3.678640604019165,19.459495544433594
2018-08-14,4.136516094207764,3.6705737113952637,19.60141944885254
2018-08-15,4.081361293792725,3.7028424739837646,19.554113388061523
2018-08-16,4.065603733062744,3.6544392108917236,19.380645751953125
2018-08-17,4.128636360168457,3.6867074966430664,19.459495544433594
2018-08-20,4.073484420776367,3.6383047103881836,19.41218376159668
2018-08-21,4.128636360168457,3.6383047103881836,19.475263595581055
2018-08-23,4.199548721313477,3.7028424739837646,19.475263595581055
2018-08-24,4.207428455352783,3.694775104522705,19.459495544433594
2018-08-27,4.097121238708496,3.678640604019165,19.491029739379883
2018-08-28,4.175911903381348,3.6705737113952637,19.53834342956543
2018-08-29,4.207428455352783,3.6221702098846436,19.554113388061523
2018-08-30,4.223186016082764,3.6463725566864014,19.443721771240234
2018-09-03,4.144395351409912,3.630237340927124,19.60141944885254
2018-09-04,4.144395351409912,3.6750552654266357,19.554113388061523
2018-09-05,4.128636360168457,3.650608777999878,19.554113388061523
2018-09-06,4.168031692504883,3.650608777999878,19.66449546813965
2018-09-07,4.175911903381348,3.609866142272949,19.63296127319336
2018-09-12,4.10499906539917,3.6261630058288574,19.506805419921875
2018-09-13,4.120757102966309,3.642460346221924,19.522571563720703
2018-09-14,4.18379020690918,3.6995015144348145,19.617189407348633
2018-09-18,4.144171714782715,3.6995015144348145,19.648725509643555
2018-09-19,4.1996378898620605,3.723947286605835,19.66449546813965
2018-09-20,4.2154860496521,3.7402443885803223,19.71180534362793
2018-09-21,4.247182369232178,3.650608777999878,19.7906494140625
2018-09-24,4.20756196975708,3.6669068336486816,19.71180534362793
2018-09-25,4.1996378898620605,3.6995015144348145,19.63296127319336
2018-09-26,4.2234110832214355,3.6995015144348145,19.696035385131836
2018-09-27,4.231333255767822,3.7157983779907227,19.71180534362793
2018-09-28,4.1996378898620605,3.6995015144348145,19.680267333984375
2018-10-01,4.152094841003418,3.7157983779907227,19.71180534362793
2018-10-02,4.183790683746338,3.7157983779907227,19.71180534362793
2018-10-03,4.167943477630615,3.691352605819702,19.727575302124023
2018-10-04,4.1600189208984375,3.691352605819702,19.727575302124023
2018-10-05,4.1600189208984375,3.658757448196411,19.71180534362793
2018-10-08,4.1600189208984375,3.723947286605835,19.71180534362793
2018-10-09,4.175867557525635,3.7076497077941895,19.648725509643555
2018-10-10,4.152094841003418,3.6832034587860107,19.66449546813965
2018-10-11,4.152094841003418,3.6750552654266357,19.459495544433594
2018-10-12,4.128324031829834,3.6669068336486816,19.617189407348633
2018-10-15,4.104552268981934,3.658757448196411,19.617189407348633
2018-10-16,4.120398998260498,3.691352605819702,19.648725509643555
2018-10-17,4.144171714782715,3.732095956802368,19.680267333984375
2018-10-18,4.064932823181152,3.732095956802368,19.696035385131836
2018-10-19,4.183790683746338,3.691352605819702,19.71180534362793
2018-10-22,4.144171714782715,3.7076497077941895,19.71180534362793
2018-10-23,4.120398998260498,3.691352605819702,19.680267333984375
2018-10-24,4.1600189208984375,3.691352605819702,19.680267333984375
2018-10-25,4.096628665924072,3.6750552654266357,19.680267333984375
2018-10-26,4.104552268981934,3.658757448196411,19.63296127319336
2018-10-29,4.104552268981934,3.609866142272949,19.60141944885254
2018-10-30,4.057009696960449,3.6669068336486816,19.66449546813965
2018-10-31,4.167943477630615,3.6669068336486816,19.648725509643555
2018-11-01,4.183790683746338,3.650608777999878,19.648725509643555
2018-11-02,4.191715240478516,3.6995015144348145,19.585647583007812
2018-11-05,4.183790683746338,3.723947286605835,19.63296127319336
2018-11-07,4.120398998260498,3.7402443885803223,19.617189407348633
2018-11-08,4.120398998260498,3.7402443885803223,19.63296127319336
2018-11-09,4.1600189208984375,3.7157983779907227,19.617189407348633
2018-11-12,4.088703632354736,3.658757448196411,19.617189407348633
2018-11-13,4.120398998260498,3.544675827026367,19.63296127319336
2018-11-14,4.1600189208984375,3.569122552871704,19.648725509643555
2018-11-15,4.167943477630615,3.544675827026367,19.60141944885254
2018-11-16,4.167943477630615,3.577270984649658,19.60141944885254
2018-11-19,4.191715240478516,3.528378963470459,19.63296127319336
2018-11-21,4.144171714782715,3.455040454864502,19.617189407348633
2018-11-22,4.104552268981934,3.4794867038726807,19.617189407348633
2018-11-23,4.104552268981934,3.5120813846588135,19.63296127319336
2018-11-26,4.00946569442749,3.4468915462493896,19.459495544433594
2018-11-27,3.9777700901031494,3.422445774078369,19.270261764526367
2018-11-28,3.882683753967285,3.455040454864502,19.270261764526367
2018-11-29,3.938150644302368,3.5854198932647705,19.506805419921875
2018-11-30,3.724207878112793,3.4631896018981934,19.317567825317383
2018-12-03,3.914379596710205,3.5039329528808594,19.317567825317383
2018-12-04,3.8272171020507812,3.577270984649658,19.270261764526367
2018-12-05,3.8920862674713135,3.569122552871704,19.238719940185547
2018-12-06,3.7866756916046143,3.536526918411255,19.222949981689453
2018-12-07,3.8028924465179443,3.544675827026367,19.033716201782227
2018-12-10,3.6326138973236084,3.4794867038726807,18.844486236572266
2018-12-11,3.6001789569854736,3.4631896018981934,18.891794204711914
2018-12-12,3.6001789569854736,3.4957847595214844,18.891794204711914
2018-12-13,3.6163957118988037,3.528378963470459,18.98641014099121
2018-12-14,3.5920705795288086,3.487635374069214,18.92333221435547
2018-12-17,3.4866597652435303,3.406148910522461,18.87602424621582
2018-12-18,3.3163816928863525,3.4713385105133057,18.86025619506836
2018-12-19,3.5839626789093018,3.487635374069214,18.92333221435547
2018-12-20,3.535311460494995,3.414297580718994,18.93910026550293
2018-12-21,3.8839778900146484,3.5039329528808594,19.08102798461914
2018-12-24,3.7542405128479004,3.577270984649658,19.06525421142578
2018-12-26,3.7380244731903076,3.577270984649658,19.08102798461914
2018-12-27,3.875868082046509,3.5854198932647705,19.033716201782227
2018-12-28,3.875868082046509,3.642460346221924,19.42795753479004
2018-12-31,3.859652280807495,3.6261630058288574,19.491029739379883
2019-01-02,3.6893742084503174,3.5854198932647705,18.98641014099121
2019-01-03,3.819108486175537,3.634312152862549,18.98641014099121
2019-01-04,3.8920862674713135,3.544675827026367,19.08102798461914
2019-01-07,4.054256916046143,3.544675827026367,18.970640182495117
2019-01-08,3.9893875122070312,3.5935683250427246,19.002180099487305
2019-01-09,4.078581809997559,3.5935683250427246,18.607946395874023
2019-01-10,4.094798564910889,3.658757448196411,18.891794204711914
2019-01-11,4.135341167449951,3.6832034587860107,19.002180099487305
2019-01-14,4.135341167449951,3.7076497077941895,19.06525421142578
2019-01-15,4.119123935699463,3.7483932971954346,19.159873962402344
2019-01-16,4.127233505249023,3.764690399169922,19.08102798461914
2019-01-17,4.135341167449951,3.805434226989746,19.159873962402344
2019-01-18,4.143450736999512,3.780987501144409,19.159873962402344
2019-01-22,4.192100524902344,3.789137125015259,19.39641761779785
2019-01-23,4.175883769989014,3.789137125015259,19.39641761779785
2019-01-24,4.175883769989014,3.797285795211792,19.41218376159668
2019-01-25,4.200209617614746,3.805434226989746,19.475263595581055
2019-01-28,4.200209617614746,3.789137125015259,19.491029739379883
2019-01-29,4.143450736999512,3.772839069366455,19.317567825317383
2019-01-30,4.151558876037598,3.756542921066284,19.222949981689453
2019-01-31,4.192100524902344,3.789137125015259,19.459495544433594
2019-02-04,4.167775630950928,3.789137125015259,19.270261764526367
2019-02-07,4.175883769989014,3.789137125015259,19.475263595581055
2019-02-08,4.183991432189941,3.723947286605835,19.333335876464844
2019-02-11,4.143450736999512,3.691352605819702,19.238719940185547
2019-02-12,4.159666061401367,3.764690399169922,19.475263595581055
2019-02-13,4.167775630950928,3.6995015144348145,19.491029739379883
2019-02-14,4.151558876037598,3.6995015144348145,19.475263595581055
2019-02-15,4.183991432189941,3.7483932971954346,19.554113388061523
2019-02-18,4.183991432189941,3.723947286605835,19.506805419921875
2019-02-19,4.183991432189941,3.813582181930542,19.71180534362793
2019-02-20,4.281293869018555,3.8543262481689453,19.94834327697754
2019-02-21,4.273186683654785,3.732095956802368,19.948345184326172
2019-02-22,4.2488603591918945,3.723947286605835,19.948345184326172
2019-02-25,4.265078067779541,3.7483932971954346,20.107933044433594
2019-02-26,4.2488603591918945,3.7157983779907227,19.93238639831543
2019-02-27,4.127233505249023,3.658757448196411,19.788761138916016
2019-02-28,4.135341167449951,3.658757448196411,19.74088478088379
2019-03-01,4.143450736999512,3.6832034587860107,19.7568416595459
2019-03-04,4.143450736999512,3.6832034587860107,19.7568416595459
2019-03-05,4.127233505249023,3.6832034587860107,19.72492218017578
2019-03-06,4.159666061401367,3.691352605819702,19.788761138916016
2019-03-07,4.167775630950928,3.691352605819702,19.804716110229492
2019-03-08,4.135341167449951,3.7036705017089844,19.772804260253906
2019-03-11,4.135341167449951,3.7036705017089844,19.772804260253906
2019-03-12,4.119123935699463,3.7036705017089844,19.788761138916016
2019-03-13,4.127233505249023,3.687246084213257,19.868553161621094
2019-03-14,4.111016273498535,3.662609815597534,19.83663558959961
2019-03-15,4.094798564910889,3.728307008743286,19.948345184326172
2019-03-18,4.135341167449951,3.7693676948547363,19.964303970336914
2019-03-19,4.127233505249023,3.7365190982818604,19.884510040283203
2019-03-20,4.175883769989014,3.7365190982818604,19.93238639831543
2019-03-21,4.102906227111816,3.687246084213257,19.533422470092773
2019-03-22,4.111016273498535,3.687246084213257,19.421707153320312
2019-03-25,4.102906227111816,3.687246084213257,19.43766975402832
2019-03-26,4.119123935699463,3.687246084213257,19.613210678100586
2019-03-27,4.127233505249023,3.7118825912475586,19.708965301513672
2019-03-28,4.070472717285156,3.662609815597534,19.677047729492188
2019-03-29,4.070472717285156,3.662609815597534,19.788761138916016
2019-04-01,4.119123935699463,3.6708221435546875,19.62917137145996
2019-04-02,4.070472717285156,3.6708221435546875,19.693008422851562
2019-04-03,4.094798564910889,3.720095157623291,19.7568416595459
2019-04-04,4.094798564910889,3.6954586505889893,19.788761138916016
2019-04-05,4.175883769989014,3.679034471511841,19.7568416595459
2019-04-08,4.192100524902344,3.720095157623291,19.884510040283203
2019-04-09,4.175883769989014,3.7118825912475586,19.93238639831543
2019-04-10,4.167775630950928,3.7118825912475586,19.868553161621094
2019-04-11,4.094798564910889,3.679034471511841,19.868553161621094
2019-04-12,4.135341167449951,3.7118825912475586,19.868553161621094
2019-04-15,4.135341167449951,3.720095157623291,19.948345184326172
2019-04-16,4.159666061401367,3.679034471511841,19.884510040283203
2019-04-17,4.143450736999512,3.6954586505889893,19.708965301513672
2019-04-18,4.135341167449951,3.662609815597534,19.804716110229492
2019-04-19,4.135341167449951,3.6708221435546875,19.788761138916016
2019-04-22,4.102906227111816,3.654397964477539,19.693008422851562
2019-04-23,4.086688995361328,3.6297614574432373,19.62917137145996
2019-04-24,4.127233505249023,3.687246084213257,19.677047729492188
2019-04-25,4.127233505249023,3.7036705017089844,19.708965301513672
2019-04-26,4.151558876037598,3.6954586505889893,19.788761138916016
2019-04-29,4.175883769989014,3.679034471511841,19.772804260253906
2019-04-30,4.183991432189941,3.7036705017089844,19.74088478088379
2019-05-02,4.119123935699463,3.662609815597534,19.708965301513672
2019-05-03,4.119123935699463,3.662609815597534,19.708965301513672
2019-05-06,4.167775630950928,3.654397964477539,19.708965301513672
2019-05-07,4.135341167449951,3.6297614574432373,19.693008422851562
2019-05-08,4.111016273498535,3.621549129486084,19.708965301513672
2019-05-09,4.059760570526123,3.5722761154174805,19.66109275817871
2019-05-10,4.027216911315918,3.481942892074585,19.549379348754883
2019-05-13,3.9946746826171875,3.4983675479888916,19.501506805419922
2019-05-14,3.8075501918792725,3.481942892074585,19.453624725341797
2019-05-15,3.8156864643096924,3.5065793991088867,19.46958351135254
2019-05-16,3.7750070095062256,3.44909405708313,19.246164321899414
2019-05-17,3.8075501918792725,3.4573066234588623,19.278079986572266
2019-05-21,3.8075501918792725,3.4655187129974365,19.278079986572266
2019-05-23,3.791278600692749,3.440882682800293,19.278079986572266
2019-05-24,3.685513973236084,3.4983675479888916,19.294036865234375
2019-05-27,3.8319578170776367,3.4655187129974365,19.325958251953125
2019-05-28,3.8319578170776367,3.4573066234588623,19.325958251953125
2019-05-29,3.758735418319702,3.4655187129974365,19.309999465942383
2019-05-30,3.7099204063415527,3.4655187129974365,19.405750274658203
2019-05-31,3.791278600692749,3.5394279956817627,19.788761138916016
2019-06-03,3.791278600692749,3.588700532913208,19.62917137145996
2019-06-04,3.7261929512023926,3.4901556968688965,19.613210678100586
2019-06-05,3.7261929512023926,3.4901556968688965,19.613210678100586
2019-06-06,3.7261929512023926,3.4901556968688965,19.613210678100586
2019-06-07,3.7261929512023926,3.547640562057495,19.62917137145996
2019-06-10,3.7261929512023926,3.5312159061431885,19.677047729492188
2019-06-11,3.7180569171905518,3.5394279956817627,19.66109275817871
2019-06-12,3.7017855644226074,3.5312159061431885,19.62917137145996
2019-06-13,3.7750070095062256,3.481942892074585,19.597257614135742
2019-06-14,3.799414873123169,3.4244582653045654,19.62917137145996
2019-06-17,3.7750070095062256,3.4326705932617188,19.597257614135742
2019-06-18,3.9214518070220947,3.4737305641174316,19.62917137145996
2019-06-19,4.067896366119385,3.588700532913208,19.62917137145996
2019-06-20,3.888908624649048,3.5558524131774902,19.613210678100586
2019-06-21,4.035353183746338,3.4901556968688965,19.581298828125
2019-06-24,3.9621307849884033,3.44909405708313,19.597257614135742
2019-06-25,3.9784021377563477,3.4983675479888916,19.613210678100586
2019-06-26,3.9377236366271973,3.5230045318603516,19.613210678100586
2019-06-27,3.9539949893951416,3.5230045318603516,19.581298828125
2019-06-28,4.002810478210449,3.4901556968688965,19.597257614135742
2019-07-01,3.986537456512451,3.481942892074585,19.613210678100586
2019-07-02,3.9377236366271973,3.481942892074585,19.549379348754883
2019-07-03,3.9621307849884033,3.4901556968688965,19.5174617767334
2019-07-04,3.929586887359619,3.4901556968688965,19.549379348754883
2019-07-05,3.9621307849884033,3.5230045318603516,19.597257614135742
2019-07-08,3.94585919380188,3.481942892074585,19.597257614135742
2019-07-09,3.986537456512451,3.4901556968688965,19.62917137145996
2019-07-10,3.9702651500701904,3.5065793991088867,19.597257614135742
2019-07-11,3.9539949893951416,3.5065793991088867,19.421707153320312
2019-07-12,3.929586887359619,3.4901556968688965,19.4779109954834
2019-07-15,3.94585919380188,3.4655187129974365,19.429738998413086
2019-07-16,3.929586887359619,3.4655187129974365,19.30127716064453
2019-07-17,3.913315534591675,3.481942892074585,19.269161224365234
2019-07-18,3.823822021484375,3.481942892074585,19.269161224365234
2019-07-19,3.799414873123169,3.4737305641174316,19.188875198364258
2019-07-22,3.791278600692749,3.481942892074585,19.028297424316406
2019-07-23,3.888908624649048,3.4573066234588623,19.01224136352539
2019-07-24,3.888908624649048,3.44909405708313,18.980125427246094
2019-07-25,3.9214518070220947,3.4901556968688965,19.12464141845703
2019-07-26,3.8400933742523193,3.4326705932617188,18.9158935546875
2019-07-29,3.8726375102996826,3.44909405708313,18.964067459106445
2019-07-31,3.750600814819336,3.440882682800293,18.964067459106445
2019-08-01,3.766871690750122,3.44909405708313,18.867717742919922
2019-08-02,3.7099204063415527,3.4244582653045654,19.07647132873535
2019-08-05,3.620427131652832,3.4244582653045654,18.803489685058594
2019-08-06,3.596020221710205,3.4244582653045654,18.739259719848633
2019-08-07,3.6529700756073,3.440882682800293,18.948013305664062
2019-08-08,3.823822021484375,3.51479172706604,19.01224136352539
2019-08-09,3.799414873123169,3.4655187129974365,18.948013305664062
2019-08-13,3.742464303970337,3.44909405708313,18.9158935546875
2019-08-14,3.799414873123169,3.44909405708313,18.964067459106445
2019-08-15,3.913315534591675,3.4737305641174316,19.188875198364258
2019-08-16,3.823822021484375,3.4737305641174316,19.285221099853516
2019-08-19,3.8319578170776367,3.4655187129974365,19.092525482177734
2019-08-20,3.8400933742523193,3.51479172706604,19.12464141845703
2019-08-21,3.8319578170776367,3.4901556968688965,18.964067459106445
2019-08-22,3.8400933742523193,3.547640562057495,18.964067459106445
2019-08-23,3.9214518070220947,3.5969130992889404,19.108583450317383
2019-08-26,3.913315534591675,3.5558524131774902,18.996179580688477
2019-08-27,3.913315534591675,3.4901556968688965,18.88377571105957
2019-08-28,3.9539949893951416,3.4655187129974365,18.85166358947754
2019-08-29,3.9702651500701904,3.58048939704895,18.948013305664062
2019-08-30,4.051623821258545,3.621549129486084,19.253103256225586
2019-09-03,3.888908624649048,3.5722761154174805,18.948013305664062
2019-09-04,3.94585919380188,3.613337278366089,19.140703201293945
2019-09-05,3.9214518070220947,3.621549129486084,18.996179580688477
2019-09-06,3.9621307849884033,3.613337278366089,18.93195152282715
2019-09-10,3.9784021377563477,3.621549129486084,18.996179580688477
2019-09-11,4.0109453201293945,3.613337278366089,19.092525482177734
2019-09-12,3.94585919380188,3.5969130992889404,18.980125427246094
2019-09-13,3.9539949893951416,3.621549129486084,19.060413360595703
2019-09-17,3.9702651500701904,3.6297614574432373,18.93195152282715
2019-09-18,3.986537456512451,3.6297614574432373,18.755319595336914
2019-09-19,3.9377236366271973,3.613337278366089,18.787429809570312
2019-09-20,3.9784021377563477,3.613337278366089,18.514453887939453
2019-09-23,3.8645007610321045,3.5969130992889404,18.54656982421875
2019-09-24,3.986537456512451,3.5722761154174805,18.562625885009766
2019-09-25,3.94585919380188,3.613337278366089,18.45022201538086
2019-09-26,3.9702651500701904,3.6297614574432373,18.594743728637695
2019-09-27,3.9051806926727295,3.6051249504089355,18.45022201538086
2019-09-30,3.848228931427002,3.637974262237549,18.5305118560791
2019-10-01,3.929586887359619,3.637974262237549,18.610797882080078
2019-10-02,3.8645007610321045,3.5230045318603516,18.402050018310547
2019-10-03,3.823822021484375,3.51479172706604,18.289648056030273
2019-10-04,3.848228931427002,3.5312159061431885,17.053207397460938
2019-10-07,3.823822021484375,3.5065793991088867,17.005037307739258
2019-10-08,3.823822021484375,3.5065793991088867,17.133493423461914
2019-10-09,3.7831435203552246,3.4737305641174316,17.101381301879883
2019-10-10,3.742464303970337,3.4655187129974365,17.213783264160156
2019-10-11,3.758735418319702,3.4573066234588623,17.18166732788086
2019-10-14,3.9051806926727295,3.44909405708313,17.197731018066406
2019-10-15,3.94585919380188,3.4655187129974365,17.2619571685791
2019-10-16,3.9051806926727295,3.5558524131774902,17.406476974487305
2019-10-17,3.9621307849884033,3.613337278366089,17.358304977416992
2019-10-18,3.913315534591675,3.4901556968688965,17.2619571685791
2019-10-21,3.9214518070220947,3.4901556968688965,17.358304977416992
2019-10-22,3.8645007610321045,3.5230045318603516,17.454647064208984
2019-10-23,3.9051806926727295,3.51479172706604,17.422534942626953
2019-10-24,3.8400933742523193,3.4901556968688965,17.342248916625977
2019-10-25,3.9051806926727295,3.51479172706604,17.342248916625977
2019-10-29,3.9946746826171875,3.5558524131774902,17.326189041137695
2019-10-30,3.9214518070220947,3.5722761154174805,17.278018951416016
2019-10-31,3.9946746826171875,3.588700532913208,17.390417098999023
2019-11-01,3.9946746826171875,3.5969130992889404,17.422534942626953
2019-11-04,4.067896366119385,3.6297614574432373,17.6473388671875
2019-11-05,4.0923027992248535,3.662609815597534,17.888206481933594
2019-11-06,4.059760570526123,3.637974262237549,17.920316696166992
2019-11-07,4.0434889793396,3.6051249504089355,18.402050018310547
2019-11-08,4.059760570526123,3.6009762287139893,18.080896377563477
2019-11-11,4.051623821258545,3.650759696960449,17.823974609375
2019-11-12,4.189932823181152,3.6922454833984375,17.952434539794922
2019-11-13,4.165526390075684,3.650759696960449,17.823974609375
2019-11-14,4.1492533683776855,3.650759696960449,18.080896377563477
2019-11-15,4.157390117645264,3.650759696960449,17.984554290771484
2019-11-18,4.173661708831787,3.667353630065918,18.096954345703125
2019-11-19,4.181796073913574,3.675652027130127,18.064838409423828
2019-11-20,4.181796073913574,3.6922454833984375,18.948013305664062
2019-11-21,4.157390117645264,3.725433826446533,19.028297424316406
2019-11-22,4.181796073913574,3.725433826446533,19.108583450317383
2019-11-25,4.1492533683776855,3.6922454833984375,19.092525482177734
2019-11-26,4.084167957305908,3.6922454833984375,19.028297424316406
2019-11-27,4.1492533683776855,3.675652027130127,18.867717742919922
2019-11-28,4.108574867248535,3.683947801589966,18.707143783569336
2019-11-29,4.051623821258545,3.6092731952667236,18.739259719848633
2019-12-02,4.165526390075684,3.6424622535705566,19.060413360595703
2019-12-03,4.165526390075684,3.6424622535705566,18.867717742919922
2019-12-04,4.124846935272217,3.650759696960449,18.89983558654785
2019-12-05,4.189932823181152,3.675652027130127,19.060413360595703
2019-12-06,4.295698165893555,3.717137336730957,19.39762306213379
2019-12-09,4.311970233917236,3.7586233615875244,19.92752456665039
2019-12-10,4.295698165893555,3.7835142612457275,19.670604705810547
2019-12-11,4.311970233917236,3.7586233615875244,19.750890731811523
2019-12-12,4.311970233917236,3.8001089096069336,19.831178665161133
2019-12-13,4.336377143859863,3.8001089096069336,19.831178665161133
2019-12-16,4.336377143859863,3.7752175331115723,19.670604705810547
2019-12-17,4.352648735046387,3.8332974910736084,19.750890731811523
2019-12-18,4.368921279907227,3.849891185760498,19.831178665161133
2019-12-19,4.352648735046387,3.8167030811309814,19.89541244506836
2019-12-20,4.352648735046387,3.999241590499878,19.750890731811523
2019-12-23,4.385191917419434,3.8167030811309814,19.911470413208008
2019-12-24,4.368921279907227,3.7835142612457275,19.911470413208008
2019-12-26,4.385191917419434,3.849891185760498,19.911470413208008
2019-12-27,4.442142486572266,3.916269063949585,19.911470413208008
2019-12-30,4.523500442504883,3.899675130844116,20.152332305908203
2019-12-31,4.434007167816162,3.825000762939453,19.911470413208008
2020-01-02,4.4746856689453125,3.858189344406128,20.152332305908203
2020-01-03,4.4746856689453125,3.9328629970550537,20.072044372558594
2020-01-06,4.37705659866333,3.916269063949585,20.055986404418945
2020-01-07,4.458413124084473,3.916269063949585,20.02387237548828
2020-01-08,4.4177350997924805,3.874784231185913,19.670604705810547
2020-01-09,4.434007167816162,3.899675130844116,19.815122604370117
2020-01-10,4.434007167816162,3.899675130844116,19.799062728881836
2020-01-13,4.4095988273620605,3.8664863109588623,19.863296508789062
2020-01-14,4.311970233917236,3.899675130844116,19.815122604370117
2020-01-15,4.311970233917236,3.883080005645752,19.73482894897461
2020-01-16,4.311970233917236,3.825000762939453,19.670604705810547
2020-01-17,4.32010555267334,3.8415944576263428,19.590314865112305
2020-01-20,4.295698165893555,3.8167030811309814,19.4779109954834
2020-01-21,4.311970233917236,3.874784231185913,19.590314865112305
2020-01-22,4.32010555267334,3.8167030811309814,19.510028839111328
2020-01-23,4.303834438323975,3.808406114578247,19.188875198364258
2020-01-24,4.295698165893555,3.8001089096069336,19.115541458129883
2020-01-28,4.059760570526123,3.725433826446533,18.9362850189209
2020-01-29,4.059760570526123,3.7503252029418945,18.838504791259766
2020-01-30,4.067896366119385,3.7420287132263184,18.659242630004883
2020-01-31,4.124846935272217,3.7669198513031006,18.577760696411133
2020-02-03,4.059760570526123,3.725433826446533,18.398502349853516
2020-02-04,4.132981300354004,3.725433826446533,18.642946243286133
2020-02-05,4.1492533683776855,3.6922454833984375,19.099246978759766
2020-02-06,4.222476482391357,3.725433826446533,19.24591064453125
2020-02-07,4.246882438659668,3.733731746673584,19.229616165161133
2020-02-10,4.206204891204834,3.7420287132263184,19.21331787109375
2020-02-11,4.238748073577881,3.7669198513031006,19.31109619140625
2020-02-12,4.238748073577881,3.7752175331115723,19.31109619140625
2020-02-13,4.246882438659668,3.7669198513031006,19.066648483276367
2020-02-14,4.303834438323975,3.7752175331115723,19.180723190307617
2020-02-17,4.238748073577881,3.733731746673584,19.343687057495117
2020-02-18,4.222476482391357,3.733731746673584,18.854801177978516
2020-02-19,4.124846935272217,3.7503252029418945,18.75701904296875
2020-02-20,4.157390117645264,3.700542449951172,18.6103572845459
2020-02-21,4.108574867248535,3.6922454833984375,18.903688430786133
2020-02-24,3.986537456512451,3.5677876472473145,18.08887481689453
2020-02-25,4.035353183746338,3.526301860809326,18.1214656829834
2020-02-26,4.084167957305908,3.5511937141418457,18.1214656829834
2020-02-27,4.067896366119385,3.526301860809326,18.202945709228516
2020-02-28,4.035353183746338,3.4599249362945557,17.79553985595703
2020-03-02,3.848228931427002,3.4765188694000244,17.69776153564453
2020-03-03,3.9051806926727295,3.5267810821533203,17.86072540283203
2020-03-04,3.929586887359619,3.53515887260437,17.730358123779297
2020-03-05,3.9377236366271973,3.5184037685394287,17.69776153564453
2020-03-06,3.9621307849884033,3.484895706176758,17.762950897216797
2020-03-09,3.5797479152679443,3.300598621368408,17.062210083007812
2020-03-10,3.620427131652832,3.2922215461730957,16.540725708007812
2020-03-11,3.750600814819336,3.3508613109588623,16.882949829101562
2020-03-12,3.628563165664673,3.283844232559204,16.296281814575195
2020-03-13,3.2624526023864746,3.283844232559204,16.296281814575195
2020-03-16,3.417032241821289,3.107923984527588,15.23702335357666
2020-03-17,3.3844895362854004,3.0576610565185547,14.585171699523926
2020-03-18,3.311267375946045,2.9738895893096924,14.699248313903809
2020-03-19,3.4577107429504395,2.9738895893096924,14.666656494140625
2020-03-20,3.94585919380188,3.0827925205230713,15.188138008117676
2020-03-23,3.742464303970337,3.066037893295288,14.78072738647461
2020-03-24,3.7831435203552246,3.066037893295288,15.23702335357666
2020-03-25,3.823822021484375,3.141432285308838,16.83405876159668
2020-03-26,3.823822021484375,3.1833183765411377,16.703691482543945
2020-03-27,3.823822021484375,3.267089605331421,16.768877029418945
2020-03-30,3.7831435203552246,3.2419583797454834,16.37776756286621
2020-03-31,4.01908016204834,3.3508613109588623,16.91554069519043
2020-04-01,3.856365203857422,3.2587132453918457,16.703691482543945
2020-04-02,3.8645007610321045,3.250335693359375,16.785171508789062
2020-04-03,3.880772829055786,3.250335693359375,16.866655349731445
2020-04-06,3.7831435203552246,3.2419583797454834,16.83405876159668
2020-04-07,4.108574867248535,3.2922215461730957,17.32295036315918
2020-04-08,3.8726375102996826,3.250335693359375,16.866655349731445
2020-04-09,4.027216911315918,3.267089605331421,17.11109733581543
2020-04-10,4.0434889793396,3.233581304550171,16.866655349731445
2020-04-13,3.9539949893951416,3.233581304550171,16.91554069519043
2020-04-14,3.9946746826171875,3.2252037525177,16.94813346862793
2020-04-15,4.002810478210449,3.2754671573638916,17.11109733581543
2020-04-16,3.9946746826171875,3.267089605331421,17.029619216918945
2020-04-17,3.9539949893951416,3.3508613109588623,17.225168228149414
2020-04-20,3.9702651500701904,3.3424839973449707,17.20887565612793
2020-04-21,3.880772829055786,3.233581304550171,16.622207641601562
2020-04-22,3.8645007610321045,3.1665642261505127,16.622207641601562
2020-04-23,3.880772829055786,3.208449602127075,16.622207641601562
2020-04-24,3.8319578170776367,3.208449602127075,16.540725708007812
2020-04-27,3.9051806926727295,3.1833183765411377,16.622207641601562
2020-04-28,3.880772829055786,3.233581304550171,16.540725708007812
2020-04-29,3.929586887359619,3.3341071605682373,16.817764282226562
2020-04-30,4.027216911315918,3.4011242389678955,17.11109733581543
2020-05-04,3.8726375102996826,3.267089605331421,16.94813346862793
2020-05-05,3.888908624649048,3.308976173400879,16.94813346862793
2020-05-06,3.8970441818237305,3.283844232559204,16.801469802856445
2020-05-08,3.8888916969299316,3.250335693359375,16.785171508789062
2020-05-12,3.864433526992798,3.2252037525177,16.785171508789062
2020-05-13,3.8562800884246826,3.3424839973449707,16.817764282226562
2020-05-14,3.8725857734680176,3.308976173400879,16.149616241455078
2020-05-15,3.7584471702575684,3.3424839973449707,16.426652908325195
2020-05-18,3.8318216800689697,3.476518392562866,16.703691482543945
2020-05-19,3.9296555519104004,3.5435357093811035,17.29035758972168
2020-05-20,4.0111846923828125,3.5854218006134033,17.339248657226562
2020-05-21,4.060100078582764,3.7697196006774902,17.811838150024414
2020-05-22,4.0111846923828125,3.6859476566314697,17.665172576904297
2020-05-27,4.076406002044678,3.7697196006774902,17.79553985595703
2020-05-28,4.084558963775635,3.7697196006774902,17.925912857055664
2020-05-29,4.043795108795166,3.8116049766540527,17.9585018157959
2020-06-02,4.043795108795166,3.8116049766540527,17.9585018157959
2020-06-03,4.003031253814697,3.6859476566314697,18.13776206970215
2020-06-04,4.060100078582764,3.6859476566314697,18.251840591430664
2020-06-05,4.043795108795166,3.6859476566314697,17.9585018157959
2020-06-09,4.035641670227051,3.677570104598999,18.317020416259766
2020-06-10,4.051947116851807,3.6691935062408447,18.398502349853516
2020-06-11,4.043795108795166,3.6859476566314697,18.4473934173584
2020-06-12,4.043795108795166,3.6859476566314697,18.317020416259766
2020-06-15,4.019336700439453,3.610553503036499,18.268131256103516
2020-06-16,4.051947116851807,3.627307415008545,18.251840591430664
2020-06-17,4.076406002044678,3.677570104598999,18.251840591430664
2020-06-18,4.035641670227051,3.6524393558502197,18.08887481689453
2020-06-19,4.117170333862305,3.6859476566314697,18.10516929626465
2020-06-22,4.060100078582764,3.627307415008545,18.07257843017578
2020-06-23,4.019336700439453,3.635684013366699,18.023691177368164
2020-06-24,4.035641670227051,3.6859476566314697,18.202945709228516
2020-06-25,3.9948782920837402,3.627307415008545,17.991098403930664
2020-06-26,3.97041916847229,3.610553503036499,17.94220733642578
2020-06-29,4.035641670227051,3.660815715789795,18.08887481689453
2020-06-30,4.0111846923828125,3.635684013366699,18.08887481689453
2020-07-01,4.060100078582764,3.6859476566314697,18.08887481689453
2020-07-02,4.060100078582764,3.752964735031128,18.33331871032715
2020-07-03,4.043795108795166,3.6859476566314697,18.33331871032715
2020-07-06,4.051947116851807,3.7697196006774902,18.4473934173584
2020-07-07,4.043795108795166,3.694324254989624,18.4148006439209
2020-07-08,4.117170333862305,3.7445878982543945,18.4473934173584
2020-07-09,4.043795108795166,3.7697196006774902,18.349613189697266
2020-07-10,4.100865364074707,3.7697196006774902,18.521875381469727
2020-07-13,4.076406002044678,3.752964735031128,18.571090698242188
2020-07-14,4.100865364074707,3.752964735031128,18.587493896484375
2020-07-15,4.182392597198486,3.7948505878448486,18.603900909423828
2020-07-16,4.190545082092285,3.786472797393799,18.538278579711914
2020-07-17,4.157934665679932,3.786472797393799,18.554689407348633
2020-07-20,4.1742401123046875,3.7613413333892822,18.702333450317383
2020-07-21,4.157934665679932,3.7445878982543945,18.390626907348633
2020-07-22,4.1742401123046875,3.786472797393799,18.620309829711914
2020-07-23,4.280226230621338,3.786472797393799,18.718740463256836
2020-07-24,4.223156929016113,3.7445878982543945,18.620309829711914
2020-07-27,4.166087627410889,3.7697196006774902,19.58823585510254
2020-07-28,4.206851005554199,3.819981813430786,19.539018630981445
2020-07-29,4.1986985206604,3.8116049766540527,19.424182891845703
2020-07-30,4.247614860534668,3.836735963821411,19.194499969482422
2020-08-03,4.141628742218018,3.7613413333892822,19.0140438079834
2020-08-04,4.133475303649902,3.719456195831299,19.030447006225586
2020-08-05,4.117170333862305,3.677570104598999,18.669525146484375
2020-08-06,4.166087627410889,3.786472797393799,18.86638832092285
2020-08-07,4.117170333862305,3.7110795974731445,18.489065170288086
2020-08-10,4.263920307159424,3.7613413333892822,18.554689407348633
2020-08-11,4.166087627410889,3.7027018070220947,18.554689407348633
2020-08-12,4.149781703948975,3.7027018070220947,18.587493896484375
2020-08-13,4.1986985206604,3.7697196006774902,18.620309829711914
2020-08-14,4.166087627410889,3.7697196006774902,18.587493896484375
2020-08-17,4.1742401123046875,3.819981813430786,18.63671112060547
2020-08-18,4.117170333862305,3.8116049766540527,18.521875381469727
2020-08-19,4.133475303649902,3.7948505878448486,18.538278579711914
2020-08-21,4.1742401123046875,3.7278330326080322,18.587493896484375
2020-08-24,4.1742401123046875,3.7697196006774902,18.587493896484375
2020-08-25,4.206851005554199,3.8116049766540527,18.702333450317383
2020-08-26,4.157934665679932,3.752964735031128,18.571090698242188
2020-08-27,4.206851005554199,3.7613413333892822,18.63671112060547
2020-08-28,4.157934665679932,3.736210346221924,18.587493896484375
2020-09-01,4.157934665679932,3.7613413333892822,18.489065170288086
2020-09-02,4.1742401123046875,3.786472797393799,18.86638832092285
2020-09-03,4.141628742218018,3.736210346221924,18.702333450317383
2020-09-04,4.109017372131348,3.6859476566314697,18.50546646118164
2020-09-07,4.133475303649902,3.7278330326080322,18.86638832092285
2020-09-08,4.149781703948975,3.7613413333892822,18.538278579711914
2020-09-09,4.1742401123046875,3.7444374561309814,18.30860137939453
2020-09-10,4.125323295593262,3.7866995334625244,18.784360885620117
2020-09-11,4.125323295593262,3.7613418102264404,18.43984603881836
2020-09-14,4.117170333862305,3.7613418102264404,18.30860137939453
2020-09-15,4.1742401123046875,3.769794225692749,18.685932159423828
2020-09-17,4.182392597198486,3.7106270790100098,18.620309829711914
2020-09-18,4.100865364074707,3.7866995334625244,18.357816696166992
2020-09-21,4.117170333862305,3.778247117996216,18.571090698242188
2020-09-22,4.117170333862305,3.769794225692749,18.620309829711914
2020-09-23,4.117170333862305,3.8036048412323,18.571090698242188
2020-09-24,4.117170333862305,3.7866995334625244,18.685932159423828
2020-09-25,4.092711448669434,3.7613418102264404,18.571090698242188
2020-09-28,4.117170333862305,3.769794225692749,18.390626907348633
2020-09-29,4.100865364074707,3.7866995334625244,18.620309829711914
2020-09-30,4.117170333862305,3.769794225692749,18.702333450317383
2020-10-01,3.9051971435546875,3.7106270790100098,18.620309829711914
2020-10-02,3.937808036804199,3.7190797328948975,18.620309829711914
2020-10-05,4.076406002044678,3.8036048412323,18.620309829711914
2020-10-06,4.092711448669434,3.7106270790100098,18.538278579711914
2020-10-07,3.9867255687713623,3.6091978549957275,18.42344093322754
2020-10-08,4.117170333862305,3.7444374561309814,18.620309829711914
2020-10-09,4.206851005554199,3.752889394760132,18.45625114440918
2020-10-12,4.076406002044678,3.7190797328948975,18.226573944091797
2020-10-13,4.076406002044678,3.7866995334625244,18.42344093322754
2020-10-14,4.003031253814697,3.7613418102264404,18.177356719970703
2020-10-15,4.035641670227051,3.651460647583008,17.96408462524414
2020-10-16,4.0111846923828125,3.55003023147583,17.7672176361084
2020-10-19,4.076406002044678,3.617650270462036,17.947677612304688
2020-10-20,4.060100078582764,3.617650270462036,17.80002784729004
2020-10-21,4.003031253814697,3.626103162765503,17.701601028442383
2020-10-22,4.019336700439453,3.7106270790100098,17.553945541381836
2020-10-23,3.9867255687713623,3.651460647583008,17.553945541381836
2020-10-26,4.051947116851807,3.7021749019622803,18.45625114440918
2020-10-27,3.97041916847229,3.727531909942627,18.341415405273438
2020-10-28,3.954113721847534,3.685270309448242,18.374225616455078
2020-10-30,3.9459614753723145,3.634554624557495,17.40629768371582
2020-11-02,3.978571891784668,3.6683642864227295,17.882055282592773
2020-11-03,3.9622669219970703,3.6683642864227295,17.783626556396484
2020-11-04,3.937808036804199,3.7359848022460938,18.25938606262207
2020-11-05,4.1986985206604,3.7613418102264404,18.653118133544922
2020-11-06,4.1742401123046875,3.7613418102264404,18.669525146484375
2020-11-09,4.190545082092285,3.778247117996216,18.685932159423828
2020-11-10,4.1986985206604,3.8205087184906006,18.702333450317383
2020-11-11,4.084558963775635,3.8036048412323,18.86638832092285
2020-11-12,4.239461898803711,3.854318857192993,19.079660415649414
2020-11-13,4.247614860534668,3.8458664417266846,18.981229782104492
2020-11-16,4.239563465118408,3.812056541442871,18.86638832092285
2020-11-17,4.305293083190918,3.8205087184906006,18.86638832092285
2020-11-18,4.313509464263916,3.854318857192993,19.128881454467773
2020-11-19,4.272427558898926,3.8205087184906006,19.325746536254883
2020-11-20,4.247779846191406,3.8458664417266846,19.292936325073242
2020-11-23,4.247779846191406,3.8289616107940674,19.391368865966797
2020-11-24,4.206698894500732,3.7866995334625244,19.276531219482422
2020-11-25,4.264211654663086,3.8036048412323,19.325746536254883
2020-11-26,4.280644416809082,3.7951512336730957,19.374963760375977
2020-11-27,4.149185657501221,3.7190797328948975,19.210912704467773
2020-11-30,4.025942325592041,3.6937220096588135,19.276531219482422
2020-12-01,4.173833847045898,3.7613418102264404,19.325746536254883
2020-12-02,4.132752895355225,3.7951512336730957,19.276531219482422
2020-12-03,4.206698894500732,3.778247117996216,19.325746536254883
2020-12-04,4.173833847045898,3.7866995334625244,19.358556747436523
2020-12-07,4.149185657501221,3.7190797328948975,19.45699119567871
2020-12-08,4.1409687995910645,3.7190797328948975,19.473398208618164
2020-12-09,4.132752895355225,3.7613418102264404,19.440584182739258
2020-12-10,4.1574015617370605,3.7613418102264404,19.40777587890625
2020-12-11,4.239563465118408,3.7866995334625244,19.48980140686035
2020-12-14,4.182049751281738,3.752889394760132,19.440584182739258
2020-12-15,4.23134708404541,3.778247117996216,19.58823585510254
2020-12-16,4.206698894500732,3.7190797328948975,19.686664581298828
2020-12-17,4.239563465118408,3.7613418102264404,20.342891693115234
2020-12-18,4.173833847045898,3.7190797328948975,19.752290725708008
2020-12-21,4.23134708404541,3.7106270790100098,19.703075408935547
2020-12-22,4.1409687995910645,3.7106270790100098,19.58823585510254
2020-12-23,4.239563465118408,3.7106270790100098,19.686664581298828
2020-12-24,4.255995750427246,3.752889394760132,19.850723266601562
2020-12-28,4.23134708404541,3.778247117996216,19.850723266601562
2020-12-29,4.1656174659729,3.7613418102264404,19.850723266601562
2020-12-30,4.247779846191406,3.7190797328948975,19.850723266601562
2020-12-31,4.099887371063232,3.6937220096588135,19.424182891845703
2021-01-04,4.099887371063232,3.7444374561309814,19.473398208618164
2021-01-05,4.1409687995910645,3.778247117996216,19.473398208618164
2021-01-06,4.099887371063232,3.7866995334625244,19.506208419799805
2021-01-07,4.23134708404541,3.8036048412323,19.62104606628418
2021-01-08,4.247779846191406,3.812056541442871,19.686664581298828
2021-01-11,4.280644416809082,3.8036048412323,20.260862350463867
2021-01-12,4.272427558898926,3.8036048412323,20.16242790222168
2021-01-13,4.272427558898926,3.8036048412323,20.228046417236328
2021-01-14,4.272427558898926,3.8036048412323,19.932750701904297
2021-01-15,4.1574015617370605,3.7613418102264404,19.817913055419922
2021-01-18,4.091671943664551,3.7613418102264404,19.58823585510254
2021-01-19,4.091671943664551,3.7613418102264404,19.48980140686035
2021-01-20,4.124536037445068,3.685270309448242,19.276531219482422
2021-01-21,4.091671943664551,3.6937220096588135,19.276531219482422
2021-01-22,4.091671943664551,3.685270309448242,19.260122299194336
2021-01-25,4.091671943664551,3.659912586212158,19.276531219482422
2021-01-26,4.075239658355713,3.6768171787261963,19.260122299194336
2021-01-27,4.017725944519043,3.6768171787261963,18.94841957092285
2021-01-29,3.98486065864563,3.5669355392456055,19.06325912475586
2021-02-02,4.025942325592041,3.5922930240631104,19.522613525390625
2021-02-03,4.083454608917236,3.5669355392456055,19.48980140686035
2021-02-04,4.083454608917236,3.626103162765503,19.522613525390625
2021-02-05,4.034157752990723,3.5838401317596436,19.112470626831055
2021-02-08,4.058806896209717,3.5669355392456055,18.94841957092285
2021-02-09,4.067023277282715,3.5922930240631104,18.94841957092285
2021-02-10,4.083454608917236,3.659912586212158,18.94841957092285
2021-02-11,4.058806896209717,3.6091978549957275,18.86638832092285
2021-02-15,4.067023277282715,3.6937220096588135,18.9320125579834
2021-02-16,3.98486065864563,3.5838401317596436,18.800771713256836
2021-02-17,4.025942325592041,3.55003023147583,18.669525146484375
2021-02-18,4.067023277282715,3.5838401317596436,19.0140438079834
2021-02-19,4.058806896209717,3.600745439529419,19.40547752380371
2021-02-22,4.001293182373047,3.5838401317596436,19.40547752380371
2021-02-23,4.009509563446045,3.5838401317596436,19.33885383605957
2021-02-24,4.050591468811035,3.575387716293335,19.538734436035156
2021-02-25,4.083454608917236,3.634554624557495,19.388822555541992
2021-02-26,4.025942325592041,3.617650270462036,19.572050094604492
2021-03-01,4.034157752990723,3.617650270462036,19.48876190185547
2021-03-02,4.058806896209717,3.6091978549957275,19.272226333618164
2021-03-03,4.050591468811035,3.643007755279541,19.33885383605957
2021-03-04,4.067023277282715,3.617650270462036,19.33885383605957
2021-03-05,4.067023277282715,3.6091978549957275,19.48876190185547
2021-03-08,4.025942325592041,3.5838401317596436,19.288883209228516
2021-03-09,4.058806896209717,3.6564571857452393,19.32219886779785
2021-03-10,4.067023277282715,3.6735427379608154,19.33885383605957
2021-03-11,4.034157752990723,3.647913694381714,19.388822555541992
2021-03-12,4.001293182373047,3.613741159439087,19.255569458007812
2021-03-15,4.025942325592041,3.622284173965454,19.32219886779785
2021-03-16,4.009509563446045,3.6564571857452393,19.272226333618164
2021-03-17,4.017725944519043,3.622284173965454,19.272226333618164
2021-03-18,4.009509563446045,3.605198383331299,19.155624389648438
2021-03-19,3.98486065864563,3.622284173965454,19.555395126342773
2021-03-22,3.98486065864563,3.647913694381714,19.23891258239746
2021-03-23,3.98486065864563,3.622284173965454,19.23891258239746
2021-03-24,4.001293182373047,3.6735427379608154,19.288883209228516
2021-03-25,3.9109156131744385,3.5966546535491943,19.08899688720703
2021-03-26,3.9437806606292725,3.588111400604248,19.222253799438477
2021-03-29,3.9026987552642822,3.613741159439087,19.255569458007812
2021-03-30,3.98486065864563,3.613741159439087,19.40547752380371
2021-03-31,3.8123199939727783,3.5795693397521973,19.105653762817383
2021-04-01,3.8205370903015137,3.5966546535491943,19.138967514038086
2021-04-02,3.8287529945373535,3.605198383331299,19.155624389648438
2021-04-05,3.8369693756103516,3.5966546535491943,19.03902244567871
2021-04-06,3.6890766620635986,3.5539391040802,18.905771255493164
2021-04-07,3.8616178035736084,3.6564571857452393,18.989055633544922
2021-04-08,3.771239757537842,3.571026086807251,18.839143753051758
2021-04-09,3.7465906143188477,3.588111400604248,18.80582618713379
2021-04-12,3.7219419479370117,3.571026086807251,18.73919677734375
2021-04-13,3.738374710083008,3.528310537338257,18.73919677734375
2021-04-14,3.754807472229004,3.562483072280884,18.80582618713379
2021-04-15,3.7219419479370117,3.528310537338257,18.655916213989258
2021-04-16,3.680861473083496,3.477051258087158,18.45602798461914
2021-04-19,3.697293281555176,3.4514219760894775,18.239486694335938
2021-04-20,3.705510139465332,3.468508243560791,18.272802352905273
2021-04-21,3.639779806137085,3.425792932510376,17.923006057739258
2021-04-22,3.639779806137085,3.4514219760894775,18.156198501586914
2021-04-23,3.623347520828247,3.4514219760894775,18.10622787475586
2021-04-26,3.730158567428589,3.477051258087158,18.139543533325195
2021-04-27,3.7419660091400146,3.459965229034424,18.156198501586914
2021-04-28,3.7336502075195312,3.468508243560791,18.989055633544922
2021-04-30,3.775228500366211,3.494137763977051,18.322772979736328
2021-05-03,3.7596046924591064,3.477051258087158,18.43937110900879
2021-05-04,3.8013784885406494,3.477051258087158,18.389400482177734
2021-05-05,3.7930238246917725,3.4514219760894775,17.989633560180664
2021-05-06,3.8347973823547363,3.4855945110321045,18.489341735839844
2021-05-07,3.9350526332855225,3.5026803016662598,18.7558536529541
2021-05-10,3.9851818084716797,3.5026803016662598,18.73919677734375
2021-05-11,3.901634693145752,3.5197668075561523,18.539316177368164
2021-05-12,3.8097329139709473,3.5197668075561523,18.73919677734375
2021-05-17,3.7596046924591064,3.477051258087158,18.289459228515625
2021-05-18,3.7345407009124756,3.494137763977051,18.33942985534668
2021-05-19,3.684412717819214,3.494137763977051,18.33942985534668
2021-05-20,3.717831611633301,3.477051258087158,18.539316177368164
2021-05-21,3.7011220455169678,3.5026803016662598,18.505996704101562
2021-05-24,3.7679600715637207,3.511223793029785,18.555971145629883
2021-05-25,3.7596046924591064,3.528310537338257,18.73919677734375
2021-05-27,3.8013784885406494,3.5795693397521973,18.689228057861328
2021-05-28,3.7930238246917725,3.511223793029785,18.539316177368164
2021-05-31,3.8013784885406494,3.494137763977051,18.489341735839844
2021-06-01,3.7596046924591064,3.4514219760894775,18.372743606567383
2021-06-02,3.7930238246917725,3.459965229034424,18.222827911376953
2021-06-03,3.717831611633301,3.494137763977051,18.189516067504883
2021-06-04,3.6593494415283203,3.4428789615631104,17.989633560180664
2021-06-08,3.6593494415283203,3.459965229034424,18.12288475036621
2021-06-09,3.5507378578186035,3.434335947036743,18.12288475036621
2021-06-10,3.5340287685394287,3.434335947036743,18.156198501586914
2021-06-11,3.450482130050659,3.4172494411468506,17.939659118652344
2021-06-14,3.483900785446167,3.400163173675537,17.739776611328125
2021-06-15,3.458836793899536,3.323275566101074,17.473262786865234
2021-06-16,3.42541766166687,3.28910231590271,17.2567195892334
2021-06-17,3.4337730407714844,3.28910231590271,17.406633377075195
2021-06-18,3.676058053970337,3.3061888217926025,17.856372833251953
2021-06-21,3.467191219329834,3.314732313156128,17.90634536743164
2021-06-22,3.458836793899536,3.2634735107421875,17.356664657592773
2021-06-23,3.458836793899536,3.254930019378662,17.24006462097168
2021-06-24,3.458836793899536,3.2720162868499756,17.27337646484375
2021-06-25,3.500610828399658,3.2634735107421875,17.106807708740234
2021-06-28,3.4087085723876953,3.2036709785461426,16.940237045288086
2021-06-29,3.4337730407714844,3.254930019378662,16.99020767211914
2021-06-30,3.325161933898926,3.212214708328247,16.956890106201172
2021-07-01,3.3919992446899414,3.2378437519073486,16.906919479370117
2021-07-02,3.325161933898926,3.2634735107421875,16.9235782623291
2021-07-05,3.3418712615966797,3.1865851879119873,16.70703887939453
2021-07-06,3.300097942352295,3.220757484436035,16.82363510131836
2021-07-07,3.291743516921997,3.2036709785461426,16.723695755004883
2021-07-08,3.216550827026367,3.135326862335205,16.390552520751953
2021-07-09,3.2081961631774902,3.17804217338562,16.676631927490234
2021-07-12,3.1747772693634033,3.1609561443328857,16.50834846496582
2021-07-13,3.1747772693634033,3.143869400024414,16.710289001464844
2021-07-14,3.1246495246887207,3.135326862335205,16.659801483154297
2021-07-15,2.9742655754089355,3.1524126529693604,16.57566261291504
2021-07-16,3.007683753967285,3.1865851879119873,16.659801483154297
2021-07-19,3.082876682281494,3.169498920440674,16.592491149902344
2021-07-21,3.007683753967285,3.135326862335205,16.390552520751953
2021-07-22,3.082876682281494,3.143869400024414,16.62614631652832
2021-07-23,3.0494577884674072,3.169498920440674,16.54200553894043
2021-07-26,2.9909744262695312,3.1267828941345215,16.373722076416016
2021-07-27,2.9909744262695312,3.17804217338562,16.3232364654541
2021-07-28,2.9742655754089355,3.1524126529693604,16.104476928710938
2021-07-29,3.032748222351074,3.1609561443328857,16.2054443359375
2021-07-30,2.840590715408325,3.1182401180267334,15.582804679870605
2021-08-02,2.7570436000823975,3.1182401180267334,15.700599670410156
2021-08-03,2.848945379257202,3.1182401180267334,16.239097595214844
2021-08-04,2.8155264854431152,3.1182401180267334,16.272754669189453
2021-08-05,2.874009132385254,3.1609561443328857,16.188615798950195
2021-08-06,2.9241368770599365,3.169498920440674,16.222274780273438
2021-08-09,2.865654468536377,3.1267828941345215,16.272754669189453
2021-08-11,2.90742826461792,3.169498920440674,16.49152374267578
2021-08-12,2.899073362350464,3.169498920440674,16.104476928710938
2021-08-13,2.9324917793273926,3.1951282024383545,16.979536056518555
2021-08-16,3.032748222351074,3.2293009757995605,16.474695205688477
2021-08-17,3.1246495246887207,3.2976455688476562,16.407379150390625
2021-08-18,3.216550827026367,3.246386766433716,16.72711181640625
2021-08-19,3.1664228439331055,3.2293009757995605,16.82808494567871
2021-08-20,3.275033950805664,3.212214708328247,16.844911575317383
2021-08-23,3.266679048538208,3.2036709785461426,16.895395278930664
2021-08-24,3.475545883178711,3.323275566101074,17.2487850189209
2021-08-25,3.4337730407714844,3.4172494411468506,17.585346221923828
2021-08-26,3.475545883178711,3.4855945110321045,17.921907424926758
2021-08-27,3.483900785446167,3.4855945110321045,17.921907424926758
2021-08-30,3.3669352531433105,3.5197668075561523,17.972393035888672
2021-09-01,3.4337730407714844,3.477051258087158,17.921907424926758
2021-09-02,3.3418712615966797,3.4428789615631104,17.804109573364258
2021-09-03,3.325161933898926,3.459965229034424,18.09018898010254
2021-09-06,3.291743516921997,3.4172494411468506,17.50120735168457
2021-09-07,3.258324384689331,3.357447862625122,17.66948890686035
2021-09-08,3.3335161209106445,3.459965229034424,18.09018898010254
2021-09-09,3.266679048538208,3.400163173675537,17.8377685546875
2021-09-10,3.266679048538208,3.3914895057678223,17.652660369873047
2021-09-13,3.258324384689331,3.400163173675537,17.534862518310547
2021-09-14,3.2081961631774902,3.382815361022949,17.18147087097168
2021-09-15,3.2249057292938232,3.3914895057678223,17.2487850189209
2021-09-17,3.1747772693634033,3.270054578781128,17.030017852783203
2021-09-20,2.88236403465271,3.252707004547119,16.72711181640625
2021-09-21,2.9826200008392334,3.261381149291992,16.693456649780273
2021-09-22,2.9742655754089355,3.252707004547119,16.710289001464844
2021-09-23,3.066166877746582,3.270054578781128,16.979536056518555
2021-09-24,3.016038656234741,3.252707004547119,16.693456649780273
2021-09-27,3.032748222351074,3.261381149291992,16.912221908569336
2021-09-28,3.016038656234741,3.296076536178589,17.04684829711914
2021-09-29,3.032748222351074,3.3134243488311768,16.861740112304688
2021-09-30,2.9909744262695312,3.270054578781128,16.929052352905273
2021-10-01,3.041102886199951,3.252707004547119,16.72711181640625
2021-10-04,3.016038656234741,3.2440333366394043,16.811254501342773
2021-10-05,3.057811975479126,3.270054578781128,16.979536056518555
2021-10-06,3.5089645385742188,3.538945436477661,18.426748275756836
2021-10-07,3.500610828399658,3.5129237174987793,18.7633113861084
2021-10-08,3.5423831939697266,3.5215978622436523,18.89793586730957
2021-10-11,3.567448139190674,3.530271291732788,19.099876403808594
2021-10-12,3.5590929985046387,3.5129237174987793,19.099876403808594
2021-10-13,3.717831611633301,3.547619581222534,19.16718864440918
2021-10-14,3.6008663177490234,3.4782285690307617,19.099876403808594
2021-10-15,3.6342854499816895,3.5129237174987793,19.099876403808594
2021-10-18,3.6342854499816895,3.4955763816833496,19.200841903686523
2021-10-20,3.5841569900512695,3.4695544242858887,19.26815414428711
2021-10-21,3.6008663177490234,3.5129237174987793,19.30181121826172
2021-10-22,3.5758025646209717,3.5129237174987793,19.26815414428711
2021-10-25,3.5758025646209717,3.5129237174987793,19.099876403808594
2021-10-26,3.5758025646209717,3.5129237174987793,18.813798904418945
2021-10-27,3.574950695037842,3.4869024753570557,18.8811092376709
2021-10-28,3.5238800048828125,3.443532705307007,18.325782775878906
2021-10-29,3.4132273197174072,3.40883731842041,18.191160202026367
2021-11-01,3.4047152996063232,3.3567938804626465,17.921907424926758
2021-11-02,3.617509603500366,3.40883731842041,17.989219665527344
2021-11-03,3.5494158267974854,3.3567938804626465,17.87142562866211
2021-11-05,3.489833354949951,3.3394455909729004,17.41706657409668
2021-11-08,3.4557859897613525,3.3914895057678223,17.736797332763672
2021-11-09,3.430250883102417,3.304750442504883,17.41706657409668
2021-11-10,3.4047152996063232,3.296076536178589,17.400236129760742
2021-11-11,3.336621046066284,3.3134243488311768,17.585346221923828
2021-11-12,3.421738862991333,3.3741421699523926,17.484378814697266
2021-11-15,3.3110854625701904,3.270054578781128,17.080501556396484
2021-11-16,3.285550117492676,3.261381149291992,16.945877075195312
2021-11-17,3.2940616607666016,3.278729200363159,17.198301315307617
2021-11-18,3.3706681728363037,3.304750442504883,17.33292579650879
2021-11-19,3.3706681728363037,3.3134243488311768,17.33292579650879
2021-11-22,3.4132273197174072,3.3481197357177734,17.50120735168457
2021-11-23,3.3110854625701904,3.261381149291992,17.04684829711914
2021-11-24,3.3025736808776855,3.270054578781128,17.50120735168457
2021-11-25,3.285550117492676,3.278729200363159,17.585346221923828
2021-11-26,3.1748969554901123,3.252707004547119,17.29926872253418
2021-11-29,3.132338285446167,3.157294511795044,16.945877075195312
2021-11-30,3.132338285446167,3.1919901371002197,17.703144073486328
2021-12-01,3.1748969554901123,3.2093381881713867,17.33292579650879
2021-12-02,3.2259676456451416,3.2440333366394043,17.518033981323242
2021-12-06,3.2089438438415527,3.165968418121338,16.996362686157227
2021-12-07,3.191920757293701,3.1919901371002197,17.282440185546875
2021-12-08,3.2004318237304688,3.183316469192505,17.349754333496094
2021-12-09,3.277038335800171,3.2006640434265137,17.50120735168457
2021-12-10,3.191920757293701,3.2266857624053955,17.50120735168457
2021-12-13,3.2089438438415527,3.2353594303131104,18.0733585357666
2021-12-14,3.1578733921051025,3.139946699142456,17.8377685546875
2021-12-15,3.0727553367614746,3.131272554397583,17.921907424926758
2021-12-16,3.0301966667175293,3.14862060546875,17.66948890686035
2021-12-17,3.0982913970947266,3.2093381881713867,17.989219665527344
2021-12-20,3.0131733417510986,3.165968418121338,17.736797332763672
2021-12-21,3.0897789001464844,3.131272554397583,17.75362777709961
2021-12-22,3.0897789001464844,3.139946699142456,17.703144073486328
2021-12-23,3.2344789505004883,3.278729200363159,17.938737869262695
2021-12-24,3.1578733921051025,3.2353594303131104,18.022878646850586
2021-12-27,3.2089438438415527,3.261381149291992,18.191160202026367
2021-12-28,3.2259676456451416,3.3134243488311768,18.20798683166504
2021-12-29,3.2004318237304688,3.252707004547119,18.17432975769043
2021-12-30,3.2344789505004883,3.287402629852295,18.342605590820312
2021-12-31,3.2004318237304688,3.2353594303131104,18.325782775878906
2022-01-03,3.268526554107666,3.3741421699523926,18.359437942504883
2022-01-04,3.268526554107666,3.296076536178589,18.342605590820312
2022-01-05,3.2259676456451416,3.3394455909729004,18.443578720092773
2022-01-06,3.2259676456451416,3.252707004547119,18.258466720581055
2022-01-07,3.353644609451294,3.3654677867889404,18.47723388671875
2022-01-10,3.421738862991333,3.3654677867889404,18.342605590820312
2022-01-11,3.430250883102417,3.45220685005188,18.376266479492188
2022-01-12,3.3706681728363037,3.434858560562134,18.325782775878906
2022-01-13,3.438762664794922,3.426185369491577,18.342605590820312
2022-01-14,3.4642980098724365,3.3914895057678223,18.342605590820312
2022-01-17,3.3791797161102295,3.382815361022949,17.719970703125
2022-01-19,3.3876917362213135,3.3394455909729004,18.006046295166016
2022-01-20,3.3876917362213135,3.3567938804626465,17.989219665527344
2022-01-21,3.3791797161102295,3.382815361022949,17.972393035888672
2022-01-24,3.4047152996063232,3.40883731842041,18.09018898010254
2022-01-25,3.3025736808776855,3.3307721614837646,18.09018898010254
2022-01-26,3.2515032291412354,3.296076536178589,18.09018898010254
2022-01-27,3.2344789505004883,3.3567938804626465,18.275297164916992
2022-01-28,3.260014772415161,3.3220982551574707,18.258466720581055
2022-01-31,3.0046613216400146,3.287402629852295,18.17432975769043
2022-02-03,3.0301966667175293,3.3741421699523926,18.0733585357666
2022-02-04,2.9961493015289307,3.2440333366394043,18.275297164916992
2022-02-07,3.038708448410034,3.3220982551574707,18.258466720581055
2022-02-08,3.038708448410034,3.3134243488311768,18.393095016479492
2022-02-09,3.115314483642578,3.3394455909729004,18.56137466430664
2022-02-10,3.336621046066284,3.417510986328125,19.133527755737305
2022-02-11,3.6004865169525146,3.4869024753570557,20.311494827270508
2022-02-14,3.6089982986450195,3.590988874435425,20.496604919433594
2022-02-15,3.9920289516448975,3.703749179840088,21.47263526916504
2022-02-16,3.949470281600952,3.7644660472869873,21.539945602416992
2022-02-17,4.179288387298584,3.7557926177978516,22.381349563598633
2022-02-18,4.1707763671875,3.998661994934082,22.953895568847656
2022-02-21,3.898399829864502,3.833857774734497,21.86085319519043
2022-02-22,3.957981586456299,3.81650972366333,21.68735694885254
2022-02-23,3.957981586456299,3.833857774734497,22.034351348876953
2022-02-24,4.085659027099609,3.9032490253448486,22.034351348876953
2022-02-25,4.068634033203125,3.9899871349334717,22.103750228881836
2022-02-28,4.179288387298584,3.9899871349334717,22.55484962463379
2022-03-01,4.179288387298584,3.9899871349334717,22.58954620361328
2022-03-02,4.44315242767334,3.998661994934082,23.769344329833984
2022-03-03,4.477200031280518,4.0160088539123535,25.157333374023438
2022-03-04,4.3410115242004395,3.981313467025757,24.32453727722168
2022-03-07,4.349524021148682,3.9032490253448486,24.02958869934082
2022-03-08,4.2984538078308105,3.790487766265869,23.42234230041504
2022-03-09,4.5112481117248535,3.799283266067505,23.42234230041504
2022-03-10,4.409106254577637,3.78169322013855,22.728349685668945
2022-03-11,4.400594234466553,3.69374680519104,22.641597747802734
2022-03-14,4.2984538078308105,3.6497738361358643,22.849796295166016
2022-03-15,4.2133355140686035,3.623389959335327,22.710996627807617
2022-03-16,4.238869667053223,3.623389959335327,22.398698806762695
2022-03-17,4.1707763671875,3.640979528427124,21.68735694885254
2022-03-18,4.238869667053223,3.6058003902435303,21.947601318359375
2022-03-21,4.238869667053223,3.5882115364074707,21.67000389099121
2022-03-22,4.315476894378662,3.69374680519104,22.294597625732422
2022-03-23,4.2984538078308105,3.6761581897735596,22.1210994720459
2022-03-24,4.2984538078308105,3.6497738361358643,22.086400985717773
2022-03-25,4.375058650970459,3.640979528427124,22.1210994720459
2022-03-28,4.2984538078308105,3.614595413208008,21.96495246887207
2022-03-29,4.264406204223633,3.623389959335327,21.86085319519043
2022-03-30,4.255893707275391,3.623389959335327,21.843503952026367
2022-03-31,4.230358123779297,3.623389959335327,21.86085319519043
2022-04-01,4.2133355140686035,3.7289254665374756,21.947601318359375
2022-04-04,4.323988437652588,3.6761581897735596,22.433401107788086
2022-04-05,4.36654806137085,3.737720489501953,22.55484962463379
2022-04-06,4.485713005065918,3.7465150356292725,23.179441452026367
2022-04-07,4.46868896484375,3.8168716430664062,23.196796417236328
2022-04-08,4.46868896484375,3.8256661891937256,23.16209602355957
2022-04-11,4.5112481117248535,3.8432555198669434,23.42234230041504
2022-04-12,4.477200031280518,3.8256661891937256,23.595842361450195
2022-04-13,4.5112481117248535,3.8696398735046387,23.647890090942383
2022-04-14,4.5112481117248535,3.8256661891937256,23.474393844604492
2022-04-15,4.315476894378662,3.7904882431030273,23.595842361450195
2022-04-18,4.383571147918701,3.7728993892669678,23.33559226989746
2022-04-20,4.545295238494873,3.808077573776245,24.307188034057617
2022-04-21,4.46868896484375,3.8608453273773193,24.532733917236328
2022-04-22,4.46868896484375,3.896024465560913,24.28983497619629
2022-04-25,4.545295238494873,4.159863471984863,25.157333374023438
2022-04-26,4.46868896484375,4.115889549255371,25.087928771972656
2022-04-27,4.533022403717041,4.03673791885376,24.983829498291016
2022-04-28,4.55917501449585,4.115889549255371,25.400230407714844
2022-04-29,4.567891597747803,4.107095718383789,25.556377410888672
2022-05-05,4.594045162200928,4.151068687438965,25.070581436157227
2022-05-06,4.437131881713867,4.010354042053223,24.28983497619629
2022-05-09,4.288937568664551,3.8608453273773193,23.68259048461914
2022-05-10,4.271502494812012,3.8608453273773193,23.248844146728516
2022-05-11,4.3499579429626465,3.8344619274139404,23.33559226989746
2022-05-12,4.271502494812012,3.7025415897369385,22.88449478149414
2022-05-13,4.463284015655518,3.799283266067505,23.057992935180664
2022-05-17,4.567891597747803,3.85205078125,23.16209602355957
2022-05-18,4.550457000732422,3.8168716430664062,23.16209602355957
2022-05-19,4.55917501449585,3.8608453273773193,23.33559226989746
2022-05-20,4.515588283538818,3.8696398735046387,23.33559226989746
2022-05-23,4.376111030578613,3.5882115364074707,22.91919708251953
2022-05-24,4.376111030578613,3.623389959335327,22.468097686767578
2022-05-25,4.4196977615356445,3.7289254665374756,22.815095901489258
2022-05-26,4.367393493652344,3.711336374282837,22.710996627807617
2022-05-27,4.4022626876831055,3.7465150356292725,22.693647384643555
2022-05-30,4.341240882873535,3.7201309204101562,22.38134765625
2022-05-31,4.384828090667725,3.78169322013855,22.17315101623535
2022-06-01,4.280220031738281,3.7465150356292725,22.55484962463379
2022-06-02,4.254067897796631,3.755309581756592,22.52014923095703
2022-06-03,4.280220031738281,3.7201309204101562,22.55484962463379
2022-06-07,4.097155570983887,3.69374680519104,22.086400985717773
2022-06-08,4.210480213165283,3.69374680519104,22.086400985717773
2022-06-09,4.105871677398682,3.623389959335327,21.80880355834961
2022-06-10,4.044850826263428,3.5970065593719482,21.67000389099121
2022-06-13,3.9402434825897217,3.570622444152832,20.993362426757812
2022-06-14,4.17561149597168,3.614595413208008,21.427108764648438
2022-06-15,4.009981632232666,3.5882115364074707,20.81985855102539
2022-06-16,3.9576776027679443,3.544238805770874,20.85456085205078
2022-06-17,3.8879382610321045,3.553032875061035,20.29936408996582
2022-06-20,3.879221200942993,3.509059429168701,20.091163635253906
2022-06-21,3.85306978225708,3.456292152404785,20.334064483642578
2022-06-22,3.521810293197632,3.2803993225097656,19.20631980895996
2022-06-23,3.739743709564209,3.359550952911377,19.813568115234375
2022-06-24,3.6787219047546387,3.3771402835845947,19.414518356323242
2022-06-27,3.7484610080718994,3.3243727684020996,19.397171020507812
2022-06-28,3.8617866039276123,3.421113967895508,19.570669174194336
2022-06-29,3.774613380432129,3.429908037185669,19.466571807861328
2022-06-30,3.774613380432129,3.3771402835845947,19.032821655273438
2022-07-01,3.7658963203430176,3.429908037185669,19.171621322631836
2022-07-04,3.7310268878936768,3.3507564067840576,19.327768325805664
2022-07-05,3.713592052459717,3.341961622238159,18.651123046875
2022-07-06,3.3387458324432373,3.3067831993103027,17.367233276367188
2022-07-07,3.5305278301239014,3.2803993225097656,17.939777374267578
2022-07-08,3.5479624271392822,3.341961622238159,18.062414169311523
2022-07-12,3.600266456604004,3.421113967895508,18.39528465270996
2022-07-13,3.565397024154663,3.4123189449310303,18.377761840820312
2022-07-14,3.565397024154663,3.421113967895508,18.167531967163086
2022-07-15,3.5566797256469727,3.421113967895508,18.18505096435547
2022-07-18,3.6351358890533447,3.50026535987854,18.67559242248535
2022-07-19,3.643852710723877,3.4474973678588867,18.535432815551758
2022-07-20,3.652570962905884,3.4650866985321045,18.78070640563965
2022-07-21,3.713592052459717,3.5178544521331787,18.885820388793945
2022-07-22,3.652570962905884,3.50026535987854,19.00845718383789
2022-07-25,3.6787219047546387,3.5178544521331787,19.096054077148438
2022-07-26,3.6351358890533447,3.544238805770874,18.95589828491211
2022-07-27,3.6351358890533447,3.544238805770874,19.00845718383789
2022-07-28,3.6874399185180664,3.553032875061035,19.27124786376953
2022-07-29,3.8007652759552,3.544238805770874,19.201168060302734
2022-08-01,3.835634469985962,3.6321849822998047,19.709230422973633
2022-08-02,3.7920479774475098,3.614595413208008,19.236207962036133
2022-08-03,3.8007652759552,3.614595413208008,19.236207962036133
2022-08-04,3.85306978225708,3.6321849822998047,19.446441650390625
2022-08-05,3.8879382610321045,3.623389959335327,19.709230422973633
2022-08-08,3.8879382610321045,3.6321849822998047,19.62163543701172
2022-08-09,3.879221200942993,3.614595413208008,19.49899673461914
2022-08-10,3.9402434825897217,3.614595413208008,19.709230422973633
2022-08-11,3.966395139694214,3.614595413208008,19.674192428588867
2022-08-12,4.044850826263428,3.6321849822998047,19.62163543701172
2022-08-15,3.975111961364746,3.6585683822631836,19.55155372619629
2022-08-16,4.088438510894775,3.711336374282837,19.674192428588867
2022-08-17,4.0797200202941895,3.7289254665374756,20.147212982177734
2022-08-18,4.105871677398682,3.7289254665374756,20.042095184326172
2022-08-19,4.018700122833252,3.7201309204101562,19.97201919555664
2022-08-22,3.9228084087371826,3.684952974319458,19.796825408935547
2022-08-23,3.835634469985962,3.684952974319458,19.06101417541504
2022-08-24,3.582831621170044,3.429908037185669,19.096054077148438
2022-08-25,3.6351358890533447,3.570622444152832,19.06101417541504
2022-08-26,3.7223098278045654,3.6673636436462402,19.53403663635254
2022-08-29,3.8269174098968506,3.6673636436462402,19.569074630737305
2022-08-30,3.8879382610321045,3.7201309204101562,20.269847869873047
2022-09-01,3.6787219047546387,3.614595413208008,19.709230422973633
2022-09-02,3.6177005767822266,3.6058003902435303,19.656673431396484
2022-09-05,3.704874277114868,3.614595413208008,19.53403663635254
2022-09-06,3.7310268878936768,3.6321849822998047,19.586593627929688
2022-09-07,3.739743709564209,3.614595413208008,19.55155372619629
2022-09-08,3.7484610080718994,3.614595413208008,19.55155372619629
2022-09-09,3.7223098278045654,3.5882115364074707,19.55155372619629
2022-09-12,3.774613380432129,3.6420350074768066,19.27124786376953
2022-09-13,3.8269174098968506,3.6958577632904053,19.27124786376953
2022-09-14,3.774613380432129,3.659975528717041,19.341323852539062
2022-09-15,3.783330202102661,3.480565309524536,19.183650970458984
2022-09-19,3.8094823360443115,3.516447067260742,19.21868896484375
2022-09-20,3.8705039024353027,3.5254178047180176,19.236207962036133
2022-09-21,3.783330202102661,3.4895355701446533,19.27124786376953
2022-09-22,3.8182003498077393,3.4895355701446533,19.253726959228516
2022-09-23,3.774613380432129,3.417771339416504,18.95589828491211
2022-09-26,3.783330202102661,3.35497784614563,17.939777374267578
2022-09-27,3.7223098278045654,3.4088008403778076,18.062414169311523
2022-09-28,3.5566797256469727,3.381889581680298,18.044893264770508
2022-09-29,3.6177005767822266,3.390860080718994,18.20256996154785
2022-09-30,3.565397024154663,3.381889581680298,18.132490158081055
2022-10-03,3.626418113708496,3.381889581680298,18.22008514404297
2022-10-04,3.521810293197632,3.363948345184326,17.957298278808594
2022-10-05,3.661287307739258,3.4446828365325928,18.132490158081055
2022-10-06,3.6351358890533447,3.3998303413391113,18.132490158081055
2022-10-07,3.521810293197632,3.363948345184326,17.869701385498047
2022-10-11,3.504375457763672,3.301154613494873,17.344120025634766
2022-10-12,3.4259192943573,3.301154613494873,17.606910705566406
2022-10-13,3.4346368312835693,3.2832133769989014,17.536834716796875
2022-10-14,3.5130927562713623,3.3370368480682373,17.83466339111328
2022-10-17,3.5130927562713623,3.3101251125335693,17.694507598876953
2022-10-18,3.608983278274536,3.54335880279541,18.132490158081055
2022-10-19,3.704874277114868,3.4357123374938965,18.57047462463379
2022-10-20,3.835634469985962,3.5882115364074707,18.868303298950195
2022-10-21,3.85306978225708,3.534388542175293,18.850784301757812
2022-10-25,3.85306978225708,3.507476806640625,18.81574249267578
2022-10-26,3.9228084087371826,3.624093532562256,19.63915252685547
2022-10-27,3.8705039024353027,3.624093532562256,19.446441650390625
2022-10-28,3.7920479774475098,3.624093532562256,19.113574981689453
2022-10-31,3.835634469985962,3.659975528717041,18.990938186645508
2022-11-01,3.774613380432129,3.570270538330078,18.377761840820312
2022-11-02,3.8094823360443115,3.5792410373687744,18.605512619018555
2022-11-03,3.791639566421509,3.4985063076019287,18.360239028930664
2022-11-04,3.8897762298583984,3.5882115364074707,18.32520294189453
2022-11-07,3.8897762298583984,3.5792410373687744,18.39528465270996
2022-11-08,3.8630118370056152,3.6061527729034424,18.552955627441406
2022-11-09,3.9165408611297607,3.5882115364074707,18.39528465270996
2022-11-10,3.880854606628418,3.5792410373687744,18.57047462463379
2022-11-11,3.970069408416748,3.597182273864746,18.57047462463379
2022-11-14,3.9789905548095703,3.6151235103607178,18.482879638671875
2022-11-15,3.970069408416748,3.6151235103607178,18.885820388793945
2022-11-16,3.9076194763183594,3.6061527729034424,18.938383102416992
2022-11-17,3.8451688289642334,3.6779167652130127,18.763187408447266
2022-11-21,3.836246967315674,3.6061527729034424,18.552955627441406
2022-11-22,3.8630118370056152,3.6061527729034424,18.658069610595703
2022-11-23,3.9522266387939453,3.6061527729034424,18.57047462463379
2022-11-24,3.8719329833984375,3.5882115364074707,18.482879638671875
2022-11-25,3.8630118370056152,3.570270538330078,18.447839736938477
2022-11-29,3.880854606628418,3.480565309524536,18.517915725708008
2022-11-30,3.8005614280700684,3.4267418384552,18.30768394470215
2022-12-01,3.9343833923339844,3.453653335571289,18.745668411254883
2022-12-02,4.014677047729492,3.4715945720672607,18.22008514404297
2022-12-05,3.925461769104004,3.4088008403778076,18.20256996154785
2022-12-06,3.8451688289642334,3.4088008403778076,18.39528465270996
2022-12-07,3.880854606628418,3.390860080718994,18.447839736938477
2022-12-08,3.880854606628418,3.4088008403778076,18.39528465270996
2022-12-09,3.880854606628418,3.4267418384552,18.22008514404297
2022-12-12,3.8897762298583984,3.4088008403778076,18.430322647094727
2022-12-13,3.791639566421509,3.35497784614563,18.39528465270996
2022-12-14,3.880854606628418,3.3729188442230225,18.482879638671875
2022-12-15,3.880854606628418,3.3101251125335693,18.41280174255371
2022-12-16,4.255558013916016,3.570270538330078,19.06101417541504
2022-12-19,3.9522266387939453,3.54335880279541,18.833261489868164
2022-12-20,3.8986976146698,3.507476806640625,18.833261489868164
2022-12-21,3.880854606628418,3.4446828365325928,18.623031616210938
2022-12-22,3.925461769104004,3.534388542175293,18.623031616210938
2022-12-23,3.880854606628418,3.4985063076019287,18.57047462463379
2022-12-27,4.077127933502197,3.624093532562256,19.043495178222656
2022-12-28,4.077127933502197,3.6330645084381104,19.00845718383789
2022-12-29,4.148499965667725,3.6330645084381104,19.236207962036133
2022-12-30,4.148499965667725,3.6330645084381104,19.586593627929688
2023-01-03,4.014677047729492,3.5523297786712646,19.35884666442871
2023-01-04,3.880854606628418,3.534388542175293,18.920862197875977
2023-01-05,3.970069408416748,3.5882115364074707,19.27124786376953
2023-01-06,3.8986976146698,3.507476806640625,19.14861297607422
2023-01-09,3.9522266387939453,3.597182273864746,19.201168060302734
2023-01-10,3.8986976146698,3.5523297786712646,19.236207962036133
2023-01-11,3.9076194763183594,3.561300277709961,19.21868896484375
2023-01-12,3.9076194763183594,3.534388542175293,19.27124786376953
2023-01-13,3.854090690612793,3.5792410373687744,19.42892074584961
2023-01-16,3.8986976146698,3.54335880279541,19.06101417541504
2023-01-17,3.9165408611297607,3.516447067260742,19.096054077148438
2023-01-18,3.925461769104004,3.534388542175293,18.605512619018555
2023-01-19,3.8897762298583984,3.480565309524536,18.658069610595703
2023-01-20,3.970069408416748,3.4985063076019287,18.658069610595703
2023-01-25,3.8719329833984375,3.453653335571289,18.640552520751953
2023-01-26,3.880854606628418,3.453653335571289,18.885820388793945
2023-01-27,3.8184046745300293,3.4895355701446533,19.078536987304688
2023-01-30,3.8719329833984375,3.4446828365325928,18.938383102416992
2023-01-31,3.8630118370056152,3.4267418384552,18.763187408447266
2023-02-02,3.970069408416748,3.4267418384552,19.06101417541504
2023-02-03,3.9522266387939453,3.4626238346099854,19.28876495361328
2023-02-07,3.970069408416748,3.417771339416504,19.16613006591797
2023-02-08,3.8897762298583984,3.4357123374938965,19.201168060302734
2023-02-09,3.8451688289642334,3.4267418384552,19.253726959228516
2023-02-10,3.8630118370056152,3.417771339416504,19.21868896484375
2023-02-13,3.8273253440856934,3.3729188442230225,19.043495178222656
2023-02-14,3.8986976146698,3.453653335571289,19.35884666442871
2023-02-15,3.880854606628418,3.4446828365325928,19.35884666442871
2023-02-16,3.880854606628418,3.453653335571289,19.35884666442871
2023-02-17,3.880854606628418,3.417771339416504,19.32248878479004
2023-02-20,3.836246967315674,3.3998303413391113,19.267959594726562
2023-02-21,3.8986976146698,3.417771339416504,19.54061508178711
2023-02-22,3.8630118370056152,3.4088008403778076,19.37701988220215
2023-02-23,3.836246967315674,3.381889581680298,19.449729919433594
2023-02-24,3.8630118370056152,3.381889581680298,19.213422775268555
2023-02-27,3.836246967315674,3.35497784614563,18.995298385620117
2023-02-28,3.773796796798706,3.4357123374938965,18.904409408569336
2023-03-01,3.791639566421509,3.3998303413391113,18.940767288208008
2023-03-02,3.836246967315674,3.4267418384552,19.06800651550293
2023-03-03,3.8005614280700684,3.4715945720672607,19.086185455322266
2023-03-06,3.836246967315674,3.4985063076019287,19.231599807739258
2023-03-07,4.023599147796631,3.570270538330078,19.649681091308594
2023-03-08,3.987912893295288,3.5523297786712646,19.10436248779297
2023-03-09,3.836246967315674,3.4895355701446533,18.904409408569336
2023-03-10,3.791639566421509,3.4088008403778076,18.813526153564453
2023-03-13,3.809483051300049,3.4985063076019287,18.849878311157227
2023-03-14,3.7381112575531006,3.4165101051330566,18.72263526916504
2023-03-15,3.7648746967315674,3.4620633125305176,18.77716827392578
2023-03-16,3.7648746967315674,3.4073994159698486,18.77716827392578
2023-03-17,3.809483051300049,3.5622811317443848,19.59514617919922
2023-03-20,3.7648746967315674,3.5167274475097656,19.086185455322266
2023-03-21,3.7648746967315674,3.4802846908569336,18.92258644104004
2023-03-22,3.7648746967315674,3.4802846908569336,18.904409408569336
2023-03-23,3.773796796798706,3.5349490642547607,18.904409408569336
2023-03-24,3.7648746967315674,3.4438421726226807,18.904409408569336
2023-03-27,3.711345911026001,3.3982887268066406,18.813526153564453
2023-03-28,3.836246967315674,3.3982887268066406,18.904409408569336
2023-03-29,3.791639566421509,3.3891780376434326,18.97711753845215
2023-03-30,3.8184046745300293,3.4438421726226807,18.904409408569336
2023-03-31,3.809483051300049,3.4711740016937256,18.886234283447266
2023-04-03,3.8273253440856934,3.4620633125305176,19.10436248779297
2023-04-04,3.755953788757324,3.4256207942962646,18.813526153564453
2023-04-05,3.773796796798706,3.4529526233673096,18.92258644104004
2023-04-06,3.773796796798706,3.4073994159698486,18.958942413330078
2023-04-07,3.7827179431915283,3.4073994159698486,19.086185455322266
2023-04-10,3.8451688289642334,3.4620633125305176,19.504262924194336
2023-04-11,3.8897762298583984,3.4438421726226807,19.57697296142578
2023-04-12,3.8451688289642334,3.4620633125305176,19.90416145324707
2023-04-13,3.854090690612793,3.5167274475097656,19.68603515625
2023-04-14,3.809483051300049,3.5076167583465576,19.667858123779297
2023-04-17,3.755953788757324,3.4893953800201416,19.57697296142578
2023-04-18,3.8451688289642334,3.5258381366729736,19.704212188720703
2023-04-19,3.836246967315674,3.5076167583465576,19.55879783630371
2023-04-20,3.8451688289642334,3.4711740016937256,19.486083984375
2023-04-25,3.9968345165252686,3.5258381366729736,19.885984420776367
2023-04-26,3.9522266387939453,3.4620633125305176,19.831451416015625
2023-04-27,3.907364845275879,3.4985060691833496,19.867809295654297
2023-04-28,3.871185541152954,3.4802846908569336,19.54061508178711
2023-05-02,3.9344987869262695,3.5076167583465576,19.17706871032715
2023-05-03,3.9435439109802246,3.5076167583465576,19.958696365356445
2023-05-05,3.988767623901367,3.5076167583465576,19.54061508178711
2023-05-08,3.9706785678863525,3.4802846908569336,19.631502151489258
2023-05-09,3.916409492492676,3.4802846908569336,19.667858123779297
2023-05-10,3.9525880813598633,3.4711740016937256,19.74056625366211
2023-05-11,4.024947166442871,3.5349490642547607,20.013229370117188
2023-05-12,4.033991813659668,3.5713915824890137,20.17682647705078
2023-05-15,3.9616332054138184,3.5076167583465576,20.19499969482422
2023-05-16,3.988767623901367,3.5531704425811768,20.449481964111328
2023-05-17,4.14253044128418,3.607834815979004,20.70396614074707
2023-05-18,4.124439716339111,3.644277334213257,20.649433135986328
2023-05-19,4.070171356201172,3.644277334213257,20.59490203857422
2023-05-22,4.088261127471924,3.644277334213257,20.72214126586914
2023-05-23,4.052082061767578,3.607834815979004,20.540369033813477
2023-05-24,3.988767623901367,3.626055955886841,20.485837936401367
2023-05-25,3.871185541152954,3.5622811317443848,19.795103073120117
2023-05-26,3.816915988922119,3.5622811317443848,19.667858123779297
2023-05-29,3.844050645828247,3.598723888397217,19.867809295654297
2023-05-30,3.853095769882202,3.5622811317443848,19.667858123779297
2023-05-31,3.816915988922119,3.3618457317352295,18.97711753845215
2023-06-01,3.816915988922119,3.3800673484802246,19.10436248779297
2023-06-02,3.816915988922119,3.4165101051330566,19.286130905151367
2023-06-06,3.9706785678863525,3.4711740016937256,19.413373947143555
2023-06-07,3.8621408939361572,3.4438421726226807,19.631502151489258
2023-06-08,3.825961112976074,3.4256207942962646,19.704212188720703
2023-06-09,3.825961112976074,3.4347314834594727,19.72239112854004
2023-06-12,3.916409492492676,3.4802846908569336,20.031402587890625
2023-06-13,3.8892743587493896,3.4347314834594727,19.90416145324707
2023-06-14,3.8892743587493896,3.4256207942962646,19.631502151489258
2023-06-15,3.853095769882202,3.4256207942962646,19.758745193481445
2023-06-16,3.8621408939361572,3.4256207942962646,18.740816116333008
2023-06-19,3.907364845275879,3.4073994159698486,19.90416145324707
2023-06-20,3.8802297115325928,3.4256207942962646,19.976871490478516
2023-06-21,3.8621408939361572,3.4165101051330566,19.831451416015625
2023-06-22,3.835005760192871,3.4165101051330566,19.704212188720703
2023-06-23,3.8892743587493896,3.4073994159698486,19.795103073120117
2023-06-26,3.844050645828247,3.4256207942962646,20.085935592651367
2023-06-27,3.853095769882202,3.3982887268066406,20.19499969482422
2023-06-28,3.835005760192871,3.4073994159698486,20.140464782714844
2023-06-30,3.7536022663116455,3.3982887268066406,19.958696365356445
2023-07-03,3.907364845275879,3.4620633125305176,20.26770782470703
2023-07-04,3.8892743587493896,3.4711740016937256,20.24953269958496
2023-07-05,3.9525880813598633,3.4985060691833496,20.86756134033203
2023-07-06,3.871185541152954,3.4985060691833496,20.75849723815918
2023-07-07,3.871185541152954,3.4165101051330566,20.485837936401367
2023-07-10,3.916409492492676,3.4347314834594727,20.81595802307129
2023-07-11,3.9616332054138184,3.5349490642547607,21.036039352416992
2023-07-12,3.9525880813598633,3.5622811317443848,20.85264015197754
2023-07-13,3.9706785678863525,3.5531704425811768,20.81595802307129
2023-07-14,3.9797229766845703,3.5258381366729736,20.81595802307129
2023-07-17,3.9525880813598633,3.5076167583465576,20.81595802307129
2023-07-18,3.9797229766845703,3.5349490642547607,20.907657623291016
2023-07-20,3.9797229766845703,3.635166645050049,20.81595802307129
2023-07-21,4.097306251525879,3.708052158355713,20.889318466186523
2023-07-24,4.133485794067383,3.708052158355713,21.38450050354004
2023-07-25,4.151574611663818,3.744495153427124,21.457860946655273
2023-07-26,4.1696648597717285,3.77182674407959,21.549558639526367
2023-07-27,4.160619735717773,3.799159288406372,21.549558639526367
2023-07-28,4.115396022796631,3.762716293334961,21.274459838867188
2023-07-31,4.115396022796631,3.799159288406372,21.38450050354004
2023-08-01,4.088261127471924,3.77182674407959,21.329477310180664
2023-08-02,4.024947166442871,3.77182674407959,21.274459838867188
2023-08-03,4.061125755310059,3.744495153427124,21.274459838867188
2023-08-04,4.043036460876465,3.717162609100342,21.274459838867188
2023-08-07,4.043036460876465,3.726273536682129,21.402841567993164
2023-08-08,4.106350898742676,3.735384225845337,21.421180725097656
2023-08-09,4.124439716339111,3.799159288406372,21.439517974853516
2023-08-10,4.070171356201172,3.726273536682129,21.256120681762695
2023-08-11,4.061125755310059,3.717162609100342,21.182756423950195
2023-08-14,4.052082061767578,3.708052158355713,21.0910587310791
2023-08-15,3.9797229766845703,3.653388261795044,20.870975494384766
2023-08-16,4.024947166442871,3.662498950958252,20.81595802307129
2023-08-17,3.898319959640503,3.5440595149993896,20.632556915283203
2023-08-18,3.9706785678863525,3.626055955886841,20.779277801513672
2023-08-21,3.9616332054138184,3.698941707611084,20.889318466186523
2023-08-22,3.9706785678863525,3.689831256866455,20.889318466186523
2023-08-23,3.907364845275879,3.616945505142212,20.632556915283203
2023-08-24,3.9706785678863525,3.653388261795044,20.54085922241211
2023-08-25,3.9525880813598633,3.662498950958252,19.935636520385742
2023-08-28,3.9616332054138184,3.662498950958252,19.715553283691406
2023-08-29,3.9616332054138184,3.662498950958252,19.78891372680664
2023-08-30,3.9706785678863525,3.671609878540039,19.75223731994629
2023-09-01,3.9797229766845703,3.689831256866455,19.660533905029297
2023-09-04,4.015902519226074,3.671609878540039,19.605514526367188
2023-09-05,3.9254541397094727,3.662498950958252,19.532155990600586
2023-09-06,3.898319959640503,3.6809494495391846,19.532155990600586
2023-09-07,3.9344987869262695,3.736302137374878,19.56883430480957
2023-09-08,3.8802297115325928,3.736302137374878,19.44045639038086
2023-09-11,3.8892743587493896,3.717851400375366,19.44045639038086
2023-09-12,3.898319959640503,3.727076768875122,19.715553283691406
2023-09-13,3.9435439109802246,3.7732040882110596,19.75223731994629
2023-09-14,3.9797229766845703,3.7639787197113037,19.917295455932617
2023-09-15,4.14253044128418,3.4687647819519043,21.38450050354004
2023-09-18,4.024947166442871,3.6809494495391846,19.697214126586914
2023-09-19,3.988767623901367,3.6717238426208496,19.733898162841797
2023-09-20,4.033991813659668,3.6901750564575195,19.660533905029297
2023-09-21,3.9344987869262695,3.6809494495391846,19.532155990600586
2023-09-22,3.9344987869262695,3.6901750564575195,19.605514526367188
2023-09-25,3.916409492492676,3.6717238426208496,19.532155990600586
2023-09-26,3.916409492492676,3.6717238426208496,19.642194747924805
2023-09-27,3.8802297115325928,3.6809494495391846,19.715553283691406
2023-09-29,3.871185541152954,3.6717238426208496,19.62385368347168
2023-10-02,3.871185541152954,3.6440482139587402,19.697214126586914
2023-10-03,3.907364845275879,3.6440482139587402,19.697214126586914
2023-10-04,3.8621408939361572,3.6163718700408936,19.697214126586914
2023-10-05,3.8621408939361572,3.6255972385406494,19.642194747924805
2023-10-06,3.871185541152954,3.6255972385406494,19.62385368347168
2023-10-09,3.825961112976074,3.6255972385406494,20.02733612060547
2023-10-10,3.871185541152954,3.6440482139587402,20.265756607055664
2023-10-11,3.835005760192871,3.6255972385406494,20.064014434814453
2023-10-12,3.825961112976074,3.6163718700408936,19.715553283691406
2023-10-13,3.825961112976074,3.6071462631225586,19.99065399169922
2023-10-16,3.798826217651367,3.5979208946228027,19.733898162841797
2023-10-17,3.835005760192871,3.6255972385406494,20.155715942382812
2023-10-18,3.916409492492676,3.653273344039917,20.155715942382812
2023-10-19,3.8892743587493896,3.6440482139587402,20.54085922241211
2023-10-20,3.825961112976074,3.634822368621826,20.54085922241211
2023-10-23,3.8078715801239014,3.6163718700408936,20.54085922241211
2023-10-24,3.8078715801239014,3.570244312286377,20.54085922241211
2023-10-25,3.844050645828247,3.5979208946228027,20.54085922241211
2023-10-26,3.8621408939361572,3.5886952877044678,20.357460021972656
2023-10-27,3.8621408939361572,3.6163718700408936,20.32077407836914
2023-10-30,3.916409492492676,3.5979208946228027,20.265756607055664
2023-10-31,3.9254541397094727,3.6255972385406494,20.155715942382812
2023-11-01,3.9277327060699463,3.6071462631225586,20.13737678527832
2023-11-02,3.9277327060699463,3.6255972385406494,20.24741554260254
2023-11-03,3.9915242195129395,3.653273344039917,20.24741554260254
2023-11-06,4.018862724304199,3.6994004249572754,20.265756607055664
2023-11-07,3.9732983112335205,3.662498950958252,20.210735321044922
2023-11-08,3.982410192489624,3.662498950958252,20.174057006835938
2023-11-09,3.9550716876983643,3.653273344039917,20.064014434814453
2023-11-10,3.9459586143493652,3.634822368621826,19.880615234375
2023-11-14,4.000637054443359,3.6255972385406494,19.99065399169922
2023-11-15,4.018862724304199,3.7086257934570312,20.192398071289062
2023-11-16,3.9915242195129395,3.7086257934570312,20.192398071289062
2023-11-17,3.9915242195129395,3.6901750564575195,20.174057006835938
2023-11-20,3.982410192489624,3.6440482139587402,20.174057006835938
2023-11-21,4.0370893478393555,3.7086257934570312,19.82559585571289
2023-11-22,3.982410192489624,3.6717238426208496,19.733898162841797
2023-11-23,3.9732983112335205,3.6717238426208496,19.605514526367188
2023-11-24,3.9550716876983643,3.6901750564575195,19.51381492614746
2023-11-27,4.046202182769775,3.6440482139587402,19.62385368347168
2023-11-28,4.109993934631348,3.6809494495391846,19.715553283691406
2023-11-29,4.146446228027344,3.6809494495391846,19.715553283691406
2023-11-30,4.109993934631348,3.7086257934570312,20.064014434814453
2023-12-01,4.119107246398926,3.6717238426208496,19.532155990600586
2023-12-04,4.100881099700928,3.6809494495391846,19.62385368347168
2023-12-05,4.100881099700928,3.6901750564575195,19.605514526367188
2023-12-06,4.100881099700928,3.662498950958252,19.587173461914062
2023-12-07,4.0553154945373535,3.6255972385406494,19.715553283691406
2023-12-08,4.0370893478393555,3.653273344039917,19.733898162841797
2023-12-11,4.08265495300293,3.662498950958252,19.62385368347168
2023-12-12,4.091766834259033,3.653273344039917,19.697214126586914
2023-12-13,4.128220558166504,3.662498950958252,19.715553283691406
2023-12-14,4.137332916259766,3.6717238426208496,19.715553283691406
2023-12-15,4.1555585861206055,3.745527505874634,19.62385368347168
2023-12-18,4.146446228027344,3.6994004249572754,19.678874969482422
2023-12-19,4.100881099700928,3.662498950958252,19.715553283691406
2023-12-20,4.091766834259033,3.634822368621826,19.880615234375
2023-12-21,4.119107246398926,3.6255972385406494,20.100696563720703
2023-12-22,4.119107246398926,3.6440482139587402,20.064014434814453
2023-12-26,4.097879409790039,3.634822368621826,20.045677185058594
2023-12-27,4.125567436218262,3.634822368621826,20.082353591918945
2023-12-28,4.144025802612305,3.634822368621826,20.045677185058594
2023-12-29,4.116337776184082,3.6255972385406494,20.00899314880371
2024-01-02,4.033272743225098,3.6440482139587402,19.862276077270508
2024-01-03,4.0425028800964355,3.6901750564575195,19.953975677490234
2024-01-04,4.051732063293457,3.6901750564575195,20.174057006835938
2024-01-05,4.0148138999938965,3.6717238426208496,20.174057006835938
2024-01-08,4.033272743225098,3.6809494495391846,20.449155807495117
2024-01-09,4.0425028800964355,3.6809494495391846,20.449155807495117
2024-01-10,4.0148138999938965,3.653273344039917,20.430816650390625
2024-01-11,4.079421043395996,3.662498950958252,20.54085922241211
2024-01-12,3.9778964519500732,3.6717238426208496,20.55919647216797
2024-01-15,4.134797096252441,3.6717238426208496,20.632556915283203
2024-01-16,4.116337776184082,3.653273344039917,20.632556915283203
2024-01-17,4.134797096252441,3.653273344039917,20.632556915283203
2024-01-18,4.0609612464904785,3.662498950958252,20.449155807495117
2024-01-19,4.1071085929870605,3.653273344039917,20.59587860107422
2024-01-22,4.0701904296875,3.653273344039917,20.632556915283203
2024-01-23,4.033272743225098,3.6717238426208496,20.669239044189453
2024-01-24,4.0425028800964355,3.6994004249572754,20.81595802307129
2024-01-26,4.0148138999938965,3.662498950958252,20.797618865966797
2024-01-29,4.171715259552002,3.6901750564575195,20.797618865966797
2024-01-30,4.125567436218262,3.6717238426208496,20.797616958618164
2024-01-31,4.079421043395996,3.6809494495391846,20.741607666015625
2024-02-02,4.144025802612305,3.662498950958252,20.554916381835938
2024-02-05,4.079421043395996,3.662498950958252,20.741607666015625
2024-02-06,4.116337776184082,3.6717238426208496,20.629592895507812
2024-02-07,4.116337776184082,3.6717238426208496,20.554916381835938
2024-02-08,4.116337776184082,3.6809494495391846,20.8349552154541
2024-02-09,4.1071085929870605,3.6717238426208496,20.946971893310547
2024-02-13,4.199403285980225,3.727076768875122,21.077655792236328
2024-02-14,4.134797096252441,3.7086257934570312,21.040319442749023
2024-02-15,4.097879409790039,3.6717238426208496,21.002979278564453
2024-02-16,4.153255939483643,3.6809494495391846,21.040319442749023
2024-02-19,4.153255939483643,3.6717238426208496,21.021648406982422
2024-02-20,4.153255939483643,3.717851400375366,21.09632682800293
2024-02-21,4.171715259552002,3.7086257934570312,21.09632682800293
2024-02-22,4.153255939483643,3.717851400375366,21.339027404785156
2024-02-23,4.088649749755859,3.6809494495391846,20.984310150146484
2024-02-26,3.9040606021881104,3.6901750564575195,20.760278701782227
2024-02-27,3.9686663150787354,3.7086257934570312,20.778949737548828
2024-02-28,3.9502081871032715,3.6901750564575195,20.70427131652832
2024-02-29,3.9963552951812744,3.6717238426208496,20.90963363647461
2024-03-01,4.005584239959717,3.6901750564575195,20.573583602905273
2024-03-04,4.024043560028076,3.754753351211548,20.8349552154541
2024-03-05,3.931749105453491,3.653273344039917,20.442899703979492
2024-03-06,3.940978765487671,3.6901750564575195,20.42422866821289
2024-03-07,3.9686663150787354,3.6901750564575195,20.442899703979492
2024-03-08,4.033272743225098,3.7321617603302,20.573583602905273
2024-03-11,4.0148138999938965,3.7135009765625,20.629592895507812
2024-03-12,4.0701904296875,3.7508230209350586,20.66693115234375
2024-03-13,3.9963552951812744,3.666849136352539,20.368221282958984
2024-03-14,4.051732063293457,3.7228317260742188,20.517578125
2024-03-15,4.005584239959717,3.7321617603302,20.5362491607666
2024-03-18,4.005584239959717,3.7135009765625,20.554916381835938
2024-03-19,3.9778964519500732,3.7135009765625,20.480239868164062
2024-03-20,4.005584239959717,3.7135009765625,20.573583602905273
2024-03-21,4.0609612464904785,3.7694835662841797,20.816286087036133
2024-03-22,3.9963552951812744,3.7694835662841797,20.90963363647461
2024-03-25,4.0148138999938965,3.7041709423065186,20.90963363647461
2024-03-26,4.051732063293457,3.741492509841919,20.853626251220703
2024-03-27,4.0148138999938965,3.6855099201202393,20.816286087036133
2024-03-29,3.9778964519500732,3.7135009765625,20.946971893310547
2024-04-01,4.024043560028076,3.7135009765625,21.077655792236328
2024-04-02,4.005584239959717,3.7135009765625,21.283018112182617
2024-04-03,4.0148138999938965,3.7041709423065186,21.26434898376465
2024-04-04,4.153255939483643,3.7321617603302,21.26434898376465
2024-04-05,4.208631992340088,3.7788140773773193,21.301687240600586
2024-04-08,4.208631992340088,3.76015305519104,21.48838233947754
2024-04-09,4.208631992340088,3.76015305519104,21.469711303710938
2024-04-12,4.162485599517822,3.7788140773773193,21.26434898376465
2024-04-15,4.097879409790039,3.7788140773773193,21.376365661621094
2024-04-16,4.1071085929870605,3.76015305519104,21.376365661621094
2024-04-17,4.079421043395996,3.7135009765625,21.152334213256836
2024-04-18,4.0701904296875,3.7135009765625,21.189674377441406
2024-04-19,4.116337776184082,3.7228317260742188,21.339027404785156
2024-04-22,4.125567436218262,3.7508230209350586,21.376365661621094
2024-04-23,4.0609612464904785,3.741492509841919,21.24567985534668
2024-04-24,4.097879409790039,3.7788140773773193,21.357696533203125
2024-04-25,4.097879409790039,3.76015305519104,21.395034790039062
2024-04-26,4.088649749755859,3.7788140773773193,21.469711303710938
2024-04-29,4.153255939483643,3.8254659175872803,21.65640640258789
2024-04-30,4.125567436218262,3.7974748611450195,21.600399017333984
2024-05-02,4.134797096252441,3.834796667098999,21.693742752075195
2024-05-03,4.135265350341797,3.816135883331299,21.600399017333984
2024-05-06,4.144620418548584,3.76015305519104,21.563058853149414
2024-05-07,4.191399574279785,3.806805372238159,21.581729888916016
2024-05-08,4.322380542755127,3.806805372238159,21.65640640258789
2024-05-09,4.2849578857421875,3.7694835662841797,21.395034790039062
2024-05-10,4.228823184967041,3.7694835662841797,21.152334213256836
2024-05-13,4.238178730010986,3.7694835662841797,21.05898666381836
2024-05-14,4.256890296936035,3.816135883331299,20.965641021728516
2024-05-15,4.1539764404296875,3.78814435005188,20.965641021728516
2024-05-16,4.163331985473633,3.7974748611450195,21.021648406982422
2024-05-17,4.182043552398682,3.76015305519104,20.90963363647461
2024-05-20,4.191399574279785,3.76015305519104,20.946971893310547
2024-05-21,4.172687530517578,3.6575188636779785,20.162860870361328
2024-05-23,4.116552829742432,3.7135009765625,20.405563354492188
2024-05-24,4.069774150848389,3.7135009765625,20.722942352294922
2024-05-27,4.05106258392334,3.6855099201202393,20.517578125
2024-05-28,4.05106258392334,3.666849136352539,20.517578125
2024-05-29,3.966860055923462,3.6108665466308594,19.938827514648438
2024-05-30,3.985572099685669,3.6108665466308594,20.032175064086914
2024-05-31,3.9762158393859863,3.5642144680023193,19.472097396850586
2024-06-04,4.163331985473633,3.59220552444458,19.78947639465332
2024-06-05,4.1539764404296875,3.59220552444458,19.69612693786621
2024-06-06,4.05106258392334,3.620197296142578,19.640121459960938
2024-06-07,4.060418128967285,3.638857841491699,19.752134323120117
2024-06-10,4.032351016998291,3.601536512374878,19.472097396850586
2024-06-11,3.9762158393859863,3.5828754901885986,19.210725784301758
2024-06-12,3.966860055923462,3.554884433746338,19.565441131591797
2024-06-13,3.948148250579834,3.5362236499786377,19.37874984741211
2024-06-14,3.948148250579834,3.5175626277923584,19.13604736328125
2024-06-18,4.022994518280029,3.554884433746338,18.874675750732422
2024-06-19,4.004283905029297,3.498901844024658,18.949356079101562
2024-06-20,4.022994518280029,3.498901844024658,18.912015914916992
2024-06-21,4.022994518280029,3.480241060256958,19.285402297973633
2024-06-24,4.022994518280029,3.498901844024658,19.080041885375977
2024-06-25,3.9762158393859863,3.480241060256958,19.5841121673584
2024-06-26,3.985572099685669,3.4522500038146973,19.3040714263916
2024-06-27,3.929436683654785,3.4429194927215576,19.15471839904785
2024-06-28,3.948148250579834,3.4522500038146973,19.266733169555664
2024-07-01,3.966860055923462,3.480241060256958,19.11737823486328
2024-07-02,3.948148250579834,3.4242587089538574,19.024030685424805
2024-07-03,3.9762158393859863,3.4615800380706787,19.19205665588379
2024-07-04,3.9762158393859863,3.4522500038146973,18.93068504333496
2024-07-05,3.9575045108795166,3.4709107875823975,19.062671661376953
2024-07-09,3.882657766342163,3.4522500038146973,18.7987003326416
2024-07-10,3.9387929439544678,3.433588981628418,18.874120712280273
2024-07-11,3.9575045108795166,3.4429194927215576,18.62900161743164
2024-07-12,3.9387929439544678,3.4429194927215576,18.666709899902344
2024-07-15,3.9387929439544678,3.4709107875823975,18.72327995300293
2024-07-16,3.985572099685669,3.4522500038146973,18.874120712280273
2024-07-17,4.022994518280029,3.5362236499786377,19.345502853393555
2024-07-18,4.022994518280029,3.573544979095459,19.703752517700195
2024-07-19,4.210111141204834,3.59220552444458,20.269411087036133
2024-07-22,4.182043552398682,3.601536512374878,20.13742446899414
2024-07-23,4.228823184967041,3.620197296142578,19.647188186645508
2024-07-24,4.2194671630859375,3.554884433746338,19.68489646911621
2024-07-25,4.200754642486572,3.554884433746338,19.43977928161621
2024-07-26,4.163331985473633,3.526893138885498,19.458633422851562
2024-07-29,4.228823184967041,3.545553684234619,19.515199661254883
2024-07-30,4.172687530517578,3.554884433746338,19.68489646911621
2024-07-31,4.182043552398682,3.5642144680023193,19.87344741821289
2024-08-01,4.172687530517578,3.5362236499786377,19.91115951538086
2024-08-02,4.1539764404296875,3.5362236499786377,19.87344741821289
2024-08-05,4.013638973236084,3.4522500038146973,19.32664680480957
2024-08-06,4.191399574279785,3.4895715713500977,20.19399070739746
2024-08-07,4.163331985473633,3.4895715713500977,19.609474182128906
2024-08-08,4.116552829742432,3.4895715713500977,19.703752517700195
2024-08-09,4.191399574279785,3.480241060256958,19.66604232788086
2024-08-12,4.210111141204834,3.526893138885498,19.66604232788086
2024-08-13,4.275601863861084,3.526893138885498,19.590621948242188
2024-08-14,4.31302547454834,3.526893138885498,19.835739135742188
2024-08-15,4.247534275054932,3.573544979095459,19.779172897338867
2024-08-16,4.322380542755127,3.59220552444458,19.79802703857422
2024-08-19,4.256890296936035,3.5362236499786377,19.892305374145508
2024-08-20,4.31302547454834,3.526893138885498,19.515199661254883
2024-08-21,4.2194671630859375,3.5175626277923584,19.477487564086914
2024-08-22,4.2849578857421875,3.5642144680023193,20.005434036254883
2024-08-23,4.3317365646362305,3.5362236499786377,20.005434036254883
2024-08-26,4.341092109680176,3.5362236499786377,20.231698989868164
2024-08-27,4.2849578857421875,3.5828754901885986,19.98657989501953
2024-08-28,4.303668975830078,3.6855099201202393,20.514528274536133
2024-08-29,4.294313430786133,3.6761796474456787,20.47681427001953
2024-08-30,4.2849578857421875,3.7508230209350586,20.514528274536133
2024-09-02,4.2849578857421875,3.7321617603302,20.30712127685547
2024-09-03,4.275601863861084,3.648188591003418,20.175132751464844
2024-09-04,4.322380542755127,3.620197296142578,20.062002182006836
2024-09-05,4.238178730010986,3.6575188636779785,20.099712371826172
2024-09-06,4.247534275054932,3.694840431213379,20.062002182006836
2024-09-09,4.210111141204834,3.573544979095459,19.835739135742188
2024-09-10,4.247534275054932,3.620197296142578,19.948869705200195
2024-09-11,4.200754642486572,3.601536512374878,19.609474182128906
2024-09-12,4.210111141204834,3.59220552444458,19.647188186645508
2024-09-13,4.247534275054932,3.601536512374878,19.590621948242188
2024-09-17,4.303668975830078,3.677159070968628,19.779172897338867
2024-09-18,4.303668975830078,3.6204416751861572,19.571765899658203
2024-09-19,4.322380542755127,3.629894733428955,19.515199661254883
2024-09-20,4.415938377380371,3.6204416751861572,19.515199661254883
2024-09-23,4.378515243530273,3.6109888553619385,19.307790756225586
2024-09-24,4.3972272872924805,3.6109888553619385,19.534053802490234
2024-09-25,4.56563138961792,3.6393473148345947,19.534053802490234
2024-09-26,4.444005966186523,3.592082977294922,19.515199661254883
2024-09-27,4.50014066696167,3.5637247562408447,19.345502853393555
2024-09-30,4.481429576873779,3.554271936416626,19.364356994628906
2024-10-01,4.444005966186523,3.5353662967681885,19.79802703857422
2024-10-02,4.3972272872924805,3.5353662967681885,19.892305374145508
2024-10-03,4.3972272872924805,3.5353662967681885,19.892305374145508
2024-10-04,4.387871742248535,3.516460657119751,19.703752517700195
2024-10-07,4.3972272872924805,3.5353662967681885,19.79802703857422
2024-10-08,4.387871742248535,3.516460657119751,19.87344741821289
2024-10-09,4.303668975830078,3.5259134769439697,19.779172897338867
2024-10-10,4.341092109680176,3.5353662967681885,19.91115951538086
2024-10-11,4.31302547454834,3.5637247562408447,19.816883087158203
2024-10-14,4.303668975830078,3.5637247562408447,20.175132751464844
2024-10-15,4.415938377380371,3.5637247562408447,20.269411087036133
2024-10-16,4.31302547454834,3.554271936416626,19.835739135742188
2024-10-17,4.378515243530273,3.5637247562408447,20.024290084838867
2024-10-18,4.415938377380371,3.5731778144836426,20.156278610229492
2024-10-21,4.425294399261475,3.5731778144836426,19.96772575378418
2024-10-22,4.5282087326049805,3.5731778144836426,19.854591369628906
2024-10-23,4.472073554992676,3.554271936416626,19.948869705200195
2024-10-24,4.453362464904785,3.554271936416626,19.87344741821289
2024-10-25,4.481429576873779,3.554271936416626,19.892305374145508
2024-10-28,4.453362464904785,3.5731778144836426,20.30712127685547
2024-10-29,4.453362464904785,3.601536273956299,20.401395797729492
2024-10-30,4.346126079559326,3.5637247562408447,20.175132751464844
2024-11-01,4.676809787750244,3.629894733428955,20.55223846435547
2024-11-04,4.676809787750244,3.752781867980957,21.117895126342773
2024-11-05,4.771290302276611,3.7338762283325195,21.02362060546875
2024-11-06,4.724050045013428,3.7338762283325195,20.948198318481445
2024-11-07,4.686257839202881,3.677159070968628,20.684226989746094
2024-11-08,4.714601993560791,3.714970588684082,20.74079132080078
2024-11-11,4.8468756675720215,3.7338762283325195,21.061330795288086
2024-11-12,4.865771770477295,3.828404664993286,21.30644989013672
2024-11-13,4.7334980964660645,3.7811403274536133,21.0047664642334
2024-11-14,4.5823283195495605,3.743328809738159,21.117895126342773
2024-11-15,4.544536113739014,3.714970588684082,20.646514892578125
2024-11-18,4.648465633392334,3.7716875076293945,20.74079132080078
2024-11-19,4.620120525360107,3.7244231700897217,20.646514892578125
2024-11-20,4.629569053649902,3.7244231700897217,20.684226989746094
2024-11-21,4.535088062286377,3.6488006114959717,20.646514892578125
2024-11-22,4.5917768478393555,3.601536273956299,20.175132751464844
2024-11-25,4.506743907928467,3.5826306343078613,20.231698989868164
2024-11-26,4.55398416519165,3.592082977294922,20.38254165649414
2024-11-27,4.544536113739014,3.6393473148345947,19.32664680480957
2024-11-28,4.487847328186035,3.629894733428955,19.79802703857422
2024-11-29,4.544536113739014,3.592082977294922,19.66604232788086
2024-12-02,4.695705413818359,3.6488006114959717,20.32597541809082
2024-12-03,4.7996344566345215,3.667706251144409,20.288265228271484
2024-12-04,4.780738353729248,3.7338762283325195,20.118568420410156
2024-12-05,4.742946147918701,3.743328809738159,20.439105987548828
2024-12-06,4.7334980964660645,3.677159070968628,20.55223846435547
2024-12-09,4.780738353729248,3.6960647106170654,20.212846755981445
2024-12-10,4.742946147918701,3.6866118907928467,20.363685607910156
2024-12-11,4.676809787750244,3.6488006114959717,20.099712371826172
2024-12-12,4.724050045013428,3.6488006114959717,20.08085823059082
2024-12-13,4.686257839202881,3.6488006114959717,20.175132751464844
2024-12-16,4.686257839202881,3.6488006114959717,20.420249938964844
2024-12-17,4.639017105102539,3.6488006114959717,20.363685607910156
2024-12-18,4.648465633392334,3.6488006114959717,20.212846755981445
2024-12-19,4.639017105102539,3.592082977294922,20.19399070739746
2024-12-20,4.55398416519165,3.554271936416626,20.269411087036133
2024-12-23,4.5917768478393555,3.592082977294922,20.08085823059082
2024-12-24,4.610672950744629,3.629894733428955,20.25055503845215
2024-12-26,4.5823283195495605,3.6488006114959717,20.25055503845215
2024-12-27,4.667361259460449,3.6488006114959717,20.363685607910156
2024-12-30,4.676809787750244,3.6488006114959717,20.38254165649414
2024-12-31,4.676809787750244,3.667706251144409,20.55223846435547
2025-01-02,4.705153465270996,3.6582531929016113,20.439105987548828
2025-01-03,4.695705413818359,3.6393473148345947,20.288265228271484
2025-01-06,4.648465633392334,3.6488006114959717,20.19399070739746
2025-01-07,4.771290302276611,3.6488006114959717,20.269411087036133
2025-01-08,4.6579132080078125,3.6488006114959717,20.175132751464844
2025-01-09,4.676809787750244,3.6393473148345947,20.13742446899414
2025-01-10,4.648465633392334,3.6204416751861572,19.892305374145508
2025-01-13,4.55398416519165,3.5731778144836426,19.892305374145508
2025-01-14,4.487847328186035,3.5448191165924072,19.458633422851562
2025-01-15,4.487847328186035,3.5448191165924072,19.477487564086914
2025-01-16,4.478399276733398,3.5353662967681885,19.420923233032227
2025-01-17,4.506743907928467,3.507007598876953,19.420923233032227
2025-01-20,4.544536113739014,3.5448191165924072,19.23236846923828
2025-01-21,4.620120525360107,3.516460657119751,19.02496337890625
2025-01-22,4.629569053649902,3.5448191165924072,19.0438175201416
2025-01-23,4.629569053649902,3.5448191165924072,18.98725128173828
2025-01-24,4.629569053649902,3.5448191165924072,19.138092041015625
2025-01-27,4.42171049118042,3.5448191165924072,19.062671661376953
2025-01-28,4.705153465270996,3.5259134769439697,19.3127384185791
2025-01-31,4.5823283195495605,3.516460657119751,19.139616012573242
2025-02-03,4.5823283195495605,3.516460657119751,19.139616012573242
2025-02-04,4.639017105102539,3.516460657119751,19.0819091796875
2025-02-05,4.610672950744629,3.592082977294922,19.42815399169922
2025-02-06,4.686257839202881,3.554271936416626,19.543567657470703
2025-02-07,4.639017105102539,3.554271936416626,19.58203887939453
2025-02-10,4.535088062286377,3.5448191165924072,19.4473876953125
2025-02-12,4.705153465270996,3.5826306343078613,19.601272583007812
2025-02-13,4.601224422454834,3.592082977294922,19.774396896362305
2025-02-14,4.5917768478393555,3.5731778144836426,19.62051010131836
2025-02-17,4.5823283195495605,3.5353662967681885,19.62051010131836
2025-02-18,4.5823283195495605,3.5448191165924072,19.8128719329834
2025-02-19,4.563432216644287,3.5448191165924072,19.909048080444336
2025-02-20,4.535088062286377,3.5448191165924072,19.851341247558594
2025-02-21,4.601224422454834,3.5731778144836426,20.19758415222168
2025-02-24,4.724050045013428,3.629894733428955,20.601537704467773
2025-02-25,4.563432216644287,3.6109888553619385,20.31300163269043
2025-02-26,4.629569053649902,3.6488006114959717,20.27452850341797
2025-02-27,4.695705413818359,3.554271936416626,20.332237243652344
2025-02-28,4.790186882019043,3.677159070968628,19.832107543945312
2025-03-03,4.676809787750244,3.5637247562408447,19.678218841552734
2025-03-04,4.629569053649902,3.629894733428955,19.8128719329834
2025-03-05,4.676809787750244,3.5826306343078613,20.06293487548828
2025-03-06,4.686257839202881,3.6204416751861572,20.293766021728516
2025-03-07,4.610672950744629,3.5259134769439697,19.73592758178711
2025-03-10,4.535088062286377,3.507007598876953,19.678218841552734
2025-03-11,4.478399276733398,3.5453357696533203,19.69745445251465
2025-03-12,4.497296333312988,3.516589641571045,19.79363250732422
2025-03-13,4.55398416519165,3.516589641571045,19.8128719329834
2025-03-14,4.563432216644287,3.5357537269592285,20.19758415222168
2025-03-17,4.572880744934082,3.5453357696533203,20.351472854614258
2025-03-19,4.563432216644287,3.5836637020111084,20.54383087158203
2025-03-20,4.5917768478393555,3.5453357696533203,20.582300186157227
2025-03-21,4.629569053649902,3.5357537269592285,20.19758415222168
2025-03-24,4.601224422454834,3.554917573928833,20.13987922668457
2025-03-25,4.629569053649902,3.507007598876953,20.024463653564453
2025-03-26,4.629569053649902,3.5453357696533203,19.909048080444336
2025-03-27,4.610672950744629,3.554917573928833,20.082168579101562
2025-03-28,4.639017105102539,3.4974260330200195,19.909048080444336
2025-04-02,4.620120525360107,3.554917573928833,19.63974952697754
2025-04-03,4.610672950744629,3.554917573928833,19.678218841552734
2025-04-04,4.52564001083374,3.5453357696533203,19.69745445251465
2025-04-07,4.383917808532715,3.4590976238250732,19.062673568725586
2025-04-08,4.308333396911621,3.3153679370880127,18.3509464263916
2025-04-09,4.176060676574707,3.3153679370880127,17.985469818115234
2025-04-10,4.308333396911621,3.4399335384368896,18.658720016479492
2025-04-11,4.298885345458984,3.4016058444976807,18.774137496948242
2025-04-14,4.4028143882751465,3.5261716842651367,19.351211547851562
2025-04-15,4.412262916564941,3.4974260330200195,19.235795974731445
2025-04-16,4.346126079559326,3.4399335384368896,19.42815399169922
2025-04-17,4.317781925201416,3.4399335384368896,19.235795974731445
2025-04-18,4.346126079559326,3.507007598876953,19.351211547851562
2025-04-21,4.383917808532715,3.4974260330200195,19.15885353088379
2025-04-22,4.393366813659668,3.4878437519073486,19.178089141845703
2025-04-23,4.393366813659668,3.4974260330200195,19.101146697998047
2025-04-24,4.4028143882751465,3.4974260330200195,18.774137496948242
2025-04-25,4.440607070922852,3.5261716842651367,18.889551162719727
2025-04-28,4.412262916564941,3.4974260330200195,19.024202346801758
2025-04-29,4.308333396911621,3.478261947631836,18.754899978637695
2025-04-30,4.487847328186035,3.507007598876953,18.870315551757812
2025-05-02,4.393366813659668,3.564499616622925,19.101146697998047
2025-05-05,4.393366813659668,3.5261716842651367,18.774137496948242
2025-05-06,4.412262916564941,3.554917573928833,18.94725799560547
2025-05-07,4.42171049118042,3.554917573928833,19.15885353088379
2025-05-08,4.428591251373291,3.430351734161377,18.90878677368164
2025-05-09,4.457663059234619,3.4878437519073486,19.043437957763672
2025-05-13,4.544878005981445,3.5453357696533203,19.466623306274414
2025-05-14,4.544878005981445,3.5453357696533203,19.52433204650879
2025-05-15,4.496425151824951,3.593245506286621,19.909048080444336
2025-05-16,4.544878005981445,3.602827548980713,19.601272583007812
2025-05-19,4.535187244415283,3.554917573928833,19.235795974731445
2025-05-20,4.486734390258789,3.468679428100586,19.043437957763672
2025-05-21,4.544878005981445,3.516589641571045,18.90878677368164
2025-05-22,4.486734390258789,3.5261716842651367,18.870315551757812
2025-05-23,4.525496959686279,3.516589641571045,19.0819091796875
2025-05-26,4.535187244415283,3.5261716842651367,19.043437957763672
2025-05-27,4.525496959686279,3.564499616622925,19.58203887939453
2025-05-28,4.477043628692627,3.468679428100586,19.139616012573242
2025-05-29,4.457663059234619,3.4878437519073486,18.985729217529297
2025-05-30,4.341376304626465,3.4495158195495605,18.73566436767578
2025-06-03,4.370447635650635,3.478261947631836,18.889551162719727
2025-06-04,4.389829158782959,3.4495158195495605,18.889551162719727
2025-06-05,4.399519443511963,3.478261947631836,18.985729217529297
2025-06-06,4.438281536102295,3.4878437519073486,19.15885353088379
2025-06-09,4.457663059234619,3.4974260330200195,19.15885353088379
2025-06-10,4.380137920379639,3.4399335384368896,19.197324752807617
2025-06-11,4.457663059234619,3.4495158195495605,18.774137496948242
2025-06-12,4.380137920379639,3.4495158195495605,18.889551162719727
2025-06-13,4.447972774505615,3.4590976238250732,18.94725799560547
2025-06-16,4.554568767547607,3.564499616622925,19.351211547851562
2025-06-17,4.438281536102295,3.478261947631836,19.197324752807617
2025-06-18,4.399519443511963,3.4878437519073486,19.25503158569336
2025-06-19,4.409210205078125,3.4878437519073486,18.96649169921875
2025-06-20,4.351066589355469,3.5357537269592285,19.235795974731445
2025-06-23,4.428591251373291,3.4974260330200195,19.3127384185791
2025-06-24,4.389829158782959,3.5261716842651367,19.33197593688965
2025-06-25,4.389829158782959,3.507007598876953,19.4473876953125
2025-06-26,4.438281536102295,3.554917573928833,20.389944076538086
2025-06-30,4.496425151824951,3.5836637020111084,19.909048080444336
2025-07-01,4.554568767547607,3.602827548980713,20.27452850341797
2025-07-02,4.554568767547607,3.593245506286621,20.178348541259766
2025-07-03,4.63209342956543,3.6315736770629883,20.043699264526367
2025-07-04,4.6611647605896,3.5836637020111084,20.024463653564453
2025-07-07,4.622402667999268,3.6219916343688965,20.13987922668457
2025-07-08,4.593330383300781,3.6315736770629883,20.178348541259766
2025-07-09,4.603021621704102,3.7369754314422607,20.391979217529297
2025-07-10,4.612712383270264,3.6890652179718018,20.23661231994629
2025-07-11,4.63209342956543,3.641155242919922,20.06182289123535
2025-07-14,4.641783714294434,3.6219916343688965,19.789928436279297
2025-07-15,4.603021621704102,3.6219916343688965,19.789928436279297
2025-07-16,4.622402667999268,3.5836637020111084,19.86761474609375
2025-07-17,4.622402667999268,3.679483413696289,19.5762996673584
2025-07-18,4.622402667999268,3.641155242919922,19.809350967407227
2025-07-21,4.622402667999268,3.6124095916748047,19.751089096069336
2025-07-22,4.603021621704102,3.593245506286621,19.28498649597168
2025-07-23,4.603021621704102,3.6699013710021973,19.187883377075195
2025-07-24,4.6611647605896,3.6986474990844727,19.3626708984375
2025-07-25,4.63209342956543,3.6219916343688965,19.401512145996094
2025-07-28,4.709617614746094,3.6986474990844727,19.226722717285156
2025-07-29,4.651474475860596,3.593245506286621,18.954830169677734
2025-07-30,4.641783714294434,3.602827548980713,19.129619598388672
2025-07-31,4.622402667999268,3.6124095916748047,19.013092041015625
2025-08-01,4.603021621704102,3.593245506286621,18.85772705078125
2025-08-04,4.612712383270264,3.5836637020111084,18.72178077697754
2025-08-05,4.63209342956543,3.5836637020111084,18.5469913482666
2025-08-06,4.603021621704102,3.564499616622925,18.72178077697754
2025-08-07,4.622402667999268,3.5740816593170166,18.5469913482666
2025-08-08,4.699926853179932,3.6219916343688965,18.663515090942383
2025-08-11,4.758070468902588,3.5836637020111084,18.85772705078125
2025-08-12,4.787142276763916,3.6699013710021973,19.051937103271484
2025-08-13,4.825904846191406,3.6890652179718018,19.42093276977539
2025-08-14,4.79683256149292,3.6890652179718018,19.246145248413086
2025-08-15,4.728999137878418,3.6603193283081055,18.89656639099121
2025-08-18,4.806523323059082,3.6603193283081055,18.877147674560547
2025-08-19,4.806523323059082,3.7178115844726562,18.954830169677734
2025-08-20,4.9712629318237305,3.6986474990844727,18.64409637451172
2025-08-21,4.9421916007995605,3.6986474990844727,18.89656639099121
2025-08-22,4.884047985076904,3.6986474990844727,19.28498649597168
2025-08-25,4.9421916007995605,3.6890652179718018,19.28498649597168
2025-08-26,4.884047985076904,3.6890652179718018,19.129619598388672
2025-08-27,4.86466646194458,3.6986474990844727,19.07135581970215
2025-08-28,4.922810077667236,3.7178115844726562,19.110198974609375
2025-08-29,4.893738746643066,3.6986474990844727,19.110198974609375
2025-09-02,4.884047985076904,3.6986474990844727,19.110198974609375
2025-09-03,4.8743577003479,3.7178115844726562,19.42093276977539
2025-09-04,4.90342903137207,3.6986474990844727,19.343250274658203
2025-09-08,4.961572170257568,3.6986474990844727,19.42093276977539
2025-09-09,4.961572170257568,3.7848854064941406,19.518037796020508
2025-09-10,4.990644454956055,3.765721559524536,19.615142822265625
2025-09-11,4.990644454956055,3.765721559524536,19.518037796020508
2025-09-12,5.019715785980225,3.8191704750061035,19.382089614868164
2025-09-17,5.068168640136719,3.867760419845581,19.498615264892578
2025-09-18,5.087549686431885,3.799734592437744,19.615142822265625
2025-09-19,5.087549686431885,3.809452533721924,19.5568790435791
2025-09-22,5.136003017425537,3.799734592437744,19.459775924682617
2025-09-23,5.106931209564209,3.799734592437744,19.440353393554688
2025-09-24,5.068168640136719,3.7900164127349854,19.459775924682617
2025-09-25,5.087549686431885,3.8191704750061035,19.67340660095215
2025-09-26,5.077858924865723,3.8191704750061035,19.71224594116211
2025-09-29,5.077858924865723,3.838606357574463,19.86761474609375
2025-09-30,5.058477878570557,3.838606357574463,20.00356101989746
2025-10-01,5.058477878570557,3.8483242988586426,20.02298355102539
2025-10-02,5.087549686431885,3.838606357574463,19.94529914855957
2025-10-03,5.087549686431885,3.8483242988586426,19.615142822265625
2025-10-06,5.087549686431885,3.8580424785614014,19.809350967407227
2025-10-07,5.058477878570557,3.8580424785614014,19.71224594116211
2025-10-08,5.097240924835205,3.838606357574463,20.00356101989746
2025-10-09,5.116621971130371,3.8871963024139404,20.08124542236328
2025-10-10,5.174765110015869,3.8483242988586426,19.86761474609375
2025-10-13,5.136003017425537,3.838606357574463,19.94529914855957
2025-10-14,5.058477878570557,3.8483242988586426,19.906455993652344
2025-10-15,5.116621971130371,3.8191704750061035,19.906455993652344
2025-10-16,5.163337707519531,3.838606357574463,20.00356101989746
2025-10-17,5.163337707519531,3.8871963024139404,19.887035369873047
2025-10-21,5.212512493133545,3.8580424785614014,20.1589298248291
2025-10-22,5.18300724029541,3.8483242988586426,20.120084762573242
2025-10-23,5.202677249908447,3.867760419845581,19.94529914855957
2025-10-24,5.163337707519531,3.906632423400879,19.92587661743164
2025-10-27,5.310861587524414,3.906632423400879,20.29487419128418
2025-10-28,5.2616868019104,3.906632423400879,20.256032943725586
2025-10-29,5.202677249908447,3.906632423400879,20.1783504486084
2025-10-30,5.232182025909424,3.9455041885375977,20.27545166015625
2025-10-31,5.192842483520508,3.906632423400879,19.906455993652344
2025-11-03,5.2616868019104,3.9552223682403564,20.1783504486084
2025-11-04,5.212512493133545,3.9260683059692383,20.391979217529297
2025-11-05,5.192842483520508,3.964940309524536,20.469661712646484
2025-11-06,5.2616868019104,3.935786485671997,20.1783504486084
2025-11-07,5.310861587524414,3.964940309524536,20.469661712646484
2025-11-10,5.35020112991333,3.9552223682403564,20.508506774902344
2025-11-11,5.379705905914307,3.9843761920928955,20.780397415161133
2025-11-12,5.340365886688232,3.9843761920928955,20.780397415161133
2025-11-13,5.310861587524414,3.9843761920928955,20.780397415161133
2025-11-14,5.291191577911377,3.9843761920928955,20.644453048706055
2025-11-17,5.2616868019104,3.9940943717956543,20.1589298248291
2025-11-18,5.2616868019104,3.9455041885375977,20.08124542236328
2025-11-19,5.310861587524414,3.9843761920928955,20.197769165039062
2025-11-20,5.271522045135498,3.9552223682403564,20.00356101989746
2025-11-21,5.310861587524414,3.9455041885375977,20.00356101989746
2025-11-24,5.222346782684326,3.974658489227295,20.120084762573242
2025-11-25,5.232182025909424,3.964940309524536,20.430822372436523
2025-11-26,5.212512493133545,3.9552223682403564,20.00356101989746
2025-11-27,5.163337707519531,3.9260683059692383,19.615142822265625
2025-11-28,5.123997688293457,3.8774783611297607,19.615142822265625
2025-12-01,5.153502464294434,3.9163503646850586,18.5469913482666
2025-12-02,5.232182025909424,3.9940943717956543,18.449886322021484
2025-12-03,5.212512493133545,3.9843761920928955,18.449886322021484
2025-12-04,5.212512493133545,3.974658489227295,18.64409637451172
2025-12-05,5.192842483520508,3.9940943717956543,18.62467384338379
2025-12-08,5.153502464294434,3.906632423400879,18.372203826904297
2025-12-09,5.212512493133545,3.9552223682403564,18.488727569580078
2025-12-10,5.173172473907471,3.935786485671997,18.64409637451172
2025-12-11,5.310861587524414,3.9843761920928955,18.954830169677734
2025-12-12,5.301026344299316,4.013530254364014,18.935409545898438
2025-12-15,5.2616868019104,3.9455041885375977,19.226722717285156
2025-12-16,5.330531120300293,3.9843761920928955,19.226722717285156
2025-12-17,5.3600358963012695,3.9843761920928955,18.799463272094727
2025-12-18,5.409210681915283,3.9843761920928955,19.129619598388672
2025-12-19,5.507559776306152,3.964940309524536,19.42093276977539
2025-12-22,5.43871545791626,3.9260683059692383,19.440353393554688
2025-12-23,5.458385467529297,3.9260683059692383,19.42093276977539
2025-12-24,5.5272297859191895,3.935786485671997,19.42093276977539
2025-12-26,5.59607458114624,3.906632423400879,19.42093276977539
2025-12-29,5.5665693283081055,3.9455041885375977,19.498615264892578
2025-12-30,5.655083656311035,3.8774783611297607,19.42093276977539
2025-12-31,5.635414123535156,3.8871963024139404,19.42093276977539
2026-01-02,5.556734561920166,3.8871963024139404,19.226722717285156
2026-01-05,5.556734561920166,3.9163503646850586,19.401512145996094
2026-01-06,5.5272297859191895,3.9163503646850586,19.207304000854492
2026-01-07,5.615744113922119,3.964940309524536,19.226722717285156
2026-01-08,5.586239337921143,3.906632423400879,19.265565872192383
2026-01-09,5.655083656311035,3.906632423400879,19.42093276977539
2026-01-12,5.812442779541016,3.974658489227295,19.67340660095215
2026-01-13,5.704258918762207,3.9260683059692383,19.653982162475586
2026-01-14,5.6059088706970215,3.9552223682403564,19.98413848876953
2026-01-15,5.507559776306152,3.9455041885375977,19.94529914855957
2026-01-16,5.497725009918213,3.9455041885375977,19.42093276977539
2026-01-19,5.497725009918213,3.9455041885375977,19.42093276977539
2026-01-20,5.507559776306152,3.8871963024139404,19.615142822265625
2026-01-21,5.5272297859191895,3.906632423400879,19.42093276977539
2026-01-22,5.556734561920166,3.9260683059692383,19.518037796020508
2026-01-23,5.6059088706970215,3.9163503646850586,19.459775924682617
2026-01-26,5.7534332275390625,3.935786485671997,19.440353393554688
2026-01-27,5.733763217926025,3.9552223682403564,19.246145248413086
2026-01-28,5.704258918762207,3.9940943717956543,19.498615264892578
2026-01-29,5.704258918762207,3.8774783611297607,19.320276260375977
2026-01-30,5.743598461151123,3.8774783611297607,19.320276260375977
2026-02-03,5.802608013153076,3.896914482116699,19.558063507080078
2026-02-04,5.743598461151123,3.9163503646850586,19.53824806213379
2026-02-05,5.704258918762207,3.9163503646850586,19.617509841918945
2026-02-06,5.704258918762207,3.9163503646850586,19.399538040161133
2026-02-09,5.704258918762207,3.9163503646850586,19.478801727294922
2026-02-10,5.68458890914917,3.9163503646850586,19.716588973999023
2026-02-11,5.704258918762207,3.9163503646850586,19.637327194213867
2026-02-12,5.704258918762207,3.906632423400879,19.617509841918945
2026-02-13,5.723928451538086,3.867760419845581,19.637327194213867
2026-02-16,5.714093208312988,3.8580424785614014,19.696773529052734
2026-02-19,5.7534332275390625,3.8580424785614014,19.83548355102539
2026-02-20,5.76326847076416,3.8871963024139404,19.83548355102539
2026-02-23,5.822277545928955,3.974658489227295,19.8156681060791
2026-02-24,5.7927727699279785,3.896914482116699,19.419355392456055
2026-02-25,5.76326847076416,3.9260683059692383,19.003225326538086
2026-02-26,5.723928451538086,3.896914482116699,19.062671661376953
2026-02-27,5.655083656311035,3.8483242988586426,18.82488441467285
2026-03-02,5.546899318695068,3.828888416290283,18.82488441467285
2026-03-03,5.507559776306152,3.7900164127349854,18.725805282592773
2026-03-04,5.448550224304199,3.809452533721924,18.428571701049805
2026-03-05,5.507559776306152,3.8191704750061035,18.54746437072754
2026-03-06,5.507559776306152,3.799734592437744,19.18156623840332
2026-03-09,5.694423675537109,3.867760419845581,19.399538040161133
2026-03-10,5.635414123535156,3.8923957347869873,19.359909057617188
2026-03-11,5.586239337921143,3.9219582080841064,19.359909057617188
2026-03-12,5.655083656311035,3.9613749980926514,19.59769630432129
2026-03-13,5.6059088706970215,3.9318125247955322,19.558063507080078
2026-03-16,5.704258918762207,3.9318125247955322,19.439170837402344
2026-03-17,5.655083656311035,3.9515209197998047,19.419355392456055
2026-03-18,5.723928451538086,4.000791549682617,19.478801727294922
2026-03-19,5.802608013153076,4.030354022979736,19.736404418945312
2026-03-20,5.802608013153076,4.030354022979736,19.736404418945312
2026-03-24,5.76326847076416,4.089478969573975,19.637327194213867
2026-03-25,5.704258918762207,4.050062656402588,19.419355392456055
2026-03-26,5.7534332275390625,4.050062656402588,19.954376220703125
2026-03-27,5.822277545928955,4.109187602996826,19.93456268310547
2026-03-30,6.107490539550781,4.188020706176758,21.282026290893555
2026-03-31,5.950131893157959,4.158458232879639,21.301843643188477
2026-04-01,5.910792350769043,4.158458232879639,21.321659088134766
2026-04-02,6.048480987548828,4.217583656311035,21.6783390045166
2026-04-03,6.097655296325684,4.178166389465332,22.66912269592285
2026-04-06,6.097655296325684,4.178166389465332,21.995391845703125
2026-04-07,6.077985763549805,4.197875022888184,21.975576400756836
2026-04-08,5.900957107543945,4.138749599456787,21.75760269165039
2026-04-09,5.891121864318848,4.217583656311035,21.995391845703125
2026-04-10,5.891121864318848,4.188020706176758,21.7377872467041
2026-04-13,5.920627117156982,4.207728862762451,21.638710021972656
2026-04-14,5.900957107543945,4.256999969482422,21.262210845947266
2026-04-15,5.900957107543945,4.207728862762451,21.301843643188477
2026-04-16,5.891121864318848,4.217583656311035,20.885713577270508
2026-04-17,5.891121864318848,4.217583656311035,20.885713577270508
2026-04-20,5.861617565155029,4.188020706176758,20.687557220458984
2026-04-21,5.822277545928955,4.197875022888184,20.410139083862305
2026-04-22,5.891121864318848,4.217583656311035,20.469585418701172
2026-04-23,5.871452331542969,4.217583656311035,20.568662643432617
2026-04-24,5.900957107543945,4.217583656311035,20.469585418701172
2026-04-27,5.930461883544922,4.2372918128967285,20.410139083862305
2026-04-28,5.959966659545898,4.227437496185303,20.311059951782227
2026-04-29,5.950131893157959,4.197875022888184,20.370506286621094
2026-04-30,6.097655296325684,4.256999969482422,21.024423599243164
2026-05-04,6.196005344390869,4.325978755950928,21.222579956054688
2026-05-05,6.196005344390869,4.335833549499512,21.301843643188477
2026-05-06,6.166500091552734,4.286562442779541,21.2027645111084
2026-05-07,6.199999809265137,4.286562442779541,21.10368537902832
2026-05-08,6.059999942779541,4.217583656311035,21.004608154296875
2026-05-11,6.099999904632568,4.217583656311035,20.80645179748535
2026-05-12,6.099999904632568,4.197875022888184,20.667741775512695
2026-05-13,6.0,4.138749599456787,20.727188110351562
2026-05-14,5.980000019073486,4.050062656402588,20.687557220458984
2026-05-15,5.909999847412109,3.9810831546783447,20.132719039916992
2026-05-18,5.980000019073486,4.000791549682617,20.013824462890625
2026-05-19,5.949999809265137,3.9909377098083496,20.370506286621094
2026-05-20,5.989999771118164,4.040208339691162,20.469585418701172
2026-05-21,5.920000076293945,3.9810831546783447,20.033639907836914
2026-05-22,5.940000057220459,4.030354022979736,20.053455352783203
2026-05-25,5.940000057220459,3.9515209197998047,19.736404418945312
2026-05-26,5.900000095367432,3.9810831546783447,20.15253448486328
2026-05-27,5.900000095367432,3.9810831546783447,20.15253448486328
2026-05-28,5.900000095367432,3.9613749980926514,19.77603530883789
2026-05-29,5.809999942779541,3.9318125247955322,20.132719039916992
2026-06-02,5.809999942779541,3.9318125247955322,20.132719039916992
2026-06-03,5.840000152587891,3.9909377098083496,19.320276260375977
2026-06-04,6.039999961853027,4.119041442871094,20.013824462890625
2026-06-05,5.909999847412109,4.109187602996826,19.974193572998047
2026-06-08,6.019999980926514,4.138749599456787,19.894929885864258
2026-06-09,6.019999980926514,4.158458232879639,19.93456268310547
2026-06-10,6.03000020980835,4.217583656311035,20.291242599487305
2026-06-11,6.050000190734863,4.1683125495910645,20.747005462646484
2026-06-12,6.0,4.138749599456787,20.568662643432617
2026-06-15,6.010000228881836,4.119041442871094,20.44976806640625
2026-06-16,6.0,4.1683125495910645,20.568662643432617
2026-06-18,6.010000228881836,4.178166389465332,20.469585418701172
2026-06-19,6.019999980926514,4.2668538093566895,20.82626724243164
2026-06-22,6.099999904632568,4.207728862762451,20.727188110351562
2026-06-23,6.079999923706055,4.2372918128967285,21.400920867919922
2026-06-24,6.090000152587891,4.207728862762451,21.400920867919922
2026-06-25,6.0,4.188020706176758,21.024423599243164
2026-06-26,6.03000020980835,4.207728862762451,21.10368537902832
2026-06-29,5.960000038146973,4.178166389465332,20.76681900024414
2026-06-30,5.980000019073486,4.158458232879639,20.964977264404297
2026-07-01,5.980000019073486,4.1683125495910645,20.78663444519043
2026-07-02,6.039999961853027,4.178166389465332,20.76681900024414
2026-07-03,6.039999961853027,4.227437496185303,21.5
2026-07-06,6.150000095367432,4.227437496185303,21.361289978027344
2026-07-07,6.090000152587891,4.286562442779541,21.48018455505371
2026-07-08,6.119999885559082,4.2668538093566895,21.5
2026-07-09,6.159999847412109,4.296416759490967,21.219999313354492
2026-07-10,6.239999771118164,4.4442291259765625,21.600000381469727
2026-07-13,6.449999809265137,4.53291654586792,21.8799991607666
2026-07-14,6.5,4.4442291259765625,21.799999237060547
2026-07-15,6.619999885559082,4.503354072570801,21.799999237060547
2026-07-16,6.699999809265137,4.493499755859375,21.65999984741211
2026-07-17,6.75,4.513208389282227,21.600000381469727
2026-07-20,6.730000019073486,4.523062705993652,21.579999923706055
2026-07-21,6.619999885559082,4.434374809265137,21.139999389648438
2026-07-22,6.590000152587891,4.434374809265137,20.920000076293945
2026-07-23,6.559999942779541,4.39495849609375,20.65999984741211
2026-07-24,6.630000114440918,4.365395545959473,20.8799991607666
2026-07-27,6.590000152587891,4.385103702545166,20.81999969482422
2026-07-28,6.570000171661377,4.306270599365234,20.540000915527344
2026-07-29,6.570000171661377,4.385103702545166,20.760000228881836
2026-07-30,6.599999904632568,4.404812335968018,21.200000762939453
2026-07-31,6.570000171661377,4.365395545959473,21.020000457763672
2026-08-03,6.570000171661377,4.325978755950928,21.0
2026-08-04,6.690000057220459,4.365395545959473,21.31999969482422
2026-08-05,6.809999942779541,4.483645915985107,21.600000381469727
2026-08-06,6.78000020980835,4.424520492553711,21.600000381469727
2026-08-07,6.78000020980835,4.434374809265137,22.899999618530273
2026-08-10,6.829999923706055,4.503354072570801,21.84000015258789
2026-08-11,6.909999847412109,4.434374809265137,21.520000457763672
2026-08-12,6.800000190734863,4.483645915985107,21.600000381469727
2026-08-13,6.690000057220459,4.39495849609375,21.719999313354492
2026-08-14,6.539999961853027,4.434374809265137,21.799999237060547
2026-08-17,6.53000020980835,4.434374809265137,21.559999465942383
2026-08-18,6.710000038146973,4.463937759399414,21.440000534057617
2026-08-19,6.539999961853027,4.483645915985107,21.3799991607666
2026-08-20,6.619999885559082,4.53291654586792,21.440000534057617
2026-08-21,6.639999866485596,4.631458282470703,21.639999389648438
2026-08-24,6.650000095367432,4.739853858947754,21.920000076293945
