date,5227.KL,5176.KL,5235SS.KL
2015-01-02,0.7877843379974365,0.910464346408844,3.7197885513305664
2015-01-05,0.7816298007965088,0.8986400365829468,3.7141780853271484
2015-01-06,0.775475025177002,0.910464346408844,3.731009006500244
2015-01-07,0.7816298007965088,0.8868159651756287,3.7646734714508057
2015-01-08,0.775475025177002,0.8986400365829468,3.7534523010253906
2015-01-09,0.7877843379974365,0.8986400365829468,3.7534523010253906
2015-01-12,0.7877843379974365,0.8927282691001892,3.7534523010253906
2015-01-13,0.7877843379974365,0.8868159651756287,3.7534523010253906
2015-01-14,0.7877843379974365,0.8927282691001892,3.7590620517730713
2015-01-15,0.7816298007965088,0.8986400365829468,3.815167188644409
2015-01-16,0.7816298007965088,0.8986400365829468,3.7927262783050537
2015-01-19,0.7877843379974365,0.9045524001121521,3.815167188644409
2015-01-20,0.7816298007965088,0.8986400365829468,3.815167188644409
2015-01-21,0.7877843379974365,0.9045524001121521,3.7927262783050537
2015-01-22,0.800093412399292,0.9045524001121521,3.815167188644409
2015-01-23,0.8062477707862854,0.9045524001121521,3.815167188644409
2015-01-26,0.8124027252197266,0.9045524001121521,3.815167188644409
2015-01-27,0.8062477707862854,0.9341131448745728,3.9105470180511475
2015-01-28,0.8185570240020752,0.9341131448745728,3.8712737560272217
2015-01-29,0.8185570240020752,0.922288715839386,3.8712737560272217
2015-01-30,0.8185570240020752,0.9163767099380493,3.8712737560272217
2015-02-04,0.8308662176132202,0.9459370970726013,3.9554319381713867
2015-02-05,0.8370206356048584,0.922288715839386,3.8824939727783203
2015-02-06,0.8370206356048584,0.9282009601593018,3.8881044387817383
2015-02-09,0.8308662176132202,0.9163767099380493,3.920778512954712
2015-02-10,0.8190425634384155,0.9282009601593018,3.9491891860961914
2015-02-11,0.8252004981040955,0.922288715839386,3.9548699855804443
2015-02-12,0.8190425634384155,0.9185554385185242,3.920778512954712
2015-02-13,0.8128844499588013,0.9185554385185242,3.903731346130371
2015-02-16,0.8128844499588013,0.9244815111160278,3.9889659881591797
2015-02-17,0.8190425634384155,0.9422597289085388,4.006012916564941
2015-02-18,0.8252004981040955,0.948185920715332,4.011694431304932
2015-02-23,0.8313589692115784,0.9422597289085388,3.9548699855804443
2015-02-24,0.8375172019004822,0.983742892742157,3.9776010513305664
2015-02-25,0.8252004981040955,0.9778167009353638,3.8923680782318115
2015-02-26,0.8252004981040955,0.9778167009353638,3.8923680782318115
2015-02-27,0.8313589692115784,0.9659643173217773,3.9378247261047363
2015-03-02,0.8252004981040955,0.9778167009353638,3.8923680782318115
2015-03-03,0.8375172019004822,0.983742892742157,3.926459550857544
2015-03-04,0.8252004981040955,0.9778167009353638,3.920778512954712
2015-03-05,0.8252004981040955,0.9896690845489502,3.8923680782318115
2015-03-06,0.8128844499588013,0.9659643173217773,3.8753204345703125
2015-03-09,0.8128844499588013,0.9422597289085388,3.926459550857544
2015-03-10,0.8375172019004822,0.9422597289085388,3.920778512954712
2015-03-11,0.8128844499588013,0.930407702922821,3.920778512954712
2015-03-12,0.8128844499588013,0.930407702922821,3.932143211364746
2015-03-13,0.8190425634384155,0.948185920715332,3.9946482181549072
2015-03-16,0.8190425634384155,0.9126288294792175,3.9832828044891357
2015-03-17,0.8252004981040955,0.930407702922821,3.9946482181549072
2015-03-18,0.8190425634384155,0.9067029356956482,3.9719173908233643
2015-03-19,0.8190425634384155,0.9244815111160278,4.011694431304932
2015-03-20,0.8190425634384155,0.930407702922821,3.9776010513305664
2015-03-23,0.8190425634384155,0.9363338947296143,3.9776010513305664
2015-03-24,0.8190425634384155,0.9244815111160278,3.9776010513305664
2015-03-25,0.8067262172698975,0.9244815111160278,3.9776010513305664
2015-03-26,0.8128844499588013,0.930407702922821,3.9776010513305664
2015-03-27,0.8128844499588013,0.930407702922821,3.9776010513305664
2015-03-30,0.8313589692115784,0.9244815111160278,3.9719173908233643
2015-03-31,0.8190425634384155,0.930407702922821,3.9719173908233643
2015-04-01,0.8252004981040955,0.930407702922821,3.9776010513305664
2015-04-02,0.8252004981040955,0.9659643173217773,3.9832828044891357
2015-04-03,0.8313589692115784,0.9659643173217773,4.028740882873535
2015-04-06,0.8375172019004822,0.9896690845489502,4.05715274810791
2015-04-07,0.8313589692115784,1.0074474811553955,4.045787811279297
2015-04-08,0.8375172019004822,1.0133742094039917,4.023059368133545
2015-04-09,0.8436751961708069,1.0074474811553955,4.006012916564941
2015-04-10,0.8375172019004822,0.9955952167510986,4.05715274810791
2015-04-13,0.8375172019004822,0.9896690845489502,4.05715274810791
2015-04-14,0.8436751961708069,0.9896690845489502,4.017377853393555
2015-04-15,0.8436751961708069,0.9896690845489502,4.045787811279297
2015-04-16,0.8375172019004822,0.9955952167510986,4.045787811279297
2015-04-17,0.8313589692115784,1.0015214681625366,4.034424304962158
2015-04-20,0.8313589692115784,0.9896690845489502,4.11397647857666
2015-04-21,0.8313589692115784,1.0015214681625366,4.1082940101623535
2015-04-22,0.8375172019004822,1.0192999839782715,4.085564136505127
2015-04-23,0.8313589692115784,1.0192999839782715,4.011694431304932
2015-04-24,0.8375172019004822,1.0074474811553955,4.07988166809082
2015-04-27,0.8313589692115784,1.0015214681625366,4.05147123336792
2015-04-28,0.8436751961708069,1.0074474811553955,4.11965799331665
2015-04-29,0.8436751961708069,0.983742892742157,4.091246604919434
2015-04-30,0.8436751961708069,1.0133742094039917,4.011694431304932
2015-05-05,0.8498334884643555,1.0370784997940063,4.05715274810791
2015-05-06,0.8498334884643555,1.0192999839782715,4.05147123336792
2015-05-07,0.8313589692115784,0.9955952167510986,4.023059368133545
2015-05-08,0.8375172019004822,1.0074474811553955,4.011694431304932
2015-05-11,0.8375172019004822,1.0074474811553955,4.006012916564941
2015-05-12,0.8375172019004822,1.0074474811553955,4.068517684936523
2015-05-13,0.8313589692115784,1.0015214681625366,4.11965799331665
2015-05-14,0.8375172019004822,1.0035406351089478,4.091246604919434
2015-05-15,0.8375172019004822,0.9916641712188721,4.091246604919434
2015-05-18,0.8375172019004822,1.0094789266586304,4.179434776306152
2015-05-19,0.8375172019004822,1.0154166221618652,4.196682453155518
2015-05-20,0.8313589692115784,1.0035406351089478,4.185184001922607
2015-05-21,0.8252004981040955,0.9916641712188721,4.144941329956055
2015-05-22,0.8252004981040955,0.9916641712188721,4.110447883605957
2015-05-25,0.8313589692115784,0.9857258796691895,4.110447883605957
2015-05-26,0.8313589692115784,0.9797879457473755,4.001217365264893
2015-05-27,0.8252004981040955,0.9738499522209167,4.041460990905762
2015-05-28,0.8313589692115784,0.9857258796691895,4.029963493347168
2015-05-29,0.8375172019004822,0.9560357928276062,4.052959442138672
2015-06-01,0.8436751961708069,0.9976022839546204,4.035712718963623
2015-06-02,0.8313589692115784,0.9857258796691895,4.024214267730713
2015-06-03,0.8436751961708069,1.0094789266586304,4.052959442138672
2015-06-04,0.8436751961708069,1.0213550329208374,4.047210216522217
2015-06-05,0.8375172019004822,1.0094789266586304,4.196682453155518
2015-06-08,0.8313589692115784,1.0094789266586304,4.024214267730713
2015-06-09,0.8313589692115784,0.9857258796691895,4.012715816497803
2015-06-10,0.8190425634384155,0.9857258796691895,4.024214267730713
2015-06-11,0.8252004981040955,0.9916641712188721,4.0184645652771
2015-06-12,0.8190425634384155,0.9857258796691895,4.0184645652771
2015-06-15,0.8190425634384155,0.9738499522209167,4.006968021392822
2015-06-16,0.8190425634384155,0.9619739651679993,3.9667258262634277
2015-06-17,0.8252004981040955,0.9619739651679993,3.995469808578491
2015-06-18,0.8128844499588013,0.9560357928276062,4.0817036628723145
2015-06-19,0.8252004981040955,0.9560357928276062,3.995469808578491
2015-06-22,0.8436751961708069,0.9500973224639893,4.052959442138672
2015-06-23,0.8252004981040955,0.9441591501235962,4.024214267730713
2015-06-24,0.8313589692115784,0.9500973224639893,3.995469808578491
2015-06-25,0.8313589692115784,0.9441591501235962,3.920736074447632
2015-06-26,0.8313589692115784,0.9500973224639893,3.9667258262634277
2015-06-29,0.8313589692115784,0.9382213950157166,3.972473621368408
2015-06-30,0.8190425634384155,0.9144687056541443,4.001217365264893
2015-07-01,0.8128844499588013,0.932283341884613,4.035712718963623
2015-07-02,0.8252004981040955,0.932283341884613,4.035712718963623
2015-07-03,0.8252004981040955,0.932283341884613,4.052959442138672
2015-07-06,0.8190425634384155,0.932283341884613,4.024214267730713
2015-07-07,0.8067262172698975,0.9263451099395752,4.024214267730713
2015-07-08,0.7944095730781555,0.9204069972038269,4.0184645652771
2015-07-09,0.7944095730781555,0.9144687056541443,4.024214267730713
2015-07-10,0.8005676865577698,0.9204069972038269,4.0184645652771
2015-07-13,0.7944095730781555,0.9144687056541443,4.024214267730713
2015-07-14,0.7944095730781555,0.9263451099395752,4.035712718963623
2015-07-15,0.8005676865577698,0.9263451099395752,4.0587077140808105
2015-07-16,0.7944095730781555,0.9204069972038269,4.024214267730713
2015-07-20,0.8005676865577698,0.9204069972038269,4.029963493347168
2015-07-21,0.8005676865577698,0.9382213950157166,4.029963493347168
2015-07-22,0.8067262172698975,0.9263451099395752,4.0817036628723145
2015-07-23,0.8128844499588013,0.9441591501235962,4.047210216522217
2015-07-24,0.8067262172698975,0.9263451099395752,4.052959442138672
2015-07-27,0.8128844499588013,0.932283341884613,4.035712718963623
2015-07-28,0.7944095730781555,0.9144687056541443,4.035712718963623
2015-07-29,0.8067262172698975,0.9204069972038269,4.029963493347168
2015-07-30,0.8128844499588013,0.9204069972038269,4.035712718963623
2015-07-31,0.8313589692115784,0.9263451099395752,4.075953960418701
2015-08-03,0.8375172019004822,0.9263451099395752,4.041460990905762
2015-08-04,0.8375172019004822,0.9204069972038269,4.0587077140808105
2015-08-05,0.8252004981040955,0.9204069972038269,4.024214267730713
2015-08-06,0.8436751961708069,0.9144687056541443,4.10469913482666
2015-08-07,0.82562255859375,0.9204069972038269,4.190931797027588
2015-08-10,0.807138204574585,0.9144687056541443,4.047210216522217
2015-08-11,0.8009770512580872,0.9085306525230408,4.047210216522217
2015-08-12,0.7948157787322998,0.8907161951065063,4.0184645652771
2015-08-13,0.8009770512580872,0.8966546058654785,4.024214267730713
2015-08-14,0.8009770512580872,0.8966546058654785,3.9667258262634277
2015-08-17,0.7886544466018677,0.8907161951065063,3.9667258262634277
2015-08-18,0.7886544466018677,0.8907161951065063,3.9667258262634277
2015-08-19,0.807138204574585,0.8907161951065063,4.024214267730713
2015-08-20,0.807138204574585,0.8907161951065063,4.078557968139648
2015-08-21,0.807138204574585,0.8907161951065063,4.072739601135254
2015-08-24,0.7701702117919922,0.8834930658340454,4.072739601135254
2015-08-25,0.7701702117919922,0.8834930658340454,4.078557968139648
2015-08-26,0.7824928760528564,0.89543217420578,4.072739601135254
2015-08-27,0.7886544466018677,0.89543217420578,4.078557968139648
2015-08-28,0.807138204574585,0.8894628882408142,4.072739601135254
2015-09-01,0.807138204574585,0.8894628882408142,4.072739601135254
2015-09-02,0.7948157787322998,0.8834930658340454,4.130919933319092
2015-09-03,0.7948157787322998,0.8775237202644348,4.130919933319092
2015-09-04,0.8009770512580872,0.8775237202644348,4.101830005645752
2015-09-07,0.8009770512580872,0.8894628882408142,4.136738300323486
2015-09-08,0.8009770512580872,0.8834930658340454,4.096012115478516
2015-09-09,0.8009770512580872,0.9073714017868042,4.096012115478516
2015-09-10,0.8009770512580872,0.9014018774032593,4.096012115478516
2015-09-11,0.8009770512580872,0.9073714017868042,4.096012115478516
2015-09-14,0.8009770512580872,0.9133407473564148,4.119284152984619
2015-09-15,0.7886544466018677,0.9133407473564148,4.096012115478516
2015-09-17,0.7886544466018677,0.9133407473564148,4.101830005645752
2015-09-18,0.7886544466018677,0.8894628882408142,4.130919933319092
2015-09-21,0.7886544466018677,0.89543217420578,4.119284152984619
2015-09-22,0.7886544466018677,0.9014018774032593,3.9971022605895996
2015-09-23,0.7886544466018677,0.9073714017868042,4.0029215812683105
2015-09-25,0.7886544466018677,0.9133407473564148,4.014556407928467
2015-09-28,0.7824928760528564,0.9252800345420837,4.078557968139648
2015-09-29,0.7763315439224243,0.9252800345420837,4.049467086791992
2015-09-30,0.7886544466018677,0.9252800345420837,4.072739601135254
2015-10-01,0.7886544466018677,0.9252800345420837,4.072739601135254
2015-10-02,0.7824928760528564,0.9133407473564148,4.072739601135254
2015-10-05,0.8009770512580872,0.9193103909492493,4.096012115478516
2015-10-06,0.8009770512580872,0.9312496185302734,4.078557968139648
2015-10-07,0.7948157787322998,0.9193103909492493,4.101830005645752
2015-10-08,0.8009770512580872,0.9014018774032593,4.101830005645752
2015-10-09,0.7948157787322998,0.9073714017868042,4.084375858306885
2015-10-12,0.8009770512580872,0.9133407473564148,4.032011032104492
2015-10-13,0.8009770512580872,0.9014018774032593,4.0436482429504395
2015-10-15,0.8009770512580872,0.9014018774032593,4.0436482429504395
2015-10-16,0.8009770512580872,0.9193103909492493,4.229830265045166
2015-10-19,0.8009770512580872,0.9312496185302734,4.078557968139648
2015-10-20,0.8194613456726074,0.9073714017868042,4.078557968139648
2015-10-21,0.807138204574585,0.9014018774032593,4.096012115478516
2015-10-22,0.807138204574585,0.9014018774032593,4.096012115478516
2015-10-23,0.8133000731468201,0.9133407473564148,4.119284152984619
2015-10-26,0.807138204574585,0.9133407473564148,4.119284152984619
2015-10-27,0.807138204574585,0.9133407473564148,4.096012115478516
2015-10-28,0.8009770512580872,0.89543217420578,4.113465785980225
2015-10-29,0.8133000731468201,0.8894628882408142,4.096012115478516
2015-10-30,0.8317840099334717,0.9133407473564148,4.084375858306885
2015-11-02,0.8317840099334717,0.9014018774032593,4.078557968139648
2015-11-03,0.8133000731468201,0.9073714017868042,4.078557968139648
2015-11-04,0.8317840099334717,0.9073714017868042,4.090194225311279
2015-11-05,0.8133000731468201,0.9073714017868042,4.078557968139648
2015-11-06,0.8133000731468201,0.89543217420578,4.0203752517700195
2015-11-09,0.82562255859375,0.9014018774032593,4.05528450012207
2015-11-11,0.807138204574585,0.9073714017868042,4.072739601135254
2015-11-12,0.807138204574585,0.9040783643722534,4.101830005645752
2015-11-13,0.8009770512580872,0.8921038508415222,4.101830005645752
2015-11-16,0.8009770512580872,0.8980908393859863,4.096012115478516
2015-11-17,0.807138204574585,0.9040783643722534,4.096012115478516
2015-11-18,0.807138204574585,0.8501927852630615,4.096012115478516
2015-11-19,0.807138204574585,0.9040783643722534,4.113465785980225
2015-11-20,0.8009770512580872,0.9040783643722534,4.096012115478516
2015-11-23,0.807138204574585,0.9160529375076294,4.130919933319092
2015-11-24,0.8009770512580872,0.9100656509399414,4.1622843742370605
2015-11-25,0.8009770512580872,0.9160529375076294,4.156421661376953
2015-11-26,0.8009770512580872,0.9220401644706726,4.150559425354004
2015-11-27,0.8009770512580872,0.9160529375076294,4.150559425354004
2015-11-30,0.7948157787322998,0.9040783643722534,4.10366153717041
2015-12-01,0.7948157787322998,0.9100656509399414,4.127110004425049
2015-12-02,0.8009770512580872,0.9100656509399414,4.127110004425049
2015-12-03,0.8009770512580872,0.9040783643722534,4.091935634613037
2015-12-04,0.8009770512580872,0.9040783643722534,4.127110004425049
2015-12-07,0.8009770512580872,0.9100656509399414,4.132972717285156
2015-12-08,0.8009770512580872,0.8980908393859863,4.132972717285156
2015-12-09,0.7948157787322998,0.8921038508415222,4.132972717285156
2015-12-10,0.7886544466018677,0.8741421699523926,4.056762218475342
2015-12-11,0.7886544466018677,0.8741421699523926,4.0274505615234375
2015-12-14,0.7824928760528564,0.880129337310791,4.045036792755127
2015-12-15,0.7886544466018677,0.8741421699523926,4.0743489265441895
2015-12-16,0.807138204574585,0.8741421699523926,4.132972717285156
2015-12-17,0.8009770512580872,0.8681548237800598,4.1622843742370605
2015-12-18,0.8009770512580872,0.8741421699523926,4.080212116241455
2015-12-21,0.7948157787322998,0.8561801910400391,4.144697666168213
2015-12-22,0.7948157787322998,0.8621675968170166,4.109523296356201
2015-12-23,0.8009770512580872,0.8621675968170166,4.191595077514648
2015-12-28,0.8194613456726074,0.8741421699523926,4.115386009216309
2015-12-29,0.8194613456726074,0.8741421699523926,4.150559425354004
2015-12-30,0.8194613456726074,0.8741421699523926,4.132972717285156
2015-12-31,0.82562255859375,0.8741421699523926,4.138833999633789
2016-01-04,0.82562255859375,0.8741421699523926,4.080212116241455
2016-01-05,0.8133000731468201,0.8621675968170166,4.10366153717041
2016-01-06,0.8194613456726074,0.8681548237800598,4.10366153717041
2016-01-07,0.8133000731468201,0.8621675968170166,4.10366153717041
2016-01-08,0.8133000731468201,0.8681548237800598,4.109523296356201
2016-01-11,0.8194613456726074,0.8741421699523926,4.091935634613037
2016-01-12,0.8194613456726074,0.8681548237800598,4.109523296356201
2016-01-13,0.82562255859375,0.880129337310791,4.109523296356201
2016-01-14,0.8194613456726074,0.8741421699523926,4.109523296356201
2016-01-15,0.82562255859375,0.880129337310791,4.127110004425049
2016-01-18,0.82562255859375,0.8681548237800598,4.132972717285156
2016-01-19,0.82562255859375,0.880129337310791,4.127110004425049
2016-01-20,0.8317840099334717,0.8681548237800598,4.10366153717041
2016-01-21,0.8317840099334717,0.8621675968170166,4.080212116241455
2016-01-22,0.837945282459259,0.8681548237800598,4.10366153717041
2016-01-26,0.8502678275108337,0.8741421699523926,4.10366153717041
2016-01-27,0.8502678275108337,0.8861164450645447,4.10366153717041
2016-01-28,0.8625903129577637,0.8980908393859863,4.138833999633789
2016-01-29,0.8872361779212952,0.880129337310791,4.109523296356201
2016-02-02,0.8810744285583496,0.8921038508415222,4.127110004425049
2016-02-03,0.8749134540557861,0.8980908393859863,4.1622843742370605
2016-02-04,0.8872361779212952,0.9100656509399414,4.232548713684082
2016-02-05,0.8872361779212952,0.8980908393859863,4.220660209655762
2016-02-08,0.8872361779212952,0.8980908393859863,4.220660209655762
2016-02-09,0.8872361779212952,0.8980908393859863,4.220660209655762
2016-02-10,0.8509770035743713,0.8980908393859863,4.042324066162109
2016-02-11,0.8386441469192505,0.8827779293060303,4.131491184234619
2016-02-12,0.8879761695861816,0.9308199286460876,4.184993743896484
2016-02-15,0.8941425681114197,0.9368253350257874,4.244440078735352
2016-02-16,0.8879761695861816,0.9428304433822632,4.244440078735352
2016-02-17,0.8818092942237854,0.9368253350257874,4.2563276290893555
2016-02-18,0.8818092942237854,0.9428304433822632,4.208770275115967
2016-02-19,0.8941425681114197,0.9608463644981384,4.220660209655762
2016-02-22,0.8879761695861816,0.9488358497619629,4.238493919372559
2016-02-23,0.9126418828964233,0.9608463644981384,4.2563276290893555
2016-02-24,0.9064754843711853,0.9428304433822632,4.244440078735352
2016-02-25,0.91880863904953,0.9428304433822632,4.2503814697265625
2016-02-26,0.9249749779701233,0.9368253350257874,4.220660209655762
2016-02-29,0.9373081922531128,0.9548411965370178,4.1612138748168945
2016-03-01,0.9434743523597717,0.9488358497619629,4.190937519073486
2016-03-02,0.9434743523597717,0.9548411965370178,4.173102855682373
2016-03-03,0.9434743523597717,0.9548411965370178,4.190937519073486
2016-03-04,0.9496412873268127,0.9548411965370178,4.190937519073486
2016-03-07,0.9496412873268127,0.9608463644981384,4.184993743896484
2016-03-08,0.9434743523597717,0.9608463644981384,4.184993743896484
2016-03-09,0.9496412873268127,0.9608463644981384,4.190937519073486
2016-03-10,0.9373081922531128,0.9608463644981384,4.1612138748168945
2016-03-11,0.9434743523597717,0.9548411965370178,4.208770275115967
2016-03-14,0.93114173412323,0.9548411965370178,4.244440078735352
2016-03-15,0.9249749779701233,0.9548411965370178,4.220660209655762
2016-03-16,0.9249749779701233,0.9548411965370178,4.2503814697265625
2016-03-17,0.9434743523597717,0.9488358497619629,4.202826023101807
2016-03-18,0.9434743523597717,0.9368253350257874,4.15526819229126
2016-03-21,0.91880863904953,0.9368253350257874,4.220660209655762
2016-03-22,0.9434743523597717,0.9188095331192017,4.220660209655762
2016-03-23,0.93114173412323,0.9188095331192017,4.262272834777832
2016-03-24,0.93114173412323,0.9308199286460876,4.2503814697265625
2016-03-25,0.9373081922531128,0.924814760684967,4.2503814697265625
2016-03-28,0.9373081922531128,0.9428304433822632,4.2563276290893555
2016-03-29,0.9373081922531128,0.9608463644981384,4.2503814697265625
2016-03-30,0.9434743523597717,0.9608463644981384,4.297940254211426
2016-03-31,0.9434743523597717,0.9608463644981384,4.2563276290893555
2016-04-01,0.9496412873268127,0.972856879234314,4.2503814697265625
2016-04-04,0.9619738459587097,0.972856879234314,4.2563276290893555
2016-04-05,0.9558078050613403,0.9908729195594788,4.238493919372559
2016-04-06,0.9496412873268127,0.9788624048233032,4.2503814697265625
2016-04-07,0.9558078050613403,0.9908729195594788,4.22660493850708
2016-04-08,0.9558078050613403,0.9908729195594788,4.232548713684082
2016-04-11,0.9681408405303955,0.972856879234314,4.2503814697265625
2016-04-12,0.9558078050613403,0.9668520092964172,4.2503814697265625
2016-04-13,0.9434743523597717,0.9668520092964172,4.30982780456543
2016-04-14,0.9496412873268127,0.9608463644981384,4.39305305480957
2016-04-15,0.93114173412323,0.9548411965370178,4.3989973068237305
2016-04-18,0.9249749779701233,0.9548411965370178,4.280106544494629
2016-04-19,0.93114173412323,0.972856879234314,4.280106544494629
2016-04-20,0.91880863904953,0.9668520092964172,4.274162292480469
2016-04-21,0.91880863904953,0.9608463644981384,4.291994571685791
2016-04-22,0.93114173412323,0.9608463644981384,4.274162292480469
2016-04-25,0.93114173412323,0.9608463644981384,4.262272834777832
2016-04-26,0.9249749779701233,0.9608463644981384,4.280106544494629
2016-04-27,0.93114173412323,0.9608463644981384,4.274162292480469
2016-04-28,0.9249749779701233,0.972856879234314,4.280106544494629
2016-04-29,0.93114173412323,0.972856879234314,4.286050796508789
2016-05-03,0.9373081922531128,0.9608463644981384,4.33955192565918
2016-05-04,0.9373081922531128,0.9608463644981384,4.303884506225586
2016-05-05,0.93114173412323,0.9548411965370178,4.30982780456543
2016-05-06,0.9373081922531128,0.9608463644981384,4.280106544494629
2016-05-09,0.9434743523597717,0.9608463644981384,4.30982780456543
2016-05-10,0.9558078050613403,0.984867513179779,4.345496654510498
2016-05-11,0.9619738459587097,0.996878445148468,4.351441860198975
2016-05-12,0.9496412873268127,0.9942269921302795,4.517889976501465
2016-05-13,0.9434743523597717,0.9882012605667114,4.4584431648254395
2016-05-16,0.9496412873268127,0.9942269921302795,4.428720951080322
2016-05-17,0.9496412873268127,0.9882012605667114,4.422776699066162
2016-05-18,0.9434743523597717,0.9761499166488647,4.422776699066162
2016-05-19,0.9434743523597717,0.9761499166488647,4.426385402679443
2016-05-20,0.9373081922531128,0.9882012605667114,4.354215145111084
2016-05-23,0.9496412873268127,0.9761499166488647,4.360229969024658
2016-05-24,0.9496412873268127,0.9821757078170776,4.390300273895264
2016-05-25,0.9496412873268127,0.9761499166488647,4.372257709503174
2016-05-26,0.9804734587669373,0.9942269921302795,4.390300273895264
2016-05-27,0.9866400361061096,0.9942269921302795,4.4143571853637695
2016-05-30,0.9681408405303955,0.9821757078170776,4.420370578765869
2016-05-31,0.9928063750267029,0.9761499166488647,4.420370578765869
2016-06-01,0.9681408405303955,0.9821757078170776,4.420370578765869
2016-06-02,0.9558078050613403,0.9882012605667114,4.420370578765869
2016-06-03,0.9619738459587097,1.0002528429031372,4.444426536560059
2016-06-06,0.9743069410324097,0.9942269921302795,4.450439929962158
2016-06-07,0.9743069410324097,1.0123037099838257,4.558694362640381
2016-06-08,0.9743069410324097,1.0002528429031372,4.426385402679443
2016-06-09,0.9681408405303955,0.9882012605667114,4.534637928009033
2016-06-10,0.9866400361061096,0.9821757078170776,4.5045671463012695
2016-06-13,0.9681408405303955,0.9821757078170776,4.4925408363342285
2016-06-14,0.9619738459587097,0.9701247215270996,4.450439929962158
2016-06-15,0.9619738459587097,0.9821757078170776,4.432399272918701
2016-06-16,0.9558078050613403,0.9701247215270996,4.438414096832275
2016-06-17,0.9866400361061096,0.9701247215270996,4.438414096832275
2016-06-20,0.9681408405303955,0.9882012605667114,4.564709186553955
2016-06-21,0.9804734587669373,0.9821757078170776,4.5707221031188965
2016-06-23,0.9743069410324097,0.9701247215270996,4.564709186553955
2016-06-24,0.9619738459587097,0.9821757078170776,4.522609710693359
2016-06-27,0.9619738459587097,0.9761499166488647,4.4985551834106445
2016-06-28,0.9804734587669373,1.0002528429031372,4.5045671463012695
2016-06-29,1.0051393508911133,1.0002528429031372,4.5045671463012695
2016-06-30,0.9928063750267029,1.0002528429031372,4.4985551834106445
2016-07-01,0.9928063750267029,1.0062780380249023,4.456454753875732
2016-07-04,0.9866400361061096,0.9942269921302795,4.480511665344238
2016-07-05,0.9928063750267029,1.0183295011520386,4.540652275085449
2016-07-06,0.9928063750267029,1.0183295011520386,4.540652275085449
2016-07-07,0.9928063750267029,1.0183295011520386,4.540652275085449
2016-07-08,0.9804734587669373,0.9942269921302795,4.594779968261719
2016-07-11,0.9928063750267029,1.0183295011520386,4.666949272155762
2016-07-12,0.9866400361061096,1.0243548154830933,4.63086462020874
2016-07-13,1.0421383380889893,1.0484575033187866,4.63086462020874
2016-07-14,1.0236390829086304,1.0484575033187866,4.5707221031188965
2016-07-15,1.029805302619934,1.0424318313598633,4.546667575836182
2016-07-18,1.029805302619934,1.03640615940094,4.540652275085449
2016-07-19,1.0236390829086304,1.0243548154830933,4.516596794128418
2016-07-20,1.017472505569458,1.0123037099838257,4.558694362640381
2016-07-21,0.9989733695983887,1.0123037099838257,4.5105814933776855
2016-07-22,1.0051393508911133,1.0183295011520386,4.4985551834106445
2016-07-25,1.0113062858581543,1.0243548154830933,4.618836402893066
2016-07-26,1.017472505569458,1.0243548154830933,4.4985551834106445
2016-07-27,1.017472505569458,1.0183295011520386,4.540652275085449
2016-07-28,1.017472505569458,1.0123037099838257,4.5105814933776855
2016-07-29,1.0113062858581543,1.0062780380249023,4.5105814933776855
2016-08-01,1.0113062858581543,1.0243548154830933,4.522609710693359
2016-08-02,1.0113062858581543,1.0062780380249023,4.5105814933776855
2016-08-03,1.0051393508911133,1.0303804874420166,4.516596794128418
2016-08-04,1.017472505569458,1.03640615940094,4.600793361663818
2016-08-05,1.0180280208587646,1.0484575033187866,4.660935401916504
2016-08-08,1.0056883096694946,1.0243548154830933,4.727089881896973
2016-08-09,0.999518096446991,1.0183295011520386,4.63086462020874
2016-08-10,1.0056883096694946,1.0123037099838257,4.5707221031188965
2016-08-11,1.0056883096694946,1.0123037099838257,4.5707221031188965
2016-08-12,1.0056883096694946,1.0183295011520386,4.5707221031188965
2016-08-15,1.0180280208587646,1.0544830560684204,4.6230363845825195
2016-08-16,1.011858344078064,1.0544830560684204,4.592621326446533
2016-08-17,0.9871787428855896,1.0665342807769775,4.610870838165283
2016-08-18,1.011858344078064,1.0544830560684204,4.610870838165283
2016-08-19,1.011858344078064,1.0424318313598633,4.5865397453308105
2016-08-22,1.0180280208587646,1.0785859823226929,4.5804548263549805
2016-08-23,1.0180280208587646,1.0785859823226929,4.6230363845825195
2016-08-24,1.0180280208587646,1.0544830560684204,4.6230363845825195
2016-08-25,1.0427074432373047,1.0593863725662231,4.665615081787109
2016-08-26,1.0427074432373047,1.077547550201416,4.708197593688965
2016-08-29,1.0365371704101562,1.06544029712677,4.732529163360596
2016-08-30,1.0365371704101562,1.041225790977478,4.665615081787109
2016-09-01,1.0241975784301758,1.0230648517608643,4.6230363845825195
2016-09-02,1.0056883096694946,1.029118537902832,4.671700477600098
2016-09-05,1.011858344078064,1.017011284828186,4.6230363845825195
2016-09-06,1.0427074432373047,1.0533329248428345,4.62912130355835
2016-09-07,1.0303674936294556,1.06544029712677,4.641284465789795
2016-09-08,1.0365371704101562,1.0533329248428345,4.762943744659424
2016-09-09,1.0365371704101562,1.0533329248428345,4.744696617126465
2016-09-13,1.011858344078064,1.0472795963287354,4.683866500854492
2016-09-14,1.0241975784301758,1.0230648517608643,4.665615081787109
2016-09-15,1.011858344078064,1.041225790977478,4.653451442718506
2016-09-19,1.0180280208587646,1.029118537902832,4.744696617126465
2016-09-20,1.0180280208587646,1.041225790977478,4.744696617126465
2016-09-21,1.0241975784301758,1.0472795963287354,4.744696617126465
2016-09-22,1.0303674936294556,1.041225790977478,4.71428108215332
2016-09-23,1.0365371704101562,1.0472795963287354,4.6777825355529785
2016-09-26,1.0303674936294556,1.041225790977478,4.683866500854492
2016-09-27,1.0303674936294556,1.041225790977478,4.641284465789795
2016-09-28,1.0303674936294556,1.0351718664169312,4.683866500854492
2016-09-29,1.0180280208587646,1.0472795963287354,4.756862163543701
2016-09-30,1.011858344078064,1.0472795963287354,4.6960320472717285
2016-10-04,0.999518096446991,1.041225790977478,4.71428108215332
2016-10-05,0.999518096446991,1.041225790977478,4.71428108215332
2016-10-06,0.999518096446991,1.06544029712677,4.71428108215332
2016-10-07,0.9933483600616455,1.0533329248428345,4.71428108215332
2016-10-10,0.9871787428855896,1.0351718664169312,4.71428108215332
2016-10-11,0.9933483600616455,1.06544029712677,4.708197593688965
2016-10-12,0.9933483600616455,1.041225790977478,4.71428108215332
2016-10-13,0.9871787428855896,1.041225790977478,4.762943744659424
2016-10-14,0.9871787428855896,1.041225790977478,4.762943744659424
2016-10-17,0.9871787428855896,1.0593863725662231,4.769028186798096
2016-10-18,0.9871787428855896,1.041225790977478,4.750779151916504
2016-10-19,0.9871787428855896,1.0472795963287354,4.756862163543701
2016-10-20,0.9871787428855896,1.041225790977478,4.775110244750977
2016-10-21,1.0056883096694946,1.041225790977478,4.769028186798096
2016-10-24,0.9933483600616455,1.041225790977478,4.744696617126465
2016-10-25,0.999518096446991,1.0533329248428345,4.738613128662109
2016-10-26,0.999518096446991,1.0593863725662231,4.744696617126465
2016-10-27,0.999518096446991,1.0714938640594482,4.71428108215332
2016-10-28,0.999518096446991,1.077547550201416,4.732529163360596
2016-10-31,0.999518096446991,1.113869309425354,4.866353988647461
2016-11-01,1.0056883096694946,1.06544029712677,4.79335880279541
2016-11-02,0.999518096446991,1.0714938640594482,4.720364093780518
2016-11-03,0.999518096446991,1.0714938640594482,4.744696617126465
2016-11-04,0.9933483600616455,1.0714938640594482,4.744696617126465
2016-11-07,0.999518096446991,1.101762294769287,4.744696617126465
2016-11-08,0.999518096446991,1.0896550416946411,4.781191825866699
2016-11-09,0.999518096446991,1.0896550416946411,4.775110244750977
2016-11-10,0.9933483600616455,1.0619827508926392,4.738613128662109
2016-11-11,0.9624991416931152,1.0316402912139893,4.683866500854492
2016-11-14,0.9563290476799011,1.0195033550262451,4.671700477600098
2016-11-15,0.9563290476799011,1.0316402912139893,4.647368431091309
2016-11-16,0.9563290476799011,1.0255718231201172,4.638755798339844
2016-11-17,0.9563290476799011,1.013434648513794,4.651059627532959
2016-11-18,0.95015949010849,1.013434648513794,4.6879730224609375
2016-11-21,0.9378195405006409,0.9891608953475952,4.681821823120117
2016-11-22,0.95015949010849,1.013434648513794,4.7064290046691895
2016-11-23,0.9378195405006409,1.0316402912139893,4.761799335479736
2016-11-24,0.9439892172813416,0.9952291250228882,4.767951011657715
2016-11-25,0.9439892172813416,1.0073661804199219,4.767951011657715
2016-11-28,0.9378195405006409,1.0073661804199219,4.767951011657715
2016-11-29,0.9439892172813416,1.013434648513794,4.767951011657715
2016-11-30,0.9748386740684509,1.055914044380188,4.6879730224609375
2016-12-01,0.9624991416931152,1.0619827508926392,4.767951011657715
2016-12-02,0.9933483600616455,1.0437772274017334,4.774104118347168
2016-12-05,0.9748386740684509,1.0437772274017334,4.767951011657715
2016-12-06,0.9686688780784607,1.0437772274017334,4.767951011657715
2016-12-07,0.9563290476799011,1.0316402912139893,4.767951011657715
2016-12-08,0.9686688780784607,1.0316402912139893,4.798711776733398
2016-12-09,0.9624991416931152,1.0255718231201172,4.804864883422852
2016-12-13,0.9563290476799011,1.0195033550262451,4.804864883422852
2016-12-14,0.95015949010849,1.013434648513794,4.7864089012146
2016-12-15,0.9686688780784607,1.0073661804199219,4.798711776733398
2016-12-16,0.9686688780784607,1.0195033550262451,4.798711776733398
2016-12-19,0.9686688780784607,1.0195033550262451,4.798711776733398
2016-12-20,0.9686688780784607,1.0195033550262451,4.804864883422852
2016-12-21,0.9748386740684509,1.0255718231201172,4.804864883422852
2016-12-22,0.9871787428855896,1.0195033550262451,4.743342876434326
2016-12-23,0.9810082912445068,1.0012977123260498,4.681821823120117
2016-12-27,0.9933483600616455,1.0377084016799927,4.681821823120117
2016-12-28,0.999518096446991,1.0377084016799927,4.798711776733398
2016-12-29,1.0056883096694946,1.0377084016799927,4.921756267547607
2016-12-30,0.9933483600616455,1.0437772274017334,5.106322765350342
2017-01-02,0.9933483600616455,1.0437772274017334,5.106322765350342
2017-01-03,0.9871787428855896,1.0377084016799927,4.8540825843811035
2017-01-04,1.0056883096694946,1.0377084016799927,4.817168712615967
2017-01-05,1.0056883096694946,1.0316402912139893,4.817168712615967
2017-01-06,0.9933483600616455,1.0316402912139893,4.804864883422852
2017-01-09,1.0180280208587646,1.0255718231201172,4.8110175132751465
2017-01-10,1.0241975784301758,1.0377084016799927,4.8233208656311035
2017-01-11,1.0550471544265747,1.049845576286316,4.804864883422852
2017-01-12,1.0550471544265747,1.0437772274017334,4.817168712615967
2017-01-13,1.0550471544265747,1.049845576286316,4.804864883422852
2017-01-16,1.0427074432373047,1.055914044380188,4.804864883422852
2017-01-17,1.048877239227295,1.0801881551742554,4.817168712615967
2017-01-18,1.048877239227295,1.0680512189865112,4.8110175132751465
2017-01-19,1.0612168312072754,1.0801881551742554,4.804864883422852
2017-01-20,1.0612168312072754,1.0619827508926392,4.8110175132751465
2017-01-23,1.0612168312072754,1.0680512189865112,4.804864883422852
2017-01-24,1.0920662879943848,1.0741195678710938,4.804864883422852
2017-01-25,1.0797266960144043,1.0619827508926392,4.8110175132751465
2017-01-26,1.0797266960144043,1.0923250913619995,4.8233208656311035
2017-01-27,1.0797266960144043,1.0923250913619995,4.8233208656311035
2017-01-31,1.0797266960144043,1.0801881551742554,4.9156036376953125
2017-02-02,1.0797266960144043,1.0862563848495483,4.841777324676514
2017-02-03,1.0797266960144043,1.0741195678710938,4.835624694824219
2017-02-06,1.0735565423965454,1.0741195678710938,4.872073650360107
2017-02-07,1.085896611213684,1.0741195678710938,4.865843296051025
2017-02-08,1.0495928525924683,1.0619827508926392,4.865843296051025
2017-02-10,1.0495928525924683,1.0741195678710938,4.872073650360107
2017-02-13,1.0434188842773438,1.0741195678710938,4.865843296051025
2017-02-14,1.0434188842773438,1.0741195678710938,4.884532928466797
2017-02-15,1.0248963832855225,1.0680512189865112,4.865843296051025
2017-02-16,1.0310704708099365,1.0801881551742554,4.872073650360107
2017-02-17,1.0310704708099365,1.0801881551742554,4.865843296051025
2017-02-20,1.0125486850738525,1.0741195678710938,4.859611988067627
2017-02-21,1.0248963832855225,1.0619827508926392,4.803539276123047
2017-02-22,1.0248963832855225,1.0619827508926392,4.840921401977539
2017-02-23,1.0248963832855225,1.0619827508926392,4.847151279449463
2017-02-24,1.0310704708099365,1.055914044380188,4.853382110595703
2017-02-27,1.018722653388977,1.0391887426376343,4.828460693359375
2017-02-28,1.0248963832855225,1.0453376770019531,4.859611988067627
2017-03-01,1.018722653388977,1.051486611366272,4.853382110595703
2017-03-02,1.0495928525924683,1.051486611366272,4.859611988067627
2017-03-03,1.0495928525924683,1.0453376770019531,4.853382110595703
2017-03-06,1.0989854335784912,1.0453376770019531,4.859611988067627
2017-03-07,1.0804634094238281,1.051486611366272,4.8907623291015625
2017-03-08,1.068114995956421,1.0576359033584595,4.953065872192383
2017-03-09,1.0495928525924683,1.0453376770019531,4.872073650360107
2017-03-10,1.0557669401168823,1.0453376770019531,4.865843296051025
2017-03-13,1.0434188842773438,1.051486611366272,4.865843296051025
2017-03-14,1.0557669401168823,1.051486611366272,4.921915531158447
2017-03-15,1.0434188842773438,1.0453376770019531,4.9343743324279785
2017-03-16,1.037244439125061,1.0576359033584595,4.946835517883301
2017-03-17,1.0310704708099365,1.0760829448699951,5.071440696716309
2017-03-20,1.018722653388977,1.0760829448699951,5.002908229827881
2017-03-21,1.0434188842773438,1.0699338912963867,4.984216690063477
2017-03-22,1.037244439125061,1.0637849569320679,5.002908229827881
2017-03-23,1.0310704708099365,1.0760829448699951,4.984216690063477
2017-03-24,1.037244439125061,1.0637849569320679,4.977987289428711
2017-03-27,1.0619409084320068,1.051486611366272,4.928143501281738
2017-03-28,1.0495928525924683,1.0576359033584595,4.977987289428711
2017-03-29,1.0557669401168823,1.0576359033584595,4.977987289428711
2017-03-30,1.0434188842773438,1.0576359033584595,4.953065872192383
2017-03-31,1.0434188842773438,1.0576359033584595,4.940606117248535
2017-04-03,1.0495928525924683,1.051486611366272,4.921915531158447
2017-04-04,1.0495928525924683,1.051486611366272,4.909453868865967
2017-04-05,1.0495928525924683,1.0576359033584595,4.896993637084961
2017-04-06,1.0495928525924683,1.051486611366272,4.8907623291015625
2017-04-07,1.0619409084320068,1.051486611366272,4.921915531158447
2017-04-10,1.0495928525924683,1.0576359033584595,4.984216690063477
2017-04-11,1.0495928525924683,1.051486611366272,4.884532928466797
2017-04-12,1.0434188842773438,1.0453376770019531,4.884532928466797
2017-04-13,1.0495928525924683,1.0453376770019531,4.872073650360107
2017-04-14,1.0434188842773438,1.0453376770019531,4.859611988067627
2017-04-17,1.0434188842773438,1.0453376770019531,4.865843296051025
2017-04-18,1.0495928525924683,1.0453376770019531,4.865843296051025
2017-04-19,1.0434188842773438,1.0453376770019531,4.865843296051025
2017-04-20,1.0434188842773438,1.0453376770019531,4.865843296051025
2017-04-21,1.037244439125061,1.0391887426376343,4.865843296051025
2017-04-24,1.0434188842773438,1.0391887426376343,4.865843296051025
2017-04-25,1.0434188842773438,1.0576359033584595,4.959296703338623
2017-04-26,1.037244439125061,1.0453376770019531,4.865843296051025
2017-04-27,1.0495928525924683,1.0453376770019531,4.865843296051025
2017-04-28,1.0495928525924683,1.0453376770019531,4.878303050994873
2017-05-02,1.0495928525924683,1.0453376770019531,4.896993637084961
2017-05-03,1.0434188842773438,1.051486611366272,4.8907623291015625
2017-05-04,1.037244439125061,1.051486611366272,4.928143501281738
2017-05-05,1.037244439125061,1.0453376770019531,4.928143501281738
2017-05-08,1.0495928525924683,1.051486611366272,4.940606117248535
2017-05-09,1.0434188842773438,1.0576359033584595,4.946835517883301
2017-05-11,1.0495928525924683,1.0576359033584595,4.909453868865967
2017-05-12,1.037244439125061,1.051486611366272,4.872073650360107
2017-05-15,1.0434188842773438,1.0576359033584595,4.872073650360107
2017-05-16,1.0434188842773438,1.0453376770019531,4.828460693359375
2017-05-17,1.0495928525924683,1.0576359033584595,4.878303050994873
2017-05-18,1.0557669401168823,1.0570138692855835,4.878303050994873
2017-05-19,1.0495928525924683,1.0570138692855835,4.859611988067627
2017-05-22,1.0434188842773438,1.0570138692855835,4.903223037719727
2017-05-23,1.0495928525924683,1.0570138692855835,4.865843296051025
2017-05-24,1.0557669401168823,1.0570138692855835,4.865843296051025
2017-05-25,1.0495928525924683,1.0632318258285522,4.865843296051025
2017-05-26,1.0495928525924683,1.0632318258285522,4.909453868865967
2017-05-29,1.0434188842773438,1.0632318258285522,4.872073650360107
2017-05-31,1.0434188842773438,1.0507965087890625,4.865843296051025
2017-06-01,1.0434188842773438,1.0570138692855835,4.865843296051025
2017-06-02,1.0495928525924683,1.0632318258285522,4.865843296051025
2017-06-05,1.0434188842773438,1.0570138692855835,4.91372013092041
2017-06-06,1.0557669401168823,1.0570138692855835,4.91372013092041
2017-06-07,1.0557669401168823,1.0632318258285522,4.920019626617432
2017-06-08,1.0557669401168823,1.075666904449463,4.920019626617432
2017-06-09,1.0619409084320068,1.075666904449463,4.926319599151611
2017-06-13,1.0804634094238281,1.0881025791168213,4.9767165184021
2017-06-14,1.0804634094238281,1.0881025791168213,4.945217132568359
2017-06-15,1.0928113460540771,1.0881025791168213,4.920019626617432
2017-06-16,1.0928113460540771,1.075666904449463,4.9515180587768555
2017-06-19,1.0928113460540771,1.0818848609924316,4.920019626617432
2017-06-20,1.0804634094238281,1.075666904449463,4.91372013092041
2017-06-21,1.0866374969482422,1.0694494247436523,4.9074201583862305
2017-06-22,1.0866374969482422,1.0694494247436523,4.920019626617432
2017-06-23,1.0866374969482422,1.0694494247436523,4.91372013092041
2017-06-26,1.0866374969482422,1.0694494247436523,4.9074201583862305
2017-06-27,1.0866374969482422,1.0694494247436523,4.9074201583862305
2017-06-28,1.0866374969482422,1.075666904449463,4.91372013092041
2017-06-29,1.0989854335784912,1.0818848609924316,4.91372013092041
2017-06-30,1.0866374969482422,1.1067559719085693,5.033411979675293
2017-07-03,1.0804634094238281,1.0881025791168213,4.926319599151611
2017-07-04,1.0742889642715454,1.0881025791168213,4.920019626617432
2017-07-05,1.0557669401168823,1.0881025791168213,4.9767165184021
2017-07-06,1.068114995956421,1.0570138692855835,4.945217132568359
2017-07-07,1.0619409084320068,1.0570138692855835,4.875921726226807
2017-07-10,1.0557669401168823,1.0570138692855835,4.901120185852051
2017-07-11,1.0619409084320068,1.0507965087890625,4.920019626617432
2017-07-12,1.0619409084320068,1.0570138692855835,4.920019626617432
2017-07-13,1.0619409084320068,1.0507965087890625,4.926319599151611
2017-07-14,1.0619409084320068,1.0570138692855835,4.9767165184021
2017-07-17,1.0619409084320068,1.0570138692855835,4.926319599151611
2017-07-18,1.0619409084320068,1.0507965087890625,4.920019626617432
2017-07-19,1.0619409084320068,1.0570138692855835,4.875921726226807
2017-07-20,1.0557669401168823,1.0507965087890625,4.901120185852051
2017-07-21,1.0557669401168823,1.0507965087890625,4.920019626617432
2017-07-24,1.0619409084320068,1.0570138692855835,4.91372013092041
2017-07-25,1.0619409084320068,1.0507965087890625,4.9074201583862305
2017-07-26,1.0557669401168823,1.0632318258285522,4.91372013092041
2017-07-27,1.0557669401168823,1.0507965087890625,4.920019626617432
2017-07-28,1.0557669401168823,1.0445784330368042,4.920019626617432
2017-07-31,1.0619409084320068,1.0632318258285522,4.920019626617432
2017-08-01,1.068114995956421,1.0632318258285522,4.91372013092041
2017-08-02,1.068114995956421,1.0632318258285522,4.920019626617432
2017-08-03,1.0804634094238281,1.0632318258285522,4.901120185852051
2017-08-04,1.0804634094238281,1.0632318258285522,4.920019626617432
2017-08-07,1.0804634094238281,1.0694494247436523,4.945217132568359
2017-08-08,1.0742889642715454,1.075666904449463,4.91372013092041
2017-08-09,1.0804634094238281,1.0694494247436523,4.920019626617432
2017-08-10,1.068114995956421,1.075666904449463,4.91372013092041
2017-08-11,1.0742889642715454,1.0818848609924316,4.91372013092041
2017-08-14,1.0951796770095825,1.0818848609924316,4.91372013092041
2017-08-15,1.0951796770095825,1.0881025791168213,4.989315032958984
2017-08-16,1.101509928703308,1.0818848609924316,4.97041654586792
2017-08-17,1.101509928703308,1.075666904449463,4.920019626617432
2017-08-18,1.101509928703308,1.0818848609924316,4.920019626617432
2017-08-21,1.101509928703308,1.075666904449463,4.926319599151611
2017-08-22,1.101509928703308,1.0818848609924316,4.91372013092041
2017-08-23,1.0951796770095825,1.0818848609924316,4.88852071762085
2017-08-24,1.101509928703308,1.070986032485962,4.964117050170898
2017-08-25,1.101509928703308,1.0835860967636108,4.9515180587768555
2017-08-28,1.0951796770095825,1.0835860967636108,4.901120185852051
2017-08-29,1.0825185775756836,1.0835860967636108,4.920019626617432
2017-08-30,1.088849425315857,1.0772861242294312,4.91372013092041
2017-08-31,1.088849425315857,1.0772861242294312,4.91372013092041
2017-09-01,1.088849425315857,1.0772861242294312,4.91372013092041
2017-09-04,,1.0772861242294312,4.91372013092041
2017-09-05,1.0825185775756836,1.0835860967636108,4.964117050170898
2017-09-06,1.0825185775756836,1.0835860967636108,4.974308013916016
2017-09-07,1.0825185775756836,1.0835860967636108,4.974308013916016
2017-09-08,1.0825185775756836,1.0835860967636108,4.974308013916016
2017-09-11,1.088849425315857,1.0835860967636108,4.967939376831055
2017-09-12,1.0825185775756836,1.089885950088501,4.974308013916016
2017-09-13,1.0825185775756836,1.089885950088501,4.974308013916016
2017-09-14,1.088849425315857,1.089885950088501,4.974308013916016
2017-09-15,1.088849425315857,1.0961859226226807,4.974308013916016
2017-09-18,1.088849425315857,1.0835860967636108,4.967939376831055
2017-09-19,1.0825185775756836,1.0835860967636108,4.974308013916016
2017-09-20,1.088849425315857,1.0835860967636108,4.974308013916016
2017-09-21,1.0825185775756836,1.0835860967636108,4.967939376831055
2017-09-22,1.0825185775756836,1.0835860967636108,4.967939376831055
2017-09-25,1.088849425315857,1.089885950088501,5.012522220611572
2017-09-26,1.0761882066726685,1.0835860967636108,4.974308013916016
2017-09-27,1.0761882066726685,1.0961859226226807,4.967939376831055
2017-09-28,1.0825185775756836,1.0835860967636108,4.967939376831055
2017-09-29,1.107840895652771,1.0835860967636108,5.095321178436279
2017-10-02,1.0761882066726685,1.089885950088501,4.980678081512451
2017-10-03,1.0761882066726685,1.0835860967636108,5.031630039215088
2017-10-04,1.0698577165603638,1.0835860967636108,5.101691246032715
2017-10-05,1.0698577165603638,1.089885950088501,4.993415832519531
2017-10-06,1.0761882066726685,1.0961859226226807,4.980678081512451
2017-10-09,1.0825185775756836,1.089885950088501,4.974308013916016
2017-10-10,1.0825185775756836,1.089885950088501,4.980678081512451
2017-10-11,1.0761882066726685,1.0961859226226807,4.967939376831055
2017-10-12,1.0698577165603638,1.0835860967636108,4.980678081512451
2017-10-13,1.0698577165603638,1.0835860967636108,4.967939376831055
2017-10-16,1.063527226448059,1.0835860967636108,4.967939376831055
2017-10-17,1.0445358753204346,1.0772861242294312,4.967939376831055
2017-10-18,1.0445358753204346,1.0772861242294312,4.967939376831055
2017-10-19,1.0508661270141602,1.0835860967636108,5.012522220611572
2017-10-20,1.0508661270141602,1.0772861242294312,4.974308013916016
2017-10-23,1.0508661270141602,1.0772861242294312,4.999783515930176
2017-10-24,1.0508661270141602,1.089885950088501,5.012522220611572
2017-10-25,1.0571963787078857,1.0835860967636108,4.999783515930176
2017-10-26,1.063527226448059,1.089885950088501,4.999783515930176
2017-10-27,1.0508661270141602,1.0961859226226807,4.980678081512451
2017-10-30,1.0508661270141602,1.089885950088501,4.942461967468262
2017-10-31,1.0445358753204346,1.0835860967636108,5.095321178436279
2017-11-01,1.0445358753204346,1.089885950088501,5.012522220611572
2017-11-02,1.0382050275802612,1.0835860967636108,4.967939376831055
2017-11-03,1.0445358753204346,1.0835860967636108,4.961570739746094
2017-11-06,1.0382050275802612,1.0835860967636108,4.961570739746094
2017-11-07,1.0318745374679565,1.0772861242294312,4.961570739746094
2017-11-08,1.0255439281463623,1.0772861242294312,4.980678081512451
2017-11-09,1.0382050275802612,1.070986032485962,4.967939376831055
2017-11-10,1.0445358753204346,1.0646859407424927,4.967939376831055
2017-11-13,1.0382050275802612,1.0753759145736694,4.948831081390381
2017-11-14,1.0382050275802612,1.081776738166809,4.942461967468262
2017-11-15,1.0318745374679565,1.062573790550232,4.923354148864746
2017-11-16,1.0255439281463623,1.0689746141433716,4.904246807098389
2017-11-17,1.0255439281463623,1.0689746141433716,4.967939376831055
2017-11-20,1.019213318824768,1.081776738166809,4.967939376831055
2017-11-21,1.0255439281463623,1.081776738166809,4.974308013916016
2017-11-22,1.0255439281463623,1.081776738166809,4.974308013916016
2017-11-23,1.019213318824768,1.0753759145736694,4.993415832519531
2017-11-24,1.019213318824768,1.0753759145736694,5.018890380859375
2017-11-27,1.012883186340332,1.0753759145736694,5.006152153015137
2017-11-28,1.012883186340332,1.0689746141433716,4.955200672149658
2017-11-29,1.0002217292785645,1.0753759145736694,5.029908657073975
2017-11-30,1.0065524578094482,1.0753759145736694,5.152273654937744
2017-12-01,1.0065524578094482,1.0753759145736694,5.152273654937744
2017-12-04,1.0065524578094482,1.0753759145736694,5.036349296569824
2017-12-05,1.0065524578094482,1.0689746141433716,5.029908657073975
2017-12-06,1.0065524578094482,1.0561727285385132,5.023467540740967
2017-12-07,1.0002217292785645,1.0689746141433716,5.042788028717041
2017-12-08,0.9938914775848389,1.0689746141433716,5.004147052764893
2017-12-11,0.9938914775848389,1.081776738166809,5.029908657073975
2017-12-12,0.9938914775848389,1.081776738166809,5.004147052764893
2017-12-13,0.9938914775848389,1.081776738166809,5.004147052764893
2017-12-14,1.0002217292785645,1.081776738166809,5.010587692260742
2017-12-15,1.0445358753204346,1.0881779193878174,5.036349296569824
2017-12-18,0.9938914775848389,1.0881779193878174,5.029908657073975
2017-12-19,0.9938914775848389,1.100980281829834,5.023467540740967
2017-12-20,0.9812304973602295,1.0753759145736694,5.017028331756592
2017-12-21,0.9938914775848389,1.0753759145736694,5.004147052764893
2017-12-22,1.0571963787078857,1.100980281829834,5.049230098724365
2017-12-25,1.0571963787078857,1.100980281829834,5.049230098724365
2017-12-26,1.012883186340332,1.0945791006088257,5.017028331756592
2017-12-27,1.0255439281463623,1.0881779193878174,5.029908657073975
2017-12-28,1.0255439281463623,1.0945791006088257,5.029908657073975
2017-12-29,1.1394931077957153,1.2161990404129028,5.564456462860107
2018-01-02,1.019213318824768,1.0881779193878174,5.094310760498047
2018-01-03,1.012883186340332,1.0945791006088257,5.081429958343506
2018-01-04,1.012883186340332,1.1073812246322632,5.081429958343506
2018-01-05,1.012883186340332,1.113782286643982,5.036349296569824
2018-01-08,1.0065524578094482,1.113782286643982,5.023467540740967
2018-01-09,1.012883186340332,1.113782286643982,5.023467540740967
2018-01-10,1.0065524578094482,1.100980281829834,5.017028331756592
2018-01-11,1.019213318824768,1.100980281829834,5.05566930770874
2018-01-12,1.0255439281463623,1.100980281829834,5.05566930770874
2018-01-15,1.012883186340332,1.100980281829834,5.049230098724365
2018-01-16,1.0255439281463623,1.1073812246322632,5.120072364807129
2018-01-17,1.019213318824768,1.1073812246322632,5.087871074676514
2018-01-18,1.019213318824768,1.100980281829834,5.042788028717041
2018-01-19,1.012883186340332,1.0881779193878174,4.991266250610352
2018-01-22,1.012883186340332,1.1073812246322632,5.036349296569824
2018-01-23,1.019213318824768,1.100980281829834,5.023467540740967
2018-01-24,1.0255439281463623,1.100980281829834,5.023467540740967
2018-01-25,1.019213318824768,1.113782286643982,5.023467540740967
2018-01-26,1.012883186340332,1.1073812246322632,5.023467540740967
2018-01-29,1.0255439281463623,1.1073812246322632,5.023467540740967
2018-01-30,1.012883186340332,1.1073812246322632,4.991266250610352
2018-02-02,1.012883186340332,1.100980281829834,4.9655046463012695
2018-02-05,1.012883186340332,1.0945791006088257,4.959064483642578
2018-02-06,1.0187602043151855,1.100980281829834,4.959064483642578
2018-02-07,1.0187602043151855,1.100980281829834,4.991266250610352
2018-02-08,1.0187602043151855,1.100980281829834,5.045770645141602
2018-02-09,1.0122298002243042,1.081776738166809,5.091464042663574
2018-02-12,1.0122298002243042,1.1073812246322632,5.097990989685059
2018-02-13,1.0122298002243042,1.113782286643982,5.156737327575684
2018-02-14,1.0122298002243042,1.0945791006088257,5.156737327575684
2018-02-15,1.0056995153427124,1.100980281829834,5.156737327575684
2018-02-19,1.0187602043151855,1.1265841722488403,5.156737327575684
2018-02-20,1.0187602043151855,1.1290500164031982,5.156737327575684
2018-02-21,1.0056995153427124,1.1290500164031982,5.163266658782959
2018-02-22,1.0056995153427124,1.116072654724121,5.071881294250488
2018-02-23,1.0056995153427124,1.1095836162567139,5.0653533935546875
2018-02-26,1.0122298002243042,1.1030949354171753,5.097990989685059
2018-02-27,0.9991688132286072,1.1030949354171753,5.156737327575684
2018-02-28,1.0056995153427124,1.0966062545776367,5.078408718109131
2018-03-01,1.0056995153427124,1.0966062545776367,5.091464042663574
2018-03-02,1.0056995153427124,1.0901174545288086,5.097990989685059
2018-03-05,0.9991688132286072,1.0901174545288086,4.980494499206543
2018-03-06,0.9861080050468445,1.0901174545288086,5.150210380554199
2018-03-07,0.9861080050468445,1.0771398544311523,5.02618932723999
2018-03-08,0.9861080050468445,1.0706508159637451,5.091464042663574
2018-03-09,0.9991688132286072,1.0706508159637451,5.097990989685059
2018-03-12,0.9926382899284363,1.0836284160614014,5.137156963348389
2018-03-13,0.9861080050468445,1.0771398544311523,5.124100208282471
2018-03-14,0.9861080050468445,1.0836284160614014,5.104517936706543
2018-03-15,0.9861080050468445,1.0966062545776367,5.091464042663574
2018-03-16,0.9795772433280945,1.0836284160614014,4.960912704467773
2018-03-19,0.9730470180511475,1.0771398544311523,4.830361843109131
2018-03-20,0.95345538854599,1.0252294540405273,4.575789928436279
2018-03-21,0.9599859714508057,0.9927853345870972,4.5692620277404785
2018-03-22,0.9795772433280945,1.0511845350265503,4.634536266326904
2018-03-23,0.9730470180511475,1.0317182540893555,4.490932464599609
2018-03-26,0.9730470180511475,1.0252294540405273,4.497459888458252
2018-03-27,0.9795772433280945,1.038206934928894,4.536624431610107
2018-03-28,0.9665165543556213,1.038206934928894,4.582316875457764
2018-03-29,1.0056995153427124,1.0446958541870117,4.660648345947266
2018-03-30,1.0122298002243042,1.038206934928894,4.680230140686035
2018-04-02,0.9926382899284363,1.0187404155731201,4.62800931930542
2018-04-03,0.9991688132286072,0.9927853345870972,4.601900577545166
2018-04-04,0.9795772433280945,0.97980797290802,4.556207180023193
2018-04-05,0.9926382899284363,0.9927853345870972,4.5692620277404785
2018-04-06,0.9926382899284363,0.973318874835968,4.5692620277404785
2018-04-09,1.0056995153427124,0.9927853345870972,4.601900577545166
2018-04-10,1.0056995153427124,1.005763053894043,4.667174339294434
2018-04-11,1.025291085243225,1.0317182540893555,4.699812889099121
2018-04-12,1.025291085243225,1.0576733350753784,4.732449054718018
2018-04-13,1.0122298002243042,1.0446958541870117,4.7063398361206055
2018-04-16,1.031821608543396,1.0511845350265503,4.732449054718018
2018-04-17,0.9991688132286072,1.0317182540893555,4.752033233642578
2018-04-18,0.9926382899284363,1.0252294540405273,4.752033233642578
2018-04-19,0.9991688132286072,1.0446958541870117,4.863000392913818
2018-04-20,0.9926382899284363,1.038206934928894,4.797724723815918
2018-04-23,0.9926382899284363,1.038206934928894,4.699812889099121
2018-04-24,1.025291085243225,1.0446958541870117,4.699812889099121
2018-04-25,1.0122298002243042,1.0317182540893555,4.582316875457764
2018-04-26,1.0122298002243042,1.0511845350265503,4.7063398361206055
2018-04-27,1.031821608543396,1.0576733350753784,4.8238348960876465
2018-04-30,1.0383518934249878,1.0446958541870117,5.078408718109131
2018-05-02,1.0383518934249878,1.0901174545288086,4.889110565185547
2018-05-03,1.025291085243225,1.0706508159637451,4.973967552185059
2018-05-04,1.035111427307129,1.0771398544311523,4.915220260620117
2018-05-07,1.035111427307129,1.0771398544311523,4.882583141326904
2018-05-08,1.0152055025100708,1.0836284160614014,4.869528293609619
2018-05-14,1.035111427307129,1.0966062545776367,4.973967552185059
2018-05-15,1.0284756422042847,1.1030949354171753,5.104517936706543
2018-05-16,1.0417470932006836,1.1186907291412354,5.104517936706543
2018-05-17,1.0682883262634277,1.125271201133728,5.176321029663086
2018-05-18,1.0815584659576416,1.138432264328003,5.091464042663574
2018-05-21,1.088193655014038,1.1450129747390747,5.019660949707031
2018-05-22,1.0948293209075928,1.1450129747390747,5.078408718109131
2018-05-23,1.0815584659576416,1.1318520307540894,5.169792652130127
2018-05-24,1.0948293209075928,1.125271201133728,5.091464042663574
2018-05-25,1.0948293209075928,1.1186907291412354,5.124100208282471
2018-05-28,1.0948293209075928,1.138432264328003,5.207929611206055
2018-05-30,1.0948293209075928,1.138432264328003,5.207929611206055
2018-05-31,1.1080996990203857,1.138432264328003,5.148523807525635
2018-06-01,1.0948293209075928,1.125271201133728,5.1815266609191895
2018-06-04,1.088193655014038,1.1186907291412354,5.1155195236206055
2018-06-05,1.1080996990203857,1.138432264328003,5.082517147064209
2018-06-06,1.1080996990203857,1.1318520307540894,5.1155195236206055
2018-06-07,1.088193655014038,1.138432264328003,5.082517147064209
2018-06-08,1.088193655014038,1.1450129747390747,5.122120380401611
2018-06-11,1.1147351264953613,1.1450129747390747,5.108919620513916
2018-06-12,1.1280063390731812,1.138432264328003,5.082517147064209
2018-06-13,1.1280063390731812,1.10552978515625,5.049513816833496
2018-06-14,1.1147351264953613,1.1318520307540894,4.970305442810059
2018-06-18,1.1080996990203857,1.1186907291412354,5.016510009765625
2018-06-19,1.1080996990203857,1.1186907291412354,4.950502395629883
2018-06-20,1.1014645099639893,1.1186907291412354,4.950502395629883
2018-06-21,1.1014645099639893,1.1186907291412354,4.9835076332092285
2018-06-22,1.0948293209075928,1.1186907291412354,4.9835076332092285
2018-06-25,1.0948293209075928,1.1186907291412354,4.976905822753906
2018-06-26,1.0749233961105347,1.0989490747451782,4.950502395629883
2018-06-27,1.0948293209075928,1.10552978515625,4.943902015686035
2018-06-28,1.088193655014038,1.0989490747451782,4.92410135269165
2018-06-29,1.1545473337173462,1.1647543907165527,5.28053617477417
2018-07-02,1.1014645099639893,1.1186907291412354,5.016510009765625
2018-07-03,1.1014645099639893,1.1318520307540894,4.9835076332092285
2018-07-04,1.1014645099639893,1.1186907291412354,5.016510009765625
2018-07-05,1.1014645099639893,1.1186907291412354,5.056112289428711
2018-07-06,1.1014645099639893,1.138432264328003,5.02971076965332
2018-07-09,1.1014645099639893,1.125271201133728,5.016510009765625
2018-07-10,1.1014645099639893,1.125271201133728,5.016510009765625
2018-07-11,1.088193655014038,1.125271201133728,5.016510009765625
2018-07-12,1.1014645099639893,1.138432264328003,5.082517147064209
2018-07-13,1.1080996990203857,1.138432264328003,5.049513816833496
2018-07-16,1.1479119062423706,1.1450129747390747,5.02971076965332
2018-07-17,1.1479119062423706,1.1450129747390747,5.036312580108643
2018-07-18,1.1545473337173462,1.1450129747390747,5.056112289428711
2018-07-19,1.1346412897109985,1.1318520307540894,4.9835076332092285
2018-07-20,1.1611827611923218,1.1318520307540894,5.0099101066589355
2018-07-23,1.1479119062423706,1.138432264328003,5.135322570800781
2018-07-24,1.1545473337173462,1.138432264328003,5.056112289428711
2018-07-25,1.1479119062423706,1.138432264328003,5.0099101066589355
2018-07-26,1.1421340703964233,1.1318520307540894,5.036312580108643
2018-07-27,1.1421340703964233,1.1318520307540894,5.049513816833496
2018-07-30,1.1354155540466309,1.138432264328003,5.082517147064209
2018-07-31,1.175726294517517,1.138432264328003,5.082517147064209
2018-08-01,1.1555709838867188,1.1186907291412354,5.075916290283203
2018-08-02,1.1622895002365112,1.125271201133728,5.016510009765625
2018-08-03,1.1555709838867188,1.1318520307540894,5.023111343383789
2018-08-06,1.148852825164795,1.125271201133728,5.023111343383789
2018-08-07,1.1421340703964233,1.125271201133728,5.148523807525635
2018-08-08,1.1421340703964233,1.1318520307540894,5.141923427581787
2018-08-09,1.1421340703964233,1.1450129747390747,5.135322570800781
2018-08-10,1.148852825164795,1.1450129747390747,5.122120380401611
2018-08-13,1.1555709838867188,1.1318520307540894,5.089117050170898
2018-08-14,1.1690080165863037,1.1450129747390747,5.016510009765625
2018-08-15,1.1555709838867188,1.1450129747390747,5.02971076965332
2018-08-16,1.1622895002365112,1.1450129747390747,4.99670934677124
2018-08-17,1.1690080165863037,1.138432264328003,5.075916290283203
2018-08-20,1.1690080165863037,1.1515933275222778,5.148523807525635
2018-08-21,1.1690080165863037,1.1450129747390747,5.148523807525635
2018-08-23,1.1690080165863037,1.1393494606018066,5.082517147064209
2018-08-24,1.1421340703964233,1.1460124254226685,5.141923427581787
2018-08-27,1.148852825164795,1.1526752710342407,5.128722190856934
2018-08-28,1.1622895002365112,1.1393494606018066,5.168325901031494
2018-08-29,1.148852825164795,1.1326866149902344,5.213048458099365
2018-08-30,1.1622895002365112,1.1460124254226685,5.152973175048828
2018-09-03,1.1555709838867188,1.1460124254226685,5.072874546051025
2018-09-04,1.1622895002365112,1.1460124254226685,5.099574565887451
2018-09-05,1.1555709838867188,1.159338116645813,5.132948875427246
2018-09-06,1.1555709838867188,1.1526752710342407,5.186347007751465
2018-09-07,1.1555709838867188,1.159338116645813,5.179673194885254
2018-09-12,1.1622895002365112,1.1526752710342407,5.112925052642822
2018-09-13,1.1555709838867188,1.1460124254226685,5.139623641967773
2018-09-14,1.1555709838867188,1.1393494606018066,5.139623641967773
2018-09-18,1.1555709838867188,1.1393494606018066,5.139623641967773
2018-09-19,1.1555709838867188,1.1393494606018066,5.159648895263672
2018-09-20,1.1555709838867188,1.1393494606018066,5.199697494506836
2018-09-21,1.1555709838867188,1.1326866149902344,5.152973175048828
2018-09-24,1.148852825164795,1.1326866149902344,5.139623641967773
2018-09-25,1.1421340703964233,1.1260238885879517,5.166323661804199
2018-09-26,1.148852825164795,1.1326866149902344,5.139623641967773
2018-09-27,1.1421340703964233,1.1260238885879517,5.126272678375244
2018-09-28,1.1354155540466309,1.1260238885879517,5.072874546051025
2018-10-01,1.1354155540466309,1.1326866149902344,5.02615213394165
2018-10-02,1.121978759765625,1.1260238885879517,5.066200256347656
2018-10-03,1.128697395324707,1.1326866149902344,5.072874546051025
2018-10-04,1.128697395324707,1.1326866149902344,5.006127834320068
2018-10-05,1.1354155540466309,1.112697958946228,5.039501667022705
2018-10-08,1.1354155540466309,1.1193609237670898,5.039501667022705
2018-10-09,1.128697395324707,1.1260238885879517,5.039501667022705
2018-10-10,1.128697395324707,1.1326866149902344,5.072874546051025
2018-10-11,1.128697395324707,1.1260238885879517,5.039501667022705
2018-10-12,1.1152600049972534,1.1193609237670898,5.072874546051025
2018-10-15,1.121978759765625,1.1260238885879517,5.072874546051025
2018-10-16,1.121978759765625,1.1193609237670898,5.02615213394165
2018-10-17,1.1152600049972534,1.1326866149902344,5.02615213394165
2018-10-18,1.121978759765625,1.1193609237670898,5.046175956726074
2018-10-19,1.128697395324707,1.1193609237670898,5.0128021240234375
2018-10-22,1.1421340703964233,1.1193609237670898,5.072874546051025
2018-10-23,1.1354155540466309,1.1193609237670898,5.086225509643555
2018-10-24,1.1421340703964233,1.1260238885879517,5.032827377319336
2018-10-25,1.1421340703964233,1.1193609237670898,5.112925052642822
2018-10-26,1.1354155540466309,1.112697958946228,5.086225509643555
2018-10-29,1.128697395324707,1.1193609237670898,5.086225509643555
2018-10-30,1.1354155540466309,1.1260238885879517,5.126272678375244
2018-10-31,1.128697395324707,1.1260238885879517,5.106249809265137
2018-11-01,1.1152600049972534,1.1260238885879517,5.106249809265137
2018-11-02,1.108541488647461,1.1193609237670898,5.106249809265137
2018-11-05,1.108541488647461,1.1260238885879517,5.266445636749268
2018-11-07,1.1173306703567505,1.112697958946228,5.233071327209473
2018-11-08,1.1173306703567505,1.1193609237670898,5.206371784210205
2018-11-09,1.1309566497802734,1.1193609237670898,5.086225509643555
2018-11-12,1.1037046909332275,1.112697958946228,5.079549312591553
2018-11-13,1.0968917608261108,1.0993720293045044,5.112925052642822
2018-11-14,1.1309566497802734,1.1060352325439453,5.112925052642822
2018-11-15,1.1650214195251465,1.1092817783355713,5.119598388671875
2018-11-16,1.1650214195251465,1.1092817783355713,5.099574565887451
2018-11-19,1.151395320892334,1.1295734643936157,5.159648895263672
2018-11-21,1.1445822715759277,1.116045594215393,5.099574565887451
2018-11-22,1.151395320892334,1.1092817783355713,5.106249809265137
2018-11-23,1.1445822715759277,1.1092817783355713,5.139623641967773
2018-11-26,1.1445822715759277,1.116045594215393,5.179673194885254
2018-11-27,1.1445822715759277,1.1092817783355713,5.126272678375244
2018-11-28,1.151395320892334,1.116045594215393,5.137750625610352
2018-11-29,1.192273736000061,1.116045594215393,5.18501091003418
2018-11-30,1.1718343496322632,1.1092817783355713,5.18501091003418
2018-12-03,1.1582084894180298,1.1092817783355713,5.266026496887207
2018-12-04,1.1582084894180298,1.1092817783355713,5.266026496887207
2018-12-05,1.1582084894180298,1.1092817783355713,5.272777557373047
2018-12-06,1.151395320892334,1.1092817783355713,5.279529094696045
2018-12-07,1.1582084894180298,1.1092817783355713,5.286280155181885
2018-12-10,1.1582084894180298,1.1092817783355713,5.205264568328857
2018-12-11,1.1650214195251465,1.1025179624557495,5.239020824432373
2018-12-12,1.1650214195251465,1.1092817783355713,5.1917619705200195
2018-12-13,1.1445822715759277,1.116045594215393,5.198513031005859
2018-12-14,1.1582084894180298,1.1025179624557495,5.198513031005859
2018-12-17,1.151395320892334,1.1092817783355713,5.1917619705200195
2018-12-18,1.151395320892334,1.1092817783355713,5.18501091003418
2018-12-19,1.1582084894180298,1.116045594215393,5.171508312225342
2018-12-20,1.1718343496322632,1.116045594215393,5.18501091003418
2018-12-21,1.1786476373672485,1.0957540273666382,5.164757251739502
2018-12-24,1.1854605674743652,1.1092817783355713,5.097242832183838
2018-12-26,1.1786476373672485,1.122809886932373,5.131000518798828
2018-12-27,1.1854605674743652,1.143101453781128,5.178259372711182
2018-12-28,1.1786476373672485,1.176921010017395,5.293031692504883
2018-12-31,1.1786476373672485,1.1701573133468628,5.171508312225342
2019-01-02,1.1854605674743652,1.1904487609863281,5.18501091003418
2019-01-03,1.1854605674743652,1.1904487609863281,5.245771884918213
2019-01-04,1.1854605674743652,1.183685064315796,5.245771884918213
2019-01-07,1.1786476373672485,1.183685064315796,5.266026496887207
2019-01-08,1.1786476373672485,1.176921010017395,5.266026496887207
2019-01-09,1.1786476373672485,1.176921010017395,5.293031692504883
2019-01-10,1.192273736000061,1.1633931398391724,5.313285827636719
2019-01-11,1.1786476373672485,1.1566293239593506,5.353794097900391
2019-01-14,1.1854605674743652,1.1498652696609497,5.353794097900391
2019-01-15,1.1854605674743652,1.1633931398391724,5.353794097900391
2019-01-16,1.1786476373672485,1.1566293239593506,5.279529094696045
2019-01-17,1.192273736000061,1.1633931398391724,5.299783706665039
2019-01-18,1.192273736000061,1.1701573133468628,5.299783706665039
2019-01-22,1.1854605674743652,1.176921010017395,5.299783706665039
2019-01-23,1.212712287902832,1.176921010017395,5.306535720825195
2019-01-24,1.226338267326355,1.176921010017395,5.333540439605713
2019-01-25,1.226338267326355,1.183685064315796,5.320038318634033
2019-01-28,1.2331513166427612,1.217504620552063,5.320038318634033
2019-01-29,1.212712287902832,1.1972126960754395,5.232271194458008
2019-01-30,1.212712287902832,1.1972126960754395,5.252524375915527
2019-01-31,1.212712287902832,1.183685064315796,5.266026496887207
2019-02-04,1.1990866661071777,1.176921010017395,5.326788425445557
2019-02-07,1.2148240804672241,1.183685064315796,5.333540439605713
2019-02-08,1.221726417541504,1.1904487609863281,5.333540439605713
2019-02-11,1.2079216241836548,1.183685064315796,5.3602375984191895
2019-02-12,1.221726417541504,1.1972126960754395,5.332854747772217
2019-02-13,1.2148240804672241,1.1904487609863281,5.3397016525268555
2019-02-14,1.2148240804672241,1.176921010017395,5.3191633224487305
2019-02-15,1.235530972480774,1.183685064315796,5.305471897125244
2019-02-18,1.221726417541504,1.2039767503738403,5.305471897125244
2019-02-19,1.235530972480774,1.2039767503738403,5.31231689453125
2019-02-20,1.221726417541504,1.2107404470443726,5.44923210144043
2019-02-21,1.2286286354064941,1.1972126960754395,5.326008319854736
2019-02-22,1.221726417541504,1.1972126960754395,5.326008319854736
2019-02-25,1.235530972480774,1.1972126960754395,5.373929977416992
2019-02-26,1.235530972480774,1.1972126960754395,5.373929977416992
2019-02-27,1.2079216241836548,1.205776572227478,5.284934997558594
2019-02-28,1.201019048690796,1.205776572227478,5.367083549499512
2019-03-01,1.221726417541504,1.198925495147705,5.305471897125244
2019-03-04,1.2148240804672241,1.205776572227478,5.305471897125244
2019-03-05,1.221726417541504,1.2126274108886719,5.291780471801758
2019-03-06,1.2148240804672241,1.205776572227478,5.3397016525268555
2019-03-07,1.2079216241836548,1.205776572227478,5.3397016525268555
2019-03-08,1.2079216241836548,1.198925495147705,5.332854747772217
2019-03-11,1.2148240804672241,1.2126274108886719,5.332854747772217
2019-03-12,1.221726417541504,1.198925495147705,5.3191633224487305
2019-03-13,1.2079216241836548,1.2126274108886719,5.326008319854736
2019-03-14,1.2148240804672241,1.198925495147705,5.326008319854736
2019-03-15,1.2631406784057617,1.198925495147705,5.326008319854736
2019-03-18,1.2631406784057617,1.2194784879684448,5.367083549499512
2019-03-19,1.2286286354064941,1.2126274108886719,5.278088569641113
2019-03-20,1.2286286354064941,1.2126274108886719,5.271242618560791
2019-03-21,1.2424335479736328,1.2126274108886719,5.271242618560791
2019-03-22,1.2562382221221924,1.2400312423706055,5.326008319854736
2019-03-25,1.2562382221221924,1.2331805229187012,5.305471897125244
2019-03-26,1.2838481664657593,1.2331805229187012,5.3191633224487305
2019-03-27,1.29075026512146,1.2400312423706055,5.3397016525268555
2019-03-28,1.2838481664657593,1.2263294458389282,5.3397016525268555
2019-03-29,1.2769455909729004,1.2331805229187012,5.31231689453125
2019-04-01,1.2838481664657593,1.2331805229187012,5.3397016525268555
2019-04-02,1.2838481664657593,1.2400312423706055,5.3397016525268555
2019-04-03,1.2769455909729004,1.2331805229187012,5.31231689453125
2019-04-04,1.2838481664657593,1.2605844736099243,5.353392124176025
2019-04-05,1.2838481664657593,1.2537336349487305,5.3397016525268555
2019-04-08,1.2838481664657593,1.2605844736099243,5.3397016525268555
2019-04-09,1.2838481664657593,1.2674356698989868,5.305471897125244
2019-04-10,1.2838481664657593,1.2674356698989868,5.291780471801758
2019-04-11,1.29075026512146,1.2674356698989868,5.305471897125244
2019-04-12,1.311457633972168,1.287988543510437,5.305471897125244
2019-04-15,1.2838481664657593,1.287988543510437,5.3397016525268555
2019-04-16,1.3045554161071777,1.2674356698989868,5.332854747772217
2019-04-17,1.2838481664657593,1.2674356698989868,5.3397016525268555
2019-04-18,1.2838481664657593,1.2537336349487305,5.3397016525268555
2019-04-19,1.297653079032898,1.2605844736099243,5.305471897125244
2019-04-22,1.29075026512146,1.2537336349487305,5.305471897125244
2019-04-23,1.2838481664657593,1.2605844736099243,5.31231689453125
2019-04-24,1.2769455909729004,1.2742862701416016,5.367083549499512
2019-04-25,1.2838481664657593,1.2674356698989868,5.3602375984191895
2019-04-26,1.29075026512146,1.2811378240585327,5.326008319854736
2019-04-29,1.2838481664657593,1.2742862701416016,5.305471897125244
2019-04-30,1.2838481664657593,1.2811378240585327,5.264397621154785
2019-05-02,1.29075026512146,1.2811378240585327,5.278088569641113
2019-05-03,1.29075026512146,1.2811378240585327,5.305471897125244
2019-05-06,1.29075026512146,1.2811378240585327,5.3397016525268555
2019-05-07,1.29075026512146,1.3153924942016602,5.380775451660156
2019-05-08,1.3005396127700806,1.3016905784606934,5.3397016525268555
2019-05-09,1.307531476020813,1.3085416555404663,5.373929977416992
2019-05-10,1.3145240545272827,1.329094648361206,5.428695201873779
2019-05-13,1.3145240545272827,1.3016905784606934,5.3397016525268555
2019-05-14,1.3215160369873047,1.3153924942016602,5.3397016525268555
2019-05-15,1.3145240545272827,1.3153924942016602,5.3397016525268555
2019-05-16,1.307531476020813,1.319420337677002,5.415003299713135
2019-05-17,1.307531476020813,1.3124760389328003,5.394466876983643
2019-05-21,1.3005396127700806,1.319420337677002,5.326008319854736
2019-05-23,1.307531476020813,1.319420337677002,5.393864631652832
2019-05-24,1.3215160369873047,1.3263646364212036,5.400790214538574
2019-05-27,1.3285080194473267,1.319420337677002,5.400790214538574
2019-05-28,1.384445309638977,1.3124760389328003,5.400790214538574
2019-05-29,1.3215160369873047,1.305531620979309,5.400790214538574
2019-05-30,1.307531476020813,1.305531620979309,5.352320194244385
2019-05-31,1.307531476020813,1.2916427850723267,5.33847188949585
2019-06-03,1.307531476020813,1.2985875606536865,5.352320194244385
2019-06-04,1.3005396127700806,1.305531620979309,5.352320194244385
2019-06-05,1.3005396127700806,1.305531620979309,5.352320194244385
2019-06-06,1.3005396127700806,1.305531620979309,5.352320194244385
2019-06-07,1.3005396127700806,1.2985875606536865,5.407712936401367
2019-06-10,1.3145240545272827,1.2985875606536865,5.400790214538574
2019-06-11,1.3215160369873047,1.2916427850723267,5.400790214538574
2019-06-12,1.307531476020813,1.2916427850723267,5.400790214538574
2019-06-13,1.3005396127700806,1.2846988439559937,5.400790214538574
2019-06-14,1.307531476020813,1.277754306793213,5.400790214538574
2019-06-17,1.3285080194473267,1.2846988439559937,5.407712936401367
2019-06-18,1.3285080194473267,1.2916427850723267,5.393864631652832
2019-06-19,1.3215160369873047,1.277754306793213,5.393864631652832
2019-06-20,1.3285080194473267,1.2846988439559937,5.400790214538574
2019-06-21,1.377453088760376,1.3541419506072998,5.608511447906494
2019-06-24,1.3564767837524414,1.3124760389328003,5.3869404792785645
2019-06-25,1.3564767837524414,1.3124760389328003,5.3869404792785645
2019-06-26,1.3564767837524414,1.3124760389328003,5.3869404792785645
2019-06-27,1.3494845628738403,1.305531620979309,5.393864631652832
2019-06-28,1.3355000019073486,1.2985875606536865,5.380016803741455
2019-07-01,1.3424924612045288,1.305531620979309,5.36616849899292
2019-07-02,1.3285080194473267,1.3124760389328003,5.380016803741455
2019-07-03,1.3424924612045288,1.305531620979309,5.400790214538574
2019-07-04,1.377453088760376,1.3124760389328003,5.400790214538574
2019-07-05,1.3634690046310425,1.319420337677002,5.400790214538574
2019-07-08,1.3634690046310425,1.3263646364212036,5.400790214538574
2019-07-09,1.370460867881775,1.3124760389328003,5.400790214538574
2019-07-10,1.370460867881775,1.319420337677002,5.3869404792785645
2019-07-11,1.377453088760376,1.319420337677002,5.456182956695557
2019-07-12,1.3914376497268677,1.319420337677002,5.407712936401367
2019-07-15,1.384445309638977,1.319420337677002,5.407712936401367
2019-07-16,1.3914376497268677,1.319420337677002,5.400790214538574
2019-07-17,1.377453088760376,1.305531620979309,5.414637565612793
2019-07-18,1.377453088760376,1.305531620979309,5.456182956695557
2019-07-19,1.370460867881775,1.305531620979309,5.4492573738098145
2019-07-22,1.370460867881775,1.2916427850723267,5.42848539352417
2019-07-23,1.370460867881775,1.2916427850723267,5.42848539352417
2019-07-24,1.377453088760376,1.2916427850723267,5.407712936401367
2019-07-25,1.377453088760376,1.2846988439559937,5.435410976409912
2019-07-26,1.3564767837524414,1.2985875606536865,5.435410976409912
2019-07-29,1.3494845628738403,1.3124760389328003,5.42848539352417
2019-07-31,1.3424924612045288,1.3263646364212036,5.42848539352417
2019-08-01,1.3564767837524414,1.319420337677002,5.400790214538574
2019-08-02,1.3984296321868896,1.3263646364212036,5.49080228805542
2019-08-05,1.3984296321868896,1.319420337677002,5.49080228805542
2019-08-06,1.4144127368927002,1.3124760389328003,5.483877658843994
2019-08-07,1.4144127368927002,1.3124760389328003,5.49772834777832
2019-08-08,1.4356286525726318,1.3124760389328003,5.470030307769775
2019-08-09,1.4285566806793213,1.3263646364212036,5.470030307769775
2019-08-13,1.4497727155685425,1.3333088159561157,5.470030307769775
2019-08-14,1.4285566806793213,1.3263646364212036,5.4423346519470215
2019-08-15,1.4356286525726318,1.3124760389328003,5.4423346519470215
2019-08-16,1.4497727155685425,1.319420337677002,5.470030307769775
2019-08-19,1.4568449258804321,1.3471976518630981,5.4492573738098145
2019-08-20,1.4568449258804321,1.3333088159561157,5.4492573738098145
2019-08-21,1.4709886312484741,1.3333088159561157,5.4492573738098145
2019-08-22,1.4709886312484741,1.3333088159561157,5.483877658843994
2019-08-23,1.4639167785644531,1.3352766036987305,5.643132209777832
2019-08-26,1.4709886312484741,1.3493322134017944,5.71237325668335
2019-08-27,1.4709886312484741,1.3423044681549072,5.816234588623047
2019-08-28,1.4568449258804321,1.3493322134017944,5.67775297164917
2019-08-29,1.4639167785644531,1.3493322134017944,5.546194553375244
2019-08-30,1.4639167785644531,1.370415449142456,5.6500563621521
2019-09-03,1.4639167785644531,1.3633877038955688,5.746993064880371
2019-09-04,1.4639167785644531,1.370415449142456,5.71237325668335
2019-09-05,1.4639167785644531,1.370415449142456,5.7331461906433105
2019-09-06,1.4709886312484741,1.3633877038955688,5.738743782043457
2019-09-10,1.4709886312484741,1.370415449142456,5.731746673583984
2019-09-11,1.4568449258804321,1.3423044681549072,5.703752040863037
2019-09-12,1.4497727155685425,1.3423044681549072,5.633767604827881
2019-09-13,1.4497727155685425,1.3563600778579712,5.626769065856934
2019-09-17,1.4356286525726318,1.3493322134017944,5.5987749099731445
2019-09-18,1.4497727155685425,1.3423044681549072,5.654763221740723
2019-09-19,1.4497727155685425,1.3423044681549072,5.633767604827881
2019-09-20,1.4214845895767212,1.3282490968704224,5.752742767333984
2019-09-23,1.4214845895767212,1.3352766036987305,5.689754962921143
2019-09-24,1.4144127368927002,1.3282490968704224,5.668759822845459
2019-09-25,1.4497727155685425,1.3352766036987305,5.668759822845459
2019-09-26,1.4356286525726318,1.3493322134017944,5.668759822845459
2019-09-27,1.4356286525726318,1.3493322134017944,5.626769065856934
2019-09-30,1.4427006244659424,1.3493322134017944,5.647763729095459
2019-10-01,1.4214845895767212,1.3493322134017944,5.647763729095459
2019-10-02,1.4427006244659424,1.370415449142456,5.647763729095459
2019-10-03,1.4285566806793213,1.370415449142456,5.647763729095459
2019-10-04,1.4144127368927002,1.370415449142456,5.654763221740723
2019-10-07,1.4285566806793213,1.3493322134017944,5.6617631912231445
2019-10-08,1.4285566806793213,1.3493322134017944,5.654763221740723
2019-10-09,1.4214845895767212,1.3352766036987305,5.668759822845459
2019-10-10,1.4214845895767212,1.3141933679580688,5.640766143798828
2019-10-11,1.4144127368927002,1.321220874786377,5.605773448944092
2019-10-14,1.3861242532730103,1.3282490968704224,5.5987749099731445
2019-10-15,1.3861242532730103,1.321220874786377,5.640766143798828
2019-10-16,1.364908218383789,1.307165503501892,5.5707807540893555
2019-10-17,1.3578360080718994,1.307165503501892,5.591775894165039
2019-10-18,1.37198007106781,1.307165503501892,5.5707807540893555
2019-10-21,1.4144127368927002,1.3352766036987305,5.58477783203125
2019-10-22,1.37198007106781,1.307165503501892,5.591775894165039
2019-10-23,1.3861242532730103,1.307165503501892,5.5987749099731445
2019-10-24,1.3931961059570312,1.3001378774642944,5.5987749099731445
2019-10-25,1.37198007106781,1.2790545225143433,5.605773448944092
2019-10-29,1.3578360080718994,1.2931098937988281,5.605773448944092
2019-10-30,1.364908218383789,1.2931098937988281,5.5987749099731445
2019-10-31,1.3507637977600098,1.272026777267456,5.591775894165039
2019-11-01,1.3507637977600098,1.272026777267456,5.563782691955566
2019-11-04,1.3507637977600098,1.2931098937988281,5.591775894165039
2019-11-05,1.3507637977600098,1.28608238697052,5.591775894165039
2019-11-06,1.3673003911972046,1.3141933679580688,5.5987749099731445
2019-11-07,1.3673003911972046,1.3001378774642944,5.591775894165039
2019-11-08,1.3673003911972046,1.307165503501892,5.591775894165039
2019-11-11,1.3601418733596802,1.321220874786377,5.591775894165039
2019-11-12,1.3601418733596802,1.3352766036987305,5.591775894165039
2019-11-13,1.3673003911972046,1.3141933679580688,5.5987749099731445
2019-11-14,1.374458909034729,1.3352766036987305,5.668759822845459
2019-11-15,1.3673003911972046,1.3352766036987305,5.5987749099731445
2019-11-18,1.3601418733596802,1.3352766036987305,5.668759822845459
2019-11-19,1.3601418733596802,1.3388371467590332,5.591775894165039
2019-11-20,1.374458909034729,1.3317159414291382,5.5987749099731445
2019-11-21,1.381617546081543,1.324594497680664,5.5987749099731445
2019-11-22,1.374458909034729,1.324594497680664,5.591775894165039
2019-11-25,1.374458909034729,1.3317159414291382,5.654048442840576
2019-11-26,1.4388868808746338,1.3317159414291382,5.654048442840576
2019-11-27,1.3601418733596802,1.3459588289260864,5.646972179412842
2019-11-28,1.3673003911972046,1.3317159414291382,5.6611247062683105
2019-11-29,1.374458909034729,1.324594497680664,5.6611247062683105
2019-12-02,1.374458909034729,1.3103513717651367,5.6611247062683105
2019-12-03,1.374458909034729,1.288987159729004,5.646972179412842
2019-12-04,1.3673003911972046,1.2961087226867676,5.646972179412842
2019-12-05,1.3601418733596802,1.3032299280166626,5.68235445022583
2019-12-06,1.403093695640564,1.3103513717651367,5.654048442840576
2019-12-09,1.388776183128357,1.3103513717651367,5.646972179412842
2019-12-10,1.388776183128357,1.324594497680664,5.639896869659424
2019-12-11,1.381617546081543,1.324594497680664,5.654048442840576
2019-12-12,1.374458909034729,1.31747305393219,5.675278186798096
2019-12-13,1.374458909034729,1.3103513717651367,5.6611247062683105
2019-12-16,1.3673003911972046,1.2961087226867676,5.6611247062683105
2019-12-17,1.3601418733596802,1.288987159729004,5.654048442840576
2019-12-18,1.3601418733596802,1.2818655967712402,5.654048442840576
2019-12-19,1.374458909034729,1.2818655967712402,5.646972179412842
2019-12-20,1.3673003911972046,1.274743914604187,5.6611247062683105
2019-12-23,1.3601418733596802,1.3032299280166626,5.654048442840576
2019-12-24,1.3673003911972046,1.3032299280166626,5.654048442840576
2019-12-26,1.3673003911972046,1.2961087226867676,5.6611247062683105
2019-12-27,1.3601418733596802,1.31747305393219,5.654048442840576
2019-12-30,1.3601418733596802,1.3103513717651367,5.646972179412842
2019-12-31,1.3529833555221558,1.2961087226867676,5.59036111831665
2020-01-02,1.3673003911972046,1.3103513717651367,5.55497932434082
2020-01-03,1.3673003911972046,1.31747305393219,5.597437381744385
2020-01-06,1.3601418733596802,1.3103513717651367,5.639896869659424
2020-01-07,1.3529833555221558,1.3103513717651367,5.646972179412842
2020-01-08,1.3458244800567627,1.3103513717651367,5.646972179412842
2020-01-09,1.3529833555221558,1.3103513717651367,5.639896869659424
2020-01-10,1.3529833555221558,1.3103513717651367,5.760194778442383
2020-01-13,1.3529833555221558,1.3032299280166626,5.6611247062683105
2020-01-14,1.3458244800567627,1.2961087226867676,5.625741958618164
2020-01-15,1.3673003911972046,1.2961087226867676,5.625741958618164
2020-01-16,1.3601418733596802,1.3103513717651367,5.632820129394531
2020-01-17,1.3673003911972046,1.3032299280166626,5.583285808563232
2020-01-20,1.3673003911972046,1.3032299280166626,5.618666172027588
2020-01-21,1.3529833555221558,1.288987159729004,5.611588954925537
2020-01-22,1.3959349393844604,1.3032299280166626,5.540826797485352
2020-01-23,1.381617546081543,1.3103513717651367,5.646972179412842
2020-01-24,1.3601418733596802,1.3103513717651367,5.646972179412842
2020-01-28,1.374458909034729,1.2961087226867676,5.55497932434082
2020-01-29,1.374458909034729,1.2818655967712402,5.4912919998168945
2020-01-30,1.3673003911972046,1.2818655967712402,5.519597053527832
2020-01-31,1.374458909034729,1.2961087226867676,5.540826797485352
2020-02-03,1.3673003911972046,1.274743914604187,5.533750057220459
2020-02-04,1.3673003911972046,1.267622709274292,5.519597053527832
2020-02-05,1.3904012441635132,1.267622709274292,5.526674747467041
2020-02-06,1.3831596374511719,1.267622709274292,5.540826797485352
2020-02-07,1.3904012441635132,1.2818655967712402,5.624147415161133
2020-02-10,1.3904012441635132,1.2961087226867676,5.681609630584717
2020-02-11,1.3904012441635132,1.3032299280166626,5.724708557128906
2020-02-12,1.448334813117981,1.31747305393219,5.731889724731445
2020-02-13,1.433851718902588,1.3388371467590332,5.782168865203857
2020-02-14,1.44109308719635,1.3530805110931396,5.8109002113342285
2020-02-17,1.4193681478500366,1.3530805110931396,5.818082809448242
2020-02-18,1.3976428508758545,1.3530805110931396,5.8468146324157715
2020-02-19,1.3976428508758545,1.3530805110931396,5.853996753692627
2020-02-20,1.3904012441635132,1.3459588289260864,5.853996753692627
2020-02-21,1.3759180307388306,1.3530805110931396,5.825265884399414
2020-02-24,1.3904012441635132,1.3530805110931396,5.8109002113342285
2020-02-25,1.4193681478500366,1.3459588289260864,5.853996753692627
2020-02-26,1.4048845767974854,1.3530805110931396,5.8468146324157715
2020-02-27,1.4048845767974854,1.3707557916641235,5.8468146324157715
2020-02-28,1.4193681478500366,1.3707557916641235,5.8468146324157715
2020-03-02,1.4121263027191162,1.3346835374832153,5.832449436187744
2020-03-03,1.4121263027191162,1.3418982028961182,5.839631080627441
2020-03-04,1.4121263027191162,1.3563268184661865,5.832449436187744
2020-03-05,1.4048845767974854,1.3635414838790894,5.8468146324157715
2020-03-06,1.4121263027191162,1.3635414838790894,5.853996753692627
2020-03-09,1.4048845767974854,1.3563268184661865,5.832449436187744
2020-03-10,1.3904012441635132,1.3563268184661865,5.8899102210998535
2020-03-11,1.4048845767974854,1.3707557916641235,5.933008670806885
2020-03-12,1.3759180307388306,1.3346835374832153,5.8899102210998535
2020-03-13,1.3397096395492554,1.2986109256744385,5.8899102210998535
2020-03-16,1.165909767150879,1.2481093406677246,5.502038955688477
2020-03-17,1.1731511354446411,1.1543208360671997,5.430210590362549
2020-03-18,1.194875955581665,1.1687500476837158,5.45894193649292
2020-03-19,1.1369425058364868,1.1182482242584229,5.45894193649292
2020-03-20,1.165909767150879,1.1687500476837158,5.45894193649292
2020-03-23,1.1224595308303833,1.1398917436599731,5.444575786590576
2020-03-24,1.151426076889038,1.1615355014801025,5.5379533767700195
2020-03-25,1.1876343488693237,1.1976079940795898,5.660061836242676
2020-03-26,1.2383261919021606,1.2192513942718506,5.624147415161133
2020-03-27,1.2238426208496094,1.2264658212661743,5.667243957519531
2020-03-30,1.1586679220199585,1.1759642362594604,5.652878284454346
2020-03-31,1.151426076889038,1.1471062898635864,5.595416069030762
2020-04-01,1.1586679220199585,1.1398917436599731,5.6313300132751465
2020-04-02,1.1586679220199585,1.1471062898635864,5.7462544441223145
2020-04-03,1.151426076889038,1.1471062898635864,5.609780788421631
2020-04-06,1.165909767150879,1.1398917436599731,5.602597713470459
2020-04-07,1.1586679220199585,1.1398917436599731,5.624147415161133
2020-04-08,1.1731511354446411,1.1398917436599731,5.602597713470459
2020-04-09,1.1586679220199585,1.1398917436599731,5.624147415161133
2020-04-10,1.1731511354446411,1.1254627704620361,5.595416069030762
2020-04-13,1.1441841125488281,1.1182482242584229,5.595416069030762
2020-04-14,1.1586679220199585,1.1110339164733887,5.595416069030762
2020-04-15,1.1876343488693237,1.1326773166656494,5.609780788421631
2020-04-16,1.2093595266342163,1.1543208360671997,5.6313300132751465
2020-04-17,1.2383261919021606,1.1543208360671997,5.7103400230407715
2020-04-20,1.2310843467712402,1.1759642362594604,5.638512134552002
2020-04-21,1.2310843467712402,1.1326773166656494,5.602597713470459
2020-04-22,1.2310843467712402,1.1182482242584229,5.695974826812744
2020-04-23,1.2093595266342163,1.1110339164733887,5.660061836242676
2020-04-24,1.2238426208496094,1.1110339164733887,5.602597713470459
2020-04-27,1.2021178007125854,1.1110339164733887,5.602597713470459
2020-04-28,1.2021178007125854,1.1038190126419067,5.602597713470459
2020-04-29,1.2383261919021606,1.1254627704620361,5.602597713470459
2020-04-30,1.2528096437454224,1.1326773166656494,5.6313300132751465
2020-05-04,1.2600513696670532,1.1471062898635864,5.638512134552002
2020-05-05,1.2600513696670532,1.1543208360671997,5.624147415161133
2020-05-06,1.2669352293014526,1.1615355014801025,5.624147415161133
2020-05-08,1.2815816402435303,1.1759642362594604,5.602597713470459
2020-05-12,1.2669352293014526,1.1615355014801025,5.588233470916748
2020-05-13,1.237641453742981,1.1615355014801025,5.602597713470459
2020-05-14,1.237641453742981,1.1398917436599731,5.595416069030762
2020-05-15,1.2229952812194824,1.1398917436599731,5.595416069030762
2020-05-18,1.2156717777252197,1.1398917436599731,5.616963863372803
2020-05-19,1.2229952812194824,1.1471062898635864,5.609780788421631
2020-05-20,1.2522884607315063,1.1398917436599731,5.624147415161133
2020-05-21,1.2669352293014526,1.1398917436599731,5.648104667663574
2020-05-22,1.2449650764465332,1.1326773166656494,5.626324653625488
2020-05-27,1.2522884607315063,1.1471062898635864,5.640843868255615
2020-05-28,1.2449650764465332,1.1326773166656494,5.633585453033447
2020-05-29,1.2815816402435303,1.1543208360671997,5.59728479385376
2020-06-02,1.2815816402435303,1.1543208360671997,5.59728479385376
2020-06-03,1.2669352293014526,1.1398917436599731,5.662623882293701
2020-06-04,1.2522884607315063,1.1687500476837158,5.938495635986328
2020-06-05,1.2449650764465332,1.1687500476837158,5.945754051208496
2020-06-09,1.2669352293014526,1.190393090248108,5.982053756713867
2020-06-10,1.2742586135864258,1.2120369672775269,5.953013896942139
2020-06-11,1.2815816402435303,1.1976079940795898,5.786041259765625
2020-06-12,1.2962281703948975,1.2048221826553345,5.953013896942139
2020-06-15,1.2669352293014526,1.1615355014801025,5.844118595123291
2020-06-16,1.2815816402435303,1.1976079940795898,5.844118595123291
2020-06-17,1.2815816402435303,1.2120369672775269,5.807819366455078
2020-06-18,1.2815816402435303,1.1615355014801025,5.807819366455078
2020-06-19,1.288905143737793,1.1687500476837158,5.6045451164245605
2020-06-22,1.3181980848312378,1.1759642362594604,5.771520614624023
2020-06-23,1.2962281703948975,1.1687500476837158,5.771520614624023
2020-06-24,1.3108751773834229,1.1759642362594604,5.815079689025879
2020-06-25,1.3181980848312378,1.1687500476837158,5.807819366455078
2020-06-26,1.3108751773834229,1.1543208360671997,5.778779029846191
2020-06-29,1.3035516738891602,1.1398917436599731,5.786041259765625
2020-06-30,1.3108751773834229,1.1687500476837158,5.778779029846191
2020-07-01,1.3328450918197632,1.1687500476837158,5.793299674987793
2020-07-02,1.3401685953140259,1.1759642362594604,5.786041259765625
2020-07-03,1.3108751773834229,1.1759642362594604,5.778779029846191
2020-07-06,1.3181980848312378,1.1687500476837158,5.807819366455078
2020-07-07,1.3401685953140259,1.1759642362594604,5.8804168701171875
2020-07-08,1.3255215883255005,1.1759642362594604,5.786041259765625
2020-07-09,1.3181980848312378,1.1687500476837158,5.756999969482422
2020-07-10,1.3255215883255005,1.1615355014801025,5.844118595123291
2020-07-13,1.3108751773834229,1.1543208360671997,5.778779029846191
2020-07-14,1.2962281703948975,1.1471062898635864,5.771520614624023
2020-07-15,1.3035516738891602,1.1471062898635864,5.771520614624023
2020-07-16,1.3108751773834229,1.1398917436599731,5.756999969482422
2020-07-17,1.3035516738891602,1.1398917436599731,5.764260292053223
2020-07-20,1.3181980848312378,1.1543208360671997,5.706182479858398
2020-07-21,1.3255215883255005,1.1543208360671997,5.706182479858398
2020-07-22,1.3328450918197632,1.1543208360671997,5.713443279266357
2020-07-23,1.3401685953140259,1.1543208360671997,5.713443279266357
2020-07-24,1.354815125465393,1.1615355014801025,5.633585453033447
2020-07-27,1.3401685953140259,1.1398917436599731,5.633585453033447
2020-07-28,1.34749174118042,1.1326773166656494,5.626324653625488
2020-07-29,1.34749174118042,1.1254627704620361,5.662623882293701
2020-07-30,1.34749174118042,1.1110339164733887,5.662623882293701
2020-08-03,1.3226549625396729,1.082175612449646,5.735221862792969
2020-08-04,1.3153069019317627,1.1110339164733887,5.633585453033447
2020-08-05,1.3300033807754517,1.1182482242584229,5.648104667663574
2020-08-06,1.3226549625396729,1.1182482242584229,5.662623882293701
2020-08-07,1.3300033807754517,1.1110339164733887,5.698922157287598
2020-08-10,1.3153069019317627,1.1254627704620361,5.735221862792969
2020-08-11,1.307958960533142,1.1398917436599731,5.771520614624023
2020-08-12,1.3153069019317627,1.1471062898635864,5.6698832511901855
2020-08-13,1.3373514413833618,1.1543208360671997,5.742481231689453
2020-08-14,1.307958960533142,1.1398917436599731,5.698922157287598
2020-08-17,1.307958960533142,1.1646497249603271,5.7497406005859375
2020-08-18,1.307958960533142,1.1500000953674316,5.756999969482422
2020-08-19,1.3300033807754517,1.1353503465652466,5.771520614624023
2020-08-21,1.3373514413833618,1.1500000953674316,5.756999969482422
2020-08-24,1.3226549625396729,1.1573249101638794,5.789982318878174
2020-08-25,1.3153069019317627,1.1646497249603271,5.789982318878174
2020-08-26,1.3226549625396729,1.1719746589660645,5.760665416717529
2020-08-27,1.3226549625396729,1.1646497249603271,5.760665416717529
2020-08-28,1.3593955039978027,1.1719746589660645,5.716691017150879
2020-09-01,1.3373514413833618,1.1646497249603271,5.680045127868652
2020-09-02,1.3446996212005615,1.1719746589660645,5.716691017150879
2020-09-03,1.3373514413833618,1.1719746589660645,5.760665416717529
2020-09-04,1.3226549625396729,1.1646497249603271,5.797311305999756
2020-09-07,1.3373514413833618,1.1792995929718018,5.782651901245117
2020-09-08,1.3446996212005615,1.201273798942566,5.702033519744873
2020-09-09,1.3373514413833618,1.1939489841461182,5.80463981628418
2020-09-10,1.3446996212005615,1.21592378616333,5.811968803405762
2020-09-11,1.3446996212005615,1.2305734157562256,5.775323390960693
2020-09-14,1.374091625213623,1.2525476217269897,5.767995834350586
2020-09-15,1.374091625213623,1.21592378616333,5.775323390960693
2020-09-17,1.374091625213623,1.21592378616333,5.782651901245117
2020-09-18,1.3667433261871338,1.1719746589660645,5.60675573348999
2020-09-21,1.3887879848480225,1.1792995929718018,5.5774383544921875
2020-09-22,1.396135926246643,1.186624526977539,5.680045127868652
2020-09-23,1.3593955039978027,1.1792995929718018,5.694703102111816
2020-09-24,1.374091625213623,1.1646497249603271,5.746007919311523
2020-09-25,1.3520474433898926,1.1719746589660645,5.694703102111816
2020-09-28,1.3446996212005615,1.1646497249603271,5.636070728302002
2020-09-29,1.3373514413833618,1.1646497249603271,5.621413707733154
2020-09-30,1.3373514413833618,1.1426751613616943,5.658058166503906
2020-10-01,1.3226549625396729,1.1500000953674316,5.658058166503906
2020-10-02,1.307958960533142,1.1426751613616943,5.62874174118042
2020-10-05,1.307958960533142,1.1280256509780884,5.62874174118042
2020-10-06,1.278566837310791,1.106050968170166,5.650728702545166
2020-10-07,1.2932628393173218,1.0987260341644287,5.650728702545166
2020-10-08,1.307958960533142,1.1133756637573242,5.702033519744873
2020-10-09,1.2859148979187012,1.1133756637573242,5.716691017150879
2020-10-12,1.2565226554870605,1.1133756637573242,5.60675573348999
2020-10-13,1.2638707160949707,1.0987260341644287,5.62874174118042
2020-10-14,1.2418256998062134,1.0987260341644287,5.60675573348999
2020-10-15,1.2197818756103516,1.106050968170166,5.60675573348999
2020-10-16,1.2271298170089722,1.0987260341644287,5.592096328735352
2020-10-19,1.2271298170089722,1.0767518281936646,5.592096328735352
2020-10-20,1.2197818756103516,1.0694267749786377,5.533463001251221
2020-10-21,1.2197818756103516,1.0914013385772705,5.555450439453125
2020-10-22,1.2197818756103516,1.0987260341644287,5.5407938957214355
2020-10-23,1.2050857543945312,1.0832512378692627,5.672715187072754
2020-10-26,1.2124340534210205,1.0758819580078125,5.570108890533447
2020-10-27,1.2418256998062134,1.0979892015457153,5.562779903411865
2020-10-28,1.2418256998062134,1.0537748336791992,5.570108890533447
2020-10-30,1.2271298170089722,1.0537748336791992,5.570108890533447
2020-11-02,1.1977375745773315,1.031667709350586,5.584767818450928
2020-11-03,1.1977375745773315,1.0021916627883911,5.570108890533447
2020-11-04,1.1977375745773315,0.9948223233222961,5.504148006439209
2020-11-05,1.1756935119628906,1.0169296264648438,5.636070728302002
2020-11-06,1.1977375745773315,1.0021916627883911,5.584767818450928
2020-11-09,1.1985565423965454,1.0021916627883911,5.592096328735352
2020-11-10,1.2804458141326904,1.0611439943313599,5.658058166503906
2020-11-11,1.2804458141326904,1.0758819580078125,5.665387153625488
2020-11-12,1.2804458141326904,1.0832512378692627,5.8632731437683105
2020-11-13,1.2878903150558472,1.0979892015457153,5.848614692687988
2020-11-16,1.2804458141326904,1.105358362197876,5.80463981628418
2020-11-17,1.2878903150558472,1.1200963258743286,5.775323390960693
2020-11-18,1.2953346967697144,1.1200963258743286,5.782651901245117
2020-11-19,1.2953346967697144,1.1127275228500366,5.811968803405762
2020-11-20,1.2953346967697144,1.1200963258743286,5.680045127868652
2020-11-23,1.3027788400650024,1.1348345279693604,5.650728702545166
2020-11-24,1.2878903150558472,1.0979892015457153,5.654428958892822
2020-11-25,1.2878903150558472,1.0906199216842651,5.691434383392334
2020-11-26,1.2283343076705933,1.0906199216842651,5.698835849761963
2020-11-27,1.2283343076705933,1.0832512378692627,5.6840338706970215
2020-11-30,1.2357789278030396,1.105358362197876,5.6840338706970215
2020-12-01,1.2506675720214844,1.0979892015457153,5.6840338706970215
2020-12-02,1.2581119537353516,1.1127275228500366,5.66923189163208
2020-12-03,1.2655565738677979,1.1127275228500366,5.6248250007629395
2020-12-04,1.3027788400650024,1.1200963258743286,5.6248250007629395
2020-12-07,1.2953346967697144,1.1569416522979736,5.6248250007629395
2020-12-08,1.2953346967697144,1.1569416522979736,5.6248250007629395
2020-12-09,1.2804458141326904,1.1495726108551025,5.661829948425293
2020-12-10,1.2878903150558472,1.1716798543930054,5.587819576263428
2020-12-11,1.3102233409881592,1.1495726108551025,5.543412208557129
2020-12-14,1.3102233409881592,1.142203450202942,5.432397365570068
2020-12-15,1.3251125812530518,1.1495726108551025,5.2843756675720215
2020-12-16,1.3176677227020264,1.1569416522979736,5.269572734832764
2020-12-17,1.2953346967697144,1.142203450202942,5.41019344329834
2020-12-18,1.3027788400650024,1.1274654865264893,5.2991766929626465
2020-12-21,1.3027788400650024,1.1127275228500366,5.358386993408203
2020-12-22,1.2804458141326904,1.105358362197876,5.306578636169434
2020-12-23,1.3027788400650024,1.1127275228500366,5.336183071136475
2020-12-24,1.2953346967697144,1.105358362197876,5.2843756675720215
2020-12-28,1.3027788400650024,1.105358362197876,5.306578636169434
2020-12-29,1.2953346967697144,1.1127275228500366,5.3139801025390625
2020-12-30,1.2878903150558472,1.1127275228500366,5.276974678039551
2020-12-31,1.2804458141326904,1.105358362197876,5.239969730377197
2021-01-04,1.3027788400650024,1.1127275228500366,5.202963829040527
2021-01-05,1.2878903150558472,1.0832512378692627,5.180760383605957
2021-01-06,1.2730011940002441,1.0758819580078125,5.180760383605957
2021-01-07,1.2655565738677979,1.0537748336791992,5.269572734832764
2021-01-08,1.2506675720214844,1.031667709350586,5.269572734832764
2021-01-11,1.2506675720214844,1.031667709350586,5.269572734832764
2021-01-12,1.2134454250335693,1.0021916627883911,5.09194803237915
2021-01-13,1.2283343076705933,1.031667709350586,5.106749057769775
2021-01-14,1.2283343076705933,1.0537748336791992,5.2843756675720215
2021-01-15,1.2134454250335693,1.0390369892120361,5.2843756675720215
2021-01-18,1.1985565423965454,1.0390369892120361,5.254770755767822
2021-01-19,1.2134454250335693,1.0242985486984253,5.19556188583374
2021-01-20,1.2283343076705933,1.031667709350586,5.269572734832764
2021-01-21,1.2283343076705933,1.0464059114456177,5.217765808105469
2021-01-22,1.2208895683288574,1.0390369892120361,5.19556188583374
2021-01-25,1.2208895683288574,1.031667709350586,5.217765808105469
2021-01-26,1.2283343076705933,1.031667709350586,5.217765808105469
2021-01-27,1.2208895683288574,1.0242985486984253,5.202963829040527
2021-01-29,1.2655565738677979,1.0464059114456177,5.217765808105469
2021-02-02,1.2655565738677979,1.0390369892120361,5.202963829040527
2021-02-03,1.2730011940002441,1.0685129165649414,5.180760383605957
2021-02-04,1.2655565738677979,1.0611439943313599,5.29177713394165
2021-02-05,1.2357789278030396,1.0390369892120361,5.1733598709106445
2021-02-08,1.2432233095169067,1.0390369892120361,5.180760383605957
2021-02-09,1.251364827156067,1.0390369892120361,5.151157379150391
2021-02-10,1.258902907371521,1.0464059114456177,5.143754005432129
2021-02-11,1.2438262701034546,1.0464059114456177,5.148984909057617
2021-02-15,1.258902907371521,1.0464059114456177,5.141513347625732
2021-02-16,1.2965948581695557,1.0832512378692627,5.253608703613281
2021-02-17,1.289056658744812,1.0611439943313599,5.261082172393799
2021-02-18,1.251364827156067,1.0390369892120361,5.313395977020264
2021-02-19,1.258902907371521,1.0685129165649414,5.283502578735352
2021-02-22,1.2815182209014893,1.0685129165649414,5.193823337554932
2021-02-23,1.2664412260055542,1.0758819580078125,5.231190204620361
2021-02-24,1.2739794254302979,1.0889946222305298,5.178877353668213
2021-02-25,1.2739794254302979,1.096402645111084,5.178877353668213
2021-02-26,1.2739794254302979,1.1186271905899048,5.141513347625732
2021-03-01,1.2739794254302979,1.1112189292907715,5.186351299285889
2021-03-02,1.2739794254302979,1.1112189292907715,5.208770751953125
2021-03-03,1.2815182209014893,1.1112189292907715,5.2386627197265625
2021-03-04,1.289056658744812,1.1038106679916382,5.2386627197265625
2021-03-05,1.289056658744812,1.0889946222305298,5.2386627197265625
2021-03-08,1.2739794254302979,1.0889946222305298,5.29844856262207
2021-03-09,1.2815182209014893,1.1112189292907715,5.358232498168945
2021-03-10,1.2965948581695557,1.1186271905899048,5.268556118011475
2021-03-11,1.3116718530654907,1.126035213470459,5.231190204620361
2021-03-12,1.3192098140716553,1.1112189292907715,5.193823337554932
2021-03-15,1.3192098140716553,1.1186271905899048,5.261082172393799
2021-03-16,1.3116718530654907,1.1112189292907715,5.246136665344238
2021-03-17,1.3116718530654907,1.1334432363510132,5.2386627197265625
2021-03-18,1.3192098140716553,1.140851378440857,5.231190204620361
2021-03-19,1.3116718530654907,1.1112189292907715,5.2386627197265625
2021-03-22,1.3116718530654907,1.126035213470459,5.2386627197265625
2021-03-23,1.3116718530654907,1.1112189292907715,5.186351299285889
2021-03-24,1.2965948581695557,1.1112189292907715,5.22371768951416
2021-03-25,1.3116718530654907,1.1112189292907715,5.20129919052124
2021-03-26,1.3192098140716553,1.096402645111084,5.20129919052124
2021-03-29,1.3192098140716553,1.1112189292907715,5.20129919052124
2021-03-30,1.3192098140716553,1.1038106679916382,5.246136665344238
2021-03-31,1.3116718530654907,1.1038106679916382,5.216244697570801
2021-04-01,1.3192098140716553,1.1186271905899048,5.246136665344238
2021-04-02,1.3192098140716553,1.1186271905899048,5.2386627197265625
2021-04-05,1.3192098140716553,1.1186271905899048,5.290976047515869
2021-04-06,1.3192098140716553,1.140851378440857,5.231190204620361
2021-04-07,1.3267483711242676,1.1556675434112549,5.231190204620361
2021-04-08,1.3192098140716553,1.1556675434112549,5.231190204620361
2021-04-09,1.3418248891830444,1.1556675434112549,5.231190204620361
2021-04-12,1.3418248891830444,1.1482594013214111,5.231190204620361
2021-04-13,1.3267483711242676,1.1334432363510132,5.231190204620361
2021-04-14,1.3116718530654907,1.1334432363510132,5.231190204620361
2021-04-15,1.289056658744812,1.1334432363510132,5.22371768951416
2021-04-16,1.2965948581695557,1.1334432363510132,5.186351299285889
2021-04-19,1.304133415222168,1.1186271905899048,5.231190204620361
2021-04-20,1.3116718530654907,1.126035213470459,5.216244697570801
2021-04-21,1.3116718530654907,1.1186271905899048,5.231190204620361
2021-04-22,1.3116718530654907,1.1186271905899048,5.231190204620361
2021-04-23,1.3267483711242676,1.126035213470459,5.216244697570801
2021-04-26,1.3342862129211426,1.1112189292907715,5.216244697570801
2021-04-27,1.3116718530654907,1.096402645111084,5.231190204620361
2021-04-28,1.3192098140716553,1.1112189292907715,5.178877353668213
2021-04-30,1.3192098140716553,1.1112189292907715,5.186351299285889
2021-05-03,1.2965948581695557,1.0889946222305298,5.156459331512451
2021-05-04,1.304133415222168,1.096402645111084,5.156459331512451
2021-05-05,1.304133415222168,1.096402645111084,5.156459331512451
2021-05-06,1.304133415222168,1.0889946222305298,5.156459331512451
2021-05-07,1.2965948581695557,1.0889946222305298,5.193823337554932
2021-05-10,1.2991018295288086,1.0889946222305298,5.156459331512451
2021-05-11,1.2839076519012451,1.0889946222305298,5.081728458404541
2021-05-12,1.2915048599243164,1.0815865993499756,5.081728458404541
2021-05-17,1.2687134742736816,1.0741782188415527,5.074255466461182
2021-05-18,1.2763104438781738,1.0741782188415527,5.081728458404541
2021-05-19,1.261116623878479,1.0519537925720215,5.126566410064697
2021-05-20,1.2459219694137573,1.037137508392334,5.1265668869018555
2021-05-21,1.2307281494140625,1.0149132013320923,5.1114654541015625
2021-05-24,1.2687134742736816,1.0297296047210693,5.1114654541015625
2021-05-25,1.2535192966461182,1.0445458889007568,5.119015693664551
2021-05-27,1.2459219694137573,1.0445458889007568,5.134117126464844
2021-05-28,1.2535192966461182,1.0519537925720215,5.134117126464844
2021-05-31,1.2535192966461182,1.0297296047210693,5.119015693664551
2021-06-01,1.261116623878479,1.037137508392334,5.051064968109131
2021-06-02,1.3066989183425903,1.0815865993499756,5.088815689086914
2021-06-03,1.3066989183425903,1.0815865993499756,5.1718668937683105
2021-06-04,1.2991018295288086,1.0519537925720215,5.164317607879639
2021-06-08,1.2991018295288086,1.0519537925720215,5.186967849731445
2021-06-09,1.2915048599243164,1.037137508392334,5.179417610168457
2021-06-10,1.3066989183425903,1.0445458889007568,5.179417610168457
2021-06-11,1.3066989183425903,1.0445458889007568,5.156766414642334
2021-06-14,1.2915048599243164,1.0815865993499756,5.21716833114624
2021-06-15,1.3066989183425903,1.0741782188415527,5.21716833114624
2021-06-16,1.2915048599243164,1.0593619346618652,5.247368335723877
2021-06-17,1.2991018295288086,1.0667699575424194,5.1718668937683105
2021-06-18,1.2991018295288086,1.0815865993499756,5.194518089294434
2021-06-21,1.2991018295288086,1.0667699575424194,5.156766414642334
2021-06-22,1.2991018295288086,1.0593619346618652,5.186967849731445
2021-06-23,1.3066989183425903,1.0593619346618652,5.1718668937683105
2021-06-24,1.2991018295288086,1.0593619346618652,5.164317607879639
2021-06-25,1.2991018295288086,1.0667699575424194,5.096365451812744
2021-06-28,1.2763104438781738,1.0445458889007568,5.058614253997803
2021-06-29,1.2915048599243164,1.0519537925720215,5.051064968109131
2021-06-30,1.2991018295288086,1.0593619346618652,5.035964012145996
2021-07-01,1.2915048599243164,1.0519537925720215,5.035964012145996
2021-07-02,1.2915048599243164,1.0519537925720215,5.043514251708984
2021-07-05,1.2763104438781738,1.0297296047210693,5.043514251708984
2021-07-06,1.2839076519012451,1.0519537925720215,5.156766414642334
2021-07-07,1.261116623878479,1.0445458889007568,5.051064968109131
2021-07-08,1.261116623878479,1.0445458889007568,5.1114654541015625
2021-07-09,1.2687134742736816,1.0445458889007568,5.1114654541015625
2021-07-12,1.2687134742736816,1.0445458889007568,5.103915214538574
2021-07-13,1.2763104438781738,1.022321343421936,5.119015693664551
2021-07-14,1.2687134742736816,1.0149132013320923,5.081265449523926
2021-07-15,1.2687134742736816,1.0297296047210693,5.081265449523926
2021-07-16,1.2763104438781738,1.0519537925720215,5.066164016723633
2021-07-19,1.2687134742736816,1.037137508392334,5.134117126464844
2021-07-21,1.2763104438781738,1.037137508392334,5.119015693664551
2021-07-22,1.2763104438781738,1.037137508392334,5.141665935516357
2021-07-23,1.2763104438781738,1.022321343421936,5.1265668869018555
2021-07-26,1.261116623878479,1.0297296047210693,5.096365451812744
2021-07-27,1.2763104438781738,1.0445458889007568,5.096365451812744
2021-07-28,1.2763104438781738,1.0445458889007568,5.088815689086914
2021-07-29,1.2763104438781738,1.0445458889007568,5.088815689086914
2021-07-30,1.2687134742736816,1.0445458889007568,5.043514251708984
2021-08-02,1.2687134742736816,1.037137508392334,5.051064968109131
2021-08-03,1.2763104438781738,1.0445458889007568,5.028413772583008
2021-08-04,1.261116623878479,1.037137508392334,5.0208635330200195
2021-08-05,1.2687134742736816,1.022321343421936,5.0133137702941895
2021-08-06,1.2713940143585205,1.0297296047210693,5.0133137702941895
2021-08-09,1.2713940143585205,1.0297296047210693,5.0133137702941895
2021-08-11,1.2790530920028687,1.037137508392334,5.0208635330200195
2021-08-12,1.2790530920028687,1.037137508392334,5.0208635330200195
2021-08-13,1.2560759782791138,1.037137508392334,5.0208635330200195
2021-08-16,1.2713940143585205,1.037137508392334,5.0208635330200195
2021-08-17,1.2790530920028687,1.0445458889007568,5.0208635330200195
2021-08-18,1.3096890449523926,1.0593619346618652,5.0208635330200195
2021-08-19,1.2943708896636963,1.0445458889007568,5.058614253997803
2021-08-20,1.2943708896636963,1.037137508392334,5.051064968109131
2021-08-23,1.3096890449523926,1.0667699575424194,5.051064968109131
2021-08-24,1.302030324935913,1.0667699575424194,5.0208635330200195
2021-08-25,1.2867120504379272,1.0667699575424194,5.058614253997803
2021-08-26,1.302030324935913,1.0667699575424194,5.096365451812744
2021-08-27,1.302030324935913,1.0593619346618652,5.156766414642334
2021-08-30,1.302030324935913,1.0667699575424194,5.1718668937683105
2021-09-01,1.3096890449523926,1.0593619346618652,5.232892036437988
2021-09-02,1.3096890449523926,1.0593619346618652,5.072702407836914
2021-09-03,1.302030324935913,1.0593619346618652,5.1260986328125
2021-09-06,1.2943708896636963,1.0667699575424194,5.087958812713623
2021-09-07,1.302030324935913,1.0815865993499756,5.110842704772949
2021-09-08,1.302030324935913,1.0815865993499756,5.0574469566345215
2021-09-09,1.2867120504379272,1.0741782188415527,5.0345611572265625
2021-09-10,1.2867120504379272,1.0741782188415527,5.042189598083496
2021-09-13,1.2790530920028687,1.0667699575424194,5.019303798675537
2021-09-14,1.2867120504379272,1.0565049648284912,4.996420383453369
2021-09-15,1.2943708896636963,1.0490117073059082,4.973536014556885
2021-09-17,1.2943708896636963,1.0340259075164795,5.148983001708984
2021-09-20,1.2867120504379272,1.0415189266204834,4.973536014556885
2021-09-21,1.2867120504379272,1.0490117073059082,4.988792896270752
2021-09-22,1.2943708896636963,1.0565049648284912,5.0040483474731445
2021-09-23,1.2943708896636963,1.0565049648284912,4.950652122497559
2021-09-24,1.2867120504379272,1.0639976263046265,4.958280086517334
2021-09-27,1.2867120504379272,1.0565049648284912,4.912510395050049
2021-09-28,1.2867120504379272,1.0565049648284912,4.943022727966309
2021-09-29,1.2943708896636963,1.0565049648284912,4.927768230438232
2021-09-30,1.2943708896636963,1.0490117073059082,4.950652122497559
2021-10-01,1.2943708896636963,1.0415189266204834,4.950652122497559
2021-10-04,1.2943708896636963,1.0490117073059082,4.958280086517334
2021-10-05,1.2867120504379272,1.0415189266204834,5.072702407836914
2021-10-06,1.2867120504379272,1.0565049648284912,5.103213787078857
2021-10-07,1.2943708896636963,1.0639976263046265,5.103213787078857
2021-10-08,1.2943708896636963,1.0789834260940552,5.049817085266113
2021-10-11,1.2943708896636963,1.093969702720642,5.065073490142822
2021-10-12,1.2867120504379272,1.1089553833007812,5.087958812713623
2021-10-13,1.2943708896636963,1.1089553833007812,5.148983001708984
2021-10-14,1.2867120504379272,1.093969702720642,5.141355037689209
2021-10-15,1.2867120504379272,1.093969702720642,5.148983001708984
2021-10-18,1.2867120504379272,1.101462483406067,5.225263595581055
2021-10-20,1.2790530920028687,1.093969702720642,5.1794962882995605
2021-10-21,1.2867120504379272,1.093969702720642,5.164238929748535
2021-10-22,1.2867120504379272,1.093969702720642,5.087958812713623
2021-10-25,1.2790530920028687,1.093969702720642,5.164238929748535
2021-10-26,1.2867120504379272,1.093969702720642,5.202380657196045
2021-10-27,1.2867120504379272,1.101462483406067,5.1794962882995605
2021-10-28,1.2867120504379272,1.093969702720642,5.187124252319336
2021-10-29,1.2867120504379272,1.093969702720642,5.194751262664795
2021-11-01,1.2713940143585205,1.093969702720642,5.042189598083496
2021-11-02,1.2713940143585205,1.093969702720642,5.156610488891602
2021-11-03,1.2790530920028687,1.1089553833007812,5.110842704772949
2021-11-05,1.2790530920028687,1.093969702720642,5.110842704772949
2021-11-08,1.2713940143585205,1.093969702720642,5.148983001708984
2021-11-09,1.28049635887146,1.093969702720642,5.1718668937683105
2021-11-10,1.28049635887146,1.0714905261993408,5.164238929748535
2021-11-11,1.28049635887146,1.0789834260940552,5.1718668937683105
2021-11-12,1.28049635887146,1.0789834260940552,5.164238929748535
2021-11-15,1.272782564163208,1.0639976263046265,5.187124252319336
2021-11-16,1.272782564163208,1.0639976263046265,5.1718668937683105
2021-11-17,1.272782564163208,1.0565049648284912,5.1718668937683105
2021-11-18,1.272782564163208,1.0565049648284912,5.148983001708984
2021-11-19,1.272782564163208,1.0415189266204834,5.187124252319336
2021-11-22,1.272782564163208,1.0490117073059082,5.194831371307373
2021-11-23,1.265068769454956,1.0714905261993408,5.202538967132568
2021-11-24,1.265068769454956,1.0714905261993408,5.102342128753662
2021-11-25,1.265068769454956,1.0789834260940552,5.1562933921813965
2021-11-26,1.265068769454956,1.0864765644073486,5.110048294067383
2021-11-29,1.249640941619873,1.0639976263046265,4.871116638183594
2021-11-30,1.265068769454956,1.0714905261993408,5.002145290374756
2021-12-01,1.265068769454956,1.093969702720642,4.948192596435547
2021-12-02,1.249640941619873,1.0789834260940552,5.009851932525635
2021-12-06,1.249640941619873,1.0789834260940552,4.955899715423584
2021-12-07,1.2573550939559937,1.093969702720642,4.979022979736328
2021-12-08,1.249640941619873,1.0864765644073486,5.032974720001221
2021-12-09,1.2573550939559937,1.0864765644073486,4.971314907073975
2021-12-10,1.241927146911621,1.093969702720642,4.955899715423584
2021-12-13,1.241927146911621,1.093969702720642,5.048388957977295
2021-12-14,1.2342134714126587,1.093969702720642,5.094634056091309
2021-12-15,1.2342134714126587,1.093969702720642,5.0869269371032715
2021-12-16,1.2342134714126587,1.0864765644073486,5.071510314941406
2021-12-17,1.2187860012054443,1.0864765644073486,4.9327778816223145
2021-12-20,1.2264996767044067,1.0714905261993408,5.009851932525635
2021-12-21,1.2342134714126587,1.0714905261993408,5.009851932525635
2021-12-22,1.241927146911621,1.0565049648284912,4.994437217712402
2021-12-23,1.241927146911621,1.0639976263046265,5.071510314941406
2021-12-24,1.2342134714126587,1.0714905261993408,5.071510314941406
2021-12-27,1.241927146911621,1.0789834260940552,5.009851932525635
2021-12-28,1.249640941619873,1.0714905261993408,5.110048294067383
2021-12-29,1.28049635887146,1.0639976263046265,5.0869269371032715
2021-12-30,1.272782564163208,1.0565049648284912,5.048388957977295
2021-12-31,1.272782564163208,1.0565049648284912,5.048388957977295
2022-01-03,1.265068769454956,1.0565049648284912,5.048388957977295
2022-01-04,1.249640941619873,1.0565049648284912,5.110048294067383
2022-01-05,1.2573550939559937,1.0714905261993408,5.048388957977295
2022-01-06,1.241927146911621,1.0565049648284912,5.040682315826416
2022-01-07,1.241927146911621,1.0565049648284912,5.056097507476807
2022-01-10,1.265068769454956,1.0639976263046265,5.040682315826416
2022-01-11,1.265068769454956,1.0864765644073486,4.979022979736328
2022-01-12,1.241927146911621,1.0789834260940552,5.017560005187988
2022-01-13,1.2264996767044067,1.0864765644073486,4.948192596435547
2022-01-14,1.2264996767044067,1.0864765644073486,5.002145290374756
2022-01-17,1.2187860012054443,1.0714905261993408,4.9327778816223145
2022-01-19,1.2110720872879028,1.0490117073059082,4.894240856170654
2022-01-20,1.1879304647445679,1.0490117073059082,4.886532306671143
2022-01-21,1.1879304647445679,1.0415189266204834,4.909654140472412
2022-01-24,1.1956439018249512,1.0490117073059082,4.917363166809082
2022-01-25,1.1879304647445679,1.0415189266204834,4.878825664520264
2022-01-26,1.1802165508270264,1.0340259075164795,4.917363166809082
2022-01-27,1.1879304647445679,1.0415189266204834,4.878825664520264
2022-01-28,1.1879304647445679,1.0415189266204834,4.909654140472412
2022-01-31,1.1879304647445679,1.0415189266204834,4.9327778816223145
2022-02-03,1.1956439018249512,1.0639976263046265,4.986729145050049
2022-02-04,1.1879304647445679,1.0490117073059082,4.948192596435547
2022-02-07,1.1802165508270264,1.0565049648284912,4.948192596435547
2022-02-08,1.15707528591156,1.0565049648284912,4.9327778816223145
2022-02-09,1.1493611335754395,1.0490117073059082,4.986729145050049
2022-02-10,1.1416473388671875,1.0490117073059082,4.963606357574463
2022-02-11,1.1273212432861328,1.0490117073059082,4.971314907073975
2022-02-14,1.1664643287658691,1.0490117073059082,4.979022979736328
2022-02-15,1.1586357355117798,1.0704201459884644,4.983738899230957
2022-02-16,1.1586357355117798,1.0704201459884644,5.030903339385986
2022-02-17,1.1508067846298218,1.062774419784546,5.0544867515563965
2022-02-18,1.142978549003601,1.0551284551620483,5.030903339385986
2022-02-21,1.142978549003601,1.062774419784546,5.0544867515563965
2022-02-22,1.142978549003601,1.0704201459884644,5.140954971313477
2022-02-23,1.135149598121643,1.0551284551620483,5.1645379066467285
2022-02-24,1.1194924116134644,1.0551284551620483,5.148815631866455
2022-02-25,1.1194924116134644,1.062774419784546,5.038764476776123
2022-02-28,1.111663579940796,1.062774419784546,5.148815631866455
2022-03-01,1.111663579940796,1.0474826097488403,5.046626091003418
2022-03-02,1.103835105895996,1.0474826097488403,5.062346935272217
2022-03-03,1.0881779193878174,1.0474826097488403,5.13309383392334
2022-03-04,1.0881779193878174,1.0398367643356323,5.117371082305908
2022-03-07,1.1194924116134644,1.0245450735092163,5.046626091003418
2022-03-08,1.1194924116134644,1.0245450735092163,5.085927963256836
2022-03-09,1.1508067846298218,1.0168992280960083,5.227423667907715
2022-03-10,1.1586357355117798,1.0398367643356323,5.195980548858643
2022-03-11,1.135149598121643,1.0474826097488403,5.219561576843262
2022-03-14,1.142978549003601,1.0474826097488403,5.227423667907715
2022-03-15,1.135149598121643,1.0321909189224243,5.243144512176514
2022-03-16,1.111663579940796,1.0245450735092163,5.219561576843262
2022-03-17,1.1273212432861328,1.0245450735092163,5.227423667907715
2022-03-18,1.080349326133728,1.0321909189224243,5.140954971313477
2022-03-21,1.111663579940796,1.0321909189224243,5.227423667907715
2022-03-22,1.1194924116134644,1.0398367643356323,5.227423667907715
2022-03-23,1.1273212432861328,1.0321909189224243,5.258866786956787
2022-03-24,1.1508067846298218,1.0168992280960083,5.243144512176514
2022-03-25,1.1664643287658691,1.0245450735092163,5.251005172729492
2022-03-28,1.1586357355117798,1.0398367643356323,5.188119411468506
2022-03-29,1.142978549003601,1.0321909189224243,5.188119411468506
2022-03-30,1.1664643287658691,1.0398367643356323,5.172398090362549
2022-03-31,1.1977782249450684,1.0780662298202515,5.156676769256592
2022-04-01,1.1977782249450684,1.0704201459884644,5.251005172729492
2022-04-04,1.1899499893188477,1.0704201459884644,5.188119411468506
2022-04-05,1.1821216344833374,1.062774419784546,5.243144512176514
2022-04-06,1.1977782249450684,1.0857118368148804,5.266726970672607
2022-04-07,1.1899499893188477,1.062774419784546,5.188119411468506
2022-04-08,1.1977782249450684,1.062774419784546,5.227423667907715
2022-04-11,1.1977782249450684,1.0704201459884644,5.227423667907715
2022-04-12,1.1977782249450684,1.0704201459884644,5.219561576843262
2022-04-13,1.2056071758270264,1.0780662298202515,5.251005172729492
2022-04-14,1.2212642431259155,1.0704201459884644,5.251005172729492
2022-04-15,1.2212642431259155,1.0704201459884644,5.251005172729492
2022-04-18,1.2212642431259155,1.0780662298202515,5.258866786956787
2022-04-20,1.2056071758270264,1.0780662298202515,5.258866786956787
2022-04-21,1.2056071758270264,1.0780662298202515,5.251005172729492
2022-04-22,1.229093313217163,1.0857118368148804,5.188119411468506
2022-04-25,1.2134355306625366,1.0780662298202515,5.1802592277526855
2022-04-26,1.2212642431259155,1.0780662298202515,5.1802592277526855
2022-04-27,1.2212642431259155,1.0780662298202515,5.188119411468506
2022-04-28,1.2838934659957886,1.108649492263794,5.298171043395996
2022-04-29,1.2760651111602783,1.116295576095581,5.227423667907715
2022-05-05,1.2995507717132568,1.116295576095581,5.353195667266846
2022-05-06,1.291722059249878,1.116295576095581,5.400359630584717
2022-05-09,1.2838934659957886,1.116295576095581,5.266726970672607
2022-05-10,1.2838934659957886,1.1239413022994995,5.3060302734375
2022-05-11,1.2682359218597412,1.139232873916626,5.408221244812012
2022-05-12,1.2838934659957886,1.1239413022994995,5.290309906005859
2022-05-13,1.279997706413269,1.1239413022994995,5.3924994468688965
2022-05-17,1.279997706413269,1.1468788385391235,5.290309906005859
2022-05-18,1.2720476388931274,1.108649492263794,5.368917465209961
2022-05-19,1.2879480123519897,1.162170648574829,5.3924994468688965
2022-05-20,1.279997706413269,1.154524803161621,5.368917465209961
2022-05-23,1.2958984375,1.185107946395874,5.361057281494141
2022-05-24,1.3038485050201416,1.1774622201919556,5.329613208770752
2022-05-25,1.3117992877960205,1.1698163747787476,5.345335483551025
2022-05-26,1.2958984375,1.1927539110183716,5.345335483551025
2022-05-27,1.3038485050201416,1.1698163747787476,5.321752548217773
2022-05-30,1.2879480123519897,1.1774622201919556,5.337475299835205
2022-05-31,1.3038485050201416,1.1927539110183716,5.384639263153076
2022-06-01,1.3038485050201416,1.1927539110183716,5.353195667266846
2022-06-02,1.3117992877960205,1.1774622201919556,5.416081428527832
2022-06-03,1.319749116897583,1.185107946395874,5.463246822357178
2022-06-07,1.319749116897583,1.2003998756408691,5.4711995124816895
2022-06-08,1.3356499671936035,1.1927539110183716,5.42348575592041
2022-06-09,1.3356499671936035,1.185107946395874,5.39962911605835
2022-06-10,1.3276995420455933,1.1774622201919556,5.39962911605835
2022-06-13,1.2958984375,1.1468788385391235,5.367818355560303
2022-06-14,1.2958984375,1.154524803161621,5.39962911605835
2022-06-15,1.2879480123519897,1.1698163747787476,5.351914882659912
2022-06-16,1.2958984375,1.154524803161621,5.375771999359131
2022-06-17,1.2958984375,1.1774622201919556,5.16105842590332
2022-06-20,1.2879480123519897,1.162170648574829,5.129249095916748
2022-06-21,1.2958984375,1.1698163747787476,5.1212968826293945
2022-06-22,1.2958984375,1.162170648574829,5.248534679412842
2022-06-23,1.256146788597107,1.139232873916626,5.328056812286377
2022-06-24,1.2879480123519897,1.1468788385391235,5.328056812286377
2022-06-27,1.2402461767196655,1.116295576095581,5.296247959136963
2022-06-28,1.279997706413269,1.116295576095581,5.336009502410889
2022-06-29,1.2640970945358276,1.139232873916626,5.407580852508545
2022-06-30,1.2720476388931274,1.139232873916626,5.407580852508545
2022-07-01,1.2720476388931274,1.1315871477127075,5.42348575592041
2022-07-04,1.256146788597107,1.1239413022994995,5.407580852508545
2022-07-05,1.2720476388931274,1.139232873916626,5.4314374923706055
2022-07-06,1.256146788597107,1.1239413022994995,5.407580852508545
2022-07-07,1.256146788597107,1.1239413022994995,5.463245868682861
2022-07-08,1.2481964826583862,1.1239413022994995,5.447342395782471
2022-07-12,1.2402461767196655,1.1239413022994995,5.479150772094727
2022-07-13,1.2481964826583862,1.108649492263794,5.455294132232666
2022-07-14,1.256146788597107,1.108649492263794,5.415532112121582
2022-07-15,1.2481964826583862,1.116295576095581,5.4711995124816895
2022-07-18,1.2402461767196655,1.108649492263794,5.518914222717285
2022-07-19,1.2402461767196655,1.1010035276412964,5.534817218780518
2022-07-20,1.2720476388931274,1.108649492263794,5.542769908905029
2022-07-21,1.279997706413269,1.108649492263794,5.5586748123168945
2022-07-22,1.2720476388931274,1.116295576095581,5.5586748123168945
2022-07-25,1.279997706413269,1.116295576095581,5.566627502441406
2022-07-26,1.2879480123519897,1.116295576095581,5.57457971572876
2022-07-27,1.2640970945358276,1.116295576095581,5.5984368324279785
2022-07-28,1.3038485050201416,1.1468788385391235,5.582531452178955
2022-07-29,1.2879480123519897,1.154524803161621,5.590483665466309
2022-08-01,1.3117992877960205,1.154524803161621,5.566627502441406
2022-08-02,1.3117992877960205,1.139232873916626,5.5984368324279785
2022-08-03,1.3276995420455933,1.154524803161621,5.5586748123168945
2022-08-04,1.3276995420455933,1.1698163747787476,5.510960102081299
2022-08-05,1.3356499671936035,1.162170648574829,5.5030083656311035
2022-08-08,1.3356499671936035,1.1468788385391235,5.510960102081299
2022-08-09,1.3312125205993652,1.1468788385391235,5.510960102081299
2022-08-10,1.3070086240768433,1.139232873916626,5.582531452178955
2022-08-11,1.3473484516143799,1.154524803161621,5.582531452178955
2022-08-12,1.3312125205993652,1.154524803161621,5.590483665466309
2022-08-15,1.3392804861068726,1.154524803161621,5.6143412590026855
2022-08-16,1.3392804861068726,1.162170648574829,5.6143412590026855
2022-08-17,1.3312125205993652,1.1698163747787476,5.622293472290039
2022-08-18,1.3312125205993652,1.162170648574829,5.590483665466309
2022-08-19,1.3312125205993652,1.1774622201919556,5.638198375701904
2022-08-22,1.3312125205993652,1.162170648574829,5.60638952255249
2022-08-23,1.323144555091858,1.154524803161621,5.566627502441406
2022-08-24,1.3312125205993652,1.162170648574829,5.566627502441406
2022-08-25,1.3312125205993652,1.154524803161621,5.5984368324279785
2022-08-26,1.3392804861068726,1.162170648574829,5.57457971572876
2022-08-29,1.3150763511657715,1.1468788385391235,5.6461501121521
2022-08-30,1.3070086240768433,1.139232873916626,5.5737624168396
2022-09-01,1.3070086240768433,1.139232873916626,5.630064964294434
2022-09-02,1.3150763511657715,1.1567015647888184,5.630064964294434
2022-09-05,1.3150763511657715,1.1409640312194824,5.58984899520874
2022-09-06,1.3150763511657715,1.1409640312194824,5.549635410308838
2022-09-07,1.323144555091858,1.1409640312194824,5.549635410308838
2022-09-08,1.3150763511657715,1.14883291721344,5.55767822265625
2022-09-09,1.2989405393600464,1.1409640312194824,5.4933342933654785
2022-09-12,1.3150763511657715,1.1409640312194824,5.517463207244873
2022-09-13,1.2989405393600464,1.1409640312194824,5.517463207244873
2022-09-14,1.2828047275543213,1.1330952644348145,5.4933342933654785
2022-09-15,1.3150763511657715,1.125226616859436,5.332474708557129
2022-09-19,1.3150763511657715,1.1094893217086792,5.3485612869262695
2022-09-20,1.2989405393600464,1.125226616859436,5.332474708557129
2022-09-21,1.2989405393600464,1.117357850074768,5.324432373046875
2022-09-22,1.3070086240768433,1.1094893217086792,5.372689723968506
2022-09-23,1.2908728122711182,1.0937517881393433,5.3646464347839355
2022-09-26,1.2908728122711182,1.0937517881393433,5.324432373046875
2022-09-27,1.2828047275543213,1.0858830213546753,5.252045631408691
2022-09-28,1.2908728122711182,1.0937517881393433,5.316389560699463
2022-09-29,1.2908728122711182,1.0858830213546753,5.308346748352051
2022-09-30,1.2908728122711182,1.1016204357147217,5.300303936004639
2022-10-03,1.2747366428375244,1.0858830213546753,5.268132209777832
2022-10-04,1.2666689157485962,1.1016204357147217,5.308346748352051
2022-10-05,1.2747366428375244,1.1094893217086792,5.308346748352051
2022-10-06,1.2747366428375244,1.117357850074768,5.308346748352051
2022-10-07,1.2747366428375244,1.117357850074768,5.332474708557129
2022-10-11,1.2666689157485962,1.1016204357147217,5.308346748352051
2022-10-12,1.2747366428375244,1.1016204357147217,5.324432373046875
2022-10-13,1.2747366428375244,1.1094893217086792,5.308346748352051
2022-10-14,1.2747366428375244,1.125226616859436,5.332474708557129
2022-10-17,1.2666689157485962,1.117357850074768,5.308346748352051
2022-10-18,1.2747366428375244,1.1330952644348145,5.292260646820068
2022-10-19,1.2747366428375244,1.1330952644348145,5.308346748352051
2022-10-20,1.2666689157485962,1.1330952644348145,5.324432373046875
2022-10-21,1.2747366428375244,1.1094893217086792,5.324432373046875
2022-10-25,1.2747366428375244,1.1016204357147217,5.324432373046875
2022-10-26,1.2747366428375244,1.1016204357147217,5.316389560699463
2022-10-27,1.2747366428375244,1.117357850074768,5.3646464347839355
2022-10-28,1.2747366428375244,1.1094893217086792,5.324432373046875
2022-10-31,1.2666689157485962,1.1016204357147217,5.332474708557129
2022-11-01,1.2505329847335815,1.0937517881393433,5.340517044067383
2022-11-02,1.2586008310317993,1.1016204357147217,5.340517044067383
2022-11-03,1.2424650192260742,1.0858830213546753,5.517463207244873
2022-11-04,1.2747366428375244,1.0937517881393433,5.501377105712891
2022-11-07,1.2828047275543213,1.1094893217086792,5.58984899520874
2022-11-08,1.2747366428375244,1.1016204357147217,5.420948028564453
2022-11-09,1.2828047275543213,1.0937517881393433,5.412905693054199
2022-11-10,1.2828047275543213,1.0937517881393433,5.469205379486084
2022-11-11,1.2828047275543213,1.0937517881393433,5.469205379486084
2022-11-14,1.2908728122711182,1.1094893217086792,5.4450764656066895
2022-11-15,1.2908728122711182,1.1094893217086792,5.5737624168396
2022-11-16,1.2862848043441772,1.0937517881393433,5.469205379486084
2022-11-17,1.2944774627685547,1.1016204357147217,5.469205379486084
2022-11-21,1.2862848043441772,1.1094893217086792,5.4933342933654785
2022-11-22,1.2944774627685547,1.1094893217086792,5.469205379486084
2022-11-23,1.2862848043441772,1.1094893217086792,5.4450764656066895
2022-11-24,1.3026703596115112,1.1094893217086792,5.510190486907959
2022-11-25,1.3108636140823364,1.1330952644348145,5.542745113372803
2022-11-29,1.3190561532974243,1.1409640312194824,5.404380798339844
2022-11-30,1.3600208759307861,1.1409640312194824,5.404380798339844
2022-12-01,1.3190561532974243,1.1409640312194824,5.396241188049316
2022-12-02,1.343635082244873,1.14883291721344,5.453215599060059
2022-12-05,1.35182785987854,1.1409640312194824,5.3799638748168945
2022-12-06,1.335442066192627,1.1409640312194824,5.396241188049316
2022-12-07,1.32724928855896,1.1409640312194824,5.43693733215332
2022-12-08,1.35182785987854,1.125226616859436,5.3799638748168945
2022-12-09,1.343635082244873,1.14883291721344,5.43693733215332
2022-12-12,1.3600208759307861,1.14883291721344,5.412519931793213
2022-12-13,1.3600208759307861,1.14883291721344,5.4450764656066895
2022-12-14,1.343635082244873,1.1567015647888184,5.461354732513428
2022-12-15,1.343635082244873,1.1409640312194824,5.453215599060059
2022-12-16,1.32724928855896,1.1409640312194824,5.453215599060059
2022-12-19,1.35182785987854,1.14883291721344,5.502050876617432
2022-12-20,1.335442066192627,1.1409640312194824,5.453215599060059
2022-12-21,1.32724928855896,1.1409640312194824,5.477633953094482
2022-12-22,1.32724928855896,1.1409640312194824,5.461354732513428
2022-12-23,1.335442066192627,1.1330952644348145,5.453215599060059
2022-12-27,1.35182785987854,1.1567015647888184,5.493911266326904
2022-12-28,1.35182785987854,1.1567015647888184,5.493911266326904
2022-12-29,1.35182785987854,1.1567015647888184,5.461354732513428
2022-12-30,1.35182785987854,1.14883291721344,5.461354732513428
2023-01-03,1.3600208759307861,1.14883291721344,5.461354732513428
2023-01-04,1.3600208759307861,1.1724389791488647,5.469493389129639
2023-01-05,1.335442066192627,1.1645703315734863,5.526468276977539
2023-01-06,1.3764063119888306,1.1645703315734863,5.493911266326904
2023-01-09,1.3845994472503662,1.196045160293579,5.607858657836914
2023-01-10,1.3764063119888306,1.2039138078689575,5.6159987449646
2023-01-11,1.3764063119888306,1.1881763935089111,5.599720001220703
2023-01-12,1.4091781377792358,1.2117825746536255,5.567163944244385
2023-01-13,1.4255640506744385,1.2039138078689575,5.583441734313965
2023-01-16,1.450142502784729,1.2117825746536255,5.575302600860596
2023-01-17,1.417371153831482,1.2353887557983398,5.559023857116699
2023-01-18,1.4337568283081055,1.2353887557983398,5.51832914352417
2023-01-19,1.450142502784729,1.2432572841644287,5.624137878417969
2023-01-20,1.4337568283081055,1.2432572841644287,5.664833068847656
2023-01-25,1.417371153831482,1.2432572841644287,5.697390079498291
2023-01-26,1.4337568283081055,1.2589948177337646,5.7380852699279785
2023-01-27,1.450142502784729,1.2589948177337646,5.7380852699279785
2023-01-30,1.441949725151062,1.2511260509490967,5.689250469207764
2023-01-31,1.441949725151062,1.2353887557983398,5.7380852699279785
2023-02-02,1.441949725151062,1.2904696464538574,5.762502193450928
2023-02-03,1.450142502784729,1.2668635845184326,5.746223449707031
2023-02-07,1.4290393590927124,1.3062071800231934,5.795058727264404
2023-02-08,1.4290393590927124,1.2983382940292358,5.786920070648193
2023-02-09,1.4622728824615479,1.2904696464538574,5.778781414031982
2023-02-10,1.4539645910263062,1.274732232093811,5.83575439453125
2023-02-13,1.4539645910263062,1.2904696464538574,5.827616214752197
2023-02-14,1.4539645910263062,1.2985857725143433,5.819476127624512
2023-02-15,1.4705811738967896,1.2985857725143433,5.827777862548828
2023-02-16,1.4539645910263062,1.2904696464538574,5.827777862548828
2023-02-17,1.4456562995910645,1.2904696464538574,5.7779693603515625
2023-02-20,1.4456562995910645,1.2742371559143066,5.819476127624512
2023-02-21,1.4290393590927124,1.2823535203933716,5.81117582321167
2023-02-22,1.4373477697372437,1.2904696464538574,5.769665718078613
2023-02-23,1.4539645910263062,1.2904696464538574,5.753062725067139
2023-02-24,1.4373477697372437,1.2742371559143066,5.69495153427124
2023-02-27,1.4207310676574707,1.2661210298538208,5.5787272453308105
2023-02-28,1.4622728824615479,1.258004903793335,5.5787272453308105
2023-03-01,1.4456562995910645,1.2742371559143066,5.5787272453308105
2023-03-02,1.4373477697372437,1.2661210298538208,5.587029933929443
2023-03-03,1.4290393590927124,1.2661210298538208,5.611934185028076
2023-03-06,1.4290393590927124,1.2742371559143066,5.60363245010376
2023-03-07,1.4290393590927124,1.2661210298538208,5.645142555236816
2023-03-08,1.4373477697372437,1.2904696464538574,5.69495153427124
2023-03-09,1.4041143655776978,1.2661210298538208,5.670046329498291
2023-03-10,1.4041143655776978,1.2498888969421387,5.645142555236816
2023-03-13,1.4207310676574707,1.258004903793335,5.645142555236816
2023-03-14,1.3874975442886353,1.258004903793335,5.5787272453308105
2023-03-15,1.4124224185943604,1.2742371559143066,5.60363245010376
2023-03-16,1.4041143655776978,1.2742371559143066,5.5787272453308105
2023-03-17,1.4622728824615479,1.2742371559143066,5.645142555236816
2023-03-20,1.4207310676574707,1.2742371559143066,5.678349018096924
2023-03-21,1.4290393590927124,1.258004903793335,5.670046329498291
2023-03-22,1.4290393590927124,1.2498888969421387,5.645142555236816
2023-03-23,1.4456562995910645,1.2985857725143433,5.686649799346924
2023-03-24,1.4373477697372437,1.2904696464538574,5.653442859649658
2023-03-27,1.4373477697372437,1.2742371559143066,5.60363245010376
2023-03-28,1.4539645910263062,1.2985857725143433,5.686649799346924
2023-03-29,1.4373477697372437,1.3067021369934082,5.769665718078613
2023-03-30,1.4373477697372437,1.2985857725143433,5.728158473968506
2023-03-31,1.4456562995910645,1.2985857725143433,5.686649799346924
2023-04-03,1.4539645910263062,1.3148181438446045,5.686649799346924
2023-04-04,1.4539645910263062,1.2985857725143433,5.678349018096924
2023-04-05,1.4373477697372437,1.3148181438446045,5.744760990142822
2023-04-06,1.4290393590927124,1.3067021369934082,5.69495153427124
2023-04-07,1.4373477697372437,1.3148181438446045,5.711555004119873
2023-04-10,1.4373477697372437,1.3067021369934082,5.719855785369873
2023-04-11,1.4290393590927124,1.3148181438446045,5.736459255218506
2023-04-12,1.4290393590927124,1.3067021369934082,5.753062725067139
2023-04-13,1.4290393590927124,1.3148181438446045,5.753062725067139
2023-04-14,1.4124224185943604,1.2985857725143433,5.794571399688721
2023-04-17,1.4041143655776978,1.2985857725143433,5.703252792358398
2023-04-18,1.4041143655776978,1.2985857725143433,5.753062725067139
2023-04-19,1.4041143655776978,1.2904696464538574,5.69495153427124
2023-04-20,1.4290393590927124,1.2985857725143433,5.7779693603515625
2023-04-25,1.4207310676574707,1.2985857725143433,5.7779693603515625
2023-04-26,1.4124224185943604,1.2904696464538574,5.836080074310303
2023-04-27,1.4290393590927124,1.2985857725143433,5.836080074310303
2023-04-28,1.4539645910263062,1.3067021369934082,5.836080074310303
2023-05-02,1.4539645910263062,1.3067021369934082,5.7779693603515625
2023-05-03,1.4622728824615479,1.2985857725143433,5.802872657775879
2023-05-05,1.4539645910263062,1.2985857725143433,5.753062725067139
2023-05-08,1.4622728824615479,1.2985857725143433,5.81117582321167
2023-05-09,1.4373477697372437,1.2904696464538574,5.802872657775879
2023-05-10,1.4373477697372437,1.2904696464538574,5.852683067321777
2023-05-11,1.4705811738967896,1.2985857725143433,5.81117582321167
2023-05-12,1.4351249933242798,1.2904696464538574,5.819476127624512
2023-05-15,1.4351249933242798,1.2985857725143433,5.910794734954834
2023-05-16,1.418241262435913,1.2823535203933716,5.894192218780518
2023-05-17,1.401357650756836,1.2742371559143066,5.819476127624512
2023-05-18,1.418241262435913,1.2661210298538208,5.81117582321167
2023-05-19,1.401357650756836,1.2742371559143066,5.827777862548828
2023-05-22,1.401357650756836,1.2742371559143066,5.844381332397461
2023-05-23,1.401357650756836,1.2742371559143066,5.744760990142822
2023-05-24,1.3844736814498901,1.2742371559143066,5.7613654136657715
2023-05-25,1.376031756401062,1.2661210298538208,5.7613654136657715
2023-05-26,1.3675899505615234,1.2661210298538208,5.7779693603515625
2023-05-29,1.3507062196731567,1.2742371559143066,5.7779693603515625
2023-05-30,1.3675899505615234,1.2661210298538208,5.894192218780518
2023-05-31,1.3253804445266724,1.3229343891143799,5.769665718078613
2023-06-01,1.3591477870941162,1.2823535203933716,5.827777862548828
2023-06-02,1.376031756401062,1.2742371559143066,5.794571399688721
2023-06-06,1.3675899505615234,1.2985857725143433,5.852683067321777
2023-06-07,1.376031756401062,1.2823535203933716,5.769665718078613
2023-06-08,1.3675899505615234,1.2904696464538574,5.728158473968506
2023-06-09,1.3675899505615234,1.2904696464538574,5.877589225769043
2023-06-12,1.3929156064987183,1.2985857725143433,5.81117582321167
2023-06-13,1.3844736814498901,1.2823535203933716,5.806972980499268
2023-06-14,1.3929156064987183,1.2823535203933716,5.7985687255859375
2023-06-15,1.3844736814498901,1.2904696464538574,5.882606029510498
2023-06-16,1.3844736814498901,1.3067021369934082,5.764954090118408
2023-06-19,1.376031756401062,1.2904696464538574,5.840588092803955
2023-06-20,1.3929156064987183,1.2904696464538574,5.823779582977295
2023-06-21,1.3929156064987183,1.3067021369934082,5.806972980499268
2023-06-22,1.376031756401062,1.2823535203933716,5.857394695281982
2023-06-23,1.376031756401062,1.2742371559143066,5.781761646270752
2023-06-26,1.401357650756836,1.2661210298538208,5.781761646270752
2023-06-27,1.4097994565963745,1.2661210298538208,5.7565507888793945
2023-06-28,1.3929156064987183,1.2661210298538208,5.7565507888793945
2023-06-30,1.4097994565963745,1.2661210298538208,5.874202728271484
2023-07-03,1.401357650756836,1.2742371559143066,5.874202728271484
2023-07-04,1.4097994565963745,1.2661210298538208,5.781761646270752
2023-07-05,1.4097994565963745,1.2498888969421387,5.748147010803223
2023-07-06,1.3929156064987183,1.2742371559143066,5.7985687255859375
2023-07-07,1.3929156064987183,1.2661210298538208,5.7985687255859375
2023-07-10,1.4097994565963745,1.2661210298538208,5.739743709564209
2023-07-11,1.3929156064987183,1.258004903793335,5.748147010803223
2023-07-12,1.4266833066940308,1.258004903793335,5.739743709564209
2023-07-13,1.401357650756836,1.258004903793335,5.731339454650879
2023-07-14,1.4097994565963745,1.258004903793335,5.731339454650879
2023-07-17,1.418241262435913,1.2417726516723633,5.739743709564209
2023-07-18,1.4097994565963745,1.2498888969421387,5.70612907409668
2023-07-20,1.401357650756836,1.2498888969421387,5.714532852172852
2023-07-21,1.401357650756836,1.2417726516723633,5.680916786193848
2023-07-24,1.401357650756836,1.2336565256118774,5.714532852172852
2023-07-25,1.4097994565963745,1.2336565256118774,5.689321041107178
2023-07-26,1.3929156064987183,1.2336565256118774,5.697724342346191
2023-07-27,1.3929156064987183,1.2336565256118774,5.680916786193848
2023-07-28,1.4097994565963745,1.2336565256118774,5.689321041107178
2023-07-31,1.401357650756836,1.225540280342102,5.714532852172852
2023-08-01,1.3929156064987183,1.2174241542816162,5.714532852172852
2023-08-02,1.3929156064987183,1.2174241542816162,5.689321041107178
2023-08-03,1.401357650756836,1.2174241542816162,5.7565507888793945
2023-08-04,1.3844736814498901,1.2174241542816162,5.714532852172852
2023-08-07,1.3844736814498901,1.225540280342102,5.689321041107178
2023-08-08,1.4047743082046509,1.2174241542816162,5.689321041107178
2023-08-09,1.3962085247039795,1.2174241542816162,5.680916786193848
2023-08-10,1.4047743082046509,1.225540280342102,5.689321041107178
2023-08-11,1.4047743082046509,1.2093080282211304,5.664109230041504
2023-08-14,1.4047743082046509,1.2174241542816162,5.689321041107178
2023-08-15,1.3962085247039795,1.2174241542816162,5.7985687255859375
2023-08-16,1.4133402109146118,1.2174241542816162,5.7565507888793945
2023-08-17,1.4047743082046509,1.2174241542816162,5.7985687255859375
2023-08-18,1.4047743082046509,1.2174241542816162,5.680916786193848
2023-08-21,1.3962085247039795,1.225540280342102,5.70612907409668
2023-08-22,1.3962085247039795,1.2174241542816162,5.77335786819458
2023-08-23,1.3962085247039795,1.225540280342102,5.714532852172852
2023-08-24,1.3962085247039795,1.2336565256118774,5.731339454650879
2023-08-25,1.4219059944152832,1.2336565256118774,5.731339454650879
2023-08-28,1.4047743082046509,1.225540280342102,5.714532852172852
2023-08-29,1.4133402109146118,1.2336565256118774,5.70612907409668
2023-08-30,1.3962085247039795,1.2472169399261475,5.70442533493042
2023-09-01,1.3962085247039795,1.2472169399261475,5.70442533493042
2023-09-04,1.3962085247039795,1.2555875778198242,5.695911884307861
2023-09-05,1.3962085247039795,1.2555875778198242,5.70442533493042
2023-09-06,1.4133402109146118,1.2555875778198242,5.738481521606445
2023-09-07,1.4133402109146118,1.2555875778198242,5.764024257659912
2023-09-08,1.4304715394973755,1.2555875778198242,5.755509853363037
2023-09-11,1.4219059944152832,1.2555875778198242,5.755509853363037
2023-09-12,1.4133402109146118,1.2555875778198242,5.789566993713379
2023-09-13,1.4133402109146118,1.2472169399261475,5.815108776092529
2023-09-14,1.4133402109146118,1.2472169399261475,5.789566993713379
2023-09-15,1.4133402109146118,1.213734745979309,5.772537708282471
2023-09-18,1.4219059944152832,1.230475902557373,5.772537708282471
2023-09-19,1.4304715394973755,1.213734745979309,5.7980804443359375
2023-09-20,1.4390370845794678,1.2221052646636963,5.755509853363037
2023-09-21,1.4219059944152832,1.230475902557373,5.755509853363037
2023-09-22,1.4304715394973755,1.2221052646636963,5.781053066253662
2023-09-25,1.4304715394973755,1.2221052646636963,5.729968070983887
2023-09-26,1.4304715394973755,1.2388461828231812,5.7980804443359375
2023-09-27,1.4304715394973755,1.2472169399261475,5.729968070983887
2023-09-29,1.4390370845794678,1.2221052646636963,5.789566993713379
2023-10-02,1.4390370845794678,1.230475902557373,5.764024257659912
2023-10-03,1.4390370845794678,1.2388461828231812,5.789566993713379
2023-10-04,1.4219059944152832,1.230475902557373,5.746995449066162
2023-10-05,1.4476029872894287,1.2388461828231812,5.755509853363037
2023-10-06,1.4304715394973755,1.2388461828231812,5.755509853363037
2023-10-09,1.4390370845794678,1.230475902557373,5.764024257659912
2023-10-10,1.4476029872894287,1.230475902557373,5.764024257659912
2023-10-11,1.4390370845794678,1.2388461828231812,5.789566993713379
2023-10-12,1.4390370845794678,1.2388461828231812,5.789566993713379
2023-10-13,1.456168532371521,1.2388461828231812,5.789566993713379
2023-10-16,1.4647343158721924,1.2388461828231812,5.789566993713379
2023-10-17,1.4732999801635742,1.2388461828231812,5.781053066253662
2023-10-18,1.4989970922470093,1.230475902557373,5.746995449066162
2023-10-19,1.4732999801635742,1.2388461828231812,5.7980804443359375
2023-10-20,1.4647343158721924,1.2388461828231812,5.789566993713379
2023-10-23,1.4732999801635742,1.2388461828231812,5.7980804443359375
2023-10-24,1.4818657636642456,1.2388461828231812,5.806594371795654
2023-10-25,1.4818657636642456,1.2388461828231812,5.832136631011963
2023-10-26,1.4870835542678833,1.2388461828231812,5.823622703552246
2023-10-27,1.4783871173858643,1.230475902557373,5.823622703552246
2023-10-30,1.4783871173858643,1.2388461828231812,5.84065055847168
2023-10-31,1.4783871173858643,1.2472169399261475,5.8491644859313965
2023-11-01,1.4696906805038452,1.2555875778198242,5.84065055847168
2023-11-02,1.4783871173858643,1.2639579772949219,5.874706268310547
2023-11-03,1.4870835542678833,1.2639579772949219,5.9172773361206055
2023-11-06,1.4783871173858643,1.2806992530822754,5.925790786743164
2023-11-07,1.5044763088226318,1.2723286151885986,5.951333522796631
2023-11-08,1.5044763088226318,1.2890697717666626,5.9598469734191895
2023-11-09,1.5044763088226318,1.2890697717666626,5.985389709472656
2023-11-10,1.4870835542678833,1.2806992530822754,5.993904113769531
2023-11-14,1.4957799911499023,1.2806992530822754,5.925790786743164
2023-11-15,1.4870835542678833,1.2806992530822754,5.88322114944458
2023-11-16,1.4957799911499023,1.2974404096603394,5.976876258850098
2023-11-17,1.4957799911499023,1.2974404096603394,6.0024189949035645
2023-11-20,1.5044763088226318,1.2974404096603394,5.9598469734191895
2023-11-21,1.4957799911499023,1.2974404096603394,5.976876258850098
2023-11-22,1.4957799911499023,1.2974404096603394,5.934304714202881
2023-11-23,1.4870835542678833,1.2890697717666626,5.9598469734191895
2023-11-24,1.4957799911499023,1.2974404096603394,5.9172773361206055
2023-11-27,1.4870835542678833,1.2890697717666626,5.968361854553223
2023-11-28,1.4870835542678833,1.2806992530822754,5.9172773361206055
2023-11-29,1.4870835542678833,1.2890697717666626,5.9598469734191895
2023-11-30,1.4957799911499023,1.2806992530822754,5.968361854553223
2023-12-01,1.4870835542678833,1.2890697717666626,5.976876258850098
2023-12-04,1.5131726264953613,1.2974404096603394,5.9598469734191895
2023-12-05,1.5131726264953613,1.2974404096603394,5.9598469734191895
2023-12-06,1.4957799911499023,1.305810809135437,5.993904113769531
2023-12-07,1.4870835542678833,1.3141815662384033,5.985389709472656
2023-12-08,1.4870835542678833,1.3141815662384033,5.9598469734191895
2023-12-11,1.4870835542678833,1.3141815662384033,5.993904113769531
2023-12-12,1.4783871173858643,1.2974404096603394,6.043910503387451
2023-12-13,1.4957799911499023,1.305810809135437,6.043910503387451
2023-12-14,1.4957799911499023,1.2974404096603394,6.07839822769165
2023-12-15,1.4870835542678833,1.2974404096603394,6.293943881988525
2023-12-18,1.4957799911499023,1.2974404096603394,6.1732378005981445
2023-12-19,1.4957799911499023,1.2974404096603394,6.164616107940674
2023-12-20,1.5044763088226318,1.2974404096603394,6.155994415283203
2023-12-21,1.4957799911499023,1.2890697717666626,6.155994415283203
2023-12-22,1.4957799911499023,1.2806992530822754,6.190481185913086
2023-12-26,1.4783871173858643,1.2890697717666626,6.190481185913086
2023-12-27,1.4870835542678833,1.2723286151885986,6.121506690979004
2023-12-28,1.4957799911499023,1.2806992530822754,6.07839822769165
2023-12-29,1.4957799911499023,1.2890697717666626,6.112884998321533
2024-01-02,1.5044763088226318,1.2974404096603394,6.087018966674805
2024-01-03,1.5131726264953613,1.305810809135437,6.147372722625732
2024-01-04,1.5131726264953613,1.2890697717666626,6.20772647857666
2024-01-05,1.4957799911499023,1.305810809135437,6.242212295532227
2024-01-08,1.4957799911499023,1.3141815662384033,6.20772647857666
2024-01-09,1.5044763088226318,1.305810809135437,6.20772647857666
2024-01-10,1.4957799911499023,1.2974404096603394,6.20772647857666
2024-01-11,1.5044763088226318,1.305810809135437,6.20772647857666
2024-01-12,1.5044763088226318,1.305810809135437,6.20772647857666
2024-01-15,1.565351128578186,1.3141815662384033,6.190481185913086
2024-01-16,1.5218690633773804,1.3141815662384033,6.20772647857666
2024-01-17,1.5131726264953613,1.305810809135437,6.242212295532227
2024-01-18,1.5044763088226318,1.305810809135437,6.242212295532227
2024-01-19,1.5131726264953613,1.305810809135437,6.20772647857666
2024-01-22,1.5131726264953613,1.3225523233413696,6.233591556549072
2024-01-23,1.4957799911499023,1.3141815662384033,6.276700973510742
2024-01-24,1.4870835542678833,1.3141815662384033,6.250834941864014
2024-01-26,1.5044763088226318,1.2974404096603394,6.250834941864014
2024-01-29,1.5218690633773804,1.3141815662384033,6.259456634521484
2024-01-30,1.5131726264953613,1.3309227228164673,6.250834941864014
2024-01-31,1.5305655002593994,1.3225523233413696,6.354296684265137
2024-02-02,1.5305655002593994,1.3225523233413696,6.380161762237549
2024-02-05,1.5218690633773804,1.3225523233413696,6.293943881988525
2024-02-06,1.5305655002593994,1.3476637601852417,6.293943881988525
2024-02-07,1.5392619371414185,1.3476637601852417,6.302565097808838
2024-02-08,1.5479581356048584,1.356034517288208,6.362918853759766
2024-02-09,1.5479581356048584,1.372775673866272,6.380161762237549
2024-02-13,1.5305655002593994,1.356034517288208,6.3887834548950195
2024-02-14,1.5305655002593994,1.356034517288208,6.380161762237549
2024-02-15,1.519084095954895,1.3705153465270996,6.380161762237549
2024-02-16,1.5279159545898438,1.3618959188461304,6.59570837020874
2024-02-19,1.5367478132247925,1.353276252746582,6.59570837020874
2024-02-20,1.519084095954895,1.353276252746582,6.55259895324707
2024-02-21,1.519084095954895,1.353276252746582,6.512172222137451
2024-02-22,1.519084095954895,1.353276252746582,6.433077335357666
2024-02-23,1.5455796718597412,1.353276252746582,6.415500640869141
2024-02-26,1.5455796718597412,1.353276252746582,6.503384113311768
2024-02-27,1.5455796718597412,1.3446564674377441,6.591268062591553
2024-02-28,1.5367478132247925,1.3446564674377441,6.547325611114502
2024-02-29,1.5279159545898438,1.3446564674377441,6.6264214515686035
2024-03-01,1.519084095954895,1.3187978267669678,6.635209560394287
2024-03-04,1.519084095954895,1.3187978267669678,6.503384113311768
2024-03-05,1.5279159545898438,1.3274173736572266,6.459442138671875
2024-03-06,1.519084095954895,1.3187978267669678,6.459442138671875
2024-03-07,1.519084095954895,1.3274173736572266,6.520960807800293
2024-03-08,1.5279159545898438,1.3274173736572266,6.397923946380615
2024-03-11,1.5279159545898438,1.3274173736572266,6.468230724334717
2024-03-12,1.5279159545898438,1.3274173736572266,6.547325611114502
2024-03-13,1.5367478132247925,1.3187978267669678,6.556114673614502
2024-03-14,1.5279159545898438,1.3187978267669678,6.591268062591553
2024-03-15,1.5367478132247925,1.3101781606674194,6.617632865905762
2024-03-18,1.5367478132247925,1.3187978267669678,6.547325611114502
2024-03-19,1.5367478132247925,1.3187978267669678,6.591268062591553
2024-03-20,1.5279159545898438,1.301558494567871,6.529749870300293
2024-03-21,1.5279159545898438,1.2843194007873535,6.529749870300293
2024-03-22,1.519084095954895,1.301558494567871,6.556114673614502
2024-03-25,1.5279159545898438,1.2929390668869019,6.485807418823242
2024-03-26,1.5367478132247925,1.301558494567871,6.591268062591553
2024-03-27,1.5367478132247925,1.301558494567871,6.538537979125977
2024-03-29,1.5367478132247925,1.3101781606674194,6.556114673614502
2024-04-01,1.5279159545898438,1.3187978267669678,6.529749870300293
2024-04-02,1.5279159545898438,1.3274173736572266,6.617632865905762
2024-04-03,1.5279159545898438,1.3274173736572266,6.617632865905762
2024-04-04,1.5455796718597412,1.3274173736572266,6.591268062591553
2024-04-05,1.5367478132247925,1.3274173736572266,6.591268062591553
2024-04-08,1.5367478132247925,1.3187978267669678,6.556114673614502
2024-04-09,1.5544114112854004,1.3187978267669678,6.547325611114502
2024-04-12,1.5455796718597412,1.3274173736572266,6.556114673614502
2024-04-15,1.5544114112854004,1.3187978267669678,6.547325611114502
2024-04-16,1.5367478132247925,1.3101781606674194,6.503384113311768
2024-04-17,1.5455796718597412,1.3101781606674194,6.485807418823242
2024-04-18,1.5809074640274048,1.301558494567871,6.538537979125977
2024-04-19,1.6162346601486206,1.3101781606674194,6.485807418823242
2024-04-22,1.5897390842437744,1.3101781606674194,6.529749870300293
2024-04-23,1.5985709428787231,1.3187978267669678,6.591268062591553
2024-04-24,1.6074029207229614,1.3274173736572266,6.6264214515686035
2024-04-25,1.6074029207229614,1.3274173736572266,6.767034530639648
2024-04-26,1.6162346601486206,1.3274173736572266,6.775823593139648
2024-04-29,1.6162346601486206,1.3446564674377441,6.608844757080078
2024-04-30,1.642806887626648,1.3705153465270996,6.6264214515686035
2024-05-02,1.6338298320770264,1.3877546787261963,6.661574363708496
2024-05-03,1.6338298320770264,1.3705153465270996,6.635209560394287
2024-05-06,1.65178382396698,1.3618959188461304,6.6264214515686035
2024-05-07,1.6607611179351807,1.3618959188461304,6.617632865905762
2024-05-08,1.65178382396698,1.3705153465270996,6.6000566482543945
2024-05-09,1.6338298320770264,1.379135012626648,6.635209560394287
2024-05-10,1.6338298320770264,1.3618959188461304,6.591268062591553
2024-05-13,1.642806887626648,1.353276252746582,6.608844757080078
2024-05-14,1.65178382396698,1.353276252746582,6.635209560394287
2024-05-15,1.6338298320770264,1.3446564674377441,6.635209560394287
2024-05-16,1.642806887626648,1.3446564674377441,6.608844757080078
2024-05-17,1.642806887626648,1.3360369205474854,6.6264214515686035
2024-05-20,1.642806887626648,1.3446564674377441,6.617632865905762
2024-05-21,1.642806887626648,1.3446564674377441,6.6264214515686035
2024-05-23,1.642806887626648,1.3446564674377441,6.6264214515686035
2024-05-24,1.6338298320770264,1.3360369205474854,6.723093509674072
2024-05-27,1.6248527765274048,1.3360369205474854,6.723093509674072
2024-05-28,1.6338298320770264,1.3360369205474854,6.68794059753418
2024-05-29,1.6248527765274048,1.3187978267669678,6.705516338348389
2024-05-30,1.6248527765274048,1.3274173736572266,6.749457836151123
2024-05-31,1.6248527765274048,1.3274173736572266,6.6791510581970215
2024-06-04,1.615875482559204,1.3360369205474854,6.6000566482543945
2024-06-05,1.6338298320770264,1.353276252746582,6.591268062591553
2024-06-06,1.6338298320770264,1.353276252746582,6.6791510581970215
2024-06-07,1.642806887626648,1.3877546787261963,6.7414069175720215
2024-06-10,1.6338298320770264,1.3705153465270996,6.7236199378967285
2024-06-11,1.6338298320770264,1.379135012626648,6.625789165496826
2024-06-12,1.642806887626648,1.3705153465270996,6.714725971221924
2024-06-13,1.642806887626648,1.379135012626648,6.625789165496826
2024-06-14,1.642806887626648,1.3705153465270996,6.688045501708984
2024-06-18,1.6338298320770264,1.3618959188461304,6.679152011871338
2024-06-19,1.642806887626648,1.353276252746582,6.696938514709473
2024-06-20,1.642806887626648,1.3705153465270996,6.581321716308594
2024-06-21,1.642806887626648,1.3618959188461304,6.652470588684082
2024-06-24,1.642806887626648,1.3446564674377441,6.670258045196533
2024-06-25,1.6338298320770264,1.3446564674377441,6.670258045196533
2024-06-26,1.642806887626648,1.3446564674377441,6.625789165496826
2024-06-27,1.642806887626648,1.3360369205474854,6.608002662658691
2024-06-28,1.65178382396698,1.3360369205474854,6.581321716308594
2024-07-01,1.6607611179351807,1.353276252746582,6.643576622009277
2024-07-02,1.65178382396698,1.353276252746582,6.643576622009277
2024-07-03,1.6607611179351807,1.353276252746582,6.670258045196533
2024-07-04,1.6787152290344238,1.3705153465270996,6.590214252471924
2024-07-05,1.6876921653747559,1.3705153465270996,6.625789165496826
2024-07-09,1.7056463956832886,1.3705153465270996,6.625789165496826
2024-07-10,1.7146238088607788,1.379135012626648,6.625789165496826
2024-07-11,1.7236005067825317,1.3877546787261963,6.670258045196533
2024-07-12,1.7146238088607788,1.3705153465270996,6.590214252471924
2024-07-15,1.7325778007507324,1.3705153465270996,6.652470588684082
2024-07-16,1.7325778007507324,1.3705153465270996,6.652470588684082
2024-07-17,1.7236005067825317,1.379135012626648,6.59910774230957
2024-07-18,1.7415547370910645,1.379135012626648,6.696938514709473
2024-07-19,1.7325778007507324,1.3877546787261963,6.7414069175720215
2024-07-22,1.7505319118499756,1.379135012626648,6.688045501708984
2024-07-23,1.7415547370910645,1.379135012626648,6.7236199378967285
2024-07-24,1.7415547370910645,1.379135012626648,6.732513427734375
2024-07-25,1.7505319118499756,1.379135012626648,6.732513427734375
2024-07-26,1.7595088481903076,1.3877546787261963,6.750301837921143
2024-07-29,1.7415547370910645,1.4049937725067139,6.670258045196533
2024-07-30,1.7505319118499756,1.4049937725067139,6.670258045196533
2024-07-31,1.7595088481903076,1.3963741064071655,6.714725971221924
2024-08-01,1.7684861421585083,1.4049937725067139,6.750301837921143
2024-08-02,1.7595088481903076,1.379135012626648,6.750301837921143
2024-08-05,1.6787152290344238,1.3446564674377441,6.7591938972473145
2024-08-06,1.786440372467041,1.3618959188461304,6.7591938972473145
2024-08-07,1.78243887424469,1.379135012626648,6.7591938972473145
2024-08-08,1.773344874382019,1.3877546787261963,6.776981830596924
2024-08-09,1.7642507553100586,1.3877546787261963,6.776981830596924
2024-08-12,1.7915329933166504,1.4049937725067139,6.80366325378418
2024-08-13,1.7915329933166504,1.3963741064071655,6.812556266784668
2024-08-14,1.8188152313232422,1.4222328662872314,6.848130702972412
2024-08-15,1.8097212314605713,1.4222328662872314,6.7680888175964355
2024-08-16,1.8097212314605713,1.439471960067749,6.7680888175964355
2024-08-19,1.8188152313232422,1.4480916261672974,6.80366325378418
2024-08-20,1.8188152313232422,1.4480916261672974,6.857025146484375
2024-08-21,1.8097212314605713,1.439471960067749,6.857025146484375
2024-08-22,1.8097212314605713,1.4308524131774902,6.937067985534668
2024-08-23,1.8097212314605713,1.4222328662872314,6.937067985534668
2024-08-26,1.8097212314605713,1.4567114114761353,6.928174018859863
2024-08-27,1.8006272315979004,1.439471960067749,6.954855918884277
2024-08-28,1.773344874382019,1.439471960067749,6.937067985534668
2024-08-29,1.7915329933166504,1.4308524131774902,6.9904303550720215
2024-08-30,1.7915329933166504,1.4480916261672974,6.937067985534668
2024-09-02,1.8188152313232422,1.4480916261672974,6.937067985534668
2024-09-03,1.8279093503952026,1.4567114114761353,6.937067985534668
2024-09-04,1.8188152313232422,1.439471960067749,6.9459614753723145
2024-09-05,1.8551914691925049,1.4719254970550537,7.017110824584961
2024-09-06,1.8642857074737549,1.4719254970550537,6.963748931884766
2024-09-09,1.8551914691925049,1.4719254970550537,7.070473670959473
2024-09-10,1.8551914691925049,1.4719254970550537,6.955301284790039
2024-09-11,1.8733797073364258,1.4453243017196655,6.973297119140625
2024-09-12,1.8370033502578735,1.418723225593567,7.0092878341674805
2024-09-13,1.846097469329834,1.4364573955535889,7.171248435974121
2024-09-17,1.8551914691925049,1.4541914463043213,7.360203266143799
2024-09-18,1.8551914691925049,1.463058352470398,7.1982421875
2024-09-19,1.9006619453430176,1.4541914463043213,7.1262593269348145
2024-09-20,1.8733797073364258,1.463058352470398,7.1262593269348145
2024-09-23,1.9006619453430176,1.4541914463043213,7.1262593269348145
2024-09-24,1.8733797073364258,1.463058352470398,7.153253078460693
2024-09-25,1.8824739456176758,1.463058352470398,7.072272777557373
2024-09-26,1.9279440641403198,1.4719254970550537,7.06327486038208
2024-09-27,1.909755825996399,1.4807924032211304,7.0992655754089355
2024-09-30,1.9370384216308594,1.5073935985565186,7.1982421875
2024-10-01,1.9370384216308594,1.542861819267273,7.045279026031494
2024-10-02,1.918850064277649,1.5339946746826172,7.045279026031494
2024-10-03,1.9370384216308594,1.5517284870147705,7.072272777557373
2024-10-04,1.9370384216308594,1.542861819267273,7.0542778968811035
2024-10-07,1.9552264213562012,1.5073935985565186,7.108263969421387
2024-10-08,1.9552264213562012,1.525127649307251,7.018285751342773
2024-10-09,2.000696897506714,1.587196707725525,7.108263969421387
2024-10-10,2.0097908973693848,1.5517284870147705,7.153253078460693
2024-10-11,2.0097908973693848,1.5339946746826172,7.243230819702148
2024-10-14,2.0097908973693848,1.587196707725525,7.1982421875
2024-10-15,1.964320421218872,1.5960637331008911,7.11726188659668
2024-10-16,1.9734147787094116,1.613797903060913,7.1982421875
2024-10-17,2.000696897506714,1.6226648092269897,7.189243793487549
2024-10-18,1.9734147787094116,1.587196707725525,7.234233379364014
2024-10-21,1.9734147787094116,1.587196707725525,7.1982421875
2024-10-22,2.000696897506714,1.613797903060913,7.1982421875
2024-10-23,1.991602897644043,1.6226648092269897,7.1982421875
2024-10-24,1.991602897644043,1.613797903060913,7.1982421875
2024-10-25,1.9552264213562012,1.631531834602356,7.189243793487549
2024-10-28,1.982508659362793,1.6226648092269897,7.171248435974121
2024-10-29,1.918850064277649,1.5960637331008911,7.189243793487549
2024-10-30,1.8915678262710571,1.5960637331008911,7.1982421875
2024-11-01,1.9461326599121094,1.631531834602356,7.162250518798828
2024-11-04,1.9370384216308594,1.658132791519165,7.189243793487549
2024-11-05,1.9370384216308594,1.6403988599777222,7.189243793487549
2024-11-06,1.9552264213562012,1.6403988599777222,7.1982421875
2024-11-07,1.8824739456176758,1.613797903060913,7.1982421875
2024-11-08,1.9006619453430176,1.613797903060913,7.1982421875
2024-11-11,1.8608652353286743,1.6049306392669678,7.261226177215576
2024-11-12,1.8885020017623901,1.6226648092269897,7.153253078460693
2024-11-13,1.9069263935089111,1.613797903060913,7.189243793487549
2024-11-14,1.8977140188217163,1.6226648092269897,7.189243793487549
2024-11-15,1.9161384105682373,1.613797903060913,7.243230819702148
2024-11-18,1.9253506660461426,1.631531834602356,7.207239151000977
2024-11-19,1.9161384105682373,1.613797903060913,7.207239151000977
2024-11-20,1.9069263935089111,1.6226648092269897,7.162250518798828
2024-11-21,1.87007737159729,1.5960637331008911,7.153253078460693
2024-11-22,1.8792897462844849,1.631531834602356,7.189243793487549
2024-11-25,1.8792897462844849,1.649266004562378,7.1982421875
2024-11-26,1.8885020017623901,1.6403988599777222,7.1982421875
2024-11-27,1.8885020017623901,1.6403988599777222,7.1982421875
2024-11-28,1.8977140188217163,1.6226648092269897,7.288219928741455
2024-11-29,1.9253506660461426,1.6226648092269897,7.216238021850586
2024-12-02,1.9069263935089111,1.6226648092269897,7.162250518798828
2024-12-03,1.9161384105682373,1.6226648092269897,7.1982421875
2024-12-04,1.9069263935089111,1.6403988599777222,7.288219928741455
2024-12-05,1.9161384105682373,1.649266004562378,7.1982421875
2024-12-06,1.9161384105682373,1.649266004562378,7.300189971923828
2024-12-09,1.9161384105682373,1.658132791519165,7.309291839599609
2024-12-10,1.9161384105682373,1.6226648092269897,7.309291839599609
2024-12-11,1.9253506660461426,1.631531834602356,7.309291839599609
2024-12-12,1.9345628023147583,1.6403988599777222,7.309291839599609
2024-12-13,1.9253506660461426,1.6226648092269897,7.236471652984619
2024-12-16,1.9161384105682373,1.6403988599777222,7.281984806060791
2024-12-17,1.9253506660461426,1.6403988599777222,7.227369785308838
2024-12-18,1.9621996879577637,1.6226648092269897,7.245575428009033
2024-12-19,1.9345628023147583,1.613797903060913,7.245575428009033
2024-12-20,2.008260488510132,1.613797903060913,7.473136901855469
2024-12-23,1.9714120626449585,1.6226648092269897,7.354804515838623
2024-12-24,1.9806238412857056,1.613797903060913,7.336599349975586
2024-12-26,1.9806238412857056,1.6226648092269897,7.327496528625488
2024-12-27,1.9806238412857056,1.613797903060913,7.327496528625488
2024-12-30,1.9714120626449585,1.6403988599777222,7.336599349975586
2024-12-31,1.9714120626449585,1.6403988599777222,7.418521404266357
2025-01-02,1.9806238412857056,1.675866961479187,7.391214847564697
2025-01-03,1.9806238412857056,1.6847338676452637,7.354804515838623
2025-01-06,2.017472982406616,1.6669999361038208,7.272882461547852
2025-01-07,2.0266852378845215,1.6847338676452637,7.281984806060791
2025-01-08,2.0266852378845215,1.6936010122299194,7.281984806060791
2025-01-09,2.017472982406616,1.6847338676452637,7.327496528625488
2025-01-10,2.0266852378845215,1.6847338676452637,7.345702171325684
2025-01-13,2.0266852378845215,1.658132791519165,7.382111549377441
2025-01-14,2.0266852378845215,1.6669999361038208,7.327496528625488
2025-01-15,2.0266852378845215,1.6403988599777222,7.336599349975586
2025-01-16,2.0358972549438477,1.658132791519165,7.281984806060791
2025-01-17,2.0266852378845215,1.6403988599777222,7.291087627410889
2025-01-20,2.017472982406616,1.6403988599777222,7.345702171325684
2025-01-21,2.0266852378845215,1.649266004562378,7.291087627410889
2025-01-22,2.017472982406616,1.675866961479187,7.291087627410889
2025-01-23,2.017472982406616,1.6669999361038208,7.318394184112549
2025-01-24,1.9990484714508057,1.6669999361038208,7.327496528625488
2025-01-27,1.9806238412857056,1.658132791519165,7.336599349975586
2025-01-28,1.9990484714508057,1.6669999361038208,7.327496528625488
2025-01-31,1.9990484714508057,1.675866961479187,7.409419536590576
2025-02-03,1.9898360967636108,1.658132791519165,7.445830345153809
2025-02-04,1.9990484714508057,1.7113348245620728,7.527752876281738
2025-02-05,2.008260488510132,1.7202022075653076,7.600572109222412
2025-02-06,1.9898360967636108,1.7290689945220947,7.646084785461426
2025-02-07,2.013136386871338,1.7290689945220947,7.682493209838867
2025-02-10,2.022456407546997,1.7290689945220947,7.664288520812988
2025-02-12,2.059736728668213,1.7290689945220947,7.655186653137207
2025-02-13,2.069056987762451,1.7290689945220947,7.664288520812988
2025-02-14,2.0876970291137695,1.7645370960235596,7.728005886077881
2025-02-17,2.097017288208008,1.7645370960235596,7.718903541564941
2025-02-18,2.0876970291137695,1.7676352262496948,7.646084785461426
2025-02-19,2.0876970291137695,1.7585235834121704,7.619137763977051
2025-02-20,2.106337547302246,1.712965965270996,7.619137763977051
2025-02-21,2.106337547302246,1.7403005361557007,7.628429412841797
2025-02-24,2.1249773502349854,1.722077488899231,7.71205472946167
2025-02-25,2.1436169147491455,1.712965965270996,7.656304359436035
2025-02-26,2.162257671356201,1.722077488899231,7.656304359436035
2025-02-27,2.1249773502349854,1.722077488899231,7.71205472946167
2025-02-28,2.106337547302246,1.694743037223816,7.851428985595703
2025-03-03,2.059736728668213,1.712965965270996,7.897886753082275
2025-03-04,2.069056987762451,1.712965965270996,7.851428985595703
2025-03-05,2.115657091140747,1.7403005361557007,7.851428985595703
2025-03-06,2.1249773502349854,1.7494120597839355,7.851428985595703
2025-03-07,2.162257671356201,1.7494120597839355,7.98151159286499
2025-03-10,2.1436169147491455,1.7494120597839355,7.972219944000244
2025-03-11,2.1436169147491455,1.722077488899231,7.897886753082275
2025-03-12,2.1249773502349854,1.7038544416427612,7.8700127601623535
2025-03-13,2.1249773502349854,1.7038544416427612,7.860720634460449
2025-03-14,2.0876970291137695,1.694743037223816,7.8793044090271
2025-03-17,2.115657091140747,1.7038544416427612,7.888595104217529
2025-03-19,2.106337547302246,1.6856313943862915,7.888595104217529
2025-03-20,2.106337547302246,1.6674083471298218,7.851428985595703
2025-03-21,2.1342973709106445,1.6674083471298218,7.674889087677002
2025-03-24,2.1249773502349854,1.6765198707580566,7.8049702644348145
2025-03-25,2.1249773502349854,1.6765198707580566,7.7585129737854
2025-03-26,2.1249773502349854,1.6765198707580566,7.795679569244385
2025-03-27,2.1342973709106445,1.6856313943862915,7.842137336730957
2025-03-28,2.097017288208008,1.658296823501587,7.888595104217529
2025-04-02,2.097017288208008,1.6856313943862915,7.897886753082275
2025-04-03,2.097017288208008,1.6765198707580566,7.9164719581604
2025-04-04,2.115657091140747,1.694743037223816,8.027970314025879
2025-04-07,2.0783767700195312,1.6400737762451172,7.925761699676514
2025-04-08,2.0504167079925537,1.6400737762451172,7.897886753082275
2025-04-09,2.0038163661956787,1.6491851806640625,7.897886753082275
2025-04-10,2.0783767700195312,1.694743037223816,7.990804195404053
2025-04-11,2.162257671356201,1.694743037223816,8.037261009216309
2025-04-14,2.115657091140747,1.7311890125274658,8.037261009216309
2025-04-15,2.1249773502349854,1.7403005361557007,7.990804195404053
2025-04-16,2.1342973709106445,1.7585235834121704,8.046554565429688
2025-04-17,2.115657091140747,1.7403005361557007,8.037261009216309
2025-04-18,2.1436169147491455,1.7403005361557007,8.027970314025879
2025-04-21,2.1342973709106445,1.722077488899231,8.074427604675293
2025-04-22,2.1436169147491455,1.7403005361557007,8.074427604675293
2025-04-23,2.1342973709106445,1.7494120597839355,8.074427604675293
2025-04-24,2.1342973709106445,1.7403005361557007,8.018678665161133
2025-04-25,2.152937412261963,1.7494120597839355,8.046554565429688
2025-04-28,2.152937412261963,1.7403005361557007,8.083720207214355
2025-04-29,2.1715774536132812,1.7403005361557007,8.074427604675293
2025-04-30,2.1808974742889404,1.722077488899231,8.074427604675293
2025-05-02,2.1808974742889404,1.7494120597839355,8.083720207214355
2025-05-05,2.190217971801758,1.7311890125274658,8.046554565429688
2025-05-06,2.1808974742889404,1.712965965270996,8.083720207214355
2025-05-07,2.173243761062622,1.7403005361557007,8.13017749786377
2025-05-08,2.1826930046081543,1.7311890125274658,8.288134574890137
2025-05-09,2.173243761062622,1.7494120597839355,8.250968933105469
2025-05-13,2.173243761062622,1.7403005361557007,8.269551277160645
2025-05-14,2.144897222518921,1.7585235834121704,8.269551277160645
2025-05-15,2.125999689102173,1.822304129600525,8.269551277160645
2025-05-16,2.116550922393799,1.8131927251815796,8.185928344726562
2025-05-19,2.125999689102173,1.8040813207626343,8.269551277160645
2025-05-20,2.125999689102173,1.8131927251815796,8.250968933105469
2025-05-21,2.144897222518921,1.822304129600525,8.260260581970215
2025-05-22,2.154346227645874,1.8405271768569946,8.083720207214355
2025-05-23,2.1637954711914062,1.8040813207626343,8.083720207214355
2025-05-26,2.1826930046081543,1.822304129600525,8.1766357421875
2025-05-27,2.173243761062622,1.8040813207626343,8.139470100402832
2025-05-28,2.1826930046081543,1.8131927251815796,8.195219039916992
2025-05-29,2.173243761062622,1.822304129600525,8.260260581970215
2025-05-30,2.1921420097351074,1.8405271768569946,8.288134574890137
2025-06-03,2.1921420097351074,1.8678618669509888,8.250968933105469
2025-06-04,2.1921420097351074,1.8496387004852295,8.316009521484375
2025-06-05,2.1637954711914062,1.8587502241134644,8.353177070617676
2025-06-06,2.2299373149871826,1.8951961994171143,8.297426223754883
2025-06-09,2.2204887866973877,1.8951961994171143,8.440131187438965
2025-06-10,2.2015905380249023,1.9043077230453491,8.383800506591797
2025-06-11,2.1921420097351074,1.9043077230453491,8.365022659301758
2025-06-12,2.1921420097351074,1.9407540559768677,8.430741310119629
2025-06-13,2.2110393047332764,1.9316424131393433,8.430741310119629
2025-06-16,2.2204887866973877,1.958977460861206,8.430741310119629
2025-06-17,2.2110393047332764,1.9772000312805176,8.430741310119629
2025-06-18,2.1921420097351074,1.9772000312805176,8.430741310119629
2025-06-19,2.1826930046081543,1.958977460861206,8.402576446533203
2025-06-20,2.258284330368042,1.9498655796051025,8.355633735656738
2025-06-23,2.173243761062622,1.958977460861206,8.346246719360352
2025-06-24,2.154346227645874,1.9134193658828735,8.1866455078125
2025-06-25,2.3527731895446777,1.9407540559768677,8.308694839477539
2025-06-26,2.3433239459991455,1.876973271369934,8.280529022216797
2025-06-30,2.400017261505127,1.9134193658828735,8.261751174926758
2025-07-01,2.4472618103027344,1.9498655796051025,8.261751174926758
2025-07-02,2.4283640384674072,1.9680886268615723,8.271141052246094
2025-07-03,2.532301902770996,2.013646364212036,8.233586311340332
2025-07-04,2.503955364227295,1.9954230785369873,8.261751174926758
2025-07-07,2.4567108154296875,1.958977460861206,8.299304962158203
2025-07-08,2.5700974464416504,1.986311674118042,8.299304962158203
2025-07-09,2.5511996746063232,1.9954230785369873,8.271141052246094
2025-07-10,2.5511996746063232,1.9498655796051025,8.271141052246094
2025-07-11,2.503955364227295,1.958977460861206,8.271141052246094
2025-07-14,2.513404130935669,1.958977460861206,8.271141052246094
2025-07-15,2.5606484413146973,2.0227577686309814,8.242974281311035
2025-07-16,2.5511996746063232,1.9954230785369873,8.224198341369629
2025-07-17,2.5606484413146973,2.004534959793091,8.214810371398926
2025-07-18,2.54175066947937,1.9498655796051025,8.167867660522461
2025-07-21,2.636239528656006,1.958977460861206,8.167867660522461
2025-07-22,2.5889952182769775,1.958977460861206,8.158479690551758
2025-07-23,2.5984439849853516,1.9498655796051025,8.158479690551758
2025-07-24,2.5795462131500244,1.9680886268615723,8.167867660522461
2025-07-25,2.5984439849853516,1.9772000312805176,8.149091720581055
2025-07-28,2.5984439849853516,2.0227577686309814,8.027043342590332
2025-07-29,2.5889952182769775,1.986311674118042,8.008265495300293
2025-07-30,2.5889952182769775,2.013646364212036,8.055207252502441
2025-07-31,2.626791000366211,2.040980577468872,8.055207252502441
2025-08-01,2.636239528656006,2.0500922203063965,8.07398509979248
2025-08-04,2.655137300491333,2.0500922203063965,8.064596176147461
2025-08-05,2.6173417568206787,2.0683155059814453,8.07398509979248
2025-08-06,2.6173417568206787,2.0227577686309814,8.055207252502441
2025-08-07,2.636239528656006,2.0227577686309814,8.092761993408203
2025-08-08,2.626791000366211,2.0227577686309814,8.07398509979248
2025-08-11,2.5868895053863525,1.9954230785369873,8.07398509979248
2025-08-12,2.6346182823181152,1.958977460861206,8.102149963378906
2025-08-13,2.5773439407348633,2.040980577468872,8.083373069763184
2025-08-14,2.567798137664795,2.004534959793091,8.092761993408203
2025-08-15,2.5487067699432373,2.004534959793091,8.083373069763184
2025-08-18,2.5296154022216797,1.9954230785369873,8.07398509979248
2025-08-19,2.539160966873169,1.9954230785369873,8.120925903320312
2025-08-20,2.6155269145965576,1.9954230785369873,8.111538887023926
2025-08-21,2.5868895053863525,1.986311674118042,8.102149963378906
2025-08-22,2.5773439407348633,2.0227577686309814,8.102149963378906
2025-08-25,2.567798137664795,1.958977460861206,8.111538887023926
2025-08-26,2.5868895053863525,1.9559820890426636,8.092761993408203
2025-08-27,2.567798137664795,1.9091883897781372,8.111538887023926
2025-08-28,2.596435308456421,1.9279059171676636,8.055207252502441
2025-08-29,2.5773439407348633,1.91854727268219,8.055207252502441
2025-09-02,2.567798137664795,1.9091883897781372,8.102149963378906
2025-09-03,2.5773439407348633,1.9279059171676636,8.120925903320312
2025-09-04,2.596435308456421,1.9279059171676636,8.111538887023926
2025-09-08,2.6155269145965576,1.9653409719467163,8.055207252502441
2025-09-09,2.6059811115264893,1.9466233253479004,8.07398509979248
2025-09-10,2.5773439407348633,1.91854727268219,8.027043342590332
2025-09-11,2.567798137664795,1.9372646808624268,8.266202926635742
2025-09-12,2.567798137664795,1.9279059171676636,8.209259986877441
2025-09-17,2.5487067699432373,1.9653409719467163,8.161808013916016
2025-09-18,2.567798137664795,1.9559820890426636,8.171298027038574
2025-09-19,2.567798137664795,1.9559820890426636,8.171298027038574
2025-09-22,2.5773439407348633,1.9653409719467163,8.133336067199707
2025-09-23,2.5773439407348633,1.9746997356414795,8.11435604095459
2025-09-24,2.6728012561798096,2.021493673324585,8.142826080322266
2025-09-25,2.691892385482788,2.0402112007141113,8.15231704711914
2025-09-26,2.7109835147857666,2.0402112007141113,8.123846054077148
2025-09-29,2.6728012561798096,2.021493673324585,8.15231704711914
2025-09-30,2.653709650039673,1.9653409719467163,8.171298027038574
2025-10-01,2.6059811115264893,1.9559820890426636,8.15231704711914
2025-10-02,2.625072479248047,2.0308523178100586,8.15231704711914
2025-10-03,2.6441638469696045,2.0308523178100586,8.266202926635742
2025-10-06,2.7014381885528564,2.049569845199585,8.190279006958008
2025-10-07,2.6823465824127197,2.0308523178100586,8.161808013916016
2025-10-08,2.6728012561798096,2.0682876110076904,8.123846054077148
2025-10-09,2.653709650039673,2.115081310272217,8.15231704711914
2025-10-10,2.6441638469696045,2.115081310272217,8.161808013916016
2025-10-13,2.5773439407348633,2.105722427368164,8.161808013916016
2025-10-14,2.5773439407348633,2.077646255493164,8.285181999206543
2025-10-15,2.625072479248047,2.087005138397217,8.569897651672363
2025-10-16,2.5487067699432373,2.049569845199585,8.351616859436035
2025-10-17,2.5773439407348633,2.0682876110076904,8.399070739746094
2025-10-21,2.5296154022216797,2.021493673324585,8.437031745910645
2025-10-22,2.5200695991516113,2.0121352672576904,8.370598793029785
2025-10-23,2.5487067699432373,2.049569845199585,8.30416488647461
2025-10-24,2.567798137664795,2.049569845199585,8.351616859436035
2025-10-27,2.5582525730133057,2.049569845199585,8.247221946716309
2025-10-28,2.596435308456421,2.058928966522217,8.247221946716309
2025-10-29,2.5868895053863525,2.0308523178100586,8.323145866394043
2025-10-30,2.5773439407348633,1.9934173822402954,8.323145866394043
2025-10-31,2.567798137664795,1.9653409719467163,8.256711959838867
2025-11-03,2.5773439407348633,1.9746997356414795,8.256711959838867
2025-11-04,2.5558364391326904,1.9466233253479004,8.266202926635742
2025-11-05,2.584770441055298,1.9746997356414795,8.256711959838867
2025-11-06,2.5751256942749023,2.0027761459350586,8.256711959838867
2025-11-07,2.584770441055298,2.0027761459350586,8.323145866394043
2025-11-10,2.5751256942749023,2.0027761459350586,8.256711959838867
2025-11-11,2.5944149494171143,2.0682876110076904,8.23773193359375
2025-11-12,2.6040596961975098,2.087005138397217,8.256711959838867
2025-11-13,2.613704204559326,2.115081310272217,8.256711959838867
2025-11-14,2.613704204559326,2.105722427368164,8.266202926635742
2025-11-17,2.6040596961975098,2.0682876110076904,8.275693893432617
2025-11-18,2.5944149494171143,2.087005138397217,8.399070739746094
2025-11-19,2.6040596961975098,2.0963635444641113,8.42754077911377
2025-11-20,2.613704204559326,2.133798837661743,8.446520805358887
2025-11-21,2.671572208404541,2.1244401931762695,8.541427612304688
2025-11-24,2.7197954654693604,2.133798837661743,8.522444725036621
2025-11-25,2.7005062103271484,2.133798837661743,8.50346565246582
2025-11-26,2.7197954654693604,2.1525163650512695,8.674293518066406
2025-11-27,2.652282953262329,2.105722427368164,8.636332511901855
2025-11-28,2.652282953262329,2.115081310272217,8.617349624633789
2025-12-01,2.5944149494171143,2.1244401931762695,8.569897651672363
2025-12-02,2.5751256942749023,2.143157482147217,8.712255477905273
2025-12-03,2.526902198791504,2.171233892440796,8.534844398498535
2025-12-04,2.4786789417266846,2.049569845199585,8.42935848236084
2025-12-05,2.469034194946289,2.049569845199585,8.112897872924805
2025-12-08,2.526902198791504,2.049379587173462,8.2951021194458
2025-12-09,2.5558364391326904,2.0970394611358643,8.410179138183594
2025-12-10,2.546191692352295,2.0970394611358643,8.410179138183594
2025-12-11,2.5365469455718994,2.0875072479248047,8.534844398498535
2025-12-12,2.565480947494507,2.0970394611358643,8.506074905395508
2025-12-15,2.5558364391326904,2.077975273132324,8.49648666381836
2025-12-16,2.613704204559326,2.1256353855133057,8.467716217041016
2025-12-17,2.584770441055298,2.0970394611358643,8.410179138183594
2025-12-18,2.5944149494171143,2.116103410720825,8.410179138183594
2025-12-19,2.6040596961975098,2.1256353855133057,8.410179138183594
2025-12-22,2.6040596961975098,2.1446990966796875,8.381409645080566
2025-12-23,2.6233489513397217,2.1637632846832275,8.438947677612305
2025-12-24,2.613704204559326,2.1637632846832275,8.438947677612305
2025-12-26,2.613704204559326,2.154231309890747,8.438947677612305
2025-12-29,2.613704204559326,2.2018911838531494,8.438947677612305
2025-12-30,2.613704204559326,2.2018911838531494,8.400588989257812
2025-12-31,2.632993459701538,2.2018911838531494,8.362231254577637
2026-01-02,2.690861701965332,2.2400190830230713,8.448538780212402
2026-01-05,2.690861701965332,2.2876791954040527,8.49648666381836
2026-01-06,2.8065977096557617,2.2590832710266113,8.582793235778809
2026-01-07,2.7390847206115723,2.2781474590301514,8.515666007995605
2026-01-08,2.768018960952759,2.2781474590301514,8.554024696350098
2026-01-09,2.7583742141723633,2.2781474590301514,8.554024696350098
2026-01-12,2.777663469314575,2.2876791954040527,8.726640701293945
2026-01-13,2.78730845451355,2.2781474590301514,8.82253646850586
2026-01-14,2.78730845451355,2.2876791954040527,8.880075454711914
2026-01-15,2.8065977096557617,2.2876791954040527,9.014330863952637
2026-01-16,2.835531711578369,2.3639352321624756,8.860895156860352
2026-01-19,2.835531711578369,2.3639352321624756,8.860895156860352
2026-01-20,2.8451762199401855,2.354403257369995,8.726640701293945
2026-01-21,2.854820966720581,2.3639352321624756,8.774587631225586
2026-01-22,2.854820966720581,2.335339307785034,8.774587631225586
2026-01-23,2.854820966720581,2.354403257369995,8.774587631225586
2026-01-26,2.8837549686431885,2.3829991817474365,8.975972175598145
2026-01-27,2.748729705810547,2.3639352321624756,8.784177780151367
2026-01-28,2.7583742141723633,2.3639352321624756,8.784177780151367
2026-01-29,2.78730845451355,2.392531156539917,8.784177780151367
2026-01-30,2.8258872032165527,2.46878719329834,8.889664649963379
2026-02-03,2.78730845451355,2.4497230052948,8.860895156860352
2026-02-04,2.8258872032165527,2.430659055709839,8.793767929077148
2026-02-05,2.835531711578369,2.4401910305023193,8.82253646850586
2026-02-06,2.8065977096557617,2.46878719329834,8.83212661743164
2026-02-09,2.8162424564361572,2.4592549800872803,9.110228538513184
2026-02-10,2.8065977096557617,2.4592549800872803,8.918434143066406
2026-02-11,2.8452818393707275,2.46878719329834,9.033509254455566
2026-02-12,2.884258270263672,2.5069150924682617,8.966382026672363
2026-02-13,2.874513864517212,2.5355112552642822,9.045679092407227
2026-02-16,2.932978630065918,2.5337636470794678,9.026100158691406
2026-02-19,2.9134905338287354,2.56288743019104,9.104416847229004
2026-02-20,2.923234701156616,2.494931936264038,9.104416847229004
2026-02-23,2.9037463665008545,2.5240557193756104,9.104416847229004
2026-02-24,2.923234701156616,2.56288743019104,9.104416847229004
2026-02-25,2.923234701156616,2.5531795024871826,9.065258026123047
2026-02-26,2.932978630065918,2.5337636470794678,9.045679092407227
2026-02-27,2.806305170059204,2.417268753051758,8.996729850769043
2026-03-02,2.7770729064941406,2.3784372806549072,8.967361450195312
2026-03-03,2.7770729064941406,2.4269766807556152,8.996729850769043
2026-03-04,2.757584571838379,2.3784372806549072,9.00652027130127
2026-03-05,2.7283523082733154,2.3784372806549072,8.957571029663086
2026-03-06,2.7283523082733154,2.3784372806549072,8.957571029663086
2026-03-09,2.6601433753967285,2.281358003616333,8.908623695373535
2026-03-10,2.689375877380371,2.3396055698394775,8.918412208557129
2026-03-11,2.6796317100524902,2.349313497543335,8.908623695373535
2026-03-12,2.699119806289673,2.3396055698394775,8.957571029663086
2026-03-13,2.699119806289673,2.32989764213562,8.957571029663086
2026-03-16,2.699119806289673,2.32989764213562,8.957571029663086
2026-03-17,2.699119806289673,2.3590214252471924,8.947782516479492
2026-03-18,2.7283523082733154,2.36872935295105,9.00652027130127
2026-03-19,2.5919346809387207,2.2716500759124756,8.879254341125488
2026-03-20,2.5919346809387207,2.2716500759124756,8.879254341125488
2026-03-24,2.640655279159546,2.2522342205047607,8.810726165771484
2026-03-25,2.6114230155944824,2.232818603515625,8.928202629089355
2026-03-26,2.621166944503784,2.2522342205047607,8.908623695373535
2026-03-27,2.6503994464874268,2.2522342205047607,8.908623695373535
2026-03-30,2.621166944503784,2.2231106758117676,8.879254341125488
2026-03-31,2.689375877380371,2.2425265312194824,8.869464874267578
2026-04-01,2.640655279159546,2.2425265312194824,8.634511947631836
2026-04-02,2.6601433753967285,2.232818603515625,8.712828636169434
2026-04-03,2.621166944503784,2.21340274810791,8.791146278381348
2026-04-06,2.621166944503784,2.2036948204040527,8.69325065612793
2026-04-07,2.621166944503784,2.21340274810791,8.654091835021973
2026-04-08,2.699119806289673,2.2425265312194824,8.859675407409668
2026-04-09,2.699119806289673,2.2425265312194824,8.810726165771484
2026-04-10,2.7186081409454346,2.261942148208618,8.800936698913574
2026-04-13,2.7186081409454346,2.2522342205047607,8.859675407409668
2026-04-14,2.708864212036133,2.2716500759124756,8.859675407409668
2026-04-15,2.747840404510498,2.261942148208618,8.908623695373535
2026-04-16,2.708864212036133,2.2522342205047607,8.800936698913574
2026-04-17,2.738096237182617,2.320189952850342,8.810726165771484
2026-04-20,2.7283523082733154,2.32989764213562,8.908623695373535
2026-04-21,2.747840404510498,2.3104820251464844,8.928202629089355
2026-04-22,2.747840404510498,2.3104820251464844,8.908623695373535
2026-04-23,2.7770729064941406,2.3396055698394775,8.957571029663086
2026-04-24,2.7770729064941406,2.3396055698394775,8.977150917053223
2026-04-27,2.7868168354034424,2.36872935295105,8.947782516479492
2026-04-28,2.7965610027313232,2.36872935295105,8.928202629089355
2026-04-29,2.757584571838379,2.349313497543335,8.859675407409668
2026-04-30,2.8355376720428467,2.3881452083587646,8.869464874267578
2026-05-04,2.9134905338287354,2.4269766807556152,8.908623695373535
2026-05-05,2.9134905338287354,2.44639253616333,8.898833274841309
2026-05-06,2.884258270263672,2.417268753051758,8.957571029663086
2026-05-07,2.9037463665008545,2.4561004638671875,8.98694133758545
2026-05-08,2.8940021991729736,2.465808391571045,8.879254341125488
2026-05-11,2.923234701156616,2.5046398639678955,8.957571029663086
2026-05-12,2.942722797393799,2.5046398639678955,8.810726165771484
2026-05-13,2.942722797393799,2.4852240085601807,9.035889625549316
2026-05-14,2.9525978565216064,2.4366846084594727,9.094627380371094
2026-05-15,3.120471239089966,2.465808391571045,9.104416847229004
2026-05-18,2.962472677230835,2.4075608253479004,9.026100158691406
2026-05-19,2.9525978565216064,2.417268753051758,8.908623695373535
2026-05-20,2.9032232761383057,2.397853136062622,8.996729850769043
2026-05-21,2.913098096847534,2.397853136062622,8.840095520019531
2026-05-22,2.804474115371704,2.3104820251464844,8.908623695373535
2026-05-25,2.71560001373291,2.232818603515625,8.967361450195312
2026-05-26,2.71560001373291,2.2425265312194824,9.035889625549316
2026-05-27,2.71560001373291,2.2425265312194824,9.035889625549316
2026-05-28,2.71560001373291,2.232818603515625,8.928202629089355
2026-05-29,2.735349655151367,2.2231106758117676,8.673670768737793
2026-06-02,2.735349655151367,2.2231106758117676,8.673670768737793
2026-06-03,2.71560001373291,2.1745710372924805,8.712828636169434
2026-06-04,2.745224714279175,2.232818603515625,8.810726165771484
2026-06-05,2.6859753131866455,2.1745710372924805,8.75198745727539
2026-06-08,2.656350612640381,2.1551554203033447,8.73240852355957
2026-06-09,2.71560001373291,2.1551554203033447,8.908623695373535
2026-06-10,2.695850133895874,2.184278964996338,8.869464874267578
2026-06-11,2.676100254058838,2.1454474925994873,9.040582656860352
2026-06-12,2.676100254058838,2.1454474925994873,9.090038299560547
2026-06-15,2.695850133895874,2.1551554203033447,9.0504732131958
2026-06-16,2.71560001373291,2.13573956489563,8.961453437805176
2026-06-18,2.71560001373291,2.13573956489563,9.277972221374512
2026-06-19,2.7057249546051025,2.13573956489563,9.416449546813965
2026-06-22,2.71560001373291,2.1745710372924805,9.169168472290039
2026-06-23,2.7057249546051025,2.164863348007202,8.92188835144043
2026-06-24,2.695850133895874,2.1454474925994873,8.902105331420898
2026-06-25,2.7057249546051025,2.1454474925994873,8.852648735046387
2026-06-26,2.71560001373291,2.13573956489563,8.822975158691406
2026-06-29,2.695850133895874,2.1260316371917725,9.030691146850586
2026-06-30,2.7254748344421387,2.1454474925994873,8.902105331420898
2026-07-01,2.695850133895874,2.116323709487915,8.852648735046387
2026-07-02,2.656350612640381,2.067784309387207,8.81308364868164
2026-07-03,2.656350612640381,2.1260316371917725,8.763628005981445
2026-07-06,2.71560001373291,2.164863348007202,8.81308364868164
2026-07-07,2.656350612640381,2.13573956489563,8.803192138671875
2026-07-08,2.695850133895874,2.13573956489563,8.803192138671875
2026-07-09,2.676100254058838,2.1551554203033447,8.793302536010742
2026-07-10,2.71560001373291,2.1551554203033447,8.803192138671875
2026-07-13,2.7254748344421387,2.1551554203033447,8.783411026000977
2026-07-14,2.7254748344421387,2.1745710372924805,8.753737449645996
2026-07-15,2.735349655151367,2.1939868927001953,8.753737449645996
2026-07-16,2.6859753131866455,2.1745710372924805,8.753737449645996
2026-07-17,2.6859753131866455,2.21340274810791,8.753737449645996
2026-07-20,2.7057249546051025,2.184278964996338,8.753737449645996
2026-07-21,2.6859753131866455,2.184278964996338,8.753737449645996
2026-07-22,2.676100254058838,2.1745710372924805,8.7240629196167
2026-07-23,2.7057249546051025,2.184278964996338,8.74384593963623
2026-07-24,2.7057249546051025,2.1745710372924805,8.684497833251953
2026-07-27,2.7254748344421387,2.1745710372924805,8.595477104187012
2026-07-28,2.71560001373291,2.1939868927001953,8.74384593963623
2026-07-29,2.735349655151367,2.184278964996338,8.74384593963623
2026-07-30,2.7254748344421387,2.184278964996338,8.74384593963623
2026-07-31,2.71560001373291,2.1551554203033447,8.7240629196167
2026-08-03,2.71560001373291,2.1454474925994873,8.674607276916504
2026-08-04,2.7300000190734863,2.0969078540802,8.585586547851562
2026-08-05,2.75,2.1260316371917725,8.694389343261719
2026-08-06,2.7300000190734863,2.13573956489563,8.74384593963623
2026-08-07,2.75,2.0969078540802,8.625150680541992
2026-08-10,2.75,2.087200164794922,8.605368614196777
2026-08-11,2.7699999809265137,2.0774922370910645,8.53612995147705
2026-08-12,2.75,2.087200164794922,8.605368614196777
2026-08-13,2.759999990463257,2.1260316371917725,8.585586547851562
2026-08-14,2.75,2.1260316371917725,8.605368614196777
2026-08-17,2.75,2.1260316371917725,8.605368614196777
2026-08-18,2.75,2.1260316371917725,8.625150680541992
2026-08-19,2.75,2.1260316371917725,8.565803527832031
2026-08-20,2.75,2.13573956489563,8.555912017822266
2026-08-21,2.869999885559082,2.13573956489563,8.585586547851562
2026-08-24,2.869999885559082,2.13573956489563,8.605368614196777
