date,0166.KL,0097.KL,0128.KL
2015-01-02,0.4579535722732544,0.5435724854469299,0.08394195884466171
2015-01-05,0.44900912046432495,0.5388042330741882,0.08693958818912506
2015-01-06,0.4293312132358551,0.524499773979187,0.08394195884466171
2015-01-07,0.456164687871933,0.5173474550247192,0.08993814140558243
2015-01-08,0.4829975962638855,0.5435724854469299,0.09293575584888458
2015-01-09,0.4829975962638855,0.5459564924240112,0.08993814140558243
2015-01-12,0.49552011489868164,0.5483406186103821,0.09293575584888458
2015-01-13,0.5312973260879517,0.5507247447967529,0.09293575584888458
2015-01-14,0.5116199851036072,0.5650292634963989,0.09293575584888458
2015-01-15,0.5187755823135376,0.6079428195953369,0.09293575584888458
2015-01-16,0.5187755823135376,0.6055588126182556,0.09293575584888458
2015-01-19,0.5134087800979614,0.6007905602455139,0.09293575584888458
2015-01-20,0.517606794834137,0.6150950193405151,0.09293575584888458
2015-01-21,0.5497215390205383,0.6341677904129028,0.09293575584888458
2015-01-22,0.5497215390205383,0.6270157694816589,0.0989319458603859
2015-01-23,0.5497215390205383,0.6341677904129028,0.0989319458603859
2015-01-26,0.547832190990448,0.6293997168540955,0.09593339264392853
2015-01-27,0.5402756929397583,0.6961543560028076,0.09593339264392853
2015-01-28,0.5270525217056274,0.7009225487709045,0.09293575584888458
2015-01-29,0.5194960236549377,0.6580088138580322,0.09593339264392853
2015-01-30,0.5421649217605591,0.6675450801849365,0.09593339264392853
2015-02-04,0.5402756929397583,0.669929027557373,0.0989319458603859
2015-02-05,0.5553888082504272,0.6913860440254211,0.0989319458603859
2015-02-06,0.5572775602340698,0.686617910861969,0.10192958265542984
2015-02-09,0.5553888082504272,0.686617910861969,0.10192958265542984
2015-02-10,0.5553888082504272,0.6961543560028076,0.10192958265542984
2015-02-11,0.5572775602340698,0.7009225487709045,0.0989319458603859
2015-02-12,0.5497215390205383,0.7080746293067932,0.09593339264392853
2015-02-13,0.5516102313995361,0.7104587554931641,0.0989319458603859
2015-02-16,0.5483734011650085,0.7390677332878113,0.0989319458603859
2015-02-17,0.5540856122970581,0.7509883046150208,0.10492720454931259
2015-02-18,0.5521812438964844,0.7486041784286499,0.10492720454931259
2015-02-23,0.5464690923690796,0.7462201118469238,0.11392102390527725
2015-02-24,0.5617016553878784,0.7462201118469238,0.10792574286460876
2015-02-25,0.5578938126564026,0.7366837859153748,0.11092337965965271
2015-02-26,0.5597978234291077,0.7748292088508606,0.11092337965965271
2015-02-27,0.5864546895027161,0.8129746317863464,0.10792574286460876
2015-03-02,0.5826467871665955,0.7772132158279419,0.11392102390527725
2015-03-03,0.5997832417488098,0.7700611352920532,0.10492720454931259
2015-03-04,0.5959747433662415,0.7605246901512146,0.10492720454931259
2015-03-05,0.6226322650909424,0.7700611352920532,0.10492720454931259
2015-03-06,0.6207279562950134,0.7724449634552002,0.10792574286460876
2015-03-09,0.6169201135635376,0.7772132158279419,0.10492720454931259
2015-03-10,0.6264402270317078,0.7748292088508606,0.11092337965965271
2015-03-11,0.6093034744262695,0.781981348991394,0.11092337965965271
2015-03-12,0.6245359778404236,0.7891336679458618,0.11691955476999283
2015-03-13,0.6264402270317078,0.7867496609687805,0.11092337965965271
2015-03-16,0.618823766708374,0.793901801109314,0.10792574286460876
2015-03-17,0.6226322650909424,0.7795974016189575,0.10792574286460876
2015-03-18,0.618823766708374,0.7843654155731201,0.10492720454931259
2015-03-19,0.6226322650909424,0.810590386390686,0.11092337965965271
2015-03-20,0.634056806564331,0.8320474028587341,0.10792574286460876
2015-03-23,0.634056806564331,0.810590386390686,0.11092337965965271
2015-03-24,0.6378647089004517,0.7986700534820557,0.10792574286460876
2015-03-25,0.6454811096191406,0.7986700534820557,0.11092337965965271
2015-03-26,0.6131114363670349,0.7748292088508606,0.10792574286460876
2015-03-27,0.618823766708374,0.7748292088508606,0.11092337965965271
2015-03-30,0.6302481889724731,0.7867496609687805,0.11092337965965271
2015-03-31,0.6302481889724731,0.781981348991394,0.10792574286460876
2015-04-01,0.6245359778404236,0.7700611352920532,0.10792574286460876
2015-04-02,0.6359603404998779,0.7891336679458618,0.10792574286460876
2015-04-03,0.6359603404998779,0.8082065582275391,0.11092337965965271
2015-04-06,0.6359603404998779,0.8248949646949768,0.10792574286460876
2015-04-07,0.649289071559906,0.8344312310218811,0.10492720454931259
2015-04-08,0.6530970335006714,0.8558880686759949,0.10792574286460876
2015-04-09,0.6511935591697693,0.8463519215583801,0.11392102390527725
2015-04-10,0.6359603404998779,0.8201269507408142,0.12891098856925964
2015-04-13,0.6588093042373657,0.8368154764175415,0.13490717113018036
2015-04-14,0.6683300137519836,0.8558880686759949,0.13190865516662598
2015-04-15,0.6530970335006714,0.8558880686759949,0.14689862728118896
2015-04-16,0.6588093042373657,0.8511200547218323,0.14689862728118896
2015-04-17,0.6645218133926392,0.8701927661895752,0.15289482474327087
2015-04-20,0.6607136726379395,0.8916496634483337,0.170882448554039
2015-04-21,0.6645218133926392,0.903569757938385,0.1648862361907959
2015-04-22,0.6588093042373657,0.915490448474884,0.17388008534908295
2015-04-23,0.6511935591697693,0.8940337300300598,0.170882448554039
2015-04-24,0.6454811096191406,0.8940337300300598,0.17388008534908295
2015-04-27,0.6283444166183472,0.8964177370071411,0.15889006853103638
2015-04-28,0.6035915017127991,0.8630404472351074,0.15589246153831482
2015-04-29,0.5997832417488098,0.8391997218132019,0.1648862361907959
2015-04-30,0.6054953932762146,0.8582723140716553,0.15889006853103638
2015-05-05,0.6169201135635376,0.8701927661895752,0.15589246153831482
2015-05-06,0.6131114363670349,0.8463519215583801,0.15889006853103638
2015-05-07,0.6131114363670349,0.8654245734214783,0.15889006853103638
2015-05-08,0.6264402270317078,0.8701927661895752,0.16188862919807434
2015-05-11,0.6283444166183472,0.8678086400032043,0.16188862919807434
2015-05-12,0.6283444166183472,0.8701927661895752,0.16188862919807434
2015-05-13,0.6302481889724731,0.8725768327713013,0.15889006853103638
2015-05-14,0.6321525573730469,0.8630404472351074,0.15889006853103638
2015-05-15,0.6454811096191406,0.8582723140716553,0.16188862919807434
2015-05-18,0.6683300137519836,0.8582723140716553,0.18887005746364594
2015-05-19,0.6645218133926392,0.8749608397483826,0.1918676793575287
2015-05-20,0.6645218133926392,0.8964177370071411,0.1918676793575287
2015-05-21,0.6511935591697693,0.8654245734214783,0.1768776923418045
2015-05-22,0.6511935591697693,0.8654245734214783,0.17987628281116486
2015-05-25,0.641672670841217,0.8391997218132019,0.17388008534908295
2015-05-26,0.6397689580917358,0.8272791504859924,0.17388008534908295
2015-05-27,0.6302481889724731,0.8296632766723633,0.17388008534908295
2015-05-28,0.634056806564331,0.8201269507408142,0.1648862361907959
2015-05-29,0.6664257049560547,0.8129746317863464,0.15289482474327087
2015-06-01,0.6721380949020386,0.8082065582275391,0.1648862361907959
2015-06-02,0.6626179218292236,0.8391997218132019,0.16788391768932343
2015-06-03,0.674302875995636,0.8391997218132019,0.16788391768932343
2015-06-04,0.6589779257774353,0.8225110173225403,0.16188862919807434
2015-06-05,0.6570621132850647,0.8225110173225403,0.16188862919807434
2015-06-08,0.6608938574790955,0.8248949646949768,0.15889006853103638
2015-06-09,0.6589779257774353,0.8296632766723633,0.15289482474327087
2015-06-10,0.6685562133789062,0.8296632766723633,0.15289482474327087
2015-06-11,0.6666407585144043,0.8344312310218811,0.15289482474327087
2015-06-12,0.6608938574790955,0.8344312310218811,0.14689862728118896
2015-06-15,0.6417372226715088,0.8058223724365234,0.13490717113018036
2015-06-16,0.6264123916625977,0.7867496609687805,0.14390099048614502
2015-06-17,0.6474841833114624,0.7986700534820557,0.14090244472026825
2015-06-18,0.6321592330932617,0.7986700534820557,0.1498962640762329
2015-06-19,0.6283276081085205,0.7986700534820557,0.16188862919807434
2015-06-22,0.6398213505744934,0.8082065582275391,0.16788391768932343
2015-06-23,0.6551470160484314,0.8082065582275391,0.1648862361907959
2015-06-24,0.6551470160484314,0.8177428841590881,0.16788391768932343
2015-06-25,0.6513152718544006,0.8129746317863464,0.15289482474327087
2015-06-26,0.6359905004501343,0.81537264585495,0.15889006853103638
2015-06-29,0.61491858959198,0.8033819198608398,0.14689862728118896
2015-06-30,0.6225807070732117,0.8105764389038086,0.1498962640762329
2015-07-01,0.6321592330932617,0.8249654173851013,0.15589246153831482
2015-07-02,0.6493998765945435,0.8249654173851013,0.1648862361907959
2015-07-03,0.6436530351638794,0.8273635506629944,0.16188862919807434
2015-07-06,0.6321592330932617,0.81537264585495,0.15589246153831482
2015-07-07,0.6474841833114624,0.81537264585495,0.15589246153831482
2015-07-08,0.6321592330932617,0.7913913130760193,0.1498962640762329
2015-07-09,0.6570621132850647,0.8033819198608398,0.15289482474327087
2015-07-10,0.6551470160484314,0.81537264585495,0.15589246153831482
2015-07-13,0.6647249460220337,0.8177708983421326,0.15589246153831482
2015-07-14,0.6647249460220337,0.8177708983421326,0.15289482474327087
2015-07-15,0.6685562133789062,0.8177708983421326,0.1498962640762329
2015-07-16,0.6589779257774353,0.8273635506629944,0.15889006853103638
2015-07-20,0.6608938574790955,0.8273635506629944,0.16188862919807434
2015-07-21,0.6589779257774353,0.8273635506629944,0.1648862361907959
2015-07-22,0.6532309651374817,0.8273635506629944,0.16188862919807434
2015-07-23,0.6513152718544006,0.81537264585495,0.16188862919807434
2015-07-24,0.6551470160484314,0.8489469885826111,0.16188862919807434
2015-07-27,0.6532309651374817,0.8393541574478149,0.15889006853103638
2015-07-28,0.6493998765945435,0.81537264585495,0.15589246153831482
2015-07-29,0.6532309651374817,0.8249654173851013,0.15589246153831482
2015-07-30,0.6570621132850647,0.8321598172187805,0.15889006853103638
2015-07-31,0.6589779257774353,0.822567343711853,0.15589246153831482
2015-08-03,0.6570621132850647,0.8201689720153809,0.15889006853103638
2015-08-04,0.6474841833114624,0.822567343711853,0.15589246153831482
2015-08-05,0.6436530351638794,0.822567343711853,0.15289482474327087
2015-08-06,0.6283276081085205,0.81537264585495,0.14689862728118896
2015-08-07,0.609171450138092,0.805780291557312,0.14689862728118896
2015-08-10,0.5861841440200806,0.7626132965087891,0.13490717113018036
2015-08-11,0.5919309854507446,0.7386317849159241,0.1379048228263855
2015-08-12,0.5536177754402161,0.6786778569221497,0.12291484326124191
2015-08-13,0.6015089154243469,0.7458263635635376,0.12891098856925964
2015-08-14,0.5842681527137756,0.7338353395462036,0.12291484326124191
2015-08-17,0.559364914894104,0.7122520208358765,0.11092337965965271
2015-08-18,0.5785214304924011,0.717048168182373,0.11691955476999283
2015-08-19,0.5938462615013123,0.7434279918670654,0.11691955476999283
2015-08-20,0.5995929837226868,0.7338353395462036,0.11392102390527725
2015-08-21,0.580437183380127,0.7146502733230591,0.11392102390527725
2015-08-24,0.5746904611587524,0.6930668950080872,0.10192958265542984
2015-08-25,0.5919309854507446,0.6666871309280396,0.10492720454931259
2015-08-26,0.5842681527137756,0.6666871309280396,0.09593339264392853
2015-08-27,0.6015089154243469,0.6714833974838257,0.09593339264392853
2015-08-28,0.5938462615013123,0.6762798428535461,0.09293575584888458
2015-09-01,0.611086905002594,0.6954649686813354,0.08993814140558243
2015-09-02,0.61491858959198,0.6954649686813354,0.08993814140558243
2015-09-03,0.6130026578903198,0.6954649686813354,0.09593339264392853
2015-09-04,0.6264123916625977,0.6786778569221497,0.09293575584888458
2015-09-07,0.6302434206008911,0.6642888784408569,0.09293575584888458
2015-09-08,0.6264123916625977,0.6714833974838257,0.0989319458603859
2015-09-09,0.6366368532180786,0.6666871309280396,0.10192958265542984
2015-09-10,0.6327781081199646,0.6666871309280396,0.10192958265542984
2015-09-11,0.638565719127655,0.6666871309280396,0.10492720454931259
2015-09-14,0.640495240688324,0.6666871309280396,0.10492720454931259
2015-09-15,0.6443532109260559,0.6834742426872253,0.0989319458603859
2015-09-17,0.6559285521507263,0.6978631019592285,0.10192958265542984
2015-09-18,0.6559285521507263,0.6834742426872253,0.0989319458603859
2015-09-21,0.638565719127655,0.6714833974838257,0.0989319458603859
2015-09-22,0.6443532109260559,0.6810761094093323,0.0989319458603859
2015-09-23,0.6327781081199646,0.6762798428535461,0.09593339264392853
2015-09-25,0.6327781081199646,0.6762798428535461,0.10192958265542984
2015-09-28,0.640495240688324,0.6738814115524292,0.0989319458603859
2015-09-29,0.6327781081199646,0.6714833974838257,0.09593339264392853
2015-09-30,0.6539996266365051,0.6714833974838257,0.09593339264392853
2015-10-01,0.6443532109260559,0.6762798428535461,0.0989319458603859
2015-10-02,0.6482120752334595,0.6810761094093323,0.09593339264392853
2015-10-05,0.6539996266365051,0.6906686425209045,0.10192958265542984
2015-10-06,0.6597874760627747,0.729039192199707,0.10192958265542984
2015-10-07,0.6559285521507263,0.769807755947113,0.10792574286460876
2015-10-08,0.6559285521507263,0.7746042013168335,0.10492720454931259
2015-10-09,0.638565719127655,0.7626132965087891,0.10792574286460876
2015-10-12,0.6424245834350586,0.7626132965087891,0.11392102390527725
2015-10-13,0.6462826728820801,0.7434279918670654,0.12891098856925964
2015-10-15,0.6597874760627747,0.7386317849159241,0.1379048228263855
2015-10-16,0.6694332361221313,0.7386317849159241,0.1379048228263855
2015-10-19,0.6694332361221313,0.7410299181938171,0.13190865516662598
2015-10-20,0.6694332361221313,0.7386317849159241,0.11991720646619797
2015-10-21,0.7080168128013611,0.7386317849159241,0.12591338157653809
2015-10-22,0.7350262999534607,0.7338353395462036,0.13190865516662598
2015-10-23,0.7138044834136963,0.7242429852485657,0.1379048228263855
2015-10-26,0.702229380607605,0.7242429852485657,0.13490717113018036
2015-10-27,0.6848665475845337,0.71944659948349,0.12891098856925964
2015-10-28,0.6848665475845337,0.717048168182373,0.12891098856925964
2015-10-29,0.6925836801528931,0.7218446731567383,0.12891098856925964
2015-10-30,0.688725471496582,0.7218446731567383,0.1379048228263855
2015-11-02,0.6829378604888916,0.717048168182373,0.14090244472026825
2015-11-03,0.7099465727806091,0.71944659948349,0.15289482474327087
2015-11-04,0.7003006339073181,0.71944659948349,0.1498962640762329
2015-11-05,0.7273091673851013,0.7338353395462036,0.14390099048614502
2015-11-06,0.7273091673851013,0.750622570514679,0.1498962640762329
2015-11-09,0.7408136129379272,0.7362337112426758,0.14390099048614502
2015-11-11,0.7350262999534607,0.7314373254776001,0.14090244472026825
2015-11-12,0.7369549870491028,0.7242429852485657,0.14090244472026825
2015-11-13,0.7658929824829102,0.7314373254776001,0.1379048228263855
2015-11-16,0.7523890137672424,0.71944659948349,0.1379048228263855
2015-11-17,0.7832558751106262,0.7434279918670654,0.1379048228263855
2015-11-18,0.769752025604248,0.7314373254776001,0.1498962640762329
2015-11-19,0.7813271284103394,0.7410299181938171,0.15589246153831482
2015-11-20,0.7986899018287659,0.7314373254776001,0.15589246153831482
2015-11-23,0.8083356618881226,0.7865948677062988,0.15289482474327087
2015-11-24,0.7909730672836304,0.7913913130760193,0.15289482474327087
2015-11-25,0.7813271284103394,0.7913913130760193,0.11991720646619797
2015-11-26,0.7828811407089233,0.8033819198608398,0.12591338157653809
2015-11-27,0.778995931148529,0.81537264585495,0.12591338157653809
2015-11-30,0.819791316986084,0.805780291557312,0.12291484326124191
2015-12-01,0.8042505979537964,0.805780291557312,0.12591338157653809
2015-12-02,0.8042505979537964,0.8033819198608398,0.12291484326124191
2015-12-03,0.8178483247756958,0.8033819198608398,0.12291484326124191
2015-12-04,0.8236762881278992,0.8009838461875916,0.12591338157653809
2015-12-07,0.8761277794837952,0.7913913130760193,0.13190865516662598
2015-12-08,0.8761277794837952,0.7985855937004089,0.12591338157653809
2015-12-09,0.8702996969223022,0.7913913130760193,0.12591338157653809
2015-12-10,0.8722423315048218,0.805780291557312,0.12291484326124191
2015-12-11,0.8508737683296204,0.7913913130760193,0.12291484326124191
2015-12-14,0.8275622725486755,0.8033819198608398,0.11691955476999283
2015-12-15,0.8353322148323059,0.8033819198608398,0.11392102390527725
2015-12-16,0.8567015528678894,0.8033819198608398,0.11691955476999283
2015-12-17,0.881955087184906,0.8033819198608398,0.11991720646619797
2015-12-18,0.8605867624282837,0.8033819198608398,0.11691955476999283
2015-12-21,0.846987783908844,0.7985855937004089,0.11691955476999283
2015-12-22,0.8664148449897766,0.7985855937004089,0.11991720646619797
2015-12-23,0.8625296354293823,0.8105764389038086,0.11991720646619797
2015-12-28,0.883898138999939,0.812974750995636,0.11691955476999283
2015-12-29,0.9208084344863892,0.8195841908454895,0.11691955476999283
2015-12-30,0.9285786151885986,0.8388119339942932,0.11691955476999283
2015-12-31,0.889725923538208,0.8267946243286133,0.11392102390527725
2016-01-04,0.9106095433235168,0.8291980028152466,0.11092337965965271
2016-01-05,0.9227505922317505,0.8291980028152466,0.11092337965965271
2016-01-06,0.9130377769470215,0.8291980028152466,0.11092337965965271
2016-01-07,0.898468017578125,0.8171805739402771,0.11092337965965271
2016-01-08,0.8887549042701721,0.8123736381530762,0.11392102390527725
2016-01-11,0.8887549042701721,0.8147773146629333,0.10792574286460876
2016-01-12,0.883898138999939,0.8027599453926086,0.10792574286460876
2016-01-13,0.8450460433959961,0.7979528307914734,0.10792574286460876
2016-01-14,0.8061926960945129,0.7691113352775574,0.10792574286460876
2016-01-15,0.8013365864753723,0.7907423973083496,0.10492720454931259
2016-01-18,0.8231909871101379,0.7931458353996277,0.10192958265542984
2016-01-19,0.8231909871101379,0.7931458353996277,0.11092337965965271
2016-01-20,0.820762574672699,0.8051632642745972,0.10192958265542984
2016-01-21,0.813477635383606,0.8147773146629333,0.10192958265542984
2016-01-22,0.813477635383606,0.8171805739402771,0.10492720454931259
2016-01-26,0.8426169157028198,0.8171805739402771,0.0989319458603859
2016-01-27,0.8013365864753723,0.8123736381530762,0.10192958265542984
2016-01-28,0.7794820666313171,0.8099702596664429,0.0989319458603859
2016-01-29,0.7843379974365234,0.7835320830345154,0.10792574286460876
2016-02-02,0.8061926960945129,0.7931458353996277,0.11092337965965271
2016-02-03,0.8061926960945129,0.8027599453926086,0.10792574286460876
2016-02-04,0.8061926960945129,0.7835320830345154,0.10492720454931259
2016-02-05,0.7867671251296997,0.7931458353996277,0.10192958265542984
2016-02-08,0.7867671251296997,0.7931458353996277,0.10192958265542984
2016-02-09,0.7867671251296997,0.7931458353996277,0.10192958265542984
2016-02-10,0.7867671251296997,0.7931458353996277,0.10192958265542984
2016-02-11,0.7770529985427856,0.7931458353996277,0.0989319458603859
2016-02-12,0.7721971273422241,0.7835320830345154,0.10192958265542984
2016-02-15,0.7697683572769165,0.7883388996124268,0.10192958265542984
2016-02-16,0.7600553631782532,0.7691113352775574,0.10792574286460876
2016-02-17,0.7721971273422241,0.7691113352775574,0.10192958265542984
2016-02-18,0.7940518856048584,0.7691113352775574,0.10792574286460876
2016-02-19,0.8013365864753723,0.8147773146629333,0.10192958265542984
2016-02-22,0.8256192803382874,0.7883388996124268,0.10792574286460876
2016-02-23,0.8231909871101379,0.7835320830345154,0.10192958265542984
2016-02-24,0.820762574672699,0.7835320830345154,0.10492720454931259
2016-02-25,0.7964795231819153,0.7763216495513916,0.10192958265542984
2016-02-26,0.8013365864753723,0.7907423973083496,0.10192958265542984
2016-02-29,0.7843379974365234,0.8051632642745972,0.10192958265542984
2016-03-01,0.8037647008895874,0.8003562688827515,0.10492720454931259
2016-03-02,0.7964795231819153,0.8123736381530762,0.10492720454931259
2016-03-03,0.8013365864753723,0.8412154316902161,0.10492720454931259
2016-03-04,0.813477635383606,0.8243911266326904,0.10492720454931259
2016-03-07,0.7940518856048584,0.8316014409065247,0.10192958265542984
2016-03-08,0.7843379974365234,0.8243911266326904,0.10192958265542984
2016-03-09,0.7916228771209717,0.8171805739402771,0.0989319458603859
2016-03-10,0.8037647008895874,0.8219876289367676,0.0989319458603859
2016-03-11,0.804742693901062,0.8267946243286133,0.10492720454931259
2016-03-14,0.7974045276641846,0.8291980028152466,0.10192958265542984
2016-03-15,0.7925134301185608,0.8340049982070923,0.10192958265542984
2016-03-16,0.7974045276641846,0.8388119339942932,0.10192958265542984
2016-03-17,0.7876207232475281,0.846022367477417,0.10192958265542984
2016-03-18,0.7998512983322144,0.8532328009605408,0.10192958265542984
2016-03-21,0.7900664806365967,0.8652500510215759,0.11392102390527725
2016-03-22,0.7680525183677673,0.8676536083221436,0.10492720454931259
2016-03-23,0.763160765171051,0.8580398559570312,0.10792574286460876
2016-03-24,0.7729445099830627,0.8556362390518188,0.10492720454931259
2016-03-25,0.7802828550338745,0.8556362390518188,0.10492720454931259
2016-03-28,0.7704988121986389,0.8436189293861389,0.10192958265542984
2016-03-29,0.7729445099830627,0.8412154316902161,0.10492720454931259
2016-03-30,0.7876207232475281,0.8412154316902161,0.10792574286460876
2016-03-31,0.7876207232475281,0.846022367477417,0.10492720454931259
2016-04-01,0.7876207232475281,0.8532328009605408,0.10492720454931259
2016-04-04,0.7876207232475281,0.8532328009605408,0.10792574286460876
2016-04-05,0.7851750254631042,0.8532328009605408,0.10792574286460876
2016-04-06,0.7851750254631042,0.8556362390518188,0.10492720454931259
2016-04-07,0.7827287316322327,0.8532328009605408,0.10492720454931259
2016-04-08,0.7778367400169373,0.8532328009605408,0.10192958265542984
2016-04-11,0.7729445099830627,0.8604430556297302,0.10492720454931259
2016-04-12,0.7778367400169373,0.8748641014099121,0.10192958265542984
2016-04-13,0.7729445099830627,0.8844780325889587,0.10492720454931259
2016-04-14,0.7753903269767761,0.894091784954071,0.10492720454931259
2016-04-15,0.7778367400169373,0.9157230257987976,0.10192958265542984
2016-04-18,0.7656065225601196,0.9133195877075195,0.10192958265542984
2016-04-19,0.7411466240882874,0.9133195877075195,0.0989319458603859
2016-04-20,0.7289160490036011,0.90130215883255,0.10192958265542984
2016-04-21,0.7264704704284668,0.9037057757377625,0.10192958265542984
2016-04-22,0.7387001514434814,0.8916881680488586,0.10492720454931259
2016-04-25,0.6995639204978943,0.8916881680488586,0.10192958265542984
2016-04-26,0.6799954771995544,0.8892848491668701,0.10192958265542984
2016-04-27,0.6848875880241394,0.8604430556297302,0.10192958265542984
2016-04-28,0.6799954771995544,0.846022367477417,0.0989319458603859
2016-04-29,0.6677656173706055,0.8556362390518188,0.0989319458603859
2016-05-03,0.6702115535736084,0.8532328009605408,0.09593339264392853
2016-05-04,0.677549421787262,0.8652500510215759,0.09593339264392853
2016-05-05,0.7020097374916077,0.8652500510215759,0.0989319458603859
2016-05-06,0.6946714520454407,0.894091784954071,0.0989319458603859
2016-05-09,0.6604277491569519,0.8916881680488586,0.09593339264392853
2016-05-10,0.677549421787262,0.8916881680488586,0.09293575584888458
2016-05-11,0.6848875880241394,0.9085126519203186,0.0989319458603859
2016-05-12,0.6824418306350708,0.9085126519203186,0.09593339264392853
2016-05-13,0.6677656173706055,0.9085126519203186,0.09293575584888458
2016-05-16,0.6555353403091431,0.9061091542243958,0.09293575584888458
2016-05-17,0.66531902551651,0.8772675395011902,0.09293575584888458
2016-05-18,0.66531902551651,0.8508293032646179,0.09293575584888458
2016-05-19,0.6677656173706055,0.8436189293861389,0.09293575584888458
2016-05-20,0.6677656173706055,0.8556362390518188,0.09593339264392853
2016-05-23,0.7093476057052612,0.8748641014099121,0.09293575584888458
2016-05-24,0.7240239977836609,0.8772675395011902,0.08993814140558243
2016-05-25,0.7387001514434814,0.8748641014099121,0.08993814140558243
2016-05-26,0.7264704704284668,0.8772675395011902,0.08993814140558243
2016-05-27,0.7215780019760132,0.8916881680488586,0.08993814140558243
2016-05-30,0.7264704704284668,0.9085126519203186,0.08993814140558243
2016-05-31,0.758268415927887,0.8772675395011902,0.08993814140558243
2016-06-01,0.7460381388664246,0.8820742964744568,0.08993814140558243
2016-06-02,0.7362541556358337,0.8820742964744568,0.08993814140558243
2016-06-03,0.7533760666847229,0.8820742964744568,0.08993814140558243
2016-06-06,0.7509302496910095,0.8820742964744568,0.08993814140558243
2016-06-07,0.7680525183677673,0.8916881680488586,0.08993814140558243
2016-06-08,0.75087571144104,0.894091784954071,0.08993814140558243
2016-06-09,0.7312449216842651,0.8892848491668701,0.08693958818912506
2016-06-10,0.7312449216842651,0.8964952826499939,0.08993814140558243
2016-06-13,0.7287911176681519,0.8964952826499939,0.08693958818912506
2016-06-14,0.7238831520080566,0.8772675395011902,0.08693958818912506
2016-06-15,0.7042521834373474,0.8772675395011902,0.08693958818912506
2016-06-16,0.7067063450813293,0.8700570464134216,0.08094431459903717
2016-06-17,0.7091600894927979,0.8700570464134216,0.08394195884466171
2016-06-20,0.6968907117843628,0.8772675395011902,0.08394195884466171
2016-06-21,0.7238831520080566,0.8652500510215759,0.08394195884466171
2016-06-23,0.7116137146949768,0.8628466725349426,0.08094431459903717
2016-06-24,0.7042521834373474,0.8604430556297302,0.08094431459903717
2016-06-27,0.7067063450813293,0.8652500510215759,0.08094431459903717
2016-06-28,0.7140682339668274,0.8694766759872437,0.077945776283741
2016-06-29,0.7263368964195251,0.8694766759872437,0.08094431459903717
2016-06-30,0.7287911176681519,0.9105353355407715,0.08094431459903717
2016-07-01,0.7214295864105225,0.9105353355407715,0.08094431459903717
2016-07-04,0.7263368964195251,0.905704915523529,0.08094431459903717
2016-07-05,0.7238831520080566,0.905704915523529,0.07494813203811646
2016-07-06,0.7238831520080566,0.905704915523529,0.07494813203811646
2016-07-07,0.7238831520080566,0.905704915523529,0.07494813203811646
2016-07-08,0.7116137146949768,0.905704915523529,0.08094431459903717
2016-07-11,0.7116137146949768,0.8936288356781006,0.08094431459903717
2016-07-12,0.718975305557251,0.8936288356781006,0.08394195884466171
2016-07-13,0.7287911176681519,0.8936288356781006,0.08993814140558243
2016-07-14,0.7263368964195251,0.8936288356781006,0.0989319458603859
2016-07-15,0.7263368964195251,0.9177810549736023,0.09293575584888458
2016-07-18,0.7386062741279602,0.9274418354034424,0.08993814140558243
2016-07-19,0.7655987739562988,0.9226114153862,0.08993814140558243
2016-07-20,0.7729601860046387,0.9226114153862,0.08993814140558243
2016-07-21,0.7754136919975281,0.9177810549736023,0.08693958818912506
2016-07-22,0.7729601860046387,0.9177810549736023,0.08693958818912506
2016-07-25,0.7754136919975281,0.9177810549736023,0.08693958818912506
2016-07-26,0.7631443738937378,0.9177810549736023,0.08693958818912506
2016-07-27,0.75087571144104,0.9322723746299744,0.08693958818912506
2016-07-28,0.7557828426361084,0.9636701941490173,0.09293575584888458
2016-07-29,0.7606907486915588,0.9540092945098877,0.08993814140558243
2016-08-01,0.7729601860046387,0.9588397145271301,0.08993814140558243
2016-08-02,0.7533291578292847,0.941933274269104,0.08693958818912506
2016-08-03,0.7729601860046387,0.9346874356269836,0.08693958818912506
2016-08-04,0.7729601860046387,0.9322723746299744,0.08693958818912506
2016-08-05,0.7606907486915588,0.9443484544754028,0.08693958818912506
2016-08-08,0.7582373023033142,0.9443484544754028,0.08394195884466171
2016-08-09,0.7582373023033142,0.9346874356269836,0.08993814140558243
2016-08-10,0.75087571144104,0.941933274269104,0.08693958818912506
2016-08-11,0.75087571144104,0.9443484544754028,0.08693958818912506
2016-08-12,0.7582373023033142,0.941933274269104,0.08693958818912506
2016-08-15,0.7803215980529785,0.9540092945098877,0.08693958818912506
2016-08-16,0.782775342464447,0.9540092945098877,0.09293575584888458
2016-08-17,0.7729601860046387,0.9491788148880005,0.09293575584888458
2016-08-18,0.7533291578292847,0.9467634558677673,0.09593339264392853
2016-08-19,0.7386062741279602,0.9395179152488708,0.09593339264392853
2016-08-22,0.7557828426361084,0.929857075214386,0.09293575584888458
2016-08-23,0.7533291578292847,0.9395179152488708,0.08993814140558243
2016-08-24,0.75087571144104,0.929857075214386,0.08993814140558243
2016-08-25,0.7705062031745911,0.9395179152488708,0.08993814140558243
2016-08-26,0.7705062031745911,0.9371028542518616,0.0989319458603859
2016-08-29,0.7729601860046387,0.9322723746299744,0.09293575584888458
2016-08-30,0.777867317199707,0.929857075214386,0.08993814140558243
2016-09-01,0.8122215270996094,0.929857075214386,0.09293575584888458
2016-09-02,0.8171296119689941,0.9250266551971436,0.08993814140558243
2016-09-05,0.8244911432266235,0.9250266551971436,0.09593339264392853
2016-09-06,0.822036623954773,0.9274418354034424,0.0989319458603859
2016-09-07,0.8171296119689941,0.929857075214386,0.0989319458603859
2016-09-08,0.822036623954773,0.9322723746299744,0.0989319458603859
2016-09-09,0.8073135614395142,0.9322723746299744,0.09593339264392853
2016-09-13,0.7855745553970337,0.9322723746299744,0.09293575584888458
2016-09-14,0.7979259490966797,0.929857075214386,0.09293575584888458
2016-09-15,0.8176888823509216,0.9226114153862,0.09293575584888458
2016-09-19,0.8275703191757202,0.9201961755752563,0.08993814140558243
2016-09-20,0.8152190446853638,0.9201961755752563,0.08993814140558243
2016-09-21,0.8275703191757202,0.9177810549736023,0.08993814140558243
2016-09-22,0.8349813222885132,0.9201961755752563,0.09593339264392853
2016-09-23,0.8325110077857971,0.9201961755752563,0.09293575584888458
2016-09-26,0.8226302862167358,0.9201961755752563,0.08993814140558243
2016-09-27,0.8201593160629272,0.9153656959533691,0.08993814140558243
2016-09-28,0.8201593160629272,0.9129506349563599,0.09293575584888458
2016-09-29,0.8152190446853638,0.9081202745437622,0.08993814140558243
2016-09-30,0.8201593160629272,0.9081202745437622,0.08693958818912506
2016-10-04,0.8176888823509216,0.905704915523529,0.08993814140558243
2016-10-05,0.8102782964706421,0.8984593152999878,0.08993814140558243
2016-10-06,0.8078079223632812,0.8936288356781006,0.08693958818912506
2016-10-07,0.8201593160629272,0.8887985944747925,0.08693958818912506
2016-10-10,0.8226302862167358,0.8791377544403076,0.08693958818912506
2016-10-11,0.8152190446853638,0.871891975402832,0.08693958818912506
2016-10-12,0.8325110077857971,0.8767224550247192,0.08693958818912506
2016-10-13,0.8448634147644043,0.8815528750419617,0.08394195884466171
2016-10-14,0.8374521732330322,0.8791377544403076,0.08394195884466171
2016-10-17,0.8251001834869385,0.8791377544403076,0.08394195884466171
2016-10-18,0.8226302862167358,0.8936288356781006,0.08693958818912506
2016-10-19,0.8300412893295288,0.8984593152999878,0.08693958818912506
2016-10-20,0.8201593160629272,0.8839681148529053,0.08394195884466171
2016-10-21,0.8152190446853638,0.8839681148529053,0.08693958818912506
2016-10-24,0.8176888823509216,0.8839681148529053,0.08693958818912506
2016-10-25,0.8201593160629272,0.8984593152999878,0.08693958818912506
2016-10-26,0.8226302862167358,0.8960439562797546,0.08993814140558243
2016-10-27,0.8226302862167358,0.8887985944747925,0.08993814140558243
2016-10-28,0.8251001834869385,0.8887985944747925,0.08693958818912506
2016-10-31,0.8275703191757202,0.9008745551109314,0.08693958818912506
2016-11-01,0.8325110077857971,0.8863831162452698,0.08693958818912506
2016-11-02,0.8275703191757202,0.8887985944747925,0.08394195884466171
2016-11-03,0.8201593160629272,0.8887985944747925,0.08394195884466171
2016-11-04,0.8152190446853638,0.8815528750419617,0.08394195884466171
2016-11-07,0.8102782964706421,0.8815528750419617,0.08693958818912506
2016-11-08,0.8176888823509216,0.8887985944747925,0.08693958818912506
2016-11-09,0.8102782964706421,0.8694766759872437,0.08094431459903717
2016-11-10,0.8201593160629272,0.8815528750419617,0.08693958818912506
2016-11-11,0.8152190446853638,0.8743070960044861,0.08693958818912506
2016-11-14,0.8201593160629272,0.8694766759872437,0.08394195884466171
2016-11-15,0.8201593160629272,0.8670615553855896,0.08693958818912506
2016-11-16,0.839922308921814,0.8622313141822815,0.08693958818912506
2016-11-17,0.8374521732330322,0.8622313141822815,0.08693958818912506
2016-11-18,0.8349813222885132,0.8646461963653564,0.08993814140558243
2016-11-21,0.839922308921814,0.8574007153511047,0.08693958818912506
2016-11-22,0.8152190446853638,0.8694766759872437,0.08693958818912506
2016-11-23,0.8349813222885132,0.8574007153511047,0.08693958818912506
2016-11-24,0.8473333120346069,0.8549854755401611,0.08693958818912506
2016-11-25,0.8473333120346069,0.8670615553855896,0.09593339264392853
2016-11-28,0.8498035669326782,0.8598158955574036,0.08993814140558243
2016-11-29,0.8423926830291748,0.8574007153511047,0.08993814140558243
2016-11-30,0.8423926830291748,0.8501550555229187,0.08993814140558243
2016-12-01,0.8325110077857971,0.8598158955574036,0.09293575584888458
2016-12-02,0.8176888823509216,0.8598158955574036,0.09293575584888458
2016-12-05,0.8201593160629272,0.8598158955574036,0.08993814140558243
2016-12-06,0.8152190446853638,0.8525702953338623,0.09293575584888458
2016-12-07,0.8152190446853638,0.8525702953338623,0.08993814140558243
2016-12-08,0.8152190446853638,0.8549854755401611,0.08993814140558243
2016-12-09,0.8152190446853638,0.8598158955574036,0.08993814140558243
2016-12-13,0.8152190446853638,0.8525702953338623,0.09593339264392853
2016-12-14,0.8102325797080994,0.8525702953338623,0.0989319458603859
2016-12-15,0.807739794254303,0.8525702953338623,0.0989319458603859
2016-12-16,0.8226981163024902,0.8598158955574036,0.09593339264392853
2016-12-19,0.8226981163024902,0.8574007153511047,0.09593339264392853
2016-12-20,0.8276836276054382,0.8598158955574036,0.10192958265542984
2016-12-21,0.8226981163024902,0.8694766759872437,0.0989319458603859
2016-12-22,0.8127253651618958,0.891213595867157,0.09593339264392853
2016-12-23,0.8152190446853638,0.891213595867157,0.09593339264392853
2016-12-27,0.8052463531494141,0.9008745551109314,0.09593339264392853
2016-12-28,0.8127253651618958,0.9039036631584167,0.09593339264392853
2016-12-29,0.8202043771743774,0.9014803767204285,0.09593339264392853
2016-12-30,0.8276836276054382,0.8990569710731506,0.10192958265542984
2017-01-02,0.8276836276054382,0.8990569710731506,0.10192958265542984
2017-01-03,0.8276836276054382,0.8966338038444519,0.10192958265542984
2017-01-04,0.8476278781890869,0.8966338038444519,0.11392102390527725
2017-01-05,0.857600212097168,0.8966338038444519,0.11092337965965271
2017-01-06,0.8600935339927673,0.8869403600692749,0.10792574286460876
2017-01-09,0.8600935339927673,0.8917871117591858,0.11392102390527725
2017-01-10,0.8600935339927673,0.8966338038444519,0.11092337965965271
2017-01-11,0.8775442838668823,0.9087503552436829,0.11092337965965271
2017-01-12,0.8875162601470947,0.9087503552436829,0.11392102390527725
2017-01-13,0.8775442838668823,0.8990569710731506,0.10792574286460876
2017-01-16,0.8775442838668823,0.8869403600692749,0.10792574286460876
2017-01-17,0.882530927658081,0.8820937871932983,0.10792574286460876
2017-01-18,0.885023295879364,0.8796703219413757,0.11092337965965271
2017-01-19,0.9074605703353882,0.8917871117591858,0.11092337965965271
2017-01-20,0.8675726652145386,0.8990569710731506,0.11092337965965271
2017-01-23,0.8875162601470947,0.8869403600692749,0.11092337965965271
2017-01-24,0.9024743437767029,0.8869403600692749,0.10492720454931259
2017-01-25,0.8775442838668823,0.8869403600692749,0.10492720454931259
2017-01-26,0.8974887132644653,0.8917871117591858,0.10492720454931259
2017-01-27,0.8875162601470947,0.9208670258522034,0.10492720454931259
2017-01-31,0.8875162601470947,0.9184436798095703,0.10792574286460876
2017-02-02,0.882530927658081,0.9184436798095703,0.11092337965965271
2017-02-03,0.9024743437767029,0.9402537941932678,0.11092337965965271
2017-02-06,0.9124467372894287,0.9402537941932678,0.11691955476999283
2017-02-07,0.9074605703353882,0.9402537941932678,0.11392102390527725
2017-02-08,0.9124467372894287,0.9402537941932678,0.12591338157653809
2017-02-10,0.9174321889877319,0.9499469995498657,0.12591338157653809
2017-02-13,0.9373770952224731,0.9402537941932678,0.12891098856925964
2017-02-14,0.9423630833625793,0.9451004862785339,0.12291484326124191
2017-02-15,0.9423630833625793,0.9451004862785339,0.12891098856925964
2017-02-16,0.9224187731742859,0.9402537941932678,0.12591338157653809
2017-02-17,0.9224187731742859,0.9402537941932678,0.12891098856925964
2017-02-20,0.9323904514312744,0.9499469995498657,0.12891098856925964
2017-02-21,0.9274051785469055,0.9547938108444214,0.12591338157653809
2017-02-22,0.9423630833625793,0.9644871354103088,0.12591338157653809
2017-02-23,0.952335000038147,0.9669105410575867,0.12891098856925964
2017-02-24,0.952335000038147,0.9693336486816406,0.13490717113018036
2017-02-27,0.952335000038147,1.0032602548599243,0.13190865516662598
2017-02-28,0.952335000038147,0.9935671091079712,0.12891098856925964
2017-03-01,0.9573216438293457,1.0105302333831787,0.1379048228263855
2017-03-02,0.9872378706932068,1.0178005695343018,0.1379048228263855
2017-03-03,0.9822512865066528,1.0178005695343018,0.13490717113018036
2017-03-06,0.9822512865066528,1.0178005695343018,0.13490717113018036
2017-03-07,0.9872378706932068,1.0274938344955444,0.14090244472026825
2017-03-08,0.9922234416007996,1.0396103858947754,0.14390099048614502
2017-03-09,0.9822512865066528,1.0468806028366089,0.14689862728118896
2017-03-10,0.9822512865066528,1.061420202255249,0.14689862728118896
2017-03-13,0.9672933220863342,1.075960636138916,0.1498962640762329
2017-03-14,0.9623066186904907,1.0711140632629395,0.15589246153831482
2017-03-15,0.9613005518913269,1.073536992073059,0.15589246153831482
2017-03-16,0.9663340449333191,1.075960636138916,0.15589246153831482
2017-03-17,0.9763995409011841,1.075960636138916,0.15889006853103638
2017-03-20,0.9713663458824158,1.0783835649490356,0.15289482474327087
2017-03-21,0.9914984107017517,1.0832303762435913,0.14689862728118896
2017-03-22,0.9864650368690491,1.0880773067474365,0.14090244472026825
2017-03-23,1.0267298221588135,1.0905004739761353,0.14689862728118896
2017-03-24,1.0166630744934082,1.0856537818908691,0.14390099048614502
2017-03-27,1.0367952585220337,1.0905004739761353,0.14090244472026825
2017-03-28,1.0518940687179565,1.0783835649490356,0.14390099048614502
2017-03-29,1.0216963291168213,1.0880773067474365,0.14390099048614502
2017-03-30,1.0317622423171997,1.0905004739761353,0.14090244472026825
2017-03-31,1.0267298221588135,1.1486603021621704,0.14390099048614502
2017-04-03,1.0367952585220337,1.1438137292861938,0.14689862728118896
2017-04-04,1.0418285131454468,1.160776972770691,0.14689862728118896
2017-04-05,1.046861171722412,1.1656237840652466,0.14689862728118896
2017-04-06,1.0518940687179565,1.1632006168365479,0.15289482474327087
2017-04-07,1.0267298221588135,1.1632006168365479,0.15289482474327087
2017-04-10,1.0317622423171997,1.1632006168365479,0.1498962640762329
2017-04-11,1.0367952585220337,1.1486603021621704,0.14689862728118896
2017-04-12,1.0317622423171997,1.131697177886963,0.14390099048614502
2017-04-13,0.9914984107017517,1.0977704524993896,0.14090244472026825
2017-04-14,0.9562674760818481,1.0832303762435913,0.1379048228263855
2017-04-17,1.001564621925354,1.0880773067474365,0.1379048228263855
2017-04-18,1.0267298221588135,1.1123106479644775,0.1379048228263855
2017-04-19,1.0418285131454468,1.1680470705032349,0.13490717113018036
2017-04-20,1.0267298221588135,1.2310537099838257,0.1379048228263855
2017-04-21,1.0518940687179565,1.240747332572937,0.13490717113018036
2017-04-24,1.0518940687179565,1.240747332572937,0.13490717113018036
2017-04-25,1.0569278001785278,1.257710337638855,0.14390099048614502
2017-04-26,1.0669934749603271,1.2819437980651855,0.1498962640762329
2017-04-27,1.0669934749603271,1.3764541149139404,0.14390099048614502
2017-04-28,1.0518940687179565,1.4006872177124023,0.14689862728118896
2017-05-02,1.061959981918335,1.3958404064178467,0.14689862728118896
2017-05-03,1.0518940687179565,1.4346139430999756,0.15589246153831482
2017-05-04,1.0216963291168213,1.4346139430999756,0.1498962640762329
2017-05-05,1.0367952585220337,1.4515774250030518,0.15289482474327087
2017-05-08,1.0367952585220337,1.5000437498092651,0.15589246153831482
2017-05-09,1.061959981918335,1.502467393875122,0.1498962640762329
2017-05-11,1.0669934749603271,1.5000437498092651,0.1498962640762329
2017-05-12,1.08209228515625,1.5145840644836426,0.14689862728118896
2017-05-15,1.1072567701339722,1.4951972961425781,0.14689862728118896
2017-05-16,1.0971914529800415,1.4733872413635254,0.1498962640762329
2017-05-17,1.0921578407287598,1.4636940956115723,0.1498962640762329
2017-05-18,1.08209228515625,1.4588474035263062,0.15289482474327087
2017-05-19,1.0971914529800415,1.5170074701309204,0.170882448554039
2017-05-22,1.0921578407287598,1.550934076309204,0.17388008534908295
2017-05-23,1.046861171722412,1.6284807920455933,0.16788391768932343
2017-05-24,1.072026252746582,1.6357507705688477,0.15589246153831482
2017-05-25,1.046861171722412,1.6502907276153564,0.15889006853103638
2017-05-26,1.061959981918335,1.6454441547393799,0.15889006853103638
2017-05-29,1.0367952585220337,1.6381738185882568,0.15889006853103638
2017-05-31,1.0267298221588135,1.5727440118789673,0.16188862919807434
2017-06-01,1.0216963291168213,1.59455406665802,0.17388008534908295
2017-06-02,1.0669934749603271,1.6139405965805054,0.17388008534908295
2017-06-05,1.087125539779663,1.7205674648284912,0.17388008534908295
2017-06-06,1.0881420373916626,1.715720772743225,0.17388008534908295
2017-06-07,1.0881420373916626,1.7036041021347046,0.18887005746364594
2017-06-08,1.0728877782821655,1.7351069450378418,0.18887005746364594
2017-06-09,1.0678038597106934,1.7375305891036987,0.1918676793575287
2017-06-13,1.0423790216445923,1.6890641450881958,0.18887005746364594
2017-06-14,1.052549123764038,1.6963340044021606,0.18587151169776917
2017-06-15,1.0322096347808838,1.710874080657959,0.1828738898038864
2017-06-16,1.0271247625350952,1.7229905128479004,0.18587151169776917
2017-06-19,1.0169554948806763,1.7326841354370117,0.1768776923418045
2017-06-20,1.0322096347808838,1.8005374670028687,0.17388008534908295
2017-06-21,1.0627185106277466,1.8441574573516846,0.17388008534908295
2017-06-22,1.0881420373916626,1.9313971996307373,0.1828738898038864
2017-06-23,1.0881420373916626,1.9507839679718018,0.17987628281116486
2017-06-26,1.0881420373916626,1.9507839679718018,0.17987628281116486
2017-06-27,1.0881420373916626,1.9507839679718018,0.17987628281116486
2017-06-28,1.0779732465744019,1.9459254741668701,0.1768776923418045
2017-06-29,1.0830577611923218,1.9750779867172241,0.17987628281116486
2017-06-30,1.0728877782821655,1.9580724239349365,0.1828738898038864
2017-07-03,1.0728877782821655,1.9653606414794922,0.20385916531085968
2017-07-04,1.0830577611923218,1.9556427001953125,0.1978638917207718
2017-07-05,1.1033965349197388,1.9677897691726685,0.20685768127441406
2017-07-06,1.1186509132385254,1.9386377334594727,0.20086151361465454
2017-07-07,1.1186509132385254,1.870615005493164,0.20086151361465454
2017-07-10,1.1186509132385254,1.882761836051941,0.20385916531085968
2017-07-11,1.1033965349197388,1.8487507104873657,0.19486533105373383
2017-07-12,1.1796683073043823,1.8633270263671875,0.20685768127441406
2017-07-13,1.2203471660614014,1.882761836051941,0.21884912252426147
2017-07-14,1.1949225664138794,1.9070556163787842,0.21285296976566315
2017-07-17,1.2152621746063232,1.8997673988342285,0.21884912252426147
2017-07-18,1.2406857013702393,1.9192023277282715,0.22784297168254852
2017-07-19,1.261025071144104,1.9046260118484497,0.21884912252426147
2017-07-20,1.245770812034607,1.875473976135254,0.23084057867527008
2017-07-21,1.235601544380188,1.9434963464736938,0.23084057867527008
2017-07-24,1.2152621746063232,1.9337787628173828,0.22784297168254852
2017-07-25,1.245770812034607,2.016376495361328,0.23084057867527008
2017-07-26,1.261025071144104,2.1864333152770996,0.22784297168254852
2017-07-27,1.2864484786987305,2.1669979095458984,0.23084057867527008
2017-07-28,1.2966185808181763,2.235020399093628,0.224845290184021
2017-07-31,1.301702857017517,2.215585231781006,0.224845290184021
2017-08-01,1.2559399604797363,2.142704486846924,0.23683671653270721
2017-08-02,1.2915338277816772,2.1815743446350098,0.24283292889595032
2017-08-03,1.2966185808181763,2.201009511947632,0.23983441293239594
2017-08-04,1.2915338277816772,2.1621391773223877,0.24583058059215546
2017-08-07,1.2762796878814697,2.1281282901763916,0.1978638917207718
2017-08-08,1.2864484786987305,2.103834629058838,0.20385916531085968
2017-08-09,1.261025071144104,2.1086928844451904,0.1978638917207718
2017-08-10,1.2203471660614014,2.0552473068237305,0.19486533105373383
2017-08-11,1.1949225664138794,2.0309534072875977,0.1828738898038864
2017-08-14,1.2050925493240356,2.0892584323883057,0.20086151361465454
2017-08-15,1.245770812034607,2.137845754623413,0.20685768127441406
2017-08-16,1.2508553266525269,2.2107269763946533,0.209855318069458
2017-08-17,1.2864484786987305,2.332195520401001,0.209855318069458
2017-08-18,1.2661099433898926,2.2593138217926025,0.209855318069458
2017-08-21,1.2661099433898926,2.2107269763946533,0.20685768127441406
2017-08-22,1.271194577217102,2.17185640335083,0.20685768127441406
2017-08-23,1.2966185808181763,2.254455089569092,0.209855318069458
2017-08-24,1.322042465209961,2.2447376251220703,0.20385916531085968
2017-08-25,1.3067877292633057,2.220444679260254,0.21585148572921753
2017-08-28,1.3322112560272217,2.220444679260254,0.209855318069458
2017-08-29,1.311872959136963,2.17185640335083,0.20685768127441406
2017-08-30,1.2915338277816772,2.196150302886963,0.209855318069458
2017-08-31,1.2915338277816772,2.196150302886963,0.209855318069458
2017-09-01,1.2915338277816772,2.196150302886963,0.209855318069458
2017-09-04,,2.196150302886963,0.209855318069458
2017-09-05,1.2966185808181763,2.1669979095458984,0.209855318069458
2017-09-06,1.2762796878814697,2.235020399093628,0.22184675931930542
2017-09-07,1.2864484786987305,2.2107269763946533,0.23084057867527008
2017-09-08,1.2966185808181763,2.1864333152770996,0.224845290184021
2017-09-11,1.2915338277816772,2.2253026962280273,0.23383910953998566
2017-09-12,1.2508553266525269,2.235020399093628,0.23383910953998566
2017-09-13,1.2661099433898926,2.235020399093628,0.23084057867527008
2017-09-14,1.271194577217102,2.235020399093628,0.22784297168254852
2017-09-15,1.245770812034607,2.2107269763946533,0.23391814529895782
2017-09-18,1.2807472944259644,2.1864333152770996,0.23088057339191437
2017-09-19,1.265316367149353,2.1621391773223877,0.22784292697906494
2017-09-20,1.2601730823516846,2.142704486846924,0.22784292697906494
2017-09-21,1.2858906984329224,2.2301619052886963,0.22784292697906494
2017-09-22,1.2858906984329224,2.2301619052886963,0.22784292697906494
2017-09-25,1.270459771156311,2.2058682441711426,0.23088057339191437
2017-09-26,1.2293117046356201,2.1621391773223877,0.23999424278736115
2017-09-27,1.2293117046356201,2.220444679260254,0.24607037007808685
2017-09-28,1.2241674661636353,2.1864333152770996,0.2369566410779953
2017-09-29,1.3064651489257812,2.157280683517456,0.23391814529895782
2017-10-02,1.3116086721420288,2.1864333152770996,0.23391814529895782
2017-10-03,1.3373264074325562,2.157280683517456,0.2369566410779953
2017-10-04,1.3373264074325562,2.1621391773223877,0.23088057339191437
2017-10-05,1.3373264074325562,2.1815743446350098,0.24303188920021057
2017-10-06,1.3476128578186035,2.215585231781006,0.23999424278736115
2017-10-09,1.3373264074325562,2.235020399093628,0.24607037007808685
2017-10-10,1.327039361000061,2.2447376251220703,0.23999424278736115
2017-10-11,1.3527568578720093,2.293325424194336,0.24303188920021057
2017-10-12,1.3373264074325562,2.3613476753234863,0.23999424278736115
2017-10-13,1.363044023513794,2.477957248687744,0.2369566410779953
2017-10-16,1.4299105405807495,2.52168607711792,0.2369566410779953
2017-10-17,1.4196237325668335,2.5119690895080566,0.23999424278736115
2017-10-18,1.4196237325668335,2.5119690895080566,0.23999424278736115
2017-10-19,1.4504849910736084,2.4730987548828125,0.24303188920021057
2017-10-20,1.4401973485946655,2.4730987548828125,0.23999424278736115
2017-10-23,1.4556280374526978,2.4876742362976074,0.24607037007808685
2017-10-24,1.4504849910736084,2.46338152885437,0.25822174549102783
2017-10-25,1.4556280374526978,2.405076503753662,0.26429781317710876
2017-10-26,1.3939056396484375,2.409935712814331,0.2612592577934265
2017-10-27,1.4144798517227173,2.429370164871216,0.25822174549102783
2017-10-30,1.4607720375061035,2.424511194229126,0.25822174549102783
2017-10-31,1.4453411102294922,2.443946361541748,0.25822174549102783
2017-11-01,1.4401973485946655,2.4973926544189453,0.25822174549102783
2017-11-02,1.4401973485946655,2.5265450477600098,0.2551841139793396
2017-11-03,1.4350543022155762,2.5119690895080566,0.2551841139793396
2017-11-06,1.465915560722351,2.5265450477600098,0.2491079866886139
2017-11-07,1.4967774152755737,2.52168607711792,0.2491079866886139
2017-11-08,1.476202368736267,2.5265450477600098,0.26429781317710876
2017-11-09,1.4916331768035889,2.5459797382354736,0.2612592577934265
2017-11-10,1.4864896535873413,2.735470771789551,0.2612592577934265
2017-11-13,1.476202368736267,2.842362880706787,0.2551841139793396
2017-11-14,1.4556280374526978,2.7208943367004395,0.25822174549102783
2017-11-15,1.4556280374526978,2.7597649097442627,0.2491079866886139
2017-11-16,1.465915560722351,2.7063188552856445,0.2369566410779953
2017-11-17,1.4556280374526978,2.691741943359375,0.24303188920021057
2017-11-20,1.4916331768035889,2.5314037799835205,0.23088057339191437
2017-11-21,1.4556280374526978,2.4196527004241943,0.22784292697906494
2017-11-22,1.4967774152755737,2.4973926544189453,0.24607037007808685
2017-11-23,1.5687867403030396,2.5022506713867188,0.24303188920021057
2017-11-24,1.5533559322357178,2.5265450477600098,0.24303188920021057
2017-11-27,1.6099348068237305,2.52168607711792,0.23391814529895782
2017-11-28,1.6973762512207031,2.5265450477600098,0.23391814529895782
2017-11-29,1.7025190591812134,2.541121244430542,0.2369566410779953
2017-11-30,1.6665146350860596,2.65287184715271,0.2369566410779953
2017-12-01,1.6665146350860596,2.65287184715271,0.2369566410779953
2017-12-04,1.6665146350860596,2.6140024662017822,0.22784292697906494
2017-12-05,1.6047918796539307,2.6237194538116455,0.22480443120002747
2017-12-06,1.5739303827285767,2.657731056213379,0.21872922778129578
2017-12-07,1.6305092573165894,2.6188607215881348,0.23088057339191437
2017-12-08,1.6562272310256958,2.6285786628723145,0.23088057339191437
2017-12-11,1.7076632976531982,2.6285786628723145,0.23391814529895782
2017-12-12,1.7179497480392456,2.638296127319336,0.25214555859565735
2017-12-13,1.7195035219192505,2.881232976913452,0.25822174549102783
2017-12-14,1.7195035219192505,2.86665678024292,0.267335444688797
2017-12-15,1.7402215003967285,2.939537525177002,0.25822174549102783
2017-12-18,1.7816543579101562,2.9638314247131348,0.2886003255844116
2017-12-19,1.7764748334884644,2.9638314247131348,0.27644917368888855
2017-12-20,1.7868337631225586,3.109593391418457,0.2825252115726471
2017-12-21,1.7661172151565552,3.153322219848633,0.2946765720844269
2017-12-22,1.7661172151565552,3.1193110942840576,0.29163894057273865
2017-12-25,1.7661172151565552,3.1193110942840576,0.29163894057273865
2017-12-26,1.7453991174697876,3.0853004455566406,0.29163894057273865
2017-12-27,1.7712960243225098,3.1278645992279053,0.2977142035961151
2017-12-28,1.7816543579101562,3.0840835571289062,0.29163894057273865
2017-12-29,1.7609368562698364,3.020845890045166,0.2794867157936096
2018-01-02,1.7764748334884644,3.025710344314575,0.29163894057273865
2018-01-03,1.8541635274887085,3.020845890045166,0.2946765720844269
2018-01-04,1.9370309114456177,3.2300186157226562,0.3007526695728302
2018-01-05,1.9111354351043701,3.3029861450195312,0.2977142035961151
2018-01-08,1.9681065082550049,3.317579507827759,0.2977142035961151
2018-01-09,1.890418291091919,3.2883920669555664,0.2946765720844269
2018-01-10,1.8023712635040283,3.225153923034668,0.3129039704799652
2018-01-11,1.714323878288269,3.1132705211639404,0.3068278431892395
2018-01-12,1.7661172151565552,3.147322654724121,0.3129039704799652
2018-01-15,1.6987861394882202,3.025710344314575,0.2977142035961151
2018-01-16,1.7195035219192505,3.0889484882354736,0.2886003255844116
2018-01-17,1.7195035219192505,3.0159811973571777,0.2825252115726471
2018-01-18,1.7453991174697876,3.001387596130371,0.2855628430843353
2018-01-19,1.7920124530792236,2.9916586875915527,0.2825252115726471
2018-01-22,1.7868337631225586,2.996523141860962,0.2886003255844116
2018-01-23,1.7712960243225098,3.1132705211639404,0.2977142035961151
2018-01-24,1.7816543579101562,3.1862380504608154,0.3007526695728302
2018-01-25,1.7764748334884644,3.0646259784698486,0.2977142035961151
2018-01-26,1.7764748334884644,3.123000144958496,0.2886003255844116
2018-01-29,1.7712960243225098,3.147322654724121,0.2855628430843353
2018-01-30,1.7091456651687622,3.074354648590088,0.27644917368888855
2018-02-02,1.641814947128296,2.972200870513916,0.27644917368888855
2018-02-05,1.6210979223251343,2.9040980339050293,0.26429781317710876
2018-02-06,1.6210979223251343,2.845723867416382,0.2612592577934265
2018-02-07,1.7091456651687622,2.850588798522949,0.2491079866886139
2018-02-08,1.7091456651687622,2.840859889984131,0.2612592577934265
2018-02-09,1.7298614978790283,2.797079563140869,0.24607037007808685
2018-02-12,1.6625317335128784,2.772757053375244,0.24607037007808685
2018-02-13,1.714323878288269,2.816537618637085,0.24303188920021057
2018-02-14,1.714323878288269,2.874911069869995,0.2491079866886139
2018-02-15,1.714323878288269,2.874911069869995,0.2491079866886139
2018-02-16,1.714323878288269,2.874911069869995,0.2491079866886139
2018-02-19,1.8075499534606934,3.1084063053131104,0.2734115421772003
2018-02-20,1.8075499534606934,3.0889484882354736,0.27037304639816284
2018-02-21,1.7920124530792236,3.074354648590088,0.2734115421772003
2018-02-22,1.7816543579101562,3.079219102859497,0.2855628430843353
2018-02-23,1.7868337631225586,3.079219102859497,0.29163894057273865
2018-02-26,1.7712960243225098,3.1570513248443604,0.27644917368888855
2018-02-27,1.7868337631225586,3.0938127040863037,0.2825252115726471
2018-02-28,1.7505792379379272,3.0889484882354736,0.2886003255844116
2018-03-01,1.7453991174697876,3.1619160175323486,0.2794867157936096
2018-03-02,1.703965663909912,3.1132705211639404,0.2794867157936096
2018-03-05,1.5744848251342773,2.977065086364746,0.27644917368888855
2018-03-06,1.6625317335128784,3.0111165046691895,0.2734115421772003
2018-03-07,1.6055604219436646,2.9284205436706543,0.2612592577934265
2018-03-08,1.6055604219436646,2.894368886947632,0.2612592577934265
2018-03-09,1.641814947128296,2.8797755241394043,0.2612592577934265
2018-03-12,1.667710781097412,3.0159811973571777,0.26429781317710876
2018-03-13,1.6233437061309814,2.9576072692871094,0.2551841139793396
2018-03-14,1.6181238889694214,2.89923357963562,0.2612592577934265
2018-03-15,1.6076843738555908,2.870046377182007,0.267335444688797
2018-03-16,1.6598824262619019,2.850588798522949,0.2734115421772003
2018-03-19,1.633783221244812,2.7630279064178467,0.2977142035961151
2018-03-20,1.5554865598678589,2.772757053375244,0.27037304639816284
2018-03-21,1.487630009651184,2.772757053375244,0.27037304639816284
2018-03-22,1.5241682529449463,2.7046542167663574,0.26429781317710876
2018-03-23,1.4563119411468506,2.6754674911499023,0.25822174549102783
2018-03-26,1.4771902561187744,2.6316869258880615,0.26429781317710876
2018-03-27,1.508508563041687,2.6560091972351074,0.26429781317710876
2018-03-28,1.471970796585083,2.6024999618530273,0.2612592577934265
2018-03-29,1.4615309238433838,2.597635269165039,0.2612592577934265
2018-03-30,1.4354326725006104,2.6024999618530273,0.2551841139793396
2018-04-02,1.471970796585083,2.6122286319732666,0.24303188920021057
2018-04-03,1.3310376405715942,2.5879065990448,0.24303188920021057
2018-04-04,1.2475214004516602,2.388462781906128,0.21265311539173126
2018-04-05,1.3780155181884766,2.471158504486084,0.23088057339191437
2018-04-06,1.3727953433990479,2.451700448989868,0.22176682949066162
2018-04-09,1.414553165435791,2.568448305130005,0.23999424278736115
2018-04-10,1.529388189315796,2.6560091972351074,0.25214555859565735
2018-04-11,1.6129045486450195,2.787350654602051,0.25822174549102783
2018-04-12,1.5580967664718628,2.6511447429656982,0.2612592577934265
2018-04-13,1.6207343339920044,2.743570327758789,0.267335444688797
2018-04-16,1.5972453355789185,2.714383125305176,0.26429781317710876
2018-04-17,1.5346081256866455,2.6462807655334473,0.26429781317710876
2018-04-18,1.5032894611358643,2.6268222332000732,0.267335444688797
2018-04-19,1.4798005819320679,2.621957540512085,0.267335444688797
2018-04-20,1.385845422744751,2.53926157951355,0.26429781317710876
2018-04-23,1.3310376405715942,2.5295326709747314,0.23999424278736115
2018-04-24,1.4484821557998657,2.5003459453582764,0.24607037007808685
2018-04-25,1.393674612045288,2.495481252670288,0.24303188920021057
2018-04-26,1.385845422744751,2.4760231971740723,0.24607037007808685
2018-04-27,1.401504397392273,2.5343973636627197,0.24303188920021057
2018-04-30,1.3466968536376953,2.514939308166504,0.24303188920021057
2018-05-02,1.417163372039795,2.5052103996276855,0.23999424278736115
2018-05-03,1.4563119411468506,2.548990249633789,0.23999424278736115
2018-05-04,1.432822823524475,2.519803524017334,0.23088057339191437
2018-05-07,1.401504397392273,2.5538547039031982,0.23391814529895782
2018-05-08,1.44065260887146,2.5781774520874023,0.24303188920021057
2018-05-14,1.5502674579620361,2.6511447429656982,0.25822174549102783
2018-05-15,1.6285635232925415,2.7338409423828125,0.2551841139793396
2018-05-16,1.5737559795379639,2.797079563140869,0.2551841139793396
2018-05-17,1.6285635232925415,2.7824857234954834,0.2551841139793396
2018-05-18,1.6129045486450195,2.9089622497558594,0.2551841139793396
2018-05-21,1.652052402496338,2.918691873550415,0.24607037007808685
2018-05-22,1.691200613975525,2.9867939949035645,0.2491079866886139
2018-05-23,1.730348825454712,2.913827419281006,0.2491079866886139
2018-05-24,1.746008038520813,2.977065086364746,0.24607037007808685
2018-05-25,1.746008038520813,2.9819295406341553,0.25214555859565735
2018-05-28,1.7616673707962036,2.9867939949035645,0.2491079866886139
2018-05-30,1.7616673707962036,2.9867939949035645,0.2491079866886139
2018-05-31,1.7694971561431885,2.9332847595214844,0.2491079866886139
2018-06-01,1.8556231260299683,2.845723867416382,0.2491079866886139
2018-06-04,1.8634525537490845,2.94787859916687,0.25822174549102783
2018-06-05,1.8556231260299683,2.9332847595214844,0.267335444688797
2018-06-06,1.8445868492126465,2.913827419281006,0.26429781317710876
2018-06-07,1.8682359457015991,2.923556089401245,0.26429781317710876
2018-06-08,1.8524703979492188,2.89923357963562,0.26429781317710876
2018-06-11,1.7578755617141724,2.9284205436706543,0.27037304639816284
2018-06-12,1.7815243005752563,2.889504909515381,0.2855628430843353
2018-06-13,1.7972900867462158,2.889504909515381,0.2825252115726471
2018-06-14,1.7815243005752563,2.8797755241394043,0.2855628430843353
2018-06-18,1.7972900867462158,2.850588798522949,0.2794867157936096
2018-06-19,1.805172085762024,2.8554532527923584,0.27037304639816284
2018-06-20,1.820938229560852,2.714383125305176,0.2734115421772003
2018-06-21,1.7972900867462158,2.772757053375244,0.2612592577934265
2018-06-22,1.7894073724746704,2.797079563140869,0.27037304639816284
2018-06-25,1.828821063041687,2.75329852104187,0.26429781317710876
2018-06-26,1.820938229560852,2.6997897624969482,0.26429781317710876
2018-06-27,1.7972900867462158,2.707106351852417,0.2612592577934265
2018-06-28,1.7894073724746704,2.6875956058502197,0.25822174549102783
2018-06-29,1.7815243005752563,2.7217390537261963,0.25822174549102783
2018-07-02,1.7342274188995361,2.7168617248535156,0.25822174549102783
2018-07-03,1.7342274188995361,2.7217390537261963,0.267335444688797
2018-07-04,1.7736414670944214,2.7217390537261963,0.27644917368888855
2018-07-05,1.7736414670944214,2.7119839191436768,0.2794867157936096
2018-07-06,1.7342274188995361,2.6973509788513184,0.2794867157936096
2018-07-09,1.7894073724746704,2.68271803855896,0.2794867157936096
2018-07-10,1.8524703979492188,2.68271803855896,0.2825252115726471
2018-07-11,1.828821063041687,2.6388189792633057,0.2825252115726471
2018-07-12,1.8682359457015991,2.6339409351348877,0.2825252115726471
2018-07-13,1.8682359457015991,2.6729629039764404,0.2825252115726471
2018-07-16,1.8524703979492188,2.6632070541381836,0.3068278431892395
2018-07-17,1.860352873802185,2.677839994430542,0.2977142035961151
2018-07-18,1.8997669219970703,2.677839994430542,0.3007526695728302
2018-07-19,1.8997669219970703,2.68271803855896,0.3007526695728302
2018-07-20,1.88400137424469,2.658329486846924,0.3007526695728302
2018-07-23,1.9234155416488647,2.8241703510284424,0.3068278431892395
2018-07-24,1.9076498746871948,3.170485019683838,0.3189800977706909
2018-07-25,1.9234155416488647,3.08756422996521,0.32201769948005676
2018-07-26,1.9234155416488647,3.082686185836792,0.3189800977706909
2018-07-27,1.9312983751296997,3.170485019683838,0.3341690003871918
2018-07-30,1.8918843269348145,3.1217079162597656,0.32809385657310486
2018-07-31,1.9312983751296997,3.1217079162597656,0.3311313986778259
2018-08-01,1.9234155416488647,3.1265857219696045,0.34024515748023987
2018-08-02,1.9076498746871948,3.1217079162597656,0.3432827591896057
2018-08-03,1.8997669219970703,3.1217079162597656,0.34024515748023987
2018-08-06,1.9076498746871948,3.214384078979492,0.3645487427711487
2018-08-07,1.9155328273773193,3.16560697555542,0.3888513147830963
2018-08-08,1.9391822814941406,3.316814661026001,0.4131549000740051
2018-08-09,1.9943610429763794,3.526554584503174,0.4253062307834625
2018-08-10,1.9549472332000732,3.526554584503174,0.4344199299812317
2018-08-13,1.9312983751296997,3.575330972671509,0.44960978627204895
2018-08-14,1.9312983751296997,3.7314162254333496,0.4556858539581299
2018-08-15,1.9391822814941406,3.7314162254333496,0.46176114678382874
2018-08-16,1.8918843269348145,3.6680071353912354,0.4526473581790924
2018-08-17,1.7972900867462158,3.62898588180542,0.4587234854698181
2018-08-20,1.820938229560852,3.62898588180542,0.5012544393539429
2018-08-21,1.8130561113357544,3.5948421955108643,0.5042920708656311
2018-08-23,1.8445868492126465,3.6094753742218018,0.5073297023773193
2018-08-24,1.8761186599731445,3.6094753742218018,0.5194817185401917
2018-08-27,1.8524703979492188,3.6728851795196533,0.5073297023773193
2018-08-28,1.8682359457015991,3.7850711345672607,0.5225195288658142
2018-08-29,1.8130561113357544,3.7655603885650635,0.5103682279586792
2018-08-30,1.765758991241455,3.7801930904388428,0.5225195288658142
2018-09-03,1.7421101331710815,3.7655603885650635,0.5194817185401917
2018-09-04,1.7894073724746704,3.775315046310425,0.5255570411682129
2018-09-05,1.805172085762024,3.819214344024658,0.5285956263542175
2018-09-06,1.7972900867462158,3.8338472843170166,0.5589743852615356
2018-09-07,1.7736414670944214,3.87774658203125,0.5589743852615356
2018-09-12,1.7421101331710815,3.8972573280334473,0.543784499168396
2018-09-13,1.671164631843567,3.8582355976104736,0.5164434909820557
2018-09-14,1.7421101331710815,3.7850711345672607,0.543784499168396
2018-09-18,1.7341551780700684,3.7899482250213623,0.534670889377594
2018-09-19,1.7341551780700684,3.7558045387268066,0.5377092361450195
2018-09-20,1.7500648498535156,3.775315046310425,0.5255570411682129
2018-09-21,1.7500648498535156,3.7558045387268066,0.5164434909820557
2018-09-24,1.7262005805969238,3.804581880569458,0.5285956263542175
2018-09-25,1.758020281791687,3.804581880569458,0.5559366941452026
2018-09-26,1.7818844318389893,3.7850711345672607,0.5559366941452026
2018-09-27,1.7659748792648315,3.804581880569458,0.5620120167732239
2018-09-28,1.8137036561965942,3.902134895324707,0.5528983473777771
2018-10-01,1.8932517766952515,3.9655439853668213,0.5680879950523376
2018-10-02,1.8932517766952515,3.926523447036743,0.5589743852615356
2018-10-03,1.9012064933776855,4.048464775085449,0.5589743852615356
2018-10-04,1.8932517766952515,4.019199371337891,0.5498607754707336
2018-10-05,1.885297179222107,4.019199371337891,0.5407469272613525
2018-10-08,1.853477954864502,3.9509117603302,0.5559366941452026
2018-10-09,1.8137036561965942,3.9411561489105225,0.5468230843544006
2018-10-10,1.8296133279800415,3.804581880569458,0.5316331386566162
2018-10-11,1.7500648498535156,3.853358268737793,0.5073297023773193
2018-10-12,1.7421098947525024,3.8094592094421387,0.5316331386566162
2018-10-15,1.7500648498535156,3.853358268737793,0.534670889377594
2018-10-16,1.7500648498535156,3.911890983581543,0.534670889377594
2018-10-17,1.773929238319397,3.9411561489105225,0.5741642713546753
2018-10-18,1.7898390293121338,3.9460339546203613,0.5893531441688538
2018-10-19,1.773929238319397,3.926523447036743,0.5832778811454773
2018-10-22,1.773929238319397,3.8094592094421387,0.5863156318664551
2018-10-23,1.758020281791687,3.853358268737793,0.5680879950523376
2018-10-24,1.6307419538497925,3.746049404144287,0.5377092361450195
2018-10-25,1.5352838039398193,3.64849591255188,0.4982159733772278
2018-10-26,1.5114195346832275,3.702150344848633,0.4799884855747223
2018-10-29,1.4318712949752808,3.516798973083496,0.4556858539581299
2018-10-30,1.4716452360153198,3.389979600906372,0.47087472677230835
2018-10-31,1.559148907661438,3.5655760765075684,0.5042920708656311
2018-11-01,1.5830129384994507,3.575330972671509,0.5012544393539429
2018-11-02,1.5114195346832275,3.72166109085083,0.5134058594703674
2018-11-05,1.5193744897842407,3.87774658203125,0.5134058594703674
2018-11-07,1.5352838039398193,3.8143372535705566,0.5042920708656311
2018-11-08,1.5432391166687012,3.726538896560669,0.534670889377594
2018-11-09,1.4955099821090698,3.726538896560669,0.5225195288658142
2018-11-12,1.4955099821090698,3.7558045387268066,0.5225195288658142
2018-11-13,1.4159613847732544,3.726538896560669,0.5134058594703674
2018-11-14,1.4080067873001099,3.6631298065185547,0.5012544393539429
2018-11-15,1.423916220664978,3.7119059562683105,0.5285956263542175
2018-11-16,1.423916220664978,3.6923954486846924,0.5255570411682129
2018-11-19,1.3920968770980835,3.716783285140991,0.5164434909820557
2018-11-21,1.3841420412063599,3.7119059562683105,0.5134058594703674
2018-11-22,1.3602780103683472,3.702150344848633,0.5073297023773193
2018-11-23,1.328458309173584,3.619229793548584,0.5042920708656311
2018-11-26,1.3602780103683472,3.570453643798828,0.5103682279586792
2018-11-27,1.272774577140808,3.5119216442108154,0.4860646426677704
2018-11-28,1.2807294130325317,3.4875333309173584,0.4982159733772278
2018-11-29,1.3682323694229126,3.472899913787842,0.4921407401561737
2018-11-30,1.3125486373901367,3.4143683910369873,0.4921407401561737
2018-12-03,1.4955099821090698,3.424123525619507,0.5164434909820557
2018-12-04,1.4318712949752808,3.4143683910369873,0.505416989326477
2018-12-05,1.4080067873001099,3.4143683910369873,0.49622759222984314
2018-12-06,1.3682323694229126,3.424123525619507,0.4809116721153259
2018-12-07,1.3682323694229126,3.4582672119140625,0.4778487980365753
2018-12-10,1.3443678617477417,3.4143683910369873,0.45640626549720764
2018-12-11,1.3682323694229126,3.3607137203216553,0.471722275018692
2018-12-12,1.3682323694229126,3.341202974319458,0.471722275018692
2018-12-13,1.3443678617477417,3.3558366298675537,0.4625328481197357
2018-12-14,1.2966389656066895,3.1802401542663574,0.4502805471420288
2018-12-17,1.2966389656066895,3.0436654090881348,0.38901758193969727
2018-12-18,1.309492826461792,2.980255603790283,0.3920804560184479
2018-12-19,1.2612909078598022,2.911968231201172,0.4104592800140381
2018-12-20,1.2291557788848877,3.0143988132476807,0.44721686840057373
2018-12-21,1.2050549983978271,3.063175678253174,0.4441540837287903
2018-12-24,1.2050549983978271,3.0290327072143555,0.4410912096500397
2018-12-26,1.1488189697265625,2.9851326942443848,0.4380275011062622
2018-12-27,1.188987374305725,3.0773305892944336,0.4410912096500397
2018-12-28,1.188987374305725,3.02359938621521,0.434964656829834
2018-12-31,1.2050549983978271,3.072446346282959,0.4319017827510834
2019-01-02,1.1809535026550293,2.9942917823791504,0.4288380742073059
2019-01-03,1.0202797651290894,2.842867851257324,0.4257752597332001
2019-01-04,0.9881449341773987,2.8135595321655273,0.4196486473083496
2019-01-07,1.0684819221496582,2.872175931930542,0.4533434510231018
2019-01-08,1.0845494270324707,2.8575212955474854,0.471722275018692
2019-01-09,1.13275146484375,2.8819448947906494,0.4747850000858307
2019-01-10,1.164886236190796,2.9649839401245117,0.471722275018692
2019-01-11,1.164886236190796,2.9942917823791504,0.4594699740409851
2019-01-14,1.0845494270324707,2.97963809967041,0.4502805471420288
2019-01-15,1.0765156745910645,2.9649839401245117,0.4319017827510834
2019-01-16,1.0845494270324707,2.97963809967041,0.4410912096500397
2019-01-17,1.0845494270324707,3.165254592895508,0.4380275011062622
2019-01-18,1.1166841983795166,3.1506006717681885,0.4410912096500397
2019-01-22,1.1488189697265625,3.2189862728118896,0.4410912096500397
2019-01-23,1.1247174739837646,3.272716999053955,0.4380275011062622
2019-01-24,1.2050549983978271,3.272716999053955,0.471722275018692
2019-01-25,1.2693244218826294,3.3459863662719727,0.4778487980365753
2019-01-28,1.2130886316299438,3.3362178802490234,0.4809116721153259
2019-01-29,1.197021245956421,3.2434091567993164,0.4778487980365753
2019-01-30,1.2452231645584106,3.2482941150665283,0.5084798336029053
2019-01-31,1.2050549983978271,3.2678322792053223,0.5176693201065063
2019-02-04,1.2050549983978271,3.2678322792053223,0.5176693201065063
2019-02-07,1.2612909078598022,3.2238707542419434,0.5452373623847961
2019-02-08,1.3014588356018066,3.209216833114624,0.5329851508140564
2019-02-11,1.3175266981124878,3.209216833114624,0.5329851508140564
2019-02-12,1.2934255599975586,3.204331398010254,0.5544269680976868
2019-02-13,1.3335939645767212,3.253178596496582,0.5452373623847961
2019-02-14,1.325560212135315,3.3020246028900146,0.5819949507713318
2019-02-15,1.3576949834823608,3.3606412410736084,0.5758684277534485
2019-02-18,1.3576949834823608,3.4046030044555664,0.5789322257041931
2019-02-19,1.3335939645767212,3.40948748588562,0.58505779504776
2019-02-20,1.3416274785995483,3.40948748588562,0.5942473411560059
2019-02-21,1.2934255599975586,3.394833564758301,0.5911844968795776
2019-02-22,1.2050549983978271,3.3313329219818115,0.5881215929985046
2019-02-25,1.253257155418396,3.2678322792053223,0.5881215929985046
2019-02-26,1.277358055114746,3.2873711585998535,0.5666790008544922
2019-02-27,1.2612909078598022,3.4241414070129395,0.5728055238723755
2019-02-28,1.2612909078598022,3.4192569255828857,0.5728055238723755
2019-03-01,1.277358055114746,3.429025888442993,0.5697427988052368
2019-03-04,1.2693244218826294,3.502296209335327,0.5697427988052368
2019-03-05,1.2693244218826294,3.5120651721954346,0.58505779504776
2019-03-06,1.3416274785995483,3.5364880561828613,0.5973110198974609
2019-03-07,1.3335939645767212,3.5609114170074463,0.5881215929985046
2019-03-08,1.3416274785995483,3.5511422157287598,0.6126260161399841
2019-03-11,1.2693244218826294,3.526719331741333,0.6095632314682007
2019-03-12,1.277358055114746,3.526719331741333,0.5959760546684265
2019-03-13,1.257082462310791,3.482757091522217,0.5959760546684265
2019-03-14,1.2003109455108643,3.4729881286621094,0.5928881764411926
2019-03-15,1.2246416807174683,3.5218346118927,0.5928881764411926
2019-03-18,1.2733033895492554,3.502296209335327,0.5990635752677917
2019-03-19,1.232751727104187,3.4241414070129395,0.5928881764411926
2019-03-20,1.2489724159240723,3.429025888442993,0.5743604898452759
2019-03-21,1.2408623695373535,3.5169496536254883,0.5867119431495667
2019-03-22,1.3057438135147095,3.526719331741333,0.5959760546684265
2019-03-25,1.2651926279067993,3.4925267696380615,0.5836243629455566
2019-03-26,1.3057438135147095,3.482757091522217,0.5867119431495667
2019-03-27,1.3057438135147095,3.546257972717285,0.5867119431495667
2019-03-28,1.297633409500122,3.575565814971924,0.5990635752677917
2019-03-29,1.2733033895492554,3.5071799755096436,0.6114160418510437
2019-04-01,1.2814134359359741,3.5071799755096436,0.6114160418510437
2019-04-02,1.3138538599014282,3.453448534011841,0.6114160418510437
2019-04-03,1.3219640254974365,3.429025888442993,0.6484715342521667
2019-04-04,1.330074429512024,3.4681034088134766,0.679350733757019
2019-04-05,1.3544050455093384,3.497410774230957,0.7040548324584961
2019-04-08,1.3381845951080322,3.4876418113708496,0.7102300524711609
2019-04-09,1.3462949991226196,3.4876418113708496,0.697878360748291
2019-04-10,1.3544050455093384,3.463218927383423,0.7534617781639099
2019-04-11,1.330074429512024,3.4729881286621094,0.7287577986717224
2019-04-12,1.3462949991226196,3.45833420753479,0.7534617781639099
2019-04-15,1.4355072975158691,3.45833420753479,0.7349340915679932
2019-04-16,1.4517275094985962,3.4485647678375244,0.7164064049720764
2019-04-17,1.4355072975158691,3.4436798095703125,0.765813410282135
2019-04-18,1.484168291091919,3.477872610092163,0.7905173897743225
2019-04-19,1.443617343902588,3.453448534011841,0.784341037273407
2019-04-22,1.5003888607025146,3.4925267696380615,0.7905173897743225
2019-04-23,1.484168291091919,3.5071799755096436,0.8090450763702393
2019-04-24,1.4598376750946045,3.5560271739959717,0.8213966488838196
2019-04-25,1.4517275094985962,3.5413730144500732,0.8646284341812134
2019-04-26,1.4355072975158691,3.5120651721954346,0.8461005687713623
2019-04-29,1.3949557542800903,3.502296209335327,0.8275728821754456
2019-04-30,1.4030665159225464,3.502296209335327,0.8522769212722778
2019-05-02,1.3544050455093384,3.5120651721954346,0.8399243950843811
2019-05-03,1.3625147342681885,3.5169496536254883,0.8337491154670715
2019-05-06,1.3057438135147095,3.45833420753479,0.7905173897743225
2019-05-07,1.3706254959106445,3.4925267696380615,0.81522136926651
2019-05-08,1.3462949991226196,3.4925267696380615,0.81522136926651
2019-05-09,1.2814134359359741,3.4436798095703125,0.8584522008895874
2019-05-10,1.257082462310791,3.4436798095703125,0.870804488658905
2019-05-13,1.21653151512146,3.438795566558838,0.8584522008895874
2019-05-14,1.21653151512146,3.4241414070129395,0.8461005687713623
2019-05-15,1.2733033895492554,3.453448534011841,0.8893322944641113
2019-05-16,1.2408623695373535,3.433910608291626,0.9078601598739624
2019-05-17,1.21653151512146,3.45833420753479,0.8769800066947937
2019-05-21,1.1354292631149292,3.429025888442993,0.8275728821754456
2019-05-23,1.0705476999282837,3.3459863662719727,0.784341037273407
2019-05-24,1.1273192167282104,3.3606412410736084,0.7966935634613037
2019-05-27,1.1678701639175415,3.3850648403167725,0.7781658172607422
2019-05-28,1.2246416807174683,3.5364880561828613,0.7905173897743225
2019-05-29,1.1922008991241455,3.477872610092163,0.784341037273407
2019-05-30,1.1840907335281372,3.477872610092163,0.7966935634613037
2019-05-31,1.2489724159240723,3.414372205734253,0.7781658172607422
2019-06-03,1.2408623695373535,3.45833420753479,0.7905173897743225
2019-06-04,1.232751727104187,3.453448534011841,0.7905173897743225
2019-06-05,1.232751727104187,3.453448534011841,0.7905173897743225
2019-06-06,1.232751727104187,3.453448534011841,0.7905173897743225
2019-06-07,1.2408623695373535,3.438795566558838,0.7781658172607422
2019-06-10,1.2733033895492554,3.429025888442993,0.8337491154670715
2019-06-11,1.2895232439041138,3.453448534011841,0.8399243950843811
2019-06-12,1.2895232439041138,3.4681034088134766,0.8522769212722778
2019-06-13,1.2813620567321777,3.4876418113708496,0.8831561803817749
2019-06-14,1.1915851831436157,3.4876418113708496,0.8461005687713623
2019-06-17,1.1834231615066528,3.429025888442993,0.8337491154670715
2019-06-18,1.1589388847351074,3.4485647678375244,0.81522136926651
2019-06-19,1.2160695791244507,3.389948844909668,0.8213966488838196
2019-06-20,1.2650389671325684,3.3850648403167725,0.8275728821754456
2019-06-21,1.2976850271224976,3.429025888442993,0.8213966488838196
2019-06-24,1.2813620567321777,3.414372205734253,0.8461005687713623
2019-06-25,1.273200273513794,3.4192569255828857,0.8399243950843811
2019-06-26,1.2568771839141846,3.4192569255828857,0.8337491154670715
2019-06-27,1.3058465719223022,3.4290542602539062,0.8337491154670715
2019-06-28,1.3058465719223022,3.4241552352905273,0.8275728821754456
2019-07-01,1.3548158407211304,3.4584457874298096,0.870804488658905
2019-07-02,1.3466541767120361,3.4584457874298096,0.8584522008895874
2019-07-03,1.338492512702942,3.4388513565063477,0.8646284341812134
2019-07-04,1.3140079975128174,3.4241552352905273,0.8769800066947937
2019-07-05,1.3548158407211304,3.4241552352905273,0.8646284341812134
2019-07-08,1.3466541767120361,3.4045605659484863,0.8584522008895874
2019-07-09,1.3466541767120361,3.394763469696045,0.8646284341812134
2019-07-10,1.3466541767120361,3.3898651599884033,0.8646284341812134
2019-07-11,1.3548158407211304,3.399662494659424,0.9510911107063293
2019-07-12,1.3303312063217163,3.4192569255828857,0.9510911107063293
2019-07-15,1.3303312063217163,3.4437501430511475,0.9634433388710022
2019-07-16,1.3548158407211304,3.375168561935425,0.9881464838981628
2019-07-17,1.322169542312622,3.3702704906463623,0.9696187973022461
2019-07-18,1.2976850271224976,3.3506758213043213,0.9757949709892273
2019-07-19,1.3140079975128174,3.360473394393921,1.0128506422042847
2019-07-22,1.322169542312622,3.399662494659424,1.0066741704940796
2019-07-23,1.3303312063217163,3.409459352493286,1.0252017974853516
2019-07-24,1.3629772663116455,3.4290542602539062,1.0190268754959106
2019-07-25,1.3711384534835815,3.453547954559326,1.0190268754959106
2019-07-26,1.3629772663116455,3.4437501430511475,1.0066741704940796
2019-07-29,1.3629772663116455,3.4290542602539062,1.0190268754959106
2019-07-31,1.3466541767120361,3.4241552352905273,0.9634433388710022
2019-08-01,1.3303312063217163,3.4290542602539062,0.981971025466919
2019-08-02,1.3058465719223022,3.414358139038086,0.9572670459747314
2019-08-05,1.2650389671325684,3.4045605659484863,0.9263878464698792
2019-08-06,1.2487157583236694,3.4241552352905273,0.9449157118797302
2019-08-07,1.2650389671325684,3.433952808380127,0.9449157118797302
2019-08-08,1.273200273513794,3.4388513565063477,0.9696187973022461
2019-08-09,1.2976850271224976,3.4388513565063477,0.9757949709892273
2019-08-13,1.2405539751052856,3.4290542602539062,0.9387395977973938
2019-08-14,1.2976850271224976,3.4388513565063477,0.9696187973022461
2019-08-15,1.2976850271224976,3.3653714656829834,0.9634433388710022
2019-08-16,1.3058465719223022,3.3898651599884033,0.9757949709892273
2019-08-19,1.2895232439041138,3.3800675868988037,1.0128506422042847
2019-08-20,1.2976850271224976,3.360473394393921,1.031378149986267
2019-08-21,1.2976850271224976,3.399662494659424,1.0375546216964722
2019-08-22,1.3058465719223022,3.4045605659484863,1.0252017974853516
2019-08-23,1.3303312063217163,3.3702704906463623,1.0190268754959106
2019-08-26,1.3058465719223022,3.3065879344940186,1.031378149986267
2019-08-27,1.2813620567321777,3.49763560295105,0.9634433388710022
2019-08-28,1.2976850271224976,3.4290542602539062,0.9881464838981628
2019-08-29,1.3058465719223022,3.4290542602539062,0.9757949709892273
2019-08-30,1.3303312063217163,3.4241552352905273,0.9634433388710022
2019-09-03,1.322169542312622,3.3653714656829834,0.9943227171897888
2019-09-04,1.322169542312622,3.3457767963409424,0.9881464838981628
2019-09-05,1.338492512702942,3.3898651599884033,0.981971025466919
2019-09-06,1.3711384534835815,3.4045605659484863,1.000616192817688
2019-09-10,1.4119470119476318,3.4388513565063477,1.0192612409591675
2019-09-11,1.4119470119476318,3.4388513565063477,1.0441216230392456
2019-09-12,1.4119470119476318,3.46824312210083,1.037906289100647
2019-09-13,1.4201079607009888,3.4927361011505127,1.0316908359527588
2019-09-17,1.4119470119476318,3.4927361011505127,1.037906289100647
2019-09-18,1.444592833518982,3.5221283435821533,1.0689811706542969
2019-09-19,1.4454139471054077,3.5221283435821533,1.0814114809036255
2019-09-20,1.461838960647583,3.527027130126953,1.0876262187957764
2019-09-23,1.461838960647583,3.531926393508911,1.0503358840942383
2019-09-24,1.461838960647583,3.6347973346710205,1.0503358840942383
2019-09-25,1.461838960647583,3.6494932174682617,1.0316908359527588
2019-09-26,1.511114478111267,3.664189577102661,1.0503358840942383
2019-09-27,1.4946894645690918,3.6543915271759033,1.056551218032837
2019-09-30,1.4946894645690918,3.683783531188965,1.0689811706542969
2019-10-01,1.5603901147842407,3.796452760696411,1.0938414335250854
2019-10-02,1.5521773099899292,3.9189188480377197,1.0751962661743164
2019-10-03,1.568602442741394,3.8993239402770996,1.0876262187957764
2019-10-04,1.6014529466629028,4.06097936630249,1.1000566482543945
2019-10-07,1.642516016960144,4.021790504455566,1.0814114809036255
2019-10-08,1.642516016960144,3.9483108520507812,1.0938414335250854
2019-10-09,1.5932401418685913,3.9238181114196777,1.062766671180725
2019-10-10,1.5603901147842407,3.909121513366699,1.062766671180725
2019-10-11,1.6343032121658325,3.9189188480377197,1.0751962661743164
2019-10-14,1.642516016960144,3.8699326515197754,1.0689811706542969
2019-10-15,1.6343032121658325,3.9777026176452637,1.0938414335250854
2019-10-16,1.6178781986236572,4.06097936630249,1.118701696395874
2019-10-17,1.642516016960144,4.06097936630249,1.118701696395874
2019-10-18,1.6507283449172974,4.041385173797607,1.1808512210845947
2019-10-21,1.6753660440444946,4.06097936630249,1.1684210300445557
2019-10-22,1.708216667175293,3.9679057598114014,1.1870663166046143
2019-10-23,1.6917914152145386,3.972804307937622,1.1808512210845947
2019-10-24,1.700003743171692,3.953209161758423,1.174636721611023
2019-10-25,1.6589409112930298,3.718074321746826,1.1684210300445557
2019-10-29,1.6507283449172974,3.6494932174682617,1.1497764587402344
2019-10-30,1.6343032121658325,3.6494932174682617,1.1684210300445557
2019-10-31,1.6178781986236572,3.7866551876068115,1.1870663166046143
2019-11-01,1.6343032121658325,3.722973108291626,1.1994961500167847
2019-11-04,1.6260908842086792,3.796452760696411,1.211926817893982
2019-11-05,1.6507283449172974,3.7719593048095703,1.2305718660354614
2019-11-06,1.6507283449172974,3.7523646354675293,1.1932817697525024
2019-11-07,1.6753660440444946,3.796452760696411,1.2057114839553833
2019-11-08,1.6753660440444946,3.8405404090881348,1.1932817697525024
2019-11-11,1.6589409112930298,3.8699326515197754,1.1622060537338257
2019-11-12,1.6260908842086792,3.7719593048095703,1.1870663166046143
2019-11-13,1.6260908842086792,3.776858329772949,1.1870663166046143
2019-11-14,1.5850276947021484,3.8013510704040527,1.1497764587402344
2019-11-15,1.5850276947021484,3.796452760696411,1.1622060537338257
2019-11-18,1.6014529466629028,3.855236530303955,1.1622060537338257
2019-11-19,1.6014529466629028,3.8405404090881348,1.1808512210845947
2019-11-20,1.6096657514572144,3.8454391956329346,1.2057114839553833
2019-11-21,1.6096657514572144,3.820945978164673,1.2305718660354614
2019-11-22,1.6096657514572144,3.816047430038452,1.236786127090454
2019-11-25,1.5932401418685913,3.796452760696411,1.2243565320968628
2019-11-26,1.6014529466629028,4.011993408203125,1.2430016994476318
2019-11-27,1.535752296447754,3.894425392150879,1.2243565320968628
2019-11-28,1.511114478111267,3.820945978164673,1.2305718660354614
2019-11-29,1.4946894645690918,3.796452760696411,1.2305718660354614
2019-12-02,1.5029019117355347,3.78175687789917,1.2305718660354614
2019-12-03,1.4700514078140259,3.8062498569488525,1.2989367246627808
2019-12-04,1.478264331817627,3.796452760696411,1.3175817728042603
2019-12-05,1.511114478111267,3.8258445262908936,1.3237968683242798
2019-12-06,1.527539610862732,3.8013510704040527,1.342442274093628
2019-12-09,1.535752296447754,3.8013510704040527,1.3175817728042603
2019-12-10,1.527539610862732,3.7915544509887695,1.3175817728042603
2019-12-11,1.5193272829055786,3.8013510704040527,1.3175817728042603
2019-12-12,1.568602442741394,3.835641860961914,1.3673015832901
2019-12-13,1.5768150091171265,3.8307433128356934,1.3983770608901978
2019-12-16,1.5603901147842407,3.855236530303955,1.441881537437439
2019-12-17,1.5603901147842407,3.8699326515197754,1.485386848449707
2019-12-18,1.5546014308929443,3.8895270824432373,1.460526466369629
2019-12-19,1.3313343524932861,3.8699326515197754,1.466741919517517
2019-12-20,1.3561419248580933,3.860135316848755,1.4356671571731567
2019-12-23,1.3478724956512451,3.860135316848755,1.4108067750930786
2019-12-24,1.3396034240722656,3.860135316848755,1.4294517040252686
2019-12-26,1.405756950378418,3.860135316848755,1.441881537437439
2019-12-27,1.3892183303833008,3.8895270824432373,1.466741919517517
2019-12-30,1.438833236694336,3.8833980560302734,1.460526466369629
2019-12-31,1.405756950378418,3.8833980560302734,1.42323637008667
2020-01-02,1.430564284324646,3.8833980560302734,1.460526466369629
2020-01-03,1.438833236694336,3.922624111175537,1.5102472305297852
2020-01-06,1.405756950378418,3.937333345413208,1.4791717529296875
2020-01-07,1.4140257835388184,3.9324307441711426,1.5102472305297852
2020-01-08,1.3974875211715698,3.922624111175537,1.4791717529296875
2020-01-09,1.4222948551177979,3.922624111175537,1.4791717529296875
2020-01-10,1.4222948551177979,4.0648193359375,1.4916023015975952
2020-01-13,1.430564284324646,4.167788028717041,1.497816562652588
2020-01-14,1.438833236694336,4.133464813232422,1.460526466369629
2020-01-15,1.4222948551177979,4.363919258117676,1.4729571342468262
2020-01-16,1.4222948551177979,4.4178547859191895,1.485386848449707
2020-01-17,1.4140257835388184,4.447274208068848,1.497816562652588
2020-01-20,1.430564284324646,4.5698561668396,1.4916023015975952
2020-01-21,1.430564284324646,4.5698561668396,1.541321873664856
2020-01-22,1.4636409282684326,4.5306315422058105,1.615902066230774
2020-01-23,1.4553719758987427,4.574759483337402,1.6469767093658447
2020-01-24,1.5711398124694824,4.5600504875183105,1.6283318996429443
2020-01-28,1.4967173337936401,4.511017322540283,1.5910416841506958
2020-01-29,1.5628706216812134,4.69243860244751,1.615902066230774
2020-01-30,1.4967173337936401,4.613986492156982,1.553751826286316
2020-01-31,1.4553719758987427,4.5600504875183105,1.4543120861053467
2020-02-03,1.4222948551177979,4.442371845245361,1.5164616107940674
2020-02-04,1.4636409282684326,4.501211166381836,1.4916023015975952
2020-02-05,1.4884485006332397,4.5943732261657715,1.5102472305297852
2020-02-06,1.4884485006332397,4.609082221984863,1.572396993637085
2020-02-07,1.480178952217102,4.5404372215271,1.553751826286316
2020-02-10,1.438833236694336,4.4178547859191895,1.528892159461975
2020-02-11,1.430564284324646,4.461986064910889,1.541321873664856
2020-02-12,1.4471021890640259,4.452178001403809,1.5475372076034546
2020-02-13,1.4636409282684326,4.403146266937256,1.559967041015625
2020-02-14,1.438833236694336,4.388434886932373,1.572396993637085
2020-02-17,1.438833236694336,4.363919258117676,1.553751826286316
2020-02-18,1.405756950378418,4.314886093139648,1.5475372076034546
2020-02-19,1.3644108772277832,4.314886093139648,1.522676944732666
2020-02-20,1.3892183303833008,4.314886093139648,1.5164616107940674
2020-02-21,1.3644108772277832,4.373725891113281,1.5040318965911865
2020-02-24,1.3230654001235962,4.309983253479004,1.460526466369629
2020-02-25,1.3561419248580933,4.324692726135254,1.5164616107940674
2020-02-26,1.298257827758789,4.314886093139648,1.5102472305297852
2020-02-27,1.2569118738174438,4.251143932342529,1.4356671571731567
2020-02-28,1.165951132774353,4.11875581741333,1.4108067750930786
2020-03-02,1.165951132774353,4.055013656616211,1.42323637008667
2020-03-03,1.2072968482971191,4.094239234924316,1.4045912027359009
2020-03-04,1.1824891567230225,4.015786647796631,1.3673015832901
2020-03-05,1.1824891567230225,4.0648193359375,1.4170221090316772
2020-03-06,1.165951132774353,4.055013656616211,1.3673015832901
2020-03-09,1.0667212009429932,3.8932042121887207,1.118701696395874
2020-03-10,1.0997979640960693,3.922624111175537,1.2616465091705322
2020-03-11,1.1246055364608765,3.947140693664551,1.236786127090454
2020-03-12,1.0749902725219727,3.8245584964752197,1.174636721611023
2020-03-13,1.0584518909454346,3.7264926433563232,1.056551218032837
2020-03-16,0.9178766012191772,3.4126827716827393,0.9136064648628235
2020-03-17,0.9178765416145325,3.662750005722046,1.000616192817688
2020-03-18,0.9178765416145325,3.471522569656372,0.8406431078910828
2020-03-19,0.8678105473518372,3.334230899810791,0.7026267051696777
2020-03-20,0.9595983028411865,3.363649845123291,0.9096508026123047
2020-03-23,0.8678105473518372,3.241068124771118,0.8406431078910828
2020-03-24,0.934565007686615,3.348940134048462,0.9410187005996704
2020-03-25,0.9429093599319458,3.4617152214050293,1.0351204872131348
2020-03-26,0.9429093599319458,3.4126827716827393,1.010026454925537
2020-03-27,0.9846309423446655,3.608814239501953,1.0476670265197754
2020-03-30,0.9512538313865662,3.4813287258148193,1.0602138042449951
2020-03-31,1.0346972942352295,3.4960389137268066,1.1354954242706299
2020-04-01,1.0096639394760132,3.4617152214050293,1.1794097423553467
2020-04-02,1.059729814529419,3.6039109230041504,1.267237901687622
2020-04-03,1.026352882385254,3.608814239501953,1.2860580682754517
2020-04-06,1.0764186382293701,3.677459955215454,1.367613434791565
2020-04-07,1.143173336982727,3.751008987426758,1.3801600933074951
2020-04-08,1.1348291635513306,3.7755253314971924,1.2860580682754517
2020-04-09,1.1348291635513306,3.97655987739563,1.2797856330871582
2020-04-10,1.1264846324920654,3.922624111175537,1.217050552368164
2020-04-13,1.0931074619293213,3.922624111175537,1.1605894565582275
2020-04-14,1.143173336982727,3.8833980560302734,1.273511528968811
2020-04-15,1.1848949193954468,3.9324307441711426,1.2986056804656982
2020-04-16,1.1682065725326538,3.927527904510498,1.3362464904785156
2020-04-17,1.2182722091674805,3.99617338180542,1.3425194025039673
2020-04-20,1.2099283933639526,3.96185040473938,1.317426085472107
2020-04-21,1.1515175104141235,3.9177207946777344,1.2986056804656982
2020-04-22,1.1598619222640991,3.8833980560302734,1.3362464904785156
2020-04-23,1.1598619222640991,3.9128174781799316,1.3362464904785156
2020-04-24,1.1848949193954468,3.9422378540039062,1.3362464904785156
2020-04-27,1.1682065725326538,3.947140693664551,1.3487930297851562
2020-04-28,1.1264846324920654,3.9716570377349854,1.3487930297851562
2020-04-29,1.143173336982727,4.0010762214660645,1.3801600933074951
2020-04-30,1.1848949193954468,4.0648193359375,1.3989806175231934
2020-05-04,1.143173336982727,4.020689487457275,1.386433720588684
2020-05-05,1.1682065725326538,4.020689487457275,1.386433720588684
2020-05-06,1.1515175104141235,4.094239234924316,1.3989806175231934
2020-05-08,1.1515175104141235,4.0746259689331055,1.430348515510559
2020-05-12,1.1765506267547607,3.9814631938934326,1.4366213083267212
2020-05-13,1.1682065725326538,4.020689487457275,1.4679890871047974
2020-05-14,1.143173336982727,4.020689487457275,1.4178004264831543
2020-05-15,1.1598619222640991,3.991270065307617,1.4178004264831543
2020-05-18,1.1348291635513306,3.922624111175537,1.430348515510559
2020-05-19,1.1515175104141235,3.922624111175537,1.4428949356079102
2020-05-20,1.1848949193954468,3.9177207946777344,1.5119028091430664
2020-05-21,1.201583743095398,3.922624111175537,1.4617156982421875
2020-05-22,1.1682065725326538,3.9667530059814453,1.4679890871047974
2020-05-27,1.1682065725326538,3.99617338180542,1.5181763172149658
2020-05-28,1.1848949193954468,3.9716570377349854,1.474261999130249
2020-05-29,1.2433053255081177,4.21682071685791,1.5244503021240234
2020-06-02,1.2433053255081177,4.21682071685791,1.5244503021240234
2020-06-03,1.3350932598114014,4.1775946617126465,1.5997318029403687
2020-06-04,1.3100600242614746,4.079529285430908,1.6812862157821655
2020-06-05,1.2933712005615234,4.14817476272583,1.631098747253418
2020-06-09,1.3267488479614258,4.197207927703857,1.631098747253418
2020-06-10,1.4268805980682373,4.329596996307373,1.6687393188476562
2020-06-11,1.4185367822647095,4.256047248840332,1.5934579372406006
2020-06-12,1.4268805980682373,4.236433982849121,1.631098747253418
2020-06-15,1.3345531225204468,4.21682071685791,1.5119028091430664
2020-06-16,1.4100937843322754,4.211917400360107,1.5620908737182617
2020-06-17,1.4100937843322754,4.211917400360107,1.5809112787246704
2020-06-18,1.3765201568603516,4.275659561157227,1.5620908737182617
2020-06-19,1.3765201568603516,4.241336345672607,1.6060047149658203
2020-06-22,1.3765201568603516,4.256047248840332,1.5683637857437134
2020-06-23,1.359732985496521,4.314886093139648,1.5620908737182617
2020-06-24,1.401700496673584,4.4865007400512695,1.5683637857437134
2020-06-25,1.384913444519043,4.511017322540283,1.5432708263397217
2020-06-26,1.4100937843322754,4.535533428192139,1.5369969606399536
2020-06-29,1.384913444519043,4.4865007400512695,1.5056298971176147
2020-06-30,1.4184874296188354,4.481597423553467,1.5871843099594116
2020-07-01,1.4520610570907593,4.623793125152588,1.5934579372406006
2020-07-02,1.494027853012085,4.584567070007324,1.631098747253418
2020-07-03,1.494027853012085,4.658115386962891,1.6436455249786377
2020-07-06,1.552781581878662,4.707149028778076,1.7628411054611206
2020-07-07,1.552781581878662,4.991539001464844,1.7252006530761719
2020-07-08,1.552781581878662,5.02095890045166,1.7691148519515991
2020-07-09,1.5947487354278564,5.018013954162598,1.8632169961929321
2020-07-10,1.5359951257705688,4.8608927726745605,1.9761395454406738
2020-07-13,1.5359951257705688,5.096573352813721,1.9635919332504272
2020-07-14,1.552781581878662,4.9099931716918945,1.969865322113037
2020-07-15,1.5359951257705688,4.9099931716918945,2.0827877521514893
2020-07-16,1.5108146667480469,4.9050822257995605,2.0263264179229736
2020-07-17,1.4688475131988525,4.929633140563965,2.107882022857666
2020-07-20,1.5024216175079346,4.929633140563965,2.0576937198638916
2020-07-21,1.5779625177383423,5.008192539215088,2.1957101821899414
2020-07-22,1.5359951257705688,4.9099931716918945,2.2145302295684814
2020-07-23,1.5779625177383423,4.895262718200684,2.158069372177124
2020-07-24,1.5359951257705688,4.988553047180176,2.1204285621643066
2020-07-27,1.5611755847930908,5.04747200012207,2.2584450244903564
2020-07-28,1.6618962287902832,5.607212543487549,2.3588194847106934
2020-07-29,1.6786832809448242,5.813431262969971,2.3086318969726562
2020-07-30,1.7794036865234375,6.029471397399902,2.1957101821899414
2020-08-03,1.9304852485656738,5.891992092132568,2.2396247386932373
2020-08-04,1.9892395734786987,6.019650936126709,2.314905881881714
2020-08-05,1.9724524021148682,6.029471397399902,2.2960855960845947
2020-08-06,1.9724524021148682,6.029471397399902,2.2835378646850586
2020-08-07,1.8717319965362549,5.891992092132568,2.2458975315093994
2020-08-10,1.7626171112060547,5.695591926574707,2.158069372177124
2020-08-11,1.8045841455459595,5.5875725746154785,2.1643426418304443
2020-08-12,1.7542239427566528,5.793791770935059,2.176889657974243
2020-08-13,1.7626171112060547,5.882172584533691,2.20198392868042
2020-08-14,1.7290438413619995,5.744691848754883,2.1706156730651855
2020-08-17,1.7290438413619995,5.862531661987305,2.1894359588623047
2020-08-18,1.7206501960754395,5.891992092132568,2.2333505153656006
2020-08-19,1.7626171112060547,5.931271553039551,2.2835378646850586
2020-08-21,1.8717319965362549,5.931271553039551,2.339999198913574
2020-08-24,1.8801254034042358,6.088390827178955,2.3776400089263916
2020-08-25,1.8213714361190796,6.088390827178955,2.2960855960845947
2020-08-26,1.8465514183044434,6.137491703033447,2.321178913116455
2020-08-27,1.8801254034042358,6.157131671905518,2.333726406097412
2020-08-28,1.8885184526443481,5.941091537475586,2.38391375541687
2020-09-01,1.9220917224884033,6.078571319580078,2.321178913116455
2020-09-02,1.9304852485656738,6.137491703033447,2.3525466918945312
2020-09-03,1.9304852485656738,6.294610977172852,2.3475112915039062
2020-09-04,1.8549445867538452,6.137491703033447,2.2971625328063965
2020-09-07,1.8213714361190796,6.137491703033447,2.2531073093414307
2020-09-08,1.7374370098114014,6.137491703033447,2.2342264652252197
2020-09-09,1.7626171112060547,6.0392913818359375,2.183877944946289
2020-09-10,1.7290438413619995,5.793791770935059,2.1272356510162354
2020-09-11,1.8129774332046509,6.019650936126709,2.190171718597412
2020-09-14,1.8391308784484863,6.274970054626465,2.183877944946289
2020-09-15,1.8053852319717407,6.304431438446045,2.265695095062256
2020-09-17,1.8138211965560913,6.510650634765625,2.1461164951324463
2020-09-18,1.8138211965560913,6.186591625213623,2.139822483062744
2020-09-21,1.8138211965560913,6.284790515899658,2.0454182624816895
2020-09-22,1.8391308784484863,6.186591625213623,2.120941638946533
2020-09-23,1.8306944370269775,6.186591625213623,2.1461164951324463
2020-09-24,1.8306944370269775,6.186591625213623,2.1524102687835693
2020-09-25,1.898185133934021,6.235690116882324,2.202759027481079
2020-09-28,1.9319303035736084,6.274970054626465,2.246814489364624
2020-09-29,1.9488035440444946,6.235690116882324,2.2594010829925537
2020-09-30,1.9234944581985474,5.9901909828186035,2.2782819271087646
2020-10-01,1.9488035440444946,6.206231594085693,2.3223373889923096
2020-10-02,1.9234944581985474,6.186591625213623,2.221639394760132
2020-10-05,1.9234944581985474,6.2258710861206055,2.284575939178467
2020-10-06,1.9488035440444946,6.33389139175415,2.265695095062256
2020-10-07,2.0753490924835205,6.314250946044922,2.3160431385040283
2020-10-08,2.100658655166626,6.4026312828063965,2.2908685207366943
2020-10-09,2.0837855339050293,6.363351345062256,2.3412182331085205
2020-10-12,2.0837855339050293,6.294610977172852,2.3286304473876953
2020-10-13,2.100658655166626,6.4026312828063965,2.3097496032714844
2020-10-14,2.0500404834747314,6.4026312828063965,2.3160431385040283
2020-10-15,2.024730920791626,6.382990837097168,2.3097496032714844
2020-10-16,2.0837855339050293,6.481191158294678,2.3286304473876953
2020-10-19,2.159712314605713,6.61867094039917,2.3286304473876953
2020-10-20,2.2103309631347656,6.775790214538574,2.3475112915039062
2020-10-21,2.244077205657959,6.775790214538574,2.2908685207366943
2020-10-22,2.159712314605713,6.8445305824279785,2.3160431385040283
2020-10-23,2.1934587955474854,6.93290901184082,2.3349242210388184
2020-10-26,2.1512763500213623,7.1685895919799805,2.3160431385040283
2020-10-27,2.16814923286438,7.148949146270752,2.3160431385040283
2020-10-28,2.1765851974487305,7.119489669799805,2.3223373889923096
2020-10-30,2.1428399085998535,6.972189903259277,2.202759027481079
2020-11-02,2.1090948581695557,6.824890613555908,2.202759027481079
2020-11-03,2.0837855339050293,6.913269996643066,2.221639394760132
2020-11-04,2.1428399085998535,6.873989582061768,2.246814489364624
2020-11-05,2.23564076423645,7.1685895919799805,2.2908685207366943
2020-11-06,2.260948896408081,7.374810218811035,2.2908685207366943
2020-11-09,2.277822732925415,7.600668907165527,2.2908685207366943
2020-11-10,2.23564076423645,7.512288570404053,2.265695095062256
2020-11-11,2.1765851974487305,7.364989757537842,2.2405202388763428
2020-11-12,2.1934587955474854,7.492649078369141,2.2090530395507812
2020-11-13,2.2525134086608887,7.443549156188965,2.221639394760132
2020-11-16,2.260948896408081,7.443549156188965,2.2342264652252197
2020-11-17,2.23564076423645,7.315889358520508,2.2342264652252197
2020-11-18,2.1934587955474854,7.345348834991455,2.221639394760132
2020-11-19,2.2018954753875732,7.404268741607666,2.1083548069000244
2020-11-20,2.2103309631347656,7.3944501876831055,2.0831801891326904
2020-11-23,2.1850221157073975,7.315889358520508,2.1083548069000244
2020-11-24,2.0837855339050293,7.119489669799805,2.020244598388672
2020-11-25,2.2525134086608887,7.148949146270752,2.0517122745513916
2020-11-26,2.23564076423645,7.129310131072998,2.0768871307373047
2020-11-27,2.2525134086608887,7.315889358520508,2.0642993450164795
2020-11-30,2.260948896408081,7.463189125061035,2.0454182624816895
2020-12-01,2.260948896408081,7.364989757537842,2.0580062866210938
2020-12-02,2.244077205657959,7.266790390014648,2.202759027481079
2020-12-03,2.2525134086608887,7.364989757537842,2.2090530395507812
2020-12-04,2.23564076423645,7.384629249572754,2.2090530395507812
2020-12-07,2.2018954753875732,7.512288570404053,2.215345859527588
2020-12-08,2.2103309631347656,7.414090156555176,2.2090530395507812
2020-12-09,2.2103309631347656,7.463189125061035,2.158703088760376
2020-12-10,2.1934587955474854,7.256969928741455,2.139822483062744
2020-12-11,2.159712314605713,7.247150421142578,2.1964645385742188
2020-12-14,2.0837855339050293,7.001650810241699,2.0831801891326904
2020-12-15,2.0922904014587402,6.991830348968506,2.0768871307373047
2020-12-16,2.211364269256592,7.021290302276611,2.120941638946533
2020-12-17,2.236879825592041,7.011469841003418,2.0768871307373047
2020-12-18,2.202859401702881,7.080209732055664,2.139822483062744
2020-12-21,2.194354295730591,7.070390224456787,2.120941638946533
2020-12-22,2.202859401702881,7.070390224456787,2.1272356510162354
2020-12-23,2.219869613647461,7.070390224456787,2.221639394760132
2020-12-24,2.236879825592041,7.099850177764893,2.227933406829834
2020-12-28,2.2794060707092285,7.2176899909973145,2.3097496032714844
2020-12-29,2.3389432430267334,7.276610374450684,2.2342264652252197
2020-12-30,2.398479700088501,7.192477226257324,2.2971625328063965
2020-12-31,2.3474481105804443,7.22195291519165,2.2342264652252197
2021-01-04,2.313427686691284,7.123696327209473,2.2971625328063965
2021-01-05,2.296416759490967,7.153173446655273,2.265695095062256
2021-01-06,2.211364269256592,7.0745673179626465,2.202759027481079
2021-01-07,2.24538516998291,6.927180767059326,2.2719881534576416
2021-01-08,2.228374719619751,6.7601423263549805,2.3538050651550293
2021-01-11,2.2623958587646484,6.848574638366699,2.441915273666382
2021-01-12,2.2709012031555176,7.0745673179626465,2.5489068031311035
2021-01-13,2.3389432430267334,7.339864253997803,2.668484687805176
2021-01-14,2.42399525642395,7.418469429016113,2.7440078258514404
2021-01-15,2.475027322769165,7.428295612335205,2.800650119781494
2021-01-18,2.5260579586029053,7.565856456756592,2.907641649246216
2021-01-19,2.5430681705474854,7.565856456756592,2.832118511199951
2021-01-20,2.6196165084838867,7.772197723388672,2.84470534324646
2021-01-21,2.56858491897583,7.811500549316406,2.819531202316284
2021-01-22,2.74719500541687,8.253661155700684,2.800650119781494
2021-01-25,2.6791534423828125,8.057146072387695,2.737715005874634
2021-01-26,2.806731939315796,8.076796531677246,2.737715005874634
2021-01-27,2.9428157806396484,8.076796531677246,3.0146327018737793
2021-01-29,2.8917837142944336,8.155403137207031,2.93281626701355
2021-02-02,2.917299747467041,8.24383544921875,3.1467983722686768
2021-02-03,2.9768364429473877,8.548436164855957,3.1216235160827637
2021-02-04,3.0108580589294434,8.538610458374023,3.06498122215271
2021-02-05,2.9683310985565186,8.577911376953125,3.06498122215271
2021-02-08,2.8747739791870117,8.49930477142334,3.04610013961792
2021-02-09,2.917299747467041,8.440351486206055,3.090156078338623
2021-02-10,2.8832786083221436,8.351920127868652,3.1467983722686768
2021-02-11,2.900289535522461,8.489480972290039,3.0964503288269043
2021-02-15,2.993846893310547,8.764602661132812,3.0838623046875
2021-02-16,3.002352237701416,8.754776954650879,3.0838623046875
2021-02-17,2.908795118331909,8.68599796295166,3.0398073196411133
2021-02-18,2.8492579460144043,8.450177192687988,3.090156078338623
2021-02-19,2.8917837142944336,8.744950294494629,3.090156078338623
2021-02-22,2.8747739791870117,8.351920127868652,3.06498122215271
2021-02-23,2.8917837142944336,8.36174488067627,3.3481929302215576
2021-02-24,2.7897210121154785,8.450177192687988,3.335606098175049
2021-02-25,3.0959103107452393,8.577911376953125,3.4174230098724365
2021-02-26,3.0618886947631836,8.450177192687988,3.278963804244995
2021-03-01,3.1384358406066895,7.968714237213135,3.2097346782684326
2021-03-02,3.1469411849975586,8.155403137207031,3.272669792175293
2021-03-03,3.053384304046631,8.2045316696167,3.2223217487335205
2021-03-04,2.9683310985565186,7.998190879821777,3.1845602989196777
2021-03-05,2.8492579460144043,7.772197723388672,3.1405043601989746
2021-03-08,2.6536366939544678,7.172825336456299,2.9391098022460938
2021-03-09,2.6026062965393066,7.123696327209473,2.8950538635253906
2021-03-10,2.6876578330993652,6.937005519866943,2.8950538635253906
2021-03-11,2.670647621154785,7.300559997558594,3.0523946285247803
2021-03-12,2.738689661026001,7.22195291519165,3.0020461082458496
2021-03-15,2.670647621154785,7.094218730926514,2.9454033374786377
2021-03-16,2.6876578330993652,7.22195291519165,2.964284896850586
2021-03-17,2.7348098754882812,7.212128639221191,3.0326616764068604
2021-03-18,2.8291141986846924,7.320211410522461,3.0959746837615967
2021-03-19,2.811967372894287,7.526553153991699,3.1023051738739014
2021-03-22,2.811967372894287,7.35951566696167,3.1023051738739014
2021-03-23,2.811967372894287,7.261256694793701,3.1909430027008057
2021-03-24,2.8033945560455322,7.271083831787109,3.064317226409912
2021-03-25,2.743382453918457,7.113870620727539,3.0706491470336914
2021-03-26,2.794821262359619,7.123696327209473,3.0706491470336914
2021-03-29,2.794821262359619,7.251430988311768,3.2225987911224365
2021-03-30,2.820540428161621,7.271083831787109,3.1972734928131104
2021-03-31,2.811967372894287,7.339864253997803,3.2162671089172363
2021-04-01,2.8976988792419434,7.703417778015137,3.2225987911224365
2021-04-02,2.99200177192688,8.008016586303711,3.2732484340667725
2021-04-05,2.9577102661132812,8.008016586303711,3.2922420501708984
2021-04-06,2.90627121925354,7.71324348449707,3.1909430027008057
2021-04-07,2.923417806625366,7.880282402038574,3.1909430027008057
2021-04-08,2.923417806625366,7.811500549316406,3.3112359046936035
2021-04-09,2.8976988792419434,7.850804328918457,3.2985734939575195
2021-04-12,2.8976988792419434,8.008016586303711,3.3302297592163086
2021-04-13,2.914844274520874,7.71324348449707,3.3112359046936035
2021-04-14,2.923417806625366,7.811500549316406,3.3808798789978027
2021-04-15,2.90627121925354,7.7623724937438965,3.3112359046936035
2021-04-16,2.914844274520874,7.772197723388672,3.3682167530059814
2021-04-19,2.923417806625366,7.7623724937438965,3.4251978397369385
2021-04-20,2.9319911003112793,7.801675796508789,3.3555545806884766
2021-04-21,2.880552053451538,7.7623724937438965,3.3112359046936035
2021-04-22,2.8976988792419434,7.899933815002441,3.2795798778533936
2021-04-23,2.949136972427368,7.899933815002441,3.2099363803863525
2021-04-26,3.043440818786621,7.71324348449707,3.2415926456451416
2021-04-27,3.0520131587982178,7.860630512237549,3.200439453125
2021-04-28,2.9577102661132812,7.919586658477783,3.0389935970306396
2021-04-30,2.9577102661132812,7.890106678009033,2.9820125102996826
2021-05-03,2.863406181335449,7.860630512237549,2.9820125102996826
2021-05-04,2.820540428161621,7.7328948974609375,2.915534019470215
2021-05-05,2.7691023349761963,7.565856456756592,2.839559316635132
2021-05-06,2.794821262359619,7.526553153991699,2.8110687732696533
2021-05-07,2.743382453918457,7.536379337310791,2.7540876865386963
2021-05-10,2.6747982501983643,7.349689483642578,2.7825779914855957
2021-05-11,2.5976407527923584,7.1335225105285645,2.659118890762329
2021-05-12,2.6062140464782715,7.172825336456299,2.6496222019195557
2021-05-17,2.5719215869903564,7.271083831787109,2.6116347312927246
2021-05-18,2.6405067443847656,7.339864253997803,2.7066032886505127
2021-05-19,2.5976407527923584,7.428295612335205,2.6496222019195557
2021-05-20,2.5890681743621826,7.428295612335205,2.5166664123535156
2021-05-21,2.5719215869903564,7.261256694793701,2.56415057182312
2021-05-24,2.7176640033721924,7.497076034545898,2.8300621509552
2021-05-25,2.7776753902435303,7.526553153991699,2.8870434761047363
2021-05-27,2.820540428161621,7.634637355804443,2.9250309467315674
2021-05-28,2.6919445991516113,7.526553153991699,2.8300621509552
2021-05-31,2.743382453918457,7.4675984382629395,2.858552932739258
2021-06-01,2.7519562244415283,7.516727447509766,2.9060375690460205
2021-06-02,2.811967372894287,7.683765888214111,2.9820125102996826
2021-06-03,2.8033945560455322,7.634637355804443,2.9440250396728516
2021-06-04,2.7776753902435303,7.536379337310791,2.8300621509552
2021-06-08,2.7169137001037598,7.556030750274658,2.820565938949585
2021-06-09,2.6995532512664795,7.3889923095703125,2.716099739074707
2021-06-10,2.76031494140625,7.35951566696167,2.7825779914855957
2021-06-11,2.7255940437316895,7.4675984382629395,2.716099739074707
2021-06-14,2.7255940437316895,7.4675984382629395,2.763584852218628
2021-06-15,2.777675151824951,7.369340419769287,2.858552932739258
2021-06-16,2.7863552570343018,7.3988189697265625,2.8300621509552
2021-06-17,2.7950356006622314,7.290733814239502,2.7540876865386963
2021-06-18,2.83843731880188,7.123696327209473,2.849055767059326
2021-06-21,2.777675151824951,7.261256694793701,2.773081064224243
2021-06-22,2.7255940437316895,7.280908584594727,2.80157208442688
2021-06-23,2.751634359359741,7.300559997558594,2.7825779914855957
2021-06-24,2.7255940437316895,7.369340419769287,2.7540876865386963
2021-06-25,2.7255940437316895,7.349689483642578,2.7255971431732178
2021-06-28,2.7255940437316895,7.349689483642578,2.735093832015991
2021-06-29,2.751634359359741,7.28069543838501,2.763584852218628
2021-06-30,2.751634359359741,7.2019853591918945,2.7255971431732178
2021-07-01,2.7255940437316895,7.28069543838501,2.735093832015991
2021-07-02,2.7429544925689697,7.359405040740967,2.7825779914855957
2021-07-05,2.76031494140625,7.4774699211120605,2.9060375690460205
2021-07-06,2.734274387359619,7.359405040740967,2.896540403366089
2021-07-07,2.76031494140625,7.497148036956787,2.9630186557769775
2021-07-08,2.708233594894409,7.438115119934082,2.839559316635132
2021-07-09,2.682192325592041,7.615212440490723,2.934527635574341
2021-07-12,2.690873146057129,7.615212440490723,2.972515344619751
2021-07-13,2.708233594894409,7.6742448806762695,3.0199997425079346
2021-07-14,2.812396764755249,7.851344108581543,3.1339616775512695
2021-07-15,2.777675151824951,7.851344108581543,3.1719493865966797
2021-07-16,2.76031494140625,7.851344108581543,3.086477279663086
2021-07-19,2.76031494140625,8.20553970336914,3.086477279663086
2021-07-21,2.76031494140625,8.244894981384277,3.0959746837615967
2021-07-22,2.8731579780578613,8.648283958435059,3.0959746837615967
2021-07-23,2.9078786373138428,9.553452491760254,3.0959746837615967
2021-07-26,2.9425997734069824,9.504258155822754,3.143458366394043
2021-07-27,2.959960460662842,9.327159881591797,3.200439453125
2021-07-28,2.933919668197632,9.13038444519043,3.1339616775512695
2021-07-29,2.951280355453491,9.297642707824707,3.124464750289917
2021-07-30,2.8905186653137207,9.297642707824707,3.086477279663086
2021-08-02,3.0380821228027344,9.651839256286621,3.162452459335327
2021-08-03,3.0641231536865234,9.828937530517578,3.1814463138580322
2021-08-04,3.0380821228027344,9.59280776977539,3.276414394378662
2021-08-05,3.072803497314453,9.720712661743164,3.2574210166931152
2021-08-06,3.124884605407715,9.671516418457031,3.2289304733276367
2021-08-09,3.124884605407715,9.760066986083984,3.162452459335327
2021-08-11,3.0814833641052246,9.760066986083984,3.162452459335327
2021-08-12,3.0901637077331543,9.31732177734375,3.2384276390075684
2021-08-13,3.0380821228027344,9.44522762298584,3.10547137260437
2021-08-16,3.0554423332214355,9.33699893951416,3.1339616775512695
2021-08-17,3.0033621788024902,9.789581298828125,3.029496192932129
2021-08-18,2.9686408042907715,9.59280776977539,3.048490285873413
2021-08-19,2.951280355453491,9.268128395080566,3.053260564804077
2021-08-20,2.951280355453491,9.346837997436523,3.0150949954986572
2021-08-23,2.9773213863372803,9.43538761138916,3.1105096340179443
2021-08-24,3.0641231536865234,9.43538761138916,3.148674964904785
2021-08-25,3.0380821228027344,9.396031379699707,3.148674964904785
2021-08-26,3.029402494430542,9.346837997436523,3.2154650688171387
2021-08-27,2.9773213863372803,9.15006160736084,3.2154650688171387
2021-08-30,2.9860007762908936,9.21893310546875,3.2345480918884277
2021-09-01,2.9946815967559814,9.15006160736084,3.205923557281494
2021-09-02,2.9773213863372803,9.140222549438477,3.1009678840637207
2021-09-03,2.9946815967559814,9.140222549438477,3.1105096340179443
2021-09-06,3.046762228012085,9.346837997436523,3.3013384342193604
2021-09-07,3.0814833641052246,9.238612174987793,3.3585870265960693
2021-09-08,3.0683705806732178,9.25828742980957,3.530332565307617
2021-09-09,3.059628963470459,9.22877311706543,3.406294107437134
2021-09-10,3.0421454906463623,9.4649019241333,3.3776695728302
2021-09-13,3.0771121978759766,9.297642707824707,3.3967525959014893
2021-09-14,3.0858545303344727,9.346837997436523,3.4444596767425537
2021-09-15,3.0945963859558105,9.21893310546875,3.4253768920898438
2021-09-17,3.1820144653320312,9.396031379699707,3.6257474422454834
2021-09-20,3.1645309925079346,9.346837997436523,3.5494160652160645
2021-09-21,3.1732726097106934,9.809261322021484,3.635288715362549
2021-09-22,3.208239793777466,9.828937530517578,3.673454523086548
2021-09-23,3.2781741619110107,9.838776588439941,3.730703115463257
2021-09-24,3.356849431991577,10.084746360778809,3.7020785808563232
2021-09-27,3.3043994903564453,10.242165565490723,3.6257474422454834
2021-09-28,3.1645309925079346,10.133941650390625,3.5207912921905518
2021-09-29,3.2257232666015625,9.838776588439941,3.4921674728393555
2021-09-30,3.2257232666015625,9.838776588439941,3.4444596767425537
2021-10-01,3.199497699737549,9.809261322021484,3.3395040035247803
2021-10-04,3.2694318294525146,9.868291854858398,3.501708745956421
2021-10-05,3.2169811725616455,9.5632905960083,3.4253768920898438
2021-10-06,3.19075608253479,9.602645874023438,3.482625961303711
2021-10-07,3.2344648838043213,9.651839256286621,3.4730842113494873
2021-10-08,3.2344648838043213,9.602645874023438,3.4444596767425537
2021-10-11,3.2257232666015625,9.573129653930664,3.3872110843658447
2021-10-12,3.2432069778442383,9.642001152038574,3.3967525959014893
2021-10-13,3.199497699737549,9.59280776977539,3.3776695728302
2021-10-14,3.2344648838043213,9.671516418457031,3.4635424613952637
2021-10-15,3.3043994903564453,9.651839256286621,3.5207912921905518
2021-10-18,3.321883201599121,9.730549812316895,3.4921674728393555
2021-10-20,3.3655920028686523,9.740388870239258,3.6257474422454834
2021-10-21,3.400559425354004,9.947003364562988,3.5875813961029053
2021-10-22,3.400559425354004,9.691195487976074,3.530332565307617
2021-10-25,3.3655920028686523,9.54361343383789,3.5780398845672607
2021-10-26,3.3393659591674805,9.632162094116211,3.5494160652160645
2021-10-27,3.4093008041381836,9.681357383728027,3.53987455368042
2021-10-28,3.400559425354004,9.691195487976074,3.6257474422454834
2021-10-29,3.38307523727417,9.681357383728027,3.635288715362549
2021-11-01,3.38307523727417,9.523935317993164,3.568498373031616
2021-11-02,3.453009605407715,9.838776588439941,3.673454523086548
2021-11-03,3.4180431365966797,9.612486839294434,3.6448299884796143
2021-11-05,3.453009605407715,9.838776588439941,3.7974932193756104
2021-11-08,3.4267845153808594,9.838776588439941,3.7593276500701904
2021-11-09,3.4180431365966797,9.878130912780762,3.768868923187256
2021-11-10,3.4180431365966797,9.838776588439941,3.7211616039276123
2021-11-11,3.4180431365966797,9.828937530517578,3.673454523086548
2021-11-12,3.4967191219329834,9.858454704284668,3.749785900115967
2021-11-15,3.575394630432129,9.809261322021484,3.673454523086548
2021-11-16,3.584136486053467,9.819098472595215,3.6066644191741943
2021-11-17,3.566652774810791,9.710872650146484,3.616205930709839
2021-11-18,3.6890382766723633,9.740388870239258,3.5780398845672607
2021-11-19,3.7152633666992188,9.740388870239258,3.6257474422454834
2021-11-22,3.706522226333618,9.937165260314941,3.5875813961029053
2021-11-23,3.706522226333618,9.966680526733398,3.654371500015259
2021-11-24,3.6540708541870117,10.242165565490723,3.5780398845672607
2021-11-25,3.636587381362915,10.232327461242676,3.5875813961029053
2021-11-26,3.6453299522399902,10.084746360778809,3.5780398845672607
2021-11-29,3.6278469562530518,10.212650299072266,3.501708745956421
2021-11-30,3.6628127098083496,10.084746360778809,3.5875813961029053
2021-12-01,3.584136486053467,10.90136432647705,3.53987455368042
2021-12-02,3.38307523727417,10.862009048461914,3.4921674728393555
2021-12-06,3.3655920028686523,10.33071517944336,3.4635424613952637
2021-12-07,3.4180431365966797,10.517651557922363,3.558957099914551
2021-12-08,3.4879772663116455,10.252004623413086,3.635288715362549
2021-12-09,3.50382399559021,9.986358642578125,3.635288715362549
2021-12-10,3.4950201511383057,9.838776588439941,3.616205930709839
2021-12-13,3.521430730819702,9.838776588439941,3.5875813961029053
2021-12-14,3.477412700653076,9.750226974487305,3.59712290763855
2021-12-15,3.477412700653076,9.642001152038574,3.59712290763855
2021-12-16,3.50382399559021,9.671516418457031,3.711620330810547
2021-12-17,3.283734083175659,9.750226974487305,3.6829957962036133
2021-12-20,3.31894850730896,9.54361343383789,3.673454523086548
2021-12-21,3.3453590869903564,9.632162094116211,3.7211616039276123
2021-12-22,3.38057279586792,9.720712661743164,3.7020785808563232
2021-12-23,3.43339467048645,9.799421310424805,3.6639130115509033
2021-12-24,3.4245920181274414,9.828937530517578,3.7211616039276123
2021-12-27,3.4245920181274414,9.858454704284668,3.711620330810547
2021-12-28,3.4862167835235596,9.947003364562988,3.7211616039276123
2021-12-29,3.468608856201172,9.868291854858398,3.7974932193756104
2021-12-30,3.4862167835235596,9.815377235412598,3.8738245964050293
2021-12-31,3.521430730819702,9.80553150177002,3.8165760040283203
2022-01-03,3.5654489994049072,9.687394142150879,3.826117753982544
2022-01-04,3.512627363204956,9.815377235412598,3.9883220195770264
2022-01-05,3.50382399559021,9.697237968444824,3.940615177154541
2022-01-06,3.4510018825531006,9.62832260131836,3.883366346359253
2022-01-07,3.43339467048645,9.677546501159668,3.8738245964050293
2022-01-10,3.301342010498047,9.411735534667969,3.59712290763855
2022-01-11,3.2045023441314697,9.008091926574707,3.501708745956421
2022-01-12,3.2397162914276123,9.008091926574707,3.5207912921905518
2022-01-13,3.13407301902771,9.06716251373291,3.4635424613952637
2022-01-14,2.9756085872650146,8.36817455291748,3.2440896034240723
2022-01-17,3.028430461883545,8.141741752624512,3.2631728649139404
2022-01-19,2.887573719024658,8.013757705688477,3.0341780185699463
2022-01-20,2.896376132965088,8.023601531982422,3.1105096340179443
2022-01-21,2.852358818054199,7.86608362197876,3.0150949954986572
2022-01-24,2.896376132965088,7.679029941558838,3.072343587875366
2022-01-25,2.8611621856689453,7.679029941558838,3.0341780185699463
2022-01-26,2.878769874572754,7.8267035484313965,3.1105096340179443
2022-01-27,2.843555450439453,7.679029941558838,2.986470937728882
2022-01-28,2.878769874572754,7.777480125427246,2.986470937728882
2022-01-31,2.9051804542541504,8.013757705688477,3.0437192916870117
2022-02-03,2.878769874572754,7.757790565490723,3.0055534839630127
2022-02-04,2.852358818054199,7.738100051879883,3.0055534839630127
2022-02-07,2.8699662685394287,7.846394062042236,3.0818850994110107
2022-02-08,2.843555450439453,7.925153732299805,3.062802314758301
2022-02-09,2.896376132965088,7.994068622589111,3.225006580352783
2022-02-10,2.940394639968872,8.11220645904541,3.2345480918884277
2022-02-11,2.887573719024658,8.023601531982422,3.177299737930298
2022-02-14,2.8171446323394775,7.905462741851807,3.0341780185699463
2022-02-15,2.843555450439453,7.728255748748779,3.072343587875366
2022-02-16,2.9051804542541504,7.87592887878418,3.148674964904785
2022-02-17,2.9051804542541504,8.072827339172363,3.177299737930298
2022-02-18,2.8171446323394775,7.659340858459473,3.1295926570892334
2022-02-21,2.702698230743408,7.6298065185546875,2.9005978107452393
2022-02-22,2.702698230743408,7.334458351135254,2.652520179748535
2022-02-23,2.7643232345581055,7.551046848297119,2.814725160598755
2022-02-24,2.73791241645813,7.6298065185546875,2.7670176029205322
2022-02-25,2.7819299697875977,7.659340858459473,2.9101390838623047
2022-02-28,2.834752082824707,7.3147687911987305,2.7479348182678223
2022-03-01,2.7555198669433594,7.423062801361084,2.7670176029205322
2022-03-02,2.746715784072876,7.255699157714844,2.728851318359375
2022-03-03,2.6674835681915283,7.176939964294434,2.671603202819824
2022-03-04,2.6146624088287354,7.137560844421387,2.480774164199829
2022-03-07,2.4209840297698975,6.694539546966553,2.2899458408355713
2022-03-08,2.324144124984741,5.808497428894043,2.1659069061279297
2022-03-09,2.412179946899414,6.3598127365112305,2.5571060180664062
2022-03-10,2.5618410110473633,6.409037113189697,2.5093986988067627
2022-03-11,2.5794479846954346,6.615779876708984,2.595271587371826
2022-03-14,2.5794479846954346,6.369657039642334,2.5571060180664062
2022-03-15,2.4650015830993652,6.08415412902832,2.4712328910827637
2022-03-16,2.588251829147339,6.369657039642334,2.633437395095825
2022-03-17,2.7731266021728516,7.108025550842285,2.8789682388305664
2022-03-18,2.6931324005126953,7.137560844421387,2.7730531692504883
2022-03-21,2.7997918128967285,7.531357288360596,2.9945123195648193
2022-03-22,2.7464616298675537,7.688876152038574,3.081169843673706
2022-03-23,2.8442330360412598,7.97437858581543,3.110055923461914
2022-03-24,2.8175675868988037,7.8956193923950195,3.081169843673706
2022-03-25,2.8708972930908203,7.944842338562012,3.061912775039673
2022-03-28,2.782015085220337,7.728255748748779,2.9367401599884033
2022-03-29,2.719797134399414,7.688876152038574,2.888596773147583
2022-03-30,2.7642383575439453,7.925153732299805,2.8404541015625
2022-03-31,2.7286856174468994,8.072827339172363,2.91748309135437
2022-04-01,2.7731266021728516,7.87592887878418,2.9078543186187744
2022-04-04,2.7731266021728516,7.97437858581543,2.9271116256713867
2022-04-05,2.7997918128967285,8.141741752624512,2.9848835468292236
2022-04-06,2.7375738620758057,8.072827339172363,2.946368455886841
2022-04-07,2.6931324005126953,7.87592887878418,2.8789682388305664
2022-04-08,2.710908889770508,7.97437858581543,2.86933970451355
2022-04-11,2.639803409576416,7.383683204650879,2.5997374057769775
2022-04-12,2.6220271587371826,7.462442398071289,2.61899471282959
2022-04-13,2.6309149265289307,7.570736885070801,2.7345385551452637
2022-04-14,2.5864739418029785,7.383683204650879,2.69602370262146
2022-04-15,2.5775856971740723,7.472287178039551,2.6863951683044434
2022-04-18,2.5509207248687744,7.383683204650879,2.6286232471466064
2022-04-20,2.5864739418029785,7.4821319580078125,2.69602370262146
2022-04-21,2.5953621864318848,7.491977691650391,2.724909543991089
2022-04-22,2.497591495513916,7.383683204650879,2.5708513259887695
2022-04-25,2.4353740215301514,7.236008644104004,2.474564552307129
2022-04-26,2.4798152446746826,7.383683204650879,2.5515944957733154
2022-04-27,2.462038516998291,7.2852349281311035,2.561222791671753
2022-04-28,2.533144950866699,7.383683204650879,2.6478805541992188
2022-04-29,2.524256706237793,7.4821319580078125,2.6863951683044434
2022-05-05,2.3998212814331055,7.088335990905762,2.5515944957733154
2022-05-06,2.355380058288574,6.989887237548828,2.464935779571533
2022-05-09,2.355380058288574,6.950506687164307,2.4264214038848877
2022-05-10,2.355380058288574,6.960352420806885,2.474564552307129
2022-05-11,2.346491813659668,7.098180294036865,2.4360499382019043
2022-05-12,2.230944871902466,6.89143705368042,2.3205063343048096
2022-05-13,2.275385856628418,6.999732971191406,2.4071640968322754
2022-05-17,2.3287148475646973,7.137560844421387,2.464935779571533
2022-05-18,2.2931623458862305,7.186785697937012,2.4841928482055664
2022-05-19,2.2487218379974365,7.039111614227295,2.416792631149292
2022-05-20,2.2664973735809326,7.147406101226807,2.4360499382019043
2022-05-23,2.2220563888549805,7.009576797485352,2.4264214038848877
2022-05-24,2.204280376434326,7.04895544052124,2.397535800933838
2022-05-25,2.2664973735809326,7.088335990905762,2.4553072452545166
2022-05-26,2.346491813659668,7.265544414520264,2.5515944957733154
2022-05-27,2.355380058288574,7.236008644104004,2.561222791671753
2022-05-30,2.3998212814331055,7.2852349281311035,2.590108633041382
2022-05-31,2.497591495513916,7.6298065185546875,2.638251543045044
2022-06-01,2.417598009109497,7.511667251586914,2.6286232471466064
2022-06-02,2.524256706237793,7.560892105102539,2.609365701675415
2022-06-03,2.533144950866699,7.698720455169678,2.724909543991089
2022-06-07,2.4798152446746826,7.679029941558838,2.5997374057769775
2022-06-08,2.4531502723693848,7.708565711975098,2.6478805541992188
2022-06-09,2.4531502723693848,7.728255748748779,2.638251543045044
2022-06-10,2.417598009109497,7.511667251586914,2.61899471282959
2022-06-13,2.3198273181915283,7.108025550842285,2.4456787109375
2022-06-14,2.3642687797546387,7.088335990905762,2.4456787109375
2022-06-15,2.3391737937927246,6.989887237548828,2.397535800933838
2022-06-16,2.3750228881835938,7.029266357421875,2.464935779571533
2022-06-17,2.357098340988159,7.127716064453125,2.4360499382019043
2022-06-20,2.3302114009857178,6.930817604064941,2.4360499382019043
2022-06-21,2.3750228881835938,6.9209723472595215,2.4553072452545166
2022-06-22,2.2943615913391113,6.960352420806885,2.4071640968322754
2022-06-23,2.2674753665924072,6.960352420806885,2.4264214038848877
2022-06-24,2.3302114009857178,6.989887237548828,2.4553072452545166
2022-06-27,2.3929481506347656,7.255699157714844,2.503450393676758
2022-06-28,2.383985757827759,7.078490734100342,2.4264214038848877
2022-06-29,2.3481359481811523,7.065317153930664,2.3205063343048096
2022-06-30,2.366060495376587,7.104787826538086,2.2049620151519775
2022-07-01,2.3302114009857178,7.006111145019531,2.166447639465332
2022-07-04,2.2853989601135254,6.9863762855529785,2.060532331466675
2022-07-05,2.312286615371704,6.9863762855529785,2.002760410308838
2022-07-06,2.312286615371704,6.877830505371094,2.0701611042022705
2022-07-07,2.3302114009857178,6.650871753692627,2.079789638519287
2022-07-08,2.3929481506347656,6.71007776260376,2.118304491043091
2022-07-12,2.23162579536438,6.532458305358887,2.0990469455718994
2022-07-13,2.1420018672943115,6.473251819610596,2.118304491043091
2022-07-14,2.1509642601013184,6.522590160369873,2.137561798095703
2022-07-15,2.2585127353668213,6.5817975997924805,2.224219560623169
2022-07-18,2.3481359481811523,6.789020538330078,2.2916204929351807
2022-07-19,2.3391737937927246,6.917301654815674,2.301248788833618
2022-07-20,2.3929481506347656,7.085052967071533,2.310877799987793
2022-07-21,2.419834613800049,7.371218204498291,2.368649482727051
2022-07-22,2.4556844234466553,7.3021440505981445,2.4264214038848877
2022-07-25,2.4377598762512207,7.045582294464111,2.4264214038848877
2022-07-26,2.4287970066070557,7.104787826538086,2.4071640968322754
2022-07-27,2.4915335178375244,7.3021440505981445,2.5708513259887695
2022-07-28,2.5721945762634277,7.509366989135742,2.61899471282959
2022-07-29,2.563232183456421,7.588308811187744,2.7730531692504883
2022-08-01,2.5901193618774414,7.469895839691162,2.7923102378845215
2022-08-02,2.5363450050354004,7.371218204498291,2.6286232471466064
2022-08-03,2.563232183456421,7.3021440505981445,2.69602370262146
2022-08-04,2.6259689331054688,7.647515296936035,2.7152810096740723
2022-08-05,2.617007255554199,7.509366989135742,2.69602370262146
2022-08-08,2.6438937187194824,7.400821685791016,2.69602370262146
2022-08-09,2.6438937187194824,7.400821685791016,2.69602370262146
2022-08-10,2.5273828506469727,7.124524116516113,2.609365701675415
2022-08-11,2.6259689331054688,7.5192341804504395,2.801939010620117
2022-08-12,2.617007255554199,7.4994988441467285,2.7923102378845215
2022-08-15,2.617007255554199,7.509366989135742,2.811567544937134
2022-08-16,2.6438937187194824,7.400821685791016,2.7923102378845215
2022-08-17,2.5990817546844482,7.3021440505981445,2.744166612625122
2022-08-18,2.5901193618774414,7.203465938568115,2.7345385551452637
2022-08-19,2.563232183456421,7.242938041687012,2.769397497177124
2022-08-22,2.419834613800049,7.213334083557129,2.5951004028320312
2022-08-23,2.3929481506347656,7.223202228546143,2.6628825664520264
2022-08-24,2.383985757827759,7.203465938568115,2.6531994342803955
2022-08-25,2.4467220306396484,7.213334083557129,2.769397497177124
2022-08-26,2.4915335178375244,7.262673377990723,2.808130979537964
2022-08-29,2.4108729362487793,7.16399621963501,2.720982313156128
2022-08-30,2.4287970066070557,7.1146559715271,2.691932201385498
2022-09-01,2.401909828186035,7.104787826538086,2.5951004028320312
2022-09-02,2.401909828186035,7.183730125427246,2.5951004028320312
2022-09-05,2.383985757827759,7.055450439453125,2.5951004028320312
2022-09-06,2.4377598762512207,7.104787826538086,2.6435163021087646
2022-09-07,2.4287970066070557,7.104787826538086,2.604783535003662
2022-09-08,2.4396398067474365,7.233069896697998,2.614466905593872
2022-09-09,2.484818696975708,7.203465938568115,2.633833169937134
2022-09-12,2.5299971103668213,7.351482391357422,2.769397497177124
2022-09-13,2.5390326976776123,7.450160026550293,2.779081106185913
2022-09-14,2.5028903484344482,7.242938041687012,2.7597146034240723
2022-09-15,2.5299971103668213,7.4994988441467285,2.6435163021087646
2022-09-19,2.4215681552886963,7.331746578216553,2.6435163021087646
2022-09-20,2.4486756324768066,7.321879863739014,2.6531994342803955
2022-09-21,2.4125332832336426,7.3021440505981445,2.6628825664520264
2022-09-22,2.4396398067474365,7.3021440505981445,2.6628825664520264
2022-09-23,2.4125332832336426,7.252804279327393,2.6435163021087646
2022-09-26,2.3944613933563232,7.292275428771973,2.633833169937134
2022-09-27,2.3944613933563232,7.292275428771973,2.6822493076324463
2022-09-28,2.2769975662231445,7.252804279327393,2.6628825664520264
2022-09-29,2.3041038513183594,7.144259452819824,2.6531994342803955
2022-09-30,2.2769975662231445,7.134392261505127,2.6628825664520264
2022-10-03,2.231818914413452,7.104787826538086,2.6531994342803955
2022-10-04,2.2589259147644043,7.173862934112549,2.6628825664520264
2022-10-05,2.3131396770477295,7.203465938568115,2.633833169937134
2022-10-06,2.322176218032837,7.282408237457275,2.614466905593872
2022-10-07,2.322176218032837,7.282408237457275,2.614466905593872
2022-10-11,2.231818914413452,7.075185298919678,2.343337059020996
2022-10-12,2.1414620876312256,6.71007776260376,2.343337059020996
2022-10-13,2.1143546104431152,6.808756351470947,2.343337059020996
2022-10-14,2.123389959335327,6.86796236038208,2.3917527198791504
2022-10-17,2.1143546104431152,6.8186235427856445,2.3820695877075195
2022-10-18,2.2047119140625,6.9567718505859375,2.3917527198791504
2022-10-19,2.1414620876312256,6.9567718505859375,2.3917527198791504
2022-10-20,2.1685690879821777,6.907433032989502,2.420802593231201
2022-10-21,2.1504976749420166,6.907433032989502,2.4014360904693604
2022-10-25,2.1504976749420166,6.858094692230225,2.4111194610595703
2022-10-26,2.1685690879821777,6.917301654815674,2.4014360904693604
2022-10-27,2.1685690879821777,7.16399621963501,2.3820695877075195
2022-10-28,2.1685690879821777,6.907433032989502,2.4014360904693604
2022-10-31,2.2498905658721924,6.9863762855529785,2.3723862171173096
2022-11-01,2.222782850265503,6.907433032989502,2.4014360904693604
2022-11-02,2.213747501373291,6.927168369293213,2.420802593231201
2022-11-03,2.1866402626037598,6.996243476867676,2.4014360904693604
2022-11-04,2.3131396770477295,6.887697219848633,2.430485725402832
2022-11-07,2.2498905658721924,6.966639995574951,2.4111194610595703
2022-11-08,2.222782850265503,6.976507663726807,2.430485725402832
2022-11-09,2.240854263305664,6.976507663726807,2.430485725402832
2022-11-10,2.231818914413452,6.9567718505859375,2.420802593231201
2022-11-11,2.349282741546631,7.035714149475098,2.614466905593872
2022-11-14,2.367354393005371,7.085052967071533,2.624149799346924
2022-11-15,2.3131396770477295,7.085052967071533,2.624149799346924
2022-11-16,2.35831880569458,6.966639995574951,2.6822493076324463
2022-11-17,2.331212043762207,6.887697219848633,2.6725659370422363
2022-11-21,2.331212043762207,6.858094692230225,2.6725659370422363
2022-11-22,2.2860333919525146,6.94690465927124,2.6725659370422363
2022-11-23,2.2950689792633057,7.065317153930664,2.7306652069091797
2022-11-24,2.511925458908081,7.154127597808838,2.992111921310425
2022-11-25,2.4486756324768066,7.193598747253418,2.9340128898620605
2022-11-29,2.4486756324768066,7.16399621963501,2.9049625396728516
2022-11-30,2.4034974575042725,7.203465938568115,3.0114781856536865
2022-12-01,2.5480685234069824,7.489631652832031,3.137359857559204
2022-12-02,2.5390326976776123,7.667251110076904,3.234192132949829
2022-12-05,2.511925458908081,7.529102325439453,3.1276767253875732
2022-12-06,2.5028903484344482,7.568573951721191,3.1276767253875732
2022-12-07,2.457711935043335,7.450160026550293,3.0211613178253174
2022-12-08,2.4631848335266113,7.4994988441467285,3.0986273288726807
2022-12-09,2.4540627002716064,7.835002899169922,3.147043228149414
2022-12-12,2.4540627002716064,7.627779006958008,3.137359857559204
2022-12-13,2.4540627002716064,7.706722259521484,3.1179935932159424
2022-12-14,2.4996771812438965,7.7461934089660645,3.147043228149414
2022-12-15,2.4266936779022217,7.6968536376953125,3.050211191177368
2022-12-16,2.4175703525543213,7.6968536376953125,3.214825391769409
2022-12-19,2.4266936779022217,7.6376471519470215,3.1954588890075684
2022-12-20,2.4540627002716064,7.489631652832031,3.0211613178253174
2022-12-21,2.4266936779022217,7.5587053298950195,3.0211613178253174
2022-12-22,2.4175703525543213,7.578441619873047,3.0017952919006348
2022-12-23,2.399324655532837,7.5587053298950195,3.0017952919006348
2022-12-27,2.4175703525543213,7.548837661743164,3.0017952919006348
2022-12-28,2.3902018070220947,7.548837661743164,2.9243292808532715
2022-12-29,2.408447742462158,7.5550103187561035,2.953378915786743
2022-12-30,2.3810789585113525,7.5550103187561035,2.9824283123016357
2023-01-03,2.3902018070220947,7.5550103187561035,3.0211613178253174
2023-01-04,2.408447742462158,7.5253825187683105,3.0308449268341064
2023-01-05,2.4631848335266113,7.505631446838379,3.0114781856536865
2023-01-06,2.490554094314575,7.505631446838379,2.9049625396728516
2023-01-09,2.5544142723083496,7.663644313812256,3.0114781856536865
2023-01-10,2.408447742462158,7.683395862579346,3.050211191177368
2023-01-11,2.4175703525543213,7.693273067474365,3.06957745552063
2023-01-12,2.444938898086548,7.73277473449707,3.2051422595977783
2023-01-13,2.4175703525543213,7.890788555145264,3.137359857559204
2023-01-16,2.3719558715820312,7.801906585693359,3.2245090007781982
2023-01-17,2.3719558715820312,7.703147888183594,3.234192132949829
2023-01-18,2.399324655532837,7.762402057647705,3.2922916412353516
2023-01-19,2.3810789585113525,7.643892288208008,3.253558397293091
2023-01-20,2.444938898086548,7.703147888183594,3.1954588890075684
2023-01-25,2.435816764831543,7.821658134460449,3.3019747734069824
2023-01-26,2.4540627002716064,7.752527236938477,3.24387526512146
2023-01-27,2.435816764831543,8.098180770874023,3.147043228149414
2023-01-30,2.4266936779022217,7.979671478271484,3.2051422595977783
2023-01-31,2.3628334999084473,7.742651462554932,3.1857759952545166
2023-02-02,2.4175703525543213,8.098180770874023,3.234192132949829
2023-02-03,2.444938898086548,8.147560119628906,3.1954588890075684
2023-02-07,2.4266936779022217,8.127808570861816,3.0986273288726807
2023-02-08,2.399324655532837,8.226566314697266,3.176093101501465
2023-02-09,2.399324655532837,8.15743637084961,3.137359857559204
2023-02-10,2.3902018070220947,8.098180770874023,3.0889437198638916
2023-02-13,2.3628334999084473,7.831532955169678,3.0986273288726807
2023-02-14,2.3810789585113525,7.979671478271484,3.1083106994628906
2023-02-15,2.3354640007019043,7.950043678283691,3.0986273288726807
2023-02-16,2.3628334999084473,7.950043678283691,3.1276767253875732
2023-02-17,2.308095932006836,7.683395862579346,3.0114781856536865
2023-02-20,2.244235038757324,7.624141216278076,2.992111921310425
2023-02-21,2.2533583641052246,7.574761390686035,2.9824283123016357
2023-02-22,2.225989580154419,7.5846381187438965,2.9340128898620605
2023-02-23,2.216866970062256,7.643892288208008,3.0211613178253174
2023-02-24,2.235112428665161,7.8809123039245605,3.0114781856536865
2023-02-27,2.2077436447143555,7.851284980773926,2.963062047958374
2023-02-28,2.235112428665161,7.900664806365967,3.0308449268341064
2023-03-01,2.2077436447143555,7.890788555145264,3.0308449268341064
2023-03-02,2.1712522506713867,7.9401679039001465,3.0017952919006348
2023-03-03,2.180375099182129,7.890788555145264,3.0017952919006348
2023-03-06,2.225989580154419,7.900664806365967,3.0308449268341064
2023-03-07,2.244235038757324,7.851284980773926,2.992111921310425
2023-03-08,2.271604299545288,7.801906585693359,2.972745418548584
2023-03-09,2.244235038757324,7.604389190673828,2.953378915786743
2023-03-10,2.216866970062256,7.5550103187561035,2.953378915786743
2023-03-13,2.189497947692871,7.485879421234131,2.953378915786743
2023-03-14,2.180375099182129,7.308115005493164,2.9049625396728516
2023-03-15,2.1914243698120117,7.367369651794434,2.9243292808532715
2023-03-16,2.1638011932373047,7.485879421234131,2.9049625396728516
2023-03-17,2.1638011932373047,7.466127395629883,2.9243292808532715
2023-03-20,2.1638011932373047,7.5846381187438965,2.963062047958374
2023-03-21,2.173008680343628,7.604389190673828,2.9340128898620605
2023-03-22,2.173008680343628,7.614265441894531,2.9824283123016357
2023-03-23,2.2190470695495605,7.782154083251953,2.9824283123016357
2023-03-24,2.2190470695495605,7.762402057647705,2.972745418548584
2023-03-27,2.2190470695495605,7.624141216278076,2.953378915786743
2023-03-28,2.228254795074463,7.782154083251953,2.885596752166748
2023-03-29,2.2190470695495605,7.782154083251953,2.9243292808532715
2023-03-30,2.2466702461242676,7.8809123039245605,3.0017952919006348
2023-03-31,2.265085458755493,7.8809123039245605,3.0211613178253174
2023-04-03,2.320331573486328,7.900664806365967,3.147043228149414
2023-04-04,2.320331573486328,7.890788555145264,3.147043228149414
2023-04-05,2.283500909805298,7.890788555145264,3.0889437198638916
2023-04-06,2.2466702461242676,7.821658134460449,3.0889437198638916
2023-04-07,2.1914243698120117,7.7130231857299805,3.06957745552063
2023-04-10,2.2190470695495605,7.782154083251953,3.07926082611084
2023-04-11,2.228254795074463,7.801906585693359,3.137359857559204
2023-04-12,2.2098395824432373,7.722899913787842,3.0889437198638916
2023-04-13,2.1545934677124023,7.792030334472656,3.07926082611084
2023-04-14,2.200631856918335,7.8809123039245605,3.07926082611084
2023-04-17,2.1638011932373047,7.801906585693359,3.0986273288726807
2023-04-18,2.145386219024658,7.900664806365967,3.0986273288726807
2023-04-19,2.1638011932373047,7.861161231994629,3.059894323348999
2023-04-20,2.1269705295562744,7.861161231994629,3.0114781856536865
2023-04-25,2.117762804031372,7.831532955169678,2.963062047958374
2023-04-26,2.0993478298187256,7.890788555145264,2.9340128898620605
2023-04-27,2.0901403427124023,7.801906585693359,2.9243292808532715
2023-04-28,2.117762804031372,7.890788555145264,2.9436957836151123
2023-05-02,2.173008680343628,7.890788555145264,2.953378915786743
2023-05-03,2.1822166442871094,7.811781883239746,2.895279884338379
2023-05-05,2.1638011932373047,7.7130231857299805,2.875913381576538
2023-05-08,2.1638011932373047,7.762402057647705,2.8565471172332764
2023-05-09,2.1269705295562744,7.722899913787842,2.8178141117095947
2023-05-10,2.1545934677124023,7.821658134460449,2.8371803760528564
2023-05-11,2.080932140350342,7.742651462554932,2.7597146034240723
2023-05-12,2.0441014766693115,7.722899913787842,2.7403483390808105
2023-05-15,1.9888557195663452,7.722899913787842,2.7403483390808105
2023-05-16,2.025686264038086,7.73277473449707,2.691932201385498
2023-05-17,2.016479015350342,7.752527236938477,2.7500317096710205
2023-05-18,2.025686264038086,7.792030334472656,2.769397497177124
2023-05-19,2.034893751144409,7.801906585693359,2.788764715194702
2023-05-22,2.034893751144409,7.792030334472656,2.788764715194702
2023-05-23,1.9796478748321533,7.782154083251953,2.769397497177124
2023-05-24,2.0717246532440186,7.752527236938477,2.7403483390808105
2023-05-25,2.080932140350342,7.703147888183594,2.7403483390808105
2023-05-26,2.2742931842803955,7.653769016265869,2.972745418548584
2023-05-29,2.2742931842803955,7.782154083251953,3.059894323348999
2023-05-30,2.265085458755493,7.752527236938477,3.050211191177368
2023-05-31,2.320331573486328,7.703147888183594,3.0114781856536865
2023-06-01,2.283500909805298,7.762402057647705,3.0889437198638916
2023-06-02,2.338747024536133,7.772278308868408,3.0114781856536865
2023-06-06,2.3019163608551025,7.792030334472656,3.06957745552063
2023-06-07,2.283500909805298,7.861161231994629,3.0211613178253174
2023-06-08,2.2466702461242676,7.73277473449707,3.0017952919006348
2023-06-09,2.2927091121673584,7.792030334472656,3.06957745552063
2023-06-12,2.338747024536133,7.792030334472656,3.0211613178253174
2023-06-13,2.4860692024230957,7.792030334472656,3.147043228149414
2023-06-14,2.578146457672119,7.91054105758667,3.1857759952545166
2023-06-15,2.5263242721557617,7.900664806365967,3.147043228149414
2023-06-16,2.4985620975494385,7.900664806365967,3.0552873611450195
2023-06-19,2.544832229614258,8.04880142211914,3.035764455795288
2023-06-20,2.5078160762786865,7.950043678283691,3.0162417888641357
2023-06-21,2.5263242721557617,7.900664806365967,3.035764455795288
2023-06-22,2.517070770263672,7.792030334472656,3.026003360748291
2023-06-23,2.5263242721557617,7.801906585693359,3.045525550842285
2023-06-26,2.5078160762786865,7.792030334472656,2.9967191219329834
2023-06-27,2.4337847232818604,7.890788555145264,3.045525550842285
2023-06-28,2.4985620975494385,7.891530513763428,3.0162417888641357
2023-06-30,2.535578489303589,7.901432514190674,3.0748097896575928
2023-07-03,2.544832229614258,7.9113335609436035,3.0552873611450195
2023-07-04,2.544832229614258,7.92123556137085,3.035764455795288
2023-07-05,2.535578489303589,7.723204612731934,3.08457088470459
2023-07-06,2.5263242721557617,7.743007659912109,3.0748097896575928
2023-07-07,2.4985620975494385,7.812318801879883,3.0748097896575928
2023-07-10,2.4985620975494385,7.8321213722229,3.094332218170166
2023-07-11,2.563340187072754,7.92123556137085,3.221228837966919
2023-07-12,2.5725936889648438,7.9113335609436035,3.221228837966919
2023-07-13,2.591101884841919,7.92123556137085,3.211467742919922
2023-07-14,2.7761800289154053,7.941039562225342,3.4359779357910156
2023-07-17,2.8779730796813965,8.426214218139648,3.3578872680664062
2023-07-18,2.8687195777893066,8.218282699584961,3.416455030441284
2023-07-20,2.8594653606414795,7.960841655731201,3.3774101734161377
2023-07-21,2.887227773666382,8.119266510009766,3.201706886291504
2023-07-24,2.8687195777893066,7.990545749664307,3.279796838760376
2023-07-25,2.8687195777893066,7.990545749664307,3.2602744102478027
2023-07-26,2.8131961822509766,7.990545749664307,3.211467742919922
2023-07-27,2.8131961822509766,7.970743179321289,3.2602744102478027
2023-07-28,2.8224499225616455,7.772712707519531,3.230990171432495
2023-07-31,2.7946882247924805,7.772712707519531,3.16266131401062
2023-08-01,2.8224499225616455,7.792515754699707,3.1919455528259277
2023-08-02,2.8131961822509766,7.851925373077393,3.16266131401062
2023-08-03,2.8594653606414795,7.8321213722229,3.289558172225952
2023-08-04,2.8317041397094727,7.8222198486328125,3.3090808391571045
2023-08-07,2.8131961822509766,7.8321213722229,3.2993195056915283
2023-08-08,2.8131961822509766,7.762810707092285,3.3188424110412598
2023-08-09,2.8779730796813965,7.8222198486328125,3.3188424110412598
2023-08-10,2.8317041397094727,7.802417278289795,3.338365077972412
2023-08-11,2.8502113819122314,7.782614707946777,3.338365077972412
2023-08-14,2.8687195777893066,7.683599472045898,3.3676483631134033
2023-08-15,2.914989471435547,7.7529096603393555,3.338365077972412
2023-08-16,2.8224499225616455,7.7529096603393555,3.279796838760376
2023-08-17,2.7761800289154053,7.8222198486328125,3.279796838760376
2023-08-18,2.7854347229003906,7.851925373077393,3.3090808391571045
2023-08-21,2.7761800289154053,7.703401565551758,3.279796838760376
2023-08-22,2.8131961822509766,7.782614707946777,3.348126173019409
2023-08-23,2.8224499225616455,7.683599472045898,3.2993195056915283
2023-08-24,2.8502113819122314,7.634090900421143,3.3774101734161377
2023-08-25,2.8039419651031494,7.554878234863281,3.289558172225952
2023-08-28,2.7761800289154053,7.475666522979736,3.270035743713379
2023-08-29,2.8039419651031494,7.475666522979736,3.270035743713379
2023-08-30,2.914989471435547,7.505370616912842,3.416455030441284
2023-09-01,2.914989471435547,7.505370616912842,3.3676483631134033
2023-09-04,2.8502113819122314,7.723204612731934,3.3188424110412598
2023-09-05,2.8039419651031494,7.673696994781494,3.3188424110412598
2023-09-06,2.8131961822509766,7.723204612731934,3.270035743713379
2023-09-07,2.7761800289154053,7.604385852813721,3.201706886291504
2023-09-08,2.655879020690918,7.564779758453369,3.1138548851013184
2023-09-11,2.7021493911743164,7.554878234863281,3.143138885498047
2023-09-12,2.665133476257324,7.6241888999938965,3.1236162185668945
2023-09-13,2.64662504196167,7.544976711273193,3.16266131401062
2023-09-14,2.646625280380249,7.544976711273193,3.172422409057617
2023-09-15,2.6652631759643555,7.4261579513549805,3.201706886291504
2023-09-18,2.637305736541748,7.376650810241699,3.16266131401062
2023-09-19,2.637305736541748,7.376650810241699,3.1236162185668945
2023-09-20,2.693220853805542,7.4261579513549805,3.1333775520324707
2023-09-21,2.7025399208068848,7.505370616912842,3.104093551635742
2023-09-22,2.7025399208068848,7.455862998962402,3.1138548851013184
2023-09-25,2.6745824813842773,7.4261579513549805,3.1138548851013184
2023-09-26,2.6652631759643555,7.4261579513549805,3.0748097896575928
2023-09-27,2.6559441089630127,7.4261579513549805,3.0748097896575928
2023-09-29,2.7025399208068848,7.366748332977295,3.0748097896575928
2023-10-02,2.6652631759643555,7.27763557434082,3.0748097896575928
2023-10-03,2.609349012374878,7.2380290031433105,3.0650484561920166
2023-10-04,2.590710401535034,7.178619861602783,3.035764455795288
2023-10-05,2.590710401535034,7.099407196044922,3.035764455795288
2023-10-06,2.637305736541748,7.148914813995361,3.0650484561920166
2023-10-09,2.6745824813842773,7.1291117668151855,3.045525550842285
2023-10-10,2.7025399208068848,7.099407196044922,3.0552873611450195
2023-10-11,2.730497360229492,7.05980110168457,3.0748097896575928
2023-10-12,2.7118592262268066,7.079604148864746,3.104093551635742
2023-10-13,2.7491352558135986,7.05980110168457,3.08457088470459
2023-10-16,2.7211785316467285,7.05980110168457,3.0748097896575928
2023-10-17,2.7491352558135986,7.079604148864746,3.1138548851013184
2023-10-18,2.6745824813842773,7.148914813995361,3.0650484561920166
2023-10-19,2.6839020252227783,7.039998531341553,3.094332218170166
2023-10-20,2.6839020252227783,7.049899578094482,3.1821842193603516
2023-10-23,2.646625280380249,7.049899578094482,3.1236162185668945
2023-10-24,2.7211785316467285,7.178619861602783,3.143138885498047
2023-10-25,2.739816427230835,7.158816337585449,3.1236162185668945
2023-10-26,2.6745824813842773,7.1291117668151855,3.16266131401062
2023-10-27,2.6279869079589844,6.851869106292725,3.1333775520324707
2023-10-30,2.637305736541748,6.812263011932373,3.104093551635742
2023-10-31,2.6559441089630127,6.812263011932373,3.104093551635742
2023-11-01,2.6279869079589844,6.7429518699646,3.0748097896575928
2023-11-02,2.693220853805542,6.723149299621582,3.1138548851013184
2023-11-03,2.730497360229492,6.73305082321167,3.08457088470459
2023-11-06,2.777092695236206,6.802361011505127,3.1821842193603516
2023-11-07,2.7677736282348633,6.693443775177002,3.152899980545044
2023-11-08,2.7491352558135986,6.73305082321167,3.172422409057617
2023-11-09,2.7584545612335205,6.73305082321167,3.1138548851013184
2023-11-10,2.7211785316467285,6.73305082321167,3.1236162185668945
2023-11-14,2.7584545612335205,6.683542728424072,3.143138885498047
2023-11-15,2.7957305908203125,6.683542728424072,3.1919455528259277
2023-11-16,2.786411762237549,6.683542728424072,3.143138885498047
2023-11-17,2.7677736282348633,6.73305082321167,3.1333775520324707
2023-11-20,2.7677736282348633,6.792459487915039,3.230990171432495
2023-11-21,2.8423264026641846,6.832066059112549,3.221228837966919
2023-11-22,2.7957305908203125,6.881572723388672,3.221228837966919
2023-11-23,2.7025399208068848,6.832066059112549,3.1919455528259277
2023-11-24,2.6839020252227783,6.881572723388672,3.211467742919922
2023-11-27,2.7025399208068848,6.8716721534729,3.1333775520324707
2023-11-28,2.693220853805542,6.841967582702637,3.1333775520324707
2023-11-29,2.6839020252227783,6.861769676208496,3.0748097896575928
2023-11-30,2.7211785316467285,6.9310808181762695,3.104093551635742
2023-12-01,2.693220853805542,6.911278247833252,3.104093551635742
2023-12-04,2.6559441089630127,6.9310808181762695,3.0552873611450195
2023-12-05,2.693220853805542,6.970686912536621,3.026003360748291
2023-12-06,2.6745824813842773,6.980588912963867,3.0552873611450195
2023-12-07,2.6652631759643555,7.119211196899414,3.026003360748291
2023-12-08,2.637305736541748,7.267733573913574,3.026003360748291
2023-12-11,2.637305736541748,7.228127956390381,3.0650484561920166
2023-12-12,2.7584545612335205,7.030096530914307,3.026003360748291
2023-12-13,2.7677736282348633,7.119211196899414,3.026003360748291
2023-12-14,2.760262966156006,7.148914813995361,3.026003360748291
2023-12-15,2.769651412963867,7.139013767242432,3.026003360748291
2023-12-18,2.7978172302246094,7.1291117668151855,3.035764455795288
2023-12-19,2.7978172302246094,7.139013767242432,3.035764455795288
2023-12-20,2.8072056770324707,7.178619861602783,3.045525550842285
2023-12-21,2.8165946006774902,7.208324909210205,3.0748097896575928
2023-12-22,2.825983762741089,7.188521385192871,3.1236162185668945
2023-12-26,2.8165946006774902,7.228127956390381,3.1236162185668945
2023-12-27,2.8165946006774902,7.208324909210205,3.152899980545044
2023-12-28,2.825983762741089,7.234338760375977,3.152899980545044
2023-12-29,2.825983762741089,7.224428176879883,3.16266131401062
2024-01-02,2.825983762741089,7.085687637329102,3.1138548851013184
2024-01-03,2.788428783416748,7.135238170623779,3.08457088470459
2024-01-04,2.7978172302246094,7.135238170623779,3.094332218170166
2024-01-05,2.9198696613311768,7.075778007507324,3.1236162185668945
2024-01-08,2.9574246406555176,7.095597743988037,3.1333775520324707
2024-01-09,2.9762020111083984,7.115417957305908,3.1236162185668945
2024-01-10,3.013756513595581,7.1649675369262695,3.230990171432495
2024-01-11,2.994978904724121,7.1649675369262695,3.4945454597473145
2024-01-12,2.9574246406555176,7.184788227081299,3.445739269256592
2024-01-15,3.0325334072113037,7.145147800445557,3.416455030441284
2024-01-16,3.013756513595581,7.1649675369262695,3.3578872680664062
2024-01-17,2.9855902194976807,7.1649675369262695,3.338365077972412
2024-01-18,2.9762020111083984,7.115417957305908,3.348126173019409
2024-01-19,3.0325334072113037,7.145147800445557,3.445739269256592
2024-01-22,3.041922092437744,7.135238170623779,3.445739269256592
2024-01-23,3.041922092437744,7.095597743988037,3.475023031234741
2024-01-24,3.013756513595581,7.016317367553711,3.416455030441284
2024-01-26,3.013756513595581,6.867665767669678,3.455500364303589
2024-01-29,3.060699462890625,6.78838586807251,3.455500364303589
2024-01-30,3.060699462890625,6.937036514282227,3.465261697769165
2024-01-31,2.9855902194976807,6.867665767669678,3.3774101734161377
2024-02-02,2.9762020111083984,6.887485980987549,3.3774101734161377
2024-02-05,2.9198696613311768,6.867665767669678,3.3676483631134033
2024-02-06,3.0043675899505615,6.867665767669678,3.3676483631134033
2024-02-07,2.9855902194976807,6.937036514282227,3.338365077972412
2024-02-08,3.0043675899505615,6.966767311096191,3.3871712684631348
2024-02-09,3.0231451988220215,6.966767311096191,3.416455030441284
2024-02-13,3.041922092437744,7.055957317352295,3.416455030441284
2024-02-14,2.9762020111083984,6.99649715423584,3.406693935394287
2024-02-15,3.0325334072113037,6.966767311096191,3.445739269256592
2024-02-16,3.0325334072113037,6.956857681274414,3.406693935394287
2024-02-19,3.013756513595581,6.956857681274414,3.4262163639068604
2024-02-20,3.0325334072113037,7.135238170623779,3.416455030441284
2024-02-21,3.0513105392456055,7.145147800445557,3.475023031234741
2024-02-22,3.12641978263855,7.571280002593994,3.650726318359375
2024-02-23,3.0982537269592285,7.5019097328186035,3.6214427947998047
2024-02-26,2.966813087463379,7.254158973693848,3.5628750324249268
2024-02-27,2.948035717010498,7.382988929748535,3.660487413406372
2024-02-28,2.901092052459717,7.4127197265625,3.6214427947998047
2024-02-29,2.9762020111083984,7.432539463043213,3.5823974609375
2024-03-01,2.9198696613311768,7.422628879547119,3.5628750324249268
2024-03-04,2.8729262351989746,7.392899513244629,3.5823974609375
2024-03-05,2.9292588233947754,7.2739787101745605,3.709294319152832
2024-03-06,2.9104809761047363,7.016317367553711,3.660487413406372
2024-03-07,2.9104809761047363,7.194698333740234,3.6116809844970703
2024-03-08,2.9198696613311768,7.155057907104492,3.6019198894500732
2024-03-11,2.9198696613311768,7.036137104034424,3.6214427947998047
2024-03-12,2.9104809761047363,7.214519023895264,3.6116809844970703
2024-03-13,2.948035717010498,7.135238170623779,3.6019198894500732
2024-03-14,2.9593818187713623,7.115417957305908,3.6019198894500732
2024-03-15,2.9215614795684814,7.135238170623779,3.592158555984497
2024-03-18,2.9310169219970703,7.115417957305908,3.572636127471924
2024-03-19,2.9404714107513428,7.155057907104492,3.640964984893799
2024-03-20,2.9404714107513428,7.214519023895264,3.650726318359375
2024-03-21,3.0066561698913574,7.283888816833496,3.660487413406372
2024-03-22,3.0728402137756348,7.382988929748535,3.7483394145965576
2024-03-25,3.0350208282470703,7.333438873291016,3.7385780811309814
2024-03-26,3.0539302825927734,7.3136186599731445,3.758100748062134
2024-03-27,2.987746238708496,7.571280002593994,3.777623414993286
2024-03-29,3.0539302825927734,7.511820316314697,3.787384510040283
2024-04-01,2.9972009658813477,7.610920429229736,3.767861843109131
2024-04-02,3.016110897064209,7.690201759338379,3.767861843109131
2024-04-03,3.0066561698913574,7.719930648803711,3.7483394145965576
2024-04-04,2.9972009658813477,7.670380592346191,3.7385780811309814
2024-04-05,2.987746238708496,7.670380592346191,3.7483394145965576
2024-04-08,2.987746238708496,7.670380592346191,3.8166685104370117
2024-04-09,3.0066561698913574,7.670380592346191,3.8166685104370117
2024-04-12,2.9972009658813477,7.710021018981934,3.884997844696045
2024-04-15,2.9310169219970703,7.710021018981934,3.778989553451538
2024-04-16,2.9215614795684814,7.680290699005127,3.7200958728790283
2024-04-17,2.9593818187713623,7.680290699005127,3.818251609802246
2024-04-18,3.0066561698913574,7.670380592346191,3.7986202239990234
2024-04-19,2.883742332458496,7.680290699005127,3.7495429515838623
2024-04-22,2.8742873668670654,7.65056037902832,3.6808340549468994
2024-04-23,2.883742332458496,7.5019097328186035,3.769174098968506
2024-04-24,2.9404714107513428,7.53164005279541,3.778989553451538
2024-04-25,2.8931972980499268,7.551460266113281,3.778989553451538
2024-04-26,2.864832639694214,7.333438873291016,3.818251609802246
2024-04-29,2.9499266147613525,7.333438873291016,3.8575143814086914
2024-04-30,2.9215614795684814,7.382988929748535,3.8673295974731445
2024-05-02,2.9404714107513428,3.666719436645508,3.818251609802246
2024-05-03,2.9499266147613525,3.666719436645508,3.8575143814086914
2024-05-06,3.0066561698913574,3.666719436645508,4.01456356048584
2024-05-07,3.0350208282470703,3.666719436645508,4.063640594482422
2024-05-08,3.044475793838501,3.6766300201416016,4.122533321380615
2024-05-09,2.9215614795684814,3.666719436645508,4.0538249015808105
2024-05-10,2.8931972980499268,3.627079486846924,4.093087196350098
2024-05-13,2.9215614795684814,3.686539649963379,4.17161226272583
2024-05-14,2.9215614795684814,3.6914944648742676,4.210874080657959
2024-05-15,2.9593818187713623,3.7509548664093018,4.1912431716918945
2024-05-16,2.968836784362793,3.765820026397705,4.2992143630981445
2024-05-17,2.9972009658813477,3.805460214614868,4.358107089996338
2024-05-20,3.0350208282470703,3.790595293045044,4.289398193359375
2024-05-21,3.0728402137756348,3.790595293045044,4.367922782897949
2024-05-23,3.0539302825927734,3.8153703212738037,4.358107089996338
2024-05-24,3.252483367919922,3.8153703212738037,4.358107089996338
2024-05-27,3.224118709564209,3.9045610427856445,4.318844795227051
2024-05-28,3.2146637439727783,3.855010509490967,4.210874080657959
2024-05-29,3.224118709564209,3.8599653244018555,4.201058864593506
2024-05-30,3.1768441200256348,3.8649206161499023,4.17161226272583
2024-05-31,3.0728402137756348,3.7559101581573486,4.17161226272583
2024-06-04,3.120114326477051,3.8401453495025635,4.2206902503967285
2024-06-05,3.224118709564209,3.8649206161499023,4.2206902503967285
2024-06-06,3.2146637439727783,3.8996055126190186,4.289398193359375
2024-06-07,3.280268907546997,3.934291124343872,4.2992143630981445
2024-06-10,3.299285411834717,4.211772441864014,4.230504989624023
2024-06-11,3.308793306350708,4.806375026702881,4.358107089996338
2024-06-12,3.6130499839782715,4.459523677825928,4.495525360107422
2024-06-13,3.698622465133667,4.7171854972839355,4.495525360107422
2024-06-14,3.6415741443634033,4.558623790740967,4.397369384765625
2024-06-18,3.6130499839782715,4.528894901275635,4.583865642547607
2024-06-19,3.5369856357574463,4.360423564910889,4.4857096672058105
2024-06-20,3.5084617137908936,4.360423564910889,4.4857096672058105
2024-06-21,3.5084617137908936,4.310873508453369,4.524971961975098
2024-06-24,3.4704296588897705,4.162221908569336,4.475894451141357
2024-06-25,3.4704296588897705,4.112671852111816,4.407184600830078
2024-06-26,3.4989538192749023,4.0928521156311035,4.4170002937316895
2024-06-27,3.489445686340332,4.123654842376709,4.348291397094727
2024-06-28,3.5179693698883057,4.093845844268799,4.3777384757995605
2024-07-01,3.5084617137908936,4.0640363693237305,4.4170002937316895
2024-07-02,3.6130499839782715,4.223020076751709,4.4857096672058105
2024-07-03,3.689114570617676,4.093845844268799,4.524971961975098
2024-07-04,3.6415741443634033,4.0044169425964355,4.515156269073486
2024-07-05,3.6510818004608154,4.133591175079346,4.495525360107422
2024-07-09,3.7271459102630615,4.372068405151367,4.4857096672058105
2024-07-10,3.7556703090667725,4.372068405151367,4.652574062347412
2024-07-11,3.803210496902466,4.481369495391846,4.583865642547607
2024-07-12,3.7556703090667725,4.491306304931641,4.505341053009033
2024-07-15,3.803210496902466,4.550925254821777,4.505341053009033
2024-07-16,3.7937026023864746,4.471433162689209,4.456263065338135
2024-07-17,3.774686336517334,4.332322120666504,4.4170002937316895
2024-07-18,3.708130359649658,4.223020076751709,4.318844795227051
2024-07-19,3.6605899333953857,4.133591175079346,4.250135898590088
2024-07-22,3.632066011428833,4.183274269104004,4.279582977294922
2024-07-23,3.632066011428833,4.223020076751709,4.2992143630981445
2024-07-24,3.6035420894622803,4.123654842376709,4.259952068328857
2024-07-25,3.5179693698883057,4.044163227081299,4.093087196350098
2024-07-26,3.5179693698883057,3.974607229232788,4.161795616149902
2024-07-29,3.5369856357574463,4.034226417541504,4.2206902503967285
2024-07-30,3.594033718109131,4.0540995597839355,4.230504989624023
2024-07-31,3.594033718109131,3.9646706581115723,4.2206902503967285
2024-08-01,3.594033718109131,4.0044169425964355,4.250135898590088
2024-08-02,3.4038734436035156,3.7560038566589355,4.01456356048584
2024-08-05,3.1091246604919434,3.626829147338867,3.6415719985961914
2024-08-06,3.232728958129883,3.736130714416504,3.8378829956054688
2024-08-07,3.232728958129883,3.8553693294525146,3.965484857559204
2024-08-08,3.232728958129883,3.835495710372925,3.9753010272979736
2024-08-09,3.3943653106689453,4.0044169425964355,4.122533321380615
2024-08-12,3.3943653106689453,4.0044169425964355,4.132349491119385
2024-08-13,3.422889232635498,3.9149882793426514,4.122533321380615
2024-08-14,3.422889232635498,3.9944801330566406,4.073455810546875
2024-08-15,3.308793306350708,3.8653054237365723,3.877145290374756
2024-08-16,3.375349521636963,3.934861183166504,3.8673295974731445
2024-08-19,3.299285411834717,3.835495710372925,3.808436155319214
2024-08-20,3.2612531185150146,3.875241994857788,3.6513872146606445
2024-08-21,3.308793306350708,3.8454322814941406,3.7593584060668945
2024-08-22,3.346825122833252,3.8553693294525146,3.7299115657806396
2024-08-23,3.1851885318756104,3.7957496643066406,3.671018362045288
2024-08-26,3.204204797744751,3.775876760482788,3.7299115657806396
2024-08-27,3.204204797744751,3.6963846683502197,3.6219406127929688
2024-08-28,2.947488307952881,3.676511526107788,3.4747073650360107
2024-08-29,2.890439748764038,3.676511526107788,3.553231716156006
2024-08-30,2.995028495788574,3.6168928146362305,3.5502729415893555
2024-09-02,3.071092367172241,3.547337055206299,3.7080628871917725
2024-09-03,3.033060312271118,3.577146530151367,3.7080628871917725
2024-09-04,2.91896390914917,3.447971820831299,3.6193063259124756
2024-09-05,2.814375877380371,3.3784162998199463,3.5404109954833984
2024-09-06,2.890439748764038,3.1697492599487305,3.5404109954833984
2024-09-09,2.823883533477783,3.1200668811798096,3.6094443798065186
2024-09-10,2.8333916664123535,3.249241352081299,3.5798590183258057
2024-09-11,2.7894484996795654,3.080320358276367,3.5404109954833984
2024-09-12,2.8658716678619385,3.328733205795288,3.6193063259124756
2024-09-13,2.904083251953125,3.338669776916504,3.7475104331970215
2024-09-17,2.8181071281433105,3.2591779232025146,3.7277865409851074
2024-09-18,2.87542462348938,3.1796858310699463,3.7968199253082275
2024-09-19,2.9614005088806152,3.279050827026367,3.8165435791015625
2024-09-20,2.9614005088806152,3.3187971115112305,3.9644715785980225
2024-09-23,2.9614005088806152,3.328733205795288,3.8559913635253906
2024-09-24,2.8467655181884766,3.279050827026367,3.7672343254089355
2024-09-25,2.779895305633545,3.1598126888275146,3.5897207260131836
2024-09-26,2.8181071281433105,3.1796858310699463,3.5798590183258057
2024-09-27,2.7703425884246826,3.1796858310699463,3.4713780879974365
2024-09-30,2.7703425884246826,3.2094953060150146,3.6193063259124756
2024-10-01,2.8658716678619385,3.3187971115112305,3.7277865409851074
2024-10-02,2.856318712234497,3.2194318771362305,3.5699968338012695
2024-10-03,2.7894484996795654,3.149876594543457,3.5995826721191406
2024-10-04,2.751236915588379,3.090257167816162,3.4812400341033936
2024-10-07,2.8467655181884766,3.149876594543457,3.6094443798065186
2024-10-08,2.779895305633545,3.189622402191162,3.6291682720184326
2024-10-09,2.732131004333496,3.2691142559051514,3.6982011795043945
2024-10-10,2.7607898712158203,3.2591779232025146,3.7277865409851074
2024-10-11,2.703472375869751,3.2194318771362305,3.6488916873931885
2024-10-14,2.6748132705688477,3.2591779232025146,3.7080628871917725
2024-10-15,2.6461546421051025,3.279050827026367,3.7475104331970215
2024-10-16,2.5983903408050537,3.487718105316162,3.7869579792022705
2024-10-17,2.684366226196289,3.4181623458862305,3.7573723793029785
2024-10-18,2.703472375869751,3.447971820831299,3.8362674713134766
2024-10-21,2.732131004333496,3.537400245666504,3.7672343254089355
2024-10-22,2.7225778102874756,3.6069560050964355,3.8362674713134766
2024-10-23,2.732131004333496,3.5672099590301514,3.8264055252075195
2024-10-24,2.713024616241455,3.4280989170074463,3.7968199253082275
2024-10-25,2.6939194202423096,3.487718105316162,3.7277865409851074
2024-10-28,2.713024616241455,3.328733205795288,3.7573723793029785
2024-10-29,2.713024616241455,3.288987636566162,3.7770960330963135
2024-10-30,2.751236915588379,3.2293684482574463,3.7968199253082275
2024-11-01,2.732131004333496,3.288987636566162,3.7475104331970215
2024-11-04,2.713024616241455,3.239305019378662,3.7277865409851074
2024-11-05,2.7416837215423584,3.279050827026367,3.6883392333984375
2024-11-06,2.856318712234497,3.4280989170074463,4.1222615242004395
2024-11-07,3.047376871109009,3.6069560050964355,4.0137810707092285
2024-11-08,2.9900591373443604,3.6069560050964355,3.9447479248046875
2024-11-11,2.8372130393981934,3.5970194339752197,3.9447479248046875
2024-11-12,2.8658716678619385,3.6069560050964355,3.9644715785980225
2024-11-13,2.8658716678619385,3.527463674545288,3.9841952323913574
2024-11-14,2.8467655181884766,3.537400245666504,4.023642539978027
2024-11-15,2.7703425884246826,3.527463674545288,4.003918647766113
2024-11-18,2.8467655181884766,3.3585431575775146,3.9151620864868164
2024-11-19,2.779895305633545,3.4082257747650146,3.9841952323913574
2024-11-20,2.8181071281433105,3.3088603019714355,3.9644715785980225
2024-11-21,2.7703425884246826,3.3784162998199463,3.9447479248046875
2024-11-22,2.732131004333496,3.328733205795288,4.053228378295898
2024-11-25,2.7990012168884277,3.5572733879089355,4.082813739776611
2024-11-26,2.8181071281433105,3.3684794902801514,4.0630903244018555
2024-11-27,2.8372130393981934,3.328733205795288,4.053228378295898
2024-11-28,2.7225778102874756,3.3088603019714355,3.9250240325927734
2024-11-29,2.636601686477661,3.2591779232025146,3.9447479248046875
2024-12-02,2.6461546421051025,3.3088603019714355,3.9940574169158936
2024-12-03,2.732131004333496,3.298923969268799,4.033504962921143
2024-12-04,2.8181071281433105,3.3684794902801514,4.171570777893066
2024-12-05,2.8085544109344482,3.4082257747650146,4.1518473625183105
2024-12-06,2.8181071281433105,3.4280989170074463,4.230742454528809
2024-12-09,2.8372130393981934,3.547337055206299,4.161708831787109
2024-12-10,2.856318712234497,3.547337055206299,4.220880508422852
2024-12-11,2.846733808517456,3.5572733879089355,4.181432247161865
2024-12-12,2.875488758087158,3.5175273418426514,4.220880508422852
2024-12-13,3.038433074951172,3.785813331604004,4.181432247161865
2024-12-16,2.9713380336761475,3.974607229232788,4.29977560043335
2024-12-17,2.9905080795288086,3.924924373626709,4.3392229080200195
2024-12-18,2.9521682262420654,3.924924373626709,4.26032829284668
2024-12-19,2.9617531299591064,3.8553693294525146,4.398393630981445
2024-12-20,2.9042434692382812,3.8553693294525146,4.437841415405273
2024-12-23,2.9234135150909424,3.9447977542877197,4.437841415405273
2024-12-24,2.9234135150909424,3.9447977542877197,4.467426776885986
2024-12-26,2.9521682262420654,4.024289608001709,4.5167365074157715
2024-12-27,2.9713380336761475,4.0540995597839355,4.427978992462158
2024-12-30,2.9329981803894043,3.9993813037872314,4.437841415405273
2024-12-31,2.9329981803894043,3.9894330501556396,4.398393630981445
2025-01-02,2.9234135150909424,4.148612022399902,4.358946323394775
2025-01-03,2.856318473815918,4.178457736968994,4.289913177490234
2025-01-06,2.827563762664795,4.198355197906494,4.309637069702148
2025-01-07,2.865903854370117,4.277945518493652,4.358946323394775
2025-01-08,2.7796390056610107,4.218252658843994,4.319499492645264
2025-01-09,2.7317140102386475,4.078970909118652,4.1222615242004395
2025-01-10,2.7029592990875244,3.9297404289245605,4.092675685882568
2025-01-13,2.6646196842193604,3.9794840812683105,4.0729522705078125
2025-01-14,2.607109785079956,3.9396891593933105,4.003918647766113
2025-01-15,2.5208449363708496,3.7009201049804688,3.9447479248046875
2025-01-16,2.626279592514038,3.8600995540618896,4.033504962921143
2025-01-17,2.616694450378418,3.9197916984558105,4.141984939575195
2025-01-20,2.5495998859405518,3.9894330501556396,4.102537631988525
2025-01-21,2.626279592514038,4.138663291931152,4.1222615242004395
2025-01-22,2.5591847896575928,4.088919639587402,4.112399578094482
2025-01-23,2.5112597942352295,3.9794840812683105,4.043366432189941
2025-01-24,2.4441652297973633,3.9695353507995605,4.003918647766113
2025-01-27,2.4633352756500244,3.9098432064056396,3.7475104331970215
2025-01-28,2.40582537651062,3.8600995540618896,3.7968199253082275
2025-01-31,2.4249954223632812,3.8600995540618896,3.7179248332977295
2025-02-03,2.367485761642456,3.8402018547058105,3.6587536334991455
2025-02-04,2.348315715789795,3.8302533626556396,3.7475104331970215
2025-02-05,2.367485761642456,3.9197916984558105,3.8461294174194336
2025-02-06,2.329145669937134,3.9595866203308105,3.9053003787994385
2025-02-07,2.607109785079956,3.9595866203308105,3.8954386711120605
2025-02-10,2.5016751289367676,3.8998942375183105,3.8461294174194336
2025-02-12,2.5112597942352295,3.8799967765808105,3.7277865409851074
2025-02-13,2.5495998859405518,3.7904582023620605,3.6784772872924805
2025-02-14,2.530430316925049,3.8004071712493896,3.6686155796051025
2025-02-17,2.5112597942352295,3.7307660579681396,3.6390299797058105
2025-02-18,2.5016751289367676,3.581535577774048,3.7475104331970215
2025-02-19,2.5112597942352295,3.571586847305298,3.7277865409851074
2025-02-20,2.5400149822235107,3.6213302612304688,3.7475104331970215
2025-02-21,2.2524657249450684,3.690971612930298,3.7968199253082275
2025-02-24,2.147031307220459,3.581535577774048,3.7080628871917725
2025-02-25,2.0607669353485107,3.293022871017456,3.6686155796051025
2025-02-26,2.070352077484131,3.342766284942627,3.7770960330963135
2025-02-27,2.099106788635254,3.482048273086548,3.8165435791015625
2025-02-28,1.9840869903564453,3.0841000080108643,3.6883392333984375
2025-03-03,2.0032570362091064,3.0741512775421143,3.5305492877960205
2025-03-04,1.916992425918579,2.8851258754730225,3.4122071266174316
2025-03-05,1.9265773296356201,2.8552794456481934,3.4812400341033936
2025-03-06,1.9840869903564453,2.8552794456481934,3.4516541957855225
2025-03-07,1.9361622333526611,2.7358951568603516,3.3037261962890625
2025-03-10,1.8882375955581665,2.5966131687164307,3.1952459812164307
2025-03-11,1.869067668914795,2.4971261024475098,3.2445549964904785
2025-03-12,1.820646047592163,2.4374337196350098,3.1952459812164307
2025-03-13,1.888436198234558,2.5767157077789307,3.5502729415893555
2025-03-14,1.9174891710281372,2.7358951568603516,3.5108256340026855
2025-03-17,1.9465419054031372,2.8652286529541016,3.6094443798065186
2025-03-19,1.9368575811386108,2.8950746059417725,3.6784772872924805
2025-03-20,1.9174891710281372,2.9846129417419434,3.6193063259124756
2025-03-21,1.9465419054031372,2.8652286529541016,3.7277865409851074
2025-03-24,1.9368575811386108,2.8055360317230225,3.6390299797058105
2025-03-25,1.9949631690979004,2.8851258754730225,3.7080628871917725
2025-03-26,1.9755947589874268,2.9647154808044434,3.737807035446167
2025-03-27,2.014331817626953,2.9945616722106934,3.7873799800872803
2025-03-28,1.9659104347229004,2.9945616722106934,3.698148488998413
2025-04-02,1.9659104347229004,2.9448182582855225,3.5196855068206787
2025-04-03,1.9368575811386108,2.7756900787353516,3.5196855068206787
2025-04-04,1.820646047592163,2.7060492038726807,3.271820306777954
2025-04-07,1.4913803339004517,2.327997922897339,2.94463849067688
2025-04-08,1.5010645389556885,2.367793083190918,2.8355777263641357
2025-04-09,1.404221773147583,2.318049430847168,2.6769440174102783
2025-04-10,1.6656975746154785,2.6364080905914307,3.1726744174957275
2025-04-11,1.6075917482376099,2.5866644382476807,3.073528289794922
2025-04-14,1.7238032817840576,2.616511106491089,3.2123327255249023
2025-04-15,1.7044346332550049,2.5269722938537598,3.162759780883789
2025-04-16,1.6753817796707153,2.5170235633850098,3.1032721996307373
2025-04-17,1.6656975746154785,2.5866644382476807,3.1726744174957275
2025-04-18,1.6850661039352417,2.616511106491089,3.222247362136841
2025-04-21,1.6560133695602417,2.6364080905914307,3.1726744174957275
2025-04-22,1.6560133695602417,2.5767157077789307,3.1330158710479736
2025-04-23,1.7625404596328735,2.6861517429351807,3.3015642166137695
2025-04-24,1.7431719303131104,2.6861517429351807,3.3610520362854004
2025-04-25,1.8787519931793213,3.0045101642608643,3.4502832889556885
2025-04-28,1.859383225440979,3.183587074279785,3.440368890762329
2025-04-29,1.8787519931793213,3.173638343811035,3.4304542541503906
2025-04-30,1.859383225440979,3.1139461994171143,3.4701125621795654
2025-05-02,1.927173137664795,3.273125648498535,3.71797776222229
2025-05-05,1.830330491065979,3.193535804748535,3.6188318729400635
2025-05-06,1.8400145769119263,3.1537411212921143,3.5990025997161865
2025-05-07,1.830330491065979,3.283074140548706,3.6584901809692383
2025-05-08,1.9174891710281372,3.402458906173706,3.757636070251465
2025-05-09,1.8787519931793213,3.362664222717285,3.7675507068634033
2025-05-13,2.1402275562286377,3.5914840698242188,3.9460136890411377
2025-05-14,2.149911880493164,3.561638116836548,3.9460136890411377
2025-05-15,2.1111748218536377,3.511894464492798,3.866697072982788
2025-05-16,2.0433847904205322,3.372612714767456,3.7675507068634033
2025-05-19,1.9465419054031372,3.283074140548706,3.569258451461792
2025-05-20,1.956226110458374,3.253228187561035,3.628746271133423
2025-05-21,1.8109618425369263,3.193535804748535,3.569258451461792
2025-05-22,1.8400145769119263,3.1537411212921143,3.5990025997161865
2025-05-23,1.8012775182724,3.1537411212921143,3.6485755443573
2025-05-26,1.7819091081619263,3.1537411212921143,3.5990025997161865
2025-05-27,1.7819091081619263,3.183587074279785,3.6386609077453613
2025-05-28,1.791593313217163,3.2134335041046143,3.7675507068634033
2025-05-29,1.8496990203857422,3.302971601486206,3.866697072982788
2025-05-30,1.859383225440979,3.173638343811035,3.7477216720581055
2025-06-03,1.8400145769119263,3.1537411212921143,3.7972943782806396
2025-06-04,1.859383225440979,3.183587074279785,3.8171236515045166
2025-06-05,1.9078048467636108,3.223381996154785,3.886526107788086
2025-06-06,1.9078048467636108,3.2134335041046143,3.886526107788086
2025-06-09,1.9302265644073486,3.253228187561035,3.9460136890411377
2025-06-10,1.9692208766937256,3.2333309650421143,3.9658429622650146
2025-06-11,1.9789695739746094,3.332817554473877,3.886526107788086
2025-06-12,1.998466968536377,3.392510175704956,3.955928325653076
2025-06-13,1.9302265644073486,3.283074140548706,3.9460136890411377
2025-06-16,1.9107294082641602,3.203484535217285,3.886526107788086
2025-06-17,1.9009807109832764,3.283074140548706,3.8369529247283936
2025-06-18,1.9107294082641602,3.322869062423706,3.9162697792053223
2025-06-19,1.9009807109832764,3.293022871017456,3.906355381011963
2025-06-20,1.8229918479919434,3.293022871017456,3.827038288116455
2025-06-23,1.8424888849258423,3.312920093536377,3.906355381011963
2025-06-24,1.8912322521209717,3.372612714767456,3.886526107788086
2025-06-25,1.920478105545044,3.491997241973877,3.9162697792053223
2025-06-26,1.9789695739746094,3.6086297035217285,3.886526107788086
2025-06-30,1.9692208766937256,3.508943796157837,3.9261844158172607
2025-07-01,1.9594725370407104,3.70831561088562,3.955928325653076
2025-07-02,1.9497238397598267,3.6485042572021484,3.9658429622650146
2025-07-03,2.0959529876708984,3.7581584453582764,4.1740498542785645
2025-07-04,2.027712821960449,3.6684415340423584,4.084817886352539
2025-07-07,1.998466968536377,3.5687551498413086,4.114562034606934
2025-07-08,1.8814834356307983,3.528881072998047,4.025330543518066
2025-07-09,1.8814834356307983,3.5488181114196777,4.114562034606934
2025-07-10,1.8619862794876099,3.5388495922088623,4.035245418548584
2025-07-11,1.9789695739746094,3.598660945892334,4.035245418548584
2025-07-14,2.0082154273986816,3.68837833404541,4.015416145324707
2025-07-15,2.0082154273986816,3.6485042572021484,4.035245418548584
2025-07-16,1.9594725370407104,3.618598461151123,4.055074691772461
2025-07-17,1.9302265644073486,3.6086297035217285,4.07490348815918
2025-07-18,1.9887181520462036,3.578723907470703,4.114562034606934
2025-07-21,1.9789695739746094,3.578723907470703,4.094732761383057
2025-07-22,1.9399751424789429,3.5687551498413086,4.06498908996582
2025-07-23,1.9789695739746094,3.7382214069366455,4.025330543518066
2025-07-24,1.9789695739746094,3.7780957221984863,4.07490348815918
2025-07-25,1.9497238397598267,3.9575304985046387,4.06498908996582
2025-07-28,1.9789695739746094,3.8678131103515625,4.07490348815918
2025-07-29,1.9497238397598267,3.8877503871917725,4.055074691772461
2025-07-30,1.998466968536377,3.8678131103515625,3.9757578372955322
2025-07-31,2.0569586753845215,3.8279387950897217,4.035245418548584
2025-08-01,2.076456069946289,3.8877503871917725,4.045159816741943
2025-08-04,1.9399751424789429,3.8877503871917725,4.104647159576416
2025-08-05,1.920478105545044,3.8877503871917725,4.312854290008545
2025-08-06,1.8132431507110596,3.7780957221984863,4.322768688201904
2025-08-07,1.8424888849258423,3.8279387950897217,4.312854290008545
2025-08-08,1.8229918479919434,3.7780957221984863,4.312854290008545
2025-08-11,1.8424888849258423,3.817970037460327,4.312854290008545
2025-08-12,1.8327405452728271,3.8080015182495117,4.273195743560791
2025-08-13,1.9399751424789429,3.917656183242798,4.293025016784668
2025-08-14,1.8912322521209717,3.817970037460327,4.243452072143555
2025-08-15,1.9009807109832764,3.8080015182495117,4.21370792388916
2025-08-18,1.8814834356307983,3.8877503871917725,4.243452072143555
2025-08-19,1.9009807109832764,3.8877503871917725,4.283110618591309
2025-08-20,1.8912322521209717,3.8279387950897217,4.233537197113037
2025-08-21,1.8619862794876099,3.8080015182495117,4.223622798919678
2025-08-22,1.871734857559204,3.9475619792938232,4.203793048858643
2025-08-25,1.9302265644073486,4.057216644287109,4.3029398918151855
2025-08-26,1.9302265644073486,3.9475619792938232,4.322768688201904
2025-08-27,1.9789695739746094,3.9375932216644287,4.3921709060668945
2025-08-28,1.9302265644073486,3.9076874256134033,4.293025016784668
2025-08-29,1.9789695739746094,3.897718906402588,4.243452072143555
2025-09-02,1.9399751424789429,3.8678131103515625,4.233537197113037
2025-09-03,1.9887181520462036,3.9475619792938232,4.233537197113037
2025-09-04,1.9399751424789429,3.9575304985046387,4.223622798919678
2025-09-08,1.9789695739746094,3.7780957221984863,4.253366470336914
2025-09-09,1.998466968536377,3.6285669803619385,4.263281345367432
2025-09-10,1.9789695739746094,3.6983470916748047,4.263281345367432
2025-09-11,1.9887181520462036,3.8877503871917725,4.323047161102295
2025-09-12,2.0179638862609863,3.7880642414093018,4.3330078125
2025-09-17,2.0297305583953857,3.8279387950897217,4.372851371765137
2025-09-18,2.0787580013275146,3.877781629562378,4.3330078125
2025-09-19,2.1179797649383545,3.8478755950927734,4.342968940734863
2025-09-22,2.1179797649383545,3.728252649307251,4.283203125
2025-09-23,2.1179797649383545,3.7780957221984863,4.2333984375
2025-09-24,2.1572017669677734,3.817970037460327,4.223437309265137
2025-09-25,2.1081745624542236,3.8080015182495117,4.283203125
2025-09-26,2.0591468811035156,3.768127202987671,4.193554878234863
2025-09-29,2.039536237716675,3.728252649307251,4.1337890625
2025-09-30,2.0297305583953857,3.7382214069366455,4.1337890625
2025-10-01,2.0689523220062256,3.9375932216644287,4.283203125
2025-10-02,2.304283618927002,4.186808109283447,4.362890720367432
2025-10-03,2.314089059829712,4.2366509437561035,4.372851371765137
2025-10-06,2.274867296218872,4.42605447769165,4.352929592132568
2025-10-07,2.314089059829712,4.436022758483887,4.4326171875
2025-10-08,2.3238942623138428,4.3662428855896,4.412694931030273
2025-10-09,2.4219491481781006,4.525739669799805,4.542187213897705
2025-10-10,2.3925328254699707,4.3463053703308105,4.4326171875
2025-10-13,2.343505620956421,4.316399574279785,4.452538967132568
2025-10-14,2.274867296218872,4.2366509437561035,4.372851371765137
2025-10-15,2.343505620956421,4.276525020599365,4.542187213897705
2025-10-16,2.4513657093048096,4.266556739807129,4.761328220367432
2025-10-17,2.353311061859131,4.256587982177734,4.492383003234863
2025-10-21,2.4611711502075195,4.336336612701416,4.542187213897705
2025-10-22,2.4121437072753906,4.455959796905518,4.58203125
2025-10-23,2.4415602684020996,4.505802631378174,4.512304782867432
2025-10-24,2.4611711502075195,4.625425815582275,4.572070598602295
2025-10-27,2.559225559234619,4.645362854003906,4.522265434265137
2025-10-28,2.588642120361328,4.67526912689209,4.522265434265137
2025-10-29,2.588642120361328,4.63539457321167,4.562109470367432
2025-10-30,2.559225559234619,4.5855512619018555,4.522265434265137
2025-10-31,2.569031000137329,4.4958343505859375,4.502343654632568
2025-11-03,2.4807817935943604,4.436022758483887,4.4326171875
2025-11-04,2.4219491481781006,4.485865592956543,4.4326171875
2025-11-05,2.4317545890808105,4.4958343505859375,4.3828125
2025-11-06,2.3827273845672607,4.505802631378174,4.452538967132568
2025-11-07,2.4611711502075195,4.475897312164307,4.372851371765137
2025-11-10,2.4905874729156494,4.615457534790039,4.452538967132568
2025-11-11,2.4709763526916504,4.545677185058594,4.482421875
2025-11-12,2.4905874729156494,4.535708904266357,4.502343654632568
2025-11-13,2.4709763526916504,4.445991516113281,4.492383003234863
2025-11-14,2.363116502761841,4.296462535858154,4.4326171875
2025-11-17,2.363116502761841,4.276525020599365,4.392773151397705
2025-11-18,2.363116502761841,4.166870594024658,4.392773151397705
2025-11-19,2.363116502761841,4.166870594024658,4.392773151397705
2025-11-20,2.372921943664551,4.256587982177734,4.482421875
2025-11-21,2.372921943664551,4.1269965171813965,4.372851371765137
2025-11-24,2.343505620956421,4.306431293487549,4.263281345367432
2025-11-25,2.363116502761841,4.266556739807129,4.3330078125
2025-11-26,2.333700180053711,4.2167134284973145,4.323047161102295
2025-11-27,2.333700180053711,4.226681709289551,4.313086032867432
2025-11-28,2.1473963260650635,4.146933555603027,4.323047161102295
2025-12-01,1.8924541473388672,4.136965274810791,4.2333984375
2025-12-02,1.8434269428253174,4.136965274810791,4.263281345367432
2025-12-03,1.8532323837280273,4.266556739807129,4.213476657867432
2025-12-04,1.8140106201171875,4.266556739807129,4.253320217132568
2025-12-05,1.794399619102478,4.20674467086792,4.18359375
2025-12-08,1.8238160610198975,4.2366509437561035,4.18359375
2025-12-09,1.8140106201171875,4.186808109283447,4.213476657867432
2025-12-10,1.8140106201171875,4.256587982177734,4.203515529632568
2025-12-11,1.804205060005188,4.246619701385498,4.223437309265137
2025-12-12,1.794399619102478,4.2366509437561035,4.253320217132568
2025-12-15,1.794399619102478,4.176839828491211,4.223437309265137
2025-12-16,1.7355668544769287,4.186808109283447,4.113867282867432
2025-12-17,1.7684661149978638,4.296462535858154,4.153710842132568
2025-12-18,1.7684661149978638,4.186808109283447,4.1337890625
2025-12-19,1.738827109336853,4.186808109283447,4.243359565734863
2025-12-22,1.728947401046753,4.136965274810791,4.243359565734863
2025-12-23,1.7585865259170532,4.156902313232422,4.273241996765137
2025-12-24,1.7585865259170532,4.1269965171813965,4.203515529632568
2025-12-26,1.7091879844665527,4.057216644287109,4.253320217132568
2025-12-29,1.7190678119659424,4.136965274810791,4.1337890625
2025-12-30,1.679548978805542,4.14325475692749,4.18359375
2025-12-31,1.6597895622253418,3.9735310077667236,4.163671493530273
2026-01-02,1.7190678119659424,4.063385009765625,4.1337890625
2026-01-05,1.738827109336853,4.173205852508545,4.18359375
2026-01-06,1.7882256507873535,4.173205852508545,4.173633098602295
2026-01-07,1.7684661149978638,4.223124980926514,4.1337890625
2026-01-08,1.8079850673675537,4.302994728088379,4.163671493530273
2026-01-09,1.8376240730285645,4.682377338409424,4.143749713897705
2026-01-12,1.8376240730285645,4.542604923248291,4.093945503234863
2026-01-13,1.8475037813186646,4.462734222412109,4.093945503234863
2026-01-14,1.8573836088180542,4.442767143249512,4.153710842132568
2026-01-15,1.9166617393493652,4.592523097991943,4.153710842132568
2026-01-16,1.9364211559295654,4.6923604011535645,4.203515529632568
2026-01-19,1.9364211559295654,4.6923604011535645,4.203515529632568
2026-01-20,1.8277443647384644,4.592523097991943,4.083984375
2026-01-21,1.8079850673675537,4.672393321990967,4.113867282867432
2026-01-22,1.8178647756576538,4.672393321990967,4.153710842132568
2026-01-23,1.7684661149978638,4.542604923248291,4.074023723602295
2026-01-26,1.689428687095642,4.40283203125,3.944531202316284
2026-01-27,1.6993082761764526,4.442767143249512,3.9644532203674316
2026-01-28,1.640030026435852,4.372880935668945,3.8349609375
2026-01-29,1.5807520151138306,4.312978744506836,3.8349609375
2026-01-30,1.5906317234039307,4.342929363250732,3.8249998092651367
2026-02-03,1.6005113124847412,4.322962284088135,3.924609422683716
2026-02-04,1.5609925985336304,4.273043632507324,3.9146485328674316
2026-02-05,1.5017142295837402,4.09333610534668,3.9046876430511475
2026-02-06,1.5017142295837402,4.133270740509033,3.844921827316284
2026-02-09,1.5412330627441406,4.29301118850708,3.844921827316284
2026-02-10,1.5115939378738403,4.263059616088867,3.8349609375
2026-02-11,1.5115939378738403,4.233108043670654,3.8648438453674316
2026-02-12,1.5115939378738403,4.302994728088379,3.8548827171325684
2026-02-13,1.4819549322128296,4.263059616088867,3.8648438453674316
2026-02-16,1.4918346405029297,4.123287200927734,3.8349609375
2026-02-19,1.5115939378738403,4.29301118850708,3.924609422683716
2026-02-20,1.4918346405029297,4.223124980926514,3.8349609375
2026-02-23,1.4918346405029297,4.332946300506592,3.874804735183716
2026-02-24,1.462195634841919,4.382864475250244,3.8349609375
2026-02-25,1.4819549322128296,4.40283203125,3.8548827171325684
2026-02-26,1.4918346405029297,4.512653350830078,3.78515625
2026-02-27,1.4029172658920288,4.592523097991943,3.7353515625
2026-03-02,1.3535188436508179,4.472718238830566,3.78515625
2026-03-03,1.363398551940918,4.482701778411865,3.884765625
2026-03-04,1.2942405939102173,4.263059616088867,3.884765625
2026-03-05,1.3041203022003174,4.412816047668457,3.8947267532348633
2026-03-06,1.3041203022003174,4.322962284088135,3.8150389194488525
2026-03-09,1.1954437494277954,4.193173408508301,3.6656250953674316
2026-03-10,1.2547218799591064,4.342929363250732,3.795117139816284
2026-03-11,1.2547218799591064,4.382864475250244,3.795117139816284
2026-03-12,1.2843608856201172,4.372880935668945,3.725390672683716
2026-03-13,1.3238798379898071,4.312978744506836,3.685546875
2026-03-16,1.314000129699707,4.283027172088623,3.685546875
2026-03-17,1.3239545822143555,4.312978744506836,3.78515625
2026-03-18,1.3538181781768799,4.322962284088135,3.8648438453674316
2026-03-19,1.3140000104904175,4.332946300506592,3.8249998092651367
2026-03-20,1.3140000104904175,4.332946300506592,3.8249998092651367
2026-03-24,1.3239545822143555,4.183189868927002,3.8150389194488525
2026-03-25,1.3040454387664795,4.283027172088623,3.8150389194488525
2026-03-26,1.3737273216247559,4.29301118850708,3.8050780296325684
2026-03-27,1.3040454387664795,4.29301118850708,3.9146485328674316
2026-03-30,1.264227271080017,4.163222312927246,3.7353515625
2026-03-31,1.2841362953186035,4.193173408508301,3.725390672683716
2026-04-01,1.3836817741394043,4.29301118850708,3.78515625
2026-04-02,1.343863606452942,4.183189868927002,3.8548827171325684
2026-04-03,1.4533636569976807,4.223124980926514,3.924609422683716
2026-04-06,1.4633182287216187,4.253076076507568,3.884765625
2026-04-07,1.4135453701019287,4.193173408508301,3.924609422683716
2026-04-08,1.483227252960205,4.382864475250244,3.984375
2026-04-09,1.4434090852737427,4.362896919250488,3.974414110183716
2026-04-10,1.4234999418258667,4.522637367248535,4.004296779632568
2026-04-13,1.3936363458633423,4.512653350830078,3.9345703125
2026-04-14,1.4732728004455566,4.592523097991943,4.054101943969727
2026-04-15,1.5230454206466675,4.792198657989502,4.173633098602295
2026-04-16,1.6425000429153442,4.902019500732422,4.3828125
2026-04-17,1.6425000429153442,4.931970596313477,4.283203125
2026-04-20,1.7619545459747314,4.882051944732666,4.263281345367432
2026-04-21,1.8117272853851318,4.9219865798950195,4.283203125
2026-04-22,1.7818635702133179,4.971905708312988,4.303125381469727
2026-04-23,1.8117272853851318,4.971905708312988,4.273241996765137
2026-04-24,1.8117272853851318,5.511027812957764,4.303125381469727
2026-04-27,2.0506362915039062,5.600882053375244,4.392773151397705
2026-04-28,2.1004090309143066,5.491060733795166,4.342968940734863
2026-04-29,2.040681838989258,5.491060733795166,4.243359565734863
2026-04-30,1.961045503616333,5.441141605377197,4.203515529632568
2026-05-04,1.961045503616333,5.750638008117676,4.293163776397705
2026-05-05,1.941136360168457,5.590898036956787,4.4326171875
2026-05-06,2.000863552093506,5.760621547698975,4.6318359375
2026-05-07,1.9809545278549194,5.810540676116943,4.651757717132568
2026-05-08,1.911272644996643,5.840491771697998,4.591992378234863
2026-05-11,1.9013181924819946,5.870442867279053,4.591992378234863
2026-05-12,1.8814090490341187,6.0102152824401855,4.552148818969727
2026-05-13,1.941136360168457,6.279776573181152,4.701562404632568
2026-05-14,1.961045503616333,6.239841461181641,4.78125
2026-05-15,1.921227216720581,5.980263710021973,4.78125
2026-05-18,1.8814090490341187,6.18992280960083,4.691601753234863
2026-05-19,1.8714545965194702,6.18992280960083,4.691601753234863
2026-05-20,1.8615000247955322,6.209889888763428,4.621874809265137
2026-05-21,1.8615000247955322,6.469467639923096,4.751367092132568
2026-05-22,1.961045503616333,6.90875244140625,4.890820026397705
2026-05-25,1.971000075340271,6.898768424987793,4.9306640625
2026-05-26,2.209909200668335,6.7490129470825195,4.8310546875
2026-05-27,2.209909200668335,6.7490129470825195,4.8310546875
2026-05-28,2.339318037033081,6.798931121826172,4.860937595367432
2026-05-29,2.3293635845184326,6.758996486663818,4.880859375
2026-06-02,2.3293635845184326,6.758996486663818,4.880859375
2026-06-03,2.3492727279663086,6.798931121826172,4.890820026397705
2026-06-04,2.3094544410705566,6.7490129470825195,4.860937595367432
2026-06-05,2.2397727966308594,6.888784885406494,4.900781154632568
2026-06-08,2.2198636531829834,6.7290449142456055,4.791210651397705
2026-06-09,2.2596817016601562,7.148362159729004,4.751367092132568
2026-06-10,2.2397727966308594,6.988622665405273,4.7314453125
2026-06-11,2.190000057220459,7.268167495727539,4.7314453125
2026-06-12,2.1600000858306885,7.228232383728027,4.7314453125
2026-06-15,2.2899999618530273,7.47782564163208,4.990429878234863
2026-06-16,2.259999990463257,7.607614517211914,4.98046875
2026-06-18,2.2200000286102295,7.47782564163208,4.98046875
2026-06-19,2.25,7.587646961212158,4.98046875
2026-06-22,2.2699999809265137,7.447875022888184,4.960546970367432
2026-06-23,2.180000066757202,7.188297271728516,4.880859375
2026-06-24,2.190000057220459,7.3380537033081055,4.890820026397705
2026-06-25,2.25,7.837240695953369,4.940625190734863
2026-06-26,2.200000047683716,7.248199939727783,4.811132907867432
2026-06-29,2.25,7.53000020980835,4.9306640625
2026-06-30,2.259999990463257,7.760000228881836,4.940625190734863
2026-07-01,2.319999933242798,7.889999866485596,5.000390529632568
2026-07-02,2.2200000286102295,7.71999979019165,4.920703411102295
2026-07-03,2.2100000381469727,7.800000190734863,4.910741806030273
2026-07-06,2.1700000762939453,7.630000114440918,4.761328220367432
2026-07-07,2.190000057220459,7.480000019073486,4.8310546875
2026-07-08,2.180000066757202,7.449999809265137,4.771288871765137
2026-07-09,2.2300000190734863,7.539999961853027,4.880859375
2026-07-10,2.180000066757202,7.389999866485596,4.9306640625
2026-07-13,2.1600000858306885,7.369999885559082,4.821094036102295
2026-07-14,2.1700000762939453,7.480000019073486,4.721484184265137
2026-07-15,2.180000066757202,7.690000057220459,4.870898246765137
2026-07-16,2.200000047683716,7.659999847412109,4.8310546875
2026-07-17,2.1700000762939453,7.28000020980835,4.78125
2026-07-20,2.2799999713897705,7.690000057220459,4.771288871765137
2026-07-21,2.299999952316284,7.880000114440918,4.960546970367432
2026-07-22,2.2899999618530273,7.949999809265137,5.0302734375
2026-07-23,2.2300000190734863,7.809999942779541,4.970507621765137
2026-07-24,2.200000047683716,8.0,4.940625190734863
2026-07-27,2.2300000190734863,7.989999771118164,5.070117473602295
2026-07-28,2.1700000762939453,7.860000133514404,4.960546970367432
2026-07-29,2.140000104904175,8.050000190734863,4.98046875
2026-07-30,2.119999885559082,8.0,4.940625190734863
2026-07-31,2.2200000286102295,8.699999809265137,5.189648628234863
2026-08-03,2.190000057220459,8.699999809265137,5.000390529632568
2026-08-04,2.2100000381469727,8.75,5.139843463897705
2026-08-05,2.4100000858306885,9.100000381469727,5.189648628234863
2026-08-06,2.450000047683716,9.220000267028809,5.2294921875
2026-08-07,2.4000000953674316,9.279999732971191,5.2294921875
2026-08-10,2.5199999809265137,9.40999984741211,5.368945121765137
2026-08-11,2.5,9.539999961853027,5.239453315734863
2026-08-12,2.5,9.4399995803833,5.2294921875
2026-08-13,2.440000057220459,9.399999618530273,5.189648628234863
2026-08-14,2.4200000762939453,9.289999961853027,5.2294921875
2026-08-17,2.4200000762939453,9.3100004196167,5.1796875
2026-08-18,2.369999885559082,9.4399995803833,5.169726848602295
2026-08-19,2.2899999618530273,9.350000381469727,5.060156345367432
2026-08-20,2.2200000286102295,9.260000228881836,5.099999904632568
2026-08-21,2.2699999809265137,9.050000190734863,5.110000133514404
2026-08-24,2.259999990463257,9.0,5.099999904632568
