Price,Close,High,Low,Open,Volume
Ticker,DX-Y.NYB,DX-Y.NYB,DX-Y.NYB,DX-Y.NYB,DX-Y.NYB
Date,,,,,
2015-01-02,91.08000183105469,91.16000366210938,90.33000183105469,90.36000061035156,0
2015-01-05,91.37999725341797,91.77999877929688,91.12999725341797,91.12999725341797,0
2015-01-06,91.5,91.80999755859375,91.12000274658203,91.37999725341797,0
2015-01-07,91.88999938964844,92.2699966430664,91.6500015258789,91.75,0
2015-01-08,92.37000274658203,92.52999877929688,91.94000244140625,91.94000244140625,0
2015-01-09,91.94000244140625,92.5,91.9000015258789,92.30999755859375,0
2015-01-12,91.9800033569336,92.33999633789062,91.7300033569336,91.87999725341797,0
2015-01-13,92.30999755859375,92.43000030517578,91.80999755859375,92.02999877929688,0
2015-01-14,92.16000366210938,92.41999816894531,91.61000061035156,92.2300033569336,0
2015-01-15,92.3499984741211,92.75,91.51000213623047,92.16000366210938,0
2015-01-16,92.5199966430664,93.26000213623047,92.08000183105469,92.0999984741211,0
2015-01-20,93.05000305175781,93.0999984741211,92.55000305175781,92.66000366210938,0
2015-01-21,92.9000015258789,93.08999633789062,92.1500015258789,93.06999969482422,0
2015-01-22,94.23999786376953,94.5,92.4800033569336,92.88999938964844,14290000
2015-01-23,95.0,95.4800033569336,94.11000061035156,94.20999908447266,0
2015-01-26,94.80000305175781,95.33000183105469,94.58999633789062,95.19999694824219,0
2015-01-27,94.0199966430664,95.01000213623047,93.69999694824219,94.93000030517578,9000000
2015-01-28,94.47000122070312,94.69000244140625,93.97000122070312,94.20999908447266,0
2015-01-29,94.77999877929688,95.01000213623047,94.33000183105469,94.62000274658203,0
2015-01-30,94.80000305175781,94.91999816894531,94.43000030517578,94.66000366210938,0
2015-02-02,94.5,94.87999725341797,94.37000274658203,94.83999633789062,0
2015-02-03,93.5999984741211,94.69999694824219,93.25,94.56999969482422,0
2015-02-04,93.98999786376953,94.52999877929688,93.61000061035156,93.73999786376953,0
2015-02-05,94.69999694824219,94.76000213623047,93.5199966430664,93.5999984741211,0
2015-02-06,94.69999694824219,94.76000213623047,93.5199966430664,93.5999984741211,0
2015-02-09,94.44999694824219,94.87999725341797,94.36000061035156,94.68000030517578,0
2015-02-10,94.76000213623047,94.87999725341797,94.4000015258789,94.5199966430664,0
2015-02-11,94.98999786376953,95.12000274658203,94.63999938964844,94.70999908447266,0
2015-02-12,94.08999633789062,94.97000122070312,93.9800033569336,94.88999938964844,0
2015-02-13,94.19999694824219,94.30999755859375,93.9000015258789,94.19999694824219,0
2015-02-17,94.05999755859375,94.51000213623047,93.80000305175781,94.4000015258789,0
2015-02-18,94.19999694824219,94.52999877929688,93.98999786376953,94.1500015258789,0
2015-02-19,94.4000015258789,94.44999694824219,93.83999633789062,94.08999633789062,0
2015-02-20,94.25,94.79000091552734,94.05000305175781,94.41999816894531,0
2015-02-23,94.56999969482422,94.91999816894531,94.27999877929688,94.31999969482422,0
2015-02-24,94.48999786376953,94.98999786376953,94.43000030517578,94.58000183105469,0
2015-02-25,94.20999908447266,94.4800033569336,94.12999725341797,94.41000366210938,0
2015-02-26,95.29000091552734,95.36000061035156,94.05999755859375,94.19999694824219,0
2015-02-27,95.25,95.36000061035156,94.91000366210938,95.18000030517578,0
2015-03-02,95.45999908447266,95.51000213623047,95.05999755859375,95.26000213623047,0
2015-03-03,95.37999725341797,95.56999969482422,95.0999984741211,95.48999786376953,0
2015-03-04,95.97000122070312,96.05999755859375,95.31999969482422,95.37999725341797,0
2015-03-05,96.37999725341797,96.58999633789062,95.83999633789062,95.97000122070312,0
2015-03-06,97.62000274658203,97.7300033569336,96.30000305175781,96.36000061035156,0
2015-03-09,97.58999633789062,97.77999877929688,97.29000091552734,97.72000122070312,0
2015-03-10,98.62000274658203,98.80999755859375,97.77999877929688,97.77999877929688,0
2015-03-11,99.80000305175781,99.98999786376953,98.48999786376953,98.6500015258789,0
2015-03-12,99.1500015258789,100.05999755859375,98.6500015258789,99.69999694824219,0
2015-03-13,100.33000183105469,100.38999938964844,99.19000244140625,99.19000244140625,0
2015-03-16,99.5999984741211,100.2699966430664,99.31999969482422,100.26000213623047,0
2015-03-17,99.58999633789062,99.83000183105469,99.2300033569336,99.66999816894531,0
2015-03-18,98.55000305175781,99.80000305175781,96.62999725341797,99.5999984741211,0
2015-03-19,99.0999984741211,99.45999908447266,97.20999908447266,97.80000305175781,0
2015-03-20,97.91000366210938,99.12000274658203,97.44999694824219,99.04000091552734,0
2015-03-23,97.02999877929688,98.23999786376953,96.83000183105469,97.80000305175781,0
2015-03-24,97.19000244140625,97.37999725341797,96.38999938964844,96.93000030517578,0
2015-03-25,96.9800033569336,97.30000305175781,96.54000091552734,97.22000122070312,0
2015-03-26,97.44000244140625,97.55000305175781,96.16999816894531,96.91000366210938,0
2015-03-27,97.29000091552734,97.91999816894531,96.98999786376953,97.37999725341797,0
2015-03-30,97.9800033569336,98.06999969482422,97.38999938964844,97.38999938964844,0
2015-03-31,98.36000061035156,98.66999816894531,97.83000183105469,97.91999816894531,0
2015-04-01,98.19000244140625,98.63999938964844,97.9800033569336,98.41999816894531,0
2015-04-02,97.44000244140625,98.27999877929688,97.33000183105469,98.18000030517578,0
2015-04-06,97.11000061035156,97.23999786376953,96.33000183105469,96.73999786376953,0
2015-04-07,97.83000183105469,98.0199966430664,96.93000030517578,97.05999755859375,0
2015-04-08,98.06999969482422,98.19999694824219,97.25,97.87000274658203,0
2015-04-09,99.16000366210938,99.18000030517578,98.04000091552734,98.05000305175781,0
2015-04-10,99.38999938964844,99.69000244140625,98.83999633789062,98.97000122070312,0
2015-04-13,99.48999786376953,99.98999786376953,99.2300033569336,99.3499984741211,0
2015-04-14,98.76000213623047,99.69999694824219,98.37000274658203,99.44999694824219,0
2015-04-15,98.33000183105469,99.36000061035156,98.22000122070312,98.77999877929688,0
2015-04-16,97.41999816894531,98.72000122070312,97.27999877929688,98.4000015258789,0
2015-04-17,97.5199966430664,97.81999969482422,97.0,97.62999725341797,0
2015-04-20,97.94000244140625,98.06999969482422,97.30999755859375,97.30999755859375,0
2015-04-21,97.9800033569336,98.45999908447266,97.63999938964844,97.94000244140625,0
2015-04-22,98.0199966430664,98.12000274658203,97.43000030517578,97.95999908447266,0
2015-04-23,97.27999877929688,98.43000030517578,97.1500015258789,98.05000305175781,0
2015-04-24,96.91999816894531,97.55999755859375,96.76000213623047,97.33000183105469,0
2015-04-27,96.7699966430664,97.27999877929688,96.47000122070312,96.9000015258789,0
2015-04-28,96.08999633789062,96.93000030517578,96.01000213623047,96.79000091552734,0
2015-04-29,95.12000274658203,96.18000030517578,94.68000030517578,96.12999725341797,0
2015-04-30,94.5999984741211,95.44999694824219,94.4000015258789,95.20999908447266,0
2015-05-01,95.30000305175781,95.4000015258789,94.5,94.83000183105469,0
2015-05-04,95.4800033569336,95.63999938964844,95.04000091552734,95.22000122070312,0
2015-05-05,95.12999725341797,95.94999694824219,94.87999725341797,95.44000244140625,0
2015-05-06,94.12999725341797,95.22000122070312,93.87999725341797,95.18000030517578,0
2015-05-07,94.62000274658203,94.83000183105469,93.88999938964844,94.12999725341797,0
2015-05-08,94.79000091552734,95.06999969482422,94.31999969482422,94.62999725341797,0
2015-05-11,95.01000213623047,95.26000213623047,94.80000305175781,94.80000305175781,0
2015-05-12,94.52999877929688,95.16000366210938,94.23999786376953,95.05000305175781,0
2015-05-13,93.62000274658203,94.58999633789062,93.45999908447266,94.55999755859375,0
2015-05-14,93.36000061035156,93.76000213623047,93.12999725341797,93.66000366210938,0
2015-05-15,93.13999938964844,94.02999877929688,93.13999938964844,93.4000015258789,0
2015-05-18,94.19000244140625,94.2699966430664,93.2300033569336,93.2300033569336,0
2015-05-19,95.2699966430664,95.47000122070312,94.08999633789062,94.12999725341797,0
2015-05-20,95.44999694824219,95.83999633789062,95.26000213623047,95.30999755859375,0
2015-05-21,95.26000213623047,95.6500015258789,94.97000122070312,95.58999633789062,0
2015-05-22,96.01000213623047,96.2699966430664,94.81999969482422,95.4000015258789,0
2015-05-26,97.30000305175781,97.36000061035156,96.37000274658203,96.37000274658203,0
2015-05-27,97.37000274658203,97.77999877929688,96.88999938964844,97.20999908447266,0
2015-05-28,96.97000122070312,97.62999725341797,96.87000274658203,97.27999877929688,0
2015-05-29,96.91000366210938,97.19000244140625,96.75,96.87999725341797,0
2015-06-01,97.38999938964844,97.68000030517578,96.88999938964844,96.88999938964844,0
2015-06-02,95.83999633789062,97.52999877929688,95.66999816894531,97.44000244140625,0
2015-06-03,95.47000122070312,96.51000213623047,95.20999908447266,95.93000030517578,0
2015-06-04,95.45999908447266,95.58000183105469,94.6500015258789,95.41000366210938,0
2015-06-05,96.30999755859375,96.91000366210938,95.36000061035156,95.77999877929688,0
2015-06-08,95.30000305175781,96.55000305175781,95.05000305175781,96.33999633789062,0
2015-06-09,95.16999816894531,95.58000183105469,94.8499984741211,95.25,0
2015-06-10,94.6500015258789,95.2300033569336,94.31999969482422,95.13999938964844,0
2015-06-11,94.9800033569336,95.5999984741211,94.69999694824219,94.69999694824219,0
2015-06-12,94.97000122070312,95.68000030517578,94.69000244140625,95.08999633789062,0
2015-06-15,94.80999755859375,95.38999938964844,94.7300033569336,95.19999694824219,0
2015-06-16,95.0,95.2300033569336,94.55999755859375,94.8499984741211,0
2015-06-17,94.30000305175781,95.18000030517578,94.11000061035156,94.95999908447266,0
2015-06-18,94.04000091552734,94.2300033569336,93.55999755859375,94.22000122070312,0
2015-06-19,94.08999633789062,94.5,93.9000015258789,94.0199966430664,0
2015-06-22,94.33000183105469,94.44999694824219,93.80999755859375,94.05999755859375,0
2015-06-23,95.43000030517578,95.63999938964844,94.30000305175781,94.30000305175781,0
2015-06-24,95.26000213623047,95.54000091552734,94.93000030517578,95.37999725341797,0
2015-06-25,95.19000244140625,95.51000213623047,95.08999633789062,95.2699966430664,0
2015-06-26,95.47000122070312,95.66999816894531,95.08000183105469,95.16999816894531,0
2015-06-29,94.79000091552734,96.37000274658203,94.68000030517578,96.26000213623047,0
2015-06-30,95.48999786376953,95.68000030517578,94.8499984741211,95.02999877929688,0
2015-07-01,96.30999755859375,96.3499984741211,95.47000122070312,95.5999984741211,0
2015-07-02,96.11000061035156,96.41999816894531,95.87000274658203,96.31999969482422,0
2015-07-06,96.30000305175781,96.62999725341797,95.94000244140625,95.94000244140625,0
2015-07-07,96.87000274658203,97.23999786376953,96.27999877929688,96.27999877929688,0
2015-07-08,96.29000091552734,96.87999725341797,96.12000274658203,96.68000030517578,0
2015-07-09,96.61000061035156,96.76000213623047,95.97000122070312,96.2300033569336,0
2015-07-10,96.02999877929688,96.4000015258789,95.44999694824219,96.37000274658203,0
2015-07-13,96.86000061035156,96.86000061035156,95.62999725341797,95.7699966430664,0
2015-07-14,96.63999938964844,97.05000305175781,96.2699966430664,96.83999633789062,0
2015-07-15,97.12999725341797,97.30999755859375,96.52999877929688,96.6500015258789,0
2015-07-16,97.66000366210938,97.76000213623047,97.16999816894531,97.16999816894531,0
2015-07-17,97.86000061035156,97.9800033569336,97.41999816894531,97.6500015258789,0
2015-07-20,98.02999877929688,98.1500015258789,97.73999786376953,97.95999908447266,0
2015-07-21,97.33000183105469,98.1500015258789,97.13999938964844,98.01000213623047,0
2015-07-22,97.5999984741211,97.79000091552734,97.11000061035156,97.33999633789062,0
2015-07-23,97.12000274658203,97.51000213623047,96.88999938964844,97.44999694824219,0
2015-07-24,97.23999786376953,97.62000274658203,97.12000274658203,97.18000030517578,0
2015-07-27,96.5,97.29000091552734,96.29000091552734,97.19999694824219,0
2015-07-28,96.7699966430664,96.97000122070312,96.47000122070312,96.58000183105469,0
2015-07-29,96.9800033569336,97.25,96.5,96.6500015258789,0
2015-07-30,97.55999755859375,97.7699966430664,97.13999938964844,97.13999938964844,0
2015-07-31,97.37000274658203,97.5999984741211,96.30999755859375,97.47000122070312,0
2015-08-03,97.48999786376953,97.58000183105469,97.16000366210938,97.22000122070312,0
2015-08-04,97.93000030517578,98.0,97.20999908447266,97.4800033569336,0
2015-08-05,97.95999908447266,98.22000122070312,97.63999938964844,97.91000366210938,0
2015-08-06,97.83000183105469,98.16000366210938,97.62999725341797,97.88999938964844,0
2015-08-07,97.55999755859375,98.33000183105469,97.51000213623047,97.79000091552734,0
2015-08-10,97.16000366210938,97.91999816894531,97.04000091552734,97.56999969482422,0
2015-08-11,97.29000091552734,97.58999633789062,96.87999725341797,97.18000030517578,0
2015-08-12,96.26000213623047,97.33000183105469,95.93000030517578,97.18000030517578,0
2015-08-13,96.44999694824219,96.80999755859375,96.12000274658203,96.33999633789062,0
2015-08-14,96.56999969482422,96.68000030517578,96.08999633789062,96.37999725341797,0
2015-08-17,96.81999969482422,96.94000244140625,96.51000213623047,96.58999633789062,0
2015-08-18,96.97000122070312,97.06999969482422,96.68000030517578,96.83999633789062,0
2015-08-19,96.45999908447266,97.08000183105469,96.33999633789062,97.01000213623047,0
2015-08-20,95.75,96.58000183105469,95.72000122070312,96.44999694824219,0
2015-08-21,94.83000183105469,95.81999969482422,94.81999969482422,95.80999755859375,0
2015-08-24,93.30999755859375,94.95999908447266,92.62000274658203,94.86000061035156,0
2015-08-25,94.52999877929688,94.69000244140625,93.37999725341797,93.37999725341797,0
2015-08-26,95.0999984741211,95.44000244140625,93.72000122070312,93.95999908447266,0
2015-08-27,95.61000061035156,96.02999877929688,94.98999786376953,95.19000244140625,0
2015-08-28,96.11000061035156,96.31999969482422,95.37999725341797,95.76000213623047,0
2015-08-31,95.94999694824219,96.25,95.62000274658203,96.13999938964844,0
2015-09-01,95.44999694824219,95.93000030517578,95.19000244140625,95.93000030517578,0
2015-09-02,95.83000183105469,95.94999694824219,95.41999816894531,95.41999816894531,0
2015-09-03,96.41000366210938,96.62000274658203,95.79000091552734,95.95999908447266,0
2015-09-04,96.2300033569336,96.58000183105469,95.97000122070312,96.37000274658203,0
2015-09-08,95.87999725341797,96.23999786376953,95.7300033569336,96.1500015258789,0
2015-09-09,96.01000213623047,96.41000366210938,95.83999633789062,95.83999633789062,0
2015-09-10,95.45999908447266,96.19999694824219,95.4000015258789,95.93000030517578,0
2015-09-11,95.19000244140625,95.69000244140625,95.12000274658203,95.44000244140625,0
2015-09-14,95.25,95.44999694824219,94.91000366210938,95.18000030517578,0
2015-09-15,95.61000061035156,95.68000030517578,95.12999725341797,95.30999755859375,0
2015-09-16,95.41999816894531,95.8499984741211,95.16000366210938,95.58999633789062,0
2015-09-17,94.55000305175781,95.38999938964844,94.36000061035156,95.30000305175781,0
2015-09-18,94.86000061035156,95.37999725341797,94.05999755859375,94.6500015258789,0
2015-09-21,95.88999938964844,95.9800033569336,95.04000091552734,95.31999969482422,0
2015-09-22,96.27999877929688,96.4000015258789,95.76000213623047,95.91999816894531,0
2015-09-23,96.06999969482422,96.55000305175781,96.0199966430664,96.30999755859375,0
2015-09-24,95.98999786376953,96.30000305175781,95.45999908447266,96.25,0
2015-09-25,96.2699966430664,96.69999694824219,96.12000274658203,96.25,0
2015-09-28,96.02999877929688,96.5,95.9000015258789,96.26000213623047,0
2015-09-29,95.88999938964844,96.23999786376953,95.70999908447266,96.02999877929688,0
2015-09-30,96.3499984741211,96.41000366210938,95.8499984741211,95.91999816894531,0
2015-10-01,96.19000244140625,96.48999786376953,95.97000122070312,96.2699966430664,0
2015-10-02,95.83000183105469,96.37999725341797,95.22000122070312,96.13999938964844,0
2015-10-05,96.11000061035156,96.16999816894531,95.44999694824219,95.81999969482422,0
2015-10-06,95.45999908447266,96.16000366210938,95.4000015258789,96.05000305175781,0
2015-10-07,95.5,95.69999694824219,95.33000183105469,95.47000122070312,0
2015-10-08,95.31999969482422,95.61000061035156,94.9800033569336,95.56999969482422,0
2015-10-09,94.80999755859375,95.33999633789062,94.69000244140625,95.2300033569336,0
2015-10-12,94.83999633789062,94.87999725341797,94.62000274658203,94.8499984741211,0
2015-10-13,94.76000213623047,94.9800033569336,94.54000091552734,94.9000015258789,0
2015-10-14,93.93000030517578,94.76000213623047,93.8499984741211,94.76000213623047,0
2015-10-15,94.37000274658203,94.58999633789062,93.80999755859375,93.95999908447266,0
2015-10-16,94.54000091552734,94.7699966430664,94.37000274658203,94.47000122070312,0
2015-10-19,94.95999908447266,95.0,94.55000305175781,94.68000030517578,0
2015-10-20,94.8499984741211,94.94999694824219,94.58999633789062,94.94000244140625,0
2015-10-21,95.05000305175781,95.05999755859375,94.72000122070312,94.8499984741211,0
2015-10-22,96.33999633789062,96.41999816894531,94.94000244140625,95.04000091552734,0
2015-10-23,97.06999969482422,97.19999694824219,96.1500015258789,96.4000015258789,0
2015-10-26,96.86000061035156,97.08000183105469,96.68000030517578,97.04000091552734,0
2015-10-27,96.91000366210938,96.97000122070312,96.58000183105469,96.80999755859375,0
2015-10-28,97.77999877929688,97.81999969482422,96.47000122070312,96.95999908447266,0
2015-10-29,97.27999877929688,97.69000244140625,97.19000244140625,97.62000274658203,0
2015-10-30,96.94999694824219,97.3499984741211,96.58000183105469,97.19999694824219,0
2015-11-02,96.93000030517578,96.97000122070312,96.63999938964844,96.91999816894531,0
2015-11-03,97.16000366210938,97.4800033569336,96.7699966430664,96.9000015258789,0
2015-11-04,97.94999694824219,98.05000305175781,97.16999816894531,97.19999694824219,0
2015-11-05,97.94000244140625,98.13999938964844,97.75,97.93000030517578,0
2015-11-06,99.16000366210938,99.3499984741211,97.88999938964844,97.94999694824219,0
2015-11-09,98.9800033569336,99.26000213623047,98.81999969482422,99.19000244140625,0
2015-11-10,99.29000091552734,99.5,98.94000244140625,99.01000213623047,0
2015-11-11,99.01000213623047,99.23999786376953,98.77999877929688,99.0999984741211,0
2015-11-12,98.6500015258789,99.29000091552734,98.43000030517578,98.81999969482422,0
2015-11-13,98.98999786376953,99.20999908447266,98.52999877929688,98.56999969482422,0
2015-11-16,99.44000244140625,99.45999908447266,98.87000274658203,98.97000122070312,0
2015-11-17,99.62999725341797,99.75,99.36000061035156,99.4000015258789,0
2015-11-18,99.6500015258789,99.8499984741211,99.30999755859375,99.66000366210938,0
2015-11-19,98.98999786376953,99.4800033569336,98.73999786376953,99.41999816894531,0
2015-11-20,99.56999969482422,99.6500015258789,99.0,99.11000061035156,0
2015-11-23,99.80000305175781,100.0,99.52999877929688,99.61000061035156,0
2015-11-24,99.52999877929688,99.79000091552734,99.47000122070312,99.66999816894531,0
2015-11-25,99.80000305175781,100.16999816894531,99.30999755859375,99.55000305175781,0
2015-11-27,100.0199966430664,100.19999694824219,99.66000366210938,99.86000061035156,0
2015-11-30,100.16999816894531,100.30999755859375,100.05000305175781,100.08000183105469,0
2015-12-01,99.80000305175781,100.26000213623047,99.72000122070312,100.25,0
2015-12-02,99.98999786376953,100.51000213623047,99.80000305175781,99.83000183105469,0
2015-12-03,97.62000274658203,100.47000122070312,97.58999633789062,100.01000213623047,0
2015-12-04,98.3499984741211,98.61000061035156,97.75,97.81999969482422,0
2015-12-07,98.66000366210938,98.9000015258789,98.30000305175781,98.3499984741211,0
2015-12-08,98.47000122070312,98.76000213623047,98.37000274658203,98.7300033569336,0
2015-12-09,97.3499984741211,98.5199966430664,97.22000122070312,98.44000244140625,0
2015-12-10,97.94000244140625,97.98999786376953,97.36000061035156,97.41000366210938,0
2015-12-11,97.56999969482422,98.0999984741211,97.33000183105469,97.9800033569336,0
2015-12-14,97.5999984741211,97.93000030517578,97.27999877929688,97.62000274658203,0
2015-12-15,98.22000122070312,98.29000091552734,97.19000244140625,97.63999938964844,0
2015-12-16,97.87000274658203,98.55999755859375,97.66000366210938,98.18000030517578,0
2015-12-17,99.2699966430664,99.29000091552734,98.52999877929688,98.55999755859375,0
2015-12-18,98.69999694824219,99.18000030517578,98.63999938964844,99.01000213623047,0
2015-12-21,98.45999908447266,98.83999633789062,98.29000091552734,98.72000122070312,0
2015-12-22,98.23999786376953,98.51000213623047,98.0,98.44999694824219,0
2015-12-23,98.33999633789062,98.5999984741211,98.19000244140625,98.20999908447266,0
2015-12-24,97.9800033569336,98.37999725341797,97.86000061035156,98.33999633789062,0
2015-12-28,97.91999816894531,98.02999877929688,97.80999755859375,97.8499984741211,0
2015-12-29,98.0999984741211,98.41000366210938,97.80000305175781,97.9000015258789,0
2015-12-30,98.2699966430664,98.41000366210938,98.11000061035156,98.19999694824219,0
2015-12-31,98.62999725341797,98.75,98.18000030517578,98.20999908447266,0
2016-01-04,98.87000274658203,99.18000030517578,98.05000305175781,98.69000244140625,0
2016-01-05,99.4000015258789,99.62999725341797,98.75,98.87000274658203,0
2016-01-06,99.18000030517578,99.58000183105469,99.11000061035156,99.38999938964844,0
2016-01-07,98.22000122070312,99.30000305175781,98.16999816894531,99.22000122070312,0
2016-01-08,98.54000091552734,99.18000030517578,98.2699966430664,98.30999755859375,0
2016-01-11,98.7300033569336,98.9000015258789,98.25,98.37000274658203,0
2016-01-12,98.97000122070312,99.27999877929688,98.56999969482422,98.80000305175781,0
2016-01-13,98.93000030517578,99.33000183105469,98.86000061035156,99.02999877929688,0
2016-01-14,99.08999633789062,99.26000213623047,98.58999633789062,98.81999969482422,0
2016-01-15,98.95999908447266,99.12000274658203,98.37999725341797,99.0999984741211,0
2016-01-18,99.12000274658203,99.19999694824219,98.80000305175781,98.80000305175781,0
2016-01-19,98.98999786376953,99.30999755859375,98.86000061035156,99.12999725341797,0
2016-01-20,99.08999633789062,99.19000244140625,98.62999725341797,99.0199966430664,0
2016-01-21,99.05999755859375,99.80000305175781,98.91000366210938,99.18000030517578,0
2016-01-22,99.56999969482422,99.58999633789062,99.11000061035156,99.18000030517578,0
2016-01-25,99.36000061035156,99.55000305175781,99.2300033569336,99.5,0
2016-01-26,99.36000061035156,99.45999908447266,99.0199966430664,99.30000305175781,0
2016-01-27,98.9000015258789,99.16000366210938,98.70999908447266,99.02999877929688,0
2016-01-28,98.51000213623047,99.11000061035156,98.43000030517578,98.88999938964844,0
2016-01-29,99.61000061035156,99.83000183105469,98.58000183105469,98.62000274658203,0
2016-02-01,99.0,99.62999725341797,98.93000030517578,99.54000091552734,0
2016-02-02,98.87000274658203,99.08999633789062,98.77999877929688,98.98999786376953,0
2016-02-03,97.29000091552734,98.94000244140625,96.88999938964844,98.83000183105469,0
2016-02-04,96.47000122070312,97.47000122070312,96.26000213623047,97.30000305175781,0
2016-02-05,97.02999877929688,97.2699966430664,96.31999969482422,96.55999755859375,0
2016-02-08,96.56999969482422,97.4800033569336,96.54000091552734,96.95999908447266,0
2016-02-09,96.06999969482422,96.83000183105469,95.66000366210938,96.72000122070312,0
2016-02-10,95.88999938964844,96.72000122070312,95.76000213623047,96.05000305175781,0
2016-02-11,95.55999755859375,95.9000015258789,95.23999786376953,95.88999938964844,0
2016-02-12,95.9800033569336,96.22000122070312,95.45999908447266,95.5,0
2016-02-16,96.87000274658203,96.98999786376953,96.37999725341797,96.56999969482422,0
2016-02-17,96.79000091552734,97.0999984741211,96.62999725341797,96.94000244140625,0
2016-02-18,96.94999694824219,97.08999633789062,96.69000244140625,96.88999938964844,0
2016-02-19,96.5999984741211,97.16999816894531,96.55999755859375,96.87000274658203,0
2016-02-22,97.37999725341797,97.5999984741211,96.5999984741211,96.5999984741211,0
2016-02-23,97.4800033569336,97.58000183105469,97.13999938964844,97.3499984741211,0
2016-02-24,97.45999908447266,97.91999816894531,97.2300033569336,97.4800033569336,0
2016-02-25,97.29000091552734,97.72000122070312,97.22000122070312,97.48999786376953,0
2016-02-26,98.1500015258789,98.26000213623047,97.0999984741211,97.4000015258789,0
2016-02-29,98.20999908447266,98.37000274658203,97.80000305175781,98.16999816894531,0
2016-03-01,98.3499984741211,98.56999969482422,98.08999633789062,98.18000030517578,0
2016-03-02,98.20999908447266,98.58000183105469,98.12000274658203,98.26000213623047,0
2016-03-03,97.56999969482422,98.3499984741211,97.45999908447266,98.19999694824219,0
2016-03-04,97.33999633789062,98.02999877929688,97.0199966430664,97.66999816894531,0
2016-03-07,97.06999969482422,97.69999694824219,97.04000091552734,97.2300033569336,0
2016-03-08,97.20999908447266,97.2699966430664,96.88999938964844,97.08999633789062,0
2016-03-09,97.16999816894531,97.56999969482422,96.93000030517578,97.22000122070312,0
2016-03-10,96.06999969482422,98.41999816894531,95.94000244140625,97.2300033569336,0
2016-03-11,96.16999816894531,96.72000122070312,95.94000244140625,96.18000030517578,0
2016-03-14,96.62000274658203,96.70999908447266,96.13999938964844,96.19999694824219,0
2016-03-15,96.62999725341797,96.87000274658203,96.47000122070312,96.58999633789062,0
2016-03-16,95.88999938964844,97.05999755859375,95.54000091552734,96.63999938964844,0
2016-03-17,94.76000213623047,95.83000183105469,94.6500015258789,95.75,0
2016-03-18,94.98999786376953,95.16999816894531,94.58000183105469,94.7699966430664,0
2016-03-21,95.29000091552734,95.4000015258789,95.0,95.05000305175781,0
2016-03-22,95.6500015258789,95.75,95.26000213623047,95.43000030517578,0
2016-03-23,96.05000305175781,96.2300033569336,95.62000274658203,95.62999725341797,0
2016-03-24,96.13999938964844,96.36000061035156,96.04000091552734,96.05999755859375,0
2016-03-28,95.94000244140625,96.4000015258789,95.83999633789062,96.27999877929688,0
2016-03-29,95.16000366210938,96.22000122070312,95.08999633789062,95.94999694824219,0
2016-03-30,94.83999633789062,95.22000122070312,94.58999633789062,95.19999694824219,0
2016-03-31,94.58999633789062,95.02999877929688,94.31999969482422,94.83999633789062,0
2016-04-01,94.62000274658203,95.11000061035156,94.33000183105469,94.63999938964844,0
2016-04-04,94.51000213623047,94.83000183105469,94.41000366210938,94.62000274658203,0
2016-04-05,94.62999725341797,94.9800033569336,94.44999694824219,94.56999969482422,0
2016-04-06,94.43000030517578,95.06999969482422,94.23999786376953,94.58999633789062,0
2016-04-07,94.4800033569336,94.66999816894531,94.0199966430664,94.4800033569336,0
2016-04-08,94.23999786376953,94.68000030517578,94.08999633789062,94.54000091552734,0
2016-04-11,93.94999694824219,94.33999633789062,93.75,94.19000244140625,0
2016-04-12,93.95999908447266,94.38999938964844,93.62999725341797,93.97000122070312,0
2016-04-13,94.73999786376953,94.8499984741211,94.0,94.05000305175781,0
2016-04-14,94.9000015258789,95.19999694824219,94.68000030517578,94.80999755859375,0
2016-04-15,94.69999694824219,95.05000305175781,94.51000213623047,94.94000244140625,0
2016-04-18,94.48999786376953,94.83000183105469,94.37999725341797,94.69999694824219,0
2016-04-19,93.9800033569336,94.55000305175781,93.93000030517578,94.48999786376953,0
2016-04-20,94.48999786376953,94.58999633789062,93.94000244140625,94.12999725341797,0
2016-04-21,94.5999984741211,94.69999694824219,93.91999816894531,94.52999877929688,0
2016-04-22,95.12000274658203,95.19999694824219,94.47000122070312,94.62000274658203,0
2016-04-25,94.83999633789062,95.11000061035156,94.68000030517578,95.11000061035156,0
2016-04-26,94.56999969482422,94.80999755859375,94.20999908447266,94.77999877929688,0
2016-04-27,94.38999938964844,94.80000305175781,94.1500015258789,94.52999877929688,0
2016-04-28,93.76000213623047,94.58000183105469,93.69000244140625,94.37999725341797,0
2016-04-29,93.08000183105469,93.80000305175781,93.01000213623047,93.80000305175781,0
2016-05-02,92.62999725341797,93.06999969482422,92.54000091552734,93.0199966430664,0
2016-05-03,92.94000244140625,92.98999786376953,91.91999816894531,92.5999984741211,0
2016-05-04,93.18000030517578,93.36000061035156,92.8499984741211,92.9800033569336,0
2016-05-05,93.77999877929688,93.86000061035156,93.16999816894531,93.22000122070312,0
2016-05-06,93.88999938964844,93.95999908447266,93.27999877929688,93.73999786376953,0
2016-05-09,94.1500015258789,94.19999694824219,93.80000305175781,93.83000183105469,0
2016-05-10,94.29000091552734,94.36000061035156,94.02999877929688,94.12999725341797,0
2016-05-11,93.81999969482422,94.26000213623047,93.68000030517578,94.26000213623047,0
2016-05-12,94.13999938964844,94.19000244140625,93.80000305175781,93.8499984741211,0
2016-05-13,94.61000061035156,94.8499984741211,94.12000274658203,94.12999725341797,0
2016-05-16,94.56999969482422,94.68000030517578,94.4000015258789,94.56999969482422,0
2016-05-17,94.55000305175781,94.70999908447266,94.33000183105469,94.56999969482422,0
2016-05-18,95.08000183105469,95.2699966430664,94.52999877929688,94.56999969482422,0
2016-05-19,95.29000091552734,95.5,95.12000274658203,95.13999938964844,0
2016-05-20,95.30999755859375,95.45999908447266,95.16999816894531,95.29000091552734,0
2016-05-23,95.2300033569336,95.4800033569336,95.0999984741211,95.29000091552734,0
2016-05-24,95.56999969482422,95.66000366210938,95.19999694824219,95.26000213623047,0
2016-05-25,95.3499984741211,95.66000366210938,95.33000183105469,95.62000274658203,0
2016-05-26,95.16999816894531,95.41999816894531,94.94000244140625,95.41999816894531,0
2016-05-27,95.5199966430664,95.77999877929688,95.08000183105469,95.13999938964844,0
2016-05-31,95.88999938964844,95.88999938964844,95.45999908447266,95.66000366210938,0
2016-06-01,95.45999908447266,95.9000015258789,95.33999633789062,95.81999969482422,0
2016-06-02,95.55999755859375,95.58999633789062,95.1500015258789,95.43000030517578,0
2016-06-03,94.02999877929688,95.63999938964844,93.87000274658203,95.55000305175781,0
2016-06-06,93.9000015258789,94.2699966430664,93.75,93.87000274658203,0
2016-06-07,93.83000183105469,94.08999633789062,93.75,94.01000213623047,0
2016-06-08,93.58999633789062,93.87000274658203,93.43000030517578,93.86000061035156,0
2016-06-09,94.0999984741211,94.12000274658203,93.43000030517578,93.55000305175781,0
2016-06-10,94.5999984741211,94.70999908447266,94.05000305175781,94.08999633789062,0
2016-06-13,94.37000274658203,94.75,94.23999786376953,94.63999938964844,0
2016-06-14,94.93000030517578,95.02999877929688,94.31999969482422,94.36000061035156,0
2016-06-15,94.61000061035156,95.04000091552734,94.36000061035156,94.91000366210938,0
2016-06-16,94.56999969482422,95.31999969482422,94.20999908447266,94.5999984741211,0
2016-06-17,94.20999908447266,94.58999633789062,94.06999969482422,94.56999969482422,0
2016-06-20,93.61000061035156,93.77999877929688,93.44999694824219,93.77999877929688,0
2016-06-21,94.0199966430664,94.13999938964844,93.43000030517578,93.61000061035156,0
2016-06-22,93.72000122070312,94.12000274658203,93.41999816894531,94.05000305175781,0
2016-06-23,93.52999877929688,93.61000061035156,93.0199966430664,93.5,0
2016-06-24,95.44999694824219,96.69999694824219,93.44999694824219,93.44999694824219,0
2016-06-27,96.54000091552734,96.70999908447266,95.52999877929688,95.52999877929688,0
2016-06-28,96.25,96.41000366210938,95.7699966430664,96.41000366210938,0
2016-06-29,95.7699966430664,96.19999694824219,95.58999633789062,96.04000091552734,0
2016-06-30,96.13999938964844,96.41999816894531,95.44000244140625,95.66999816894531,0
2016-07-01,95.6500015258789,96.08000183105469,95.41000366210938,95.88999938964844,0
2016-07-05,96.16999816894531,96.25,95.33999633789062,95.55000305175781,0
2016-07-06,96.05999755859375,96.5,95.9800033569336,96.26000213623047,0
2016-07-07,96.33000183105469,96.33999633789062,95.91999816894531,96.13999938964844,0
2016-07-08,96.30000305175781,96.69999694824219,95.83000183105469,96.29000091552734,0
2016-07-11,96.56999969482422,96.79000091552734,96.2699966430664,96.27999877929688,0
2016-07-12,96.44000244140625,96.63999938964844,96.06999969482422,96.55000305175781,0
2016-07-13,96.22000122070312,96.5999984741211,96.08999633789062,96.51000213623047,0
2016-07-14,96.08000183105469,96.37000274658203,95.83000183105469,96.2699966430664,0
2016-07-15,96.58000183105469,96.7300033569336,95.91000366210938,96.12999725341797,0
2016-07-18,96.55999755859375,96.70999908447266,96.47000122070312,96.58999633789062,0
2016-07-19,97.05000305175781,97.1500015258789,96.5199966430664,96.54000091552734,0
2016-07-20,97.19999694824219,97.31999969482422,96.98999786376953,97.05999755859375,0
2016-07-21,97.0,97.20999908447266,96.7300033569336,97.12999725341797,0
2016-07-22,97.47000122070312,97.54000091552734,96.83000183105469,96.91999816894531,0
2016-07-25,97.29000091552734,97.56999969482422,97.22000122070312,97.3499984741211,0
2016-07-26,97.16000366210938,97.31999969482422,96.8499984741211,97.27999877929688,0
2016-07-27,97.05000305175781,97.52999877929688,96.66999816894531,97.12999725341797,0
2016-07-28,96.73999786376953,96.7699966430664,96.29000091552734,96.7300033569336,0
2016-07-29,95.52999877929688,96.62999725341797,95.37999725341797,96.62999725341797,0
2016-08-01,95.70999908447266,95.81999969482422,95.51000213623047,95.51000213623047,0
2016-08-02,95.05999755859375,95.8499984741211,95.0,95.81999969482422,0
2016-08-03,95.55999755859375,95.61000061035156,95.12999725341797,95.12999725341797,0
2016-08-04,95.76000213623047,95.9000015258789,95.41999816894531,95.54000091552734,0
2016-08-05,96.19000244140625,96.5199966430664,95.55000305175781,95.79000091552734,0
2016-08-08,96.4000015258789,96.47000122070312,96.1500015258789,96.22000122070312,0
2016-08-09,96.18000030517578,96.5199966430664,96.08000183105469,96.37999725341797,0
2016-08-10,95.6500015258789,96.12000274658203,95.44000244140625,96.12000274658203,0
2016-08-11,95.86000061035156,95.97000122070312,95.51000213623047,95.56999969482422,0
2016-08-12,95.72000122070312,95.98999786376953,95.25,95.91999816894531,0
2016-08-15,95.62999725341797,95.80000305175781,95.47000122070312,95.68000030517578,0
2016-08-16,94.79000091552734,95.66000366210938,94.43000030517578,95.61000061035156,0
2016-08-17,94.72000122070312,95.0999984741211,94.51000213623047,94.80000305175781,0
2016-08-18,94.16000366210938,94.69999694824219,94.08000183105469,94.69999694824219,0
2016-08-19,94.51000213623047,94.62999725341797,94.22000122070312,94.2300033569336,0
2016-08-22,94.5199966430664,94.95999908447266,94.44000244140625,94.5,0
2016-08-23,94.54000091552734,94.58000183105469,94.20999908447266,94.55000305175781,0
2016-08-24,94.79000091552734,94.91000366210938,94.51000213623047,94.55000305175781,0
2016-08-25,94.7699966430664,94.83000183105469,94.58999633789062,94.77999877929688,0
2016-08-26,95.56999969482422,95.58999633789062,94.25,94.70999908447266,0
2016-08-29,95.58000183105469,95.83000183105469,95.45999908447266,95.45999908447266,0
2016-08-30,96.05000305175781,96.13999938964844,95.52999877929688,95.56999969482422,0
2016-08-31,96.0199966430664,96.26000213623047,95.9000015258789,96.01000213623047,0
2016-09-01,95.6500015258789,96.23999786376953,95.5999984741211,95.98999786376953,0
2016-09-02,95.87999725341797,95.95999908447266,95.19000244140625,95.66000366210938,0
2016-09-06,94.81999969482422,95.86000061035156,94.7699966430664,95.80000305175781,0
2016-09-07,94.95999908447266,95.05999755859375,94.69000244140625,94.9000015258789,0
2016-09-08,95.02999877929688,95.13999938964844,94.47000122070312,94.94000244140625,0
2016-09-09,95.33999633789062,95.58000183105469,94.80000305175781,94.94999694824219,0
2016-09-12,95.0999984741211,95.44999694824219,94.94000244140625,95.30000305175781,0
2016-09-13,95.62999725341797,95.66999816894531,95.08000183105469,95.12000274658203,0
2016-09-14,95.33000183105469,95.66000366210938,95.19999694824219,95.55999755859375,0
2016-09-15,95.29000091552734,95.55999755859375,95.08000183105469,95.33999633789062,0
2016-09-16,96.11000061035156,96.11000061035156,95.22000122070312,95.2300033569336,0
2016-09-19,95.83999633789062,96.05999755859375,95.6500015258789,96.04000091552734,0
2016-09-20,96.0199966430664,96.04000091552734,95.5999984741211,95.83000183105469,0
2016-09-21,95.66000366210938,96.33000183105469,95.48999786376953,96.0,0
2016-09-22,95.44999694824219,95.52999877929688,95.05000305175781,95.5,0
2016-09-23,95.4800033569336,95.68000030517578,95.33999633789062,95.37000274658203,0
2016-09-26,95.30999755859375,95.52999877929688,95.12999725341797,95.51000213623047,0
2016-09-27,95.44000244140625,95.66999816894531,95.23999786376953,95.31999969482422,0
2016-09-28,95.43000030517578,95.73999786376953,95.37000274658203,95.44999694824219,0
2016-09-29,95.54000091552734,95.68000030517578,95.33000183105469,95.37000274658203,0
2016-09-30,95.45999908447266,95.95999908447266,95.33999633789062,95.51000213623047,0
2016-10-03,95.75,95.80000305175781,95.41999816894531,95.41999816894531,0
2016-10-04,96.12000274658203,96.44000244140625,95.72000122070312,95.72000122070312,0
2016-10-05,96.12999725341797,96.30999755859375,95.95999908447266,96.0999984741211,0
2016-10-06,96.66000366210938,96.7699966430664,96.12000274658203,96.1500015258789,0
2016-10-07,96.5199966430664,97.19000244140625,96.4000015258789,97.13999938964844,0
2016-10-11,97.69999694824219,97.7300033569336,96.9000015258789,96.9000015258789,0
2016-10-12,97.97000122070312,98.04000091552734,97.45999908447266,97.55000305175781,0
2016-10-13,97.5199966430664,98.12999725341797,97.51000213623047,97.98999786376953,0
2016-10-14,98.0199966430664,98.12000274658203,97.51000213623047,97.52999877929688,0
2016-10-17,97.88999938964844,98.16999816894531,97.80999755859375,98.05999755859375,0
2016-10-18,97.9000015258789,97.95999908447266,97.61000061035156,97.87000274658203,0
2016-10-19,97.87000274658203,97.97000122070312,97.62999725341797,97.88999938964844,0
2016-10-20,98.31999969482422,98.4000015258789,97.66000366210938,97.8499984741211,0
2016-10-21,98.69999694824219,98.80999755859375,98.30999755859375,98.31999969482422,0
2016-10-24,98.66999816894531,98.8499984741211,98.54000091552734,98.62000274658203,0
2016-10-25,98.72000122070312,99.12000274658203,98.61000061035156,98.76000213623047,0
2016-10-26,98.62999725341797,98.83999633789062,98.33999633789062,98.69000244140625,0
2016-10-27,98.88999938964844,99.02999877929688,98.5,98.62000274658203,0
2016-10-28,98.3499984741211,98.94000244140625,98.23999786376953,98.91999816894531,0
2016-10-31,98.44999694824219,98.69999694824219,98.29000091552734,98.31999969482422,0
2016-11-01,97.69999694824219,98.4800033569336,97.63999938964844,98.38999938964844,0
2016-11-02,97.4000015258789,97.80000305175781,97.18000030517578,97.75,0
2016-11-03,97.16000366210938,97.45999908447266,97.04000091552734,97.37999725341797,0
2016-11-04,97.06999969482422,97.3499984741211,96.88999938964844,97.16000366210938,0
2016-11-07,97.77999877929688,97.87000274658203,97.22000122070312,97.54000091552734,0
2016-11-08,97.86000061035156,97.98999786376953,97.55000305175781,97.75,0
2016-11-09,98.5,98.69999694824219,95.88999938964844,97.66000366210938,0
2016-11-10,98.79000091552734,99.08000183105469,98.30999755859375,98.61000061035156,0
2016-11-14,100.11000061035156,100.22000122070312,99.0,99.0,0
2016-11-15,100.19000244140625,100.26000213623047,99.44999694824219,99.80000305175781,0
2016-11-16,100.41000366210938,100.56999969482422,99.9000015258789,100.16999816894531,0
2016-11-17,100.88999938964844,101.01000213623047,99.95999908447266,100.25,0
2016-11-18,101.20999908447266,101.4800033569336,100.83000183105469,100.98999786376953,0
2016-11-21,101.05000305175781,101.4000015258789,100.73999786376953,101.29000091552734,0
2016-11-22,101.04000091552734,101.31999969482422,100.6500015258789,100.79000091552734,0
2016-11-23,101.69999694824219,101.91000366210938,100.88999938964844,100.94000244140625,0
2016-11-25,101.48999786376953,101.91999816894531,101.20999908447266,101.81999969482422,0
2016-11-28,101.33000183105469,101.5999984741211,100.63999938964844,101.44000244140625,0
2016-11-29,100.93000030517578,101.63999938964844,100.86000061035156,101.16999816894531,0
2016-11-30,101.5,101.83000183105469,100.83999633789062,100.86000061035156,0
2016-12-01,101.04000091552734,101.58999633789062,100.87000274658203,101.51000213623047,0
2016-12-02,100.7699966430664,101.11000061035156,100.62000274658203,100.88999938964844,0
2016-12-05,100.13999938964844,101.54000091552734,99.8499984741211,100.66000366210938,0
2016-12-06,100.48999786376953,100.58000183105469,99.9800033569336,100.13999938964844,0
2016-12-07,100.2300033569336,100.5999984741211,100.13999938964844,100.4800033569336,0
2016-12-08,101.06999969482422,101.25,99.43000030517578,100.19000244140625,0
2016-12-09,101.56999969482422,101.73999786376953,101.01000213623047,101.08000183105469,0
2016-12-12,100.95999908447266,101.77999877929688,100.83999633789062,101.69000244140625,0
2016-12-13,101.02999877929688,101.16000366210938,100.75,100.9000015258789,0
2016-12-14,102.0,102.3499984741211,100.7300033569336,101.02999877929688,0
2016-12-15,103.12999725341797,103.55999755859375,102.16000366210938,102.25,0
2016-12-16,102.94999694824219,103.2699966430664,102.62000274658203,103.1500015258789,0
2016-12-19,103.13999938964844,103.20999908447266,102.5199966430664,102.93000030517578,0
2016-12-20,103.29000091552734,103.6500015258789,103.02999877929688,103.16000366210938,0
2016-12-21,103.0199966430664,103.37999725341797,102.7699966430664,103.26000213623047,0
2016-12-22,103.08999633789062,103.13999938964844,102.58999633789062,103.04000091552734,0
2016-12-23,103.01000213623047,103.2300033569336,102.87999725341797,103.06999969482422,0
2016-12-27,103.0199966430664,103.1500015258789,102.94999694824219,102.95999908447266,0
2016-12-28,103.26000213623047,103.62999725341797,102.87000274658203,103.01000213623047,0
2016-12-29,102.68000030517578,103.25,102.61000061035156,103.19999694824219,0
2016-12-30,102.38999938964844,102.58999633789062,101.91000366210938,102.13999938964844,0
2017-01-03,103.20999908447266,103.81999969482422,102.58999633789062,102.87000274658203,0
2017-01-04,102.69999694824219,103.44000244140625,102.38999938964844,103.18000030517578,0
2017-01-05,101.5199966430664,102.51000213623047,101.30000305175781,102.43000030517578,0
2017-01-06,102.22000122070312,102.29000091552734,101.37000274658203,101.41999816894531,0
2017-01-09,101.93000030517578,102.5199966430664,101.80000305175781,102.26000213623047,0
2017-01-10,102.01000213623047,102.0999984741211,101.51000213623047,101.8499984741211,0
2017-01-11,101.77999877929688,102.94999694824219,101.27999877929688,102.05999755859375,0
2017-01-12,101.3499984741211,101.80000305175781,100.72000122070312,101.66999816894531,0
2017-01-13,101.18000030517578,101.66999816894531,101.01000213623047,101.48999786376953,0
2017-01-17,100.33000183105469,101.62000274658203,100.27999877929688,101.55000305175781,0
2017-01-18,100.93000030517578,101.33999633789062,100.31999969482422,100.44000244140625,0
2017-01-19,101.1500015258789,101.7300033569336,100.97000122070312,101.33999633789062,0
2017-01-20,100.73999786376953,101.5,100.69999694824219,101.1500015258789,0
2017-01-23,100.16000366210938,100.72000122070312,99.93000030517578,100.72000122070312,0
2017-01-24,100.3499984741211,100.43000030517578,99.91999816894531,100.06999969482422,0
2017-01-25,100.02999877929688,100.41000366210938,99.83999633789062,100.30999755859375,0
2017-01-26,100.37999725341797,100.7300033569336,99.79000091552734,99.91000366210938,0
2017-01-27,100.52999877929688,100.81999969482422,100.31999969482422,100.47000122070312,0
2017-01-30,100.43000030517578,101.0199966430664,100.16999816894531,100.3499984741211,0
2017-01-31,99.51000213623047,100.51000213623047,99.43000030517578,100.33000183105469,0
2017-02-01,99.63999938964844,100.04000091552734,99.5,99.55999755859375,0
2017-02-02,99.8499984741211,99.8499984741211,99.2300033569336,99.73999786376953,0
2017-02-03,99.87000274658203,100.26000213623047,99.55999755859375,99.80000305175781,0
2017-02-06,99.91000366210938,100.25,99.62000274658203,99.62000274658203,0
2017-02-07,100.26000213623047,100.72000122070312,99.91000366210938,99.93000030517578,0
2017-02-08,100.27999877929688,100.63999938964844,100.05999755859375,100.44000244140625,0
2017-02-09,100.6500015258789,100.66999816894531,100.08000183105469,100.2300033569336,0
2017-02-10,100.80000305175781,101.01000213623047,100.58000183105469,100.66000366210938,0
2017-02-13,100.95999908447266,101.11000061035156,100.58000183105469,100.8499984741211,0
2017-02-14,101.25,101.37999725341797,100.69999694824219,100.97000122070312,0
2017-02-15,101.18000030517578,101.76000213623047,101.0,101.20999908447266,0
2017-02-16,100.44000244140625,101.06999969482422,100.41000366210938,101.05000305175781,0
2017-02-17,100.94999694824219,100.95999908447266,100.44999694824219,100.54000091552734,0
2017-02-21,101.37000274658203,101.5999984741211,100.91000366210938,100.94000244140625,0
2017-02-22,101.33000183105469,101.72000122070312,101.16999816894531,101.38999938964844,0
2017-02-23,101.05000305175781,101.44000244140625,100.87000274658203,101.37000274658203,0
2017-02-24,101.08999633789062,101.16999816894531,100.66000366210938,100.95999908447266,0
2017-02-27,101.12999725341797,101.2699966430664,100.69000244140625,101.08000183105469,0
2017-02-28,101.12000274658203,101.38999938964844,100.77999877929688,101.20999908447266,0
2017-03-01,101.77999877929688,101.97000122070312,101.2300033569336,101.44000244140625,0
2017-03-02,102.19999694824219,102.26000213623047,101.77999877929688,101.91000366210938,0
2017-03-03,101.54000091552734,102.16999816894531,101.33999633789062,102.12000274658203,0
2017-03-06,101.63999938964844,101.75,101.22000122070312,101.44000244140625,0
2017-03-07,101.80999755859375,101.91000366210938,101.52999877929688,101.68000030517578,0
2017-03-08,102.06999969482422,102.19000244140625,101.70999908447266,101.79000091552734,0
2017-03-09,101.8499984741211,102.25,101.69999694824219,102.11000061035156,0
2017-03-10,101.25,102.0,101.16999816894531,102.0,0
2017-03-13,101.37999725341797,101.38999938964844,101.01000213623047,101.27999877929688,0
2017-03-14,101.69999694824219,101.79000091552734,101.33999633789062,101.41000366210938,0
2017-03-15,100.73999786376953,101.72000122070312,100.48999786376953,101.72000122070312,0
2017-03-16,100.2699966430664,100.75,100.2300033569336,100.55999755859375,0
2017-03-17,100.30000305175781,100.47000122070312,100.13999938964844,100.25,0
2017-03-20,100.41000366210938,100.44999694824219,100.0199966430664,100.33999633789062,0
2017-03-21,99.80999755859375,100.37999725341797,99.66000366210938,100.37999725341797,0
2017-03-22,99.68000030517578,99.93000030517578,99.55000305175781,99.69000244140625,0
2017-03-23,99.76000213623047,99.87000274658203,99.62999725341797,99.73999786376953,0
2017-03-24,99.62999725341797,100.0,99.52999877929688,99.7699966430664,0
2017-03-27,99.16999816894531,99.43000030517578,98.86000061035156,99.43000030517578,0
2017-03-28,99.70999908447266,99.79000091552734,99.12000274658203,99.22000122070312,0
2017-03-29,100.0,100.12999725341797,99.66999816894531,99.70999908447266,0
2017-03-30,100.41000366210938,100.58999633789062,99.93000030517578,99.95999908447266,0
2017-03-31,100.3499984741211,100.6500015258789,100.25,100.48999786376953,0
2017-04-03,100.54000091552734,100.69000244140625,100.37000274658203,100.5,0
2017-04-04,100.54000091552734,100.7300033569336,100.41999816894531,100.5,0
2017-04-05,100.55999755859375,100.8499984741211,100.41000366210938,100.52999877929688,0
2017-04-06,100.66999816894531,100.7699966430664,100.37999725341797,100.5199966430664,0
2017-04-07,101.18000030517578,101.26000213623047,100.5199966430664,100.73999786376953,0
2017-04-10,101.0199966430664,101.33999633789062,100.94000244140625,101.12999725341797,0
2017-04-11,100.70999908447266,101.08000183105469,100.58000183105469,100.95999908447266,0
2017-04-12,100.77999877929688,100.81999969482422,100.08999633789062,100.73999786376953,0
2017-04-13,100.55999755859375,100.5999984741211,100.01000213623047,100.16000366210938,0
2017-04-17,100.30000305175781,100.47000122070312,100.0,100.47000122070312,0
2017-04-18,99.5,100.4000015258789,99.47000122070312,100.3499984741211,0
2017-04-19,99.73999786376953,99.88999938964844,99.51000213623047,99.51000213623047,0
2017-04-20,99.77999877929688,99.8499984741211,99.37000274658203,99.77999877929688,0
2017-04-21,99.9800033569336,100.02999877929688,99.6500015258789,99.83999633789062,0
2017-04-24,99.08999633789062,99.33000183105469,98.79000091552734,98.79000091552734,0
2017-04-25,98.81999969482422,99.22000122070312,98.69999694824219,99.05000305175781,0
2017-04-26,98.95999908447266,99.33000183105469,98.7300033569336,98.8499984741211,0
2017-04-27,99.08000183105469,99.33000183105469,98.80999755859375,98.94999694824219,0
2017-04-28,99.05000305175781,99.25,98.72000122070312,99.16999816894531,0
2017-05-01,99.13999938964844,99.20999908447266,98.88999938964844,98.93000030517578,0
2017-05-02,98.9800033569336,99.22000122070312,98.91999816894531,99.06999969482422,0
2017-05-03,99.20999908447266,99.38999938964844,98.88999938964844,98.93000030517578,0
2017-05-04,98.76000213623047,99.45999908447266,98.70999908447266,99.3499984741211,0
2017-05-05,98.6500015258789,98.9800033569336,98.54000091552734,98.7699966430664,0
2017-05-08,99.1500015258789,99.18000030517578,98.5,98.5,0
2017-05-09,99.58999633789062,99.69000244140625,99.08000183105469,99.13999938964844,0
2017-05-10,99.66999816894531,99.72000122070312,99.37000274658203,99.47000122070312,0
2017-05-11,99.62000274658203,99.88999938964844,99.48999786376953,99.66000366210938,0
2017-05-12,99.25,99.69999694824219,99.16000366210938,99.62999725341797,0
2017-05-15,98.91000366210938,99.26000213623047,98.79000091552734,99.16000366210938,0
2017-05-16,98.11000061035156,98.88999938964844,98.08000183105469,98.87000274658203,0
2017-05-17,97.41999816894531,98.12999725341797,97.41999816894531,98.08999633789062,0
2017-05-18,97.87999725341797,98.06999969482422,97.37000274658203,97.43000030517578,0
2017-05-19,97.1500015258789,97.8499984741211,97.08000183105469,97.8499984741211,0
2017-05-22,96.9800033569336,97.44000244140625,96.80000305175781,97.16000366210938,0
2017-05-23,97.3499984741211,97.41999816894531,96.80000305175781,96.94999694824219,0
2017-05-24,97.23999786376953,97.47000122070312,97.02999877929688,97.33999633789062,0
2017-05-25,97.25,97.27999877929688,96.87999725341797,97.08000183105469,0
2017-05-26,97.4000015258789,97.55000305175781,97.04000091552734,97.2300033569336,0
2017-05-30,97.27999877929688,97.77999877929688,97.22000122070312,97.63999938964844,0
2017-05-31,96.91999816894531,97.5,96.86000061035156,97.43000030517578,0
2017-06-01,97.19999694824219,97.31999969482422,96.9000015258789,96.98999786376953,0
2017-06-02,96.72000122070312,97.30999755859375,96.6500015258789,97.19000244140625,0
2017-06-05,96.80000305175781,96.97000122070312,96.68000030517578,96.68000030517578,0
2017-06-06,96.63999938964844,96.80000305175781,96.5199966430664,96.79000091552734,0
2017-06-07,96.75,96.9800033569336,96.51000213623047,96.54000091552734,0
2017-06-08,96.91999816894531,97.16000366210938,96.58999633789062,96.69999694824219,0
2017-06-09,97.2699966430664,97.5,97.1500015258789,97.19000244140625,0
2017-06-12,97.13999938964844,97.31999969482422,97.04000091552734,97.2699966430664,0
2017-06-13,96.9800033569336,97.27999877929688,96.94999694824219,97.16999816894531,0
2017-06-14,96.94000244140625,97.12999725341797,96.31999969482422,97.0,0
2017-06-15,97.43000030517578,97.55999755859375,96.83999633789062,96.93000030517578,0
2017-06-16,97.16000366210938,97.55999755859375,97.0999984741211,97.4800033569336,0
2017-06-19,97.52999877929688,97.58000183105469,97.05000305175781,97.11000061035156,0
2017-06-20,97.75,97.87000274658203,97.43000030517578,97.54000091552734,0
2017-06-21,97.55999755859375,97.80000305175781,97.5199966430664,97.7300033569336,0
2017-06-22,97.54000091552734,97.6500015258789,97.43000030517578,97.54000091552734,0
2017-06-23,97.30000305175781,97.58000183105469,97.18000030517578,97.55999755859375,0
2017-06-26,97.43000030517578,97.47000122070312,97.11000061035156,97.30000305175781,0
2017-06-27,96.47000122070312,97.44999694824219,96.33999633789062,97.43000030517578,0
2017-06-28,96.05000305175781,96.62000274658203,95.97000122070312,96.43000030517578,0
2017-06-29,95.62999725341797,96.05000305175781,95.52999877929688,96.04000091552734,0
2017-06-30,95.66000366210938,95.83000183105469,95.47000122070312,95.54000091552734,0
2017-07-03,96.19999694824219,96.23999786376953,95.62000274658203,95.62000274658203,0
2017-07-05,96.29000091552734,96.51000213623047,96.06999969482422,96.19000244140625,0
2017-07-06,95.81999969482422,96.33999633789062,95.79000091552734,96.19000244140625,0
2017-07-07,96.01000213623047,96.1500015258789,95.75,95.80999755859375,0
2017-07-10,96.05000305175781,96.19999694824219,95.94999694824219,96.04000091552734,0
2017-07-11,95.73999786376953,96.20999908447266,95.6500015258789,96.06999969482422,0
2017-07-12,95.79000091552734,95.9800033569336,95.51000213623047,95.77999877929688,0
2017-07-13,95.7300033569336,95.91999816894531,95.45999908447266,95.77999877929688,0
2017-07-14,95.11000061035156,95.83000183105469,95.08999633789062,95.80000305175781,0
2017-07-17,95.12999725341797,95.3499984741211,95.0199966430664,95.0999984741211,0
2017-07-18,94.66000366210938,95.19000244140625,94.4800033569336,95.16000366210938,0
2017-07-19,94.80000305175781,94.88999938964844,94.63999938964844,94.69000244140625,0
2017-07-20,94.2699966430664,95.16999816894531,94.08999633789062,94.7699966430664,0
2017-07-21,93.94000244140625,94.36000061035156,93.8499984741211,94.29000091552734,0
2017-07-24,93.9800033569336,94.12000274658203,93.81999969482422,93.94999694824219,0
2017-07-25,94.05000305175781,94.12000274658203,93.63999938964844,94.02999877929688,0
2017-07-26,93.66999816894531,94.29000091552734,93.4000015258789,94.08999633789062,0
2017-07-27,93.86000061035156,94.0999984741211,93.1500015258789,93.45999908447266,0
2017-07-28,93.26000213623047,93.94999694824219,93.26000213623047,93.87000274658203,0
2017-07-31,92.86000061035156,93.54000091552734,92.77999877929688,93.36000061035156,0
2017-08-01,93.02999877929688,93.12000274658203,92.77999877929688,92.88999938964844,0
2017-08-02,92.83000183105469,93.16000366210938,92.55000305175781,93.05999755859375,0
2017-08-03,92.80999755859375,93.04000091552734,92.68000030517578,92.9000015258789,0
2017-08-04,93.54000091552734,93.7699966430664,92.69999694824219,92.75,0
2017-08-07,93.43000030517578,93.54000091552734,93.30000305175781,93.5,0
2017-08-08,93.63999938964844,93.87999725341797,93.23999786376953,93.44999694824219,0
2017-08-09,93.5199966430664,93.88999938964844,93.48999786376953,93.55999755859375,0
2017-08-10,93.4000015258789,93.80999755859375,93.31999969482422,93.5,0
2017-08-11,93.06999969482422,93.51000213623047,92.93000030517578,93.43000030517578,0
2017-08-14,93.45999908447266,93.5,93.05000305175781,93.08999633789062,0
2017-08-15,93.8499984741211,94.13999938964844,93.44000244140625,93.47000122070312,0
2017-08-16,93.48999786376953,94.1500015258789,93.4800033569336,93.83999633789062,0
2017-08-17,93.62000274658203,94.08000183105469,93.30999755859375,93.44000244140625,0
2017-08-18,93.43000030517578,93.76000213623047,93.33000183105469,93.68000030517578,0
2017-08-21,93.0999984741211,93.58000183105469,93.0,93.43000030517578,0
2017-08-22,93.55000305175781,93.58000183105469,93.05999755859375,93.13999938964844,0
2017-08-23,93.1500015258789,93.62999725341797,93.12999725341797,93.51000213623047,0
2017-08-24,93.27999877929688,93.37999725341797,93.13999938964844,93.16000366210938,0
2017-08-25,92.73999786376953,93.44000244140625,92.41999816894531,93.2699966430664,0
2017-08-28,92.20999908447266,92.55000305175781,92.18000030517578,92.36000061035156,0
2017-08-29,92.3499984741211,92.4800033569336,91.62000274658203,92.22000122070312,0
2017-08-30,92.87999725341797,92.94999694824219,92.25,92.30000305175781,0
2017-08-31,92.66999816894531,93.3499984741211,92.58000183105469,92.8499984741211,0
2017-09-01,92.80999755859375,92.93000030517578,92.0999984741211,92.61000061035156,0
2017-09-05,92.30999755859375,92.7300033569336,92.18000030517578,92.5999984741211,0
2017-09-06,92.29000091552734,92.37999725341797,91.98999786376953,92.23999786376953,0
2017-09-07,91.52999877929688,92.25,91.41000366210938,92.19999694824219,0
2017-09-08,91.33000183105469,91.51000213623047,91.01000213623047,91.48999786376953,0
2017-09-11,91.86000061035156,91.98999786376953,91.41999816894531,91.86000061035156,0
2017-09-12,91.91000366210938,92.08000183105469,91.7699966430664,91.86000061035156,0
2017-09-13,92.5199966430664,92.52999877929688,91.70999908447266,91.87999725341797,0
2017-09-14,92.12000274658203,92.66000366210938,92.02999877929688,92.3499984741211,0
2017-09-15,91.87000274658203,92.16999816894531,91.58000183105469,92.0,0
2017-09-18,92.05000305175781,92.20999908447266,91.80000305175781,91.93000030517578,0
2017-09-19,91.79000091552734,92.05000305175781,91.75,91.9800033569336,0
2017-09-20,92.51000213623047,92.69999694824219,91.52999877929688,91.83000183105469,0
2017-09-21,92.26000213623047,92.66000366210938,92.0999984741211,92.47000122070312,0
2017-09-22,92.16999816894531,92.22000122070312,91.77999877929688,92.18000030517578,0
2017-09-25,92.6500015258789,92.72000122070312,92.20999908447266,92.31999969482422,0
2017-09-26,92.97000122070312,93.29000091552734,92.55000305175781,92.5999984741211,0
2017-09-27,93.36000061035156,93.61000061035156,93.01000213623047,93.04000091552734,0
2017-09-28,93.08999633789062,93.66999816894531,93.06999969482422,93.47000122070312,0
2017-09-29,93.08000183105469,93.2699966430664,92.94999694824219,93.16999816894531,0
2017-10-02,93.55999755859375,93.66000366210938,93.12000274658203,93.29000091552734,0
2017-10-03,93.56999969482422,93.91999816894531,93.43000030517578,93.5999984741211,0
2017-10-04,93.45999908447266,93.58999633789062,93.26000213623047,93.58999633789062,0
2017-10-05,93.95999908447266,93.98999786376953,93.41000366210938,93.4800033569336,0
2017-10-06,93.80000305175781,94.2699966430664,93.7699966430664,93.91999816894531,0
2017-10-09,93.73999786376953,93.83999633789062,93.62000274658203,93.7699966430664,0
2017-10-10,93.29000091552734,93.73999786376953,93.13999938964844,93.7300033569336,0
2017-10-11,92.95999908447266,93.37000274658203,92.9000015258789,93.26000213623047,0
2017-10-12,93.12000274658203,93.2300033569336,92.80000305175781,92.94999694824219,0
2017-10-13,93.08999633789062,93.23999786376953,92.75,93.08999633789062,0
2017-10-16,93.27999877929688,93.36000061035156,93.06999969482422,93.06999969482422,0
2017-10-17,93.48999786376953,93.7300033569336,93.27999877929688,93.31999969482422,0
2017-10-18,93.36000061035156,93.80000305175781,93.36000061035156,93.4800033569336,0
2017-10-19,93.2699966430664,93.55000305175781,93.05999755859375,93.41999816894531,0
2017-10-20,93.69999694824219,93.77999877929688,93.12000274658203,93.16000366210938,0
2017-10-23,93.94000244140625,94.0199966430664,93.68000030517578,93.83999633789062,0
2017-10-24,93.95999908447266,93.98999786376953,93.68000030517578,93.83000183105469,0
2017-10-25,93.70999908447266,94.01000213623047,93.61000061035156,93.94000244140625,0
2017-10-26,94.61000061035156,94.72000122070312,93.4800033569336,93.62999725341797,0
2017-10-27,94.91999816894531,95.1500015258789,94.72000122070312,94.72000122070312,0
2017-10-30,94.48999786376953,94.9000015258789,94.44000244140625,94.79000091552734,0
2017-10-31,94.55000305175781,94.69999694824219,94.44999694824219,94.54000091552734,0
2017-11-01,94.81999969482422,94.8499984741211,94.51000213623047,94.55000305175781,0
2017-11-02,94.69000244140625,94.80000305175781,94.41000366210938,94.80000305175781,0
2017-11-03,94.94000244140625,95.0199966430664,94.41000366210938,94.7300033569336,0
2017-11-06,94.72000122070312,95.08000183105469,94.70999908447266,94.87000274658203,0
2017-11-07,94.91000366210938,95.1500015258789,94.69999694824219,94.72000122070312,0
2017-11-08,94.87000274658203,94.97000122070312,94.77999877929688,94.80000305175781,0
2017-11-09,94.44000244140625,94.95999908447266,94.41999816894531,94.87999725341797,0
2017-11-10,94.38999938964844,94.6500015258789,94.26000213623047,94.5,0
2017-11-13,94.48999786376953,94.63999938964844,94.4000015258789,94.41000366210938,0
2017-11-14,93.83000183105469,94.54000091552734,93.75,94.5199966430664,0
2017-11-15,93.80999755859375,93.91000366210938,93.4000015258789,93.86000061035156,0
2017-11-16,93.93000030517578,94.0,93.7699966430664,93.83999633789062,0
2017-11-17,93.66000366210938,93.93000030517578,93.51000213623047,93.87000274658203,0
2017-11-20,94.08000183105469,94.0999984741211,93.58000183105469,93.70999908447266,0
2017-11-21,93.94999694824219,94.16999816894531,93.87999725341797,94.04000091552734,0
2017-11-22,93.22000122070312,93.95999908447266,93.20999908447266,93.93000030517578,0
2017-11-24,92.76000213623047,93.25,92.68000030517578,93.12999725341797,0
2017-11-27,92.9000015258789,92.9800033569336,92.5,92.69000244140625,0
2017-11-28,93.26000213623047,93.33999633789062,92.83000183105469,92.88999938964844,0
2017-11-29,93.26000213623047,93.44000244140625,92.98999786376953,93.22000122070312,0
2017-11-30,93.01000213623047,93.51000213623047,92.7300033569336,93.26000213623047,0
2017-12-01,92.9000015258789,93.25,92.5999984741211,93.02999877929688,0
2017-12-04,93.19000244140625,93.36000061035156,93.06999969482422,93.22000122070312,0
2017-12-05,93.37999725341797,93.48999786376953,93.04000091552734,93.08999633789062,0
2017-12-06,93.61000061035156,93.6500015258789,93.16999816894531,93.30999755859375,0
2017-12-07,93.80000305175781,93.80000305175781,93.51000213623047,93.54000091552734,0
2017-12-08,93.9000015258789,94.08999633789062,93.7699966430664,93.79000091552734,0
2017-12-11,93.87000274658203,93.9800033569336,93.66999816894531,93.91999816894531,0
2017-12-12,94.0999984741211,94.22000122070312,93.76000213623047,93.91000366210938,0
2017-12-13,93.43000030517578,94.11000061035156,93.41000366210938,94.05999755859375,0
2017-12-14,93.48999786376953,93.76000213623047,93.27999877929688,93.41000366210938,0
2017-12-15,93.93000030517578,94.0,93.41000366210938,93.6500015258789,0
2017-12-18,93.69999694824219,94.02999877929688,93.37999725341797,93.9800033569336,0
2017-12-19,93.47000122070312,93.76000213623047,93.43000030517578,93.70999908447266,0
2017-12-20,93.3499984741211,93.54000091552734,93.16000366210938,93.5,0
2017-12-21,93.27999877929688,93.5,93.23999786376953,93.30999755859375,0
2017-12-22,93.3499984741211,93.55999755859375,93.30999755859375,93.37000274658203,0
2017-12-26,93.26000213623047,93.4000015258789,93.19999694824219,93.25,0
2017-12-27,93.02999877929688,93.30999755859375,92.95999908447266,93.30000305175781,0
2017-12-28,92.5999984741211,93.0199966430664,92.56999969482422,93.0,0
2017-12-29,92.12000274658203,92.66999816894531,92.08000183105469,92.66999816894531,0
2018-01-02,91.8499984741211,92.25,91.75,92.23999786376953,0
2018-01-03,92.16000366210938,92.26000213623047,91.80999755859375,91.81999969482422,0
2018-01-04,91.8499984741211,92.26000213623047,91.80000305175781,92.22000122070312,0
2018-01-05,91.94999694824219,92.0999984741211,91.77999877929688,91.87000274658203,0
2018-01-08,92.33000183105469,92.4000015258789,91.87999725341797,92.05999755859375,0
2018-01-09,92.52999877929688,92.63999938964844,92.20999908447266,92.33999633789062,0
2018-01-10,92.33000183105469,92.58000183105469,91.91999816894531,92.56999969482422,0
2018-01-11,91.8499984741211,92.55000305175781,91.79000091552734,92.33000183105469,0
2018-01-12,90.97000122070312,91.87999725341797,90.9000015258789,91.8499984741211,0
2018-01-16,90.38999938964844,90.83000183105469,90.33999633789062,90.44000244140625,0
2018-01-17,90.54000091552734,90.81999969482422,90.33999633789062,90.4000015258789,0
2018-01-18,90.5,91.0,90.11000061035156,90.77999877929688,0
2018-01-19,90.56999969482422,90.9800033569336,90.41000366210938,90.5,0
2018-01-22,90.4000015258789,90.69999694824219,90.16000366210938,90.66999816894531,0
2018-01-23,90.12000274658203,90.69999694824219,90.08999633789062,90.38999938964844,0
2018-01-24,89.20999908447266,90.58999633789062,89.20999908447266,90.0,0
2018-01-25,89.38999938964844,90.11000061035156,89.16000366210938,89.31999969482422,0
2018-01-26,89.06999969482422,89.58000183105469,88.44000244140625,89.4000015258789,0
2018-01-29,89.30999755859375,89.62000274658203,89.01000213623047,89.0199966430664,0
2018-01-30,89.19000244140625,89.63999938964844,88.91000366210938,89.37000274658203,0
2018-01-31,89.12999725341797,89.30000305175781,88.77999877929688,89.0999984741211,0
2018-02-01,88.66999816894531,89.33000183105469,88.55999755859375,89.04000091552734,0
2018-02-02,89.19999694824219,89.43000030517578,88.58999633789062,88.63999938964844,0
2018-02-05,89.55000305175781,89.66999816894531,89.0199966430664,89.19000244140625,0
2018-02-06,89.58999633789062,90.02999877929688,89.37000274658203,89.66000366210938,0
2018-02-07,90.26000213623047,90.4000015258789,89.47000122070312,89.62999725341797,0
2018-02-08,90.2300033569336,90.56999969482422,90.01000213623047,90.2699966430664,0
2018-02-09,90.44000244140625,90.55999755859375,90.12000274658203,90.25,0
2018-02-12,90.20999908447266,90.43000030517578,90.06999969482422,90.33000183105469,0
2018-02-13,89.69999694824219,90.18000030517578,89.61000061035156,90.08999633789062,0
2018-02-14,89.12000274658203,90.12000274658203,88.94000244140625,89.69000244140625,0
2018-02-15,88.58999633789062,89.0,88.54000091552734,88.95999908447266,0
2018-02-16,89.0999984741211,89.2300033569336,88.25,88.56999969482422,0
2018-02-20,89.72000122070312,89.80000305175781,89.22000122070312,89.23999786376953,0
2018-02-21,90.08000183105469,90.12999725341797,89.58999633789062,89.70999908447266,0
2018-02-22,89.75,90.23999786376953,89.63999938964844,90.16000366210938,0
2018-02-23,89.87999725341797,90.05999755859375,89.76000213623047,89.77999877929688,0
2018-02-26,89.81999969482422,90.05000305175781,89.5,89.87999725341797,0
2018-02-27,90.36000061035156,90.5,89.69000244140625,89.80000305175781,0
2018-02-28,90.61000061035156,90.69999694824219,90.30999755859375,90.41000366210938,0
2018-03-01,90.31999969482422,90.93000030517578,90.22000122070312,90.66999816894531,0
2018-03-02,89.94000244140625,90.29000091552734,89.87999725341797,90.25,0
2018-03-05,90.08000183105469,90.22000122070312,89.83000183105469,89.83000183105469,0
2018-03-06,89.62000274658203,90.05999755859375,89.5,89.95999908447266,0
2018-03-07,89.63999938964844,89.77999877929688,89.41000366210938,89.51000213623047,0
2018-03-08,90.12000274658203,90.2300033569336,89.44000244140625,89.58999633789062,0
2018-03-09,90.08999633789062,90.36000061035156,90.0,90.19999694824219,0
2018-03-12,89.9000015258789,90.19000244140625,89.83999633789062,90.11000061035156,0
2018-03-13,89.66000366210938,90.11000061035156,89.58999633789062,89.91000366210938,0
2018-03-14,89.69999694824219,89.88999938964844,89.55999755859375,89.69999694824219,0
2018-03-15,90.13999938964844,90.16999816894531,89.62000274658203,89.75,0
2018-03-16,90.2300033569336,90.37999725341797,89.88999938964844,90.13999938964844,0
2018-03-19,89.9000015258789,90.3499984741211,89.76000213623047,90.19999694824219,0
2018-03-20,90.37000274658203,90.44999694824219,89.8499984741211,89.87999725341797,0
2018-03-21,89.77999877929688,90.4000015258789,89.62999725341797,90.4000015258789,0
2018-03-22,89.86000061035156,89.95999908447266,89.4000015258789,89.6500015258789,0
2018-03-23,89.44000244140625,89.73999786376953,89.4000015258789,89.69000244140625,0
2018-03-26,89.02999877929688,89.5199966430664,88.9800033569336,89.47000122070312,0
2018-03-27,89.37000274658203,89.62999725341797,88.94000244140625,89.0199966430664,0
2018-03-28,90.05999755859375,90.1500015258789,89.25,89.31999969482422,0
2018-03-29,90.1500015258789,90.18000030517578,89.9000015258789,90.06999969482422,0
2018-04-02,90.05000305175781,90.1500015258789,89.81999969482422,89.97000122070312,0
2018-04-03,90.19999694824219,90.27999877929688,89.8499984741211,90.0199966430664,0
2018-04-04,90.13999938964844,90.2300033569336,89.91999816894531,90.16000366210938,0
2018-04-05,90.45999908447266,90.58999633789062,90.06999969482422,90.08999633789062,0
2018-04-06,90.11000061035156,90.5999984741211,90.06999969482422,90.37999725341797,0
2018-04-09,89.83999633789062,90.2699966430664,89.81999969482422,90.06999969482422,0
2018-04-10,89.58999633789062,89.97000122070312,89.54000091552734,89.83000183105469,0
2018-04-11,89.56999969482422,89.66999816894531,89.36000061035156,89.58000183105469,0
2018-04-12,89.75,89.95999908447266,89.44000244140625,89.5199966430664,0
2018-04-13,89.80000305175781,89.87999725341797,89.66000366210938,89.76000213623047,0
2018-04-16,89.43000030517578,89.8499984741211,89.38999938964844,89.7699966430664,0
2018-04-17,89.5199966430664,89.66999816894531,89.2300033569336,89.41000366210938,0
2018-04-18,89.62000274658203,89.77999877929688,89.44999694824219,89.51000213623047,0
2018-04-19,89.94000244140625,89.94999694824219,89.5,89.62000274658203,0
2018-04-20,90.31999969482422,90.4800033569336,89.88999938964844,89.9000015258789,0
2018-04-23,90.94000244140625,90.98999786376953,90.31999969482422,90.31999969482422,0
2018-04-24,90.7699966430664,91.08000183105469,90.70999908447266,90.91999816894531,0
2018-04-25,91.16999816894531,91.26000213623047,90.75,90.77999877929688,0
2018-04-26,91.55999755859375,91.63999938964844,90.95999908447266,91.20999908447266,0
2018-04-27,91.54000091552734,91.98999786376953,91.48999786376953,91.58000183105469,0
2018-04-30,91.83999633789062,91.91999816894531,91.4800033569336,91.52999877929688,0
2018-05-01,92.44999694824219,92.56999969482422,91.80000305175781,91.80999755859375,0
2018-05-02,92.51000213623047,92.83000183105469,92.22000122070312,92.47000122070312,0
2018-05-03,92.41000366210938,92.76000213623047,92.3499984741211,92.72000122070312,0
2018-05-04,92.56999969482422,92.9000015258789,92.3499984741211,92.43000030517578,0
2018-05-07,92.75,92.97000122070312,92.44999694824219,92.56999969482422,0
2018-05-08,93.12000274658203,93.27999877929688,92.6500015258789,92.7699966430664,0
2018-05-09,93.04000091552734,93.41999816894531,92.83999633789062,93.06999969482422,0
2018-05-10,92.6500015258789,93.16000366210938,92.54000091552734,93.08000183105469,0
2018-05-11,92.54000091552734,92.83999633789062,92.37000274658203,92.69000244140625,0
2018-05-14,92.58999633789062,92.69000244140625,92.23999786376953,92.55000305175781,0
2018-05-15,93.22000122070312,93.45999908447266,92.61000061035156,92.6500015258789,0
2018-05-16,93.38999938964844,93.62999725341797,93.13999938964844,93.30999755859375,0
2018-05-17,93.47000122070312,93.56999969482422,93.12000274658203,93.26000213623047,0
2018-05-18,93.63999938964844,93.83000183105469,93.33999633789062,93.5,0
2018-05-21,93.68000030517578,94.05999755859375,93.51000213623047,93.66999816894531,0
2018-05-22,93.61000061035156,93.7300033569336,93.29000091552734,93.54000091552734,0
2018-05-23,94.01000213623047,94.19000244140625,93.51000213623047,93.55000305175781,0
2018-05-24,93.77999877929688,93.9800033569336,93.61000061035156,93.91999816894531,0
2018-05-25,94.19000244140625,94.27999877929688,93.75,93.80000305175781,0
2018-05-29,94.83000183105469,95.02999877929688,94.27999877929688,94.41000366210938,0
2018-05-30,94.1500015258789,94.97000122070312,94.04000091552734,94.81999969482422,0
2018-05-31,93.98999786376953,94.25,93.72000122070312,94.06999969482422,0
2018-06-01,94.19000244140625,94.44999694824219,93.87999725341797,93.94999694824219,0
2018-06-04,94.0199966430664,94.19999694824219,93.66000366210938,94.16000366210938,0
2018-06-05,93.88999938964844,94.31999969482422,93.77999877929688,94.05999755859375,0
2018-06-06,93.66000366210938,93.88999938964844,93.41999816894531,93.87999725341797,0
2018-06-07,93.4000015258789,93.58999633789062,93.20999908447266,93.58999633789062,0
2018-06-08,93.55000305175781,93.81999969482422,93.38999938964844,93.44000244140625,0
2018-06-11,93.58000183105469,93.68000030517578,93.37000274658203,93.54000091552734,0
2018-06-12,93.80000305175781,93.91000366210938,93.47000122070312,93.66999816894531,0
2018-06-13,93.70999908447266,94.02999877929688,93.5199966430664,93.83000183105469,0
2018-06-14,94.7699966430664,94.87000274658203,93.19000244140625,93.5,0
2018-06-15,94.79000091552734,95.12999725341797,94.6500015258789,94.91000366210938,0
2018-06-18,94.75,95.05000305175781,94.69999694824219,94.79000091552734,0
2018-06-19,95.08999633789062,95.30000305175781,94.52999877929688,94.73999786376953,0
2018-06-20,95.05999755859375,95.30000305175781,94.91999816894531,94.97000122070312,0
2018-06-21,94.87000274658203,95.52999877929688,94.68000030517578,95.12999725341797,0
2018-06-22,94.5199966430664,94.87999725341797,94.43000030517578,94.86000061035156,0
2018-06-25,94.27999877929688,94.69999694824219,94.20999908447266,94.5,0
2018-06-26,94.68000030517578,94.7699966430664,94.16999816894531,94.29000091552734,0
2018-06-27,95.29000091552734,95.41999816894531,94.52999877929688,94.66999816894531,0
2018-06-28,95.38999938964844,95.52999877929688,95.08999633789062,95.2699966430664,0
2018-06-29,94.62999725341797,95.31999969482422,94.4800033569336,95.30000305175781,0
2018-07-02,94.87000274658203,95.13999938964844,94.52999877929688,94.62999725341797,0
2018-07-03,94.58999633789062,94.9800033569336,94.55999755859375,94.83999633789062,0
2018-07-05,94.47000122070312,94.58999633789062,94.18000030517578,94.51000213623047,0
2018-07-06,94.04000091552734,94.48999786376953,93.91999816894531,94.36000061035156,0
2018-07-09,94.08000183105469,94.20999908447266,93.70999908447266,93.97000122070312,0
2018-07-10,94.11000061035156,94.4800033569336,94.0199966430664,94.05999755859375,0
2018-07-11,94.72000122070312,94.7699966430664,94.08999633789062,94.19999694824219,0
2018-07-12,94.80999755859375,94.94000244140625,94.63999938964844,94.69999694824219,0
2018-07-13,94.75,95.23999786376953,94.66999816894531,94.9000015258789,0
2018-07-16,94.51000213623047,94.7699966430664,94.41000366210938,94.69000244140625,0
2018-07-17,94.97000122070312,95.05999755859375,94.30000305175781,94.55000305175781,0
2018-07-18,95.08000183105469,95.41000366210938,94.95999908447266,95.02999877929688,0
2018-07-19,95.16999816894531,95.6500015258789,94.93000030517578,95.08000183105469,0
2018-07-20,94.45999908447266,95.27999877929688,94.36000061035156,95.12999725341797,0
2018-07-23,94.66999816894531,94.72000122070312,94.20999908447266,94.43000030517578,0
2018-07-24,94.61000061035156,94.86000061035156,94.4000015258789,94.66999816894531,0
2018-07-25,94.36000061035156,94.66999816894531,94.13999938964844,94.58999633789062,0
2018-07-26,94.75,94.77999877929688,94.08000183105469,94.16000366210938,0
2018-07-27,94.68000030517578,94.91000366210938,94.62999725341797,94.76000213623047,0
2018-07-30,94.36000061035156,94.76000213623047,94.26000213623047,94.66000366210938,0
2018-07-31,94.48999786376953,94.56999969482422,94.16000366210938,94.33000183105469,0
2018-08-01,94.62000274658203,94.70999908447266,94.48999786376953,94.55999755859375,0
2018-08-02,95.16999816894531,95.19000244140625,94.61000061035156,94.62999725341797,0
2018-08-03,95.13999938964844,95.37000274658203,94.9800033569336,95.18000030517578,0
2018-08-06,95.36000061035156,95.5199966430664,95.19999694824219,95.19999694824219,0
2018-08-07,95.22000122070312,95.37000274658203,94.98999786376953,95.33999633789062,0
2018-08-08,95.0999984741211,95.41999816894531,94.98999786376953,95.13999938964844,0
2018-08-09,95.5,95.62000274658203,95.02999877929688,95.0999984741211,0
2018-08-10,96.36000061035156,96.44999694824219,95.52999877929688,95.63999938964844,0
2018-08-13,96.38999938964844,96.5199966430664,95.16000366210938,95.19000244140625,0
2018-08-14,96.7300033569336,96.79000091552734,95.16000366210938,95.16999816894531,0
2018-08-15,96.69999694824219,96.9800033569336,96.6500015258789,96.66000366210938,0
2018-08-16,96.6500015258789,96.7699966430664,96.31999969482422,96.72000122070312,0
2018-08-17,96.0999984741211,96.66000366210938,96.08999633789062,96.61000061035156,0
2018-08-20,95.9000015258789,96.4000015258789,95.7699966430664,96.12999725341797,0
2018-08-21,95.26000213623047,95.75,95.08000183105469,95.73999786376953,0
2018-08-22,95.1500015258789,95.37999725341797,94.93000030517578,95.20999908447266,0
2018-08-23,95.62000274658203,95.70999908447266,95.1500015258789,95.16999816894531,0
2018-08-24,95.1500015258789,95.69000244140625,95.02999877929688,95.63999938964844,0
2018-08-27,94.77999877929688,95.30000305175781,94.69000244140625,95.16999816894531,0
2018-08-28,94.72000122070312,94.91000366210938,94.43000030517578,94.7699966430664,0
2018-08-29,94.5999984741211,94.93000030517578,94.52999877929688,94.7300033569336,0
2018-08-30,94.72000122070312,94.9000015258789,94.47000122070312,94.52999877929688,0
2018-08-31,95.13999938964844,95.22000122070312,94.55000305175781,94.69999694824219,0
2018-09-04,95.41999816894531,95.73999786376953,95.13999938964844,95.13999938964844,0
2018-09-05,95.12999725341797,95.66000366210938,95.08999633789062,95.4000015258789,0
2018-09-06,95.0199966430664,95.20999908447266,94.93000030517578,95.0999984741211,0
2018-09-07,95.37000274658203,95.45999908447266,94.87000274658203,95.0199966430664,0
2018-09-10,95.1500015258789,95.55999755859375,95.02999877929688,95.43000030517578,0
2018-09-11,95.05999755859375,95.3499984741211,94.87999725341797,95.1500015258789,0
2018-09-12,94.80000305175781,95.27999877929688,94.7300033569336,95.0999984741211,0
2018-09-13,94.54000091552734,94.97000122070312,94.43000030517578,94.83000183105469,0
2018-09-14,94.9800033569336,95.0,94.36000061035156,94.55000305175781,0
2018-09-17,94.51000213623047,94.9800033569336,94.44000244140625,94.93000030517578,0
2018-09-18,94.62000274658203,94.7300033569336,94.31999969482422,94.61000061035156,0
2018-09-19,94.55000305175781,94.7300033569336,94.31999969482422,94.54000091552734,0
2018-09-20,93.91000366210938,94.55999755859375,93.83000183105469,94.55000305175781,0
2018-09-21,94.22000122070312,94.33000183105469,93.80999755859375,93.88999938964844,0
2018-09-24,94.26000213623047,94.37000274658203,93.83999633789062,94.2300033569336,0
2018-09-25,94.12999725341797,94.37000274658203,94.01000213623047,94.25,0
2018-09-26,94.19000244140625,94.4000015258789,93.94999694824219,94.16999816894531,0
2018-09-27,95.0,95.0,94.20999908447266,94.26000213623047,0
2018-09-28,95.19000244140625,95.37000274658203,94.91999816894531,95.0199966430664,0
2018-10-01,95.30000305175781,95.37000274658203,95.0,95.11000061035156,0
2018-10-02,95.51000213623047,95.73999786376953,95.26000213623047,95.30000305175781,0
2018-10-03,95.76000213623047,96.12000274658203,95.26000213623047,95.45999908447266,0
2018-10-04,95.75,96.12000274658203,95.55000305175781,96.05000305175781,0
2018-10-05,95.62000274658203,95.94999694824219,95.5199966430664,95.76000213623047,0
2018-10-08,95.7699966430664,96.02999877929688,95.58999633789062,95.62000274658203,0
2018-10-09,95.68000030517578,96.16000366210938,95.63999938964844,95.75,0
2018-10-10,95.51000213623047,95.79000091552734,95.37999725341797,95.58999633789062,0
2018-10-11,95.0199966430664,95.43000030517578,94.98999786376953,95.43000030517578,0
2018-10-12,95.22000122070312,95.37000274658203,94.94999694824219,95.04000091552734,0
2018-10-15,95.06999969482422,95.37000274658203,94.95999908447266,95.3499984741211,0
2018-10-16,95.05000305175781,95.19999694824219,94.79000091552734,95.05000305175781,0
2018-10-17,95.58000183105469,95.66000366210938,95.05999755859375,95.08999633789062,0
2018-10-18,95.9000015258789,95.98999786376953,95.48999786376953,95.66000366210938,0
2018-10-19,95.70999908447266,96.08999633789062,95.54000091552734,95.94999694824219,0
2018-10-22,96.01000213623047,96.08999633789062,95.47000122070312,95.66000366210938,0
2018-10-23,95.95999908447266,96.16000366210938,95.80999755859375,96.02999877929688,0
2018-10-24,96.43000030517578,96.52999877929688,95.91000366210938,95.91999816894531,0
2018-10-25,96.68000030517578,96.7300033569336,96.20999908447266,96.36000061035156,0
2018-10-26,96.36000061035156,96.86000061035156,96.29000091552734,96.58999633789062,0
2018-10-29,96.58000183105469,96.69999694824219,96.3499984741211,96.44000244140625,0
2018-10-30,97.01000213623047,97.0199966430664,96.62000274658203,96.66000366210938,0
2018-10-31,97.12999725341797,97.19999694824219,96.87999725341797,96.98999786376953,0
2018-11-01,96.27999877929688,97.12000274658203,96.19999694824219,97.08000183105469,0
2018-11-02,96.54000091552734,96.58999633789062,95.98999786376953,96.30999755859375,0
2018-11-05,96.3499984741211,96.68000030517578,96.25,96.44000244140625,0
2018-11-06,96.31999969482422,96.44999694824219,96.1500015258789,96.33000183105469,0
2018-11-07,96.0,96.45999908447266,95.68000030517578,95.98999786376953,0
2018-11-08,96.63999938964844,96.73999786376953,96.06999969482422,96.19000244140625,0
2018-11-09,96.91000366210938,97.01000213623047,96.62000274658203,96.62999725341797,0
2018-11-12,97.54000091552734,97.69000244140625,96.97000122070312,97.05000305175781,0
2018-11-13,97.30000305175781,97.66000366210938,97.08000183105469,97.5999984741211,0
2018-11-14,96.80000305175781,97.41000366210938,96.75,97.02999877929688,0
2018-11-15,96.93000030517578,97.38999938964844,96.7699966430664,97.01000213623047,0
2018-11-16,96.47000122070312,97.05999755859375,96.4000015258789,97.05000305175781,0
2018-11-19,96.19000244140625,96.56999969482422,96.12000274658203,96.43000030517578,0
2018-11-20,96.80999755859375,96.88999938964844,96.04000091552734,96.19999694824219,0
2018-11-21,96.70999908447266,96.87000274658203,96.5,96.81999969482422,0
2018-11-23,96.91999816894531,96.9800033569336,96.4000015258789,96.51000213623047,0
2018-11-26,97.06999969482422,97.0999984741211,96.66000366210938,96.93000030517578,0
2018-11-27,97.37000274658203,97.5,96.97000122070312,97.02999877929688,0
2018-11-28,96.79000091552734,97.54000091552734,96.69000244140625,97.37000274658203,0
2018-11-29,96.77999877929688,97.01000213623047,96.62999725341797,96.8499984741211,0
2018-11-30,97.2699966430664,97.30999755859375,96.70999908447266,96.76000213623047,0
2018-12-03,97.04000091552734,97.16000366210938,96.70999908447266,97.12999725341797,0
2018-12-04,96.97000122070312,97.12999725341797,96.37999725341797,96.94000244140625,0
2018-12-06,96.80999755859375,97.20999908447266,96.55000305175781,97.01000213623047,0
2018-12-07,96.51000213623047,96.91999816894531,96.51000213623047,96.80000305175781,0
2018-12-10,97.22000122070312,97.23999786376953,96.36000061035156,96.72000122070312,0
2018-12-11,97.38999938964844,97.55000305175781,96.87000274658203,97.18000030517578,0
2018-12-12,97.04000091552734,97.48999786376953,96.88999938964844,97.37999725341797,0
2018-12-13,97.05999755859375,97.29000091552734,96.87999725341797,97.04000091552734,0
2018-12-14,97.44000244140625,97.70999908447266,97.08000183105469,97.08999633789062,0
2018-12-17,97.0999984741211,97.45999908447266,97.05000305175781,97.43000030517578,0
2018-12-18,97.13999938964844,97.16999816894531,96.69999694824219,97.12999725341797,0
2018-12-19,97.04000091552734,97.0999984741211,96.55000305175781,96.91000366210938,0
2018-12-20,96.27999877929688,97.04000091552734,96.16999816894531,96.98999786376953,0
2018-12-21,96.95999908447266,97.05000305175781,96.25,96.38999938964844,0
2018-12-24,96.55000305175781,96.94000244140625,96.37999725341797,96.94000244140625,0
2018-12-26,97.05000305175781,97.12000274658203,96.52999877929688,96.58000183105469,0
2018-12-27,96.4800033569336,96.94000244140625,96.41000366210938,96.91999816894531,0
2018-12-28,96.38999938964844,96.5199966430664,96.19000244140625,96.51000213623047,0
2018-12-31,96.16999816894531,96.51000213623047,96.06999969482422,96.4000015258789,0
2019-01-02,96.81999969482422,96.95999908447266,95.81999969482422,96.13999938964844,0
2019-01-03,96.30999755859375,96.75,96.20999908447266,96.72000122070312,0
2019-01-04,96.19000244140625,96.61000061035156,96.05000305175781,96.27999877929688,0
2019-01-07,95.70999908447266,96.16000366210938,95.63999938964844,96.16000366210938,0
2019-01-08,95.9000015258789,96.02999877929688,95.68000030517578,95.69000244140625,0
2019-01-09,95.22000122070312,95.91999816894531,95.12000274658203,95.80999755859375,0
2019-01-10,95.54000091552734,95.62000274658203,95.02999877929688,95.16000366210938,0
2019-01-11,95.66999816894531,95.76000213623047,95.19999694824219,95.44000244140625,0
2019-01-14,95.58999633789062,95.72000122070312,95.4800033569336,95.6500015258789,0
2019-01-15,95.97000122070312,96.26000213623047,95.47000122070312,95.56999969482422,0
2019-01-16,96.05999755859375,96.18000030517578,95.86000061035156,95.94000244140625,0
2019-01-17,96.06999969482422,96.26000213623047,95.9800033569336,96.06999969482422,0
2019-01-18,96.33999633789062,96.38999938964844,96.01000213623047,96.06999969482422,0
2019-01-22,96.30000305175781,96.4800033569336,96.22000122070312,96.33999633789062,0
2019-01-23,96.12000274658203,96.37000274658203,96.05000305175781,96.31999969482422,0
2019-01-24,96.5999984741211,96.68000030517578,96.04000091552734,96.06999969482422,0
2019-01-25,95.79000091552734,96.52999877929688,95.73999786376953,96.48999786376953,0
2019-01-28,95.75,95.91999816894531,95.63999938964844,95.79000091552734,0
2019-01-29,95.81999969482422,95.87000274658203,95.62000274658203,95.73999786376953,0
2019-01-30,95.33999633789062,95.9800033569336,95.25,95.79000091552734,0
2019-01-31,95.58000183105469,95.62000274658203,95.16000366210938,95.3499984741211,0
2019-02-01,95.58000183105469,95.66000366210938,95.4000015258789,95.55000305175781,0
2019-02-04,95.8499984741211,95.91999816894531,95.56999969482422,95.5999984741211,0
2019-02-05,96.0999984741211,96.12000274658203,95.80999755859375,95.83000183105469,0
2019-02-06,96.41999816894531,96.41999816894531,96.04000091552734,96.05999755859375,0
2019-02-07,96.51000213623047,96.66999816894531,96.37999725341797,96.38999938964844,0
2019-02-08,96.63999938964844,96.69000244140625,96.44999694824219,96.5999984741211,0
2019-02-11,97.05999755859375,97.12000274658203,96.62000274658203,96.66000366210938,0
2019-02-12,96.70999908447266,97.19999694824219,96.6500015258789,97.05999755859375,0
2019-02-13,97.12999725341797,97.18000030517578,96.62999725341797,96.7300033569336,0
2019-02-14,96.9800033569336,97.29000091552734,96.94999694824219,97.13999938964844,0
2019-02-15,96.91999816894531,97.37000274658203,96.83000183105469,97.05999755859375,0
2019-02-19,96.5199966430664,97.08999633789062,96.43000030517578,96.80999755859375,0
2019-02-20,96.44999694824219,96.6500015258789,96.29000091552734,96.52999877929688,0
2019-02-21,96.61000061035156,96.66000366210938,96.36000061035156,96.48999786376953,0
2019-02-22,96.51000213623047,96.77999877929688,96.43000030517578,96.58999633789062,0
2019-02-25,96.41000366210938,96.5999984741211,96.31999969482422,96.5199966430664,0
2019-02-26,96.0,96.45999908447266,95.94999694824219,96.38999938964844,0
2019-02-27,96.1500015258789,96.19000244140625,95.87999725341797,96.05999755859375,0
2019-02-28,96.16000366210938,96.27999877929688,95.81999969482422,96.08999633789062,0
2019-03-01,96.52999877929688,96.55000305175781,96.06999969482422,96.22000122070312,0
2019-03-04,96.68000030517578,96.81999969482422,96.33000183105469,96.33999633789062,0
2019-03-05,96.8499984741211,97.01000213623047,96.66000366210938,96.68000030517578,0
2019-03-06,96.87000274658203,96.98999786376953,96.77999877929688,96.9000015258789,0
2019-03-07,97.66999816894531,97.70999908447266,96.81999969482422,96.83000183105469,0
2019-03-08,97.37000274658203,97.63999938964844,97.25,97.61000061035156,0
2019-03-11,97.22000122070312,97.44999694824219,97.16000366210938,97.38999938964844,0
2019-03-12,96.94000244140625,97.27999877929688,96.86000061035156,97.05000305175781,0
2019-03-13,96.55000305175781,97.0199966430664,96.38999938964844,97.01000213623047,0
2019-03-14,96.79000091552734,96.81999969482422,96.47000122070312,96.48999786376953,0
2019-03-15,96.5999984741211,96.79000091552734,96.48999786376953,96.72000122070312,0
2019-03-18,96.5199966430664,96.62999725341797,96.37999725341797,96.56999969482422,0
2019-03-19,96.37999725341797,96.5199966430664,96.29000091552734,96.51000213623047,0
2019-03-20,95.76000213623047,96.56999969482422,95.73999786376953,96.4000015258789,0
2019-03-21,96.5,96.62999725341797,95.83999633789062,95.91000366210938,0
2019-03-22,96.6500015258789,96.80999755859375,96.20999908447266,96.31999969482422,0
2019-03-25,96.56999969482422,96.68000030517578,96.41000366210938,96.63999938964844,0
2019-03-26,96.73999786376953,96.8499984741211,96.44999694824219,96.5,0
2019-03-27,96.7699966430664,96.9800033569336,96.68000030517578,96.75,0
2019-03-28,97.19999694824219,97.30000305175781,96.81999969482422,96.97000122070312,0
2019-03-29,97.27999877929688,97.33999633789062,97.01000213623047,97.19999694824219,0
2019-04-01,97.25,97.30000305175781,97.02999877929688,97.18000030517578,0
2019-04-02,97.36000061035156,97.5199966430664,97.2699966430664,97.33000183105469,0
2019-04-03,97.08999633789062,97.31999969482422,96.95999908447266,97.30000305175781,0
2019-04-04,97.30999755859375,97.33999633789062,97.0199966430664,97.04000091552734,0
2019-04-05,97.4000015258789,97.47000122070312,97.19000244140625,97.30000305175781,0
2019-04-08,97.05000305175781,97.4000015258789,96.9800033569336,97.38999938964844,0
2019-04-09,97.01000213623047,97.08999633789062,96.86000061035156,97.08000183105469,0
2019-04-10,96.94999694824219,97.22000122070312,96.8499984741211,96.98999786376953,0
2019-04-11,97.18000030517578,97.19000244140625,96.87999725341797,96.88999938964844,0
2019-04-12,96.97000122070312,97.18000030517578,96.75,97.13999938964844,0
2019-04-15,96.94000244140625,97.18000030517578,96.79000091552734,96.93000030517578,0
2019-04-16,97.04000091552734,97.08999633789062,96.87999725341797,96.93000030517578,0
2019-04-17,97.01000213623047,97.12000274658203,96.81999969482422,97.06999969482422,0
2019-04-18,97.47000122070312,97.48999786376953,96.95999908447266,97.01000213623047,0
2019-04-22,97.27999877929688,97.41000366210938,97.26000213623047,97.37999725341797,0
2019-04-23,97.56999969482422,97.77999877929688,97.27999877929688,97.27999877929688,0
2019-04-24,98.0999984741211,98.19000244140625,97.58999633789062,97.5999984741211,0
2019-04-25,98.19999694824219,98.31999969482422,97.98999786376953,98.0999984741211,0
2019-04-26,98.01000213623047,98.33000183105469,97.8499984741211,98.12000274658203,0
2019-04-29,97.86000061035156,98.0999984741211,97.83000183105469,98.02999877929688,0
2019-04-30,97.4800033569336,97.88999938964844,97.44000244140625,97.8499984741211,0
2019-05-01,97.69000244140625,97.7300033569336,97.1500015258789,97.52999877929688,0
2019-05-02,97.83000183105469,97.8499984741211,97.51000213623047,97.62999725341797,0
2019-05-03,97.5199966430664,98.0999984741211,97.44999694824219,97.83000183105469,0
2019-05-06,97.5199966430664,97.70999908447266,97.45999908447266,97.55999755859375,0
2019-05-07,97.62999725341797,97.73999786376953,97.37999725341797,97.5199966430664,0
2019-05-08,97.62000274658203,97.68000030517578,97.41999816894531,97.56999969482422,0
2019-05-09,97.37000274658203,97.69999694824219,97.23999786376953,97.58000183105469,0
2019-05-10,97.33000183105469,97.44999694824219,97.12999725341797,97.43000030517578,0
2019-05-13,97.31999969482422,97.37000274658203,97.02999877929688,97.30000305175781,0
2019-05-14,97.52999877929688,97.55999755859375,97.2699966430664,97.31999969482422,0
2019-05-15,97.56999969482422,97.69999694824219,97.44000244140625,97.52999877929688,0
2019-05-16,97.83999633789062,97.87999725341797,97.44000244140625,97.54000091552734,0
2019-05-17,98.0,98.02999877929688,97.7699966430664,97.83000183105469,0
2019-05-20,97.93000030517578,98.04000091552734,97.87999725341797,97.95999908447266,0
2019-05-21,98.05999755859375,98.12999725341797,97.81999969482422,97.91999816894531,0
2019-05-22,98.11000061035156,98.12000274658203,97.88999938964844,98.0199966430664,0
2019-05-23,97.8499984741211,98.37000274658203,97.80999755859375,98.05999755859375,0
2019-05-24,97.61000061035156,97.91000366210938,97.55000305175781,97.83000183105469,0
2019-05-28,97.95999908447266,97.9800033569336,97.69999694824219,97.73999786376953,0
2019-05-29,98.13999938964844,98.20999908447266,97.86000061035156,97.93000030517578,0
2019-05-30,98.13999938964844,98.27999877929688,98.08999633789062,98.12999725341797,0
2019-05-31,97.75,98.16999816894531,97.72000122070312,98.1500015258789,0
2019-06-03,97.13999938964844,97.80000305175781,97.11000061035156,97.63999938964844,0
2019-06-04,97.06999969482422,97.33999633789062,97.0,97.20999908447266,0
2019-06-05,97.37000274658203,97.37000274658203,96.75,97.12000274658203,0
2019-06-06,97.02999877929688,97.3499984741211,96.77999877929688,97.29000091552734,0
2019-06-07,96.61000061035156,97.18000030517578,96.45999908447266,97.01000213623047,0
2019-06-10,96.76000213623047,96.94000244140625,96.62999725341797,96.6500015258789,0
2019-06-11,96.69000244140625,96.87999725341797,96.63999938964844,96.75,0
2019-06-12,97.0,97.0199966430664,96.58000183105469,96.70999908447266,0
2019-06-13,97.01000213623047,97.08000183105469,96.87000274658203,96.95999908447266,0
2019-06-14,97.56999969482422,97.58000183105469,96.94000244140625,97.01000213623047,0
2019-06-17,97.55999755859375,97.5999984741211,97.33999633789062,97.5199966430664,0
2019-06-18,97.63999938964844,97.7699966430664,97.37000274658203,97.52999877929688,0
2019-06-19,97.12000274658203,97.68000030517578,97.08999633789062,97.62999725341797,0
2019-06-20,96.62999725341797,97.19999694824219,96.56999969482422,97.18000030517578,0
2019-06-21,96.22000122070312,96.70999908447266,96.1500015258789,96.62000274658203,0
2019-06-24,95.9800033569336,96.19999694824219,95.97000122070312,96.18000030517578,0
2019-06-25,96.16000366210938,96.36000061035156,95.83999633789062,96.0,0
2019-06-26,96.20999908447266,96.33999633789062,96.06999969482422,96.18000030517578,0
2019-06-27,96.19000244140625,96.38999938964844,96.13999938964844,96.18000030517578,0
2019-06-28,96.12999725341797,96.30000305175781,96.0199966430664,96.19000244140625,0
2019-07-01,96.83999633789062,96.87000274658203,96.25,96.25,0
2019-07-02,96.7300033569336,96.87999725341797,96.5999984741211,96.80999755859375,0
2019-07-03,96.7699966430664,96.87000274658203,96.58999633789062,96.7300033569336,0
2019-07-05,97.25,97.44000244140625,96.72000122070312,96.72000122070312,0
2019-07-08,97.37999725341797,97.41999816894531,97.16000366210938,97.2300033569336,0
2019-07-09,97.48999786376953,97.58999633789062,97.36000061035156,97.37999725341797,0
2019-07-10,97.0999984741211,97.55000305175781,97.04000091552734,97.51000213623047,0
2019-07-11,97.05000305175781,97.1500015258789,96.80000305175781,97.05999755859375,0
2019-07-12,96.80999755859375,97.12000274658203,96.79000091552734,97.08000183105469,0
2019-07-15,96.93000030517578,96.97000122070312,96.75,96.83999633789062,0
2019-07-16,97.4000015258789,97.44000244140625,96.91999816894531,96.91999816894531,0
2019-07-17,97.22000122070312,97.44000244140625,97.16000366210938,97.36000061035156,0
2019-07-18,96.79000091552734,97.26000213623047,96.66999816894531,97.19999694824219,0
2019-07-19,97.1500015258789,97.29000091552734,96.76000213623047,96.81999969482422,0
2019-07-22,97.26000213623047,97.30000305175781,97.12999725341797,97.1500015258789,0
2019-07-23,97.70999908447266,97.73999786376953,97.30000305175781,97.30000305175781,0
2019-07-24,97.7300033569336,97.80999755859375,97.55000305175781,97.72000122070312,0
2019-07-25,97.81999969482422,97.91999816894531,97.5,97.69000244140625,0
2019-07-26,98.01000213623047,98.08999633789062,97.76000213623047,97.79000091552734,0
2019-07-29,98.04000091552734,98.16999816894531,97.9000015258789,97.98999786376953,0
2019-07-30,98.05000305175781,98.20999908447266,98.0199966430664,98.06999969482422,0
2019-07-31,98.5199966430664,98.68000030517578,98.01000213623047,98.02999877929688,0
2019-08-01,98.38999938964844,98.93000030517578,98.2699966430664,98.58999633789062,0
2019-08-02,98.0999984741211,98.44999694824219,98.05000305175781,98.41000366210938,0
2019-08-05,97.5,98.13999938964844,97.41999816894531,98.11000061035156,0
2019-08-06,97.62999725341797,97.7699966430664,97.20999908447266,97.25,0
2019-08-07,97.54000091552734,97.8499984741211,97.30999755859375,97.55999755859375,0
2019-08-08,97.62000274658203,97.73999786376953,97.43000030517578,97.5999984741211,0
2019-08-09,97.48999786376953,97.63999938964844,97.36000061035156,97.56999969482422,0
2019-08-12,97.37999725341797,97.73999786376953,97.31999969482422,97.54000091552734,0
2019-08-13,97.80999755859375,97.8499984741211,97.31999969482422,97.4800033569336,0
2019-08-14,97.98999786376953,98.05000305175781,97.66999816894531,97.80000305175781,0
2019-08-15,98.13999938964844,98.23999786376953,97.81999969482422,97.94999694824219,0
2019-08-16,98.13999938964844,98.33999633789062,98.11000061035156,98.12999725341797,0
2019-08-19,98.3499984741211,98.38999938964844,98.12999725341797,98.16999816894531,0
2019-08-20,98.19000244140625,98.44999694824219,98.12000274658203,98.36000061035156,0
2019-08-21,98.30000305175781,98.33000183105469,97.94999694824219,98.16999816894531,0
2019-08-22,98.16999816894531,98.38999938964844,98.08000183105469,98.25,0
2019-08-23,97.63999938964844,98.44999694824219,97.58999633789062,98.19000244140625,0
2019-08-26,98.08000183105469,98.08999633789062,97.4800033569336,97.58999633789062,0
2019-08-27,98.0,98.05000305175781,97.86000061035156,98.05000305175781,0
2019-08-28,98.20999908447266,98.26000213623047,98.0,98.01000213623047,0
2019-08-29,98.51000213623047,98.55000305175781,98.16000366210938,98.19000244140625,0
2019-08-30,98.91999816894531,99.0199966430664,98.41000366210938,98.43000030517578,0
2019-09-03,98.94999694824219,99.37000274658203,98.91999816894531,99.08000183105469,0
2019-09-04,98.44999694824219,98.97000122070312,98.38999938964844,98.95999908447266,0
2019-09-05,98.41000366210938,98.54000091552734,98.08999633789062,98.4000015258789,0
2019-09-06,98.38999938964844,98.5199966430664,98.01000213623047,98.41999816894531,0
2019-09-09,98.27999877929688,98.51000213623047,98.13999938964844,98.41999816894531,0
2019-09-10,98.33000183105469,98.45999908447266,98.26000213623047,98.33000183105469,0
2019-09-11,98.6500015258789,98.75,97.86000061035156,98.33000183105469,0
2019-09-12,98.30999755859375,99.0999984741211,98.19000244140625,98.62999725341797,0
2019-09-13,98.26000213623047,98.43000030517578,98.0,98.41000366210938,0
2019-09-16,98.6500015258789,98.70999908447266,98.02999877929688,98.12000274658203,0
2019-09-17,98.26000213623047,98.73999786376953,98.19000244140625,98.6500015258789,0
2019-09-18,98.5999984741211,98.69000244140625,98.19000244140625,98.20999908447266,0
2019-09-19,98.2699966430664,98.62000274658203,98.19999694824219,98.56999969482422,0
2019-09-20,98.51000213623047,98.63999938964844,98.13999938964844,98.33999633789062,0
2019-09-23,98.5999984741211,98.83000183105469,98.44999694824219,98.51000213623047,0
2019-09-24,98.33999633789062,98.70999908447266,98.29000091552734,98.63999938964844,0
2019-09-25,99.04000091552734,99.05999755859375,98.36000061035156,98.37999725341797,0
2019-09-26,99.20999908447266,99.27999877929688,98.83999633789062,98.95999908447266,0
2019-09-27,99.11000061035156,99.30999755859375,98.98999786376953,99.19000244140625,0
2019-09-30,99.37999725341797,99.45999908447266,99.05000305175781,99.12000274658203,0
2019-10-01,99.12999725341797,99.66999816894531,99.06999969482422,99.4000015258789,0
2019-10-02,99.04000091552734,99.41999816894531,98.95999908447266,99.16000366210938,0
2019-10-03,98.86000061035156,99.19000244140625,98.63999938964844,99.02999877929688,0
2019-10-04,98.80999755859375,99.0,98.73999786376953,98.87000274658203,0
2019-10-07,98.98999786376953,99.01000213623047,98.73999786376953,98.81999969482422,0
2019-10-08,99.13999938964844,99.25,98.8499984741211,98.9800033569336,0
2019-10-09,99.12000274658203,99.16000366210938,98.9000015258789,99.08999633789062,0
2019-10-10,98.70999908447266,99.06999969482422,98.62000274658203,98.9800033569336,0
2019-10-11,98.30000305175781,98.73999786376953,98.19999694824219,98.69999694824219,0
2019-10-14,98.44999694824219,98.52999877929688,98.33999633789062,98.36000061035156,0
2019-10-15,98.29000091552734,98.6500015258789,98.20999908447266,98.44999694824219,0
2019-10-16,98.01000213623047,98.41999816894531,97.9000015258789,98.31999969482422,0
2019-10-17,97.61000061035156,98.11000061035156,97.5,97.98999786376953,0
2019-10-18,97.27999877929688,97.66000366210938,97.13999938964844,97.5999984741211,0
2019-10-21,97.33000183105469,97.4000015258789,97.1500015258789,97.33999633789062,0
2019-10-22,97.52999877929688,97.56999969482422,97.26000213623047,97.30999755859375,0
2019-10-23,97.47000122070312,97.6500015258789,97.41999816894531,97.48999786376953,0
2019-10-24,97.62999725341797,97.77999877929688,97.27999877929688,97.45999908447266,0
2019-10-25,97.83000183105469,97.9000015258789,97.56999969482422,97.69000244140625,0
2019-10-28,97.76000213623047,97.88999938964844,97.66999816894531,97.8499984741211,0
2019-10-29,97.69000244140625,97.93000030517578,97.61000061035156,97.76000213623047,0
2019-10-30,97.6500015258789,98.0,97.44999694824219,97.66999816894531,0
2019-10-31,97.3499984741211,97.44999694824219,97.22000122070312,97.44000244140625,0
2019-11-01,97.23999786376953,97.44999694824219,97.11000061035156,97.30000305175781,0
2019-11-04,97.51000213623047,97.58000183105469,97.16999816894531,97.22000122070312,0
2019-11-05,97.9800033569336,98.01000213623047,97.47000122070312,97.55000305175781,0
2019-11-06,97.94999694824219,97.9800033569336,97.77999877929688,97.94000244140625,0
2019-11-07,98.13999938964844,98.2300033569336,97.81999969482422,97.94999694824219,0
2019-11-08,98.3499984741211,98.4000015258789,98.0999984741211,98.13999938964844,0
2019-11-11,98.19999694824219,98.37999725341797,98.12999725341797,98.37000274658203,0
2019-11-12,98.30999755859375,98.41999816894531,98.20999908447266,98.20999908447266,0
2019-11-13,98.37000274658203,98.44999694824219,98.29000091552734,98.33000183105469,0
2019-11-14,98.16000366210938,98.41999816894531,98.11000061035156,98.33999633789062,0
2019-11-15,98.0,98.2300033569336,97.95999908447266,98.16999816894531,0
2019-11-18,97.79000091552734,97.9800033569336,97.68000030517578,97.9800033569336,0
2019-11-19,97.86000061035156,97.88999938964844,97.75,97.80999755859375,0
2019-11-20,97.93000030517578,98.04000091552734,97.8499984741211,97.8499984741211,0
2019-11-21,97.98999786376953,98.02999877929688,97.7300033569336,97.86000061035156,0
2019-11-22,98.2699966430664,98.30999755859375,97.83999633789062,97.93000030517578,0
2019-11-25,98.31999969482422,98.37999725341797,98.16999816894531,98.2699966430664,0
2019-11-26,98.25,98.37999725341797,98.2300033569336,98.33000183105469,0
2019-11-27,98.41000366210938,98.44000244140625,98.27999877929688,98.30000305175781,0
2019-11-29,98.2699966430664,98.54000091552734,98.2300033569336,98.3499984741211,0
2019-12-02,97.86000061035156,98.37999725341797,97.80999755859375,98.2699966430664,0
2019-12-03,97.73999786376953,97.94000244140625,97.63999938964844,97.88999938964844,0
2019-12-04,97.6500015258789,97.79000091552734,97.43000030517578,97.70999908447266,0
2019-12-05,97.41000366210938,97.5999984741211,97.36000061035156,97.58999633789062,0
2019-12-06,97.69999694824219,97.83999633789062,97.36000061035156,97.37999725341797,0
2019-12-09,97.63999938964844,97.72000122070312,97.55999755859375,97.68000030517578,0
2019-12-10,97.41000366210938,97.66000366210938,97.4000015258789,97.6500015258789,0
2019-12-11,97.16000366210938,97.5999984741211,97.04000091552734,97.51000213623047,0
2019-12-12,97.4000015258789,97.5199966430664,97.04000091552734,97.08000183105469,0
2019-12-13,97.16999816894531,97.23999786376953,96.72000122070312,96.77999877929688,0
2019-12-16,97.06999969482422,97.18000030517578,96.93000030517578,97.18000030517578,0
2019-12-17,97.20999908447266,97.30000305175781,97.02999877929688,97.13999938964844,0
2019-12-18,97.41000366210938,97.4800033569336,97.22000122070312,97.23999786376953,0
2019-12-19,97.41999816894531,97.48999786376953,97.22000122070312,97.4000015258789,0
2019-12-20,97.70999908447266,97.76000213623047,97.37999725341797,97.4000015258789,0
2019-12-23,97.66000366210938,97.81999969482422,97.58000183105469,97.66999816894531,0
2019-12-24,97.6500015258789,97.80000305175781,97.62000274658203,97.66000366210938,0
2019-12-26,97.58999633789062,97.70999908447266,97.48999786376953,97.62999725341797,0
2019-12-27,96.91999816894531,97.55000305175781,96.91999816894531,97.54000091552734,0
2019-12-30,96.73999786376953,97.0,96.61000061035156,97.0,0
2019-12-31,96.38999938964844,96.7300033569336,96.36000061035156,96.7300033569336,0
2020-01-02,96.8499984741211,96.87000274658203,96.43000030517578,96.4800033569336,0
2020-01-03,96.83999633789062,97.11000061035156,96.70999908447266,96.79000091552734,0
2020-01-06,96.66999816894531,96.9000015258789,96.54000091552734,96.9000015258789,0
2020-01-07,96.9800033569336,97.08999633789062,96.62000274658203,96.6500015258789,0
2020-01-08,97.30000305175781,97.33000183105469,96.81999969482422,96.83000183105469,0
2020-01-09,97.44999694824219,97.55999755859375,97.25,97.2699966430664,0
2020-01-10,97.36000061035156,97.58000183105469,97.30000305175781,97.43000030517578,0
2020-01-13,97.3499984741211,97.52999877929688,97.30999755859375,97.3499984741211,0
2020-01-14,97.37000274658203,97.55999755859375,97.33000183105469,97.36000061035156,0
2020-01-15,97.2300033569336,97.44000244140625,97.16000366210938,97.37999725341797,0
2020-01-16,97.31999969482422,97.36000061035156,97.08999633789062,97.18000030517578,0
2020-01-17,97.61000061035156,97.66000366210938,97.2699966430664,97.30999755859375,0
2020-01-21,97.52999877929688,97.66000366210938,97.38999938964844,97.62999725341797,0
2020-01-22,97.52999877929688,97.69000244140625,97.44000244140625,97.62000274658203,0
2020-01-23,97.69000244140625,97.80000305175781,97.43000030517578,97.4800033569336,0
2020-01-24,97.8499984741211,97.94999694824219,97.66999816894531,97.72000122070312,0
2020-01-27,97.95999908447266,98.0,97.77999877929688,97.87999725341797,0
2020-01-28,98.0199966430664,98.16000366210938,97.9000015258789,97.94999694824219,0
2020-01-29,97.98999786376953,98.19000244140625,97.94000244140625,97.94999694824219,0
2020-01-30,97.87000274658203,98.06999969482422,97.79000091552734,98.02999877929688,0
2020-01-31,97.38999938964844,97.97000122070312,97.36000061035156,97.87000274658203,0
2020-02-03,97.80000305175781,97.88999938964844,97.37000274658203,97.37000274658203,0
2020-02-04,97.95999908447266,98.01000213623047,97.79000091552734,97.81999969482422,0
2020-02-05,98.2699966430664,98.31999969482422,97.9000015258789,97.94000244140625,0
2020-02-06,98.5,98.56999969482422,98.20999908447266,98.29000091552734,0
2020-02-07,98.68000030517578,98.70999908447266,98.41999816894531,98.45999908447266,0
2020-02-10,98.83000183105469,98.87999725341797,98.5999984741211,98.69999694824219,0
2020-02-11,98.72000122070312,98.94999694824219,98.70999908447266,98.86000061035156,0
2020-02-12,99.05000305175781,99.05000305175781,98.70999908447266,98.7699966430664,0
2020-02-13,99.06999969482422,99.11000061035156,98.8499984741211,98.98999786376953,0
2020-02-14,99.12000274658203,99.16000366210938,99.0,99.12000274658203,0
2020-02-18,99.45999908447266,99.47000122070312,99.13999938964844,99.19000244140625,0
2020-02-19,99.5999984741211,99.72000122070312,99.37999725341797,99.43000030517578,0
2020-02-20,99.87000274658203,99.91000366210938,99.52999877929688,99.54000091552734,0
2020-02-21,99.26000213623047,99.87000274658203,99.2300033569336,99.86000061035156,0
2020-02-24,99.29000091552734,99.63999938964844,99.11000061035156,99.33999633789062,0
2020-02-25,98.97000122070312,99.38999938964844,98.87999725341797,99.33000183105469,0
2020-02-26,99.0,99.2699966430664,98.91000366210938,99.08000183105469,0
2020-02-27,98.44000244140625,99.05000305175781,98.36000061035156,99.0199966430664,0
2020-02-28,98.12999725341797,98.66000366210938,97.95999908447266,98.41999816894531,0
2020-03-02,97.36000061035156,98.08999633789062,97.18000030517578,98.08000183105469,0
2020-03-03,97.1500015258789,97.69999694824219,96.9800033569336,97.55999755859375,0
2020-03-04,97.33999633789062,97.58999633789062,97.12000274658203,97.16999816894531,0
2020-03-05,96.81999969482422,97.44000244140625,96.5199966430664,97.37999725341797,0
2020-03-06,95.94999694824219,96.69999694824219,95.70999908447266,96.61000061035156,0
2020-03-09,94.9000015258789,95.79000091552734,94.6500015258789,95.79000091552734,0
2020-03-10,96.41000366210938,96.58000183105469,95.2300033569336,95.33999633789062,0
2020-03-11,96.51000213623047,96.62000274658203,95.91000366210938,96.33000183105469,0
2020-03-12,97.47000122070312,98.30999755859375,96.08000183105469,96.6500015258789,0
2020-03-13,98.75,98.80999755859375,97.33999633789062,97.44999694824219,0
2020-03-16,98.08999633789062,98.47000122070312,97.44999694824219,98.47000122070312,0
2020-03-17,99.58000183105469,99.83000183105469,97.9800033569336,98.13999938964844,0
2020-03-18,101.16000366210938,101.73999786376953,99.1500015258789,99.37999725341797,0
2020-03-19,102.76000213623047,102.83999633789062,100.7699966430664,100.79000091552734,0
2020-03-20,102.81999969482422,102.98999786376953,101.08999633789062,102.94000244140625,0
2020-03-23,102.48999786376953,102.9800033569336,101.6500015258789,101.94999694824219,0
2020-03-24,101.73999786376953,102.20999908447266,101.05000305175781,102.12999725341797,0
2020-03-25,101.05000305175781,101.91000366210938,100.83999633789062,101.5999984741211,0
2020-03-26,99.41999816894531,101.0199966430664,99.23999786376953,100.95999908447266,0
2020-03-27,98.37000274658203,99.80999755859375,98.2699966430664,99.29000091552734,0
2020-03-30,99.18000030517578,99.31999969482422,98.29000091552734,98.30999755859375,0
2020-03-31,99.05000305175781,99.94999694824219,98.88999938964844,99.25,0
2020-04-01,99.66999816894531,99.83999633789062,98.91000366210938,99.01000213623047,0
2020-04-02,100.18000030517578,100.41000366210938,99.33999633789062,99.51000213623047,0
2020-04-03,100.58000183105469,100.8499984741211,100.13999938964844,100.19999694824219,0
2020-04-06,100.69000244140625,100.93000030517578,100.4800033569336,100.66000366210938,0
2020-04-07,99.9800033569336,100.79000091552734,99.7699966430664,100.75,0
2020-04-08,100.12000274658203,100.43000030517578,99.9000015258789,99.91000366210938,0
2020-04-09,99.5199966430664,100.30000305175781,99.36000061035156,100.12999725341797,0
2020-04-13,99.3499984741211,99.62999725341797,99.13999938964844,99.48999786376953,0
2020-04-14,98.88999938964844,99.43000030517578,98.83000183105469,99.37999725341797,0
2020-04-15,99.45999908447266,99.9800033569336,98.81999969482422,98.81999969482422,0
2020-04-16,100.02999877929688,100.30000305175781,99.61000061035156,99.62999725341797,0
2020-04-17,99.77999877929688,100.29000091552734,99.62000274658203,99.86000061035156,0
2020-04-20,99.95999908447266,100.06999969482422,99.6500015258789,99.70999908447266,0
2020-04-21,100.26000213623047,100.4800033569336,99.93000030517578,99.94000244140625,0
2020-04-22,100.38999938964844,100.5,99.9000015258789,100.20999908447266,0
2020-04-23,100.43000030517578,100.69000244140625,100.04000091552734,100.44999694824219,0
2020-04-24,100.37999725341797,100.87000274658203,100.22000122070312,100.5,0
2020-04-27,100.04000091552734,100.31999969482422,99.83000183105469,100.2300033569336,0
2020-04-28,99.87000274658203,100.20999908447266,99.44999694824219,100.05999755859375,0
2020-04-29,99.56999969482422,99.88999938964844,99.47000122070312,99.87999725341797,0
2020-04-30,99.0199966430664,99.7300033569336,98.80999755859375,99.4800033569336,0
2020-05-01,98.80000305175781,99.20999908447266,98.77999877929688,99.12999725341797,0
2020-05-04,99.4800033569336,99.5999984741211,99.08999633789062,99.08999633789062,0
2020-05-05,99.70999908447266,99.97000122070312,99.30000305175781,99.51000213623047,0
2020-05-06,100.08999633789062,100.19999694824219,99.75,99.80000305175781,0
2020-05-07,99.88999938964844,100.4000015258789,99.80999755859375,100.20999908447266,0
2020-05-08,99.7300033569336,99.94000244140625,99.45999908447266,99.83999633789062,0
2020-05-11,100.23999786376953,100.27999877929688,99.66999816894531,99.66999816894531,0
2020-05-12,99.93000030517578,100.44000244140625,99.66000366210938,100.2300033569336,0
2020-05-13,100.23999786376953,100.27999877929688,99.58000183105469,100.01000213623047,0
2020-05-14,100.47000122070312,100.55999755859375,100.1500015258789,100.19000244140625,0
2020-05-15,100.4000015258789,100.48999786376953,100.08000183105469,100.26000213623047,0
2020-05-18,99.66999816894531,100.47000122070312,99.58000183105469,100.36000061035156,0
2020-05-19,99.37000274658203,99.7300033569336,99.2300033569336,99.62000274658203,0
2020-05-20,99.12000274658203,99.55999755859375,99.0,99.55000305175781,0
2020-05-21,99.37000274658203,99.51000213623047,99.0199966430664,99.18000030517578,0
2020-05-22,99.86000061035156,99.87000274658203,99.38999938964844,99.41999816894531,0
2020-05-26,98.91000366210938,99.7699966430664,98.9000015258789,99.7699966430664,0
2020-05-27,99.05999755859375,99.33999633789062,98.72000122070312,99.0199966430664,0
2020-05-28,98.37999725341797,99.08999633789062,98.3499984741211,98.91000366210938,0
2020-05-29,98.33999633789062,98.55000305175781,97.94999694824219,98.5199966430664,0
2020-06-01,97.83000183105469,98.31999969482422,97.79000091552734,98.30000305175781,0
2020-06-02,97.66999816894531,97.91000366210938,97.43000030517578,97.83999633789062,0
2020-06-03,97.27999877929688,97.62999725341797,97.19000244140625,97.56999969482422,0
2020-06-04,96.68000030517578,97.62999725341797,96.56999969482422,97.31999969482422,0
2020-06-05,96.94000244140625,97.02999877929688,96.44000244140625,96.73999786376953,0
2020-06-08,96.62000274658203,97.06999969482422,96.5999984741211,96.83999633789062,0
2020-06-09,96.31999969482422,97.05999755859375,96.2300033569336,96.62999725341797,0
2020-06-10,95.95999908447266,96.45999908447266,95.72000122070312,96.43000030517578,0
2020-06-11,96.7300033569336,96.83000183105469,95.94999694824219,96.08999633789062,0
2020-06-12,97.31999969482422,97.44999694824219,96.48999786376953,96.80999755859375,0
2020-06-15,96.68000030517578,97.38999938964844,96.5999984741211,97.08999633789062,0
2020-06-16,96.95999908447266,97.25,96.43000030517578,96.55999755859375,0
2020-06-17,97.16000366210938,97.33999633789062,96.80000305175781,97.01000213623047,0
2020-06-18,97.41999816894531,97.58000183105469,96.94999694824219,97.08000183105469,0
2020-06-19,97.62000274658203,97.72000122070312,97.16000366210938,97.41999816894531,0
2020-06-22,97.04000091552734,97.73999786376953,97.01000213623047,97.66000366210938,0
2020-06-23,96.69000244140625,97.25,96.38999938964844,96.93000030517578,0
2020-06-24,97.1500015258789,97.23999786376953,96.55000305175781,96.66000366210938,0
2020-06-25,97.43000030517578,97.5999984741211,97.16000366210938,97.23999786376953,0
2020-06-26,97.5,97.68000030517578,97.26000213623047,97.3499984741211,0
2020-06-29,97.54000091552734,97.6500015258789,97.11000061035156,97.5,0
2020-06-30,97.38999938964844,97.80000305175781,97.2300033569336,97.4000015258789,0
2020-07-01,97.19999694824219,97.62000274658203,97.02999877929688,97.38999938964844,0
2020-07-02,97.31999969482422,97.33999633789062,96.80999755859375,97.1500015258789,0
2020-07-06,96.79000091552734,97.19999694824219,96.56999969482422,97.1500015258789,0
2020-07-07,96.87999725341797,97.1500015258789,96.5999984741211,96.75,0
2020-07-08,96.43000030517578,97.05000305175781,96.4000015258789,96.98999786376953,0
2020-07-09,96.69999694824219,96.80999755859375,96.23999786376953,96.44999694824219,0
2020-07-10,96.6500015258789,96.97000122070312,96.44000244140625,96.75,0
2020-07-13,96.45999908447266,96.68000030517578,96.2699966430664,96.66000366210938,0
2020-07-14,96.26000213623047,96.69999694824219,96.18000030517578,96.54000091552734,0
2020-07-15,96.08000183105469,96.25,95.77999877929688,96.16999816894531,0
2020-07-16,96.3499984741211,96.4000015258789,95.88999938964844,96.0,0
2020-07-17,95.94000244140625,96.33000183105469,95.9000015258789,96.27999877929688,0
2020-07-20,95.83000183105469,96.18000030517578,95.7300033569336,96.01000213623047,0
2020-07-21,95.12000274658203,95.91999816894531,95.05000305175781,95.75,0
2020-07-22,94.97000122070312,95.41000366210938,94.83000183105469,95.12999725341797,0
2020-07-23,94.69000244140625,95.18000030517578,94.58999633789062,94.9800033569336,0
2020-07-24,94.44000244140625,94.83000183105469,94.33000183105469,94.7699966430664,0
2020-07-27,93.66999816894531,94.41999816894531,93.4800033569336,94.3499984741211,0
2020-07-28,93.76000213623047,94.01000213623047,93.48999786376953,93.58000183105469,0
2020-07-29,93.26000213623047,93.80000305175781,93.18000030517578,93.75,0
2020-07-30,93.0199966430664,93.68000030517578,92.93000030517578,93.31999969482422,0
2020-07-31,93.48999786376953,93.54000091552734,92.55000305175781,92.81999969482422,0
2020-08-03,93.5,93.98999786376953,93.31999969482422,93.45999908447266,0
2020-08-04,93.37999725341797,93.83000183105469,93.2300033569336,93.55999755859375,0
2020-08-05,92.83000183105469,93.25,92.55999755859375,93.2300033569336,0
2020-08-06,92.79000091552734,93.08999633789062,92.5199966430664,92.7699966430664,0
2020-08-07,93.44000244140625,93.62000274658203,92.76000213623047,92.80999755859375,0
2020-08-10,93.58000183105469,93.69999694824219,93.30000305175781,93.38999938964844,0
2020-08-11,93.62999725341797,93.73999786376953,93.16999816894531,93.5999984741211,0
2020-08-12,93.44000244140625,93.91000366210938,93.2699966430664,93.68000030517578,0
2020-08-13,93.33999633789062,93.38999938964844,92.93000030517578,93.37000274658203,0
2020-08-14,93.0999984741211,93.41000366210938,93.0199966430664,93.22000122070312,0
2020-08-17,92.8499984741211,93.12000274658203,92.7699966430664,93.0999984741211,0
2020-08-18,92.2699966430664,92.81999969482422,92.12999725341797,92.81999969482422,0
2020-08-19,92.88999938964844,93.05000305175781,92.1500015258789,92.27999877929688,0
2020-08-20,92.79000091552734,93.23999786376953,92.7300033569336,92.95999908447266,0
2020-08-21,93.25,93.47000122070312,92.58000183105469,92.72000122070312,0
2020-08-24,93.30000305175781,93.33999633789062,92.83999633789062,93.19999694824219,0
2020-08-25,93.0199966430664,93.3499984741211,92.97000122070312,93.27999877929688,0
2020-08-26,93.01000213623047,93.36000061035156,92.8499984741211,93.0199966430664,0
2020-08-27,93.01000213623047,93.31999969482422,92.41999816894531,92.8499984741211,0
2020-08-28,92.37000274658203,93.0999984741211,92.19999694824219,93.0199966430664,0
2020-08-31,92.13999938964844,92.4800033569336,91.98999786376953,92.30000305175781,0
2020-09-01,92.33999633789062,92.4000015258789,91.75,92.18000030517578,0
2020-09-02,92.8499984741211,92.87000274658203,92.20999908447266,92.27999877929688,0
2020-09-03,92.73999786376953,93.06999969482422,92.6500015258789,92.66000366210938,0
2020-09-04,92.72000122070312,93.23999786376953,92.66000366210938,92.80000305175781,0
2020-09-08,93.4800033569336,93.5,93.0,93.05000305175781,0
2020-09-09,93.26000213623047,93.66000366210938,93.13999938964844,93.58000183105469,0
2020-09-10,93.33999633789062,93.44999694824219,92.69999694824219,93.2300033569336,0
2020-09-11,93.33000183105469,93.37999725341797,93.0999984741211,93.33000183105469,0
2020-09-14,93.06999969482422,93.33000183105469,92.87000274658203,93.29000091552734,0
2020-09-15,93.05000305175781,93.13999938964844,92.79000091552734,93.05999755859375,0
2020-09-16,93.20999908447266,93.27999877929688,92.77999877929688,93.08000183105469,0
2020-09-17,92.97000122070312,93.58999633789062,92.87000274658203,93.1500015258789,0
2020-09-18,92.93000030517578,93.01000213623047,92.7699966430664,92.86000061035156,0
2020-09-21,93.54000091552734,93.77999877929688,92.75,93.01000213623047,0
2020-09-22,93.98999786376953,94.08000183105469,93.47000122070312,93.55000305175781,0
2020-09-23,94.38999938964844,94.43000030517578,93.93000030517578,93.98999786376953,0
2020-09-24,94.3499984741211,94.58999633789062,94.19999694824219,94.37999725341797,0
2020-09-25,94.58000183105469,94.73999786376953,94.19000244140625,94.31999969482422,0
2020-09-28,94.26000213623047,94.63999938964844,94.1500015258789,94.58000183105469,0
2020-09-29,93.88999938964844,94.30000305175781,93.81999969482422,94.23999786376953,0
2020-09-30,93.88999938964844,94.19000244140625,93.66999816894531,93.8499984741211,0
2020-10-01,93.70999908447266,93.91999816894531,93.52999877929688,93.80000305175781,0
2020-10-02,93.83999633789062,94.02999877929688,93.69000244140625,93.7300033569336,0
2020-10-05,93.51000213623047,93.87000274658203,93.37000274658203,93.80999755859375,0
2020-10-06,93.83000183105469,93.8499984741211,93.33999633789062,93.44000244140625,0
2020-10-07,93.62999725341797,93.9000015258789,93.55999755859375,93.83000183105469,0
2020-10-08,93.61000061035156,93.77999877929688,93.5,93.61000061035156,0
2020-10-09,93.05999755859375,93.58999633789062,93.01000213623047,93.55999755859375,0
2020-10-12,93.06999969482422,93.23999786376953,93.01000213623047,93.05999755859375,0
2020-10-13,93.52999877929688,93.5999984741211,93.02999877929688,93.02999877929688,0
2020-10-14,93.37999725341797,93.66999816894531,93.25,93.54000091552734,0
2020-10-15,93.86000061035156,93.9000015258789,93.37000274658203,93.43000030517578,0
2020-10-16,93.68000030517578,93.87999725341797,93.52999877929688,93.80000305175781,0
2020-10-19,93.43000030517578,93.7699966430664,93.20999908447266,93.72000122070312,0
2020-10-20,93.06999969482422,93.5,93.0,93.41999816894531,0
2020-10-21,92.61000061035156,93.06999969482422,92.47000122070312,93.05000305175781,0
2020-10-22,92.94999694824219,92.97000122070312,92.61000061035156,92.66999816894531,0
2020-10-23,92.7699966430664,93.12999725341797,92.66000366210938,92.93000030517578,0
2020-10-26,93.05000305175781,93.11000061035156,92.73999786376953,92.76000213623047,0
2020-10-27,92.94000244140625,93.12999725341797,92.79000091552734,93.06999969482422,0
2020-10-28,93.41000366210938,93.6500015258789,93.05000305175781,93.1500015258789,0
2020-10-29,93.95999908447266,94.0999984741211,93.33999633789062,93.45999908447266,0
2020-10-30,94.04000091552734,94.08000183105469,93.6500015258789,93.91999816894531,0
2020-11-02,94.05000305175781,94.29000091552734,93.88999938964844,93.88999938964844,0
2020-11-03,93.55000305175781,94.05000305175781,93.29000091552734,94.05000305175781,0
2020-11-04,93.41000366210938,94.30000305175781,93.08999633789062,93.08999633789062,0
2020-11-05,92.52999877929688,93.55000305175781,92.48999786376953,93.33999633789062,0
2020-11-06,92.2300033569336,92.81999969482422,92.18000030517578,92.56999969482422,0
2020-11-09,92.7300033569336,92.95999908447266,92.12999725341797,92.23999786376953,0
2020-11-10,92.75,92.97000122070312,92.5999984741211,92.76000213623047,0
2020-11-11,93.04000091552734,93.20999908447266,92.61000061035156,92.69999694824219,0
2020-11-12,92.95999908447266,93.13999938964844,92.77999877929688,93.01000213623047,0
2020-11-13,92.76000213623047,93.01000213623047,92.70999908447266,92.94999694824219,0
2020-11-16,92.56999969482422,92.83999633789062,92.45999908447266,92.72000122070312,0
2020-11-17,92.41999816894531,92.61000061035156,92.2699966430664,92.48999786376953,0
2020-11-18,92.31999969482422,92.51000213623047,92.20999908447266,92.44000244140625,0
2020-11-19,92.29000091552734,92.72000122070312,92.23999786376953,92.55999755859375,0
2020-11-20,92.38999938964844,92.43000030517578,92.20999908447266,92.33999633789062,0
2020-11-23,92.51000213623047,92.80000305175781,92.0199966430664,92.4000015258789,0
2020-11-24,92.2300033569336,92.55999755859375,92.12999725341797,92.52999877929688,0
2020-11-25,91.98999786376953,92.26000213623047,91.93000030517578,92.11000061035156,0
2020-11-27,91.79000091552734,92.05000305175781,91.76000213623047,92.0199966430664,0
2020-11-30,91.87000274658203,92.05000305175781,91.51000213623047,91.77999877929688,0
2020-12-01,91.30999755859375,91.94999694824219,91.16000366210938,91.94999694824219,0
2020-12-02,91.12000274658203,91.5,90.98999786376953,91.19000244140625,0
2020-12-03,90.70999908447266,91.08999633789062,90.51000213623047,91.05999755859375,0
2020-12-04,90.69999694824219,90.87000274658203,90.4800033569336,90.70999908447266,0
2020-12-07,90.79000091552734,91.23999786376953,90.62000274658203,90.80999755859375,0
2020-12-08,90.97000122070312,91.0199966430664,90.75,90.9000015258789,0
2020-12-09,91.08999633789062,91.19999694824219,90.69000244140625,90.91999816894531,0
2020-12-10,90.79000091552734,91.1500015258789,90.66999816894531,91.05999755859375,0
2020-12-11,90.9800033569336,91.04000091552734,90.62000274658203,90.73999786376953,0
2020-12-14,90.70999908447266,90.9800033569336,90.41999816894531,90.9800033569336,0
2020-12-15,90.47000122070312,90.81999969482422,90.41999816894531,90.69000244140625,0
2020-12-16,90.44999694824219,90.69999694824219,90.12999725341797,90.48999786376953,0
2020-12-17,89.81999969482422,90.2699966430664,89.7300033569336,90.2699966430664,0
2020-12-18,90.0199966430664,90.12999725341797,89.83000183105469,89.83000183105469,0
2020-12-21,90.04000091552734,91.0199966430664,89.91999816894531,89.91999816894531,0
2020-12-22,90.6500015258789,90.72000122070312,90.05999755859375,90.08999633789062,0
2020-12-23,90.41000366210938,90.66999816894531,90.16000366210938,90.5199966430664,0
2020-12-24,90.33000183105469,90.37999725341797,90.1500015258789,90.27999877929688,0
2020-12-28,90.33999633789062,90.37999725341797,89.9800033569336,90.22000122070312,0
2020-12-29,90.01000213623047,90.2300033569336,89.8499984741211,90.20999908447266,0
2020-12-30,89.62999725341797,89.9800033569336,89.55999755859375,89.9800033569336,0
2020-12-31,89.94000244140625,89.9800033569336,89.5199966430664,89.61000061035156,0
2021-01-04,89.87999725341797,89.94000244140625,89.41999816894531,89.93000030517578,0
2021-01-05,89.44000244140625,89.9000015258789,89.43000030517578,89.9000015258789,0
2021-01-06,89.52999877929688,89.80000305175781,89.20999908447266,89.4800033569336,0
2021-01-07,89.83000183105469,89.97000122070312,89.31999969482422,89.31999969482422,0
2021-01-08,90.0999984741211,90.25,89.66000366210938,89.83000183105469,0
2021-01-11,90.54000091552734,90.7300033569336,90.02999877929688,90.06999969482422,0
2021-01-12,90.05000305175781,90.62000274658203,90.02999877929688,90.5199966430664,0
2021-01-13,90.31999969482422,90.44999694824219,89.91999816894531,90.0,0
2021-01-14,90.23999786376953,90.58000183105469,90.08000183105469,90.27999877929688,0
2021-01-15,90.77999877929688,90.80000305175781,90.22000122070312,90.22000122070312,0
2021-01-19,90.5,90.76000213623047,90.4000015258789,90.7300033569336,0
2021-01-20,90.47000122070312,90.69999694824219,90.27999877929688,90.41000366210938,0
2021-01-21,90.12999725341797,90.44999694824219,90.05000305175781,90.41999816894531,0
2021-01-22,90.23999786376953,90.30999755859375,90.05000305175781,90.05000305175781,0
2021-01-25,90.38999938964844,90.5199966430664,90.08000183105469,90.2300033569336,0
2021-01-26,90.16999816894531,90.61000061035156,90.12000274658203,90.38999938964844,0
2021-01-27,90.6500015258789,90.87999725341797,90.1500015258789,90.1500015258789,0
2021-01-28,90.45999908447266,90.86000061035156,90.41000366210938,90.7300033569336,0
2021-01-29,90.58000183105469,90.77999877929688,90.36000061035156,90.55999755859375,0
2021-02-01,91.0199966430664,91.05999755859375,90.5,90.52999877929688,0
2021-02-02,91.19999694824219,91.29000091552734,90.80000305175781,91.0,0
2021-02-03,91.12000274658203,91.30999755859375,90.98999786376953,91.05000305175781,0
2021-02-04,91.52999877929688,91.58000183105469,91.08999633789062,91.08999633789062,0
2021-02-05,91.04000091552734,91.5999984741211,90.9800033569336,91.48999786376953,0
2021-02-08,90.93000030517578,91.23999786376953,90.9000015258789,91.0,0
2021-02-09,90.44000244140625,90.93000030517578,90.43000030517578,90.91000366210938,0
2021-02-10,90.37000274658203,90.52999877929688,90.25,90.48999786376953,0
2021-02-11,90.41999816894531,90.47000122070312,90.26000213623047,90.45999908447266,0
2021-02-12,90.4800033569336,90.73999786376953,90.37999725341797,90.41000366210938,0
2021-02-16,90.51000213623047,90.63999938964844,90.12000274658203,90.29000091552734,0
2021-02-17,90.94999694824219,91.05999755859375,90.62000274658203,90.70999908447266,0
2021-02-18,90.58999633789062,90.9800033569336,90.54000091552734,90.9000015258789,0
2021-02-19,90.36000061035156,90.6500015258789,90.18000030517578,90.56999969482422,0
2021-02-22,90.01000213623047,90.58000183105469,90.0,90.33999633789062,0
2021-02-23,90.16999816894531,90.26000213623047,89.94000244140625,90.0199966430664,0
2021-02-24,90.18000030517578,90.43000030517578,89.9800033569336,90.0999984741211,0
2021-02-25,90.12999725341797,90.29000091552734,89.68000030517578,90.06999969482422,0
2021-02-26,90.93000030517578,90.97000122070312,90.12999725341797,90.36000061035156,0
2021-03-01,91.04000091552734,91.13999938964844,90.69000244140625,90.93000030517578,0
2021-03-02,90.79000091552734,91.38999938964844,90.7300033569336,91.02999877929688,0
2021-03-03,90.94999694824219,91.05999755859375,90.62999725341797,90.79000091552734,0
2021-03-04,91.62999725341797,91.66999816894531,90.97000122070312,91.01000213623047,0
2021-03-05,91.9800033569336,92.19000244140625,91.62000274658203,91.66000366210938,0
2021-03-08,92.30999755859375,92.41999816894531,91.83999633789062,91.98999786376953,0
2021-03-09,91.95999908447266,92.5,91.91000366210938,92.45999908447266,0
2021-03-10,91.79000091552734,92.23999786376953,91.7699966430664,92.05000305175781,0
2021-03-11,91.41999816894531,91.87999725341797,91.37000274658203,91.79000091552734,0
2021-03-12,91.68000030517578,91.95999908447266,91.4000015258789,91.43000030517578,0
2021-03-15,91.83000183105469,91.97000122070312,91.54000091552734,91.66000366210938,0
2021-03-16,91.87000274658203,92.02999877929688,91.68000030517578,91.83000183105469,0
2021-03-17,91.4000015258789,92.0,91.37000274658203,91.86000061035156,0
2021-03-18,91.8499984741211,91.9000015258789,91.30000305175781,91.4000015258789,0
2021-03-19,91.91999816894531,92.16999816894531,91.66000366210938,91.83000183105469,0
2021-03-22,91.80000305175781,92.1500015258789,91.70999908447266,91.73999786376953,0
2021-03-23,92.33999633789062,92.4000015258789,91.76000213623047,91.80000305175781,0
2021-03-24,92.52999877929688,92.61000061035156,92.33999633789062,92.38999938964844,0
2021-03-25,92.87999725341797,92.91999816894531,92.51000213623047,92.5999984741211,0
2021-03-26,92.7699966430664,92.87000274658203,92.6500015258789,92.80999755859375,0
2021-03-29,92.94000244140625,92.95999908447266,92.72000122070312,92.72000122070312,0
2021-03-30,93.30000305175781,93.3499984741211,92.87999725341797,92.91000366210938,0
2021-03-31,93.2300033569336,93.44000244140625,92.98999786376953,93.23999786376953,0
2021-04-01,92.93000030517578,93.33999633789062,92.87999725341797,93.22000122070312,0
2021-04-05,92.5999984741211,93.11000061035156,92.54000091552734,93.01000213623047,0
2021-04-06,92.33999633789062,92.79000091552734,92.2699966430664,92.56999969482422,0
2021-04-07,92.45999908447266,92.5,92.13999938964844,92.31999969482422,0
2021-04-08,92.05999755859375,92.4800033569336,92.0,92.41999816894531,0
2021-04-09,92.16000366210938,92.41000366210938,92.02999877929688,92.06999969482422,0
2021-04-12,92.13999938964844,92.33000183105469,92.01000213623047,92.18000030517578,0
2021-04-13,91.8499984741211,92.33000183105469,91.79000091552734,92.08000183105469,0
2021-04-14,91.69000244140625,91.83000183105469,91.56999969482422,91.83000183105469,0
2021-04-15,91.66999816894531,91.75,91.48999786376953,91.62999725341797,0
2021-04-16,91.55999755859375,91.80999755859375,91.48999786376953,91.66000366210938,0
2021-04-19,91.06999969482422,91.75,91.02999877929688,91.54000091552734,0
2021-04-20,91.23999786376953,91.27999877929688,90.86000061035156,91.05000305175781,0
2021-04-21,91.16000366210938,91.43000030517578,91.08999633789062,91.20999908447266,0
2021-04-22,91.33000183105469,91.41999816894531,91.0,91.11000061035156,0
2021-04-23,90.86000061035156,91.30000305175781,90.80999755859375,91.29000091552734,0
2021-04-26,90.80999755859375,90.98999786376953,90.68000030517578,90.83000183105469,0
2021-04-27,90.91000366210938,91.06999969482422,90.80999755859375,90.87999725341797,0
2021-04-28,90.61000061035156,91.12999725341797,90.55000305175781,90.9000015258789,0
2021-04-29,90.61000061035156,90.79000091552734,90.41999816894531,90.55000305175781,0
2021-04-30,91.27999877929688,91.31999969482422,90.58999633789062,90.62999725341797,0
2021-05-03,90.94999694824219,91.38999938964844,90.87000274658203,91.30000305175781,0
2021-05-04,91.29000091552734,91.4000015258789,90.98999786376953,91.0,0
2021-05-05,91.30999755859375,91.44000244140625,91.16999816894531,91.27999877929688,0
2021-05-06,90.94999694824219,91.37999725341797,90.87999725341797,91.2699966430664,0
2021-05-07,90.2300033569336,90.95999908447266,90.19000244140625,90.87999725341797,0
2021-05-10,90.20999908447266,90.33999633789062,90.04000091552734,90.2300033569336,0
2021-05-11,90.13999938964844,90.36000061035156,89.9800033569336,90.23999786376953,0
2021-05-12,90.70999908447266,90.80000305175781,90.16000366210938,90.19000244140625,0
2021-05-13,90.75,90.91000366210938,90.58999633789062,90.75,0
2021-05-14,90.31999969482422,90.80000305175781,90.27999877929688,90.76000213623047,0
2021-05-17,90.22000122070312,90.43000030517578,90.1500015258789,90.30000305175781,0
2021-05-18,89.75,90.19999694824219,89.69000244140625,90.18000030517578,0
2021-05-19,90.19000244140625,90.29000091552734,89.69000244140625,89.77999877929688,0
2021-05-20,89.80999755859375,90.2300033569336,89.76000213623047,90.20999908447266,0
2021-05-21,90.0199966430664,90.1500015258789,89.6500015258789,89.77999877929688,0
2021-05-24,89.83000183105469,90.0999984741211,89.76000213623047,90.02999877929688,0
2021-05-25,89.63999938964844,89.87000274658203,89.54000091552734,89.8499984741211,0
2021-05-26,90.04000091552734,90.11000061035156,89.58999633789062,89.69000244140625,0
2021-05-27,89.97000122070312,90.18000030517578,89.88999938964844,90.08000183105469,0
2021-05-28,90.02999877929688,90.44000244140625,89.9800033569336,90.02999877929688,0
2021-06-01,89.83000183105469,89.94000244140625,89.66000366210938,89.80999755859375,0
2021-06-02,89.9000015258789,90.25,89.86000061035156,89.91999816894531,0
2021-06-03,90.5,90.55000305175781,89.88999938964844,89.93000030517578,0
2021-06-04,90.13999938964844,90.62999725341797,90.02999877929688,90.47000122070312,0
2021-06-07,89.94999694824219,90.30000305175781,89.91000366210938,90.12999725341797,0
2021-06-08,90.08000183105469,90.18000030517578,89.95999908447266,89.98999786376953,0
2021-06-09,90.12000274658203,90.16999816894531,89.83999633789062,90.12999725341797,0
2021-06-10,90.08000183105469,90.30999755859375,89.9800033569336,90.13999938964844,0
2021-06-11,90.55999755859375,90.61000061035156,89.95999908447266,90.06999969482422,0
2021-06-14,90.5199966430664,90.5999984741211,90.41000366210938,90.51000213623047,0
2021-06-15,90.54000091552734,90.68000030517578,90.3499984741211,90.4800033569336,0
2021-06-16,91.12999725341797,91.4000015258789,90.44000244140625,90.54000091552734,0
2021-06-17,91.88999938964844,92.01000213623047,91.30999755859375,91.43000030517578,0
2021-06-18,92.2300033569336,92.41000366210938,91.80999755859375,91.87999725341797,0
2021-06-21,91.86000061035156,92.37000274658203,91.83000183105469,92.31999969482422,0
2021-06-22,91.7300033569336,92.13999938964844,91.6500015258789,91.87999725341797,0
2021-06-23,91.80000305175781,91.9000015258789,91.51000213623047,91.7300033569336,0
2021-06-24,91.81999969482422,91.91000366210938,91.66000366210938,91.80000305175781,0
2021-06-25,91.80999755859375,91.87999725341797,91.52999877929688,91.83000183105469,0
2021-06-28,91.87999725341797,92.0199966430664,91.69999694824219,91.80999755859375,0
2021-06-29,92.05000305175781,92.19000244140625,91.86000061035156,91.87999725341797,0
2021-06-30,92.44000244140625,92.44999694824219,92.0,92.08000183105469,0
2021-07-01,92.5999984741211,92.5999984741211,92.26000213623047,92.3499984741211,0
2021-07-02,92.2300033569336,92.73999786376953,92.18000030517578,92.56999969482422,0
2021-07-06,92.55000305175781,92.66000366210938,92.0,92.23999786376953,0
2021-07-07,92.63999938964844,92.8499984741211,92.43000030517578,92.52999877929688,0
2021-07-08,92.36000061035156,92.79000091552734,92.23999786376953,92.69999694824219,0
2021-07-09,92.12999725341797,92.54000091552734,92.08999633789062,92.36000061035156,0
2021-07-12,92.2300033569336,92.41999816894531,92.08000183105469,92.0999984741211,0
2021-07-13,92.75,92.80999755859375,92.13999938964844,92.2300033569336,0
2021-07-14,92.41000366210938,92.83000183105469,92.3499984741211,92.80000305175781,0
2021-07-15,92.62000274658203,92.69000244140625,92.2699966430664,92.4000015258789,0
2021-07-16,92.69000244140625,92.76000213623047,92.52999877929688,92.58999633789062,0
2021-07-19,92.88999938964844,93.04000091552734,92.63999938964844,92.70999908447266,0
2021-07-20,92.97000122070312,93.16999816894531,92.80000305175781,92.87999725341797,0
2021-07-21,92.75,93.19000244140625,92.7300033569336,92.97000122070312,0
2021-07-22,92.81999969482422,92.91999816894531,92.51000213623047,92.80000305175781,0
2021-07-23,92.91000366210938,93.0199966430664,92.77999877929688,92.80999755859375,0
2021-07-26,92.6500015258789,92.95999908447266,92.52999877929688,92.91000366210938,0
2021-07-27,92.43000030517578,92.83999633789062,92.31999969482422,92.62999725341797,0
2021-07-28,92.31999969482422,92.75,92.23999786376953,92.45999908447266,0
2021-07-29,91.86000061035156,92.29000091552734,91.86000061035156,92.2699966430664,0
2021-07-30,92.16999816894531,92.19999694824219,91.77999877929688,91.8499984741211,0
2021-08-02,92.05000305175781,92.16999816894531,91.91000366210938,92.08999633789062,0
2021-08-03,92.08000183105469,92.16000366210938,91.88999938964844,92.05999755859375,0
2021-08-04,92.2699966430664,92.30999755859375,91.81999969482422,92.04000091552734,0
2021-08-05,92.23999786376953,92.3499984741211,92.12000274658203,92.27999877929688,0
2021-08-06,92.80000305175781,92.83999633789062,92.26000213623047,92.2699966430664,0
2021-08-09,92.94999694824219,92.98999786376953,92.72000122070312,92.77999877929688,0
2021-08-10,93.05999755859375,93.13999938964844,92.94000244140625,92.9800033569336,0
2021-08-11,92.91000366210938,93.19000244140625,92.80000305175781,93.06999969482422,0
2021-08-12,93.04000091552734,93.04000091552734,92.8499984741211,92.88999938964844,0
2021-08-13,92.5199966430664,93.01000213623047,92.47000122070312,92.97000122070312,0
2021-08-16,92.62999725341797,92.66000366210938,92.4800033569336,92.5199966430664,0
2021-08-17,93.12999725341797,93.16999816894531,92.61000061035156,92.62000274658203,0
2021-08-18,93.13999938964844,93.26000213623047,92.95999908447266,93.13999938964844,0
2021-08-19,93.56999969482422,93.58000183105469,93.13999938964844,93.13999938964844,0
2021-08-20,93.5,93.7300033569336,93.43000030517578,93.55999755859375,0
2021-08-23,92.95999908447266,93.51000213623047,92.94999694824219,93.45999908447266,0
2021-08-24,92.88999938964844,93.08000183105469,92.80999755859375,92.98999786376953,0
2021-08-25,92.83000183105469,93.12999725341797,92.80999755859375,92.87999725341797,0
2021-08-26,93.05999755859375,93.08000183105469,92.80999755859375,92.83000183105469,0
2021-08-27,92.69000244140625,93.18000030517578,92.62999725341797,93.02999877929688,0
2021-08-30,92.6500015258789,92.79000091552734,92.5999984741211,92.68000030517578,0
2021-08-31,92.62999725341797,92.75,92.4000015258789,92.70999908447266,0
2021-09-01,92.44999694824219,92.79000091552734,92.37999725341797,92.66000366210938,0
2021-09-02,92.2300033569336,92.54000091552734,92.20999908447266,92.51000213623047,0
2021-09-03,92.04000091552734,92.26000213623047,91.94999694824219,92.22000122070312,0
2021-09-07,92.5199966430664,92.56999969482422,92.0999984741211,92.19999694824219,0
2021-09-08,92.6500015258789,92.86000061035156,92.47000122070312,92.54000091552734,0
2021-09-09,92.4800033569336,92.76000213623047,92.37999725341797,92.70999908447266,0
2021-09-10,92.58000183105469,92.6500015258789,92.33000183105469,92.52999877929688,0
2021-09-13,92.62000274658203,92.88999938964844,92.56999969482422,92.61000061035156,0
2021-09-14,92.6500015258789,92.68000030517578,92.31999969482422,92.62000274658203,0
2021-09-15,92.48999786376953,92.68000030517578,92.41999816894531,92.68000030517578,0
2021-09-16,92.86000061035156,92.95999908447266,92.45999908447266,92.45999908447266,0
2021-09-17,93.19999694824219,93.25,92.7699966430664,92.87999725341797,0
2021-09-20,93.23999786376953,93.44999694824219,93.19000244140625,93.25,0
2021-09-21,93.19999694824219,93.29000091552734,93.05000305175781,93.23999786376953,0
2021-09-22,93.45999908447266,93.51000213623047,92.98999786376953,93.2300033569336,0
2021-09-23,93.0999984741211,93.5199966430664,92.9800033569336,93.4800033569336,0
2021-09-24,93.33000183105469,93.41999816894531,93.05000305175781,93.06999969482422,0
2021-09-27,93.37999725341797,93.48999786376953,93.20999908447266,93.27999877929688,0
2021-09-28,93.7699966430664,93.80999755859375,93.36000061035156,93.41000366210938,0
2021-09-29,94.33999633789062,94.43000030517578,93.66999816894531,93.72000122070312,0
2021-09-30,94.25,94.5,94.11000061035156,94.3499984741211,0
2021-10-01,94.04000091552734,94.38999938964844,93.98999786376953,94.30999755859375,0
2021-10-04,93.80999755859375,94.0999984741211,93.68000030517578,94.06999969482422,0
2021-10-05,93.9800033569336,94.06999969482422,93.80999755859375,93.83000183105469,0
2021-10-06,94.2699966430664,94.44999694824219,93.9800033569336,93.98999786376953,0
2021-10-07,94.22000122070312,94.27999877929688,94.08000183105469,94.2300033569336,0
2021-10-08,94.06999969482422,94.33999633789062,93.94000244140625,94.20999908447266,0
2021-10-11,94.31999969482422,94.4000015258789,94.02999877929688,94.0999984741211,0
2021-10-12,94.5199966430664,94.55999755859375,94.2300033569336,94.37000274658203,0
2021-10-13,94.08000183105469,94.52999877929688,94.01000213623047,94.5199966430664,0
2021-10-14,93.95999908447266,94.08999633789062,93.76000213623047,94.0199966430664,0
2021-10-15,93.94000244140625,94.06999969482422,93.8499984741211,94.02999877929688,0
2021-10-18,93.94999694824219,94.16999816894531,93.87000274658203,93.94999694824219,0
2021-10-19,93.79000091552734,93.94999694824219,93.5,93.94999694824219,0
2021-10-20,93.55999755859375,93.87999725341797,93.54000091552734,93.80999755859375,0
2021-10-21,93.7699966430664,93.79000091552734,93.5,93.58000183105469,0
2021-10-22,93.61000061035156,93.79000091552734,93.54000091552734,93.75,0
2021-10-25,93.80999755859375,93.95999908447266,93.4800033569336,93.66000366210938,0
2021-10-26,93.94999694824219,94.0199966430664,93.70999908447266,93.83999633789062,0
2021-10-27,93.86000061035156,94.01000213623047,93.69000244140625,93.97000122070312,0
2021-10-28,93.3499984741211,93.97000122070312,93.27999877929688,93.87999725341797,0
2021-10-29,94.12000274658203,94.30000305175781,93.31999969482422,93.36000061035156,0
2021-11-01,93.87999725341797,94.30999755859375,93.86000061035156,94.12999725341797,0
2021-11-02,94.08999633789062,94.12999725341797,93.81999969482422,93.93000030517578,0
2021-11-03,93.86000061035156,94.20999908447266,93.81999969482422,94.12000274658203,0
2021-11-04,94.3499984741211,94.47000122070312,93.83000183105469,93.86000061035156,0
2021-11-05,94.31999969482422,94.62000274658203,94.19000244140625,94.33999633789062,0
2021-11-08,94.05000305175781,94.37999725341797,93.98999786376953,94.25,0
2021-11-09,93.95999908447266,94.1500015258789,93.87999725341797,94.08999633789062,0
2021-11-10,94.8499984741211,94.9000015258789,93.97000122070312,93.9800033569336,0
2021-11-11,95.18000030517578,95.19999694824219,94.83999633789062,94.83999633789062,0
2021-11-12,95.12999725341797,95.2699966430664,95.0,95.18000030517578,0
2021-11-15,95.41000366210938,95.5999984741211,94.97000122070312,95.12000274658203,0
2021-11-16,95.91999816894531,95.9800033569336,95.4000015258789,95.47000122070312,0
2021-11-17,95.83000183105469,96.23999786376953,95.7300033569336,95.94000244140625,0
2021-11-18,95.54000091552734,95.83999633789062,95.5199966430664,95.80000305175781,0
2021-11-19,96.06999969482422,96.23999786376953,95.58000183105469,95.58999633789062,0
2021-11-22,96.5,96.55000305175781,96.04000091552734,96.06999969482422,0
2021-11-23,96.48999786376953,96.61000061035156,96.30999755859375,96.45999908447266,0
2021-11-24,96.83999633789062,96.94000244140625,96.44000244140625,96.52999877929688,0
2021-11-26,96.08999633789062,96.7699966430664,95.75,96.72000122070312,0
2021-11-29,96.33999633789062,96.44999694824219,96.13999938964844,96.13999938964844,0
2021-11-30,95.98999786376953,96.63999938964844,95.5199966430664,96.22000122070312,0
2021-12-01,96.05000305175781,96.13999938964844,95.66999816894531,95.94000244140625,0
2021-12-02,96.12999725341797,96.18000030517578,95.83000183105469,96.06999969482422,0
2021-12-03,96.12000274658203,96.44999694824219,95.97000122070312,96.12000274658203,0
2021-12-06,96.29000091552734,96.43000030517578,96.12999725341797,96.1500015258789,0
2021-12-07,96.37000274658203,96.58999633789062,96.16999816894531,96.30000305175781,0
2021-12-08,95.88999938964844,96.37999725341797,95.8499984741211,96.26000213623047,0
2021-12-09,96.2699966430664,96.33999633789062,95.95999908447266,95.95999908447266,0
2021-12-10,96.05000305175781,96.43000030517578,95.9800033569336,96.22000122070312,0
2021-12-13,96.31999969482422,96.44999694824219,96.05000305175781,96.05000305175781,0
2021-12-14,96.56999969482422,96.58999633789062,96.0999984741211,96.3499984741211,0
2021-12-15,96.51000213623047,96.91000366210938,96.30000305175781,96.55000305175781,0
2021-12-16,96.04000091552734,96.44999694824219,95.8499984741211,96.43000030517578,0
2021-12-17,96.56999969482422,96.69000244140625,95.87999725341797,96.0,0
2021-12-20,96.55000305175781,96.69000244140625,96.33999633789062,96.66999816894531,0
2021-12-21,96.48999786376953,96.63999938964844,96.33999633789062,96.54000091552734,0
2021-12-22,96.08000183105469,96.5999984741211,96.0199966430664,96.47000122070312,0
2021-12-23,96.0199966430664,96.27999877929688,95.98999786376953,96.02999877929688,0
2021-12-27,96.08999633789062,96.26000213623047,96.05000305175781,96.1500015258789,0
2021-12-28,96.19999694824219,96.27999877929688,96.0,96.06999969482422,0
2021-12-29,95.93000030517578,96.4000015258789,95.76000213623047,96.1500015258789,0
2021-12-30,95.97000122070312,96.22000122070312,95.86000061035156,95.88999938964844,0
2021-12-31,95.66999816894531,96.11000061035156,95.56999969482422,95.98999786376953,0
2022-01-03,96.23999786376953,96.33000183105469,95.62999725341797,95.66999816894531,0
2022-01-04,96.29000091552734,96.45999908447266,96.02999877929688,96.19000244140625,0
2022-01-05,96.19000244140625,96.33000183105469,95.88999938964844,96.30999755859375,0
2022-01-06,96.25,96.38999938964844,96.04000091552734,96.19999694824219,0
2022-01-07,95.73999786376953,96.30000305175781,95.70999908447266,96.26000213623047,0
2022-01-10,95.98999786376953,96.2300033569336,95.73999786376953,95.73999786376953,0
2022-01-11,95.62000274658203,96.06999969482422,95.58000183105469,95.93000030517578,0
2022-01-12,95.0,95.69000244140625,94.91000366210938,95.58000183105469,0
2022-01-13,94.79000091552734,95.0199966430664,94.66000366210938,94.98999786376953,0
2022-01-14,95.16999816894531,95.2699966430664,94.62999725341797,94.87000274658203,0
2022-01-18,95.7300033569336,95.83000183105469,95.12999725341797,95.22000122070312,0
2022-01-19,95.51000213623047,95.79000091552734,95.48999786376953,95.7699966430664,0
2022-01-20,95.73999786376953,95.86000061035156,95.41999816894531,95.58999633789062,0
2022-01-21,95.63999938964844,95.83999633789062,95.5,95.80999755859375,0
2022-01-24,95.91999816894531,96.12999725341797,95.62999725341797,95.63999938964844,0
2022-01-25,95.94999694824219,96.2699966430664,95.9000015258789,95.93000030517578,0
2022-01-26,96.48999786376953,96.54000091552734,95.91000366210938,95.95999908447266,0
2022-01-27,97.26000213623047,97.29000091552734,96.52999877929688,96.55000305175781,0
2022-01-28,97.2699966430664,97.44000244140625,97.05999755859375,97.25,0
2022-01-31,96.54000091552734,97.30000305175781,96.5199966430664,97.22000122070312,0
2022-02-01,96.38999938964844,96.72000122070312,96.23999786376953,96.69999694824219,0
2022-02-02,95.94000244140625,96.30000305175781,95.80999755859375,96.2699966430664,0
2022-02-03,95.37999725341797,96.25,95.23999786376953,96.0199966430664,0
2022-02-04,95.4800033569336,95.69999694824219,95.13999938964844,95.30999755859375,0
2022-02-07,95.4000015258789,95.62999725341797,95.3499984741211,95.4800033569336,0
2022-02-08,95.63999938964844,95.75,95.4000015258789,95.43000030517578,0
2022-02-09,95.48999786376953,95.66999816894531,95.37999725341797,95.58999633789062,0
2022-02-10,95.55000305175781,96.0,95.16999816894531,95.56999969482422,0
2022-02-11,96.08000183105469,96.11000061035156,95.63999938964844,95.94000244140625,0
2022-02-14,96.37000274658203,96.44000244140625,95.91000366210938,96.02999877929688,0
2022-02-15,95.98999786376953,96.29000091552734,95.95999908447266,96.23999786376953,0
2022-02-16,95.69999694824219,96.05999755859375,95.68000030517578,96.01000213623047,0
2022-02-17,95.80000305175781,96.11000061035156,95.70999908447266,95.7699966430664,0
2022-02-18,96.04000091552734,96.16999816894531,95.7300033569336,95.83000183105469,0
2022-02-22,96.02999877929688,96.26000213623047,95.83999633789062,96.08000183105469,0
2022-02-23,96.19000244140625,96.23999786376953,95.8499984741211,96.04000091552734,0
2022-02-24,97.13999938964844,97.73999786376953,96.22000122070312,96.22000122070312,0
2022-02-25,96.62000274658203,97.22000122070312,96.5199966430664,97.0,0
2022-02-28,96.70999908447266,97.41999816894531,96.54000091552734,96.54000091552734,0
2022-03-01,97.41000366210938,97.58000183105469,96.62999725341797,96.7699966430664,0
2022-03-02,97.38999938964844,97.83000183105469,97.29000091552734,97.37000274658203,0
2022-03-03,97.79000091552734,97.94999694824219,97.43000030517578,97.47000122070312,0
2022-03-04,98.6500015258789,98.91999816894531,97.83999633789062,98.04000091552734,0
2022-03-07,99.29000091552734,99.41999816894531,98.56999969482422,98.56999969482422,0
2022-03-08,99.05999755859375,99.31999969482422,98.70999908447266,99.23999786376953,0
2022-03-09,97.97000122070312,99.12000274658203,97.8499984741211,99.12000274658203,0
2022-03-10,98.51000213623047,98.5999984741211,97.70999908447266,98.05999755859375,0
2022-03-11,99.12000274658203,99.16000366210938,98.2699966430664,98.36000061035156,0
2022-03-14,99.05999755859375,99.29000091552734,98.68000030517578,99.12999725341797,0
2022-03-15,99.06999969482422,99.19999694824219,98.63999938964844,99.12999725341797,0
2022-03-16,98.37999725341797,99.08000183105469,98.30000305175781,98.88999938964844,0
2022-03-17,98.01000213623047,98.51000213623047,97.7300033569336,98.5,0
2022-03-18,98.2300033569336,98.62000274658203,97.83999633789062,98.0,0
2022-03-21,98.5,98.52999877929688,98.16000366210938,98.23999786376953,0
2022-03-22,98.48999786376953,98.97000122070312,98.31999969482422,98.48999786376953,0
2022-03-23,98.62000274658203,98.87999725341797,98.38999938964844,98.4800033569336,0
2022-03-24,98.79000091552734,98.95999908447266,98.5999984741211,98.63999938964844,0
2022-03-25,98.80999755859375,98.83000183105469,98.4000015258789,98.75,0
2022-03-28,99.08999633789062,99.37000274658203,98.80000305175781,98.80999755859375,0
2022-03-29,98.4000015258789,99.30000305175781,98.04000091552734,99.08000183105469,0
2022-03-30,97.79000091552734,98.43000030517578,97.69000244140625,98.37000274658203,0
2022-03-31,98.30999755859375,98.4000015258789,97.69000244140625,97.83000183105469,0
2022-04-01,98.62999725341797,98.73999786376953,98.30999755859375,98.33999633789062,0
2022-04-04,98.98999786376953,99.08000183105469,98.5199966430664,98.56999969482422,0
2022-04-05,99.47000122070312,99.5199966430664,98.83999633789062,99.0,0
2022-04-06,99.5999984741211,99.7699966430664,99.30999755859375,99.47000122070312,0
2022-04-07,99.75,99.83000183105469,99.4000015258789,99.6500015258789,0
2022-04-08,99.80000305175781,100.19000244140625,99.73999786376953,99.81999969482422,0
2022-04-11,99.93000030517578,100.05000305175781,99.62000274658203,99.83999633789062,0
2022-04-12,100.29000091552734,100.33000183105469,99.73999786376953,100.04000091552734,0
2022-04-13,99.87999725341797,100.5199966430664,99.83000183105469,100.33999633789062,0
2022-04-14,100.31999969482422,100.76000213623047,99.56999969482422,99.79000091552734,0
2022-04-18,100.77999877929688,100.86000061035156,100.45999908447266,100.5,0
2022-04-19,100.95999908447266,101.02999877929688,100.69999694824219,100.83000183105469,0
2022-04-20,100.38999938964844,101.04000091552734,100.22000122070312,100.9800033569336,0
2022-04-21,100.58000183105469,100.63999938964844,99.81999969482422,100.3499984741211,0
2022-04-22,101.22000122070312,101.33000183105469,100.47000122070312,100.62000274658203,0
2022-04-25,101.75,101.86000061035156,101.04000091552734,101.12000274658203,0
2022-04-26,102.30000305175781,102.36000061035156,101.51000213623047,101.7300033569336,0
2022-04-27,102.94999694824219,103.27999877929688,102.22000122070312,102.27999877929688,0
2022-04-28,103.62000274658203,103.93000030517578,102.9800033569336,103.04000091552734,0
2022-04-29,102.95999908447266,103.66999816894531,102.81999969482422,103.66999816894531,0
2022-05-02,103.73999786376953,103.75,103.11000061035156,103.20999908447266,0
2022-05-03,103.47000122070312,103.66999816894531,103.02999877929688,103.5999984741211,0
2022-05-04,102.58999633789062,103.62000274658203,102.45999908447266,103.45999908447266,0
2022-05-05,103.75,103.94000244140625,102.3499984741211,102.68000030517578,0
2022-05-06,103.66000366210938,104.05999755859375,103.19000244140625,103.55999755859375,0
2022-05-09,103.6500015258789,104.19000244140625,103.38999938964844,103.66000366210938,0
2022-05-10,103.91999816894531,103.9800033569336,103.5,103.7300033569336,0
2022-05-11,103.8499984741211,104.11000061035156,103.37000274658203,103.9000015258789,0
2022-05-12,104.8499984741211,104.93000030517578,103.87999725341797,104.01000213623047,0
2022-05-13,104.55999755859375,105.01000213623047,104.47000122070312,104.7699966430664,0
2022-05-16,104.19000244140625,104.63999938964844,104.13999938964844,104.47000122070312,0
2022-05-17,103.36000061035156,104.2300033569336,103.2300033569336,104.16999816894531,0
2022-05-18,103.80999755859375,103.93000030517578,103.19000244140625,103.33999633789062,0
2022-05-19,102.72000122070312,103.87999725341797,102.66000366210938,103.83000183105469,0
2022-05-20,103.1500015258789,103.26000213623047,102.7699966430664,102.9000015258789,0
2022-05-23,102.08000183105469,103.05000305175781,102.04000091552734,103.02999877929688,0
2022-05-24,101.86000061035156,102.31999969482422,101.6500015258789,102.11000061035156,0
2022-05-25,102.05999755859375,102.44999694824219,101.7300033569336,101.7699966430664,0
2022-05-26,101.83000183105469,102.2699966430664,101.73999786376953,102.0199966430664,0
2022-05-27,101.66999816894531,101.94000244140625,101.43000030517578,101.72000122070312,0
2022-05-31,101.75,102.16999816894531,101.41000366210938,101.44000244140625,0
2022-06-01,102.55000305175781,102.7300033569336,101.73999786376953,101.76000213623047,0
2022-06-02,101.7699966430664,102.62000274658203,101.73999786376953,102.55000305175781,0
2022-06-03,102.13999938964844,102.2300033569336,101.63999938964844,101.75,0
2022-06-06,102.44000244140625,102.47000122070312,101.8499984741211,102.16999816894531,0
2022-06-07,102.31999969482422,102.83999633789062,102.26000213623047,102.48999786376953,0
2022-06-08,102.54000091552734,102.77999877929688,102.2699966430664,102.38999938964844,0
2022-06-09,103.22000122070312,103.37000274658203,102.1500015258789,102.55999755859375,0
2022-06-10,104.1500015258789,104.2300033569336,103.05000305175781,103.33999633789062,0
2022-06-13,105.08000183105469,105.29000091552734,104.20999908447266,104.20999908447266,0
2022-06-14,105.5199966430664,105.6500015258789,104.62000274658203,105.19000244140625,0
2022-06-15,105.16000366210938,105.79000091552734,104.66000366210938,105.3499984741211,0
2022-06-16,103.62999725341797,105.48999786376953,103.41999816894531,104.9000015258789,0
2022-06-17,104.69999694824219,105.08999633789062,103.83000183105469,103.87999725341797,0
2022-06-21,104.44000244140625,104.54000091552734,103.94000244140625,104.44000244140625,0
2022-06-22,104.19999694824219,104.94999694824219,103.86000061035156,104.43000030517578,0
2022-06-23,104.43000030517578,104.7699966430664,104.05999755859375,104.20999908447266,0
2022-06-24,104.19000244140625,104.51000213623047,103.94999694824219,104.37999725341797,0
2022-06-27,103.94000244140625,104.20999908447266,103.66999816894531,104.12000274658203,0
2022-06-28,104.51000213623047,104.61000061035156,103.7699966430664,103.97000122070312,0
2022-06-29,105.11000061035156,105.1500015258789,104.36000061035156,104.45999908447266,0
2022-06-30,104.69000244140625,105.54000091552734,104.6500015258789,105.05999755859375,0
2022-07-01,105.13999938964844,105.63999938964844,104.73999786376953,104.77999877929688,0
2022-07-05,106.5,106.79000091552734,105.05000305175781,105.13999938964844,0
2022-07-06,107.0999984741211,107.26000213623047,106.36000061035156,106.48999786376953,0
2022-07-07,107.12999725341797,107.23999786376953,106.70999908447266,107.06999969482422,0
2022-07-08,107.01000213623047,107.79000091552734,106.80999755859375,107.04000091552734,0
2022-07-11,108.0199966430664,108.2699966430664,106.91999816894531,106.91999816894531,0
2022-07-12,108.06999969482422,108.55999755859375,107.83999633789062,108.18000030517578,0
2022-07-13,107.95999908447266,108.58000183105469,107.4800033569336,108.19000244140625,0
2022-07-14,108.54000091552734,109.29000091552734,108.19999694824219,108.19999694824219,0
2022-07-15,108.05999755859375,108.70999908447266,107.91000366210938,108.66999816894531,0
2022-07-18,107.37000274658203,108.04000091552734,106.88999938964844,107.9800033569336,0
2022-07-19,106.68000030517578,107.62999725341797,106.4000015258789,107.48999786376953,0
2022-07-20,107.08000183105469,107.26000213623047,106.38999938964844,106.66999816894531,0
2022-07-21,106.91000366210938,107.31999969482422,106.41999816894531,107.08999633789062,0
2022-07-22,106.7300033569336,107.36000061035156,106.11000061035156,106.58999633789062,0
2022-07-25,106.4800033569336,106.87999725341797,106.19000244140625,106.55000305175781,0
2022-07-26,107.19000244140625,107.27999877929688,106.19999694824219,106.44999694824219,0
2022-07-27,106.44999694824219,107.43000030517578,106.26000213623047,107.12999725341797,0
2022-07-28,106.3499984741211,106.9800033569336,106.05999755859375,106.37000274658203,0
2022-07-29,105.9000015258789,106.66000366210938,105.54000091552734,106.20999908447266,0
2022-08-01,105.44999694824219,106.02999877929688,105.23999786376953,105.83000183105469,0
2022-08-02,106.23999786376953,106.33999633789062,105.05000305175781,105.36000061035156,0
2022-08-03,106.51000213623047,106.81999969482422,105.97000122070312,106.43000030517578,0
2022-08-04,105.69000244140625,106.51000213623047,105.66999816894531,106.4800033569336,0
2022-08-05,106.62000274658203,106.93000030517578,105.69000244140625,105.72000122070312,0
2022-08-08,106.44000244140625,106.80000305175781,106.08999633789062,106.58000183105469,0
2022-08-09,106.37000274658203,106.41000366210938,105.97000122070312,106.33999633789062,0
2022-08-10,105.19999694824219,106.4000015258789,104.63999938964844,106.33999633789062,0
2022-08-11,105.08999633789062,105.45999908447266,104.6500015258789,105.20999908447266,0
2022-08-12,105.62999725341797,105.87999725341797,105.08999633789062,105.16000366210938,0
2022-08-15,106.55000305175781,106.55000305175781,105.55000305175781,105.66999816894531,0
2022-08-16,106.5,106.94000244140625,106.31999969482422,106.4800033569336,0
2022-08-17,106.56999969482422,106.88999938964844,106.30999755859375,106.44999694824219,0
2022-08-18,107.4800033569336,107.55999755859375,106.51000213623047,106.68000030517578,0
2022-08-19,108.16999816894531,108.22000122070312,107.47000122070312,107.5,0
2022-08-22,109.05000305175781,109.0999984741211,108.08000183105469,108.0999984741211,0
2022-08-23,108.62000274658203,109.2699966430664,108.08000183105469,109.0,0
2022-08-24,108.68000030517578,109.11000061035156,108.36000061035156,108.5199966430664,0
2022-08-25,108.47000122070312,108.69000244140625,107.98999786376953,108.62999725341797,0
2022-08-26,108.80000305175781,108.87000274658203,107.58999633789062,108.47000122070312,0
2022-08-29,108.83999633789062,109.4800033569336,108.48999786376953,108.83999633789062,0
2022-08-30,108.7699966430664,109.11000061035156,108.29000091552734,108.69999694824219,0
2022-08-31,108.69999694824219,109.19999694824219,108.37999725341797,108.75,0
2022-09-01,109.69000244140625,109.9800033569336,108.7699966430664,108.83999633789062,0
2022-09-02,109.52999877929688,109.72000122070312,108.93000030517578,109.63999938964844,0
2022-09-06,110.20999908447266,110.55000305175781,109.37999725341797,109.5999984741211,0
2022-09-07,109.83999633789062,110.79000091552734,109.54000091552734,110.31999969482422,0
2022-09-08,109.70999908447266,110.23999786376953,109.33000183105469,109.66999816894531,0
2022-09-09,109.0,109.54000091552734,108.36000061035156,109.54000091552734,0
2022-09-12,108.33000183105469,108.86000061035156,107.80999755859375,108.5999984741211,0
2022-09-13,109.81999969482422,109.95999908447266,107.68000030517578,108.2300033569336,0
2022-09-14,109.66000366210938,109.93000030517578,109.27999877929688,109.93000030517578,0
2022-09-15,109.73999786376953,109.91999816894531,109.41999816894531,109.61000061035156,0
2022-09-16,109.76000213623047,110.26000213623047,109.4800033569336,109.80000305175781,0
2022-09-19,109.73999786376953,110.18000030517578,109.48999786376953,109.63999938964844,0
2022-09-20,110.22000122070312,110.29000091552734,109.36000061035156,109.58000183105469,0
2022-09-21,110.63999938964844,111.58000183105469,110.12999725341797,110.16000366210938,0
2022-09-22,111.3499984741211,111.80999755859375,110.45999908447266,111.4800033569336,0
2022-09-23,113.19000244140625,113.2300033569336,111.08000183105469,111.23999786376953,0
2022-09-26,114.0999984741211,114.52999877929688,112.94000244140625,113.0199966430664,0
2022-09-27,114.11000061035156,114.47000122070312,113.33000183105469,114.0199966430664,0
2022-09-28,112.5999984741211,114.77999877929688,112.55999755859375,114.19000244140625,0
2022-09-29,112.25,113.79000091552734,111.91999816894531,113.01000213623047,0
2022-09-30,112.12000274658203,112.66999816894531,111.58000183105469,111.75,0
2022-10-03,111.75,112.54000091552734,111.47000122070312,112.16999816894531,0
2022-10-04,110.06999969482422,111.88999938964844,110.05999755859375,111.58999633789062,0
2022-10-05,111.06999969482422,111.73999786376953,110.08999633789062,110.2300033569336,0
2022-10-06,112.26000213623047,112.30999755859375,110.77999877929688,111.0199966430664,0
2022-10-07,112.80000305175781,112.87999725341797,111.94999694824219,112.25,0
2022-10-10,113.13999938964844,113.33000183105469,112.62000274658203,112.75,0
2022-10-11,113.22000122070312,113.5,112.41000366210938,113.08000183105469,0
2022-10-12,113.31999969482422,113.58999633789062,113.05000305175781,113.30999755859375,0
2022-10-13,112.36000061035156,113.91999816894531,112.1500015258789,113.23999786376953,0
2022-10-14,113.30999755859375,113.41999816894531,112.16000366210938,112.47000122070312,0
2022-10-17,112.04000091552734,113.22000122070312,111.91999816894531,113.22000122070312,0
2022-10-18,112.12999725341797,112.45999908447266,111.7699966430664,112.06999969482422,0
2022-10-19,112.9800033569336,113.0999984741211,111.91999816894531,111.91999816894531,0
2022-10-20,112.87999725341797,113.08999633789062,112.16999816894531,112.98999786376953,0
2022-10-21,112.01000213623047,113.94000244140625,111.69999694824219,112.94000244140625,0
2022-10-24,111.98999786376953,112.52999877929688,111.47000122070312,111.87999725341797,0
2022-10-25,110.94999694824219,112.12999725341797,110.76000213623047,111.81999969482422,0
2022-10-26,109.69999694824219,111.13999938964844,109.62999725341797,110.95999908447266,0
2022-10-27,110.58999633789062,110.62000274658203,109.54000091552734,109.62000274658203,0
2022-10-28,110.66999816894531,111.04000091552734,110.29000091552734,110.5,0
2022-10-31,111.52999877929688,111.66999816894531,110.66999816894531,110.66999816894531,0
2022-11-01,111.4800033569336,111.77999877929688,110.72000122070312,111.5199966430664,0
2022-11-02,111.3499984741211,112.1500015258789,110.43000030517578,111.54000091552734,0
2022-11-03,112.93000030517578,113.1500015258789,111.81999969482422,112.16999816894531,0
2022-11-04,110.87999725341797,112.98999786376953,110.72000122070312,112.97000122070312,0
2022-11-07,110.12000274658203,111.2699966430664,110.05000305175781,110.79000091552734,0
2022-11-08,109.62000274658203,110.61000061035156,109.37000274658203,110.05999755859375,0
2022-11-09,110.55000305175781,110.63999938964844,109.44999694824219,109.6500015258789,0
2022-11-10,108.20999908447266,110.98999786376953,107.70999908447266,110.30000305175781,0
2022-11-11,106.29000091552734,108.44000244140625,106.27999877929688,108.23999786376953,0
2022-11-14,106.66000366210938,107.2699966430664,106.4800033569336,106.4800033569336,0
2022-11-15,106.4000015258789,107.0999984741211,105.33999633789062,107.0,0
2022-11-16,106.27999877929688,106.77999877929688,105.86000061035156,106.58000183105469,0
2022-11-17,106.69000244140625,107.23999786376953,106.0999984741211,106.2699966430664,0
2022-11-18,106.93000030517578,107.04000091552734,106.33999633789062,106.69000244140625,0
2022-11-21,107.83999633789062,107.98999786376953,106.88999938964844,106.97000122070312,0
2022-11-22,107.22000122070312,107.75,107.12000274658203,107.69999694824219,0
2022-11-23,106.08000183105469,107.22000122070312,106.02999877929688,107.08000183105469,0
2022-11-25,105.95999908447266,106.41999816894531,105.69000244140625,105.95999908447266,0
2022-11-28,106.68000030517578,106.75,105.31999969482422,106.05999755859375,0
2022-11-29,106.81999969482422,106.87999725341797,106.05999755859375,106.56999969482422,0
2022-11-30,105.94999694824219,107.19999694824219,105.77999877929688,106.72000122070312,0
2022-12-01,104.7300033569336,105.9000015258789,104.66000366210938,105.69999694824219,0
2022-12-02,104.55000305175781,105.58999633789062,104.37999725341797,104.81999969482422,0
2022-12-05,105.29000091552734,105.4000015258789,104.11000061035156,104.51000213623047,0
2022-12-06,105.58000183105469,105.62999725341797,104.88999938964844,105.16000366210938,0
2022-12-07,105.0999984741211,105.81999969482422,104.87999725341797,105.62999725341797,0
2022-12-08,104.7699966430664,105.43000030517578,104.72000122070312,105.19999694824219,0
2022-12-09,104.80999755859375,105.13999938964844,104.4800033569336,104.86000061035156,0
2022-12-12,105.12999725341797,105.25,104.66999816894531,104.93000030517578,0
2022-12-13,103.9800033569336,105.0999984741211,103.58999633789062,104.98999786376953,0
2022-12-14,103.7699966430664,104.16000366210938,103.44999694824219,104.06999969482422,0
2022-12-15,104.55999755859375,104.87999725341797,103.54000091552734,103.66999816894531,0
2022-12-16,104.69999694824219,104.83999633789062,104.20999908447266,104.44999694824219,0
2022-12-19,104.72000122070312,104.93000030517578,104.12999725341797,104.83999633789062,0
2022-12-20,103.97000122070312,104.79000091552734,103.77999877929688,104.7300033569336,0
2022-12-21,104.16000366210938,104.37999725341797,103.8499984741211,103.94999694824219,0
2022-12-22,104.43000030517578,104.5999984741211,103.75,104.22000122070312,0
2022-12-23,104.30999755859375,104.54000091552734,104.12000274658203,104.38999938964844,0
2022-12-27,104.18000030517578,104.4000015258789,103.88999938964844,104.12000274658203,0
2022-12-28,104.45999908447266,104.55999755859375,103.8499984741211,104.33000183105469,0
2022-12-29,103.83999633789062,104.44999694824219,103.77999877929688,104.37000274658203,0
2022-12-30,103.5199966430664,104.0999984741211,103.38999938964844,103.94999694824219,0
2023-01-03,104.5199966430664,104.86000061035156,103.47000122070312,103.66000366210938,0
2023-01-04,104.25,104.5999984741211,103.83000183105469,104.58000183105469,0
2023-01-05,105.04000091552734,105.2699966430664,103.98999786376953,104.06999969482422,0
2023-01-06,103.87999725341797,105.62999725341797,103.87000274658203,105.05000305175781,0
2023-01-09,103.0,103.94000244140625,102.94000244140625,103.91000366210938,0
2023-01-10,103.23999786376953,103.48999786376953,103.02999877929688,103.29000091552734,0
2023-01-11,103.19000244140625,103.4800033569336,103.11000061035156,103.22000122070312,0
2023-01-12,102.25,103.29000091552734,102.08000183105469,103.05999755859375,0
2023-01-13,102.19999694824219,102.6500015258789,101.98999786376953,102.20999908447266,0
2023-01-17,102.38999938964844,102.55999755859375,101.94000244140625,102.31999969482422,0
2023-01-18,102.36000061035156,102.9000015258789,101.52999877929688,102.47000122070312,0
2023-01-19,102.05999755859375,102.4800033569336,101.98999786376953,102.37999725341797,0
2023-01-20,102.01000213623047,102.55000305175781,101.94000244140625,102.08000183105469,0
2023-01-23,102.13999938964844,102.27999877929688,101.58999633789062,101.98999786376953,0
2023-01-24,101.91999816894531,102.43000030517578,101.72000122070312,101.98999786376953,0
2023-01-25,101.63999938964844,102.12000274658203,101.58000183105469,102.01000213623047,0
2023-01-26,101.83999633789062,102.18000030517578,101.5,101.58000183105469,0
2023-01-27,101.93000030517578,102.19000244140625,101.68000030517578,101.72000122070312,0
2023-01-30,102.27999877929688,102.30999755859375,101.66000366210938,101.91999816894531,0
2023-01-31,102.0999984741211,102.61000061035156,102.01000213623047,102.19000244140625,0
2023-02-01,101.22000122070312,102.19000244140625,101.04000091552734,102.0999984741211,0
2023-02-02,101.75,101.91000366210938,100.81999969482422,100.8499984741211,0
2023-02-03,102.91999816894531,103.01000213623047,101.55000305175781,101.83000183105469,0
2023-02-06,103.62000274658203,103.7699966430664,103.01000213623047,103.01000213623047,0
2023-02-07,103.43000030517578,103.95999908447266,103.0,103.54000091552734,0
2023-02-08,103.41000366210938,103.5199966430664,103.0,103.2699966430664,0
2023-02-09,103.22000122070312,103.55000305175781,102.63999938964844,103.43000030517578,0
2023-02-10,103.62999725341797,103.68000030517578,102.9000015258789,103.26000213623047,0
2023-02-13,103.3499984741211,103.83999633789062,103.23999786376953,103.58000183105469,0
2023-02-14,103.2300033569336,103.5199966430664,102.58999633789062,103.22000122070312,0
2023-02-15,103.91999816894531,104.11000061035156,103.16000366210938,103.20999908447266,0
2023-02-16,103.86000061035156,104.2300033569336,103.52999877929688,103.87999725341797,0
2023-02-17,103.86000061035156,104.66999816894531,103.83999633789062,104.19999694824219,0
2023-02-21,104.18000030517578,104.26000213623047,103.7699966430664,103.91000366210938,0
2023-02-22,104.58999633789062,104.5999984741211,104.01000213623047,104.12999725341797,0
2023-02-23,104.5999984741211,104.77999877929688,104.30999755859375,104.5,0
2023-02-24,105.20999908447266,105.31999969482422,104.41999816894531,104.55999755859375,0
2023-02-27,104.66999816894531,105.36000061035156,104.55000305175781,105.26000213623047,0
2023-02-28,104.87000274658203,105.0,104.41999816894531,104.62999725341797,0
2023-03-01,104.4800033569336,105.08999633789062,104.08999633789062,105.04000091552734,0
2023-03-02,105.02999877929688,105.18000030517578,104.38999938964844,104.38999938964844,0
2023-03-03,104.5199966430664,105.0,104.48999786376953,104.94000244140625,0
2023-03-06,104.3499984741211,104.69000244140625,104.16000366210938,104.52999877929688,0
2023-03-07,105.62000274658203,105.6500015258789,104.12000274658203,104.30000305175781,0
2023-03-08,105.66000366210938,105.87999725341797,105.37000274658203,105.66999816894531,0
2023-03-09,105.30999755859375,105.7300033569336,105.1500015258789,105.62000274658203,0
2023-03-10,104.58000183105469,105.3499984741211,104.04000091552734,105.12999725341797,0
2023-03-13,103.5999984741211,104.38999938964844,103.4800033569336,104.38999938964844,0
2023-03-14,103.5999984741211,104.05000305175781,103.5,103.66999816894531,0
2023-03-15,104.6500015258789,105.0999984741211,103.44000244140625,103.73999786376953,0
2023-03-16,104.41999816894531,104.73999786376953,104.19999694824219,104.62000274658203,0
2023-03-17,103.70999908447266,104.44999694824219,103.69000244140625,104.41000366210938,0
2023-03-20,103.27999877929688,103.95999908447266,103.27999877929688,103.86000061035156,0
2023-03-21,103.26000213623047,103.5199966430664,103.0,103.30999755859375,0
2023-03-22,102.3499984741211,103.2699966430664,102.06999969482422,103.19999694824219,0
2023-03-23,102.52999877929688,102.63999938964844,101.91999816894531,102.5,0
2023-03-24,103.12000274658203,103.36000061035156,102.5,102.5999984741211,0
2023-03-27,102.86000061035156,103.2300033569336,102.83000183105469,103.12000274658203,0
2023-03-28,102.43000030517578,102.76000213623047,102.37999725341797,102.75,0
2023-03-29,102.63999938964844,102.79000091552734,102.37000274658203,102.48999786376953,0
2023-03-30,102.13999938964844,102.77999877929688,102.06999969482422,102.62000274658203,0
2023-03-31,102.51000213623047,102.62999725341797,102.05000305175781,102.19999694824219,0
2023-04-03,102.08999633789062,103.05999755859375,101.9800033569336,102.58999633789062,0
2023-04-04,101.58999633789062,102.27999877929688,101.45999908447266,102.01000213623047,0
2023-04-05,101.8499984741211,101.98999786376953,101.41999816894531,101.5199966430664,0
2023-04-06,101.81999969482422,102.13999938964844,101.76000213623047,101.83000183105469,0
2023-04-10,102.58000183105469,102.80999755859375,101.98999786376953,102.0999984741211,0
2023-04-11,102.19999694824219,102.5199966430664,102.01000213623047,102.5199966430664,0
2023-04-12,101.5,102.16000366210938,101.44999694824219,102.12999725341797,0
2023-04-13,101.01000213623047,101.5999984741211,100.8499984741211,101.47000122070312,0
2023-04-14,101.55000305175781,101.75,100.79000091552734,101.0,0
2023-04-17,102.0999984741211,102.2300033569336,101.52999877929688,101.58000183105469,0
2023-04-18,101.75,102.13999938964844,101.63999938964844,102.0999984741211,0
2023-04-19,101.97000122070312,102.2300033569336,101.66000366210938,101.70999908447266,0
2023-04-20,101.83999633789062,102.12999725341797,101.62999725341797,101.98999786376953,0
2023-04-21,101.81999969482422,102.12000274658203,101.6500015258789,101.80000305175781,0
2023-04-24,101.3499984741211,101.91000366210938,101.33000183105469,101.72000122070312,0
2023-04-25,101.86000061035156,101.94999694824219,101.19999694824219,101.26000213623047,0
2023-04-26,101.47000122070312,101.88999938964844,101.01000213623047,101.81999969482422,0
2023-04-27,101.5,101.80000305175781,101.27999877929688,101.4000015258789,0
2023-04-28,101.66999816894531,102.16999816894531,101.41999816894531,101.47000122070312,0
2023-05-01,102.1500015258789,102.19000244140625,101.62000274658203,101.66999816894531,0
2023-05-02,101.95999908447266,102.4000015258789,101.87999725341797,102.1500015258789,0
2023-05-03,101.33999633789062,101.91999816894531,101.06999969482422,101.86000061035156,0
2023-05-04,101.4000015258789,101.63999938964844,101.02999877929688,101.19999694824219,0
2023-05-05,101.20999908447266,101.77999877929688,101.12000274658203,101.33999633789062,0
2023-05-08,101.37000274658203,101.41999816894531,101.04000091552734,101.27999877929688,0
2023-05-09,101.63999938964844,101.83999633789062,101.36000061035156,101.4000015258789,0
2023-05-10,101.4800033569336,101.80999755859375,101.22000122070312,101.62000274658203,0
2023-05-11,102.05999755859375,102.1500015258789,101.30000305175781,101.41000366210938,0
2023-05-12,102.68000030517578,102.70999908447266,101.94000244140625,102.0999984741211,0
2023-05-15,102.43000030517578,102.75,102.37999725341797,102.70999908447266,0
2023-05-16,102.55999755859375,102.69000244140625,102.19999694824219,102.43000030517578,0
2023-05-17,102.87999725341797,103.11000061035156,102.54000091552734,102.61000061035156,0
2023-05-18,103.58000183105469,103.62000274658203,102.80000305175781,102.91000366210938,0
2023-05-19,103.19999694824219,103.62000274658203,103.0,103.51000213623047,0
2023-05-22,103.19999694824219,103.37000274658203,102.95999908447266,103.19000244140625,0
2023-05-23,103.48999786376953,103.6500015258789,103.16000366210938,103.2699966430664,0
2023-05-24,103.88999938964844,103.91000366210938,103.3499984741211,103.54000091552734,0
2023-05-25,104.20999908447266,104.30999755859375,103.83999633789062,103.86000061035156,0
2023-05-26,104.20999908447266,104.41999816894531,103.8499984741211,104.2300033569336,0
2023-05-30,104.16999816894531,104.52999877929688,103.87999725341797,104.30000305175781,0
2023-05-31,104.31999969482422,104.69999694824219,104.01000213623047,104.05000305175781,0
2023-06-01,103.55999755859375,104.5,103.5,104.1500015258789,0
2023-06-02,104.0199966430664,104.08999633789062,103.37999725341797,103.55999755859375,0
2023-06-05,104.0,104.4000015258789,103.93000030517578,104.04000091552734,0
2023-06-06,104.12999725341797,104.37000274658203,103.81999969482422,104.01000213623047,0
2023-06-07,104.0999984741211,104.30000305175781,103.66000366210938,104.12000274658203,0
2023-06-08,103.33999633789062,104.06999969482422,103.30000305175781,104.06999969482422,0
2023-06-09,103.55999755859375,103.61000061035156,103.30000305175781,103.30000305175781,0
2023-06-12,103.62999725341797,103.76000213623047,103.23999786376953,103.55000305175781,0
2023-06-13,103.33999633789062,103.62000274658203,103.05000305175781,103.58000183105469,0
2023-06-14,103.01000213623047,103.4000015258789,102.66000366210938,103.31999969482422,0
2023-06-15,102.12000274658203,103.37999725341797,102.08999633789062,102.95999908447266,0
2023-06-16,102.30000305175781,102.43000030517578,102.01000213623047,102.12000274658203,0
2023-06-20,102.54000091552734,102.79000091552734,102.31999969482422,102.4800033569336,0
2023-06-21,102.06999969482422,102.70999908447266,102.0199966430664,102.5,0
2023-06-22,102.38999938964844,102.47000122070312,101.91999816894531,102.02999877929688,0
2023-06-23,102.9000015258789,103.16999816894531,102.37999725341797,102.37999725341797,0
2023-06-26,102.69000244140625,102.83000183105469,102.61000061035156,102.83000183105469,0
2023-06-27,102.48999786376953,102.80000305175781,102.31999969482422,102.73999786376953,0
2023-06-28,102.91000366210938,103.1500015258789,102.47000122070312,102.51000213623047,0
2023-06-29,103.33999633789062,103.44000244140625,102.77999877929688,102.95999908447266,0
2023-06-30,102.91000366210938,103.54000091552734,102.75,103.3499984741211,0
2023-07-03,102.98999786376953,103.2699966430664,102.75,102.91999816894531,0
2023-07-05,103.37000274658203,103.38999938964844,102.95999908447266,103.08000183105469,0
2023-07-06,103.16999816894531,103.56999969482422,102.91999816894531,103.3499984741211,0
2023-07-07,102.2699966430664,103.19000244140625,102.2300033569336,103.08000183105469,0
2023-07-10,101.97000122070312,102.55999755859375,101.94999694824219,102.29000091552734,0
2023-07-11,101.7300033569336,101.97000122070312,101.6500015258789,101.94000244140625,0
2023-07-12,100.5199966430664,101.61000061035156,100.51000213623047,101.58999633789062,0
2023-07-13,99.7699966430664,100.61000061035156,99.73999786376953,100.5199966430664,0
2023-07-14,99.91000366210938,100.0199966430664,99.58000183105469,99.75,0
2023-07-17,99.83999633789062,100.18000030517578,99.75,99.95999908447266,0
2023-07-18,99.94000244140625,100.11000061035156,99.58999633789062,99.88999938964844,0
2023-07-19,100.27999877929688,100.54000091552734,99.93000030517578,99.9800033569336,0
2023-07-20,100.87999725341797,100.97000122070312,100.0199966430664,100.27999877929688,0
2023-07-21,101.06999969482422,101.19000244140625,100.72000122070312,100.77999877929688,0
2023-07-24,101.3499984741211,101.43000030517578,100.88999938964844,101.08999633789062,0
2023-07-25,101.3499984741211,101.6500015258789,101.19000244140625,101.41999816894531,0
2023-07-26,100.88999938964844,101.44000244140625,100.86000061035156,101.31999969482422,0
2023-07-27,101.7699966430664,101.83999633789062,100.55000305175781,101.11000061035156,0
2023-07-28,101.62000274658203,102.04000091552734,101.36000061035156,101.69000244140625,0
2023-07-31,101.86000061035156,101.91000366210938,101.52999877929688,101.69999694824219,0
2023-08-01,102.30000305175781,102.43000030517578,101.8499984741211,101.87000274658203,0
2023-08-02,102.58999633789062,102.77999877929688,101.95999908447266,101.95999908447266,0
2023-08-03,102.54000091552734,102.83999633789062,102.37000274658203,102.58999633789062,0
2023-08-04,102.0199966430664,102.62000274658203,101.73999786376953,102.44999694824219,0
2023-08-07,102.05000305175781,102.37999725341797,101.97000122070312,102.01000213623047,0
2023-08-08,102.52999877929688,102.80000305175781,102.06999969482422,102.06999969482422,0
2023-08-09,102.48999786376953,102.58000183105469,102.29000091552734,102.55000305175781,0
2023-08-10,102.5199966430664,102.6500015258789,101.77999877929688,102.4800033569336,0
2023-08-11,102.83999633789062,102.91000366210938,102.41999816894531,102.62000274658203,0
2023-08-14,103.19000244140625,103.45999908447266,102.7699966430664,102.8499984741211,0
2023-08-15,103.20999908447266,103.2699966430664,102.81999969482422,103.1500015258789,0
2023-08-16,103.41999816894531,103.52999877929688,102.94000244140625,103.20999908447266,0
2023-08-17,103.44000244140625,103.5999984741211,103.05999755859375,103.4800033569336,0
2023-08-18,103.37999725341797,103.68000030517578,103.2300033569336,103.4000015258789,0
2023-08-21,103.33000183105469,103.5,103.13999938964844,103.43000030517578,0
2023-08-22,103.55999755859375,103.72000122070312,103.01000213623047,103.33000183105469,0
2023-08-23,103.36000061035156,103.9800033569336,103.30000305175781,103.58000183105469,0
2023-08-24,103.9800033569336,104.02999877929688,103.2699966430664,103.36000061035156,0
2023-08-25,104.08000183105469,104.44999694824219,103.73999786376953,104.0999984741211,0
2023-08-28,104.05999755859375,104.20999908447266,103.9800033569336,104.19000244140625,0
2023-08-29,103.55000305175781,104.36000061035156,103.37000274658203,103.91999816894531,0
2023-08-30,103.16000366210938,103.69999694824219,102.94000244140625,103.44000244140625,0
2023-08-31,103.62000274658203,103.73999786376953,103.01000213623047,103.0999984741211,0
2023-09-01,104.23999786376953,104.29000091552734,103.2699966430664,103.62000274658203,0
2023-09-05,104.80999755859375,104.91000366210938,104.11000061035156,104.12999725341797,0
2023-09-06,104.86000061035156,105.0199966430664,104.58999633789062,104.75,0
2023-09-07,105.05999755859375,105.16000366210938,104.80000305175781,104.86000061035156,0
2023-09-08,105.08999633789062,105.0999984741211,104.66000366210938,105.05999755859375,0
2023-09-11,104.56999969482422,104.94000244140625,104.41999816894531,104.94000244140625,0
2023-09-12,104.70999908447266,104.91999816894531,104.45999908447266,104.55999755859375,0
2023-09-13,104.7699966430664,104.97000122070312,104.51000213623047,104.58000183105469,0
2023-09-14,105.41000366210938,105.44000244140625,104.55999755859375,104.73999786376953,0
2023-09-15,105.31999969482422,105.41000366210938,105.08000183105469,105.37999725341797,0
2023-09-18,105.19999694824219,105.36000061035156,105.0199966430664,105.30000305175781,0
2023-09-19,105.19999694824219,105.20999908447266,104.81999969482422,105.08000183105469,0
2023-09-20,105.16000366210938,105.44000244140625,104.66999816894531,105.11000061035156,0
2023-09-21,105.36000061035156,105.73999786376953,105.27999877929688,105.44000244140625,0
2023-09-22,105.58000183105469,105.77999877929688,105.31999969482422,105.37999725341797,0
2023-09-25,106.0,106.0999984741211,105.5199966430664,105.56999969482422,0
2023-09-26,106.2300033569336,106.26000213623047,105.86000061035156,105.94000244140625,0
2023-09-27,106.66999816894531,106.83999633789062,106.16999816894531,106.22000122070312,0
2023-09-28,106.22000122070312,106.76000213623047,106.0199966430664,106.68000030517578,0
2023-09-29,106.16999816894531,106.23999786376953,105.66000366210938,106.1500015258789,0
2023-10-02,106.9000015258789,107.02999877929688,106.04000091552734,106.16999816894531,0
2023-10-03,107.0,107.3499984741211,106.91000366210938,107.02999877929688,0
2023-10-04,106.80000305175781,107.23999786376953,106.51000213623047,107.05999755859375,0
2023-10-05,106.33000183105469,106.86000061035156,106.31999969482422,106.7699966430664,0
2023-10-06,106.04000091552734,106.97000122070312,105.94999694824219,106.36000061035156,0
2023-10-09,106.08000183105469,106.5999984741211,106.0199966430664,106.0999984741211,0
2023-10-10,105.83000183105469,106.25,105.66000366210938,106.02999877929688,0
2023-10-11,105.81999969482422,106.01000213623047,105.55999755859375,105.7300033569336,0
2023-10-12,106.56999969482422,106.5999984741211,105.54000091552734,105.66999816894531,0
2023-10-13,106.6500015258789,106.79000091552734,106.29000091552734,106.5199966430664,0
2023-10-16,106.23999786376953,106.62999725341797,106.18000030517578,106.58000183105469,0
2023-10-17,106.25,106.52999877929688,106.0199966430664,106.26000213623047,0
2023-10-18,106.56999969482422,106.63999938964844,106.01000213623047,106.22000122070312,0
2023-10-19,106.25,106.66999816894531,105.9800033569336,106.54000091552734,0
2023-10-20,106.16000366210938,106.41999816894531,106.06999969482422,106.26000213623047,0
2023-10-23,105.54000091552734,106.33000183105469,105.5199966430664,106.16000366210938,0
2023-10-24,106.2699966430664,106.31999969482422,105.36000061035156,105.61000061035156,0
2023-10-25,106.52999877929688,106.56999969482422,106.13999938964844,106.25,0
2023-10-26,106.5999984741211,106.88999938964844,106.52999877929688,106.58000183105469,0
2023-10-27,106.55999755859375,106.80000305175781,106.31999969482422,106.58999633789062,0
2023-10-30,106.12000274658203,106.69999694824219,106.05999755859375,106.58000183105469,0
2023-10-31,106.66000366210938,106.86000061035156,105.91000366210938,106.16000366210938,0
2023-11-01,106.87999725341797,107.11000061035156,106.61000061035156,106.66999816894531,0
2023-11-02,106.12000274658203,106.51000213623047,105.80999755859375,106.5,0
2023-11-03,105.0199966430664,106.22000122070312,104.94000244140625,106.19999694824219,0
2023-11-06,105.22000122070312,105.29000091552734,104.8499984741211,105.06999969482422,0
2023-11-07,105.54000091552734,105.77999877929688,105.2699966430664,105.2699966430664,0
2023-11-08,105.58999633789062,105.87000274658203,105.44999694824219,105.54000091552734,0
2023-11-09,105.91000366210938,105.97000122070312,105.37999725341797,105.52999877929688,0
2023-11-10,105.86000061035156,106.01000213623047,105.73999786376953,105.93000030517578,0
2023-11-13,105.66000366210938,105.95999908447266,105.58999633789062,105.80000305175781,0
2023-11-14,104.11000061035156,105.7300033569336,103.98999786376953,105.6500015258789,0
2023-11-15,104.38999938964844,104.51000213623047,103.9800033569336,104.37999725341797,0
2023-11-16,104.37000274658203,104.55999755859375,104.01000213623047,104.36000061035156,0
2023-11-17,103.81999969482422,104.55000305175781,103.80999755859375,104.4000015258789,0
2023-11-20,103.47000122070312,103.97000122070312,103.37999725341797,103.81999969482422,0
2023-11-21,103.58999633789062,103.70999908447266,103.18000030517578,103.47000122070312,0
2023-11-22,103.91999816894531,104.20999908447266,103.4800033569336,103.55000305175781,0
2023-11-24,103.4000015258789,103.83999633789062,103.36000061035156,103.75,0
2023-11-27,103.19999694824219,103.52999877929688,103.19000244140625,103.41999816894531,0
2023-11-28,102.75,103.31999969482422,102.61000061035156,103.12999725341797,0
2023-11-29,102.7699966430664,103.01000213623047,102.47000122070312,102.6500015258789,0
2023-11-30,103.5,103.58999633789062,102.72000122070312,102.83000183105469,0
2023-12-01,103.2699966430664,103.72000122070312,103.12000274658203,103.36000061035156,0
2023-12-04,103.63999938964844,103.8499984741211,103.05999755859375,103.19000244140625,0
2023-12-05,104.05000305175781,104.08999633789062,103.55000305175781,103.55999755859375,0
2023-12-06,104.1500015258789,104.2300033569336,103.87000274658203,103.98999786376953,0
2023-12-07,103.54000091552734,104.19999694824219,103.2699966430664,104.11000061035156,0
2023-12-08,104.01000213623047,104.26000213623047,103.44000244140625,103.63999938964844,0
2023-12-11,104.0999984741211,104.26000213623047,103.93000030517578,103.9800033569336,0
2023-12-12,103.87000274658203,104.0999984741211,103.48999786376953,104.02999877929688,0
2023-12-13,102.87000274658203,104.02999877929688,102.77999877929688,103.81999969482422,0
2023-12-14,101.95999908447266,102.80000305175781,101.7699966430664,102.77999877929688,0
2023-12-15,102.55000305175781,102.63999938964844,101.83999633789062,102.0999984741211,0
2023-12-18,102.51000213623047,102.62999725341797,102.37999725341797,102.58999633789062,0
2023-12-19,102.16999816894531,102.62999725341797,102.06999969482422,102.47000122070312,0
2023-12-20,102.41000366210938,102.54000091552734,102.16000366210938,102.19000244140625,0
2023-12-21,101.83999633789062,102.44999694824219,101.73999786376953,102.38999938964844,0
2023-12-22,101.69999694824219,101.9000015258789,101.43000030517578,101.76000213623047,0
2023-12-26,101.47000122070312,101.7699966430664,101.44999694824219,101.6500015258789,0
2023-12-27,100.98999786376953,101.56999969482422,100.83000183105469,101.55000305175781,0
2023-12-28,101.2300033569336,101.30000305175781,100.62000274658203,100.87000274658203,0
2023-12-29,101.33000183105469,101.41999816894531,101.06999969482422,101.19999694824219,0
2024-01-02,102.19999694824219,102.25,101.33999633789062,101.41999816894531,0
2024-01-03,102.45999908447266,102.7300033569336,102.08000183105469,102.1500015258789,0
2024-01-04,102.41999816894531,102.52999877929688,102.1500015258789,102.45999908447266,0
2024-01-05,102.41000366210938,103.0999984741211,101.91000366210938,102.4000015258789,0
2024-01-08,102.20999908447266,102.62000274658203,102.08000183105469,102.44000244140625,0
2024-01-09,102.56999969482422,102.66000366210938,102.11000061035156,102.22000122070312,0
2024-01-10,102.36000061035156,102.63999938964844,102.33999633789062,102.4800033569336,0
2024-01-11,102.29000091552734,102.76000213623047,102.16000366210938,102.30000305175781,0
2024-01-12,102.4000015258789,102.58999633789062,102.08999633789062,102.30000305175781,0
2024-01-16,103.36000061035156,103.43000030517578,102.73999786376953,102.73999786376953,0
2024-01-17,103.44999694824219,103.69000244140625,103.26000213623047,103.36000061035156,0
2024-01-18,103.54000091552734,103.62999725341797,103.1500015258789,103.37000274658203,0
2024-01-19,103.29000091552734,103.55000305175781,103.23999786376953,103.37000274658203,0
2024-01-22,103.33000183105469,103.37000274658203,103.11000061035156,103.23999786376953,0
2024-01-23,103.62000274658203,103.81999969482422,102.9800033569336,103.3499984741211,0
2024-01-24,103.23999786376953,103.55000305175781,102.7699966430664,103.51000213623047,0
2024-01-25,103.56999969482422,103.68000030517578,103.12000274658203,103.3499984741211,0
2024-01-26,103.47000122070312,103.7300033569336,103.1500015258789,103.5199966430664,0
2024-01-29,103.61000061035156,103.81999969482422,103.4000015258789,103.47000122070312,0
2024-01-30,103.4000015258789,103.61000061035156,103.30999755859375,103.44000244140625,0
2024-01-31,103.2699966430664,103.73999786376953,102.94000244140625,103.41999816894531,0
2024-02-01,103.05000305175781,103.80999755859375,103.0199966430664,103.51000213623047,0
2024-02-02,103.91999816894531,104.04000091552734,102.9000015258789,102.98999786376953,0
2024-02-05,104.44999694824219,104.5999984741211,103.98999786376953,103.98999786376953,0
2024-02-06,104.18000030517578,104.58999633789062,104.13999938964844,104.44000244140625,0
2024-02-07,104.04000091552734,104.16999816894531,103.94000244140625,104.1500015258789,0
2024-02-08,104.1500015258789,104.43000030517578,103.95999908447266,104.02999877929688,0
2024-02-09,104.08000183105469,104.26000213623047,103.94999694824219,104.13999938964844,0
2024-02-12,104.16999816894531,104.27999877929688,103.9000015258789,104.08000183105469,0
2024-02-13,104.95999908447266,104.95999908447266,103.97000122070312,104.18000030517578,0
2024-02-14,104.72000122070312,104.9800033569336,104.66000366210938,104.83999633789062,0
2024-02-15,104.30000305175781,104.70999908447266,104.18000030517578,104.66000366210938,0
2024-02-16,104.27999877929688,104.66999816894531,104.16999816894531,104.30000305175781,0
2024-02-20,104.08000183105469,104.41000366210938,103.80000305175781,104.31999969482422,0
2024-02-21,104.01000213623047,104.20999908447266,103.94000244140625,104.04000091552734,0
2024-02-22,103.95999908447266,104.12999725341797,103.43000030517578,103.91000366210938,0
2024-02-23,103.94000244140625,104.05000305175781,103.7699966430664,103.94999694824219,0
2024-02-26,103.83000183105469,104.0199966430664,103.70999908447266,103.95999908447266,0
2024-02-27,103.83000183105469,103.91999816894531,103.61000061035156,103.77999877929688,0
2024-02-28,103.9800033569336,104.23999786376953,103.80999755859375,103.83999633789062,0
2024-02-29,104.16000366210938,104.19999694824219,103.66000366210938,103.91999816894531,0
2024-03-01,103.86000061035156,104.29000091552734,103.83999633789062,104.12999725341797,0
2024-03-04,103.83000183105469,103.95999908447266,103.7300033569336,103.88999938964844,0
2024-03-05,103.80000305175781,103.94999694824219,103.58000183105469,103.8499984741211,0
2024-03-06,103.37000274658203,103.88999938964844,103.19999694824219,103.80999755859375,0
2024-03-07,102.81999969482422,103.3499984741211,102.80000305175781,103.30999755859375,0
2024-03-08,102.73999786376953,102.9000015258789,102.36000061035156,102.7300033569336,0
2024-03-11,102.87000274658203,102.93000030517578,102.63999938964844,102.73999786376953,0
2024-03-12,102.95999908447266,103.18000030517578,102.72000122070312,102.81999969482422,0
2024-03-13,102.79000091552734,103.0199966430664,102.66999816894531,102.93000030517578,0
2024-03-14,103.36000061035156,103.4000015258789,102.73999786376953,102.76000213623047,0
2024-03-15,103.43000030517578,103.48999786376953,103.30000305175781,103.38999938964844,0
2024-03-18,103.58000183105469,103.6500015258789,103.33999633789062,103.44999694824219,0
2024-03-19,103.80999755859375,104.05999755859375,103.58000183105469,103.58999633789062,0
2024-03-20,103.41000366210938,104.1500015258789,103.37999725341797,103.83999633789062,0
2024-03-21,104.0,104.05000305175781,103.16999816894531,103.23999786376953,0
2024-03-22,104.43000030517578,104.5,103.91999816894531,103.98999786376953,0
2024-03-25,104.2300033569336,104.4800033569336,104.13999938964844,104.43000030517578,0
2024-03-26,104.29000091552734,104.33999633789062,104.01000213623047,104.22000122070312,0
2024-03-27,104.3499984741211,104.45999908447266,104.22000122070312,104.30000305175781,0
2024-03-28,104.55000305175781,104.7300033569336,104.30999755859375,104.44000244140625,0
2024-04-01,105.0199966430664,105.08000183105469,104.41999816894531,104.48999786376953,0
2024-04-02,104.81999969482422,105.0999984741211,104.68000030517578,105.0,0
2024-04-03,104.25,104.83999633789062,104.2300033569336,104.7699966430664,0
2024-04-04,104.12000274658203,104.26000213623047,103.91999816894531,104.2300033569336,0
2024-04-05,104.30000305175781,104.69000244140625,104.13999938964844,104.20999908447266,0
2024-04-08,104.13999938964844,104.44000244140625,104.0999984741211,104.29000091552734,0
2024-04-09,104.1500015258789,104.19999694824219,103.87999725341797,104.12000274658203,0
2024-04-10,105.25,105.30000305175781,104.0199966430664,104.0999984741211,0
2024-04-11,105.27999877929688,105.52999877929688,105.02999877929688,105.18000030517578,0
2024-04-12,106.04000091552734,106.11000061035156,105.23999786376953,105.27999877929688,0
2024-04-15,106.20999908447266,106.25,105.83999633789062,106.01000213623047,0
2024-04-16,106.26000213623047,106.5199966430664,106.06999969482422,106.16999816894531,0
2024-04-17,105.94999694824219,106.44000244140625,105.87000274658203,106.33000183105469,0
2024-04-18,106.1500015258789,106.18000030517578,105.73999786376953,105.93000030517578,0
2024-04-19,106.1500015258789,106.3499984741211,105.8499984741211,106.19000244140625,0
2024-04-22,106.08000183105469,106.4000015258789,105.9800033569336,106.12000274658203,0
2024-04-23,105.69000244140625,106.23999786376953,105.61000061035156,106.12000274658203,0
2024-04-24,105.86000061035156,105.94999694824219,105.58999633789062,105.69000244140625,0
2024-04-25,105.5999984741211,106.0,105.51000213623047,105.81999969482422,0
2024-04-26,105.94000244140625,106.19000244140625,105.41000366210938,105.58000183105469,0
2024-04-29,105.58000183105469,106.08000183105469,105.45999908447266,106.08000183105469,0
2024-04-30,106.22000122070312,106.3499984741211,105.66999816894531,105.66999816894531,0
2024-05-01,105.76000213623047,106.48999786376953,105.44000244140625,106.31999969482422,0
2024-05-02,105.30000305175781,105.9000015258789,105.30000305175781,105.7300033569336,0
2024-05-03,105.02999877929688,105.37000274658203,104.5199966430664,105.30999755859375,0
2024-05-06,105.05000305175781,105.19999694824219,104.87000274658203,105.08000183105469,0
2024-05-07,105.41000366210938,105.44999694824219,105.02999877929688,105.13999938964844,0
2024-05-08,105.55000305175781,105.63999938964844,105.38999938964844,105.41999816894531,0
2024-05-09,105.2300033569336,105.73999786376953,105.20999908447266,105.5199966430664,0
2024-05-10,105.30999755859375,105.4000015258789,105.13999938964844,105.20999908447266,0
2024-05-13,105.22000122070312,105.37000274658203,105.05999755859375,105.30999755859375,0
2024-05-14,105.01000213623047,105.45999908447266,104.95999908447266,105.19999694824219,0
2024-05-15,104.3499984741211,105.05999755859375,104.29000091552734,105.05000305175781,0
2024-05-16,104.45999908447266,104.62999725341797,104.08000183105469,104.20999908447266,0
2024-05-17,104.44999694824219,104.80000305175781,104.38999938964844,104.5,0
2024-05-20,104.56999969482422,104.6500015258789,104.38999938964844,104.5,0
2024-05-21,104.66000366210938,104.7699966430664,104.4800033569336,104.5999984741211,0
2024-05-22,104.94000244140625,104.97000122070312,104.55999755859375,104.62000274658203,0
2024-05-23,105.11000061035156,105.11000061035156,104.62999725341797,104.9000015258789,0
2024-05-24,104.72000122070312,105.12000274658203,104.63999938964844,105.04000091552734,0
2024-05-28,104.61000061035156,104.63999938964844,104.33999633789062,104.58000183105469,0
2024-05-29,105.0999984741211,105.13999938964844,104.58999633789062,104.63999938964844,0
2024-05-30,104.72000122070312,105.18000030517578,104.62999725341797,105.12999725341797,0
2024-05-31,104.66999816894531,104.9000015258789,104.36000061035156,104.76000213623047,0
2024-06-03,104.13999938964844,104.7699966430664,104.05999755859375,104.62999725341797,0
2024-06-04,104.11000061035156,104.33000183105469,103.98999786376953,104.05000305175781,0
2024-06-05,104.2699966430664,104.45999908447266,104.12999725341797,104.16999816894531,0
2024-06-06,104.0999984741211,104.37000274658203,104.05000305175781,104.25,0
2024-06-07,104.88999938964844,104.94999694824219,104.0,104.08999633789062,0
2024-06-10,105.1500015258789,105.38999938964844,105.04000091552734,105.04000091552734,0
2024-06-11,105.2300033569336,105.45999908447266,105.0999984741211,105.1500015258789,0
2024-06-12,104.6500015258789,105.31999969482422,104.26000213623047,105.27999877929688,0
2024-06-13,105.19999694824219,105.27999877929688,104.63999938964844,104.69000244140625,0
2024-06-14,105.55000305175781,105.80999755859375,105.18000030517578,105.2300033569336,0
2024-06-17,105.31999969482422,105.6500015258789,105.30999755859375,105.51000213623047,0
2024-06-18,105.26000213623047,105.55999755859375,105.12999725341797,105.30000305175781,0
2024-06-20,105.58999633789062,105.66999816894531,105.19999694824219,105.19999694824219,0
2024-06-21,105.80000305175781,105.91999816894531,105.54000091552734,105.63999938964844,0
2024-06-24,105.47000122070312,105.9000015258789,105.37000274658203,105.83000183105469,0
2024-06-25,105.61000061035156,105.77999877929688,105.37000274658203,105.51000213623047,0
2024-06-26,106.05000305175781,106.12999725341797,105.61000061035156,105.66000366210938,0
2024-06-27,105.91000366210938,106.08000183105469,105.70999908447266,106.06999969482422,0
2024-06-28,105.87000274658203,106.12999725341797,105.75,105.91999816894531,0
2024-07-01,105.9000015258789,105.9800033569336,105.43000030517578,105.8499984741211,0
2024-07-02,105.72000122070312,106.05000305175781,105.68000030517578,105.8499984741211,0
2024-07-03,105.4000015258789,105.80000305175781,105.05000305175781,105.66999816894531,0
2024-07-05,104.87999725341797,105.16999816894531,104.83000183105469,105.16999816894531,0
2024-07-08,105.01000213623047,105.02999877929688,104.80000305175781,104.87999725341797,0
2024-07-09,105.12000274658203,105.20999908447266,104.95999908447266,104.98999786376953,0
2024-07-10,105.05000305175781,105.16999816894531,104.9800033569336,105.12000274658203,0
2024-07-11,104.44000244140625,105.0,104.08000183105469,104.98999786376953,0
2024-07-12,104.08999633789062,104.55000305175781,104.04000091552734,104.5199966430664,0
2024-07-15,104.19000244140625,104.31999969482422,104.02999877929688,104.08000183105469,0
2024-07-16,104.2699966430664,104.51000213623047,104.19999694824219,104.25,0
2024-07-17,103.75,104.29000091552734,103.6500015258789,104.22000122070312,0
2024-07-18,104.16999816894531,104.2300033569336,103.6500015258789,103.69999694824219,0
2024-07-19,104.4000015258789,104.41999816894531,104.12999725341797,104.16000366210938,0
2024-07-22,104.30999755859375,104.41999816894531,104.18000030517578,104.37000274658203,0
2024-07-23,104.44999694824219,104.54000091552734,104.19999694824219,104.30999755859375,0
2024-07-24,104.38999938964844,104.55999755859375,104.12000274658203,104.4800033569336,0
2024-07-25,104.36000061035156,104.45999908447266,104.08000183105469,104.37999725341797,0
2024-07-26,104.31999969482422,104.44999694824219,104.20999908447266,104.36000061035156,0
2024-07-29,104.55999755859375,104.75,104.13999938964844,104.33000183105469,0
2024-07-30,104.55000305175781,104.80000305175781,104.45999908447266,104.55999755859375,0
2024-07-31,104.0999984741211,104.52999877929688,103.93000030517578,104.43000030517578,0
2024-08-01,104.41999816894531,104.44999694824219,103.86000061035156,104.06999969482422,0
2024-08-02,103.20999908447266,104.43000030517578,103.12999725341797,104.30999755859375,0
2024-08-05,102.69000244140625,103.27999877929688,102.16000366210938,103.22000122070312,0
2024-08-06,102.97000122070312,103.2300033569336,102.69999694824219,102.77999877929688,0
2024-08-07,103.19999694824219,103.37000274658203,102.91999816894531,102.94999694824219,0
2024-08-08,103.20999908447266,103.55000305175781,102.91999816894531,103.08999633789062,0
2024-08-09,103.13999938964844,103.30000305175781,103.02999877929688,103.2699966430664,0
2024-08-12,103.13999938964844,103.30999755859375,103.08999633789062,103.1500015258789,0
2024-08-13,102.55999755859375,103.2699966430664,102.55000305175781,103.08999633789062,0
2024-08-14,102.56999969482422,102.72000122070312,102.2699966430664,102.61000061035156,0
2024-08-15,102.9800033569336,103.2300033569336,102.54000091552734,102.62999725341797,0
2024-08-16,102.45999908447266,103.05000305175781,102.38999938964844,103.04000091552734,0
2024-08-19,101.88999938964844,102.4800033569336,101.8499984741211,102.4000015258789,0
2024-08-20,101.44000244140625,102.01000213623047,101.36000061035156,101.87999725341797,0
2024-08-21,101.04000091552734,101.62999725341797,100.91999816894531,101.3499984741211,0
2024-08-22,101.51000213623047,101.62999725341797,101.08999633789062,101.12999725341797,0
2024-08-23,100.72000122070312,101.55000305175781,100.5999984741211,101.45999908447266,0
2024-08-26,100.8499984741211,100.91999816894531,100.52999877929688,100.68000030517578,0
2024-08-27,100.55000305175781,100.93000030517578,100.51000213623047,100.81999969482422,0
2024-08-28,101.08999633789062,101.18000030517578,100.56999969482422,100.56999969482422,0
2024-08-29,101.33999633789062,101.58000183105469,100.88999938964844,101.0,0
2024-08-30,101.69999694824219,101.77999877929688,101.25,101.37999725341797,0
2024-09-03,101.83000183105469,101.91999816894531,101.55999755859375,101.66000366210938,0
2024-09-04,101.36000061035156,101.77999877929688,101.23999786376953,101.69000244140625,0
2024-09-05,101.11000061035156,101.37000274658203,100.95999908447266,101.27999877929688,0
2024-09-06,101.18000030517578,101.4000015258789,100.58000183105469,101.05999755859375,0
2024-09-09,101.55000305175781,101.69999694824219,101.13999938964844,101.19000244140625,0
2024-09-10,101.62999725341797,101.7699966430664,101.54000091552734,101.63999938964844,0
2024-09-11,101.68000030517578,101.81999969482422,101.2699966430664,101.66000366210938,0
2024-09-12,101.37000274658203,101.83999633789062,101.2300033569336,101.77999877929688,0
2024-09-13,101.11000061035156,101.19999694824219,100.87999725341797,101.19999694824219,0
2024-09-16,100.76000213623047,101.0999984741211,100.58999633789062,101.04000091552734,0
2024-09-17,100.88999938964844,101.02999877929688,100.56999969482422,100.76000213623047,0
2024-09-18,100.5999984741211,101.1500015258789,100.22000122070312,100.94000244140625,0
2024-09-19,100.61000061035156,101.47000122070312,100.5199966430664,101.01000213623047,0
2024-09-20,100.72000122070312,101.0199966430664,100.41000366210938,100.69000244140625,0
2024-09-23,100.91999816894531,101.2300033569336,100.72000122070312,100.73999786376953,0
2024-09-24,100.37000274658203,101.05000305175781,100.33999633789062,100.97000122070312,0
2024-09-25,100.91999816894531,100.98999786376953,100.22000122070312,100.27999877929688,0
2024-09-26,100.55999755859375,100.97000122070312,100.4800033569336,100.93000030517578,0
2024-09-27,100.41999816894531,100.87999725341797,100.16000366210938,100.58999633789062,0
2024-09-30,100.77999877929688,100.91999816894531,100.18000030517578,100.41999816894531,0
2024-10-01,101.19000244140625,101.38999938964844,100.69999694824219,100.73999786376953,0
2024-10-02,101.68000030517578,101.69000244140625,101.16000366210938,101.23999786376953,0
2024-10-03,101.98999786376953,102.0999984741211,101.62999725341797,101.63999938964844,0
2024-10-04,102.5199966430664,102.69000244140625,101.80999755859375,101.91000366210938,0
2024-10-07,102.54000091552734,102.62000274658203,102.37000274658203,102.48999786376953,0
2024-10-08,102.55000305175781,102.63999938964844,102.29000091552734,102.45999908447266,0
2024-10-09,102.93000030517578,102.94000244140625,102.45999908447266,102.48999786376953,0
2024-10-10,102.98999786376953,103.18000030517578,102.72000122070312,102.87999725341797,0
2024-10-11,102.88999938964844,102.98999786376953,102.7699966430664,102.87999725341797,0
2024-10-14,103.30000305175781,103.36000061035156,102.93000030517578,102.93000030517578,0
2024-10-15,103.26000213623047,103.3499984741211,103.02999877929688,103.20999908447266,0
2024-10-16,103.58999633789062,103.61000061035156,103.16999816894531,103.26000213623047,0
2024-10-17,103.83000183105469,103.87000274658203,103.44000244140625,103.55999755859375,0
2024-10-18,103.48999786376953,103.80999755859375,103.45999908447266,103.80999755859375,0
2024-10-21,104.01000213623047,104.0199966430664,103.41999816894531,103.45999908447266,0
2024-10-22,104.08000183105469,104.12999725341797,103.81999969482422,103.97000122070312,0
2024-10-23,104.43000030517578,104.56999969482422,104.08999633789062,104.08999633789062,0
2024-10-24,104.05999755859375,104.45999908447266,104.01000213623047,104.43000030517578,0
2024-10-25,104.26000213623047,104.33999633789062,103.94000244140625,104.05000305175781,0
2024-10-28,104.31999969482422,104.56999969482422,104.12000274658203,104.31999969482422,0
2024-10-29,104.27999877929688,104.63999938964844,104.20999908447266,104.30999755859375,0
2024-10-30,103.98999786376953,104.44000244140625,103.9800033569336,104.25,0
2024-10-31,103.9800033569336,104.22000122070312,103.81999969482422,104.08999633789062,0
2024-11-01,104.27999877929688,104.3499984741211,103.68000030517578,103.86000061035156,0
2024-11-04,103.88999938964844,103.97000122070312,103.58000183105469,103.97000122070312,0
2024-11-05,103.41999816894531,103.95999908447266,103.37000274658203,103.91000366210938,0
2024-11-06,105.08999633789062,105.44000244140625,104.04000091552734,104.04000091552734,0
2024-11-07,104.51000213623047,105.25,104.19000244140625,105.16000366210938,0
2024-11-08,105.0,105.20999908447266,104.33999633789062,104.44999694824219,0
2024-11-11,105.54000091552734,105.70999908447266,104.93000030517578,104.94999694824219,0
2024-11-12,106.0199966430664,106.18000030517578,105.48999786376953,105.48999786376953,0
2024-11-13,106.4800033569336,106.54000091552734,105.72000122070312,106.0199966430664,0
2024-11-14,106.66999816894531,107.05999755859375,106.37999725341797,106.5,0
2024-11-15,106.69000244140625,106.95999908447266,106.33000183105469,106.9000015258789,0
2024-11-18,106.27999877929688,106.80999755859375,106.12999725341797,106.66999816894531,0
2024-11-19,106.20999908447266,106.62999725341797,106.11000061035156,106.26000213623047,0
2024-11-20,106.68000030517578,106.91999816894531,106.11000061035156,106.12000274658203,0
2024-11-21,106.97000122070312,107.16000366210938,106.45999908447266,106.58999633789062,0
2024-11-22,107.48999786376953,108.06999969482422,106.91999816894531,107.05999755859375,0
2024-11-25,106.81999969482422,107.25,106.58000183105469,107.25,0
2024-11-26,107.01000213623047,107.5,106.48999786376953,107.48999786376953,0
2024-11-27,106.08000183105469,106.91999816894531,105.86000061035156,106.81999969482422,0
2024-11-29,105.73999786376953,106.12999725341797,105.62000274658203,105.94999694824219,0
2024-12-02,106.44999694824219,106.7300033569336,105.81999969482422,105.81999969482422,0
2024-12-03,106.37000274658203,106.5999984741211,106.08999633789062,106.4800033569336,0
2024-12-04,106.33999633789062,106.72000122070312,106.08999633789062,106.43000030517578,0
2024-12-05,105.70999908447266,106.37000274658203,105.69999694824219,106.33999633789062,0
2024-12-06,105.97000122070312,106.16000366210938,105.41999816894531,105.79000091552734,0
2024-12-09,106.1500015258789,106.20999908447266,105.80000305175781,105.97000122070312,0
2024-12-10,106.4000015258789,106.63999938964844,106.04000091552734,106.18000030517578,0
2024-12-11,106.70999908447266,106.80999755859375,106.2699966430664,106.37000274658203,0
2024-12-12,106.95999908447266,107.04000091552734,106.3499984741211,106.56999969482422,0
2024-12-13,107.0,107.19000244140625,106.72000122070312,106.97000122070312,0
2024-12-16,106.86000061035156,107.16999816894531,106.75,106.94999694824219,0
2024-12-17,106.95999908447266,107.08000183105469,106.69999694824219,106.81999969482422,0
2024-12-18,108.02999877929688,108.2699966430664,106.81999969482422,106.93000030517578,0
2024-12-19,108.41000366210938,108.48999786376953,107.81999969482422,108.0999984741211,0
2024-12-20,107.62000274658203,108.54000091552734,107.58999633789062,108.4800033569336,0
2024-12-23,108.04000091552734,108.27999877929688,107.68000030517578,107.81999969482422,0
2024-12-24,108.26000213623047,108.30000305175781,107.91999816894531,108.16000366210938,0
2024-12-26,108.12999725341797,108.30000305175781,108.02999877929688,108.16999816894531,0
2024-12-27,108.0,108.19999694824219,107.87000274658203,108.08000183105469,0
2024-12-30,108.12999725341797,108.37999725341797,107.73999786376953,108.01000213623047,0
2024-12-31,108.48999786376953,108.58000183105469,107.87000274658203,108.08999633789062,0
2025-01-02,109.38999938964844,109.52999877929688,108.2699966430664,108.52999877929688,0
2025-01-03,108.94999694824219,109.22000122070312,108.9000015258789,109.19999694824219,0
2025-01-06,108.26000213623047,109.06999969482422,107.75,108.91999816894531,0
2025-01-07,108.54000091552734,108.69999694824219,107.8499984741211,108.33999633789062,0
2025-01-08,109.08999633789062,109.37999725341797,108.55000305175781,108.62000274658203,0
2025-01-09,109.18000030517578,109.37999725341797,108.94000244140625,109.08999633789062,0
2025-01-10,109.6500015258789,109.97000122070312,109.08000183105469,109.2300033569336,0
2025-01-13,109.95999908447266,110.18000030517578,109.41000366210938,109.63999938964844,0
2025-01-14,109.2699966430664,109.76000213623047,109.18000030517578,109.56999969482422,0
2025-01-15,109.08999633789062,109.37999725341797,108.5999984741211,109.2300033569336,0
2025-01-16,108.95999908447266,109.37999725341797,108.83000183105469,109.06999969482422,0
2025-01-17,109.3499984741211,109.41999816894531,108.83000183105469,108.93000030517578,0
2025-01-21,108.05999755859375,108.79000091552734,107.91999816894531,107.9800033569336,0
2025-01-22,108.16999816894531,108.2699966430664,107.75,107.98999786376953,0
2025-01-23,108.05000305175781,108.51000213623047,107.91999816894531,108.25,0
2025-01-24,107.44000244140625,108.19000244140625,107.22000122070312,108.08999633789062,0
2025-01-27,107.33999633789062,107.80999755859375,106.97000122070312,107.47000122070312,0
2025-01-28,107.87000274658203,108.05000305175781,107.69000244140625,107.70999908447266,0
2025-01-29,108.0,108.30000305175781,107.75,107.88999938964844,0
2025-01-30,107.80000305175781,108.23999786376953,107.5,107.86000061035156,0
2025-01-31,108.37000274658203,108.56999969482422,107.79000091552734,108.16000366210938,0
2025-02-03,108.98999786376953,109.87999725341797,108.33999633789062,108.5,0
2025-02-04,107.95999908447266,109.04000091552734,107.91999816894531,108.68000030517578,0
2025-02-05,107.58000183105469,108.01000213623047,107.30000305175781,108.01000213623047,0
2025-02-06,107.69000244140625,108.0999984741211,107.54000091552734,107.62000274658203,0
2025-02-07,108.04000091552734,108.31999969482422,107.5199966430664,107.69999694824219,0
2025-02-10,108.31999969482422,108.44000244140625,108.08999633789062,108.0999984741211,0
2025-02-11,107.95999908447266,108.45999908447266,107.77999877929688,108.33999633789062,0
2025-02-12,107.94000244140625,108.5199966430664,107.62999725341797,108.01000213623047,0
2025-02-13,107.30999755859375,108.0,107.02999877929688,107.91999816894531,0
2025-02-14,106.56999969482422,107.18000030517578,106.56999969482422,107.12000274658203,0
2025-02-18,107.05000305175781,107.12000274658203,106.80999755859375,106.81999969482422,0
2025-02-19,107.16999816894531,107.37999725341797,106.87999725341797,107.02999877929688,0
2025-02-20,106.33999633789062,107.1500015258789,106.33999633789062,107.12000274658203,0
2025-02-21,106.61000061035156,106.75,106.37999725341797,106.45999908447266,0
2025-02-24,106.5999984741211,106.75,106.12999725341797,106.63999938964844,0
2025-02-25,106.30999755859375,106.79000091552734,106.19000244140625,106.7699966430664,0
2025-02-26,106.41999816894531,106.6500015258789,106.16000366210938,106.16999816894531,0
2025-02-27,107.23999786376953,107.30999755859375,106.5199966430664,106.52999877929688,0
2025-02-28,107.61000061035156,107.66000366210938,107.18000030517578,107.25,0
2025-03-03,106.75,107.55999755859375,106.47000122070312,107.55999755859375,0
2025-03-04,105.73999786376953,106.6500015258789,105.52999877929688,106.55999755859375,0
2025-03-05,105.73999786376953,105.7699966430664,104.26000213623047,105.62000274658203,0
2025-03-06,104.05999755859375,104.38999938964844,103.76000213623047,104.31999969482422,0
2025-03-07,103.83999633789062,104.23999786376953,103.45999908447266,104.11000061035156,0
2025-03-10,103.91000366210938,104.05999755859375,103.55999755859375,103.91000366210938,0
2025-03-11,103.44000244140625,103.91999816894531,103.22000122070312,103.83999633789062,0
2025-03-12,103.61000061035156,103.77999877929688,103.3499984741211,103.41999816894531,0
2025-03-13,103.83000183105469,104.08000183105469,103.51000213623047,103.61000061035156,0
2025-03-14,103.72000122070312,104.08999633789062,103.56999969482422,103.83999633789062,0
2025-03-17,103.37000274658203,103.80999755859375,103.30000305175781,103.73999786376953,0
2025-03-18,103.23999786376953,103.68000030517578,103.19999694824219,103.44000244140625,0
2025-03-19,103.43000030517578,103.91000366210938,103.25,103.2699966430664,0
2025-03-20,103.8499984741211,104.12999725341797,103.31999969482422,103.43000030517578,0
2025-03-21,104.08999633789062,104.22000122070312,103.76000213623047,103.77999877929688,0
2025-03-24,104.26000213623047,104.44000244140625,103.83999633789062,104.1500015258789,0
2025-03-25,104.18000030517578,104.47000122070312,103.94000244140625,104.33000183105469,0
2025-03-26,104.55000305175781,104.68000030517578,104.18000030517578,104.25,0
2025-03-27,104.06999969482422,104.6500015258789,104.06999969482422,104.6500015258789,0
2025-03-28,104.04000091552734,104.5,103.9000015258789,104.27999877929688,0
2025-03-31,104.20999908447266,104.38999938964844,103.75,104.01000213623047,0
2025-04-01,104.26000213623047,104.37000274658203,104.0199966430664,104.18000030517578,0
2025-04-02,103.80999755859375,104.30999755859375,103.37000274658203,104.19999694824219,0
2025-04-03,102.06999969482422,103.37999725341797,101.2699966430664,103.1500015258789,0
2025-04-04,103.0199966430664,103.18000030517578,101.54000091552734,101.98999786376953,0
2025-04-07,103.26000213623047,103.54000091552734,102.18000030517578,103.06999969482422,0
2025-04-08,102.95999908447266,103.44000244140625,102.75,103.43000030517578,0
2025-04-09,102.9000015258789,103.33000183105469,101.83999633789062,102.75,0
2025-04-10,100.87000274658203,103.02999877929688,100.69999694824219,102.98999786376953,0
2025-04-11,99.77999877929688,100.77999877929688,99.01000213623047,100.77999877929688,0
2025-04-14,99.63999938964844,100.16000366210938,99.20999908447266,100.0199966430664,0
2025-04-15,100.22000122070312,100.27999877929688,99.4800033569336,99.80999755859375,0
2025-04-16,99.37999725341797,100.0999984741211,99.16999816894531,100.05999755859375,0
2025-04-17,99.37999725341797,99.75,99.22000122070312,99.2300033569336,0
2025-04-21,98.27999877929688,99.20999908447266,97.91999816894531,99.08000183105469,0
2025-04-22,98.91999816894531,99.3499984741211,98.01000213623047,98.30000305175781,0
2025-04-23,99.83999633789062,99.94000244140625,98.86000061035156,99.4800033569336,0
2025-04-24,99.29000091552734,99.83999633789062,99.22000122070312,99.75,0
2025-04-25,99.47000122070312,99.88999938964844,99.4000015258789,99.41000366210938,0
2025-04-28,99.01000213623047,99.83999633789062,98.9000015258789,99.61000061035156,0
2025-04-29,99.23999786376953,99.37000274658203,98.94999694824219,99.04000091552734,0
2025-04-30,99.47000122070312,99.70999908447266,99.13999938964844,99.16999816894531,0
2025-05-01,100.25,100.37999725341797,99.61000061035156,99.6500015258789,0
2025-05-02,100.0,100.33000183105469,99.4000015258789,100.18000030517578,0
2025-05-05,99.83000183105469,100.05000305175781,99.45999908447266,100.0,0
2025-05-06,99.23999786376953,100.0999984741211,99.16999816894531,99.83000183105469,0
2025-05-07,99.61000061035156,99.97000122070312,99.29000091552734,99.5,0
2025-05-08,100.63999938964844,100.76000213623047,99.61000061035156,99.8499984741211,0
2025-05-09,100.33999633789062,100.86000061035156,100.08999633789062,100.63999938964844,0
2025-05-12,101.79000091552734,101.9800033569336,100.51000213623047,100.69000244140625,0
2025-05-13,101.0,101.76000213623047,100.91000366210938,101.7300033569336,0
2025-05-14,101.04000091552734,101.13999938964844,100.2699966430664,100.94999694824219,0
2025-05-15,100.87999725341797,101.05999755859375,100.58999633789062,100.97000122070312,0
2025-05-16,101.08999633789062,101.26000213623047,100.5199966430664,100.7699966430664,0
2025-05-19,100.43000030517578,100.91000366210938,100.05999755859375,100.91000366210938,0
2025-05-20,100.12000274658203,100.58000183105469,100.01000213623047,100.43000030517578,0
2025-05-21,99.55999755859375,99.98999786376953,99.33999633789062,99.98999786376953,0
2025-05-22,99.95999908447266,100.12000274658203,99.44000244140625,99.63999938964844,0
2025-05-23,99.11000061035156,99.94000244140625,99.05000305175781,99.87999725341797,0
2025-05-26,98.93000030517578,99.16000366210938,98.69000244140625,99.08999633789062,0
2025-05-27,99.5199966430664,99.62000274658203,98.77999877929688,98.95999908447266,0
2025-05-28,99.87999725341797,99.95999908447266,99.44000244140625,99.52999877929688,0
2025-05-29,99.27999877929688,100.54000091552734,99.22000122070312,100.54000091552734,0
2025-05-30,99.33000183105469,99.66999816894531,99.12999725341797,99.25,0
2025-06-02,98.69999694824219,99.41999816894531,98.61000061035156,99.41000366210938,0
2025-06-03,99.25,99.33000183105469,98.58000183105469,98.58999633789062,0
2025-06-04,98.79000091552734,99.38999938964844,98.66999816894531,99.18000030517578,0
2025-06-05,98.73999786376953,98.94000244140625,98.3499984741211,98.80000305175781,0
2025-06-06,99.19000244140625,99.36000061035156,98.66000366210938,98.69999694824219,0
2025-06-09,98.94000244140625,99.2300033569336,98.81999969482422,99.19999694824219,0
2025-06-10,99.05000305175781,99.38999938964844,98.86000061035156,98.9800033569336,0
2025-06-11,98.62999725341797,99.22000122070312,98.52999877929688,98.95999908447266,0
2025-06-12,97.91999816894531,98.5199966430664,97.5999984741211,98.45999908447266,0
2025-06-13,98.18000030517578,98.58999633789062,97.62000274658203,97.80999755859375,0
2025-06-16,98.0,98.37000274658203,97.69000244140625,98.26000213623047,0
2025-06-17,98.81999969482422,98.87000274658203,98.0199966430664,98.19000244140625,0
2025-06-18,98.91000366210938,99.01000213623047,98.4800033569336,98.87000274658203,0
2025-06-20,98.70999908447266,98.88999938964844,98.54000091552734,98.66999816894531,0
2025-06-23,98.41999816894531,99.41999816894531,98.3499984741211,99.08999633789062,0
2025-06-24,97.86000061035156,98.27999877929688,97.70999908447266,98.16000366210938,0
2025-06-25,97.68000030517578,98.19999694824219,97.6500015258789,97.94000244140625,0
2025-06-26,97.1500015258789,97.61000061035156,97.0,97.55000305175781,0
2025-06-27,97.4000015258789,97.5,97.0,97.33000183105469,0
2025-06-30,96.87999725341797,97.31999969482422,96.7699966430664,97.19000244140625,0
2025-07-01,96.81999969482422,96.94999694824219,96.37999725341797,96.77999877929688,0
2025-07-02,96.77999877929688,97.1500015258789,96.62000274658203,96.63999938964844,0
2025-07-03,97.18000030517578,97.41999816894531,96.69000244140625,96.75,0
2025-07-07,97.4800033569336,97.66999816894531,96.88999938964844,96.95999908447266,0
2025-07-08,97.51000213623047,97.83999633789062,97.18000030517578,97.36000061035156,0
2025-07-09,97.47000122070312,97.75,97.45999908447266,97.55000305175781,0
2025-07-10,97.6500015258789,97.91999816894531,97.2699966430664,97.44000244140625,0
2025-07-11,97.8499984741211,97.95999908447266,97.55999755859375,97.56999969482422,0
2025-07-14,98.08000183105469,98.13999938964844,97.7699966430664,97.95999908447266,0
2025-07-15,98.62000274658203,98.69999694824219,97.93000030517578,98.13999938964844,0
2025-07-16,98.38999938964844,98.91000366210938,97.70999908447266,98.58000183105469,0
2025-07-17,98.7300033569336,98.94999694824219,98.33999633789062,98.3499984741211,0
2025-07-18,98.4800033569336,98.58000183105469,98.0999984741211,98.48999786376953,0
2025-07-21,97.8499984741211,98.51000213623047,97.69999694824219,98.36000061035156,0
2025-07-22,97.38999938964844,97.98999786376953,97.30999755859375,97.87000274658203,0
2025-07-23,97.20999908447266,97.61000061035156,97.19000244140625,97.47000122070312,0
2025-07-24,97.37999725341797,97.55000305175781,97.11000061035156,97.18000030517578,0
2025-07-25,97.6500015258789,97.91000366210938,97.43000030517578,97.44999694824219,0
2025-07-28,98.66000366210938,98.69000244140625,97.48999786376953,97.58000183105469,0
2025-07-29,98.91000366210938,99.13999938964844,98.58000183105469,98.63999938964844,0
2025-07-30,99.94000244140625,99.9800033569336,98.69999694824219,98.91999816894531,0
2025-07-31,100.02999877929688,100.0999984741211,99.5199966430664,99.80000305175781,0
2025-08-01,98.69000244140625,100.26000213623047,98.61000061035156,100.01000213623047,0
2025-08-04,98.77999877929688,98.9800033569336,98.58999633789062,98.6500015258789,0
2025-08-05,98.77999877929688,99.06999969482422,98.58999633789062,98.62000274658203,0
2025-08-06,98.18000030517578,98.83999633789062,98.12999725341797,98.75,0
2025-08-07,98.4000015258789,98.47000122070312,97.94999694824219,98.19000244140625,0
2025-08-08,98.18000030517578,98.3499984741211,97.95999908447266,97.9800033569336,0
2025-08-11,98.5199966430664,99.31999969482422,98.02999877929688,98.23999786376953,0
2025-08-12,98.0999984741211,98.62000274658203,97.9000015258789,98.51000213623047,0
2025-08-13,97.83999633789062,98.12999725341797,97.62999725341797,98.04000091552734,0
2025-08-14,98.25,98.31999969482422,97.62999725341797,97.75,0
2025-08-15,97.8499984741211,98.20999908447266,97.7300033569336,98.18000030517578,0
2025-08-18,98.16999816894531,98.19000244140625,97.77999877929688,97.79000091552734,0
2025-08-19,98.2699966430664,98.31999969482422,97.94000244140625,98.1500015258789,0
2025-08-20,98.22000122070312,98.44000244140625,98.08000183105469,98.29000091552734,0
2025-08-21,98.62000274658203,98.68000030517578,98.18000030517578,98.25,0
2025-08-22,97.72000122070312,98.83000183105469,97.55999755859375,98.5999984741211,0
2025-08-25,98.43000030517578,98.54000091552734,97.70999908447266,97.7300033569336,0
2025-08-26,98.2300033569336,98.55999755859375,98.08999633789062,98.47000122070312,0
2025-08-27,98.2300033569336,98.7300033569336,98.16000366210938,98.25,0
2025-08-28,97.80999755859375,98.2300033569336,97.73999786376953,98.12000274658203,0
2025-08-29,97.7699966430664,98.12999725341797,97.69000244140625,97.87000274658203,0
2025-09-02,98.4000015258789,98.5999984741211,97.62000274658203,97.6500015258789,0
2025-09-03,98.13999938964844,98.63999938964844,98.01000213623047,98.4000015258789,0
2025-09-04,98.3499984741211,98.44000244140625,98.08000183105469,98.1500015258789,0
2025-09-05,97.7699966430664,98.26000213623047,97.43000030517578,98.23999786376953,0
2025-09-08,97.44999694824219,97.94000244140625,97.41999816894531,97.79000091552734,0
2025-09-09,97.79000091552734,97.81999969482422,97.25,97.37999725341797,0
2025-09-10,97.77999877929688,97.93000030517578,97.5999984741211,97.83000183105469,0
2025-09-11,97.54000091552734,98.08999633789062,97.47000122070312,97.79000091552734,0
2025-09-12,97.55000305175781,97.86000061035156,97.48999786376953,97.5199966430664,0
2025-09-15,97.30000305175781,97.69999694824219,97.2699966430664,97.62999725341797,0
2025-09-16,96.62999725341797,97.38999938964844,96.55999755859375,97.33999633789062,0
2025-09-17,96.87000274658203,97.06999969482422,96.22000122070312,96.62000274658203,0
2025-09-18,97.3499984741211,97.5999984741211,96.83999633789062,96.93000030517578,0
2025-09-19,97.63999938964844,97.80999755859375,97.2699966430664,97.33999633789062,0
2025-09-22,97.33000183105469,97.81999969482422,97.30999755859375,97.6500015258789,0
2025-09-23,97.26000213623047,97.45999908447266,97.19999694824219,97.31999969482422,0
2025-09-24,97.87000274658203,97.91999816894531,97.22000122070312,97.23999786376953,0
2025-09-25,98.55000305175781,98.61000061035156,97.73999786376953,97.81999969482422,0
2025-09-26,98.1500015258789,98.52999877929688,98.12999725341797,98.5,0
2025-09-29,97.91000366210938,98.18000030517578,97.7699966430664,98.16999816894531,0
2025-09-30,97.7699966430664,98.05000305175781,97.62999725341797,97.91000366210938,0
2025-10-01,97.70999908447266,97.87999725341797,97.45999908447266,97.81999969482422,0
2025-10-02,97.8499984741211,98.12999725341797,97.5199966430664,97.69999694824219,0
2025-10-03,97.72000122070312,97.94999694824219,97.5999984741211,97.8499984741211,0
2025-10-06,98.11000061035156,98.5,97.95999908447266,97.95999908447266,0
2025-10-07,98.58000183105469,98.66000366210938,98.08999633789062,98.08999633789062,0
2025-10-08,98.8499984741211,99.05999755859375,98.58999633789062,98.61000061035156,0
2025-10-09,99.54000091552734,99.55999755859375,98.69999694824219,98.83999633789062,0
2025-10-10,98.9800033569336,99.43000030517578,98.80999755859375,99.38999938964844,0
2025-10-13,99.2699966430664,99.3499984741211,98.83000183105469,98.94000244140625,0
2025-10-14,99.05000305175781,99.4800033569336,98.98999786376953,99.30000305175781,0
2025-10-15,98.79000091552734,99.08000183105469,98.66000366210938,99.05000305175781,0
2025-10-16,98.38999938964844,98.69999694824219,98.30000305175781,98.66999816894531,0
2025-10-17,98.43000030517578,98.55000305175781,98.02999877929688,98.26000213623047,0
2025-10-20,98.58999633789062,98.66999816894531,98.38999938964844,98.66999816894531,0
2025-10-21,98.93000030517578,98.9800033569336,98.51000213623047,98.61000061035156,0
2025-10-22,98.9000015258789,99.13999938964844,98.79000091552734,98.97000122070312,0
2025-10-23,98.94000244140625,99.13999938964844,98.91000366210938,98.91999816894531,0
2025-10-24,98.94999694824219,99.0999984741211,98.7300033569336,98.94000244140625,0
2025-10-27,98.77999877929688,99.0,98.7300033569336,98.83999633789062,0
2025-10-28,98.69000244140625,98.94999694824219,98.56999969482422,98.75,0
2025-10-29,99.22000122070312,99.36000061035156,98.62000274658203,98.73999786376953,0
2025-10-30,99.52999877929688,99.72000122070312,98.91999816894531,99.13999938964844,0
2025-10-31,99.80000305175781,99.83999633789062,99.41999816894531,99.48999786376953,0
2025-11-03,99.87000274658203,99.98999786376953,99.70999908447266,99.75,0
2025-11-04,100.22000122070312,100.26000213623047,99.73999786376953,99.9800033569336,0
2025-11-05,100.19999694824219,100.36000061035156,100.05999755859375,100.18000030517578,0
2025-11-06,99.7300033569336,100.11000061035156,99.66999816894531,100.11000061035156,0
2025-11-07,99.5999984741211,99.87000274658203,99.4000015258789,99.76000213623047,0
2025-11-10,99.62000274658203,99.73999786376953,99.45999908447266,99.62999725341797,0
2025-11-11,99.45999908447266,99.73999786376953,99.29000091552734,99.66000366210938,0
2025-11-12,99.4800033569336,99.70999908447266,99.41999816894531,99.45999908447266,0
2025-11-13,99.18000030517578,99.58999633789062,98.98999786376953,99.5199966430664,0
2025-11-14,99.2699966430664,99.4000015258789,98.98999786376953,99.26000213623047,0
2025-11-17,99.58999633789062,99.5999984741211,99.25,99.2699966430664,0
2025-11-18,99.55000305175781,99.66000366210938,99.4000015258789,99.55999755859375,0
2025-11-19,100.2300033569336,100.23999786376953,99.48999786376953,99.58000183105469,0
2025-11-20,100.16000366210938,100.36000061035156,100.02999877929688,100.16999816894531,0
2025-11-21,100.18000030517578,100.4000015258789,99.98999786376953,100.16000366210938,0
2025-11-24,100.13999938964844,100.30000305175781,100.01000213623047,100.19999694824219,0
2025-11-25,99.66000366210938,100.26000213623047,99.6500015258789,100.20999908447266,0
2025-11-26,99.5999984741211,99.95999908447266,99.55999755859375,99.83999633789062,0
2025-11-28,99.45999908447266,99.81999969482422,99.37999725341797,99.56999969482422,0
2025-12-01,99.41000366210938,99.51000213623047,99.01000213623047,99.4800033569336,0
2025-12-02,99.36000061035156,99.56999969482422,99.31999969482422,99.44999694824219,0
2025-12-03,98.8499984741211,99.29000091552734,98.81999969482422,99.27999877929688,0
2025-12-04,98.98999786376953,99.08000183105469,98.7699966430664,98.91999816894531,0
2025-12-05,98.98999786376953,99.12999725341797,98.80999755859375,99.04000091552734,0
2025-12-08,99.08999633789062,99.2300033569336,98.79000091552734,98.97000122070312,0
2025-12-09,99.22000122070312,99.30999755859375,98.94999694824219,99.05000305175781,0
2025-12-10,98.79000091552734,99.26000213623047,98.58999633789062,99.22000122070312,0
2025-12-11,98.3499984741211,98.76000213623047,98.12999725341797,98.55999755859375,0
2025-12-12,98.4000015258789,98.52999877929688,98.30000305175781,98.31999969482422,0
2025-12-15,98.1500015258789,98.4800033569336,98.13999938964844,98.4000015258789,0
2025-12-16,98.1500015258789,98.31999969482422,97.87000274658203,98.2699966430664,0
2025-12-17,98.37000274658203,98.63999938964844,98.18000030517578,98.20999908447266,0
2025-12-18,98.43000030517578,98.55999755859375,98.16999816894531,98.37999725341797,0
2025-12-19,98.5999984741211,98.75,98.41999816894531,98.45999908447266,0
2025-12-22,98.29000091552734,98.7300033569336,98.19999694824219,98.66999816894531,0
2025-12-23,97.94000244140625,98.19999694824219,97.8499984741211,98.19999694824219,0
2025-12-24,97.9800033569336,98.01000213623047,97.75,97.88999938964844,0
2025-12-26,98.0199966430664,98.12999725341797,97.86000061035156,97.91999816894531,0
2025-12-29,98.04000091552734,98.18000030517578,97.91999816894531,98.05000305175781,0
2025-12-30,98.23999786376953,98.2699966430664,97.94000244140625,98.01000213623047,0
2025-12-31,98.27999877929688,98.5,98.18000030517578,98.25,0
2026-01-02,98.41999816894531,98.48999786376953,98.1500015258789,98.23999786376953,0
2026-01-05,98.2699966430664,98.86000061035156,98.25,98.4800033569336,0
2026-01-06,98.58000183105469,98.62999725341797,98.16000366210938,98.41000366210938,0
2026-01-07,98.68000030517578,98.75,98.5,98.58000183105469,0
2026-01-08,98.93000030517578,98.9800033569336,98.68000030517578,98.73999786376953,0
2026-01-09,99.12999725341797,99.26000213623047,98.9000015258789,98.91000366210938,0
2026-01-12,98.86000061035156,99.25,98.66999816894531,99.16999816894531,0
2026-01-13,99.12999725341797,99.2300033569336,98.8499984741211,98.9000015258789,0
2026-01-14,99.12999725341797,99.25,98.93000030517578,99.19000244140625,0
2026-01-15,99.31999969482422,99.48999786376953,99.08999633789062,99.12999725341797,0
2026-01-16,99.38999938964844,99.4800033569336,99.16000366210938,99.37000274658203,0
2026-01-20,98.63999938964844,99.13999938964844,98.25,99.13999938964844,0
2026-01-21,98.76000213623047,98.87000274658203,98.37999725341797,98.61000061035156,0
2026-01-22,98.36000061035156,98.83000183105469,98.27999877929688,98.79000091552734,0
2026-01-23,97.5999984741211,98.4800033569336,97.43000030517578,98.33000183105469,0
2026-01-26,97.04000091552734,97.33000183105469,96.80999755859375,97.02999877929688,0
2026-01-27,96.22000122070312,97.29000091552734,95.55000305175781,97.05000305175781,0
2026-01-28,96.44999694824219,96.79000091552734,95.86000061035156,95.97000122070312,0
2026-01-29,96.27999877929688,96.66000366210938,96.0199966430664,96.16000366210938,0
2026-01-30,96.98999786376953,97.1500015258789,96.31999969482422,96.31999969482422,0
2026-02-02,97.61000061035156,97.7300033569336,97.01000213623047,97.19000244140625,0
2026-02-03,97.44000244140625,97.69000244140625,97.30000305175781,97.5199966430664,0
2026-02-04,97.62000274658203,97.7300033569336,97.30999755859375,97.43000030517578,0
2026-02-05,97.81999969482422,97.98999786376953,97.61000061035156,97.66999816894531,0
2026-02-06,97.62999725341797,97.94999694824219,97.55999755859375,97.94999694824219,0
2026-02-09,96.81999969482422,97.76000213623047,96.79000091552734,97.69999694824219,0
2026-02-10,96.80000305175781,97.01000213623047,96.61000061035156,97.0,0
2026-02-11,96.83000183105469,97.2699966430664,96.48999786376953,96.91000366210938,0
2026-02-12,96.93000030517578,97.06999969482422,96.73999786376953,96.95999908447266,0
2026-02-13,96.87999725341797,97.16000366210938,96.80000305175781,96.94000244140625,0
2026-02-17,97.16000366210938,97.55000305175781,97.06999969482422,97.12000274658203,0
2026-02-18,97.69999694824219,97.73999786376953,97.12000274658203,97.13999938964844,0
2026-02-19,97.93000030517578,98.06999969482422,97.56999969482422,97.7300033569336,0
2026-02-20,97.80000305175781,98.08000183105469,97.58999633789062,97.9000015258789,0
2026-02-23,97.69999694824219,97.8499984741211,97.36000061035156,97.69999694824219,0
2026-02-24,97.87999725341797,97.98999786376953,97.69999694824219,97.69999694824219,0
2026-02-25,97.69999694824219,98.0,97.62000274658203,97.8499984741211,0
2026-02-26,97.79000091552734,97.9800033569336,97.48999786376953,97.58999633789062,0
2026-02-27,97.61000061035156,97.8499984741211,97.55999755859375,97.75,0
2026-03-02,98.37999725341797,98.75,97.7699966430664,97.87000274658203,0
2026-03-03,99.05000305175781,99.68000030517578,98.44000244140625,98.55999755859375,0
2026-03-04,98.7699966430664,99.33000183105469,98.69999694824219,99.11000061035156,0
2026-03-05,99.31999969482422,99.41000366210938,98.66999816894531,98.7699966430664,0
2026-03-06,98.98999786376953,99.44000244140625,98.83999633789062,99.01000213623047,0
2026-03-09,99.18000030517578,99.69999694824219,98.72000122070312,98.86000061035156,0
2026-03-10,98.83000183105469,98.94999694824219,98.48999786376953,98.80000305175781,0
2026-03-11,99.2300033569336,99.30000305175781,98.69999694824219,98.94000244140625,0
2026-03-12,99.73999786376953,99.76000213623047,99.25,99.44999694824219,0
2026-03-13,100.36000061035156,100.54000091552734,99.58999633789062,99.69000244140625,0
2026-03-16,99.70999908447266,100.4800033569336,99.66000366210938,100.43000030517578,0
2026-03-17,99.58000183105469,100.12000274658203,99.5,99.86000061035156,0
2026-03-18,100.08999633789062,100.30999755859375,99.47000122070312,99.55000305175781,0
2026-03-19,99.2300033569336,100.30999755859375,98.9800033569336,100.2300033569336,0
2026-03-20,99.6500015258789,99.79000091552734,99.25,99.29000091552734,0
2026-03-23,98.94999694824219,100.1500015258789,98.87999725341797,99.68000030517578,0
2026-03-24,99.43000030517578,99.62000274658203,99.05999755859375,99.13999938964844,0
2026-03-25,99.5999984741211,99.66999816894531,99.06999969482422,99.19999694824219,0
2026-03-26,99.9000015258789,100.01000213623047,99.55999755859375,99.62999725341797,0
2026-03-27,100.1500015258789,100.20999908447266,99.80000305175781,99.87000274658203,0
2026-03-30,100.51000213623047,100.61000061035156,100.05000305175781,100.22000122070312,0
2026-03-31,99.95999908447266,100.63999938964844,99.80999755859375,100.58999633789062,0
2026-04-01,99.6500015258789,99.87999725341797,99.30000305175781,99.79000091552734,0
2026-04-02,100.02999877929688,100.26000213623047,99.44999694824219,99.54000091552734,0
2026-04-06,99.9800033569336,100.29000091552734,99.76000213623047,100.18000030517578,0
2026-04-07,99.63999938964844,100.16000366210938,99.5999984741211,100.01000213623047,0
2026-04-08,99.12999725341797,99.18000030517578,98.52999877929688,98.94999694824219,0
2026-04-09,98.81999969482422,99.16000366210938,98.62999725341797,99.05999755859375,0
2026-04-10,98.6500015258789,99.01000213623047,98.54000091552734,98.87000274658203,0
2026-04-13,98.37000274658203,99.18000030517578,98.36000061035156,99.05000305175781,0
2026-04-14,98.12000274658203,98.41000366210938,97.97000122070312,98.37000274658203,0
2026-04-15,98.05999755859375,98.29000091552734,98.01000213623047,98.06999969482422,0
2026-04-16,98.22000122070312,98.29000091552734,97.83000183105469,98.01000213623047,0
2026-04-17,98.0999984741211,98.29000091552734,97.62999725341797,98.19000244140625,0
2026-04-20,98.05000305175781,98.4000015258789,98.01000213623047,98.27999877929688,0
2026-04-21,98.41000366210938,98.56999969482422,98.05999755859375,98.05999755859375,0
2026-04-22,98.58999633789062,98.63999938964844,98.20999908447266,98.4000015258789,0
2026-04-23,98.80000305175781,98.94000244140625,98.52999877929688,98.62000274658203,0
2026-04-24,98.51000213623047,98.91999816894531,98.48999786376953,98.81999969482422,0
2026-04-27,98.4800033569336,99.33999633789062,98.20999908447266,99.33000183105469,0
2026-04-28,98.62000274658203,98.87000274658203,98.43000030517578,98.47000122070312,0
2026-04-29,98.91999816894531,99.05000305175781,98.56999969482422,98.61000061035156,0
2026-04-30,98.08000183105469,99.08999633789062,98.01000213623047,98.8499984741211,0
2026-05-01,98.20999908447266,98.23999786376953,97.72000122070312,98.12999725341797,0
2026-05-04,98.47000122070312,98.54000091552734,97.97000122070312,98.05000305175781,0
2026-05-05,98.4800033569336,98.58000183105469,98.30999755859375,98.47000122070312,0
2026-05-06,98.0199966430664,98.33999633789062,97.62999725341797,98.30999755859375,0
2026-05-07,98.25,98.27999877929688,97.81999969482422,98.02999877929688,0
2026-05-08,97.83999633789062,98.27999877929688,97.83000183105469,98.25,0
2026-05-11,97.94000244140625,98.1500015258789,97.8499984741211,98.04000091552734,0
2026-05-12,98.29000091552734,98.45999908447266,97.94999694824219,97.95999908447266,0
2026-05-13,98.4800033569336,98.5999984741211,98.26000213623047,98.30999755859375,0
2026-05-14,98.87999725341797,98.91000366210938,98.41999816894531,98.45999908447266,0
2026-05-15,99.2699966430664,99.31999969482422,98.91999816894531,98.93000030517578,0
2026-05-18,98.97000122070312,99.41000366210938,98.94999694824219,99.27999877929688,0
2026-05-19,99.30000305175781,99.43000030517578,98.97000122070312,98.97000122070312,0
2026-05-20,99.11000061035156,99.47000122070312,98.97000122070312,99.2699966430664,0
2026-05-21,99.19000244140625,99.5199966430664,99.05999755859375,99.12000274658203,0
2026-05-22,99.31999969482422,99.41000366210938,99.16999816894531,99.19999694824219,0
2026-05-26,99.16999816894531,99.25,98.98999786376953,98.98999786376953,0
2026-05-27,99.20999908447266,99.26000213623047,98.97000122070312,99.08000183105469,0
2026-05-28,99.0199966430664,99.54000091552734,98.94999694824219,99.2699966430664,0
2026-05-29,98.91000366210938,99.19000244140625,98.75,99.0,0
2026-06-01,99.19999694824219,99.38999938964844,98.91999816894531,98.95999908447266,0
2026-06-02,99.22000122070312,99.33000183105469,99.05000305175781,99.16999816894531,0
2026-06-03,99.52999877929688,99.55000305175781,99.19000244140625,99.29000091552734,0
2026-06-04,99.41000366210938,99.52999877929688,99.18000030517578,99.45999908447266,0
2026-06-05,100.06999969482422,100.11000061035156,99.16000366210938,99.43000030517578,0
2026-06-08,100.05000305175781,100.20999908447266,99.81999969482422,100.1500015258789,0
2026-06-09,99.91000366210938,100.08000183105469,99.68000030517578,100.02999877929688,0
2026-06-10,99.94999694824219,100.05000305175781,99.72000122070312,100.01000213623047,0
2026-06-11,99.86000061035156,100.30999755859375,99.58999633789062,100.12000274658203,0
2026-06-12,99.75,99.91000366210938,99.63999938964844,99.66999816894531,0
2026-06-15,99.62999725341797,99.70999908447266,99.37999725341797,99.54000091552734,0
2026-06-16,99.54000091552734,99.79000091552734,99.45999908447266,99.63999938964844,0
2026-06-17,100.08999633789062,100.56999969482422,99.48999786376953,99.5199966430664,0
2026-06-18,100.8499984741211,100.91999816894531,100.20999908447266,100.33999633789062,0
2026-06-22,101.0199966430664,101.08000183105469,100.76000213623047,100.83999633789062,0
2026-06-23,101.41000366210938,101.43000030517578,100.94999694824219,101.01000213623047,0
2026-06-24,101.61000061035156,101.80000305175781,101.36000061035156,101.37000274658203,0
2026-06-25,101.43000030517578,101.75,101.30999755859375,101.5999984741211,0
2026-06-26,101.36000061035156,101.56999969482422,101.05000305175781,101.5,0
2026-06-29,101.11000061035156,101.38999938964844,101.06999969482422,101.37000274658203,0
2026-06-30,101.19000244140625,101.43000030517578,101.05000305175781,101.12000274658203,0
2026-07-01,101.38999938964844,101.5999984741211,101.19000244140625,101.22000122070312,0
2026-07-02,100.86000061035156,101.43000030517578,100.55999755859375,101.4000015258789,0
2026-07-06,100.8499984741211,101.1500015258789,100.83000183105469,100.86000061035156,0
2026-07-07,101.13999938964844,101.1500015258789,100.80000305175781,100.83999633789062,0
2026-07-08,101.05000305175781,101.27999877929688,100.94999694824219,101.16000366210938,0
2026-07-09,100.94000244140625,101.04000091552734,100.79000091552734,101.04000091552734,0
2026-07-10,100.97000122070312,101.0,100.5999984741211,100.91000366210938,0
2026-07-13,101.27999877929688,101.33000183105469,100.79000091552734,101.04000091552734,0
2026-07-14,100.94000244140625,101.31999969482422,100.61000061035156,101.27999877929688,0
2026-07-15,100.5,101.02999877929688,100.3499984741211,100.91999816894531,0
2026-07-16,100.7300033569336,100.83000183105469,100.44000244140625,100.47000122070312,0
2026-07-17,100.75,100.87000274658203,100.6500015258789,100.70999908447266,0
2026-07-20,100.98999786376953,101.02999877929688,100.6500015258789,100.80999755859375,0
2026-07-21,101.18000030517578,101.20999908447266,100.86000061035156,100.9800033569336,0
2026-07-22,101.13999938964844,101.19999694824219,101.0199966430664,101.19000244140625,0
2026-07-23,101.43000030517578,101.54000091552734,100.94000244140625,101.12000274658203,0
2026-07-24,101.47000122070312,101.52999877929688,101.25,101.44000244140625,0
2026-07-27,101.51000213623047,101.54000091552734,101.12000274658203,101.31999969482422,0
2026-07-28,101.37999725341797,101.63999938964844,101.26000213623047,101.5199966430664,0
2026-07-29,100.80000305175781,101.5,100.76000213623047,101.41999816894531,0
2026-07-30,100.01000213623047,101.06999969482422,99.86000061035156,100.81999969482422,0
2026-07-31,99.80000305175781,100.45999908447266,99.69000244140625,100.0199966430664,0
2026-08-03,99.95999908447266,100.0199966430664,99.41999816894531,99.69000244140625,0
2026-08-04,99.88999938964844,100.05999755859375,99.83000183105469,99.97000122070312,0
2026-08-05,99.69000244140625,99.9000015258789,99.62999725341797,99.87000274658203,0
2026-08-06,99.97000122070312,100.0199966430664,99.63999938964844,99.66000366210938,0
2026-08-07,99.5999984741211,100.0,99.4000015258789,99.94000244140625,0
2026-08-10,99.80999755859375,99.83000183105469,99.58000183105469,99.58999633789062,0
2026-08-11,99.81999969482422,99.9000015258789,99.7300033569336,99.80000305175781,0
2026-08-12,100.01000213623047,100.0199966430664,99.61000061035156,99.80999755859375,0
2026-08-13,99.95999908447266,100.08000183105469,99.80000305175781,99.95999908447266,0
2026-08-14,99.66999816894531,99.94000244140625,99.4800033569336,99.93000030517578,0
2026-08-17,99.63999938964844,99.66999816894531,99.29000091552734,99.66000366210938,0
2026-08-18,99.6500015258789,99.69000244140625,99.5199966430664,99.54000091552734,0
2026-08-19,98.83000183105469,99.69000244140625,98.7699966430664,99.66999816894531,0
2026-08-20,98.9000015258789,98.93000030517578,98.55999755859375,98.83999633789062,0
2026-08-21,98.80000305175781,98.91000366210938,98.55999755859375,98.80000305175781,0
2026-08-24,99.0,99.05999755859375,98.76000213623047,98.86000061035156,0
