Price,Close,High,Low,Open,Volume
Ticker,^KLSE,^KLSE,^KLSE,^KLSE,^KLSE
Date,,,,,
2015-01-02,1752.77001953125,1757.9599609375,1741.449951171875,1757.1500244140625,63584500
2015-01-05,1736.6199951171875,1759.1500244140625,1734.510009765625,1758.4300537109375,98141200
2015-01-06,1716.5799560546875,1730.93994140625,1708.780029296875,1730.93994140625,146055300
2015-01-07,1709.1800537109375,1717.1700439453125,1706.1800537109375,1714.699951171875,171015600
2015-01-08,1728.06005859375,1730.1800537109375,1714.02001953125,1714.4000244140625,121085200
2015-01-09,1732.43994140625,1738.5400390625,1725.81005859375,1734.6099853515625,126253700
2015-01-12,1735.0799560546875,1735.0799560546875,1718.760009765625,1730.0999755859375,95901300
2015-01-13,1748.9000244140625,1750.1600341796875,1725.97998046875,1726.5400390625,147553800
2015-01-14,1742.010009765625,1744.7099609375,1736.77001953125,1742.6600341796875,182004300
2015-01-15,1745.0,1750.93994140625,1738.239990234375,1747.5400390625,182936200
2015-01-16,1743.5699462890625,1746.239990234375,1732.3499755859375,1740.18994140625,153211200
2015-01-19,1753.31005859375,1755.1199951171875,1745.5,1745.5,130847300
2015-01-20,1750.1099853515625,1754.3399658203125,1745.6400146484375,1754.2099609375,123144400
2015-01-21,1770.0899658203125,1770.0899658203125,1751.4599609375,1752.9000244140625,173119700
2015-01-22,1781.75,1787.9100341796875,1763.6800537109375,1767.739990234375,212420500
2015-01-23,1803.0799560546875,1809.3299560546875,1788.780029296875,1792.469970703125,213716000
2015-01-26,1796.43994140625,1801.06005859375,1792.6500244140625,1800.489990234375,131380100
2015-01-27,1803.1700439453125,1810.2099609375,1788.550048828125,1789.9599609375,171841200
2015-01-28,1795.8800048828125,1800.6400146484375,1790.02001953125,1794.760009765625,155963200
2015-01-29,1782.1800537109375,1794.8199462890625,1779.1700439453125,1791.5899658203125,164067800
2015-01-30,1781.260009765625,1789.3900146484375,1781.260009765625,1788.3599853515625,161401900
2015-02-04,1803.02001953125,1831.4100341796875,1801.0899658203125,1814.719970703125,205670000
2015-02-05,1803.0899658203125,1804.25,1796.4100341796875,1803.7900390625,141640900
2015-02-06,1809.43994140625,1814.300048828125,1806.0699462890625,1806.31005859375,144850600
2015-02-09,1811.5799560546875,1818.31005859375,1805.1600341796875,1815.6199951171875,118228300
2015-02-10,1811.1199951171875,1816.6199951171875,1808.68994140625,1812.739990234375,143961300
2015-02-11,1798.949951171875,1812.0799560546875,1790.800048828125,1810.97998046875,137960500
2015-02-12,1789.0699462890625,1791.0,1780.2099609375,1790.68994140625,175244600
2015-02-13,1800.949951171875,1800.949951171875,1790.31005859375,1791.6800537109375,144816900
2015-02-16,1808.8900146484375,1809.7099609375,1800.239990234375,1804.93994140625,135531000
2015-02-17,1810.0899658203125,1810.9000244140625,1804.52001953125,1808.4100341796875,81090400
2015-02-18,1807.8699951171875,1815.949951171875,1806.1700439453125,1806.5400390625,62964300
2015-02-23,1809.3900146484375,1812.75,1804.949951171875,1811.010009765625,122063200
2015-02-24,1818.6800537109375,1819.239990234375,1812.010009765625,1812.010009765625,142233200
2015-02-25,1815.8599853515625,1818.3499755859375,1808.6500244140625,1818.219970703125,139625900
2015-02-26,1820.8699951171875,1821.6700439453125,1812.9000244140625,1813.8800048828125,117349600
2015-02-27,1821.2099609375,1825.6500244140625,1811.739990234375,1822.27001953125,185436300
2015-03-02,1817.1300048828125,1825.3299560546875,1812.3499755859375,1822.9100341796875,135243600
2015-03-03,1821.25,1825.7900390625,1817.93994140625,1820.4300537109375,149718400
2015-03-04,1825.5400390625,1826.050048828125,1819.1800537109375,1825.6600341796875,141830300
2015-03-05,1806.0899658203125,1819.6700439453125,1805.800048828125,1819.6600341796875,201060200
2015-03-06,1806.9599609375,1809.6500244140625,1799.800048828125,1804.8599853515625,161429300
2015-03-09,1791.739990234375,1795.760009765625,1778.989990234375,1790.5899658203125,158047500
2015-03-10,1789.72998046875,1799.050048828125,1789.72998046875,1794.8199462890625,154677800
2015-03-11,1778.1600341796875,1787.22998046875,1774.969970703125,1783.469970703125,148643300
2015-03-12,1786.8699951171875,1789.9200439453125,1780.6500244140625,1780.75,126430200
2015-03-13,1781.75,1789.3599853515625,1781.75,1784.97998046875,90412600
2015-03-16,1780.5400390625,1787.2900390625,1774.300048828125,1777.280029296875,102530900
2015-03-17,1787.8699951171875,1789.4000244140625,1779.9599609375,1779.9599609375,94763700
2015-03-18,1797.5699462890625,1800.8299560546875,1787.77001953125,1790.3199462890625,115589100
2015-03-19,1809.1300048828125,1815.7099609375,1798.030029296875,1798.219970703125,109456400
2015-03-20,1803.6500244140625,1806.9000244140625,1798.739990234375,1803.56005859375,206331900
2015-03-23,1795.8499755859375,1811.0799560546875,1795.8499755859375,1801.22998046875,103209900
2015-03-24,1814.0400390625,1814.5400390625,1798.239990234375,1798.8199462890625,117342000
2015-03-25,1819.0999755859375,1823.18994140625,1812.1800537109375,1812.4300537109375,123798700
2015-03-26,1818.4200439453125,1820.52001953125,1815.4100341796875,1816.8499755859375,99162400
2015-03-27,1813.3699951171875,1818.31005859375,1813.300048828125,1815.1500244140625,118234000
2015-03-30,1821.8299560546875,1825.760009765625,1815.02001953125,1815.52001953125,97386800
2015-03-31,1830.780029296875,1832.8499755859375,1825.300048828125,1828.8800048828125,166808200
2015-04-01,1826.31005859375,1831.3499755859375,1823.6099853515625,1831.3499755859375,83327200
2015-04-02,1831.969970703125,1832.3699951171875,1826.280029296875,1827.6600341796875,123704300
2015-04-03,1834.52001953125,1836.8199462890625,1829.739990234375,1831.3399658203125,66470200
2015-04-06,1842.93994140625,1844.8299560546875,1837.510009765625,1838.300048828125,89728300
2015-04-07,1856.510009765625,1856.510009765625,1843.1800537109375,1843.1800537109375,121385900
2015-04-08,1850.31005859375,1853.2099609375,1848.0,1852.489990234375,106668700
2015-04-09,1849.3900146484375,1849.77001953125,1843.989990234375,1848.4300537109375,97636800
2015-04-10,1844.31005859375,1849.780029296875,1840.77001953125,1846.8499755859375,97909400
2015-04-13,1842.0799560546875,1847.5,1840.9100341796875,1842.8900146484375,99504500
2015-04-14,1839.6099853515625,1846.31005859375,1837.25,1845.510009765625,120609300
2015-04-15,1840.1300048828125,1846.06005859375,1836.3699951171875,1837.4599609375,156091200
2015-04-16,1847.93994140625,1849.219970703125,1838.27001953125,1842.0400390625,133056200
2015-04-17,1845.8599853515625,1852.949951171875,1845.0899658203125,1848.0899658203125,124815300
2015-04-20,1848.6600341796875,1848.969970703125,1841.0999755859375,1844.25,97523900
2015-04-21,1862.800048828125,1862.800048828125,1850.3499755859375,1850.7099609375,128594500
2015-04-22,1854.77001953125,1863.6099853515625,1853.719970703125,1863.6099853515625,102213800
2015-04-23,1846.0799560546875,1855.699951171875,1846.0799560546875,1848.2900390625,80461600
2015-04-24,1862.5799560546875,1862.5799560546875,1849.7099609375,1852.989990234375,115608700
2015-04-27,1859.5799560546875,1867.530029296875,1859.1800537109375,1864.68994140625,114674400
2015-04-28,1855.06005859375,1862.1400146484375,1850.0400390625,1861.5899658203125,112289200
2015-04-29,1842.9300537109375,1855.4599609375,1842.8399658203125,1855.0999755859375,127680900
2015-04-30,1818.27001953125,1841.06005859375,1818.27001953125,1840.2900390625,161926000
2015-05-05,1827.4200439453125,1830.9000244140625,1818.1600341796875,1830.3199462890625,136679200
2015-05-06,1820.969970703125,1824.2099609375,1813.010009765625,1824.2099609375,118204400
2015-05-07,1805.0999755859375,1818.7900390625,1805.0999755859375,1808.3199462890625,140657900
2015-05-08,1807.6500244140625,1814.280029296875,1805.3499755859375,1806.3199462890625,129489800
2015-05-11,1805.489990234375,1814.239990234375,1803.5699462890625,1809.219970703125,93824400
2015-05-12,1798.6099853515625,1802.5400390625,1797.010009765625,1798.6400146484375,104348200
2015-05-13,1803.02001953125,1803.6800537109375,1795.1600341796875,1801.0799560546875,129702200
2015-05-14,1805.8699951171875,1807.9000244140625,1803.6300048828125,1806.1199951171875,113680700
2015-05-15,1811.9200439453125,1811.9200439453125,1802.050048828125,1806.6099853515625,56989200
2015-05-18,1823.5,1823.5,1808.7900390625,1813.52001953125,81619800
2015-05-19,1809.719970703125,1819.5799560546875,1808.0699462890625,1819.02001953125,93333500
2015-05-20,1810.1099853515625,1812.5899658203125,1807.949951171875,1812.0699462890625,105610700
2015-05-21,1795.0400390625,1810.7099609375,1793.3399658203125,1810.3699951171875,143152100
2015-05-22,1787.5,1798.4599609375,1780.1099853515625,1798.3299560546875,136764900
2015-05-25,1767.3800048828125,1787.6400146484375,1764.6300048828125,1787.02001953125,101842300
2015-05-26,1764.0699462890625,1776.0699462890625,1755.0899658203125,1767.0400390625,130627500
2015-05-27,1755.050048828125,1758.3499755859375,1749.780029296875,1758.3499755859375,163751900
2015-05-28,1755.56005859375,1759.4300537109375,1750.719970703125,1757.9100341796875,121935400
2015-05-29,1747.52001953125,1755.8199462890625,1746.06005859375,1751.3499755859375,254439600
2015-06-01,1743.4100341796875,1752.0799560546875,1732.27001953125,1751.8199462890625,129254300
2015-06-02,1741.3699951171875,1746.489990234375,1736.5699462890625,1743.47998046875,147077200
2015-06-03,1749.1700439453125,1750.6800537109375,1743.1199951171875,1748.5899658203125,140038900
2015-06-04,1741.47998046875,1749.199951171875,1739.9200439453125,1742.02001953125,114533700
2015-06-05,1745.3299560546875,1746.280029296875,1737.8800048828125,1743.1600341796875,78044000
2015-06-08,1739.449951171875,1741.1099853515625,1727.010009765625,1736.0699462890625,86610500
2015-06-09,1729.050048828125,1738.760009765625,1729.050048828125,1737.530029296875,94292600
2015-06-10,1735.6300048828125,1739.47998046875,1730.75,1730.93994140625,108781500
2015-06-11,1734.760009765625,1744.77001953125,1733.1700439453125,1744.77001953125,120346500
2015-06-12,1734.3699951171875,1740.989990234375,1732.5899658203125,1740.989990234375,74602300
2015-06-15,1722.1600341796875,1734.4000244140625,1722.1600341796875,1733.280029296875,126558200
2015-06-16,1722.239990234375,1726.780029296875,1718.43994140625,1721.1600341796875,91685000
2015-06-17,1726.8599853515625,1728.06005859375,1721.22998046875,1722.7099609375,107186100
2015-06-18,1718.1199951171875,1727.300048828125,1714.219970703125,1725.280029296875,117882100
2015-06-19,1721.77001953125,1726.97998046875,1715.8299560546875,1718.7099609375,183198100
2015-06-22,1732.760009765625,1735.9000244140625,1720.8399658203125,1721.6199951171875,114113300
2015-06-23,1726.8599853515625,1734.969970703125,1726.8599853515625,1734.56005859375,104992400
2015-06-24,1731.6800537109375,1731.6800537109375,1724.469970703125,1727.5899658203125,110894800
2015-06-25,1716.81005859375,1729.6400146484375,1716.81005859375,1729.5799560546875,134881200
2015-06-26,1710.469970703125,1716.6400146484375,1709.8699951171875,1716.6400146484375,84028600
2015-06-29,1691.9200439453125,1709.3499755859375,1688.43994140625,1709.3499755859375,115419900
2015-06-30,1706.6400146484375,1708.3800048828125,1691.030029296875,1695.3599853515625,171042600
2015-07-01,1727.9599609375,1737.6700439453125,1709.77001953125,1709.77001953125,143083700
2015-07-02,1733.8800048828125,1738.6700439453125,1728.4300537109375,1729.56005859375,126592100
2015-07-03,1734.239990234375,1738.0899658203125,1724.5,1737.22998046875,82206800
2015-07-06,1717.050048828125,1728.4300537109375,1706.5999755859375,1728.4300537109375,91770500
2015-07-07,1712.300048828125,1718.030029296875,1708.6400146484375,1714.27001953125,112746300
2015-07-08,1695.8299560546875,1706.699951171875,1693.3499755859375,1706.469970703125,132600500
2015-07-09,1701.5400390625,1704.8800048828125,1685.030029296875,1687.260009765625,107192300
2015-07-10,1715.5799560546875,1720.8199462890625,1698.260009765625,1698.260009765625,83498500
2015-07-13,1716.1099853515625,1718.3900146484375,1707.0,1710.75,69578700
2015-07-14,1721.0999755859375,1727.0699462890625,1720.06005859375,1720.06005859375,91842100
2015-07-15,1715.5799560546875,1720.8199462890625,1698.260009765625,1698.260009765625,131821800
2015-07-16,1726.72998046875,1727.5,1720.699951171875,1722.0400390625,74418900
2015-07-20,1724.1300048828125,1735.75,1720.02001953125,1733.2900390625,89082700
2015-07-21,1736.18994140625,1736.18994140625,1722.6099853515625,1725.4300537109375,86252500
2015-07-22,1729.530029296875,1732.5400390625,1725.52001953125,1731.1199951171875,111393000
2015-07-23,1722.43994140625,1731.1800537109375,1722.43994140625,1729.5699462890625,78530800
2015-07-24,1720.760009765625,1721.449951171875,1712.489990234375,1720.010009765625,74377600
2015-07-27,1709.760009765625,1718.5999755859375,1709.760009765625,1710.969970703125,77096500
2015-07-28,1699.699951171875,1713.06005859375,1699.699951171875,1708.6199951171875,132816900
2015-07-29,1698.989990234375,1702.3599853515625,1696.719970703125,1699.5999755859375,118132600
2015-07-30,1699.9200439453125,1706.260009765625,1695.6600341796875,1696.739990234375,86618200
2015-07-31,1723.1400146484375,1723.1400146484375,1701.31005859375,1701.31005859375,131520200
2015-08-03,1744.18994140625,1744.18994140625,1714.8199462890625,1716.989990234375,67706700
2015-08-04,1723.72998046875,1730.81005859375,1722.9100341796875,1730.0899658203125,95571800
2015-08-05,1725.56005859375,1729.9100341796875,1723.219970703125,1723.530029296875,82196200
2015-08-06,1694.6400146484375,1722.300048828125,1694.6400146484375,1720.8499755859375,151522600
2015-08-07,1682.6500244140625,1695.1800537109375,1677.219970703125,1692.3299560546875,126264000
2015-08-10,1654.3699951171875,1672.5699462890625,1649.1199951171875,1672.5699462890625,122089200
2015-08-11,1636.7099609375,1661.6199951171875,1635.77001953125,1653.43994140625,128582200
2015-08-12,1609.9300537109375,1629.6300048828125,1603.260009765625,1629.2099609375,156556000
2015-08-13,1621.6199951171875,1626.8599853515625,1605.4599609375,1605.6300048828125,147097400
2015-08-14,1596.8199462890625,1626.9000244140625,1590.5699462890625,1623.9100341796875,194095800
2015-08-17,1572.5400390625,1594.4599609375,1569.18994140625,1590.81005859375,180392000
2015-08-18,1579.5999755859375,1584.050048828125,1562.8800048828125,1573.0899658203125,165183700
2015-08-19,1582.43994140625,1594.6800537109375,1580.25,1594.6800537109375,136549000
2015-08-20,1577.4100341796875,1579.6600341796875,1562.1099853515625,1574.510009765625,128277700
2015-08-21,1574.6700439453125,1583.3800048828125,1557.010009765625,1563.6500244140625,174650100
2015-08-24,1532.1400146484375,1554.0799560546875,1532.1400146484375,1553.25,200118300
2015-08-25,1563.93994140625,1568.4200439453125,1503.6800537109375,1515.72998046875,218974400
2015-08-26,1580.3699951171875,1585.5899658203125,1554.3699951171875,1559.75,192820200
2015-08-27,1601.699951171875,1601.699951171875,1579.97998046875,1582.75,189934700
2015-08-28,1612.739990234375,1621.239990234375,1608.0400390625,1609.0400390625,211033200
2015-09-01,1609.2099609375,1660.219970703125,1603.25,1655.469970703125,252654300
2015-09-02,1590.18994140625,1602.5999755859375,1583.6300048828125,1602.5999755859375,188000600
2015-09-03,1602.75,1605.72998046875,1592.6700439453125,1597.510009765625,113685300
2015-09-04,1589.1600341796875,1602.3199462890625,1587.6099853515625,1602.050048828125,110276000
2015-09-07,1582.8499755859375,1582.8499755859375,1567.9100341796875,1578.5,107149000
2015-09-08,1587.1199951171875,1594.9100341796875,1576.9599609375,1584.199951171875,117940200
2015-09-09,1603.3599853515625,1605.7900390625,1596.6700439453125,1597.9000244140625,190921000
2015-09-10,1614.02001953125,1614.02001953125,1586.8399658203125,1592.1600341796875,155384400
2015-09-11,1603.5999755859375,1612.3199462890625,1602.5400390625,1605.0899658203125,118033100
2015-09-14,1639.6300048828125,1645.489990234375,1600.699951171875,1605.1400146484375,160732400
2015-09-15,1647.1500244140625,1656.0799560546875,1639.969970703125,1648.0400390625,165312000
2015-09-17,1681.5400390625,1691.9300537109375,1669.4000244140625,1670.9599609375,266058500
2015-09-18,1669.449951171875,1684.4000244140625,1661.56005859375,1680.5799560546875,188040800
2015-09-21,1639.469970703125,1661.949951171875,1638.8299560546875,1661.5400390625,147140100
2015-09-22,1635.3699951171875,1641.4100341796875,1628.239990234375,1640.5799560546875,128272900
2015-09-23,1613.1700439453125,1626.9599609375,1609.8299560546875,1626.8599853515625,165941300
2015-09-25,1615.010009765625,1617.43994140625,1603.02001953125,1604.1500244140625,146880900
2015-09-28,1608.4300537109375,1613.9599609375,1600.27001953125,1612.52001953125,102324900
2015-09-29,1603.3199462890625,1604.93994140625,1595.219970703125,1600.8900146484375,169217600
2015-09-30,1621.0400390625,1621.8599853515625,1601.5400390625,1602.52001953125,214255400
2015-10-01,1633.9300537109375,1635.1300048828125,1617.4200439453125,1622.6099853515625,142136100
2015-10-02,1628.800048828125,1634.8900146484375,1620.5799560546875,1634.3299560546875,134979900
2015-10-05,1647.5899658203125,1647.5899658203125,1629.1500244140625,1629.5899658203125,137529300
2015-10-06,1662.510009765625,1662.9599609375,1652.5,1658.97998046875,176442500
2015-10-07,1689.25,1690.7900390625,1657.72998046875,1658.6500244140625,267171700
2015-10-08,1692.199951171875,1701.2099609375,1681.780029296875,1682.6700439453125,222987900
2015-10-09,1706.5400390625,1717.47998046875,1702.52001953125,1702.780029296875,235294400
2015-10-12,1709.8599853515625,1719.9000244140625,1700.6500244140625,1703.239990234375,151884300
2015-10-13,1711.1400146484375,1716.75,1705.300048828125,1710.5,160943100
2015-10-15,1713.25,1721.3399658203125,1706.8699951171875,1709.02001953125,181049200
2015-10-16,1716.8199462890625,1720.4200439453125,1713.6700439453125,1717.010009765625,137729100
2015-10-19,1718.199951171875,1727.4100341796875,1708.31005859375,1712.0799560546875,122119500
2015-10-20,1705.030029296875,1716.4599609375,1702.8399658203125,1715.8800048828125,119503400
2015-10-21,1707.1099853515625,1710.25,1695.3800048828125,1700.3599853515625,122841200
2015-10-22,1705.0899658203125,1711.3900146484375,1701.68994140625,1701.68994140625,103208800
2015-10-23,1710.9300537109375,1717.489990234375,1709.56005859375,1716.97998046875,108239300
2015-10-26,1706.7900390625,1715.949951171875,1703.0899658203125,1715.300048828125,106307200
2015-10-27,1696.949951171875,1703.75,1694.219970703125,1702.5699462890625,131721300
2015-10-28,1686.510009765625,1694.97998046875,1684.3599853515625,1694.6400146484375,120900800
2015-10-29,1666.97998046875,1691.280029296875,1666.97998046875,1689.3399658203125,167476200
2015-10-30,1665.7099609375,1673.260009765625,1663.760009765625,1667.4200439453125,142785600
2015-11-02,1664.0699462890625,1667.4300537109375,1658.97998046875,1665.300048828125,113560800
2015-11-03,1677.56005859375,1677.56005859375,1665.0699462890625,1665.0699462890625,127275700
2015-11-04,1685.6199951171875,1687.949951171875,1679.7900390625,1681.6600341796875,172871500
2015-11-05,1688.5400390625,1696.989990234375,1679.9100341796875,1683.4300537109375,130943800
2015-11-06,1685.699951171875,1693.0699462890625,1685.0799560546875,1686.3499755859375,104942900
2015-11-09,1686.1099853515625,1686.3199462890625,1680.7900390625,1683.8800048828125,79583400
2015-11-11,1665.3199462890625,1674.6800537109375,1657.8800048828125,1673.0999755859375,154966900
2015-11-12,1663.199951171875,1670.030029296875,1657.77001953125,1663.47998046875,110752900
2015-11-13,1658.9100341796875,1664.5899658203125,1651.449951171875,1663.9300537109375,134427000
2015-11-16,1656.0,1658.800048828125,1644.2900390625,1651.31005859375,101158000
2015-11-17,1661.530029296875,1677.3699951171875,1660.0699462890625,1661.280029296875,125022700
2015-11-18,1656.5,1664.6400146484375,1656.27001953125,1661.4100341796875,107855700
2015-11-19,1660.06005859375,1664.300048828125,1655.989990234375,1657.0899658203125,106337300
2015-11-20,1661.8900146484375,1663.47998046875,1657.1300048828125,1660.1700439453125,101821000
2015-11-23,1670.9000244140625,1673.9200439453125,1661.5899658203125,1661.5899658203125,102940500
2015-11-24,1677.030029296875,1686.68994140625,1677.030029296875,1678.6800537109375,138687000
2015-11-25,1684.4200439453125,1684.77001953125,1671.5799560546875,1672.6300048828125,138458200
2015-11-26,1683.0899658203125,1688.7900390625,1674.6700439453125,1678.1500244140625,139035200
2015-11-27,1682.5899658203125,1684.6300048828125,1674.8299560546875,1676.9300537109375,128880000
2015-11-30,1672.1600341796875,1675.4100341796875,1663.030029296875,1675.4100341796875,285485000
2015-12-01,1682.3699951171875,1682.3699951171875,1667.1600341796875,1670.2900390625,173855000
2015-12-02,1676.77001953125,1686.3599853515625,1676.77001953125,1682.530029296875,107987000
2015-12-03,1673.9200439453125,1677.0,1671.4300537109375,1671.989990234375,117665100
2015-12-04,1667.8699951171875,1673.1099853515625,1667.1400146484375,1670.800048828125,103742900
2015-12-07,1672.0,1675.9599609375,1668.5899658203125,1670.25,102348700
2015-12-08,1669.239990234375,1672.0400390625,1665.969970703125,1669.6700439453125,92898900
2015-12-09,1659.3599853515625,1668.4599609375,1659.3599853515625,1667.18994140625,110462000
2015-12-10,1648.6500244140625,1661.18994140625,1648.6500244140625,1660.469970703125,138649000
2015-12-11,1640.1400146484375,1650.1400146484375,1640.1400146484375,1650.1099853515625,149964200
2015-12-14,1629.9599609375,1635.280029296875,1625.1199951171875,1629.3199462890625,117135400
2015-12-15,1622.8399658203125,1633.3499755859375,1622.8399658203125,1631.0999755859375,123296800
2015-12-16,1634.1300048828125,1638.3699951171875,1628.760009765625,1637.8399658203125,123298000
2015-12-17,1656.52001953125,1656.52001953125,1635.1199951171875,1635.9599609375,166589900
2015-12-18,1643.9000244140625,1651.77001953125,1642.8299560546875,1651.77001953125,146115400
2015-12-21,1629.0899658203125,1641.9200439453125,1627.6300048828125,1641.9200439453125,89683000
2015-12-22,1643.260009765625,1643.260009765625,1630.969970703125,1634.3399658203125,102153300
2015-12-23,1663.510009765625,1663.510009765625,1641.1400146484375,1641.1800537109375,110609400
2015-12-28,1670.72998046875,1674.97998046875,1658.800048828125,1659.5699462890625,118476500
2015-12-29,1685.3599853515625,1686.4000244140625,1674.8900146484375,1674.8900146484375,122230100
2015-12-30,1693.1400146484375,1706.25,1686.8499755859375,1686.949951171875,121707500
2015-12-31,1692.510009765625,1697.4300537109375,1688.739990234375,1692.5,81641200
2016-01-04,1653.3699951171875,1687.8900146484375,1653.3699951171875,1686.8199462890625,101177800
2016-01-05,1665.699951171875,1673.1700439453125,1653.0,1655.030029296875,116744800
2016-01-06,1667.969970703125,1675.3699951171875,1661.68994140625,1667.8699951171875,130517600
2016-01-07,1655.1300048828125,1669.7900390625,1655.1300048828125,1663.3599853515625,142925700
2016-01-08,1657.6099853515625,1664.530029296875,1648.6600341796875,1651.030029296875,116570900
2016-01-11,1637.5899658203125,1657.8900146484375,1637.5899658203125,1657.8900146484375,120979600
2016-01-12,1641.3699951171875,1648.4300537109375,1636.9300537109375,1636.9300537109375,145140100
2016-01-13,1642.5400390625,1646.47998046875,1640.6400146484375,1642.9000244140625,114003400
2016-01-14,1633.43994140625,1639.300048828125,1632.3399658203125,1639.300048828125,123216900
2016-01-15,1628.550048828125,1639.1199951171875,1628.550048828125,1635.030029296875,110935100
2016-01-18,1622.6400146484375,1625.4599609375,1608.81005859375,1624.47998046875,113417400
2016-01-19,1629.219970703125,1632.5999755859375,1621.8599853515625,1622.3699951171875,124174400
2016-01-20,1618.8299560546875,1628.6500244140625,1618.3199462890625,1628.1600341796875,145272500
2016-01-21,1600.9200439453125,1618.06005859375,1600.9200439453125,1616.1199951171875,138203300
2016-01-22,1625.2099609375,1626.489990234375,1609.4000244140625,1609.4000244140625,142797600
2016-01-26,1626.6600341796875,1627.43994140625,1618.260009765625,1627.2900390625,123230900
2016-01-27,1631.5400390625,1640.8399658203125,1627.300048828125,1627.300048828125,120200600
2016-01-28,1634.530029296875,1639.030029296875,1626.4000244140625,1631.47998046875,228349900
2016-01-29,1667.800048828125,1667.800048828125,1631.6199951171875,1635.3399658203125,399912300
2016-02-02,1653.1800537109375,1666.510009765625,1651.2900390625,1663.989990234375,216239600
2016-02-03,1633.300048828125,1642.530029296875,1631.1099853515625,1636.6600341796875,139017600
2016-02-04,1656.77001953125,1656.8199462890625,1638.0899658203125,1638.0899658203125,166349800
2016-02-05,1662.4599609375,1663.77001953125,1653.6800537109375,1654.5999755859375,134059600
2016-02-10,1644.4100341796875,1670.9300537109375,1644.4100341796875,1670.9300537109375,89639000
2016-02-11,1643.949951171875,1645.5,1638.8800048828125,1644.5999755859375,103301900
2016-02-12,1643.739990234375,1648.699951171875,1638.5,1643.6600341796875,121512600
2016-02-15,1649.9599609375,1661.3399658203125,1648.4599609375,1652.6500244140625,115816700
2016-02-16,1664.989990234375,1664.989990234375,1651.3499755859375,1651.4300537109375,138283100
2016-02-17,1664.3199462890625,1669.02001953125,1658.27001953125,1658.75,108651100
2016-02-18,1680.02001953125,1685.6500244140625,1665.800048828125,1665.800048828125,150990900
2016-02-19,1674.8800048828125,1685.22998046875,1673.8399658203125,1673.8399658203125,118055500
2016-02-22,1674.5899658203125,1679.9599609375,1670.469970703125,1671.4100341796875,107313400
2016-02-23,1677.280029296875,1685.8800048828125,1674.199951171875,1674.8800048828125,116696100
2016-02-24,1664.1700439453125,1677.239990234375,1664.1700439453125,1676.4300537109375,107944800
2016-02-25,1658.1600341796875,1672.56005859375,1658.1600341796875,1664.969970703125,144154300
2016-02-26,1663.43994140625,1665.6400146484375,1658.3599853515625,1664.8399658203125,149809500
2016-02-29,1654.75,1664.1099853515625,1651.550048828125,1661.97998046875,189494400
2016-03-01,1670.8199462890625,1670.8199462890625,1655.469970703125,1658.4200439453125,111815800
2016-03-02,1691.030029296875,1691.030029296875,1674.6500244140625,1674.6500244140625,187497000
2016-03-03,1688.199951171875,1699.9599609375,1684.3199462890625,1694.0799560546875,171759100
2016-03-04,1692.489990234375,1700.489990234375,1685.72998046875,1686.47998046875,164233700
2016-03-07,1697.9300537109375,1710.199951171875,1694.0899658203125,1696.1099853515625,161612100
2016-03-08,1687.8599853515625,1706.0799560546875,1684.530029296875,1700.8199462890625,127269500
2016-03-09,1686.3499755859375,1686.3499755859375,1676.9300537109375,1681.31005859375,108762100
2016-03-10,1690.9100341796875,1694.3299560546875,1684.0999755859375,1684.68994140625,116245200
2016-03-11,1696.5400390625,1698.1500244140625,1688.1099853515625,1688.800048828125,108724100
2016-03-14,1700.31005859375,1708.0999755859375,1695.949951171875,1696.199951171875,103802700
2016-03-15,1690.9200439453125,1699.43994140625,1689.3299560546875,1695.6099853515625,106942400
2016-03-16,1693.4300537109375,1697.260009765625,1689.3499755859375,1692.1600341796875,100591400
2016-03-17,1703.18994140625,1708.6199951171875,1695.8599853515625,1696.6199951171875,171764500
2016-03-18,1716.3399658203125,1716.3399658203125,1705.6199951171875,1709.1300048828125,217216400
2016-03-21,1718.3599853515625,1718.3599853515625,1707.1099853515625,1714.3599853515625,146206200
2016-03-22,1724.75,1724.75,1715.7900390625,1716.699951171875,188592000
2016-03-23,1724.550048828125,1726.550048828125,1716.4300537109375,1721.5,185618700
2016-03-24,1715.530029296875,1720.97998046875,1710.8699951171875,1715.3800048828125,119858700
2016-03-25,1703.7900390625,1712.8900146484375,1699.760009765625,1712.77001953125,91898100
2016-03-28,1702.4100341796875,1702.81005859375,1698.260009765625,1701.719970703125,75263500
2016-03-29,1715.0400390625,1715.68994140625,1699.300048828125,1700.6700439453125,143735200
2016-03-30,1717.8199462890625,1724.1300048828125,1716.3699951171875,1720.5,163657700
2016-03-31,1717.5799560546875,1719.739990234375,1713.219970703125,1718.0,198346600
2016-04-01,1710.550048828125,1720.27001953125,1706.219970703125,1715.3599853515625,134223100
2016-04-04,1725.239990234375,1725.239990234375,1709.0,1709.0,118110400
2016-04-05,1718.0799560546875,1722.1300048828125,1716.4200439453125,1719.0,112923800
2016-04-06,1717.010009765625,1722.75,1713.8299560546875,1713.8299560546875,156942900
2016-04-07,1724.2900390625,1724.2900390625,1716.760009765625,1717.739990234375,156082100
2016-04-08,1718.4000244140625,1721.1400146484375,1714.22998046875,1718.43994140625,127970400
2016-04-11,1715.280029296875,1716.18994140625,1709.4200439453125,1716.18994140625,93553500
2016-04-12,1715.0,1716.6600341796875,1711.4100341796875,1713.989990234375,82797200
2016-04-13,1723.1099853515625,1726.300048828125,1717.8599853515625,1719.469970703125,136581000
2016-04-14,1723.780029296875,1729.1300048828125,1721.0999755859375,1722.31005859375,126493000
2016-04-15,1727.989990234375,1727.989990234375,1721.0999755859375,1722.4599609375,117829500
2016-04-18,1717.6800537109375,1721.3900146484375,1710.43994140625,1719.7900390625,117817800
2016-04-19,1711.1500244140625,1717.699951171875,1708.300048828125,1713.8699951171875,115709800
2016-04-20,1708.9100341796875,1715.4300537109375,1704.699951171875,1713.3599853515625,130411700
2016-04-21,1721.469970703125,1721.469970703125,1709.1099853515625,1709.8800048828125,123825300
2016-04-22,1717.9599609375,1720.0799560546875,1715.1800537109375,1719.6600341796875,91018800
2016-04-25,1714.510009765625,1717.0,1709.18994140625,1714.3800048828125,81986400
2016-04-26,1692.5,1714.0999755859375,1692.5,1713.9000244140625,121692700
2016-04-27,1692.3399658203125,1694.9100341796875,1682.47998046875,1689.6500244140625,115170200
2016-04-28,1674.760009765625,1695.72998046875,1671.2099609375,1688.699951171875,249538900
2016-04-29,1672.719970703125,1672.719970703125,1660.9200439453125,1671.52001953125,200520000
2016-05-03,1651.43994140625,1676.030029296875,1649.7900390625,1674.510009765625,144155700
2016-05-04,1657.5799560546875,1659.43994140625,1636.050048828125,1644.77001953125,180539300
2016-05-05,1645.0899658203125,1653.050048828125,1641.75,1653.050048828125,143744200
2016-05-06,1649.3599853515625,1651.4200439453125,1633.1800537109375,1642.0899658203125,133942000
2016-05-09,1632.18994140625,1651.6099853515625,1632.18994140625,1647.3699951171875,123230300
2016-05-10,1635.8399658203125,1638.010009765625,1614.4000244140625,1628.9000244140625,153300100
2016-05-11,1644.5799560546875,1646.9599609375,1630.4200439453125,1636.43994140625,126770300
2016-05-12,1648.97998046875,1652.0999755859375,1639.1700439453125,1640.0899658203125,121973000
2016-05-13,1628.260009765625,1645.1400146484375,1618.9300537109375,1643.6600341796875,300531200
2016-05-16,1621.2099609375,1628.52001953125,1611.9100341796875,1628.52001953125,143948700
2016-05-17,1633.3900146484375,1634.4100341796875,1619.47998046875,1619.47998046875,123553400
2016-05-18,1635.719970703125,1637.6700439453125,1621.4599609375,1624.75,152382000
2016-05-19,1633.760009765625,1635.4300537109375,1621.0799560546875,1621.0799560546875,154070400
2016-05-20,1628.7900390625,1636.949951171875,1628.7900390625,1634.8299560546875,125586600
2016-05-23,1634.8900146484375,1634.8900146484375,1621.4300537109375,1628.8299560546875,93528500
2016-05-24,1625.8399658203125,1631.760009765625,1625.81005859375,1631.27001953125,136478000
2016-05-25,1630.9599609375,1631.1199951171875,1623.5799560546875,1630.010009765625,122806500
2016-05-26,1631.0899658203125,1638.1700439453125,1628.18994140625,1628.780029296875,109002700
2016-05-27,1637.18994140625,1637.18994140625,1630.239990234375,1631.1099853515625,136939300
2016-05-30,1629.8699951171875,1633.3599853515625,1623.9100341796875,1632.6800537109375,135040200
2016-05-31,1626.0,1633.0799560546875,1624.3399658203125,1628.77001953125,809176700
2016-06-01,1626.5,1629.1099853515625,1622.25,1623.3299560546875,153573600
2016-06-02,1630.530029296875,1635.0,1624.43994140625,1625.8299560546875,147702700
2016-06-03,1636.4599609375,1638.5699462890625,1632.1400146484375,1633.75,130652100
2016-06-06,1648.989990234375,1650.6300048828125,1633.3800048828125,1633.3800048828125,97480000
2016-06-07,1660.6199951171875,1660.6199951171875,1648.760009765625,1650.260009765625,193685400
2016-06-08,1657.8499755859375,1663.1600341796875,1653.25,1658.5799560546875,139956000
2016-06-09,1650.510009765625,1664.0400390625,1650.3800048828125,1657.530029296875,103850900
2016-06-10,1641.219970703125,1651.7900390625,1641.219970703125,1651.6500244140625,127920600
2016-06-13,1629.77001953125,1634.5899658203125,1622.8800048828125,1634.5899658203125,114037800
2016-06-14,1626.1099853515625,1629.68994140625,1619.47998046875,1629.68994140625,135801300
2016-06-15,1627.9599609375,1629.050048828125,1619.780029296875,1620.9200439453125,110712900
2016-06-16,1614.9000244140625,1629.469970703125,1613.7900390625,1628.8900146484375,133455600
2016-06-17,1624.1800537109375,1624.31005859375,1614.2900390625,1614.8399658203125,135297000
2016-06-20,1634.22998046875,1635.510009765625,1624.5400390625,1624.9300537109375,114523200
2016-06-21,1637.68994140625,1637.68994140625,1630.300048828125,1635.1600341796875,110018200
2016-06-23,1639.97998046875,1642.1500244140625,1634.93994140625,1640.6700439453125,116582300
2016-06-24,1634.050048828125,1640.0699462890625,1611.8800048828125,1639.8399658203125,174435200
2016-06-27,1629.52001953125,1632.030029296875,1618.25,1627.68994140625,109808000
2016-06-28,1634.0400390625,1635.8599853515625,1620.93994140625,1624.3199462890625,135100600
2016-06-29,1642.2099609375,1643.3199462890625,1630.510009765625,1634.1600341796875,119710700
2016-06-30,1654.0799560546875,1654.1700439453125,1644.1099853515625,1644.68994140625,171848800
2016-07-01,1646.219970703125,1654.280029296875,1644.6400146484375,1653.1600341796875,76365000
2016-07-04,1654.8399658203125,1657.77001953125,1648.0,1649.3399658203125,100141100
2016-07-05,1650.7099609375,1655.719970703125,1647.449951171875,1653.0,50223200
2016-07-08,1644.5400390625,1656.030029296875,1640.6800537109375,1655.5999755859375,119261600
2016-07-11,1653.8699951171875,1656.489990234375,1645.489990234375,1645.8399658203125,123865600
2016-07-12,1653.969970703125,1655.3499755859375,1647.8800048828125,1653.5799560546875,116400500
2016-07-13,1660.3900146484375,1660.3900146484375,1652.0699462890625,1653.510009765625,184278800
2016-07-14,1654.780029296875,1658.6099853515625,1652.22998046875,1658.260009765625,134728300
2016-07-15,1668.4000244140625,1668.4000244140625,1659.4000244140625,1660.4599609375,133700000
2016-07-18,1670.8399658203125,1671.8699951171875,1662.93994140625,1664.9200439453125,94162900
2016-07-19,1670.550048828125,1674.5799560546875,1666.4300537109375,1671.5999755859375,137590800
2016-07-20,1669.6099853515625,1669.800048828125,1664.010009765625,1669.489990234375,95918100
2016-07-21,1657.5400390625,1663.989990234375,1657.5400390625,1661.3599853515625,112763900
2016-07-22,1657.4200439453125,1659.760009765625,1651.9000244140625,1656.1300048828125,94126600
2016-07-25,1668.260009765625,1668.260009765625,1657.469970703125,1657.6400146484375,106918800
2016-07-26,1661.4200439453125,1666.989990234375,1660.510009765625,1666.989990234375,102180000
2016-07-27,1663.56005859375,1664.760009765625,1659.239990234375,1661.800048828125,109402900
2016-07-28,1658.5,1659.550048828125,1652.8399658203125,1658.3900146484375,123617900
2016-07-29,1653.260009765625,1662.06005859375,1653.260009765625,1657.989990234375,151156200
2016-08-01,1665.22998046875,1666.5,1656.550048828125,1657.1800537109375,140474100
2016-08-02,1660.22998046875,1665.1700439453125,1657.780029296875,1664.31005859375,120755200
2016-08-03,1648.5,1659.550048828125,1648.449951171875,1657.43994140625,99303900
2016-08-04,1655.2900390625,1655.2900390625,1651.3699951171875,1651.6500244140625,86234800
2016-08-05,1664.0400390625,1664.0400390625,1653.4300537109375,1655.239990234375,126444400
2016-08-08,1672.6800537109375,1672.6800537109375,1664.5899658203125,1666.3399658203125,113079900
2016-08-09,1671.7099609375,1674.489990234375,1667.75,1674.489990234375,122770300
2016-08-10,1673.030029296875,1673.56005859375,1666.510009765625,1668.8699951171875,101520200
2016-08-11,1678.800048828125,1678.800048828125,1670.6300048828125,1675.030029296875,102724300
2016-08-12,1684.1500244140625,1685.56005859375,1679.949951171875,1681.1099853515625,146136200
2016-08-15,1690.3299560546875,1690.3299560546875,1680.9200439453125,1681.050048828125,118747600
2016-08-16,1699.8900146484375,1700.7099609375,1683.760009765625,1683.93994140625,176110700
2016-08-17,1694.3199462890625,1698.8499755859375,1692.199951171875,1695.5699462890625,114346500
2016-08-18,1694.8699951171875,1694.8699951171875,1690.43994140625,1692.989990234375,97039100
2016-08-19,1687.6800537109375,1694.8800048828125,1686.43994140625,1693.219970703125,77658800
2016-08-22,1691.0699462890625,1691.0699462890625,1682.5899658203125,1682.93994140625,72893800
2016-08-23,1683.0699462890625,1689.9599609375,1680.0,1684.75,113579000
2016-08-24,1682.06005859375,1684.3900146484375,1678.9300537109375,1680.1700439453125,91047400
2016-08-25,1680.300048828125,1687.4300537109375,1678.27001953125,1679.800048828125,129700200
2016-08-26,1683.0899658203125,1683.3800048828125,1673.8699951171875,1675.4100341796875,101754400
2016-08-29,1681.5999755859375,1685.1800537109375,1677.699951171875,1679.239990234375,96973300
2016-08-30,1678.06005859375,1688.0,1675.72998046875,1686.6199951171875,199325200
2016-09-01,1670.550048828125,1682.3499755859375,1668.699951171875,1682.3499755859375,171621700
2016-09-02,1671.7900390625,1675.3900146484375,1668.8699951171875,1674.5999755859375,91430700
2016-09-05,1678.0799560546875,1679.5699462890625,1667.31005859375,1667.31005859375,81356400
2016-09-06,1689.9200439453125,1689.9200439453125,1673.0999755859375,1674.6800537109375,108535700
2016-09-07,1689.5699462890625,1691.6099853515625,1680.0899658203125,1680.3499755859375,102852900
2016-09-08,1691.3800048828125,1692.1199951171875,1686.3699951171875,1691.530029296875,99787600
2016-09-09,1686.43994140625,1691.1199951171875,1682.6300048828125,1691.1199951171875,83891300
2016-09-13,1677.1800537109375,1682.4100341796875,1672.239990234375,1680.27001953125,115796400
2016-09-14,1661.3900146484375,1674.6800537109375,1659.199951171875,1674.6800537109375,130680500
2016-09-15,1652.989990234375,1663.3199462890625,1650.9000244140625,1660.0899658203125,185080800
2016-09-19,1651.7099609375,1661.8699951171875,1651.7099609375,1661.8699951171875,100380900
2016-09-20,1655.780029296875,1656.9100341796875,1645.1800537109375,1656.9100341796875,102978800
2016-09-21,1658.72998046875,1659.2099609375,1652.72998046875,1653.719970703125,112989400
2016-09-22,1669.6600341796875,1670.3399658203125,1661.2099609375,1661.22998046875,139306300
2016-09-23,1670.989990234375,1672.280029296875,1662.8299560546875,1663.8499755859375,113627600
2016-09-26,1669.5,1671.4599609375,1665.4100341796875,1669.52001953125,78108400
2016-09-27,1664.719970703125,1666.68994140625,1661.5799560546875,1665.31005859375,121710600
2016-09-28,1664.9599609375,1671.0699462890625,1663.8800048828125,1664.77001953125,136113800
2016-09-29,1669.6400146484375,1671.3199462890625,1666.2099609375,1667.6300048828125,116730200
2016-09-30,1652.550048828125,1669.8499755859375,1652.550048828125,1667.22998046875,170936200
2016-10-04,1661.25,1666.02001953125,1658.02001953125,1658.3599853515625,153308900
2016-10-05,1662.9200439453125,1664.25,1656.280029296875,1663.4300537109375,193390000
2016-10-06,1666.72998046875,1668.3199462890625,1662.719970703125,1663.949951171875,140215200
2016-10-07,1665.3800048828125,1670.300048828125,1661.5899658203125,1668.93994140625,109487800
2016-10-10,1665.3199462890625,1669.4599609375,1663.25,1665.280029296875,83173500
2016-10-11,1668.719970703125,1672.3399658203125,1664.7900390625,1664.8900146484375,142238100
2016-10-12,1667.030029296875,1668.3299560546875,1663.780029296875,1665.47998046875,115508400
2016-10-13,1665.02001953125,1669.3399658203125,1660.0400390625,1667.300048828125,141415000
2016-10-14,1658.969970703125,1665.1300048828125,1658.969970703125,1665.1300048828125,105502400
2016-10-17,1653.7099609375,1661.1300048828125,1653.7099609375,1661.1300048828125,107024100
2016-10-18,1667.5699462890625,1667.5699462890625,1652.6300048828125,1655.56005859375,136872900
2016-10-19,1668.27001953125,1670.9300537109375,1664.9100341796875,1667.25,94819900
2016-10-20,1667.1800537109375,1671.489990234375,1666.949951171875,1667.0899658203125,85700600
2016-10-21,1669.97998046875,1671.5699462890625,1663.969970703125,1668.030029296875,156315200
2016-10-24,1677.760009765625,1679.1099853515625,1667.550048828125,1668.77001953125,112109800
2016-10-25,1677.4300537109375,1679.0,1673.1800537109375,1677.43994140625,125314900
2016-10-26,1673.9200439453125,1677.5,1672.3499755859375,1675.1700439453125,109634900
2016-10-27,1669.030029296875,1674.199951171875,1666.25,1673.949951171875,99229100
2016-10-28,1670.27001953125,1671.719970703125,1666.969970703125,1669.6099853515625,103637000
2016-10-31,1672.4599609375,1676.8299560546875,1664.739990234375,1676.8299560546875,128941800
2016-11-01,1670.9300537109375,1673.9000244140625,1670.8800048828125,1673.56005859375,94885800
2016-11-02,1659.5999755859375,1669.81005859375,1656.5,1669.81005859375,126962400
2016-11-03,1648.0799560546875,1661.6500244140625,1648.0799560546875,1658.18994140625,141404100
2016-11-04,1648.239990234375,1651.3199462890625,1643.949951171875,1646.3399658203125,129416800
2016-11-07,1650.5899658203125,1654.3399658203125,1643.0699462890625,1643.449951171875,111883200
2016-11-08,1663.8199462890625,1663.8199462890625,1653.0,1653.43994140625,125510700
2016-11-09,1647.6199951171875,1665.3599853515625,1640.3399658203125,1664.1199951171875,171648100
2016-11-10,1652.739990234375,1664.27001953125,1652.3699951171875,1652.3699951171875,163106200
2016-11-11,1634.18994140625,1646.739990234375,1625.0999755859375,1646.739990234375,225367000
2016-11-14,1616.6400146484375,1629.050048828125,1614.1099853515625,1628.4300537109375,163136200
2016-11-15,1630.56005859375,1635.0400390625,1617.3299560546875,1617.3599853515625,139166400
2016-11-16,1627.6300048828125,1637.4000244140625,1624.31005859375,1633.030029296875,154177900
2016-11-17,1626.77001953125,1629.81005859375,1620.93994140625,1627.3699951171875,112692200
2016-11-18,1623.800048828125,1626.52001953125,1617.699951171875,1624.1600341796875,110258900
2016-11-21,1627.280029296875,1627.5,1621.4200439453125,1621.4200439453125,86557300
2016-11-22,1629.3199462890625,1632.7099609375,1627.5699462890625,1628.1500244140625,131797000
2016-11-23,1630.3800048828125,1631.6700439453125,1622.489990234375,1631.300048828125,119153900
2016-11-24,1624.2099609375,1629.8800048828125,1623.6099853515625,1629.3699951171875,84091100
2016-11-25,1627.260009765625,1627.4200439453125,1623.3499755859375,1625.18994140625,77694000
2016-11-28,1628.6600341796875,1630.6300048828125,1623.6199951171875,1625.3699951171875,100750000
2016-11-29,1626.9300537109375,1630.219970703125,1625.3900146484375,1629.969970703125,134976200
2016-11-30,1619.1199951171875,1628.5,1616.0799560546875,1627.5699462890625,317186900
2016-12-01,1626.43994140625,1628.6199951171875,1619.989990234375,1621.0999755859375,141500800
2016-12-02,1628.9599609375,1632.22998046875,1626.3800048828125,1627.510009765625,114948700
2016-12-05,1624.969970703125,1631.4100341796875,1624.969970703125,1630.56005859375,100332900
2016-12-06,1629.72998046875,1629.72998046875,1624.02001953125,1624.1700439453125,118499900
2016-12-07,1632.469970703125,1634.199951171875,1627.8599853515625,1633.1500244140625,106359300
2016-12-08,1643.75,1643.75,1636.0899658203125,1639.3900146484375,123075200
2016-12-09,1641.4200439453125,1641.8499755859375,1636.6099853515625,1641.8499755859375,103797900
2016-12-13,1645.280029296875,1651.449951171875,1641.9300537109375,1651.449951171875,149375800
2016-12-14,1643.2900390625,1646.8800048828125,1639.9300537109375,1645.719970703125,128486700
2016-12-15,1636.989990234375,1638.7900390625,1629.8599853515625,1635.739990234375,116385300
2016-12-16,1637.7900390625,1637.7900390625,1632.4599609375,1634.31005859375,153267300
2016-12-19,1634.300048828125,1636.550048828125,1630.3399658203125,1631.72998046875,85847100
2016-12-20,1634.52001953125,1637.02001953125,1632.47998046875,1633.56005859375,85872600
2016-12-21,1629.5899658203125,1639.489990234375,1629.5899658203125,1638.8199462890625,106117100
2016-12-22,1623.199951171875,1629.9000244140625,1622.5899658203125,1629.030029296875,77701900
2016-12-23,1617.1500244140625,1623.9300537109375,1616.5400390625,1622.0899658203125,70339000
2016-12-27,1619.6800537109375,1622.6600341796875,1616.68994140625,1618.47998046875,62653500
2016-12-28,1630.300048828125,1630.300048828125,1619.0899658203125,1620.8900146484375,96275200
2016-12-29,1637.9300537109375,1640.530029296875,1625.8199462890625,1629.8499755859375,90801900
2016-12-30,1641.72998046875,1641.72998046875,1630.030029296875,1637.449951171875,134642900
2017-01-03,1635.530029296875,1637.56005859375,1630.6700439453125,1636.93994140625,59213100
2017-01-04,1647.469970703125,1647.469970703125,1637.1400146484375,1638.97998046875,101164700
2017-01-05,1659.8199462890625,1659.8199462890625,1647.989990234375,1647.989990234375,112396200
2017-01-06,1675.489990234375,1675.489990234375,1658.4200439453125,1658.4200439453125,138317600
2017-01-09,1667.9000244140625,1675.68994140625,1667.9000244140625,1675.3299560546875,82499300
2017-01-10,1672.050048828125,1673.5699462890625,1665.93994140625,1668.3599853515625,142156900
2017-01-11,1675.2099609375,1675.5899658203125,1671.22998046875,1672.800048828125,107994000
2017-01-12,1677.760009765625,1682.739990234375,1673.43994140625,1675.6400146484375,155581100
2017-01-13,1672.5,1679.6400146484375,1672.5,1677.6800537109375,127270600
2017-01-16,1658.8399658203125,1672.4200439453125,1658.8399658203125,1672.02001953125,117446200
2017-01-17,1663.030029296875,1664.9000244140625,1659.010009765625,1660.300048828125,97857700
2017-01-18,1665.02001953125,1670.5899658203125,1663.3800048828125,1663.3800048828125,91798300
2017-01-19,1666.510009765625,1667.22998046875,1658.3599853515625,1666.9000244140625,108728900
2017-01-20,1664.8900146484375,1667.9200439453125,1664.8900146484375,1665.1600341796875,97085900
2017-01-23,1671.31005859375,1674.6199951171875,1664.3499755859375,1665.9200439453125,115006300
2017-01-24,1680.68994140625,1680.68994140625,1670.530029296875,1674.3699951171875,150024800
2017-01-25,1683.9300537109375,1684.7900390625,1681.0999755859375,1683.4599609375,138223200
2017-01-26,1692.219970703125,1692.219970703125,1684.1300048828125,1684.8499755859375,133430800
2017-01-27,1686.3599853515625,1695.719970703125,1684.969970703125,1695.6400146484375,96155000
2017-01-31,1671.5400390625,1686.8299560546875,1671.5400390625,1686.449951171875,125983400
2017-02-02,1673.47998046875,1678.760009765625,1667.6800537109375,1670.4000244140625,163820700
2017-02-03,1685.010009765625,1685.010009765625,1674.800048828125,1674.800048828125,131180600
2017-02-06,1691.239990234375,1691.239990234375,1684.6300048828125,1686.0699462890625,111417700
2017-02-07,1688.8399658203125,1690.9100341796875,1684.8399658203125,1687.72998046875,109817600
2017-02-08,1688.5,1690.800048828125,1686.030029296875,1687.1400146484375,147374200
2017-02-10,1698.93994140625,1702.27001953125,1695.3699951171875,1699.72998046875,170180600
2017-02-13,1710.239990234375,1710.4100341796875,1700.969970703125,1701.1400146484375,137985100
2017-02-14,1708.9000244140625,1710.0799560546875,1703.5899658203125,1709.969970703125,147976400
2017-02-15,1709.7900390625,1713.469970703125,1707.239990234375,1708.0899658203125,149880800
2017-02-16,1707.5899658203125,1709.3599853515625,1705.699951171875,1707.6099853515625,143469200
2017-02-17,1707.6800537109375,1711.75,1705.7900390625,1705.81005859375,158163900
2017-02-20,1712.5799560546875,1713.6099853515625,1706.1700439453125,1706.1700439453125,109312900
2017-02-21,1706.550048828125,1719.760009765625,1706.0899658203125,1712.949951171875,120071400
2017-02-22,1708.0799560546875,1709.0999755859375,1704.4200439453125,1708.68994140625,161353800
2017-02-23,1704.47998046875,1710.0699462890625,1702.5400390625,1709.5400390625,143358400
2017-02-24,1698.3499755859375,1707.31005859375,1696.47998046875,1706.47998046875,162820200
2017-02-27,1693.8399658203125,1705.489990234375,1693.8399658203125,1697.9000244140625,120573700
2017-02-28,1693.77001953125,1697.25,1690.6400146484375,1691.0999755859375,194361900
2017-03-01,1697.68994140625,1701.1300048828125,1692.3299560546875,1694.6400146484375,129213300
2017-03-02,1715.6700439453125,1717.1400146484375,1701.1400146484375,1701.1400146484375,165980200
2017-03-03,1708.3800048828125,1716.030029296875,1704.3299560546875,1714.530029296875,141545700
2017-03-06,1727.3599853515625,1727.3599853515625,1706.2099609375,1706.5899658203125,155635500
2017-03-07,1728.6600341796875,1734.0699462890625,1725.02001953125,1727.6500244140625,147705300
2017-03-08,1725.5400390625,1730.1600341796875,1724.8399658203125,1725.780029296875,114215900
2017-03-09,1717.4200439453125,1724.4000244140625,1717.4200439453125,1723.2099609375,118112100
2017-03-10,1717.5799560546875,1718.02001953125,1713.550048828125,1716.3399658203125,133353600
2017-03-13,1721.9200439453125,1722.25,1715.3499755859375,1716.75,117930400
2017-03-14,1722.469970703125,1727.3900146484375,1719.1199951171875,1722.449951171875,156115200
2017-03-15,1717.3599853515625,1719.27001953125,1713.9200439453125,1717.1700439453125,102386300
2017-03-16,1737.1400146484375,1738.02001953125,1726.1199951171875,1726.3399658203125,246177900
2017-03-17,1745.199951171875,1752.0999755859375,1739.6500244140625,1742.3800048828125,342009700
2017-03-20,1749.4100341796875,1755.260009765625,1744.0699462890625,1744.0699462890625,142175300
2017-03-21,1754.6700439453125,1757.989990234375,1748.8199462890625,1749.4200439453125,168795100
2017-03-22,1748.300048828125,1748.300048828125,1738.4000244140625,1747.75,169103100
2017-03-23,1747.0,1753.760009765625,1747.0,1750.6600341796875,210526800
2017-03-24,1745.75,1749.6099853515625,1745.4300537109375,1748.1500244140625,133980900
2017-03-27,1744.949951171875,1750.3499755859375,1744.3299560546875,1745.0799560546875,109115900
2017-03-28,1754.4200439453125,1756.27001953125,1748.6500244140625,1750.5999755859375,133516200
2017-03-29,1750.4100341796875,1759.760009765625,1747.1600341796875,1757.4599609375,144723300
2017-03-30,1749.25,1751.0699462890625,1746.050048828125,1750.68994140625,140742200
2017-03-31,1740.0899658203125,1748.18994140625,1740.0899658203125,1746.9599609375,144814000
2017-04-03,1745.489990234375,1745.489990234375,1737.77001953125,1742.3800048828125,106818000
2017-04-04,1747.18994140625,1747.18994140625,1742.8499755859375,1745.030029296875,124737000
2017-04-05,1744.6700439453125,1747.010009765625,1741.510009765625,1745.6300048828125,137828500
2017-04-06,1739.56005859375,1744.81005859375,1738.8299560546875,1744.81005859375,133091200
2017-04-07,1741.719970703125,1741.739990234375,1736.2099609375,1740.8199462890625,172450400
2017-04-10,1739.52001953125,1741.6800537109375,1736.719970703125,1739.72998046875,97855600
2017-04-11,1735.8399658203125,1740.1300048828125,1733.7900390625,1739.3499755859375,108773400
2017-04-12,1744.0799560546875,1744.0799560546875,1735.06005859375,1735.8299560546875,109087700
2017-04-13,1738.1800537109375,1743.3399658203125,1735.68994140625,1743.3399658203125,136756200
2017-04-14,1730.989990234375,1736.8800048828125,1730.510009765625,1736.6500244140625,71964200
2017-04-17,1733.9300537109375,1736.2900390625,1729.1300048828125,1731.1300048828125,82111200
2017-04-18,1740.5999755859375,1741.510009765625,1735.31005859375,1735.550048828125,125251400
2017-04-19,1738.949951171875,1741.469970703125,1735.72998046875,1740.260009765625,118873000
2017-04-20,1741.6099853515625,1743.56005859375,1736.4000244140625,1737.9000244140625,128158700
2017-04-21,1756.050048828125,1756.050048828125,1742.22998046875,1742.22998046875,143512100
2017-04-25,1765.800048828125,1765.93994140625,1758.469970703125,1765.0799560546875,181749900
2017-04-26,1768.9200439453125,1769.6800537109375,1764.6199951171875,1767.780029296875,174020500
2017-04-27,1767.9200439453125,1770.9000244140625,1766.3800048828125,1768.18994140625,140567200
2017-04-28,1768.06005859375,1772.2099609375,1765.5699462890625,1767.97998046875,157934300
2017-05-02,1778.469970703125,1781.550048828125,1769.1600341796875,1769.1600341796875,170179400
2017-05-03,1772.510009765625,1784.7900390625,1770.06005859375,1778.8800048828125,141273600
2017-05-04,1758.6700439453125,1768.7099609375,1754.22998046875,1767.9300537109375,121485600
2017-05-05,1762.739990234375,1763.9200439453125,1757.5400390625,1758.8299560546875,105637900
2017-05-08,1768.1500244140625,1768.1500244140625,1763.2900390625,1765.050048828125,80398300
2017-05-09,1766.56005859375,1770.4300537109375,1765.1400146484375,1768.4599609375,92887400
2017-05-11,1775.3900146484375,1780.489990234375,1774.5899658203125,1776.2900390625,192679200
2017-05-12,1775.8699951171875,1778.6400146484375,1773.1500244140625,1776.9300537109375,107483300
2017-05-15,1778.6500244140625,1778.6500244140625,1771.8699951171875,1775.4000244140625,109871400
2017-05-16,1778.1500244140625,1787.5400390625,1773.0899658203125,1785.030029296875,151151500
2017-05-17,1775.6500244140625,1779.93994140625,1770.219970703125,1779.739990234375,117607100
2017-05-18,1767.1700439453125,1769.800048828125,1762.0400390625,1765.3800048828125,120330100
2017-05-19,1768.280029296875,1771.5,1767.8900146484375,1768.4000244140625,165598700
2017-05-22,1774.949951171875,1774.949951171875,1768.97998046875,1772.1500244140625,99922600
2017-05-23,1767.1700439453125,1777.0799560546875,1767.1700439453125,1775.5799560546875,113057500
2017-05-24,1771.010009765625,1776.239990234375,1767.219970703125,1770.4599609375,128439700
2017-05-25,1773.9599609375,1782.5400390625,1773.219970703125,1774.300048828125,170177000
2017-05-26,1772.300048828125,1778.1800537109375,1769.469970703125,1773.9000244140625,128509300
2017-05-29,1764.8900146484375,1774.4300537109375,1764.8900146484375,1774.25,91653300
2017-05-31,1765.8699951171875,1769.4599609375,1761.1099853515625,1766.4200439453125,400141700
2017-06-01,1763.1099853515625,1765.8800048828125,1759.72998046875,1764.5699462890625,126574900
2017-06-02,1776.949951171875,1776.949951171875,1766.25,1767.5999755859375,138214800
2017-06-05,1787.949951171875,1790.22998046875,1775.02001953125,1777.3699951171875,141895700
2017-06-06,1791.010009765625,1795.0,1783.0799560546875,1787.489990234375,132470400
2017-06-07,1785.9200439453125,1792.6500244140625,1785.9200439453125,1789.6800537109375,134436600
2017-06-08,1785.5699462890625,1789.02001953125,1783.1300048828125,1784.75,112503300
2017-06-09,1788.8900146484375,1790.6400146484375,1781.22998046875,1782.8599853515625,114257900
2017-06-13,1784.43994140625,1793.010009765625,1784.31005859375,1789.699951171875,150882400
2017-06-14,1792.3499755859375,1793.0699462890625,1786.9200439453125,1789.3299560546875,144176400
2017-06-15,1790.010009765625,1795.010009765625,1788.27001953125,1792.949951171875,121057900
2017-06-16,1791.31005859375,1796.75,1787.8399658203125,1791.31005859375,196078400
2017-06-19,1788.9000244140625,1793.3900146484375,1785.25,1792.1300048828125,90553900
2017-06-20,1780.7099609375,1787.699951171875,1780.7099609375,1786.719970703125,130839600
2017-06-21,1775.5699462890625,1782.0899658203125,1773.6600341796875,1780.31005859375,142079300
2017-06-22,1777.4300537109375,1778.6800537109375,1775.0699462890625,1776.8900146484375,99536800
2017-06-23,1779.449951171875,1780.06005859375,1775.739990234375,1778.3499755859375,89543800
2017-06-28,1771.22998046875,1788.8699951171875,1770.780029296875,1787.18994140625,117464200
2017-06-29,1771.3599853515625,1775.8499755859375,1770.530029296875,1772.1800537109375,77021400
2017-06-30,1763.6700439453125,1772.5899658203125,1755.6500244140625,1770.3199462890625,172134200
2017-07-03,1768.6700439453125,1768.6700439453125,1756.3699951171875,1761.72998046875,111131500
2017-07-04,1762.0799560546875,1768.300048828125,1762.0799560546875,1767.6500244140625,106432100
2017-07-05,1768.1600341796875,1768.1600341796875,1761.1700439453125,1761.530029296875,95226500
2017-07-06,1770.530029296875,1770.530029296875,1765.75,1768.0,106672200
2017-07-07,1759.9300537109375,1768.6099853515625,1759.4599609375,1768.0699462890625,88116200
2017-07-10,1757.1300048828125,1760.43994140625,1754.5699462890625,1759.0999755859375,83774000
2017-07-11,1755.030029296875,1758.27001953125,1752.739990234375,1754.6199951171875,94035100
2017-07-12,1757.239990234375,1757.239990234375,1751.5899658203125,1755.93994140625,107446600
2017-07-13,1753.780029296875,1760.6600341796875,1752.5899658203125,1759.010009765625,133283000
2017-07-14,1755.0,1757.239990234375,1751.68994140625,1756.8199462890625,100337300
2017-07-17,1755.18994140625,1759.52001953125,1752.780029296875,1759.1199951171875,83293000
2017-07-18,1754.9200439453125,1758.1400146484375,1752.5699462890625,1758.1400146484375,107236000
2017-07-19,1757.27001953125,1760.8199462890625,1753.739990234375,1753.739990234375,103329400
2017-07-20,1755.6300048828125,1759.8499755859375,1753.9599609375,1759.8499755859375,114163100
2017-07-21,1759.1600341796875,1759.1600341796875,1752.4000244140625,1756.550048828125,97941500
2017-07-24,1761.989990234375,1761.989990234375,1757.219970703125,1761.3499755859375,86804900
2017-07-25,1763.3399658203125,1766.469970703125,1761.1600341796875,1766.0,85727300
2017-07-26,1766.0,1766.699951171875,1760.8199462890625,1766.0400390625,74870400
2017-07-27,1770.0699462890625,1772.030029296875,1765.8399658203125,1765.969970703125,104645300
2017-07-28,1767.0799560546875,1772.300048828125,1767.0799560546875,1769.489990234375,142813400
2017-07-31,1760.030029296875,1768.0999755859375,1760.030029296875,1767.9000244140625,144648300
2017-08-01,1765.1300048828125,1769.52001953125,1762.8800048828125,1765.030029296875,111385600
2017-08-02,1770.6099853515625,1771.3199462890625,1767.800048828125,1768.3800048828125,78741500
2017-08-03,1771.9000244140625,1772.5899658203125,1768.050048828125,1770.81005859375,67988400
2017-08-04,1774.530029296875,1774.530029296875,1770.1400146484375,1772.4599609375,64981900
2017-08-07,1777.9100341796875,1778.47998046875,1771.9000244140625,1775.52001953125,75684800
2017-08-08,1781.6500244140625,1782.6300048828125,1775.780029296875,1778.550048828125,106451200
2017-08-09,1777.93994140625,1779.77001953125,1775.989990234375,1777.300048828125,77814000
2017-08-10,1777.77001953125,1778.1800537109375,1773.6400146484375,1776.93994140625,63068000
2017-08-11,1766.9599609375,1775.3399658203125,1766.9599609375,1774.8800048828125,88842700
2017-08-14,1771.0799560546875,1772.56005859375,1766.3699951171875,1766.5,81596300
2017-08-15,1772.3900146484375,1773.6600341796875,1768.760009765625,1772.8699951171875,72445400
2017-08-16,1773.75,1774.6099853515625,1771.5999755859375,1772.8900146484375,74358800
2017-08-17,1776.31005859375,1776.31005859375,1773.239990234375,1774.81005859375,73161800
2017-08-18,1776.219970703125,1776.219970703125,1770.0400390625,1772.3399658203125,68169500
2017-08-21,1771.6199951171875,1775.800048828125,1771.6199951171875,1774.719970703125,88276900
2017-08-22,1774.219970703125,1775.800048828125,1771.3900146484375,1771.469970703125,96293000
2017-08-23,1772.93994140625,1777.1800537109375,1770.949951171875,1775.3499755859375,98323600
2017-08-24,1775.5,1775.760009765625,1768.52001953125,1772.75,95776900
2017-08-25,1769.1700439453125,1773.68994140625,1764.0699462890625,1772.0999755859375,95345200
2017-08-28,1769.489990234375,1771.8499755859375,1765.6500244140625,1766.5899658203125,74307300
2017-08-29,1761.1400146484375,1767.22998046875,1756.9200439453125,1766.8699951171875,101802200
2017-08-30,1773.1600341796875,1773.1600341796875,1757.8900146484375,1758.5899658203125,130793600
2017-09-05,1769.6300048828125,1785.68994140625,1766.050048828125,1785.68994140625,124909900
2017-09-06,1772.47998046875,1772.6199951171875,1767.0699462890625,1768.8299560546875,90087500
2017-09-07,1782.97998046875,1782.97998046875,1772.5699462890625,1775.06005859375,129180600
2017-09-08,1779.9000244140625,1782.81005859375,1775.06005859375,1781.0699462890625,109063500
2017-09-11,1782.739990234375,1784.25,1778.27001953125,1780.27001953125,98964900
2017-09-12,1789.8599853515625,1789.8599853515625,1781.5400390625,1782.2900390625,105056000
2017-09-13,1786.0699462890625,1793.219970703125,1785.5,1789.3800048828125,91932200
2017-09-14,1781.3699951171875,1788.469970703125,1780.7900390625,1786.1400146484375,98234900
2017-09-15,1786.3299560546875,1786.3299560546875,1776.8699951171875,1783.989990234375,176761100
2017-09-18,1783.6600341796875,1787.010009765625,1780.199951171875,1782.9300537109375,69144300
2017-09-19,1776.6600341796875,1783.6800537109375,1775.300048828125,1783.6800537109375,101769700
2017-09-20,1773.5799560546875,1777.030029296875,1770.43994140625,1777.030029296875,133711700
2017-09-21,1771.0400390625,1776.31005859375,1770.699951171875,1775.449951171875,0
2017-09-25,1769.1400146484375,1772.18994140625,1768.1600341796875,1771.3900146484375,142320900
2017-09-26,1765.5899658203125,1769.1199951171875,1761.2099609375,1768.550048828125,145449600
2017-09-27,1764.239990234375,1768.18994140625,1762.0899658203125,1767.6199951171875,115484600
2017-09-28,1758.06005859375,1767.1800537109375,1758.06005859375,1765.8299560546875,125958800
2017-09-29,1755.5799560546875,1760.25,1753.0,1760.25,127121800
2017-10-02,1754.780029296875,1758.1500244140625,1750.93994140625,1755.219970703125,98415100
2017-10-03,1759.6700439453125,1759.780029296875,1754.72998046875,1756.510009765625,103808500
2017-10-04,1761.8399658203125,1762.7099609375,1758.8199462890625,1759.81005859375,77042300
2017-10-05,1759.0899658203125,1761.1600341796875,1757.6099853515625,1760.56005859375,77163600
2017-10-06,1764.0,1764.0,1758.02001953125,1758.02001953125,89328200
2017-10-09,1764.030029296875,1765.47998046875,1762.260009765625,1763.6500244140625,75279900
2017-10-10,1761.1300048828125,1762.6400146484375,1758.5400390625,1760.68994140625,75635700
2017-10-11,1757.2099609375,1762.969970703125,1752.9000244140625,1761.1199951171875,112021400
2017-10-12,1754.0,1760.3199462890625,1751.199951171875,1760.3199462890625,106812000
2017-10-13,1755.3199462890625,1756.1700439453125,1751.6199951171875,1756.0,86670200
2017-10-16,1754.3699951171875,1759.31005859375,1749.489990234375,1759.1199951171875,87684100
2017-10-17,1748.989990234375,1755.4300537109375,1748.989990234375,1753.43994140625,117488400
2017-10-19,1743.989990234375,1750.5899658203125,1741.6199951171875,1749.8499755859375,129136400
2017-10-20,1740.6500244140625,1745.4100341796875,1740.6500244140625,1745.030029296875,97023900
2017-10-23,1741.469970703125,1744.8599853515625,1741.3800048828125,1742.2900390625,87468500
2017-10-24,1736.1400146484375,1745.47998046875,1736.0999755859375,1742.43994140625,100541600
2017-10-25,1739.050048828125,1740.510009765625,1733.6700439453125,1737.030029296875,88279300
2017-10-26,1736.800048828125,1740.8399658203125,1734.9300537109375,1740.2099609375,109206400
2017-10-27,1746.1300048828125,1751.5,1739.8900146484375,1741.3399658203125,149751200
2017-10-30,1748.3499755859375,1750.8499755859375,1746.4599609375,1747.9100341796875,83278200
2017-10-31,1747.9200439453125,1751.260009765625,1742.5999755859375,1747.4000244140625,168713800
2017-11-01,1743.9300537109375,1748.800048828125,1742.3499755859375,1747.7900390625,94731600
2017-11-02,1741.050048828125,1747.1700439453125,1739.800048828125,1743.93994140625,83790500
2017-11-03,1740.9300537109375,1744.7900390625,1739.5999755859375,1744.6800537109375,79191000
2017-11-06,1742.2900390625,1745.4100341796875,1741.4300537109375,1743.25,84655000
2017-11-07,1750.93994140625,1750.93994140625,1742.43994140625,1742.68994140625,107784700
2017-11-08,1744.199951171875,1749.8299560546875,1744.0899658203125,1746.8800048828125,91586500
2017-11-09,1746.81005859375,1749.31005859375,1742.3199462890625,1743.72998046875,106910200
2017-11-10,1742.280029296875,1748.93994140625,1740.93994140625,1746.530029296875,90901000
2017-11-13,1737.489990234375,1746.719970703125,1737.489990234375,1743.1400146484375,98390000
2017-11-14,1733.6099853515625,1744.6099853515625,1733.31005859375,1743.27001953125,126684100
2017-11-15,1722.989990234375,1736.4000244140625,1722.989990234375,1733.9000244140625,141698400
2017-11-16,1718.1099853515625,1725.719970703125,1716.969970703125,1723.0400390625,145089800
2017-11-17,1721.6600341796875,1725.68994140625,1719.8699951171875,1720.81005859375,107675900
2017-11-20,1718.3599853515625,1725.3499755859375,1717.449951171875,1723.77001953125,105988100
2017-11-21,1720.6800537109375,1722.72998046875,1716.449951171875,1718.8299560546875,106683300
2017-11-22,1723.5400390625,1727.77001953125,1721.3599853515625,1724.5899658203125,131412600
2017-11-23,1721.27001953125,1728.1800537109375,1720.5899658203125,1723.4200439453125,75245900
2017-11-24,1717.22998046875,1720.3800048828125,1713.260009765625,1720.050048828125,163591900
2017-11-27,1719.8599853515625,1719.8599853515625,1712.969970703125,1718.3699951171875,93008200
2017-11-28,1714.4200439453125,1716.7900390625,1709.93994140625,1716.1199951171875,110163100
2017-11-29,1720.3800048828125,1720.5699462890625,1714.469970703125,1716.280029296875,132404400
2017-11-30,1717.8599853515625,1727.6199951171875,1716.760009765625,1719.6199951171875,453406300
2017-12-01,1717.8599853515625,1727.6199951171875,1716.760009765625,1719.6199951171875,0
2017-12-04,1713.1300048828125,1717.989990234375,1709.1700439453125,1717.97998046875,178832000
2017-12-05,1724.8399658203125,1724.8399658203125,1708.47998046875,1708.47998046875,129146400
2017-12-06,1718.3299560546875,1722.949951171875,1715.0999755859375,1720.72998046875,170781200
2017-12-07,1719.050048828125,1723.4000244140625,1718.469970703125,1721.7099609375,175825000
2017-12-08,1721.25,1724.5899658203125,1718.8800048828125,1721.280029296875,179728900
2017-12-11,1719.469970703125,1725.739990234375,1718.300048828125,1720.9300537109375,127972100
2017-12-12,1729.5699462890625,1729.5699462890625,1717.3199462890625,1718.760009765625,149257100
2017-12-13,1737.6600341796875,1737.6600341796875,1725.949951171875,1728.8399658203125,169940300
2017-12-14,1759.0,1759.75,1736.0699462890625,1738.0799560546875,217130600
2017-12-15,1753.0699462890625,1760.02001953125,1745.6500244140625,1757.06005859375,285488600
2017-12-18,1751.6400146484375,1755.199951171875,1747.6199951171875,1754.050048828125,119461800
2017-12-19,1736.949951171875,1744.3900146484375,1732.9300537109375,1743.72998046875,190151500
2017-12-20,1746.6300048828125,1751.949951171875,1735.43994140625,1735.9200439453125,131703500
2017-12-21,1751.2099609375,1752.25,1744.2099609375,1750.5899658203125,137785100
2017-12-22,1760.239990234375,1760.239990234375,1748.489990234375,1752.8499755859375,87122300
2017-12-26,1759.989990234375,1760.449951171875,1753.25,1758.510009765625,97936300
2017-12-27,1771.760009765625,1771.760009765625,1760.68994140625,1760.7099609375,100614600
2017-12-28,1779.0999755859375,1781.8399658203125,1769.5999755859375,1771.949951171875,99103500
2017-12-29,1796.81005859375,1796.81005859375,1776.93994140625,1780.6500244140625,141068000
2018-01-02,1782.699951171875,1783.47998046875,1772.0,1783.0999755859375,82478600
2018-01-03,1792.7900390625,1795.8699951171875,1785.2099609375,1785.7900390625,167780400
2018-01-04,1803.449951171875,1803.449951171875,1795.56005859375,1795.56005859375,161150500
2018-01-05,1817.969970703125,1817.969970703125,1803.81005859375,1804.7900390625,180760700
2018-01-08,1832.1500244140625,1832.1500244140625,1813.030029296875,1819.739990234375,176714600
2018-01-09,1826.949951171875,1840.3499755859375,1823.52001953125,1837.260009765625,179868700
2018-01-10,1822.9200439453125,1830.6300048828125,1821.27001953125,1828.9000244140625,153210100
2018-01-11,1816.8800048828125,1823.31005859375,1812.780029296875,1822.02001953125,142258600
2018-01-12,1822.6700439453125,1825.81005859375,1818.780029296875,1825.010009765625,155170700
2018-01-15,1825.9100341796875,1827.8499755859375,1824.56005859375,1825.239990234375,126978700
2018-01-16,1826.030029296875,1827.6800537109375,1818.6400146484375,1827.6800537109375,147124200
2018-01-17,1828.6300048828125,1828.6300048828125,1821.5400390625,1824.550048828125,131056800
2018-01-18,1821.5999755859375,1831.3199462890625,1821.2099609375,1831.239990234375,174454400
2018-01-19,1828.8299560546875,1828.8299560546875,1821.6800537109375,1823.3900146484375,149331000
2018-01-22,1833.1500244140625,1835.2099609375,1825.8599853515625,1835.2099609375,114853600
2018-01-23,1838.0400390625,1838.0400390625,1830.97998046875,1836.0999755859375,141070000
2018-01-24,1837.0400390625,1838.3399658203125,1834.489990234375,1838.1199951171875,115614700
2018-01-25,1845.8599853515625,1845.8599853515625,1836.43994140625,1836.550048828125,161666800
2018-01-26,1853.9200439453125,1853.9200439453125,1842.56005859375,1843.949951171875,120159700
2018-01-29,1870.52001953125,1870.52001953125,1855.0899658203125,1855.0899658203125,140095500
2018-01-30,1868.5799560546875,1872.699951171875,1861.5799560546875,1865.3499755859375,155576300
2018-02-02,1870.47998046875,1880.56005859375,1863.4300537109375,1875.3399658203125,206468400
2018-02-05,1853.0699462890625,1857.3900146484375,1842.06005859375,1847.8499755859375,168655800
2018-02-06,1812.449951171875,1820.3699951171875,1795.8499755859375,1814.4300537109375,324586800
2018-02-07,1836.6800537109375,1841.0799560546875,1825.800048828125,1827.1099853515625,207526200
2018-02-08,1839.43994140625,1842.6500244140625,1834.8299560546875,1837.699951171875,113539200
2018-02-09,1819.8199462890625,1824.22998046875,1806.25,1806.81005859375,159549500
2018-02-12,1830.1700439453125,1834.449951171875,1824.8900146484375,1825.4300537109375,130669400
2018-02-13,1833.02001953125,1835.1700439453125,1830.280029296875,1833.81005859375,130717500
2018-02-14,1834.9300537109375,1837.800048828125,1829.7099609375,1835.6500244140625,92511300
2018-02-15,1838.280029296875,1842.72998046875,1837.989990234375,1840.72998046875,58472000
2018-02-19,1857.3199462890625,1858.22998046875,1841.780029296875,1843.02001953125,91870900
2018-02-20,1855.989990234375,1861.0999755859375,1852.9599609375,1855.3800048828125,114576800
2018-02-21,1858.1700439453125,1860.4300537109375,1852.1400146484375,1853.510009765625,117562200
2018-02-22,1855.0699462890625,1860.010009765625,1854.030029296875,1854.25,93900400
2018-02-23,1861.5,1864.949951171875,1853.6600341796875,1853.6600341796875,140969400
2018-02-26,1860.0799560546875,1867.97998046875,1859.97998046875,1864.2099609375,145499500
2018-02-27,1871.4599609375,1872.3499755859375,1865.7900390625,1867.1500244140625,164131900
2018-02-28,1856.199951171875,1872.02001953125,1856.199951171875,1871.4000244140625,235215000
2018-03-01,1860.8599853515625,1862.81005859375,1851.510009765625,1852.56005859375,125927000
2018-03-02,1856.0699462890625,1860.6400146484375,1854.25,1857.81005859375,139545600
2018-03-05,1842.6199951171875,1853.75,1840.0400390625,1853.75,127342400
2018-03-06,1848.3699951171875,1850.1800537109375,1845.760009765625,1848.1800537109375,150597000
2018-03-07,1837.9000244140625,1848.8499755859375,1834.6600341796875,1847.02001953125,166805500
2018-03-08,1839.6199951171875,1846.6700439453125,1838.300048828125,1838.300048828125,115620000
2018-03-09,1843.9200439453125,1844.97998046875,1840.1800537109375,1842.0999755859375,94917800
2018-03-12,1861.219970703125,1861.22998046875,1850.6199951171875,1851.6600341796875,124343000
2018-03-13,1864.030029296875,1864.31005859375,1853.969970703125,1855.0799560546875,90459000
2018-03-14,1857.06005859375,1863.6700439453125,1855.1400146484375,1862.489990234375,85045900
2018-03-15,1845.27001953125,1854.1199951171875,1845.27001953125,1854.1199951171875,120354900
2018-03-16,1846.3900146484375,1851.75,1838.4000244140625,1843.47998046875,259673900
2018-03-19,1847.93994140625,1850.1600341796875,1845.449951171875,1846.9200439453125,78126100
2018-03-20,1856.3900146484375,1856.3900146484375,1841.469970703125,1845.489990234375,116434600
2018-03-21,1865.800048828125,1865.800048828125,1856.8399658203125,1859.530029296875,141070100
2018-03-22,1876.8699951171875,1876.8699951171875,1865.8299560546875,1865.8299560546875,105038400
2018-03-23,1865.219970703125,1867.1600341796875,1857.260009765625,1860.5799560546875,116611300
2018-03-26,1859.9100341796875,1862.4100341796875,1852.550048828125,1860.8800048828125,82974000
2018-03-27,1862.449951171875,1867.1099853515625,1861.56005859375,1862.1500244140625,92825300
2018-03-28,1857.8699951171875,1861.25,1855.1199951171875,1858.530029296875,95934800
2018-03-29,1856.3499755859375,1860.56005859375,1854.5,1859.3399658203125,119997300
2018-03-30,1863.4599609375,1866.3499755859375,1856.300048828125,1859.3699951171875,104821900
2018-04-02,1858.3499755859375,1864.1700439453125,1857.43994140625,1863.06005859375,69649600
2018-04-03,1850.780029296875,1858.780029296875,1849.0799560546875,1853.5,78283400
2018-04-04,1815.93994140625,1851.739990234375,1811.56005859375,1846.77001953125,131704600
2018-04-05,1836.1300048828125,1838.81005859375,1824.4200439453125,1824.4599609375,100232000
2018-04-06,1837.010009765625,1839.0699462890625,1826.3199462890625,1839.050048828125,87193000
2018-04-09,1849.7099609375,1850.010009765625,1833.1400146484375,1837.6800537109375,106154800
2018-04-10,1860.97998046875,1860.97998046875,1846.780029296875,1847.530029296875,131872300
2018-04-11,1869.8900146484375,1871.72998046875,1863.300048828125,1863.300048828125,137018500
2018-04-12,1873.6199951171875,1873.6199951171875,1865.1400146484375,1872.1300048828125,96906900
2018-04-13,1868.469970703125,1871.1300048828125,1866.02001953125,1867.2900390625,109125300
2018-04-16,1878.760009765625,1878.760009765625,1867.2099609375,1868.68994140625,97140800
2018-04-17,1880.489990234375,1885.1199951171875,1873.0899658203125,1874.1099853515625,149222800
2018-04-18,1879.3199462890625,1884.8399658203125,1873.1099853515625,1883.989990234375,99554700
2018-04-19,1895.1800537109375,1895.1800537109375,1883.6500244140625,1888.8299560546875,168730800
2018-04-20,1887.75,1896.030029296875,1883.8199462890625,1895.550048828125,120100600
2018-04-23,1880.3599853515625,1891.5899658203125,1878.3699951171875,1890.4599609375,81166400
2018-04-24,1865.3399658203125,1885.3199462890625,1865.3399658203125,1883.75,128723900
2018-04-25,1851.9300537109375,1863.75,1850.280029296875,1863.47998046875,109491300
2018-04-26,1852.27001953125,1863.5699462890625,1846.5400390625,1856.18994140625,116310300
2018-04-27,1863.469970703125,1866.8800048828125,1856.5899658203125,1864.239990234375,110407200
2018-04-30,1870.3699951171875,1873.3900146484375,1860.25,1860.8399658203125,109653700
2018-05-02,1852.030029296875,1860.8199462890625,1842.56005859375,1859.4599609375,0
2018-05-03,1851.800048828125,1856.9200439453125,1847.0999755859375,1848.6300048828125,0
2018-05-04,1841.8299560546875,1852.75,1841.8299560546875,1851.239990234375,143241200
2018-05-07,1828.199951171875,1842.56005859375,1821.7900390625,1842.56005859375,127609200
2018-05-08,1846.510009765625,1851.72998046875,1819.280029296875,1819.949951171875,179708900
2018-05-14,1850.4200439453125,1876.6199951171875,1797.1400146484375,1814.449951171875,402485400
2018-05-15,1848.199951171875,1860.5899658203125,1848.199951171875,1857.219970703125,243343600
2018-05-16,1858.260009765625,1862.3499755859375,1841.8299560546875,1851.8299560546875,169340900
2018-05-17,1854.43994140625,1867.0899658203125,1854.43994140625,1864.780029296875,195599600
2018-05-18,1854.5,1862.18994140625,1853.5699462890625,1858.6199951171875,185679600
2018-05-21,1853.5799560546875,1864.93994140625,1851.6800537109375,1858.31005859375,193998500
2018-05-22,1845.030029296875,1854.6099853515625,1844.0699462890625,1854.6099853515625,154723700
2018-05-23,1804.25,1843.4000244140625,1804.25,1843.4000244140625,225747400
2018-05-24,1775.6600341796875,1809.9000244140625,1768.1800537109375,1808.3199462890625,270428400
2018-05-25,1797.4000244140625,1797.81005859375,1785.1199951171875,1792.800048828125,216133800
2018-05-28,1775.8399658203125,1793.5400390625,1774.4000244140625,1793.449951171875,158632200
2018-05-30,1719.280029296875,1759.56005859375,1709.510009765625,1759.56005859375,0
2018-05-31,1740.6199951171875,1754.43994140625,1725.1600341796875,1731.6500244140625,0
2018-06-01,1756.3800048828125,1760.4599609375,1737.719970703125,1739.9300537109375,191161600
2018-06-04,1755.1700439453125,1761.6099853515625,1745.75,1761.6099853515625,0
2018-06-05,1755.1400146484375,1756.77001953125,1747.760009765625,1754.18994140625,184442100
2018-06-06,1777.1300048828125,1778.469970703125,1751.030029296875,1753.6600341796875,189426700
2018-06-07,1785.81005859375,1801.4200439453125,1778.22998046875,1779.969970703125,198144000
2018-06-08,1778.3199462890625,1789.199951171875,1772.9000244140625,1787.9000244140625,132005100
2018-06-11,1775.800048828125,1788.1600341796875,1770.8299560546875,1774.4200439453125,123441200
2018-06-12,1764.1600341796875,1776.0999755859375,1764.1600341796875,1774.8499755859375,129389900
2018-06-13,1763.5699462890625,1764.5,1755.3800048828125,1761.56005859375,123385000
2018-06-14,1761.780029296875,1762.219970703125,1745.449951171875,1750.9100341796875,291401500
2018-06-18,1743.4300537109375,1748.6700439453125,1735.300048828125,1745.5799560546875,144448400
2018-06-19,1715.3599853515625,1739.25,1715.3599853515625,1738.199951171875,169545000
2018-06-20,1709.75,1728.68994140625,1709.75,1719.6600341796875,130129700
2018-06-21,1692.3199462890625,1710.7099609375,1681.8900146484375,1710.43994140625,223105800
2018-06-22,1694.1500244140625,1699.949951171875,1678.030029296875,1682.969970703125,164542200
2018-06-25,1678.0999755859375,1707.02001953125,1678.0999755859375,1707.02001953125,133576700
2018-06-26,1675.8599853515625,1681.5400390625,1673.260009765625,1679.239990234375,131457100
2018-06-27,1666.0799560546875,1681.43994140625,1666.0799560546875,1674.239990234375,131693700
2018-06-28,1665.6800537109375,1670.8499755859375,1657.780029296875,1659.1700439453125,110544300
2018-06-29,1691.5,1701.6500244140625,1664.68994140625,1665.0400390625,213370200
2018-07-02,1685.050048828125,1697.1500244140625,1677.3299560546875,1694.9300537109375,111616900
2018-07-03,1680.3699951171875,1689.9100341796875,1674.1099853515625,1684.72998046875,116874000
2018-07-04,1688.449951171875,1690.56005859375,1680.6099853515625,1682.9599609375,114306000
2018-07-05,1690.6500244140625,1691.6199951171875,1682.3499755859375,1690.219970703125,79773100
2018-07-06,1663.8599853515625,1694.81005859375,1663.8599853515625,1694.52001953125,132523200
2018-07-09,1672.6300048828125,1674.6099853515625,1662.5799560546875,1663.9599609375,101083300
2018-07-10,1687.1300048828125,1687.1300048828125,1675.050048828125,1675.050048828125,101538100
2018-07-11,1688.77001953125,1689.3399658203125,1679.1800537109375,1683.050048828125,93739500
2018-07-12,1703.5699462890625,1704.8699951171875,1686.1400146484375,1689.2900390625,133517800
2018-07-13,1721.9300537109375,1721.9300537109375,1706.6099853515625,1710.6700439453125,149020300
2018-07-16,1726.6700439453125,1726.6700439453125,1717.1700439453125,1722.6500244140625,110294300
2018-07-17,1737.280029296875,1737.280029296875,1726.0400390625,1727.0400390625,105144800
2018-07-18,1753.0699462890625,1753.0699462890625,1730.3800048828125,1733.8900146484375,120257900
2018-07-19,1759.239990234375,1764.1500244140625,1754.1800537109375,1754.18994140625,148241800
2018-07-20,1754.6700439453125,1758.6300048828125,1749.52001953125,1758.510009765625,108322000
2018-07-23,1757.9599609375,1760.8399658203125,1749.949951171875,1753.1400146484375,80128500
2018-07-24,1762.9300537109375,1764.5699462890625,1756.9000244140625,1757.5400390625,109374600
2018-07-25,1763.780029296875,1766.050048828125,1760.77001953125,1760.949951171875,100181900
2018-07-26,1766.22998046875,1769.219970703125,1762.1500244140625,1768.3199462890625,139868700
2018-07-27,1769.1400146484375,1769.1400146484375,1760.25,1764.06005859375,111728800
2018-07-30,1770.260009765625,1770.469970703125,1764.280029296875,1767.5899658203125,104899900
2018-07-31,1784.25,1784.25,1764.2099609375,1768.22998046875,201494800
2018-08-01,1788.31005859375,1788.31005859375,1777.5799560546875,1777.8499755859375,104621800
2018-08-02,1778.1300048828125,1788.31005859375,1775.8499755859375,1788.31005859375,106335700
2018-08-03,1780.0899658203125,1782.77001953125,1773.8900146484375,1782.739990234375,90289700
2018-08-06,1779.75,1782.18994140625,1777.780029296875,1781.760009765625,87316900
2018-08-07,1791.0899658203125,1791.97998046875,1782.219970703125,1784.3399658203125,122538900
2018-08-08,1804.72998046875,1804.72998046875,1793.1099853515625,1793.1600341796875,140245700
2018-08-09,1804.949951171875,1811.2900390625,1803.0,1803.5400390625,113166900
2018-08-10,1805.75,1812.68994140625,1804.0899658203125,1804.27001953125,117721300
2018-08-13,1783.3399658203125,1804.4100341796875,1782.699951171875,1803.6500244140625,155601600
2018-08-14,1783.780029296875,1788.3399658203125,1778.199951171875,1779.7900390625,132179000
2018-08-15,1785.93994140625,1789.050048828125,1783.5799560546875,1784.5799560546875,104030200
2018-08-16,1777.27001953125,1782.280029296875,1773.739990234375,1782.1199951171875,100411300
2018-08-17,1783.469970703125,1785.030029296875,1780.260009765625,1780.6400146484375,103254000
2018-08-20,1787.5799560546875,1791.1400146484375,1782.739990234375,1784.4300537109375,83745600
2018-08-21,1798.1099853515625,1798.1099853515625,1788.8599853515625,1790.25,115693500
2018-08-24,1808.5899658203125,1808.5899658203125,1798.8399658203125,1806.3499755859375,83634200
2018-08-27,1811.5999755859375,1814.780029296875,1804.8900146484375,1807.5999755859375,104983400
2018-08-28,1826.9000244140625,1826.9000244140625,1811.1300048828125,1811.3900146484375,127891000
2018-08-29,1820.6400146484375,1822.4300537109375,1815.739990234375,1821.8599853515625,151407400
2018-08-30,1819.6600341796875,1823.239990234375,1817.8299560546875,1821.5400390625,169479500
2018-09-03,1813.5799560546875,1822.52001953125,1809.5699462890625,1821.06005859375,81803600
2018-09-04,1812.760009765625,1813.93994140625,1809.239990234375,1812.75,88125700
2018-09-05,1795.5,1807.9200439453125,1795.5,1805.3399658203125,167730800
2018-09-06,1798.5699462890625,1802.5999755859375,1794.7900390625,1795.8199462890625,114866200
2018-09-07,1799.1700439453125,1802.1199951171875,1795.2900390625,1801.280029296875,96928500
2018-09-12,1785.25,1822.6800537109375,1780.9100341796875,1810.18994140625,0
2018-09-13,1792.5999755859375,1792.9599609375,1777.449951171875,1786.949951171875,0
2018-09-14,1803.760009765625,1804.8900146484375,1789.5999755859375,1790.56005859375,145847700
2018-09-18,1792.93994140625,1797.969970703125,1788.52001953125,1791.8599853515625,130734400
2018-09-19,1800.7099609375,1805.6500244140625,1794.6099853515625,1794.719970703125,115087000
2018-09-20,1803.699951171875,1810.2099609375,1803.06005859375,1804.010009765625,131592000
2018-09-21,1810.6400146484375,1813.530029296875,1809.43994140625,1811.6800537109375,310386500
2018-09-24,1800.1700439453125,1812.18994140625,1797.3499755859375,1809.22998046875,88640200
2018-09-25,1794.469970703125,1800.8699951171875,1794.469970703125,1798.1400146484375,103829100
2018-09-26,1798.719970703125,1800.699951171875,1787.6199951171875,1789.0,120384900
2018-09-27,1798.6400146484375,1803.7099609375,1793.8299560546875,1795.949951171875,106939200
2018-09-28,1793.1500244140625,1798.6800537109375,1791.0999755859375,1795.9100341796875,171645000
2018-10-01,1792.4599609375,1797.8499755859375,1792.1500244140625,1795.989990234375,69391200
2018-10-02,1798.1500244140625,1798.1500244140625,1791.6700439453125,1792.72998046875,87150500
2018-10-03,1796.300048828125,1799.800048828125,1794.22998046875,1797.9000244140625,80921900
2018-10-04,1790.1099853515625,1798.239990234375,1787.8800048828125,1796.7900390625,152987000
2018-10-05,1777.1500244140625,1787.52001953125,1776.52001953125,1787.52001953125,113078800
2018-10-08,1775.75,1778.18994140625,1769.719970703125,1773.510009765625,83178800
2018-10-09,1774.1500244140625,1776.6800537109375,1771.1600341796875,1773.030029296875,74257100
2018-10-10,1735.1800537109375,1781.7900390625,1732.5,1781.719970703125,201166900
2018-10-11,1708.489990234375,1708.77001953125,1682.97998046875,1699.760009765625,292382900
2018-10-12,1730.739990234375,1732.1600341796875,1703.9200439453125,1703.9200439453125,166778700
2018-10-15,1728.739990234375,1739.3199462890625,1726.25,1729.4000244140625,119495300
2018-10-16,1736.8399658203125,1736.8399658203125,1727.3399658203125,1728.1700439453125,86675100
2018-10-17,1740.5899658203125,1742.800048828125,1737.2900390625,1741.530029296875,121545800
2018-10-18,1738.010009765625,1740.8299560546875,1735.0699462890625,1738.4000244140625,123852600
2018-10-19,1732.1400146484375,1733.7099609375,1718.1300048828125,1733.7099609375,121691000
2018-10-22,1722.469970703125,1730.27001953125,1722.1199951171875,1730.260009765625,88359400
2018-10-23,1697.5999755859375,1721.9100341796875,1697.5999755859375,1721.5,129926500
2018-10-24,1690.0400390625,1706.1800537109375,1689.530029296875,1697.0999755859375,115076700
2018-10-25,1686.5899658203125,1686.5899658203125,1670.3399658203125,1679.3599853515625,165681800
2018-10-26,1683.06005859375,1691.43994140625,1678.3499755859375,1690.47998046875,97064700
2018-10-29,1683.72998046875,1686.8299560546875,1680.5899658203125,1682.550048828125,70025000
2018-10-30,1685.93994140625,1696.989990234375,1680.969970703125,1688.1800537109375,93898200
2018-10-31,1709.27001953125,1711.949951171875,1689.4300537109375,1691.3900146484375,171184400
2018-11-01,1706.9200439453125,1711.3900146484375,1701.280029296875,1710.5899658203125,92080900
2018-11-02,1713.8699951171875,1720.1300048828125,1705.31005859375,1710.97998046875,152678800
2018-11-05,1708.800048828125,1720.0699462890625,1699.5999755859375,1720.0699462890625,516415800
2018-11-07,1714.8800048828125,1715.97998046875,1704.9300537109375,1712.7099609375,220065600
2018-11-08,1721.4200439453125,1726.0999755859375,1718.469970703125,1725.9599609375,167296900
2018-11-09,1708.0899658203125,1719.72998046875,1705.0999755859375,1719.280029296875,114310200
2018-11-12,1696.1400146484375,1706.3399658203125,1696.1400146484375,1704.0799560546875,78844500
2018-11-13,1687.5699462890625,1691.9100341796875,1680.0899658203125,1686.6600341796875,126718900
2018-11-14,1688.4100341796875,1688.4100341796875,1678.8199462890625,1685.68994140625,110701600
2018-11-15,1694.2099609375,1698.1400146484375,1685.199951171875,1686.4300537109375,113041000
2018-11-16,1706.3800048828125,1708.9599609375,1701.9200439453125,1705.81005859375,102429800
2018-11-19,1710.7099609375,1712.969970703125,1698.510009765625,1712.81005859375,100932200
2018-11-21,1695.3699951171875,1698.6800537109375,1689.6800537109375,1694.5699462890625,113547300
2018-11-22,1695.6199951171875,1701.739990234375,1689.030029296875,1694.5899658203125,77520800
2018-11-23,1695.8800048828125,1696.5400390625,1689.1400146484375,1696.469970703125,49402300
2018-11-26,1701.989990234375,1701.989990234375,1688.449951171875,1693.0400390625,87702600
2018-11-27,1684.969970703125,1699.0899658203125,1683.1500244140625,1698.719970703125,387026600
2018-11-28,1686.550048828125,1688.7099609375,1678.47998046875,1685.800048828125,219608000
2018-11-29,1696.3399658203125,1702.6300048828125,1694.8499755859375,1694.8499755859375,239491000
2018-11-30,1679.8599853515625,1702.97998046875,1677.449951171875,1701.56005859375,288367600
2018-12-03,1699.719970703125,1700.6700439453125,1685.739990234375,1685.739990234375,189416100
2018-12-04,1694.989990234375,1698.510009765625,1688.8800048828125,1696.81005859375,165117800
2018-12-05,1688.27001953125,1688.5999755859375,1683.030029296875,1683.5799560546875,100811100
2018-12-06,1683.3399658203125,1686.489990234375,1670.8800048828125,1683.3499755859375,126784300
2018-12-07,1680.5400390625,1684.3599853515625,1676.5999755859375,1681.3699951171875,87826900
2018-12-10,1663.31005859375,1674.6700439453125,1662.81005859375,1674.6700439453125,86926600
2018-12-11,1652.6300048828125,1665.68994140625,1652.6300048828125,1656.550048828125,109946500
2018-12-12,1663.27001953125,1667.699951171875,1656.469970703125,1657.0899658203125,133475300
2018-12-13,1676.0,1677.9100341796875,1670.1199951171875,1671.1099853515625,121513500
2018-12-14,1661.9599609375,1671.72998046875,1661.300048828125,1670.050048828125,99035200
2018-12-17,1641.6199951171875,1660.6600341796875,1641.6199951171875,1649.280029296875,68365600
2018-12-18,1635.31005859375,1643.8800048828125,1626.9300537109375,1628.469970703125,127769100
2018-12-19,1655.6600341796875,1655.6600341796875,1634.550048828125,1635.93994140625,197735000
2018-12-20,1650.56005859375,1651.6300048828125,1630.949951171875,1634.4100341796875,136551300
2018-12-21,1670.280029296875,1672.2099609375,1642.7900390625,1645.3199462890625,158083300
2018-12-24,1683.8199462890625,1683.8199462890625,1658.0999755859375,1669.989990234375,49717200
2018-12-26,1672.5999755859375,1674.8499755859375,1660.800048828125,1668.68994140625,60187400
2018-12-27,1690.719970703125,1691.6500244140625,1677.3299560546875,1679.7099609375,59158000
2018-12-28,1692.0699462890625,1694.0799560546875,1684.469970703125,1687.9100341796875,67519000
2018-12-31,1690.5799560546875,1701.0999755859375,1689.0400390625,1693.760009765625,83199200
2019-01-02,1668.1099853515625,1694.0999755859375,1666.0699462890625,1693.510009765625,47769800
2019-01-03,1675.8299560546875,1680.780029296875,1666.219970703125,1675.1600341796875,69484500
2019-01-04,1669.780029296875,1676.550048828125,1668.1500244140625,1672.5799560546875,64869000
2019-01-07,1679.1700439453125,1687.1300048828125,1673.030029296875,1674.9200439453125,144668500
2019-01-08,1672.760009765625,1686.3699951171875,1670.6700439453125,1685.719970703125,176071900
2019-01-09,1667.8299560546875,1684.0799560546875,1667.8299560546875,1679.06005859375,176278400
2019-01-10,1678.8800048828125,1681.22998046875,1669.280029296875,1677.3800048828125,156200700
2019-01-11,1683.219970703125,1684.989990234375,1676.75,1684.989990234375,139377800
2019-01-14,1676.1600341796875,1684.18994140625,1672.27001953125,1683.050048828125,87794700
2019-01-15,1679.4200439453125,1679.4200439453125,1672.550048828125,1674.8299560546875,136098300
2019-01-16,1673.0799560546875,1676.3399658203125,1668.4300537109375,1675.780029296875,111608800
2019-01-17,1682.969970703125,1684.239990234375,1674.3599853515625,1680.2099609375,140150900
2019-01-18,1692.219970703125,1692.219970703125,1681.8900146484375,1682.0799560546875,133706000
2019-01-22,1702.1199951171875,1702.1199951171875,1688.18994140625,1698.8800048828125,128811400
2019-01-23,1688.1400146484375,1691.22998046875,1680.8399658203125,1690.760009765625,127894400
2019-01-24,1693.5899658203125,1694.5899658203125,1686.8699951171875,1689.300048828125,153312500
2019-01-25,1701.030029296875,1701.030029296875,1695.3800048828125,1699.5899658203125,130046000
2019-01-28,1697.5,1705.5,1693.6300048828125,1705.4100341796875,114151100
2019-01-29,1690.4100341796875,1694.7099609375,1688.47998046875,1694.7099609375,145706700
2019-01-30,1684.1099853515625,1691.22998046875,1681.5699462890625,1689.68994140625,111179200
2019-01-31,1683.530029296875,1695.4000244140625,1683.530029296875,1694.8599853515625,183261900
2019-02-04,1683.6099853515625,1699.6600341796875,1683.6099853515625,1698.969970703125,55504500
2019-02-07,1693.3900146484375,1693.47998046875,1685.6600341796875,1688.0,79976000
2019-02-08,1686.52001953125,1690.4300537109375,1683.7099609375,1688.510009765625,112074900
2019-02-11,1688.56005859375,1689.739990234375,1681.6400146484375,1688.699951171875,85843900
2019-02-12,1687.4100341796875,1692.219970703125,1683.72998046875,1692.219970703125,109831900
2019-02-13,1685.300048828125,1688.4599609375,1683.6099853515625,1687.72998046875,101659700
2019-02-14,1689.06005859375,1689.06005859375,1682.81005859375,1684.489990234375,97867800
2019-02-15,1688.8299560546875,1693.8499755859375,1687.1199951171875,1692.2900390625,113332100
2019-02-18,1692.739990234375,1695.6099853515625,1690.18994140625,1693.9200439453125,91243800
2019-02-19,1706.56005859375,1710.1400146484375,1693.3699951171875,1694.030029296875,155030200
2019-02-20,1726.1800537109375,1727.25,1711.43994140625,1712.8299560546875,179676200
2019-02-21,1730.6800537109375,1730.6800537109375,1719.6700439453125,1722.3699951171875,163806400
2019-02-22,1721.4200439453125,1732.27001953125,1716.1700439453125,1730.510009765625,130778600
2019-02-25,1724.5799560546875,1724.5799560546875,1717.4100341796875,1722.3399658203125,108306900
2019-02-26,1719.0,1726.0,1715.1500244140625,1725.5699462890625,119649500
2019-02-27,1713.449951171875,1717.5899658203125,1709.300048828125,1717.1400146484375,116938100
2019-02-28,1707.72998046875,1717.8800048828125,1706.9200439453125,1715.3800048828125,208301100
2019-03-01,1700.760009765625,1701.050048828125,1696.7099609375,1700.449951171875,128892800
2019-03-04,1693.989990234375,1698.8699951171875,1688.219970703125,1688.219970703125,98568100
2019-03-05,1685.6199951171875,1691.280029296875,1682.18994140625,1682.18994140625,106231900
2019-03-06,1686.8199462890625,1688.3299560546875,1684.0799560546875,1684.97998046875,120497300
2019-03-07,1686.949951171875,1690.22998046875,1682.3299560546875,1682.3299560546875,107349800
2019-03-08,1679.9000244140625,1688.280029296875,1678.6600341796875,1686.1300048828125,111301300
2019-03-11,1664.6300048828125,1680.1800537109375,1664.6300048828125,1680.1400146484375,122405500
2019-03-12,1671.280029296875,1672.93994140625,1666.8399658203125,1667.9599609375,100522600
2019-03-13,1678.239990234375,1678.239990234375,1669.9200439453125,1671.1300048828125,106093600
2019-03-14,1674.52001953125,1678.8800048828125,1673.469970703125,1675.6600341796875,108432300
2019-03-15,1680.5400390625,1683.25,1672.5999755859375,1674.5899658203125,235527300
2019-03-18,1690.93994140625,1690.93994140625,1681.3599853515625,1681.8299560546875,87929700
2019-03-19,1687.6800537109375,1694.8900146484375,1687.6800537109375,1692.47998046875,70723100
2019-03-20,1684.2099609375,1687.06005859375,1680.2900390625,1683.780029296875,93870500
2019-03-21,1663.6600341796875,1689.6099853515625,1663.6600341796875,1687.6400146484375,118957800
2019-03-22,1666.6600341796875,1673.449951171875,1657.010009765625,1669.5799560546875,96193500
2019-03-25,1649.1500244140625,1654.260009765625,1648.06005859375,1652.1400146484375,87635300
2019-03-26,1649.93994140625,1653.5799560546875,1647.1099853515625,1647.8199462890625,103876000
2019-03-27,1642.72998046875,1650.219970703125,1641.8900146484375,1649.1700439453125,97583500
2019-03-28,1641.3299560546875,1645.2099609375,1638.68994140625,1642.9000244140625,91661100
2019-03-29,1643.6300048828125,1649.5999755859375,1639.260009765625,1648.3599853515625,142055400
2019-04-01,1628.6600341796875,1647.5899658203125,1628.43994140625,1646.4300537109375,100896200
2019-04-02,1632.8299560546875,1639.3199462890625,1630.97998046875,1633.8299560546875,101492100
2019-04-03,1643.2099609375,1645.5400390625,1635.800048828125,1638.27001953125,81246900
2019-04-04,1645.0699462890625,1645.6099853515625,1637.5699462890625,1644.010009765625,106616000
2019-04-05,1641.81005859375,1645.0899658203125,1640.300048828125,1645.0799560546875,65502900
2019-04-08,1644.3499755859375,1645.719970703125,1640.3800048828125,1643.6700439453125,83680300
2019-04-09,1641.93994140625,1645.56005859375,1639.2099609375,1645.18994140625,98177100
2019-04-10,1639.4599609375,1642.1300048828125,1635.8900146484375,1641.8299560546875,86807000
2019-04-11,1624.22998046875,1639.3299560546875,1622.449951171875,1639.3299560546875,105835100
2019-04-12,1630.1700439453125,1631.0899658203125,1623.43994140625,1624.530029296875,100767200
2019-04-15,1631.3299560546875,1638.8699951171875,1630.8299560546875,1634.949951171875,73256000
2019-04-16,1629.4599609375,1635.469970703125,1626.989990234375,1631.5799560546875,90054600
2019-04-17,1620.9000244140625,1627.77001953125,1615.530029296875,1627.0699462890625,103910200
2019-04-18,1619.72998046875,1620.550048828125,1609.8299560546875,1617.6700439453125,138129600
2019-04-19,1622.0699462890625,1625.219970703125,1618.68994140625,1620.6400146484375,75776100
2019-04-22,1622.06005859375,1630.9100341796875,1621.1600341796875,1622.56005859375,115059500
2019-04-23,1627.43994140625,1629.4200439453125,1620.9300537109375,1624.1199951171875,106178700
2019-04-24,1638.010009765625,1640.9599609375,1633.699951171875,1633.699951171875,134534900
2019-04-25,1635.6800537109375,1640.1300048828125,1632.510009765625,1637.3399658203125,120413200
2019-04-26,1638.3800048828125,1639.1800537109375,1632.5799560546875,1638.6600341796875,114937300
2019-04-29,1637.4000244140625,1637.489990234375,1631.8299560546875,1637.300048828125,63429800
2019-04-30,1642.2900390625,1643.449951171875,1634.5400390625,1634.6199951171875,139943400
2019-05-02,1632.239990234375,1644.3499755859375,1631.27001953125,1642.4599609375,87894400
2019-05-03,1637.300048828125,1637.4100341796875,1625.56005859375,1631.530029296875,82569700
2019-05-06,1632.800048828125,1633.6600341796875,1623.6099853515625,1632.0400390625,64595700
2019-05-07,1639.3699951171875,1641.8599853515625,1626.06005859375,1626.77001953125,165442400
2019-05-08,1633.550048828125,1635.56005859375,1627.3800048828125,1635.56005859375,147577400
2019-05-09,1618.530029296875,1630.43994140625,1618.3299560546875,1629.6099853515625,133418700
2019-05-10,1610.27001953125,1620.4000244140625,1610.27001953125,1615.9100341796875,98812400
2019-05-13,1601.0899658203125,1611.469970703125,1598.5999755859375,1610.550048828125,107076500
2019-05-14,1599.18994140625,1603.719970703125,1572.030029296875,1580.8499755859375,173978800
2019-05-15,1611.4300537109375,1617.4300537109375,1601.0400390625,1601.4300537109375,147144300
2019-05-16,1599.18994140625,1610.780029296875,1599.18994140625,1609.219970703125,95600000
2019-05-17,1605.3599853515625,1610.9599609375,1599.3199462890625,1599.3199462890625,85616600
2019-05-21,1603.739990234375,1614.22998046875,1603.6500244140625,1608.739990234375,100448000
2019-05-23,1601.8699951171875,1605.1300048828125,1589.7900390625,1599.93994140625,149289000
2019-05-24,1598.3199462890625,1606.8499755859375,1592.969970703125,1594.1600341796875,99444600
2019-05-27,1601.3499755859375,1604.43994140625,1597.25,1604.43994140625,71164500
2019-05-28,1614.5699462890625,1614.5699462890625,1602.1500244140625,1604.260009765625,384159000
2019-05-29,1623.6700439453125,1626.6400146484375,1611.47998046875,1614.6800537109375,116436500
2019-05-30,1636.5,1639.4200439453125,1620.280029296875,1620.97998046875,130813400
2019-05-31,1650.760009765625,1650.760009765625,1634.1400146484375,1639.760009765625,159714600
2019-06-03,1655.31005859375,1656.6800537109375,1642.6600341796875,1649.9300537109375,105242100
2019-06-04,1644.0899658203125,1655.8900146484375,1644.0899658203125,1654.02001953125,61533700
2019-06-07,1649.3299560546875,1651.989990234375,1646.800048828125,1650.9300537109375,102539800
2019-06-10,1655.469970703125,1656.0,1651.8499755859375,1651.9300537109375,93023500
2019-06-11,1651.199951171875,1657.3599853515625,1649.81005859375,1655.800048828125,111042200
2019-06-12,1650.739990234375,1650.739990234375,1642.1099853515625,1646.6700439453125,90831900
2019-06-13,1643.739990234375,1646.219970703125,1640.300048828125,1644.0799560546875,96232000
2019-06-14,1638.6300048828125,1649.5699462890625,1636.3199462890625,1649.4200439453125,83903000
2019-06-17,1638.4000244140625,1644.0400390625,1637.4599609375,1638.9300537109375,84794700
2019-06-18,1652.760009765625,1652.760009765625,1636.1800537109375,1636.6600341796875,100923800
2019-06-19,1666.5400390625,1666.9000244140625,1652.5799560546875,1654.5699462890625,109775000
2019-06-20,1675.4300537109375,1675.4300537109375,1660.8299560546875,1660.8299560546875,132199500
2019-06-21,1682.22998046875,1682.22998046875,1672.0899658203125,1672.239990234375,219305100
2019-06-24,1676.1300048828125,1679.280029296875,1674.4000244140625,1679.280029296875,87859800
2019-06-25,1676.6099853515625,1677.760009765625,1672.4100341796875,1675.8199462890625,111387800
2019-06-26,1674.489990234375,1677.1700439453125,1672.5899658203125,1674.22998046875,82354800
2019-06-27,1672.699951171875,1676.72998046875,1670.72998046875,1670.72998046875,118539600
2019-06-28,1672.1300048828125,1677.3399658203125,1670.81005859375,1671.4200439453125,120364900
2019-07-01,1683.6199951171875,1683.6199951171875,1674.9100341796875,1674.9100341796875,88667200
2019-07-02,1691.0,1694.550048828125,1684.06005859375,1685.780029296875,182396400
2019-07-03,1690.050048828125,1690.050048828125,1683.239990234375,1689.25,102458400
2019-07-04,1687.47998046875,1690.81005859375,1685.6400146484375,1688.6500244140625,84268400
2019-07-05,1682.530029296875,1687.5999755859375,1677.0799560546875,1687.5999755859375,88226700
2019-07-08,1677.6400146484375,1679.6600341796875,1672.8800048828125,1679.6500244140625,79839500
2019-07-09,1682.8699951171875,1682.8699951171875,1677.97998046875,1679.1500244140625,88883400
2019-07-10,1678.969970703125,1683.68994140625,1674.1300048828125,1682.68994140625,87430200
2019-07-11,1679.260009765625,1681.780029296875,1674.699951171875,1681.219970703125,85988000
2019-07-12,1669.449951171875,1682.0400390625,1668.989990234375,1681.030029296875,126112400
2019-07-15,1672.3699951171875,1672.3699951171875,1664.3800048828125,1670.4000244140625,75675700
2019-07-16,1668.93994140625,1672.469970703125,1666.3699951171875,1671.489990234375,93222700
2019-07-17,1657.530029296875,1667.7900390625,1656.760009765625,1667.5,88444600
2019-07-18,1648.9300537109375,1659.93994140625,1648.9300537109375,1657.800048828125,101531000
2019-07-19,1658.18994140625,1658.93994140625,1649.550048828125,1649.550048828125,86279200
2019-07-22,1655.4000244140625,1658.280029296875,1647.699951171875,1658.280029296875,73533400
2019-07-23,1655.6700439453125,1658.3499755859375,1654.02001953125,1654.72998046875,108738200
2019-07-24,1652.4100341796875,1659.3800048828125,1651.3599853515625,1653.8800048828125,154536400
2019-07-25,1656.5799560546875,1656.5799560546875,1650.3199462890625,1653.739990234375,113375000
2019-07-26,1647.9599609375,1653.77001953125,1647.9599609375,1653.739990234375,141697300
2019-07-29,1642.68994140625,1648.7099609375,1637.25,1647.9599609375,78401400
2019-07-31,1634.8699951171875,1642.72998046875,1626.3199462890625,1640.9200439453125,196276700
2019-08-01,1639.0699462890625,1639.1300048828125,1627.949951171875,1628.800048828125,138091900
2019-08-02,1626.760009765625,1631.4200439453125,1623.6600341796875,1631.3900146484375,116380700
2019-08-05,1610.4100341796875,1621.6800537109375,1610.4100341796875,1621.1199951171875,123498200
2019-08-06,1611.7900390625,1617.219970703125,1588.97998046875,1592.8399658203125,183727500
2019-08-07,1604.699951171875,1611.47998046875,1602.800048828125,1611.0999755859375,366237100
2019-08-08,1616.02001953125,1620.6500244140625,1605.8399658203125,1607.1800537109375,113077000
2019-08-09,1615.050048828125,1620.760009765625,1613.27001953125,1613.300048828125,94084900
2019-08-13,1592.8800048828125,1615.239990234375,1591.2900390625,1615.239990234375,149253200
2019-08-14,1600.31005859375,1603.0400390625,1596.8199462890625,1598.3599853515625,110009700
2019-08-15,1600.2900390625,1600.2900390625,1581.260009765625,1584.9100341796875,129951400
2019-08-16,1599.219970703125,1600.1700439453125,1590.1800537109375,1598.06005859375,110266200
2019-08-19,1596.449951171875,1602.030029296875,1594.8399658203125,1595.510009765625,103561700
2019-08-20,1602.75,1603.4300537109375,1597.1300048828125,1598.3699951171875,106942400
2019-08-21,1594.5899658203125,1601.9000244140625,1594.5899658203125,1601.239990234375,96427600
2019-08-22,1602.469970703125,1605.530029296875,1594.1700439453125,1596.260009765625,113714400
2019-08-23,1609.3299560546875,1609.3299560546875,1594.5899658203125,1595.77001953125,84127400
2019-08-26,1600.530029296875,1600.530029296875,1590.510009765625,1598.280029296875,89033000
2019-08-27,1590.8399658203125,1601.4000244140625,1590.8399658203125,1601.4000244140625,210071500
2019-08-28,1589.8199462890625,1592.1300048828125,1585.6600341796875,1590.3900146484375,92700600
2019-08-29,1595.1800537109375,1597.3900146484375,1584.8299560546875,1593.3599853515625,92439100
2019-08-30,1612.1400146484375,1612.1400146484375,1601.5899658203125,1602.239990234375,150191400
2019-09-03,1591.52001953125,1616.3399658203125,1591.52001953125,1612.780029296875,105352900
2019-09-04,1599.8900146484375,1600.9100341796875,1591.1099853515625,1593.969970703125,95861600
2019-09-05,1599.75,1603.7900390625,1592.8399658203125,1598.1700439453125,108502500
2019-09-06,1604.469970703125,1606.4000244140625,1599.5799560546875,1601.6600341796875,91206400
2019-09-10,1595.8499755859375,1597.780029296875,1589.780029296875,1590.8299560546875,174806400
2019-09-11,1602.300048828125,1602.300048828125,1595.280029296875,1597.8800048828125,128033000
2019-09-12,1601.0,1608.3900146484375,1601.0,1603.2099609375,120542700
2019-09-13,1601.25,1603.6800537109375,1596.3299560546875,1600.68994140625,87804400
2019-09-17,1604.300048828125,1609.969970703125,1597.0899658203125,1609.9200439453125,140900100
2019-09-18,1599.489990234375,1599.5699462890625,1594.0899658203125,1599.5699462890625,102870800
2019-09-19,1596.280029296875,1599.1700439453125,1592.6500244140625,1598.6500244140625,82675500
2019-09-20,1597.4100341796875,1597.6099853515625,1590.02001953125,1597.6099853515625,246858500
2019-09-23,1592.9300537109375,1597.5899658203125,1590.969970703125,1597.5899658203125,83778400
2019-09-24,1592.3299560546875,1593.5,1585.5799560546875,1593.5,100387100
2019-09-25,1589.5799560546875,1593.989990234375,1586.1400146484375,1592.52001953125,74123200
2019-09-26,1593.0,1593.050048828125,1589.2099609375,1589.47998046875,95044500
2019-09-27,1584.1400146484375,1592.050048828125,1583.449951171875,1590.239990234375,73331700
2019-09-30,1583.9100341796875,1586.68994140625,1578.530029296875,1584.260009765625,92489700
2019-10-01,1589.43994140625,1589.6400146484375,1583.8399658203125,1584.93994140625,71303900
2019-10-02,1574.9000244140625,1589.06005859375,1574.9000244140625,1588.8499755859375,87431300
2019-10-03,1564.1199951171875,1572.0400390625,1563.1300048828125,1571.9599609375,90318700
2019-10-04,1557.6700439453125,1564.7900390625,1551.9599609375,1563.8900146484375,76431100
2019-10-07,1559.0,1560.3699951171875,1555.550048828125,1557.7900390625,44082500
2019-10-08,1558.7900390625,1565.1600341796875,1556.2099609375,1560.4599609375,78376500
2019-10-09,1551.22998046875,1555.4200439453125,1548.6199951171875,1554.72998046875,87647500
2019-10-10,1551.8699951171875,1553.1800537109375,1548.449951171875,1550.699951171875,69706900
2019-10-11,1556.8399658203125,1558.260009765625,1550.9599609375,1550.9599609375,78630200
2019-10-14,1567.5899658203125,1568.9599609375,1562.6500244140625,1562.6500244140625,67604000
2019-10-15,1566.22998046875,1568.239990234375,1563.1300048828125,1567.030029296875,84407300
2019-10-16,1574.9000244140625,1574.9000244140625,1567.8699951171875,1568.0999755859375,104215600
2019-10-17,1574.5,1577.0400390625,1569.2099609375,1573.0400390625,96261500
2019-10-18,1571.1500244140625,1576.8699951171875,1567.719970703125,1572.719970703125,102591400
2019-10-21,1570.9300537109375,1572.06005859375,1565.0799560546875,1568.780029296875,48984300
2019-10-22,1574.0899658203125,1574.0899658203125,1567.699951171875,1570.27001953125,92716700
2019-10-23,1568.7900390625,1573.22998046875,1564.0799560546875,1571.6600341796875,81163100
2019-10-24,1571.1099853515625,1571.4300537109375,1565.6400146484375,1569.469970703125,85709400
2019-10-25,1570.0,1573.1500244140625,1567.9000244140625,1572.9200439453125,70214800
2019-10-29,1577.7900390625,1577.97998046875,1570.1800537109375,1573.1600341796875,136240000
2019-10-30,1580.0,1583.0,1575.3299560546875,1583.0,103994200
2019-10-31,1597.97998046875,1599.77001953125,1579.1400146484375,1579.1400146484375,192718900
2019-11-01,1593.3399658203125,1596.8399658203125,1583.0,1595.72998046875,88597000
2019-11-04,1603.56005859375,1603.56005859375,1595.199951171875,1598.280029296875,105488800
2019-11-05,1606.739990234375,1606.739990234375,1597.760009765625,1599.0699462890625,136828000
2019-11-06,1603.25,1609.6400146484375,1597.1800537109375,1609.4300537109375,86576200
2019-11-07,1609.3299560546875,1609.3299560546875,1601.1800537109375,1604.8499755859375,106440400
2019-11-08,1609.72998046875,1614.18994140625,1606.02001953125,1607.0899658203125,109606800
2019-11-11,1608.1500244140625,1611.4300537109375,1601.989990234375,1610.6600341796875,87810000
2019-11-12,1609.72998046875,1614.2099609375,1605.7099609375,1612.1800537109375,102461500
2019-11-13,1597.219970703125,1610.8800048828125,1593.9100341796875,1610.8800048828125,120634300
2019-11-14,1593.550048828125,1598.0899658203125,1592.6300048828125,1595.4000244140625,83645300
2019-11-15,1594.75,1596.8499755859375,1592.219970703125,1593.7900390625,77516500
2019-11-18,1604.3599853515625,1604.3599853515625,1592.469970703125,1593.0899658203125,57599800
2019-11-19,1605.31005859375,1605.31005859375,1595.1500244140625,1601.0899658203125,80138500
2019-11-20,1601.1400146484375,1604.3800048828125,1598.3199462890625,1601.4200439453125,87737000
2019-11-21,1592.18994140625,1601.3599853515625,1587.0699462890625,1601.3599853515625,97583900
2019-11-22,1596.8399658203125,1600.06005859375,1589.25,1589.8699951171875,93254800
2019-11-25,1591.3499755859375,1596.300048828125,1588.719970703125,1595.0799560546875,56368900
2019-11-26,1583.8699951171875,1595.9200439453125,1583.699951171875,1589.6400146484375,255822800
2019-11-27,1587.1800537109375,1590.510009765625,1582.4599609375,1587.6400146484375,72429300
2019-11-28,1583.77001953125,1588.510009765625,1582.280029296875,1588.0799560546875,68597800
2019-11-29,1561.739990234375,1585.699951171875,1560.719970703125,1585.699951171875,113618700
2019-12-02,1570.550048828125,1570.550048828125,1561.97998046875,1562.550048828125,75988700
2019-12-03,1562.27001953125,1568.8499755859375,1556.1700439453125,1568.8499755859375,85943900
2019-12-04,1560.9300537109375,1560.9300537109375,1550.9200439453125,1553.989990234375,106194700
2019-12-05,1563.5799560546875,1567.3399658203125,1560.1300048828125,1561.93994140625,102869400
2019-12-06,1568.43994140625,1569.010009765625,1561.5799560546875,1561.5799560546875,67750300
2019-12-09,1562.7099609375,1567.780029296875,1560.02001953125,1566.1800537109375,76676600
2019-12-10,1561.7900390625,1564.8199462890625,1559.22998046875,1561.469970703125,72435300
2019-12-11,1563.18994140625,1568.030029296875,1558.760009765625,1558.760009765625,94604400
2019-12-12,1567.3399658203125,1572.510009765625,1559.8299560546875,1559.8299560546875,124138400
2019-12-13,1571.1600341796875,1579.22998046875,1571.1600341796875,1576.510009765625,125142500
2019-12-16,1569.3499755859375,1573.4100341796875,1565.5899658203125,1568.4300537109375,77939800
2019-12-17,1576.949951171875,1576.949951171875,1564.25,1571.8699951171875,105202000
2019-12-18,1599.1099853515625,1599.1099853515625,1599.1099853515625,1599.1099853515625,0
2019-12-19,1596.010009765625,1603.5899658203125,1585.760009765625,1587.1300048828125,84325300
2019-12-20,1610.1800537109375,1610.1800537109375,1591.949951171875,1598.27001953125,170098700
2019-12-23,1614.1800537109375,1615.1099853515625,1601.22998046875,1606.449951171875,65777100
2019-12-24,1604.22998046875,1613.8699951171875,1602.0999755859375,1613.8299560546875,34847100
2019-12-26,1603.550048828125,1607.1199951171875,1602.6600341796875,1604.6800537109375,22687500
2019-12-27,1610.6099853515625,1610.9100341796875,1598.47998046875,1599.9300537109375,63765200
2019-12-30,1615.6700439453125,1617.4300537109375,1608.760009765625,1609.449951171875,82149800
2019-12-31,1588.760009765625,1610.68994140625,1588.760009765625,1609.3699951171875,104601300
2020-01-02,1602.5,1603.719970703125,1590.97998046875,1590.97998046875,69876500
2020-01-03,1611.3800048828125,1612.6199951171875,1604.3399658203125,1606.31005859375,109697200
2020-01-06,1597.760009765625,1611.1600341796875,1593.0799560546875,1611.1600341796875,57241400
2020-01-07,1611.0400390625,1612.5999755859375,1596.4200439453125,1596.56005859375,96579400
2020-01-08,1589.0999755859375,1604.06005859375,1587.4300537109375,1604.06005859375,93682000
2020-01-09,1595.6500244140625,1599.010009765625,1589.97998046875,1593.719970703125,97468500
2020-01-10,1591.4599609375,1597.8499755859375,1589.0699462890625,1596.6500244140625,77260800
2020-01-13,1584.72998046875,1595.239990234375,1581.5699462890625,1593.0999755859375,76066600
2020-01-14,1580.5999755859375,1587.469970703125,1571.8900146484375,1584.989990234375,96081600
2020-01-15,1585.1400146484375,1585.1400146484375,1573.9200439453125,1579.93994140625,84830800
2020-01-16,1587.8800048828125,1588.22998046875,1575.77001953125,1582.1199951171875,95089400
2020-01-17,1595.81005859375,1595.81005859375,1586.760009765625,1586.93994140625,147653500
2020-01-20,1588.8800048828125,1596.3900146484375,1588.8800048828125,1596.3900146484375,82673100
2020-01-21,1587.3299560546875,1592.5899658203125,1587.0999755859375,1589.2900390625,113059900
2020-01-22,1577.97998046875,1595.3800048828125,1576.9000244140625,1584.6400146484375,169768500
2020-01-23,1574.43994140625,1577.7900390625,1571.5799560546875,1575.27001953125,109508300
2020-01-24,1572.81005859375,1575.2099609375,1568.6400146484375,1573.5999755859375,80187200
2020-01-28,1551.6400146484375,1551.6400146484375,1551.6400146484375,1551.6400146484375,0
2020-01-29,1550.469970703125,1554.4200439453125,1547.93994140625,1551.6300048828125,173163500
2020-01-30,1545.5899658203125,1545.5899658203125,1545.5899658203125,1545.5899658203125,0
2020-01-31,1531.06005859375,1552.4599609375,1530.68994140625,1544.25,232272000
2020-02-03,1521.949951171875,1528.06005859375,1517.6099853515625,1522.1400146484375,154060300
2020-02-04,1535.800048828125,1542.5899658203125,1527.699951171875,1528.3199462890625,167916100
2020-02-05,1536.7900390625,1539.8900146484375,1529.0999755859375,1539.6400146484375,192358700
2020-02-06,1552.77001953125,1555.6300048828125,1540.8800048828125,1540.8800048828125,154660000
2020-02-07,1554.489990234375,1554.9100341796875,1546.0799560546875,1554.2900390625,124357000
2020-02-10,1542.800048828125,1557.0699462890625,1540.1099853515625,1557.0699462890625,101850300
2020-02-11,1551.47998046875,1554.6700439453125,1543.22998046875,1544.8900146484375,103140000
2020-02-12,1542.93994140625,1555.6600341796875,1538.6600341796875,1551.02001953125,182740200
2020-02-13,1539.1600341796875,1545.9200439453125,1536.760009765625,1544.75,98000800
2020-02-14,1544.4599609375,1544.4599609375,1534.969970703125,1538.719970703125,95266500
2020-02-17,1537.1199951171875,1545.9200439453125,1537.1199951171875,1542.969970703125,75684400
2020-02-18,1537.0799560546875,1537.8699951171875,1532.8900146484375,1536.510009765625,100882100
2020-02-19,1534.1600341796875,1539.9000244140625,1530.8299560546875,1539.219970703125,100665400
2020-02-20,1534.97998046875,1540.1800537109375,1531.1500244140625,1537.0999755859375,125662200
2020-02-21,1531.199951171875,1533.9100341796875,1527.5699462890625,1529.010009765625,106739500
2020-02-24,1490.06005859375,1510.4200439453125,1486.7099609375,1501.469970703125,255636600
2020-02-25,1500.8800048828125,1503.300048828125,1481.4599609375,1481.4599609375,174202800
2020-02-26,1495.18994140625,1508.4300537109375,1485.239990234375,1489.3299560546875,199950000
2020-02-27,1505.5899658203125,1508.27001953125,1494.93994140625,1496.72998046875,133612600
2020-02-28,1482.6400146484375,1494.0899658203125,1473.77001953125,1484.9000244140625,312195000
2020-03-02,1466.93994140625,1478.6800537109375,1456.0799560546875,1471.3399658203125,231463500
2020-03-03,1478.6400146484375,1481.3599853515625,1466.9000244140625,1476.300048828125,179122500
2020-03-04,1489.949951171875,1491.0699462890625,1474.949951171875,1478.3299560546875,185113600
2020-03-05,1491.030029296875,1497.31005859375,1486.3499755859375,1492.3599853515625,140555700
2020-03-06,1483.0999755859375,1486.8399658203125,1479.739990234375,1486.8399658203125,169355600
2020-03-09,1424.1600341796875,1459.81005859375,1422.6500244140625,1459.81005859375,255462000
2020-03-10,1430.469970703125,1446.72998046875,1414.949951171875,1415.8599853515625,220291600
2020-03-11,1443.8299560546875,1454.0,1428.5899658203125,1431.3499755859375,195734000
2020-03-12,1419.4300537109375,1432.699951171875,1419.4300537109375,1431.4100341796875,232856800
2020-03-13,1344.75,1369.0,1320.9599609375,1363.760009765625,442093200
2020-03-16,1280.6300048828125,1319.3699951171875,1278.47998046875,1319.3699951171875,343898600
2020-03-17,1256.5799560546875,1278.4300537109375,1211.949951171875,1217.280029296875,431606800
2020-03-18,1239.010009765625,1275.22998046875,1226.260009765625,1254.4300537109375,292176800
2020-03-19,1219.719970703125,1242.8199462890625,1207.800048828125,1227.7099609375,280828500
2020-03-20,1303.280029296875,1304.550048828125,1220.5400390625,1220.5400390625,396283500
2020-03-23,1259.8800048828125,1259.8800048828125,1259.8800048828125,1259.8800048828125,0
2020-03-24,1291.1400146484375,1311.219970703125,1271.3399658203125,1271.3399658203125,199940700
2020-03-25,1324.5,1341.8599853515625,1304.969970703125,1322.18994140625,208580500
2020-03-26,1328.0899658203125,1336.739990234375,1309.2099609375,1333.72998046875,173835400
2020-03-27,1343.0899658203125,1353.3499755859375,1335.5699462890625,1335.5699462890625,194261000
2020-03-30,1328.8800048828125,1336.22998046875,1317.3900146484375,1336.22998046875,144260500
2020-03-31,1350.8900146484375,1352.199951171875,1335.9100341796875,1336.5999755859375,260583600
2020-04-01,1322.6600341796875,1344.9000244140625,1322.6600341796875,1344.9000244140625,189037100
2020-04-02,1330.9000244140625,1332.6099853515625,1316.93994140625,1320.6199951171875,154382300
2020-04-03,1330.6500244140625,1333.8199462890625,1324.4100341796875,1331.56005859375,138072800
2020-04-06,1341.68994140625,1343.050048828125,1324.4300537109375,1332.6099853515625,150403500
2020-04-07,1369.9200439453125,1369.9200439453125,1352.6300048828125,1355.510009765625,182160000
2020-04-08,1361.3900146484375,1367.1600341796875,1358.199951171875,1366.4599609375,149272300
2020-04-09,1369.760009765625,1371.3499755859375,1366.530029296875,1368.8900146484375,131792500
2020-04-10,1357.5,1362.1600341796875,1354.280029296875,1361.6199951171875,81993900
2020-04-13,1356.030029296875,1359.6800537109375,1352.780029296875,1357.93994140625,73131100
2020-04-14,1371.6600341796875,1373.800048828125,1357.8299560546875,1361.010009765625,114404000
2020-04-15,1387.7900390625,1394.6600341796875,1375.1199951171875,1375.6199951171875,166219900
2020-04-16,1386.530029296875,1398.530029296875,1378.300048828125,1381.9599609375,162695500
2020-04-17,1407.3399658203125,1414.6700439453125,1395.550048828125,1395.550048828125,161977100
2020-04-20,1413.1199951171875,1428.949951171875,1411.68994140625,1411.68994140625,183669900
2020-04-21,1381.72998046875,1407.22998046875,1381.72998046875,1407.22998046875,166167900
2020-04-22,1381.8900146484375,1383.0899658203125,1359.5400390625,1366.4000244140625,190817200
2020-04-23,1381.6400146484375,1395.3399658203125,1378.780029296875,1388.739990234375,147390800
2020-04-24,1369.8499755859375,1377.7099609375,1367.489990234375,1376.1700439453125,143980200
2020-04-27,1370.1600341796875,1378.4000244140625,1370.1600341796875,1371.5999755859375,74707700
2020-04-28,1372.199951171875,1377.3699951171875,1367.43994140625,1371.97998046875,145151500
2020-04-29,1380.300048828125,1386.22998046875,1372.1700439453125,1372.3900146484375,122355200
2020-04-30,1407.780029296875,1418.4200439453125,1383.9599609375,1383.9599609375,189319500
2020-05-04,1376.5899658203125,1388.8299560546875,1375.3900146484375,1388.8299560546875,116486800
2020-05-05,1389.550048828125,1398.0699462890625,1378.75,1378.75,79911100
2020-05-06,1376.9300537109375,1393.56005859375,1376.9300537109375,1387.75,105301100
2020-05-08,1382.31005859375,1392.22998046875,1382.02001953125,1382.1199951171875,127071100
2020-05-12,1379.9300537109375,1388.4100341796875,1377.56005859375,1379.43994140625,139615300
2020-05-13,1397.1300048828125,1400.6700439453125,1379.0999755859375,1383.219970703125,186890100
2020-05-14,1397.25,1411.0799560546875,1388.800048828125,1400.3399658203125,180103600
2020-05-15,1403.43994140625,1408.18994140625,1398.7099609375,1403.469970703125,114462900
2020-05-18,1410.1600341796875,1416.93994140625,1405.6500244140625,1409.3900146484375,100010700
2020-05-19,1423.969970703125,1428.1199951171875,1418.760009765625,1419.77001953125,171866300
2020-05-20,1435.1199951171875,1435.1199951171875,1420.1800537109375,1429.260009765625,101428000
2020-05-21,1452.1099853515625,1455.1300048828125,1437.1300048828125,1437.489990234375,168060000
2020-05-22,1436.760009765625,1451.43994140625,1435.22998046875,1451.3699951171875,144048200
2020-05-27,1451.72998046875,1458.239990234375,1446.4200439453125,1446.9100341796875,189841100
2020-05-28,1457.5,1458.72998046875,1449.25,1453.530029296875,189529500
2020-05-29,1473.25,1473.77001953125,1448.8399658203125,1450.5400390625,595843500
2020-06-02,1507.68994140625,1509.739990234375,1480.1700439453125,1484.510009765625,225473000
2020-06-03,1538.530029296875,1542.010009765625,1492.3399658203125,1515.6800537109375,292940300
2020-06-04,1561.8399658203125,1561.8399658203125,1541.5,1541.68994140625,261501300
2020-06-05,1556.3299560546875,1564.1300048828125,1547.5699462890625,1561.1700439453125,189450200
2020-06-09,1575.1600341796875,1590.8299560546875,1567.969970703125,1572.800048828125,290834700
2020-06-10,1575.27001953125,1578.0999755859375,1570.449951171875,1576.260009765625,165205700
2020-06-11,1557.25,1586.219970703125,1550.9000244140625,1577.6500244140625,212285100
2020-06-12,1546.02001953125,1546.02001953125,1509.1600341796875,1512.3900146484375,186027200
2020-06-15,1498.8299560546875,1548.050048828125,1490.43994140625,1548.050048828125,218572900
2020-06-16,1517.7099609375,1528.760009765625,1517.469970703125,1518.9200439453125,143663500
2020-06-17,1526.3199462890625,1528.6300048828125,1510.7099609375,1527.97998046875,154681700
2020-06-18,1504.9100341796875,1525.68994140625,1503.3499755859375,1524.510009765625,200979200
2020-06-19,1507.260009765625,1512.93994140625,1496.7900390625,1497.9599609375,254830200
2020-06-22,1511.239990234375,1511.6500244140625,1502.6400146484375,1505.949951171875,98222800
2020-06-23,1507.0400390625,1511.5400390625,1492.3199462890625,1511.1500244140625,109465200
2020-06-24,1502.6300048828125,1507.3800048828125,1496.989990234375,1507.3800048828125,92440000
2020-06-25,1489.199951171875,1498.6099853515625,1484.4000244140625,1494.43994140625,93460100
2020-06-26,1488.1400146484375,1495.5699462890625,1483.050048828125,1491.969970703125,94462100
2020-06-29,1494.4300537109375,1494.969970703125,1476.280029296875,1485.18994140625,104824100
2020-06-30,1500.969970703125,1509.1199951171875,1492.0699462890625,1493.4100341796875,140817600
2020-07-01,1514.4300537109375,1517.010009765625,1497.5400390625,1503.9300537109375,114831700
2020-07-02,1536.280029296875,1536.3599853515625,1513.2099609375,1514.780029296875,132430200
2020-07-03,1552.6500244140625,1552.6500244140625,1538.1600341796875,1543.47998046875,85868800
2020-07-06,1576.9000244140625,1577.8199462890625,1553.7900390625,1553.7900390625,120130400
2020-07-07,1566.719970703125,1587.6400146484375,1562.8800048828125,1582.030029296875,152251200
2020-07-08,1583.5,1584.6700439453125,1562.0799560546875,1562.0799560546875,127417600
2020-07-09,1583.25,1590.6300048828125,1579.9000244140625,1583.93994140625,164873700
2020-07-10,1591.8399658203125,1591.8399658203125,1574.0799560546875,1578.9200439453125,145111600
2020-07-13,1606.4300537109375,1608.3399658203125,1595.75,1596.4000244140625,136029500
2020-07-14,1598.75,1617.3599853515625,1577.3299560546875,1608.280029296875,144740400
2020-07-15,1585.56005859375,1605.260009765625,1585.56005859375,1601.52001953125,133790000
2020-07-16,1573.47998046875,1599.530029296875,1572.1099853515625,1583.3199462890625,94192100
2020-07-17,1596.3299560546875,1599.5899658203125,1563.010009765625,1563.010009765625,181775800
2020-07-20,1589.449951171875,1609.02001953125,1580.3900146484375,1607.3499755859375,136294000
2020-07-21,1595.9300537109375,1601.81005859375,1587.8599853515625,1588.4200439453125,147303200
2020-07-22,1586.97998046875,1599.5699462890625,1586.27001953125,1594.050048828125,118174700
2020-07-23,1606.4200439453125,1607.800048828125,1585.449951171875,1586.969970703125,104270000
2020-07-24,1589.6099853515625,1605.2099609375,1585.1099853515625,1603.300048828125,117983500
2020-07-27,1591.47998046875,1595.0,1585.239990234375,1594.6800537109375,89988600
2020-07-28,1609.93994140625,1609.93994140625,1593.239990234375,1594.6400146484375,138510800
2020-07-29,1611.4200439453125,1618.010009765625,1589.97998046875,1610.1300048828125,112190000
2020-07-30,1603.75,1614.3499755859375,1584.949951171875,1614.02001953125,126475200
2020-08-03,1572.6099853515625,1599.3399658203125,1570.1800537109375,1595.010009765625,148578200
2020-08-04,1575.93994140625,1580.8699951171875,1549.6199951171875,1578.239990234375,142530200
2020-08-05,1568.1300048828125,1579.9100341796875,1566.8699951171875,1578.8199462890625,115800000
2020-08-06,1588.5699462890625,1588.5699462890625,1575.4000244140625,1577.469970703125,88750000
2020-08-07,1578.1400146484375,1591.0799560546875,1578.1400146484375,1590.5400390625,78209400
2020-08-10,1571.6600341796875,1579.2900390625,1558.0699462890625,1579.2900390625,65970000
2020-08-11,1564.739990234375,1581.9300537109375,1564.739990234375,1580.1700439453125,80677300
2020-08-12,1556.6400146484375,1564.3800048828125,1539.6099853515625,1558.8199462890625,147372000
2020-08-13,1576.4200439453125,1576.4200439453125,1561.1700439453125,1564.1300048828125,103047400
2020-08-14,1564.5899658203125,1579.6300048828125,1561.1800537109375,1578.7900390625,113661000
2020-08-17,1560.739990234375,1567.550048828125,1543.0400390625,1561.93994140625,102190000
2020-08-18,1577.8499755859375,1577.8499755859375,1557.25,1559.6400146484375,122344500
2020-08-19,1575.3800048828125,1584.3599853515625,1570.699951171875,1576.3800048828125,108285500
2020-08-21,1577.1199951171875,1579.010009765625,1568.97998046875,1574.7900390625,194313500
2020-08-24,1568.5799560546875,1581.27001953125,1567.0999755859375,1578.550048828125,119426200
2020-08-25,1554.9599609375,1569.5799560546875,1552.9200439453125,1563.3499755859375,125072300
2020-08-26,1549.5799560546875,1558.949951171875,1538.260009765625,1554.75,129083600
2020-08-27,1554.780029296875,1554.780029296875,1544.1199951171875,1548.2099609375,132430100
2020-08-28,1525.2099609375,1558.2900390625,1525.2099609375,1555.050048828125,265628700
2020-09-01,1521.4300537109375,1541.989990234375,1520.199951171875,1541.550048828125,215671500
2020-09-02,1537.5400390625,1537.5400390625,1523.68994140625,1525.1199951171875,146423000
2020-09-03,1515.4000244140625,1544.1800537109375,1507.5799560546875,1540.6400146484375,227392200
2020-09-04,1515.8599853515625,1519.280029296875,1498.719970703125,1504.6199951171875,123115500
2020-09-07,1516.3800048828125,1520.8900146484375,1507.5699462890625,1514.6300048828125,94876900
2020-09-08,1519.3199462890625,1519.3199462890625,1494.18994140625,1518.5,177379900
2020-09-09,1496.719970703125,1505.739990234375,1490.530029296875,1505.739990234375,233845100
2020-09-10,1490.1199951171875,1504.030029296875,1474.22998046875,1502.219970703125,280828000
2020-09-11,1504.8499755859375,1505.8900146484375,1477.469970703125,1486.22998046875,323100600
2020-09-14,1511.3599853515625,1515.6600341796875,1506.4100341796875,1513.4300537109375,247327400
2020-09-15,1531.280029296875,1532.0400390625,1503.18994140625,1510.3599853515625,182127100
2020-09-17,1513.0699462890625,1541.1400146484375,1508.010009765625,1541.1400146484375,314591800
2020-09-18,1506.6300048828125,1524.0699462890625,1503.4300537109375,1511.780029296875,284135400
2020-09-21,1499.4300537109375,1511.77001953125,1496.969970703125,1510.4200439453125,156236400
2020-09-22,1505.780029296875,1511.9000244140625,1494.9300537109375,1495.280029296875,135822100
2020-09-23,1496.47998046875,1509.1500244140625,1491.1700439453125,1507.2900390625,145529900
2020-09-24,1500.800048828125,1506.5999755859375,1492.97998046875,1494.719970703125,209154000
2020-09-25,1509.1400146484375,1516.0,1505.050048828125,1507.949951171875,161816600
2020-09-28,1511.6600341796875,1519.050048828125,1507.3499755859375,1510.260009765625,126847900
2020-09-29,1503.9000244140625,1517.3299560546875,1503.9000244140625,1512.75,171248200
2020-09-30,1504.8199462890625,1512.949951171875,1497.780029296875,1505.77001953125,110856400
2020-10-01,1496.77001953125,1503.8599853515625,1491.1300048828125,1501.5799560546875,84881100
2020-10-02,1500.300048828125,1501.8499755859375,1489.6600341796875,1494.8399658203125,122647500
2020-10-05,1512.4300537109375,1513.3699951171875,1498.81005859375,1501.0799560546875,147917700
2020-10-06,1509.469970703125,1522.3199462890625,1508.1800537109375,1515.699951171875,114933600
2020-10-07,1489.56005859375,1510.3499755859375,1489.56005859375,1509.239990234375,136587800
2020-10-08,1519.4300537109375,1519.4300537109375,1495.280029296875,1495.52001953125,89887800
2020-10-09,1530.3499755859375,1532.530029296875,1512.739990234375,1516.93994140625,87613900
2020-10-12,1518.4300537109375,1526.02001953125,1512.739990234375,1525.9200439453125,111076300
2020-10-13,1525.199951171875,1527.0400390625,1512.4599609375,1514.1800537109375,134541300
2020-10-14,1523.25,1524.22998046875,1516.0999755859375,1523.5699462890625,217994300
2020-10-15,1513.949951171875,1524.030029296875,1512.9599609375,1521.43994140625,134270100
2020-10-16,1503.8399658203125,1520.31005859375,1503.8399658203125,1519.3299560546875,152911800
2020-10-19,1518.1099853515625,1521.9100341796875,1505.9200439453125,1507.2099609375,132510200
2020-10-20,1510.969970703125,1520.969970703125,1510.68994140625,1518.5,130512500
2020-10-21,1492.4000244140625,1513.199951171875,1492.18994140625,1512.0400390625,183844000
2020-10-22,1498.800048828125,1500.050048828125,1485.77001953125,1492.949951171875,163496000
2020-10-23,1494.6400146484375,1502.6700439453125,1489.8299560546875,1499.760009765625,130007200
2020-10-26,1494.6099853515625,1497.5400390625,1482.1500244140625,1495.56005859375,102464600
2020-10-27,1500.3499755859375,1504.550048828125,1489.97998046875,1492.1099853515625,140621900
2020-10-28,1495.199951171875,1505.6400146484375,1492.1099853515625,1505.47998046875,105403500
2020-10-30,1466.8900146484375,1494.8699951171875,1461.050048828125,1494.31005859375,165737400
2020-11-02,1466.4599609375,1468.0899658203125,1452.1300048828125,1465.469970703125,114250300
2020-11-03,1461.449951171875,1470.68994140625,1460.5999755859375,1469.1099853515625,92265300
2020-11-04,1464.6099853515625,1473.530029296875,1462.3699951171875,1464.489990234375,88912900
2020-11-05,1501.489990234375,1501.489990234375,1467.8399658203125,1468.8599853515625,128922500
2020-11-06,1519.6400146484375,1519.6400146484375,1497.3199462890625,1500.800048828125,139420600
2020-11-09,1524.3199462890625,1533.050048828125,1513.2099609375,1521.6300048828125,109245000
2020-11-10,1575.0699462890625,1575.0699462890625,1516.5400390625,1521.949951171875,592756400
2020-11-11,1570.0799560546875,1572.68994140625,1550.43994140625,1572.68994140625,242168200
2020-11-12,1590.780029296875,1592.280029296875,1558.7099609375,1565.989990234375,283572200
2020-11-13,1589.68994140625,1592.18994140625,1572.0,1588.3800048828125,178410200
2020-11-16,1599.6600341796875,1602.22998046875,1587.06005859375,1593.3499755859375,328920300
2020-11-17,1610.1500244140625,1613.3399658203125,1593.02001953125,1599.6199951171875,467715300
2020-11-18,1604.75,1611.5799560546875,1595.0899658203125,1611.0799560546875,237706200
2020-11-19,1583.6800537109375,1596.550048828125,1583.6800537109375,1595.7900390625,174677700
2020-11-20,1593.75,1599.489990234375,1579.489990234375,1584.989990234375,192318500
2020-11-23,1597.47998046875,1600.5799560546875,1592.7099609375,1593.260009765625,139314000
2020-11-24,1578.3900146484375,1599.97998046875,1578.3900146484375,1588.530029296875,186434400
2020-11-25,1597.5799560546875,1600.199951171875,1582.31005859375,1582.31005859375,196393300
2020-11-26,1612.1099853515625,1612.780029296875,1590.6500244140625,1597.68994140625,184343200
2020-11-27,1607.5899658203125,1618.6800537109375,1605.6800537109375,1615.199951171875,204625000
2020-11-30,1562.7099609375,1614.77001953125,1562.7099609375,1606.77001953125,415540700
2020-12-01,1602.260009765625,1604.5699462890625,1580.1700439453125,1580.1700439453125,218992400
2020-12-02,1598.719970703125,1605.5999755859375,1592.9300537109375,1604.489990234375,221580800
2020-12-03,1628.260009765625,1628.260009765625,1599.3599853515625,1601.1300048828125,181778200
2020-12-04,1621.8499755859375,1628.8199462890625,1618.5400390625,1627.9100341796875,156357300
2020-12-07,1622.8900146484375,1627.5899658203125,1618.97998046875,1624.0699462890625,155252700
2020-12-08,1631.699951171875,1631.719970703125,1624.949951171875,1625.43994140625,202623800
2020-12-09,1646.530029296875,1654.1500244140625,1638.77001953125,1640.989990234375,246630400
2020-12-10,1654.3900146484375,1658.0699462890625,1647.6500244140625,1651.6700439453125,173122000
2020-12-11,1684.5799560546875,1689.77001953125,1660.489990234375,1660.760009765625,295540900
2020-12-14,1662.739990234375,1695.9599609375,1662.449951171875,1682.4599609375,361491200
2020-12-15,1674.02001953125,1679.0999755859375,1655.8800048828125,1661.5400390625,226532100
2020-12-16,1681.4100341796875,1695.8699951171875,1679.3900146484375,1694.3299560546875,191726100
2020-12-17,1674.3499755859375,1684.300048828125,1669.68994140625,1684.27001953125,149955400
2020-12-18,1652.489990234375,1678.1099853515625,1644.800048828125,1676.8399658203125,217881000
2020-12-21,1647.8900146484375,1657.8199462890625,1641.9200439453125,1651.8599853515625,120517100
2020-12-22,1631.9200439453125,1647.3599853515625,1625.3900146484375,1646.800048828125,170479700
2020-12-23,1647.5,1652.5899658203125,1627.530029296875,1631.550048828125,115592000
2020-12-24,1641.1700439453125,1649.7099609375,1636.97998046875,1649.0799560546875,70670800
2020-12-28,1643.9000244140625,1655.9599609375,1639.9200439453125,1642.22998046875,97323000
2020-12-29,1634.989990234375,1645.760009765625,1630.8299560546875,1644.3699951171875,132040100
2020-12-30,1644.4100341796875,1645.31005859375,1631.77001953125,1635.5999755859375,122722900
2020-12-31,1627.2099609375,1644.260009765625,1627.2099609375,1644.260009765625,122930600
2021-01-04,1602.5699462890625,1629.1700439453125,1593.1199951171875,1629.010009765625,519385300
2021-01-05,1608.3499755859375,1608.3499755859375,1589.81005859375,1603.0699462890625,214185500
2021-01-06,1591.969970703125,1610.780029296875,1586.25,1610.780029296875,177008600
2021-01-07,1602.949951171875,1602.949951171875,1572.6199951171875,1589.530029296875,344222000
2021-01-08,1633.18994140625,1633.18994140625,1595.1199951171875,1601.949951171875,419320700
2021-01-11,1617.25,1627.219970703125,1607.530029296875,1627.219970703125,312214300
2021-01-12,1612.0400390625,1621.0999755859375,1590.7099609375,1615.8399658203125,294833700
2021-01-13,1636.68994140625,1637.31005859375,1617.6800537109375,1617.6800537109375,215713300
2021-01-14,1635.7099609375,1646.239990234375,1632.199951171875,1638.0,211876200
2021-01-15,1627.010009765625,1637.8800048828125,1626.25,1637.27001953125,135442000
2021-01-18,1609.52001953125,1625.3499755859375,1608.6400146484375,1625.3499755859375,108538700
2021-01-19,1601.8800048828125,1618.4100341796875,1601.8800048828125,1611.06005859375,137672400
2021-01-20,1601.5400390625,1616.8399658203125,1601.5400390625,1606.550048828125,163315800
2021-01-21,1594.800048828125,1615.219970703125,1594.31005859375,1608.4300537109375,147155800
2021-01-22,1596.739990234375,1605.699951171875,1595.02001953125,1596.06005859375,218347800
2021-01-25,1576.6199951171875,1601.5400390625,1575.8800048828125,1600.5400390625,273030500
2021-01-26,1575.31005859375,1609.18994140625,1575.31005859375,1590.5899658203125,342432600
2021-01-27,1580.6199951171875,1593.0799560546875,1580.3699951171875,1585.06005859375,247946400
2021-01-29,1566.4000244140625,1597.52001953125,1560.5400390625,1597.1600341796875,478916100
2021-02-02,1580.489990234375,1585.1800537109375,1571.300048828125,1575.030029296875,315294100
2021-02-03,1582.989990234375,1597.9300537109375,1582.5400390625,1584.02001953125,278473600
2021-02-04,1584.9000244140625,1586.550048828125,1576.3299560546875,1582.0999755859375,187635200
2021-02-05,1578.6300048828125,1590.469970703125,1574.68994140625,1587.699951171875,137659000
2021-02-08,1573.3299560546875,1586.06005859375,1572.77001953125,1580.43994140625,184060700
2021-02-09,1586.1300048828125,1588.9599609375,1574.22998046875,1574.6700439453125,196502000
2021-02-10,1596.8499755859375,1596.8499755859375,1586.8699951171875,1586.93994140625,165986600
2021-02-11,1599.4200439453125,1602.5,1594.52001953125,1602.18994140625,69045700
2021-02-15,1608.0699462890625,1614.9200439453125,1607.0,1607.0,114171800
2021-02-16,1606.1400146484375,1613.010009765625,1605.4000244140625,1612.0400390625,198115800
2021-02-17,1595.2900390625,1609.510009765625,1593.800048828125,1609.510009765625,194961500
2021-02-18,1575.8399658203125,1599.31005859375,1575.8399658203125,1599.31005859375,192950300
2021-02-19,1584.9300537109375,1584.9300537109375,1573.8399658203125,1580.1800537109375,186226900
2021-02-22,1570.4599609375,1587.510009765625,1570.4599609375,1587.510009765625,179953300
2021-02-23,1565.050048828125,1580.6800537109375,1565.050048828125,1573.6700439453125,235770800
2021-02-24,1557.550048828125,1581.550048828125,1557.550048828125,1571.010009765625,414859700
2021-02-25,1581.5400390625,1587.1099853515625,1565.77001953125,1566.9000244140625,349181300
2021-02-26,1577.75,1586.22998046875,1563.56005859375,1580.969970703125,399365000
2021-03-01,1567.1400146484375,1584.4599609375,1563.1800537109375,1578.699951171875,291083800
2021-03-02,1569.8699951171875,1583.4300537109375,1568.6700439453125,1572.030029296875,311452100
2021-03-03,1588.449951171875,1588.449951171875,1568.6500244140625,1576.9000244140625,321230300
2021-03-04,1581.260009765625,1590.4599609375,1577.3900146484375,1588.8900146484375,246614300
2021-03-05,1600.1199951171875,1600.1199951171875,1579.739990234375,1582.6800537109375,232875700
2021-03-08,1611.81005859375,1625.68994140625,1607.47998046875,1607.47998046875,257561700
2021-03-09,1624.780029296875,1625.219970703125,1612.2900390625,1615.989990234375,218665000
2021-03-10,1639.8299560546875,1642.199951171875,1628.8199462890625,1629.030029296875,229133700
2021-03-11,1629.4100341796875,1636.72998046875,1626.22998046875,1636.72998046875,185399900
2021-03-12,1615.68994140625,1632.010009765625,1615.68994140625,1630.5899658203125,166695300
2021-03-15,1620.9200439453125,1624.739990234375,1619.2099609375,1619.6199951171875,151420400
2021-03-16,1623.9599609375,1625.52001953125,1617.9200439453125,1623.800048828125,154718200
2021-03-17,1624.969970703125,1625.6700439453125,1616.9100341796875,1625.6099853515625,201888500
2021-03-18,1627.989990234375,1635.1500244140625,1626.1800537109375,1626.1800537109375,174422500
2021-03-19,1626.18994140625,1631.0400390625,1615.1600341796875,1631.0400390625,323782900
2021-03-22,1616.72998046875,1628.469970703125,1616.72998046875,1628.469970703125,153698000
2021-03-23,1595.2900390625,1616.780029296875,1595.2900390625,1616.780029296875,164102600
2021-03-24,1602.4000244140625,1602.77001953125,1585.43994140625,1591.6600341796875,124110000
2021-03-25,1597.72998046875,1608.050048828125,1594.3299560546875,1607.8599853515625,110480800
2021-03-26,1601.4200439453125,1603.010009765625,1593.239990234375,1598.739990234375,98128000
2021-03-29,1611.280029296875,1611.280029296875,1597.8299560546875,1603.5899658203125,118893300
2021-03-30,1609.18994140625,1610.6099853515625,1601.0799560546875,1606.1500244140625,195281600
2021-03-31,1573.510009765625,1608.9599609375,1564.06005859375,1608.9599609375,282957300
2021-04-01,1582.6400146484375,1586.260009765625,1576.3299560546875,1579.969970703125,129797600
2021-04-02,1585.3499755859375,1588.719970703125,1582.6500244140625,1586.510009765625,71636100
2021-04-05,1584.239990234375,1590.6700439453125,1582.199951171875,1584.8900146484375,62205300
2021-04-06,1578.9100341796875,1589.06005859375,1575.1800537109375,1588.27001953125,110036800
2021-04-07,1600.5899658203125,1600.5899658203125,1580.9000244140625,1584.3800048828125,135168300
2021-04-08,1602.4000244140625,1609.3900146484375,1596.6400146484375,1599.81005859375,270051300
2021-04-09,1612.25,1615.489990234375,1605.3699951171875,1614.949951171875,286765100
2021-04-12,1608.4200439453125,1613.9599609375,1603.3199462890625,1613.9599609375,148809600
2021-04-13,1597.7099609375,1608.7900390625,1594.8900146484375,1608.7099609375,118420400
2021-04-14,1598.280029296875,1601.3699951171875,1592.8699951171875,1600.18994140625,102835400
2021-04-15,1608.25,1608.25,1597.780029296875,1599.81005859375,271930500
2021-04-16,1608.3800048828125,1609.760009765625,1600.300048828125,1607.43994140625,247719600
2021-04-19,1600.2900390625,1608.6199951171875,1596.050048828125,1608.1099853515625,184998100
2021-04-20,1607.5699462890625,1607.5699462890625,1591.8299560546875,1600.4300537109375,146388800
2021-04-21,1596.5799560546875,1605.72998046875,1596.5799560546875,1604.8699951171875,141522500
2021-04-22,1607.72998046875,1609.0999755859375,1598.18994140625,1599.8900146484375,176049300
2021-04-23,1608.4300537109375,1610.81005859375,1605.43994140625,1607.280029296875,153568100
2021-04-26,1623.469970703125,1623.469970703125,1609.43994140625,1610.739990234375,214928700
2021-04-27,1606.6800537109375,1623.25,1603.8199462890625,1623.2099609375,191167600
2021-04-28,1608.5,1608.5,1597.7900390625,1606.52001953125,140500200
2021-04-30,1601.6500244140625,1615.5999755859375,1600.050048828125,1615.2099609375,218697900
2021-05-03,1590.72998046875,1602.0899658203125,1588.8900146484375,1602.0899658203125,130410800
2021-05-04,1588.25,1597.4200439453125,1587.8699951171875,1591.6700439453125,121073200
2021-05-05,1575.6700439453125,1592.1800537109375,1575.3800048828125,1591.97998046875,129302100
2021-05-06,1578.3299560546875,1578.3299560546875,1556.0,1572.0899658203125,249623100
2021-05-07,1587.449951171875,1590.0400390625,1573.4000244140625,1578.6700439453125,135461200
2021-05-10,1583.9200439453125,1591.52001953125,1580.0,1587.47998046875,120560600
2021-05-11,1577.6400146484375,1581.260009765625,1571.9599609375,1579.31005859375,113321700
2021-05-12,1582.52001953125,1583.1300048828125,1572.989990234375,1576.2900390625,125837600
2021-05-17,1583.4599609375,1583.4599609375,1583.4599609375,1583.4599609375,0
2021-05-18,1591.3199462890625,1591.3199462890625,1580.25,1583.25,133726000
2021-05-19,1580.52001953125,1591.3199462890625,1574.280029296875,1591.219970703125,183977300
2021-05-20,1575.3199462890625,1585.3199462890625,1570.3199462890625,1577.8499755859375,185675800
2021-05-21,1562.1700439453125,1574.699951171875,1552.0699462890625,1569.4300537109375,174750200
2021-05-24,1571.8199462890625,1576.9599609375,1563.5699462890625,1563.780029296875,143036100
2021-05-25,1577.8199462890625,1577.8199462890625,1567.3699951171875,1569.0,166737100
2021-05-27,1593.9000244140625,1593.9000244140625,1593.9000244140625,1593.9000244140625,0
2021-05-28,1594.43994140625,1594.6199951171875,1580.780029296875,1585.1700439453125,171210500
2021-05-31,1583.550048828125,1585.969970703125,1568.469970703125,1571.0400390625,110858000
2021-06-01,1585.9000244140625,1588.300048828125,1580.0999755859375,1585.739990234375,123977600
2021-06-02,1597.93994140625,1598.6099853515625,1585.469970703125,1585.469970703125,150289300
2021-06-03,1590.5699462890625,1599.719970703125,1586.6099853515625,1599.0799560546875,125694200
2021-06-04,1578.449951171875,1590.31005859375,1573.3399658203125,1590.300048828125,151652300
2021-06-08,1587.9599609375,1591.550048828125,1577.1800537109375,1581.43994140625,189900000
2021-06-09,1581.47998046875,1590.77001953125,1581.47998046875,1589.510009765625,156299700
2021-06-10,1579.9000244140625,1586.280029296875,1579.9000244140625,1583.3499755859375,116791600
2021-06-11,1575.1600341796875,1584.0899658203125,1571.5799560546875,1583.27001953125,118198800
2021-06-14,1582.4599609375,1587.469970703125,1578.199951171875,1582.4599609375,146222800
2021-06-15,1581.3699951171875,1586.0999755859375,1578.6300048828125,1586.0999755859375,144042400
2021-06-16,1578.3199462890625,1584.949951171875,1576.4599609375,1582.9200439453125,156285700
2021-06-17,1570.8599853515625,1578.75,1568.6700439453125,1578.75,139278200
2021-06-18,1589.050048828125,1589.050048828125,1565.739990234375,1571.0899658203125,301725900
2021-06-21,1572.239990234375,1580.6500244140625,1567.8399658203125,1580.510009765625,109189500
2021-06-22,1574.02001953125,1577.5699462890625,1571.2099609375,1571.56005859375,130993000
2021-06-23,1564.760009765625,1573.6600341796875,1564.5400390625,1571.760009765625,113746300
2021-06-24,1555.7099609375,1567.5899658203125,1554.1500244140625,1565.9599609375,155098200
2021-06-25,1559.6800537109375,1563.469970703125,1556.1600341796875,1556.1600341796875,119037900
2021-06-28,1544.7099609375,1557.5799560546875,1539.5999755859375,1557.4599609375,115406200
2021-06-29,1548.31005859375,1549.260009765625,1541.719970703125,1542.3900146484375,106857400
2021-06-30,1532.6300048828125,1551.949951171875,1531.6600341796875,1547.300048828125,146788700
2021-07-01,1534.22998046875,1541.1099853515625,1531.8399658203125,1533.3399658203125,104833600
2021-07-02,1533.3499755859375,1536.0,1529.6800537109375,1533.699951171875,87817700
2021-07-05,1532.3599853515625,1535.8800048828125,1525.4000244140625,1534.0400390625,87054900
2021-07-06,1531.6300048828125,1536.469970703125,1530.75,1531.9200439453125,99833000
2021-07-07,1530.1500244140625,1531.030029296875,1523.4200439453125,1530.9599609375,101657600
2021-07-08,1508.7099609375,1525.9000244140625,1501.2099609375,1525.9000244140625,190293600
2021-07-09,1520.5799560546875,1522.800048828125,1508.3599853515625,1508.3599853515625,137225100
2021-07-12,1512.8900146484375,1525.4200439453125,1509.25,1522.22998046875,70680200
2021-07-13,1519.56005859375,1520.030029296875,1513.5400390625,1513.8299560546875,97812800
2021-07-14,1512.3199462890625,1522.8699951171875,1509.5699462890625,1520.77001953125,149335700
2021-07-15,1520.8199462890625,1523.949951171875,1511.5999755859375,1512.5699462890625,130878500
2021-07-16,1522.47998046875,1525.3699951171875,1511.780029296875,1523.9000244140625,109839000
2021-07-19,1519.969970703125,1533.800048828125,1518.72998046875,1522.6700439453125,135999200
2021-07-21,1516.52001953125,1521.5699462890625,1515.3399658203125,1521.3699951171875,157913600
2021-07-22,1527.6199951171875,1527.6199951171875,1518.010009765625,1519.0,115176100
2021-07-23,1523.43994140625,1529.6500244140625,1523.1600341796875,1528.2099609375,81841000
2021-07-26,1512.530029296875,1525.72998046875,1512.530029296875,1524.469970703125,88319400
2021-07-27,1514.5999755859375,1517.3900146484375,1511.8499755859375,1515.72998046875,111563800
2021-07-28,1515.3900146484375,1516.3499755859375,1509.81005859375,1511.4599609375,80066500
2021-07-29,1512.9300537109375,1520.0400390625,1511.510009765625,1514.969970703125,112971300
2021-07-30,1494.5999755859375,1512.010009765625,1494.5999755859375,1511.97998046875,166143200
2021-08-02,1493.0,1499.739990234375,1486.22998046875,1497.3900146484375,102338600
2021-08-03,1500.260009765625,1500.260009765625,1489.739990234375,1493.1500244140625,139077200
2021-08-04,1491.3299560546875,1497.8800048828125,1483.72998046875,1497.280029296875,133527200
2021-08-05,1495.780029296875,1498.9200439453125,1491.010009765625,1493.6500244140625,121413400
2021-08-06,1489.800048828125,1498.5899658203125,1486.050048828125,1494.8599853515625,114709800
2021-08-09,1496.72998046875,1497.199951171875,1491.760009765625,1491.760009765625,82638200
2021-08-11,1504.43994140625,1514.52001953125,1498.530029296875,1499.4300537109375,130603000
2021-08-12,1501.969970703125,1505.2900390625,1497.1800537109375,1505.2900390625,80529000
2021-08-13,1505.1099853515625,1507.5400390625,1498.800048828125,1503.3599853515625,64811000
2021-08-16,1502.9000244140625,1502.9000244140625,1493.5999755859375,1499.9200439453125,96664900
2021-08-17,1523.5899658203125,1524.7099609375,1505.27001953125,1505.27001953125,143637800
2021-08-18,1525.239990234375,1526.3399658203125,1518.949951171875,1524.97998046875,98883800
2021-08-19,1514.949951171875,1524.6800537109375,1513.780029296875,1524.6800537109375,86339400
2021-08-20,1518.030029296875,1522.6800537109375,1515.7900390625,1517.22998046875,71866900
2021-08-23,1522.4300537109375,1524.8599853515625,1519.530029296875,1519.989990234375,96734800
2021-08-24,1553.3699951171875,1553.3699951171875,1522.81005859375,1524.2099609375,201073600
2021-08-25,1569.800048828125,1569.800048828125,1554.5799560546875,1554.5799560546875,171038200
2021-08-26,1585.739990234375,1590.9100341796875,1570.719970703125,1570.719970703125,221320600
2021-08-27,1590.1600341796875,1594.52001953125,1577.31005859375,1582.9000244140625,183093000
2021-08-30,1601.3800048828125,1604.9000244140625,1592.0999755859375,1593.18994140625,310815000
2021-09-01,1586.8900146484375,1604.97998046875,1586.8900146484375,1603.4300537109375,239935300
2021-09-02,1582.18994140625,1593.5699462890625,1581.52001953125,1588.31005859375,147320300
2021-09-03,1589.18994140625,1589.18994140625,1579.93994140625,1585.1700439453125,140548700
2021-09-06,1581.5899658203125,1592.1600341796875,1577.7900390625,1590.6700439453125,115666800
2021-09-07,1583.47998046875,1586.3699951171875,1580.1400146484375,1581.75,139656100
2021-09-08,1597.6300048828125,1597.6300048828125,1579.1800537109375,1581.719970703125,180612500
2021-09-09,1578.8900146484375,1592.739990234375,1577.449951171875,1592.1800537109375,192149900
2021-09-10,1575.969970703125,1583.8399658203125,1572.6099853515625,1576.1400146484375,173719400
2021-09-13,1570.1300048828125,1573.780029296875,1562.1099853515625,1573.780029296875,130906600
2021-09-14,1555.510009765625,1573.1800537109375,1548.8900146484375,1569.550048828125,185018900
2021-09-15,1555.260009765625,1560.56005859375,1549.6500244140625,1554.8599853515625,205564200
2021-09-17,1548.510009765625,1556.739990234375,1543.0799560546875,1556.3499755859375,326712900
2021-09-20,1527.8900146484375,1547.6700439453125,1526.9000244140625,1547.6199951171875,177366500
2021-09-21,1530.43994140625,1533.1099853515625,1521.43994140625,1524.7099609375,175388100
2021-09-22,1529.02001953125,1529.7900390625,1520.7099609375,1524.6300048828125,169897700
2021-09-23,1539.3399658203125,1539.72998046875,1531.1800537109375,1532.3299560546875,165616300
2021-09-24,1532.06005859375,1543.3499755859375,1525.6400146484375,1542.4000244140625,137450600
2021-09-27,1533.050048828125,1533.510009765625,1526.1400146484375,1532.8900146484375,150078500
2021-09-28,1546.8199462890625,1546.8199462890625,1526.280029296875,1533.510009765625,164396500
2021-09-29,1547.6500244140625,1547.6500244140625,1528.68994140625,1541.9599609375,124104800
2021-09-30,1537.800048828125,1549.3599853515625,1532.56005859375,1546.4300537109375,231802200
2021-10-01,1524.47998046875,1539.469970703125,1521.0799560546875,1536.489990234375,144760700
2021-10-04,1522.469970703125,1532.72998046875,1519.6600341796875,1529.0400390625,119364900
2021-10-05,1530.4200439453125,1530.4200439453125,1515.5400390625,1522.239990234375,115647300
2021-10-06,1559.4200439453125,1559.4200439453125,1531.1300048828125,1531.3699951171875,211713700
2021-10-07,1561.2900390625,1561.2900390625,1551.97998046875,1558.239990234375,157809100
2021-10-08,1563.9000244140625,1567.300048828125,1558.56005859375,1562.1500244140625,135219100
2021-10-11,1570.8199462890625,1575.6300048828125,1567.8800048828125,1567.8800048828125,160435600
2021-10-12,1583.9100341796875,1583.9100341796875,1563.719970703125,1572.3399658203125,194652300
2021-10-13,1600.3800048828125,1600.3800048828125,1581.81005859375,1582.8699951171875,160913300
2021-10-14,1592.52001953125,1601.6600341796875,1588.6300048828125,1601.6600341796875,120281800
2021-10-15,1598.280029296875,1599.760009765625,1592.6700439453125,1595.1700439453125,132390000
2021-10-18,1605.969970703125,1609.6199951171875,1602.7099609375,1602.8900146484375,153516900
2021-10-20,1606.3199462890625,1613.3499755859375,1601.31005859375,1611.8299560546875,155600800
2021-10-21,1591.6199951171875,1608.9200439453125,1590.3399658203125,1608.4300537109375,180339300
2021-10-22,1588.0799560546875,1591.9100341796875,1582.219970703125,1591.719970703125,87464300
2021-10-25,1587.93994140625,1593.3699951171875,1586.77001953125,1586.77001953125,75804200
2021-10-26,1584.199951171875,1589.1099853515625,1583.0699462890625,1588.0400390625,103545400
2021-10-27,1583.0799560546875,1591.6400146484375,1581.760009765625,1587.219970703125,109028100
2021-10-28,1566.8599853515625,1581.489990234375,1566.8599853515625,1581.0799560546875,126028300
2021-10-29,1562.31005859375,1570.6500244140625,1559.6600341796875,1568.8699951171875,144120400
2021-11-01,1530.9200439453125,1545.989990234375,1526.0400390625,1545.989990234375,229544000
2021-11-02,1537.6300048828125,1544.0,1532.2099609375,1532.2099609375,143617700
2021-11-03,1531.3299560546875,1543.8699951171875,1530.3499755859375,1543.1500244140625,140157900
2021-11-05,1531.72998046875,1540.6099853515625,1525.449951171875,1535.77001953125,122048000
2021-11-08,1535.4100341796875,1538.1199951171875,1531.4200439453125,1534.2099609375,96941100
2021-11-09,1524.030029296875,1536.1600341796875,1520.0799560546875,1535.550048828125,119440000
2021-11-10,1520.739990234375,1526.1500244140625,1516.75,1526.030029296875,100293300
2021-11-11,1518.8499755859375,1522.719970703125,1517.739990234375,1520.47998046875,97057300
2021-11-12,1531.219970703125,1532.6400146484375,1520.6700439453125,1522.68994140625,136842900
2021-11-15,1522.3399658203125,1534.6600341796875,1520.27001953125,1531.3800048828125,91980600
2021-11-16,1522.8900146484375,1528.0999755859375,1518.9300537109375,1521.469970703125,105897000
2021-11-17,1525.1300048828125,1525.1300048828125,1519.0699462890625,1522.4200439453125,119348000
2021-11-18,1523.7900390625,1525.1199951171875,1519.9100341796875,1524.5799560546875,110251600
2021-11-19,1525.5400390625,1527.5,1523.1400146484375,1525.3800048828125,109830900
2021-11-22,1526.8699951171875,1529.260009765625,1522.7099609375,1526.760009765625,113642900
2021-11-23,1522.8800048828125,1531.72998046875,1521.510009765625,1527.25,124348300
2021-11-24,1522.27001953125,1525.97998046875,1521.1199951171875,1524.2099609375,93203000
2021-11-25,1517.5999755859375,1523.1600341796875,1515.4300537109375,1520.3199462890625,82655700
2021-11-26,1512.219970703125,1518.43994140625,1508.969970703125,1518.1700439453125,238900400
2021-11-29,1510.5699462890625,1516.5999755859375,1501.510009765625,1507.7900390625,453704100
2021-11-30,1513.97998046875,1519.6199951171875,1511.27001953125,1512.5799560546875,684033900
2021-12-01,1496.9300537109375,1509.9000244140625,1495.75,1507.47998046875,226840300
2021-12-02,1501.739990234375,1501.739990234375,1491.8299560546875,1498.3399658203125,211493000
2021-12-06,1483.449951171875,1503.760009765625,1483.449951171875,1503.6600341796875,210885300
2021-12-07,1497.969970703125,1497.969970703125,1484.3499755859375,1484.93994140625,177743200
2021-12-08,1494.030029296875,1501.239990234375,1491.8800048828125,1500.5699462890625,138474400
2021-12-09,1501.7900390625,1501.7900390625,1491.8199462890625,1493.06005859375,99381700
2021-12-10,1488.8800048828125,1505.4100341796875,1488.8800048828125,1501.6500244140625,130085000
2021-12-13,1494.8599853515625,1501.8800048828125,1491.8499755859375,1491.8800048828125,152423300
2021-12-14,1480.9200439453125,1492.8900146484375,1479.9200439453125,1492.8900146484375,147863700
2021-12-15,1482.81005859375,1484.6300048828125,1475.3699951171875,1482.1199951171875,130742800
2021-12-16,1484.6400146484375,1491.68994140625,1483.7900390625,1485.4599609375,145137700
2021-12-17,1502.010009765625,1502.010009765625,1482.3900146484375,1485.4300537109375,275103300
2021-12-20,1493.9000244140625,1502.6099853515625,1490.77001953125,1497.5699462890625,144587300
2021-12-21,1492.5899658203125,1496.239990234375,1490.010009765625,1492.800048828125,116475100
2021-12-22,1500.3199462890625,1502.18994140625,1492.739990234375,1492.739990234375,116438200
2021-12-23,1516.4200439453125,1516.4200439453125,1499.81005859375,1499.81005859375,123965700
2021-12-24,1516.449951171875,1517.9599609375,1513.93994140625,1516.6400146484375,51488600
2021-12-27,1533.9100341796875,1535.9300537109375,1515.0999755859375,1517.3699951171875,110161500
2021-12-28,1539.8900146484375,1542.199951171875,1535.8599853515625,1535.97998046875,115107800
2021-12-29,1545.0400390625,1545.0400390625,1536.449951171875,1540.3900146484375,115519200
2021-12-30,1543.6099853515625,1547.75,1539.5699462890625,1544.72998046875,105401000
2021-12-31,1567.530029296875,1567.530029296875,1531.81005859375,1542.989990234375,165322800
2022-01-03,1549.050048828125,1556.280029296875,1545.530029296875,1553.6400146484375,65775200
2022-01-04,1541.9000244140625,1551.3299560546875,1536.52001953125,1550.9200439453125,104133100
2022-01-05,1547.949951171875,1549.530029296875,1540.239990234375,1542.4100341796875,122004900
2022-01-06,1533.3599853515625,1546.5,1532.5999755859375,1546.4599609375,126065800
2022-01-07,1543.1099853515625,1543.1700439453125,1531.5400390625,1534.81005859375,108158900
2022-01-10,1550.1700439453125,1550.1700439453125,1540.31005859375,1543.3800048828125,143108700
2022-01-11,1564.2900390625,1564.2900390625,1546.18994140625,1549.010009765625,209789300
2022-01-12,1563.199951171875,1567.3499755859375,1555.699951171875,1564.3900146484375,129352500
2022-01-13,1569.510009765625,1570.1400146484375,1560.2900390625,1561.9599609375,147237200
2022-01-14,1555.3299560546875,1565.22998046875,1549.9300537109375,1565.22998046875,166786800
2022-01-17,1542.9200439453125,1555.31005859375,1541.0699462890625,1553.800048828125,136687800
2022-01-19,1530.3299560546875,1541.699951171875,1525.550048828125,1541.699951171875,187807400
2022-01-20,1527.75,1532.8199462890625,1525.449951171875,1529.43994140625,151951800
2022-01-21,1527.06005859375,1531.25,1520.800048828125,1528.81005859375,132758900
2022-01-24,1521.8599853515625,1525.8199462890625,1518.8199462890625,1521.719970703125,120098100
2022-01-25,1508.9100341796875,1517.0899658203125,1503.3399658203125,1517.0899658203125,158204700
2022-01-26,1515.760009765625,1520.1500244140625,1508.780029296875,1508.780029296875,140010100
2022-01-27,1515.989990234375,1518.6099853515625,1510.6400146484375,1516.47998046875,120210600
2022-01-28,1520.02001953125,1522.949951171875,1517.9599609375,1518.25,103982800
2022-01-31,1512.27001953125,1523.6300048828125,1512.27001953125,1519.719970703125,101180600
2022-02-03,1525.72998046875,1526.6199951171875,1515.25,1515.9200439453125,129274700
2022-02-04,1522.760009765625,1526.800048828125,1518.8199462890625,1526.300048828125,94910600
2022-02-07,1530.6500244140625,1535.1199951171875,1525.22998046875,1525.22998046875,197023100
2022-02-08,1530.0899658203125,1534.72998046875,1529.0999755859375,1533.3299560546875,151107200
2022-02-09,1551.510009765625,1551.510009765625,1531.18994140625,1531.18994140625,221080100
2022-02-10,1570.0999755859375,1570.0999755859375,1550.4200439453125,1550.4200439453125,201197900
2022-02-11,1578.8900146484375,1578.8900146484375,1562.9100341796875,1564.300048828125,159819400
2022-02-14,1583.8399658203125,1585.0799560546875,1575.0999755859375,1576.989990234375,168289300
2022-02-15,1599.6099853515625,1599.6099853515625,1585.5400390625,1585.9599609375,221071000
2022-02-16,1603.199951171875,1613.7099609375,1597.3499755859375,1606.6500244140625,179739900
2022-02-17,1605.02001953125,1614.8199462890625,1601.93994140625,1609.9200439453125,201735200
2022-02-18,1603.050048828125,1607.4200439453125,1599.800048828125,1601.739990234375,178641400
2022-02-21,1582.68994140625,1603.3800048828125,1578.6099853515625,1601.6600341796875,189244500
2022-02-22,1576.9599609375,1581.050048828125,1567.18994140625,1579.93994140625,189714900
2022-02-23,1586.1400146484375,1592.3399658203125,1579.93994140625,1582.260009765625,166551000
2022-02-24,1573.8900146484375,1586.0699462890625,1565.239990234375,1585.56005859375,241575600
2022-02-25,1591.719970703125,1600.489990234375,1579.0699462890625,1579.0699462890625,213621200
2022-02-28,1608.280029296875,1613.489990234375,1595.739990234375,1595.739990234375,382513300
2022-03-01,1596.43994140625,1620.43994140625,1593.5699462890625,1608.56005859375,268878900
2022-03-02,1598.0999755859375,1606.3800048828125,1592.6199951171875,1601.1300048828125,284332800
2022-03-03,1618.5400390625,1618.5400390625,1600.1800537109375,1608.68994140625,255937300
2022-03-04,1603.93994140625,1616.280029296875,1598.1700439453125,1616.0,237853300
2022-03-07,1572.56005859375,1606.56005859375,1565.5699462890625,1606.27001953125,280535900
2022-03-08,1546.8699951171875,1566.8399658203125,1540.9000244140625,1566.449951171875,311082900
2022-03-09,1562.3299560546875,1568.0,1543.9100341796875,1550.3199462890625,321135900
2022-03-10,1580.530029296875,1581.27001953125,1567.77001953125,1570.7099609375,324240800
2022-03-11,1568.219970703125,1575.1400146484375,1560.6300048828125,1575.1400146484375,178057100
2022-03-14,1567.43994140625,1572.5999755859375,1556.0999755859375,1570.699951171875,204245200
2022-03-15,1557.4100341796875,1566.739990234375,1554.1700439453125,1564.9000244140625,243167000
2022-03-16,1571.3199462890625,1571.3199462890625,1554.260009765625,1554.260009765625,228365200
2022-03-17,1590.8800048828125,1592.9000244140625,1577.56005859375,1577.56005859375,348316600
2022-03-18,1591.260009765625,1594.760009765625,1583.25,1593.6800537109375,643455100
2022-03-21,1587.1600341796875,1589.489990234375,1579.31005859375,1588.0699462890625,160876100
2022-03-22,1585.81005859375,1591.6700439453125,1583.969970703125,1585.530029296875,168581900
2022-03-23,1597.8800048828125,1601.8299560546875,1588.780029296875,1588.780029296875,163151000
2022-03-24,1598.969970703125,1601.1600341796875,1593.530029296875,1595.8499755859375,139118600
2022-03-25,1603.300048828125,1603.68994140625,1596.6300048828125,1596.6300048828125,151106400
2022-03-28,1597.949951171875,1606.1400146484375,1595.3699951171875,1606.1400146484375,136648600
2022-03-29,1583.4200439453125,1598.2099609375,1579.27001953125,1597.9300537109375,165623300
2022-03-30,1583.219970703125,1591.4000244140625,1580.8800048828125,1585.550048828125,151449700
2022-03-31,1587.3599853515625,1589.06005859375,1575.5400390625,1585.1700439453125,220511000
2022-04-01,1602.4100341796875,1602.4100341796875,1582.0899658203125,1588.2900390625,165218100
2022-04-04,1598.9200439453125,1602.3199462890625,1594.77001953125,1602.030029296875,111270500
2022-04-05,1596.7900390625,1601.6800537109375,1594.4100341796875,1601.6600341796875,133372500
2022-04-06,1604.719970703125,1605.5,1595.18994140625,1596.1199951171875,144055900
2022-04-07,1600.7900390625,1606.1300048828125,1597.949951171875,1605.510009765625,183691800
2022-04-08,1607.2900390625,1608.1099853515625,1599.199951171875,1603.72998046875,121401200
2022-04-11,1604.6099853515625,1613.4599609375,1603.219970703125,1607.949951171875,130839000
2022-04-12,1597.1300048828125,1603.97998046875,1597.1300048828125,1603.8699951171875,171551400
2022-04-13,1597.1800537109375,1605.1099853515625,1596.1300048828125,1599.6199951171875,170038600
2022-04-14,1595.699951171875,1602.3800048828125,1595.699951171875,1601.0999755859375,155439300
2022-04-15,1589.010009765625,1596.6199951171875,1589.010009765625,1596.5799560546875,88773900
2022-04-18,1581.1400146484375,1591.6400146484375,1581.1400146484375,1591.6400146484375,100095100
2022-04-20,1593.75,1597.0699462890625,1584.8699951171875,1585.8199462890625,217355100
2022-04-21,1598.3199462890625,1599.9100341796875,1594.1300048828125,1598.3900146484375,157702500
2022-04-22,1601.969970703125,1603.3199462890625,1594.719970703125,1598.0699462890625,146615600
2022-04-25,1589.97998046875,1599.3800048828125,1589.97998046875,1599.3800048828125,178307100
2022-04-26,1596.6800537109375,1602.68994140625,1592.469970703125,1599.719970703125,161400900
2022-04-27,1585.97998046875,1593.3399658203125,1585.1700439453125,1591.6500244140625,139713500
2022-04-28,1597.31005859375,1600.5999755859375,1590.1700439453125,1593.6199951171875,185350000
2022-04-29,1600.4300537109375,1605.02001953125,1595.780029296875,1602.02001953125,154247500
2022-05-05,1582.97998046875,1615.1700439453125,1576.8399658203125,1614.3399658203125,226169700
2022-05-06,1564.3399658203125,1578.5400390625,1563.9300537109375,1574.1500244140625,240641800
2022-05-09,1549.1800537109375,1563.800048828125,1546.6400146484375,1563.800048828125,165661500
2022-05-10,1554.5799560546875,1559.0400390625,1548.72998046875,1551.550048828125,204417900
2022-05-11,1555.9300537109375,1559.4599609375,1552.93994140625,1555.47998046875,163931700
2022-05-12,1538.800048828125,1559.7099609375,1538.800048828125,1556.93994140625,207028200
2022-05-13,1544.4100341796875,1551.3299560546875,1541.1500244140625,1545.97998046875,261766800
2022-05-17,1548.5999755859375,1558.1099853515625,1548.02001953125,1555.6800537109375,247756000
2022-05-18,1554.9100341796875,1558.8900146484375,1547.469970703125,1554.1500244140625,208475500
2022-05-19,1549.4100341796875,1554.530029296875,1545.02001953125,1550.239990234375,222552600
2022-05-20,1549.1199951171875,1558.510009765625,1549.1199951171875,1552.3800048828125,180829200
2022-05-23,1542.530029296875,1556.4300537109375,1540.0899658203125,1553.1500244140625,161612400
2022-05-24,1531.300048828125,1547.8399658203125,1531.300048828125,1547.8399658203125,185458500
2022-05-25,1535.56005859375,1538.8199462890625,1531.219970703125,1531.77001953125,145386500
2022-05-26,1541.1500244140625,1541.75,1535.8900146484375,1539.719970703125,175471800
2022-05-27,1546.760009765625,1546.760009765625,1531.56005859375,1540.699951171875,171414000
2022-05-30,1543.02001953125,1547.02001953125,1540.56005859375,1546.3499755859375,143220900
2022-05-31,1570.0999755859375,1570.0999755859375,1537.949951171875,1544.3499755859375,745939000
2022-06-01,1553.4100341796875,1563.8900146484375,1552.219970703125,1563.4000244140625,276242600
2022-06-02,1549.9000244140625,1555.5400390625,1546.2900390625,1554.719970703125,221159300
2022-06-03,1537.8299560546875,1551.6700439453125,1537.510009765625,1551.239990234375,155523600
2022-06-07,1525.9300537109375,1541.4300537109375,1525.9300537109375,1538.739990234375,170810900
2022-06-08,1523.8599853515625,1532.719970703125,1523.8599853515625,1525.9000244140625,184381000
2022-06-09,1509.7099609375,1526.8299560546875,1508.0,1523.31005859375,218442900
2022-06-10,1493.949951171875,1505.6800537109375,1493.3199462890625,1505.6800537109375,201280200
2022-06-13,1464.8299560546875,1483.760009765625,1458.8499755859375,1483.760009765625,260416300
2022-06-14,1481.280029296875,1481.719970703125,1451.1800537109375,1457.8599853515625,239619000
2022-06-15,1459.050048828125,1480.9599609375,1453.18994140625,1480.8800048828125,228046100
2022-06-16,1472.77001953125,1476.02001953125,1461.93994140625,1469.0999755859375,238653100
2022-06-17,1456.739990234375,1461.030029296875,1445.6400146484375,1460.9300537109375,422332000
2022-06-20,1441.239990234375,1454.4000244140625,1437.22998046875,1454.4000244140625,135252900
2022-06-21,1457.8800048828125,1457.8800048828125,1443.260009765625,1443.300048828125,220812900
2022-06-22,1431.0999755859375,1461.530029296875,1431.0999755859375,1461.1300048828125,213442200
2022-06-23,1431.050048828125,1441.469970703125,1427.780029296875,1434.5,138751900
2022-06-24,1436.699951171875,1440.72998046875,1431.300048828125,1431.300048828125,144218900
2022-06-27,1438.1199951171875,1441.030029296875,1431.6500244140625,1438.8199462890625,112772600
2022-06-28,1454.739990234375,1455.4599609375,1431.3499755859375,1438.97998046875,141126700
2022-06-29,1451.47998046875,1459.8599853515625,1445.22998046875,1450.449951171875,252629700
2022-06-30,1444.219970703125,1460.300048828125,1444.219970703125,1455.5,298977000
2022-07-01,1449.739990234375,1452.3199462890625,1441.6199951171875,1441.6199951171875,124199100
2022-07-04,1437.52001953125,1449.5,1437.52001953125,1449.5,121107100
2022-07-05,1440.81005859375,1444.6700439453125,1435.5799560546875,1441.8699951171875,143105000
2022-07-06,1420.8499755859375,1448.0899658203125,1419.5,1442.5699462890625,174436600
2022-07-07,1418.68994140625,1425.8499755859375,1418.68994140625,1421.0400390625,177874100
2022-07-08,1425.7900390625,1427.199951171875,1420.6300048828125,1421.260009765625,127603700
2022-07-12,1426.0799560546875,1426.18994140625,1418.5,1426.18994140625,180406300
2022-07-13,1411.3199462890625,1421.4300537109375,1410.3299560546875,1421.4300537109375,159991500
2022-07-14,1420.06005859375,1420.06005859375,1408.8299560546875,1408.8299560546875,137943400
2022-07-15,1418.43994140625,1420.06005859375,1415.4599609375,1420.06005859375,115312500
2022-07-18,1429.5400390625,1429.5400390625,1416.7099609375,1420.8900146484375,164058300
2022-07-19,1428.760009765625,1430.8599853515625,1417.1600341796875,1428.68994140625,120980400
2022-07-20,1436.97998046875,1438.3699951171875,1430.02001953125,1430.02001953125,150338100
2022-07-21,1450.3199462890625,1451.3299560546875,1440.050048828125,1441.1600341796875,147979100
2022-07-22,1465.800048828125,1468.47998046875,1450.72998046875,1451.0899658203125,172149500
2022-07-25,1469.219970703125,1469.219970703125,1461.280029296875,1463.780029296875,151287500
2022-07-26,1463.68994140625,1466.489990234375,1459.1199951171875,1466.489990234375,129765300
2022-07-27,1470.7099609375,1470.9599609375,1460.969970703125,1464.1300048828125,131413600
2022-07-28,1491.199951171875,1491.199951171875,1472.3900146484375,1472.3900146484375,193900200
2022-07-29,1492.22998046875,1497.530029296875,1488.0699462890625,1491.1700439453125,196951200
2022-08-01,1502.0699462890625,1503.8299560546875,1490.68994140625,1492.6700439453125,118037000
2022-08-02,1495.050048828125,1503.0,1490.719970703125,1501.3299560546875,159324800
2022-08-03,1490.5699462890625,1490.5699462890625,1483.010009765625,1488.5799560546875,149070000
2022-08-04,1507.7099609375,1507.7099609375,1491.6600341796875,1491.6600341796875,190421100
2022-08-05,1501.550048828125,1505.530029296875,1497.77001953125,1505.0699462890625,174897900
2022-08-08,1496.030029296875,1501.5799560546875,1490.4100341796875,1501.5799560546875,122167900
2022-08-09,1497.6800537109375,1501.030029296875,1495.0,1498.52001953125,102724400
2022-08-10,1492.3299560546875,1496.25,1490.219970703125,1495.719970703125,266326400
2022-08-11,1505.56005859375,1505.56005859375,1497.81005859375,1497.81005859375,216126900
2022-08-12,1506.18994140625,1511.800048828125,1504.2099609375,1505.0699462890625,267605700
2022-08-15,1504.010009765625,1510.1099853515625,1503.02001953125,1506.4200439453125,316946800
2022-08-16,1518.780029296875,1518.780029296875,1503.8599853515625,1504.0899658203125,470904500
2022-08-17,1518.1600341796875,1527.8399658203125,1516.5699462890625,1519.550048828125,341134600
2022-08-18,1516.6199951171875,1522.52001953125,1514.6700439453125,1516.780029296875,235365700
2022-08-19,1504.43994140625,1519.6800537109375,1502.9100341796875,1516.8199462890625,168464900
2022-08-22,1487.3699951171875,1502.0699462890625,1486.3699951171875,1501.6099853515625,169380000
2022-08-23,1482.5699462890625,1484.9200439453125,1477.5400390625,1484.9200439453125,172621700
2022-08-24,1467.260009765625,1487.969970703125,1464.8299560546875,1484.0999755859375,152863500
2022-08-25,1495.489990234375,1495.489990234375,1470.3699951171875,1470.3699951171875,202206400
2022-08-26,1500.2900390625,1507.489990234375,1495.6800537109375,1496.3800048828125,175717000
2022-08-29,1501.5699462890625,1506.550048828125,1481.7900390625,1486.52001953125,171238200
2022-08-30,1512.050048828125,1512.050048828125,1496.800048828125,1500.780029296875,380089300
2022-09-01,1491.949951171875,1503.489990234375,1490.7099609375,1498.010009765625,221522800
2022-09-02,1491.1800537109375,1498.6099853515625,1489.22998046875,1493.1199951171875,158415100
2022-09-05,1489.800048828125,1494.81005859375,1486.7900390625,1492.030029296875,119861900
2022-09-06,1488.27001953125,1497.0,1488.27001953125,1492.5799560546875,163008800
2022-09-07,1491.3499755859375,1492.18994140625,1483.2900390625,1485.9200439453125,162618300
2022-09-08,1494.72998046875,1497.6600341796875,1486.97998046875,1490.8699951171875,163489700
2022-09-09,1496.530029296875,1498.3199462890625,1493.1500244140625,1495.75,121606000
2022-09-12,1497.9599609375,1501.8699951171875,1496.050048828125,1497.6600341796875,139781400
2022-09-13,1487.8399658203125,1497.8800048828125,1482.3800048828125,1497.4000244140625,168161200
2022-09-14,1468.43994140625,1480.550048828125,1468.43994140625,1475.239990234375,174111700
2022-09-15,1467.31005859375,1478.5400390625,1466.3299560546875,1473.3599853515625,311214100
2022-09-19,1451.52001953125,1460.9100341796875,1446.0400390625,1459.510009765625,304695900
2022-09-20,1461.0999755859375,1465.5799560546875,1454.4200439453125,1454.4200439453125,260241500
2022-09-21,1447.1800537109375,1459.8900146484375,1447.1800537109375,1459.449951171875,381229500
2022-09-22,1439.1600341796875,1448.510009765625,1435.760009765625,1444.8699951171875,232744900
2022-09-23,1424.97998046875,1440.2900390625,1424.97998046875,1439.1099853515625,232715500
2022-09-26,1413.0400390625,1423.8299560546875,1411.47998046875,1423.8299560546875,269196600
2022-09-27,1410.8699951171875,1420.27001953125,1410.8699951171875,1412.8599853515625,307257400
2022-09-28,1401.8900146484375,1409.1300048828125,1400.4100341796875,1407.3199462890625,317186600
2022-09-29,1397.5,1410.760009765625,1395.81005859375,1407.3900146484375,319309200
2022-09-30,1394.6300048828125,1402.22998046875,1390.4100341796875,1395.2900390625,283725900
2022-10-03,1397.6199951171875,1401.8199462890625,1384.8199462890625,1393.699951171875,205504800
2022-10-04,1409.3599853515625,1411.550048828125,1402.9000244140625,1403.760009765625,171969900
2022-10-05,1420.550048828125,1424.6500244140625,1413.6700439453125,1413.6700439453125,202932700
2022-10-06,1420.4300537109375,1428.1300048828125,1420.4300537109375,1424.75,61327800
2022-10-07,1406.0,1421.9000244140625,1405.1800537109375,1421.7900390625,78281500
2022-10-11,1386.8199462890625,1400.5799560546875,1383.25,1400.5799560546875,225392200
2022-10-12,1380.5699462890625,1391.469970703125,1376.5400390625,1388.280029296875,208604100
2022-10-13,1373.3599853515625,1385.0699462890625,1372.5699462890625,1384.8599853515625,305862900
2022-10-14,1382.469970703125,1391.3800048828125,1381.3399658203125,1381.6300048828125,271513000
2022-10-17,1386.27001953125,1389.2099609375,1376.6800537109375,1383.5,225972200
2022-10-18,1400.3599853515625,1400.3900146484375,1389.1600341796875,1392.9200439453125,234389700
2022-10-19,1415.0999755859375,1415.0999755859375,1400.280029296875,1402.6800537109375,216942000
2022-10-20,1437.719970703125,1437.719970703125,1411.739990234375,1414.719970703125,336728500
2022-10-21,1446.4200439453125,1446.4200439453125,1433.260009765625,1435.3900146484375,167325000
2022-10-25,1444.4100341796875,1454.06005859375,1441.18994140625,1449.1400146484375,205560800
2022-10-26,1454.97998046875,1454.97998046875,1447.4100341796875,1447.5699462890625,252568000
2022-10-27,1454.0899658203125,1459.8599853515625,1452.280029296875,1457.9599609375,247414700
2022-10-28,1447.31005859375,1456.469970703125,1442.0400390625,1454.5400390625,232514400
2022-10-31,1460.3800048828125,1468.4100341796875,1450.93994140625,1450.93994140625,349208000
2022-11-01,1445.9200439453125,1457.6400146484375,1443.5400390625,1457.6400146484375,191406100
2022-11-02,1451.6099853515625,1451.9200439453125,1442.8900146484375,1450.97998046875,176884200
2022-11-03,1420.3800048828125,1448.3199462890625,1420.3800048828125,1448.3199462890625,312941100
2022-11-04,1438.280029296875,1438.280029296875,1422.0799560546875,1425.52001953125,215622500
2022-11-07,1442.1199951171875,1442.6600341796875,1435.3900146484375,1441.1800537109375,174970300
2022-11-08,1441.3499755859375,1447.8499755859375,1433.2900390625,1447.1199951171875,224557400
2022-11-09,1446.18994140625,1447.1500244140625,1439.68994140625,1443.6199951171875,251220400
2022-11-10,1449.739990234375,1453.27001953125,1440.760009765625,1442.31005859375,191907900
2022-11-11,1468.2099609375,1468.2099609375,1459.5400390625,1467.18994140625,370670700
2022-11-14,1464.0,1468.989990234375,1459.050048828125,1468.989990234375,248453200
2022-11-15,1450.5400390625,1461.510009765625,1447.8699951171875,1461.510009765625,256705300
2022-11-16,1448.3800048828125,1448.3800048828125,1440.5899658203125,1447.5,220514400
2022-11-17,1449.3199462890625,1449.3199462890625,1441.5699462890625,1446.56005859375,234928400
2022-11-21,1447.9599609375,1447.9599609375,1427.75,1434.550048828125,332039800
2022-11-22,1441.2900390625,1451.31005859375,1435.02001953125,1446.719970703125,242609900
2022-11-23,1443.5,1443.5,1431.6099853515625,1431.9000244140625,172539700
2022-11-24,1501.8800048828125,1502.1099853515625,1450.6800537109375,1450.6800537109375,457068200
2022-11-25,1486.5400390625,1504.1600341796875,1481.3800048828125,1501.699951171875,337650300
2022-11-29,1476.9599609375,1486.6800537109375,1467.260009765625,1483.77001953125,297992100
2022-11-30,1488.800048828125,1489.780029296875,1464.81005859375,1476.219970703125,597872800
2022-12-01,1491.510009765625,1497.239990234375,1487.3399658203125,1490.800048828125,266128700
2022-12-02,1481.800048828125,1489.3599853515625,1479.699951171875,1489.3599853515625,206833400
2022-12-05,1471.56005859375,1482.0799560546875,1470.3299560546875,1482.0799560546875,163267400
2022-12-06,1471.550048828125,1473.52001953125,1467.1300048828125,1468.989990234375,225294700
2022-12-07,1466.8800048828125,1477.8599853515625,1466.4599609375,1471.4599609375,218835400
2022-12-08,1465.9300537109375,1469.1199951171875,1461.780029296875,1467.3699951171875,166059100
2022-12-09,1477.18994140625,1477.4200439453125,1466.760009765625,1467.9000244140625,166544000
2022-12-12,1474.3800048828125,1475.6099853515625,1468.8499755859375,1475.6099853515625,129733800
2022-12-13,1470.1199951171875,1477.2900390625,1469.469970703125,1476.530029296875,139788100
2022-12-14,1483.1700439453125,1483.1700439453125,1471.6400146484375,1471.8900146484375,203191200
2022-12-15,1467.1300048828125,1482.1099853515625,1466.25,1481.780029296875,190145800
2022-12-16,1478.5400390625,1478.5400390625,1459.31005859375,1461.760009765625,251764100
2022-12-19,1477.0899658203125,1477.4100341796875,1471.5699462890625,1476.719970703125,103220400
2022-12-20,1467.3199462890625,1476.22998046875,1464.8599853515625,1473.72998046875,93572900
2022-12-21,1462.550048828125,1469.4200439453125,1458.8199462890625,1467.010009765625,92165900
2022-12-22,1468.3499755859375,1468.3499755859375,1462.4100341796875,1463.7900390625,67390900
2022-12-23,1474.6800537109375,1474.8699951171875,1460.5699462890625,1469.1600341796875,48286800
2022-12-27,1474.68994140625,1477.4300537109375,1468.1500244140625,1474.3900146484375,114386800
2022-12-28,1480.1099853515625,1480.1099853515625,1461.1800537109375,1473.550048828125,134741200
2022-12-29,1491.6300048828125,1491.6300048828125,1472.5400390625,1476.27001953125,107605300
2022-12-30,1495.489990234375,1503.3299560546875,1479.1300048828125,1491.9300537109375,242921700
2023-01-03,1473.989990234375,1488.5400390625,1473.800048828125,1488.5400390625,59804600
2023-01-04,1469.550048828125,1476.1400146484375,1469.550048828125,1472.8499755859375,99239400
2023-01-05,1480.9300537109375,1481.010009765625,1471.9100341796875,1472.4599609375,114428100
2023-01-06,1480.550048828125,1482.3900146484375,1474.47998046875,1479.530029296875,73345700
2023-01-09,1493.4200439453125,1493.4200439453125,1483.9300537109375,1484.56005859375,107069100
2023-01-10,1485.1300048828125,1491.219970703125,1480.3699951171875,1490.4000244140625,148942700
2023-01-11,1487.8699951171875,1489.0,1484.2099609375,1487.0400390625,130154200
2023-01-12,1488.6600341796875,1491.3499755859375,1486.1500244140625,1488.5699462890625,147707800
2023-01-13,1495.030029296875,1495.030029296875,1488.050048828125,1488.050048828125,120946200
2023-01-16,1493.56005859375,1496.050048828125,1489.0,1494.81005859375,118165300
2023-01-17,1499.3800048828125,1499.3800048828125,1488.949951171875,1492.530029296875,109129200
2023-01-18,1495.5,1496.6300048828125,1491.050048828125,1495.31005859375,112489800
2023-01-19,1496.219970703125,1501.7099609375,1493.4200439453125,1494.800048828125,132631400
2023-01-20,1500.3299560546875,1500.3299560546875,1495.800048828125,1496.8800048828125,106940500
2023-01-25,1499.449951171875,1501.8599853515625,1494.72998046875,1501.300048828125,83468600
2023-01-26,1498.3900146484375,1498.3900146484375,1494.030029296875,1497.4100341796875,94842000
2023-01-27,1497.550048828125,1500.9100341796875,1493.0699462890625,1499.969970703125,116233200
2023-01-30,1499.3900146484375,1500.949951171875,1494.1500244140625,1499.75,154968600
2023-01-31,1485.5,1493.8900146484375,1485.5,1493.7900390625,227210500
2023-02-02,1489.800048828125,1493.2099609375,1485.9000244140625,1488.8199462890625,190424300
2023-02-03,1490.469970703125,1493.3399658203125,1485.25,1490.56005859375,123555800
2023-02-07,1476.3800048828125,1487.989990234375,1471.7900390625,1487.8199462890625,157016900
2023-02-08,1470.75,1479.949951171875,1469.010009765625,1476.3900146484375,143187400
2023-02-09,1464.6400146484375,1471.300048828125,1463.75,1471.300048828125,133461000
2023-02-10,1474.5899658203125,1476.030029296875,1463.31005859375,1465.050048828125,105719000
2023-02-13,1475.1700439453125,1475.1700439453125,1469.260009765625,1474.719970703125,110899900
2023-02-14,1483.969970703125,1485.5799560546875,1476.06005859375,1477.1300048828125,117992500
2023-02-15,1488.18994140625,1488.18994140625,1478.31005859375,1482.800048828125,95417000
2023-02-16,1484.260009765625,1494.5400390625,1483.5400390625,1487.8399658203125,128062600
2023-02-17,1476.9000244140625,1484.760009765625,1473.1500244140625,1484.030029296875,153358600
2023-02-20,1473.4599609375,1477.47998046875,1471.0699462890625,1474.25,160268400
2023-02-21,1474.010009765625,1477.3599853515625,1471.8499755859375,1474.1099853515625,94234300
2023-02-22,1464.0,1473.22998046875,1462.5999755859375,1472.489990234375,142969300
2023-02-23,1457.6500244140625,1467.6300048828125,1456.300048828125,1464.5799560546875,138265300
2023-02-24,1456.800048828125,1460.18994140625,1448.0899658203125,1458.6600341796875,166737000
2023-02-27,1455.5,1458.1800537109375,1447.550048828125,1456.0400390625,173142300
2023-02-28,1454.18994140625,1458.969970703125,1452.4300537109375,1456.489990234375,246842100
2023-03-01,1450.199951171875,1454.3800048828125,1444.3900146484375,1454.3800048828125,137107700
2023-03-02,1455.489990234375,1457.02001953125,1447.06005859375,1451.3399658203125,103775800
2023-03-03,1453.550048828125,1457.780029296875,1452.6199951171875,1457.780029296875,101759100
2023-03-06,1452.6800537109375,1460.97998046875,1452.1199951171875,1458.77001953125,97343200
2023-03-07,1458.6700439453125,1461.4200439453125,1452.6400146484375,1453.969970703125,114286600
2023-03-08,1454.6600341796875,1458.6300048828125,1451.0799560546875,1455.469970703125,116583700
2023-03-09,1449.530029296875,1455.1199951171875,1448.449951171875,1454.8199462890625,112442800
2023-03-10,1433.0799560546875,1445.800048828125,1433.0799560546875,1445.800048828125,118232000
2023-03-13,1421.8299560546875,1423.6600341796875,1409.9300537109375,1419.4200439453125,130371500
2023-03-14,1393.8299560546875,1416.9599609375,1393.8299560546875,1416.9599609375,208134800
2023-03-15,1403.9300537109375,1406.5699462890625,1399.800048828125,1400.0999755859375,158859400
2023-03-16,1391.5999755859375,1403.9300537109375,1391.0400390625,1400.8199462890625,123798800
2023-03-17,1411.72998046875,1416.9200439453125,1397.22998046875,1397.280029296875,281587900
2023-03-20,1401.81005859375,1408.52001953125,1400.489990234375,1408.1800537109375,95554800
2023-03-21,1406.550048828125,1412.81005859375,1403.9599609375,1407.1600341796875,89710500
2023-03-22,1412.0400390625,1413.52001953125,1406.510009765625,1408.5999755859375,104359400
2023-03-23,1410.97998046875,1410.97998046875,1403.550048828125,1406.969970703125,106373400
2023-03-24,1399.699951171875,1411.6700439453125,1399.699951171875,1411.1300048828125,116712200
2023-03-27,1396.5999755859375,1404.6500244140625,1396.5999755859375,1400.949951171875,109243200
2023-03-28,1409.0899658203125,1409.22998046875,1398.4200439453125,1401.5999755859375,89163800
2023-03-29,1420.3499755859375,1422.68994140625,1407.47998046875,1407.47998046875,98993200
2023-03-30,1424.6099853515625,1425.3699951171875,1415.0999755859375,1417.81005859375,105758500
2023-03-31,1422.5899658203125,1429.47998046875,1421.3599853515625,1424.7900390625,138336300
2023-04-03,1433.3900146484375,1433.3900146484375,1426.77001953125,1426.77001953125,96205600
2023-04-04,1429.6099853515625,1432.8299560546875,1426.6300048828125,1432.239990234375,99190200
2023-04-05,1429.550048828125,1430.199951171875,1425.7099609375,1429.2900390625,54635100
2023-04-06,1424.8900146484375,1431.3199462890625,1416.6700439453125,1431.3199462890625,101716000
2023-04-07,1427.0400390625,1427.0799560546875,1421.6199951171875,1424.8599853515625,76320400
2023-04-10,1428.1300048828125,1429.6500244140625,1425.18994140625,1427.8900146484375,57424000
2023-04-11,1435.8900146484375,1435.8900146484375,1426.5,1429.1199951171875,92736300
2023-04-12,1434.739990234375,1437.0799560546875,1429.0,1437.02001953125,92391900
2023-04-13,1434.219970703125,1435.010009765625,1430.8900146484375,1433.8699951171875,99529900
2023-04-14,1435.1300048828125,1438.280029296875,1431.81005859375,1434.8399658203125,72150500
2023-04-17,1434.9000244140625,1436.0400390625,1429.4300537109375,1434.7900390625,87631200
2023-04-18,1432.3599853515625,1435.469970703125,1429.5899658203125,1435.469970703125,76820400
2023-04-19,1425.0699462890625,1431.5699462890625,1423.050048828125,1431.5699462890625,97047400
2023-04-20,1422.1099853515625,1428.6400146484375,1418.8199462890625,1428.6400146484375,79987200
2023-04-25,1425.18994140625,1427.0,1420.8399658203125,1422.27001953125,86166500
2023-04-26,1414.25,1422.47998046875,1412.75,1421.969970703125,108165700
2023-04-27,1418.050048828125,1418.1700439453125,1413.4599609375,1416.43994140625,87781900
2023-04-28,1415.949951171875,1420.5,1412.8399658203125,1418.239990234375,92223200
2023-05-02,1426.1099853515625,1428.3199462890625,1415.9200439453125,1416.2099609375,95430800
2023-05-03,1425.989990234375,1425.989990234375,1415.469970703125,1423.9000244140625,108563000
2023-05-05,1431.0400390625,1431.22998046875,1421.780029296875,1423.6099853515625,83059100
2023-05-08,1433.739990234375,1438.3299560546875,1430.8599853515625,1432.300048828125,79483400
2023-05-09,1432.6300048828125,1432.75,1428.52001953125,1431.5799560546875,95374100
2023-05-10,1425.6800537109375,1433.6800537109375,1424.530029296875,1433.1099853515625,90411500
2023-05-11,1425.1800537109375,1428.780029296875,1424.8199462890625,1425.5799560546875,122493500
2023-05-12,1422.9200439453125,1429.9200439453125,1422.9200439453125,1426.47998046875,153286800
2023-05-15,1417.3699951171875,1427.3599853515625,1415.93994140625,1423.530029296875,92214400
2023-05-16,1423.5,1426.1199951171875,1417.9200439453125,1417.9200439453125,93493100
2023-05-17,1424.3399658203125,1427.4000244140625,1421.3399658203125,1422.010009765625,92504200
2023-05-18,1428.0400390625,1428.0400390625,1421.9200439453125,1424.739990234375,88484500
2023-05-19,1428.5400390625,1428.5400390625,1423.6500244140625,1425.449951171875,91861400
2023-05-22,1419.0,1425.6600341796875,1416.199951171875,1423.6199951171875,116266900
2023-05-23,1411.5400390625,1419.6099853515625,1409.510009765625,1418.3199462890625,106577700
2023-05-24,1409.6199951171875,1414.6600341796875,1406.27001953125,1411.3599853515625,122164200
2023-05-25,1402.47998046875,1411.4200439453125,1402.47998046875,1408.93994140625,116408900
2023-05-26,1402.97998046875,1405.449951171875,1397.97998046875,1402.9300537109375,149780100
2023-05-29,1404.9300537109375,1406.530029296875,1401.9300537109375,1405.469970703125,130205600
2023-05-30,1396.9100341796875,1406.0400390625,1396.9100341796875,1406.0400390625,152265400
2023-05-31,1387.1199951171875,1398.3800048828125,1380.9000244140625,1396.6800537109375,657523800
2023-06-01,1383.010009765625,1386.4100341796875,1378.5799560546875,1383.300048828125,139957800
2023-06-02,1381.260009765625,1385.8199462890625,1376.780029296875,1385.8199462890625,128952300
2023-06-06,1383.1700439453125,1383.5799560546875,1377.3499755859375,1382.0999755859375,120094000
2023-06-07,1378.6500244140625,1383.550048828125,1371.739990234375,1382.0,118413400
2023-06-08,1374.6400146484375,1376.6199951171875,1369.4100341796875,1375.7900390625,109443600
2023-06-09,1376.0799560546875,1381.260009765625,1373.0799560546875,1375.5799560546875,92008800
2023-06-12,1386.77001953125,1390.550048828125,1377.6099853515625,1377.6099853515625,100957500
2023-06-13,1380.6099853515625,1387.7900390625,1378.1500244140625,1387.68994140625,139291300
2023-06-14,1385.4200439453125,1386.7900390625,1381.489990234375,1381.699951171875,134350100
2023-06-15,1381.72998046875,1382.9599609375,1378.8299560546875,1382.9599609375,109127300
2023-06-16,1388.6099853515625,1388.6099853515625,1373.1500244140625,1382.4200439453125,305649700
2023-06-19,1387.3299560546875,1390.5,1379.8299560546875,1383.8900146484375,75445100
2023-06-20,1388.3299560546875,1388.75,1383.8599853515625,1387.239990234375,96573400
2023-06-21,1393.449951171875,1395.8499755859375,1383.8800048828125,1385.72998046875,118222400
2023-06-22,1394.6700439453125,1402.43994140625,1391.760009765625,1392.1199951171875,116525600
2023-06-23,1390.8900146484375,1397.5400390625,1389.699951171875,1395.699951171875,89365400
2023-06-26,1389.8800048828125,1394.300048828125,1388.4100341796875,1391.550048828125,79124900
2023-06-27,1386.739990234375,1393.3800048828125,1385.300048828125,1390.8699951171875,85691700
2023-06-28,1388.3699951171875,1394.56005859375,1387.6700439453125,1387.6700439453125,71393900
2023-06-30,1376.6800537109375,1391.47998046875,1370.1500244140625,1388.52001953125,172513900
2023-07-03,1395.8900146484375,1397.3699951171875,1379.31005859375,1379.3900146484375,70750600
2023-07-04,1392.489990234375,1396.3299560546875,1388.8499755859375,1393.56005859375,63595600
2023-07-05,1389.9000244140625,1395.8199462890625,1389.9000244140625,1392.3800048828125,68297000
2023-07-06,1385.949951171875,1389.7099609375,1381.8599853515625,1389.7099609375,92373100
2023-07-07,1377.6700439453125,1385.739990234375,1377.6700439453125,1382.199951171875,85665300
2023-07-10,1383.06005859375,1386.93994140625,1377.56005859375,1377.56005859375,77577500
2023-07-11,1391.4599609375,1391.4599609375,1384.8399658203125,1386.0899658203125,105063900
2023-07-12,1398.06005859375,1400.050048828125,1389.93994140625,1390.27001953125,81189300
2023-07-13,1396.22998046875,1401.760009765625,1396.22998046875,1401.0999755859375,71844700
2023-07-14,1412.0899658203125,1414.219970703125,1399.3900146484375,1399.530029296875,160012400
2023-07-17,1406.0999755859375,1412.0899658203125,1403.1199951171875,1411.77001953125,92626300
2023-07-18,1403.030029296875,1407.9000244140625,1399.469970703125,1407.5400390625,78504600
2023-07-20,1406.68994140625,1409.3399658203125,1402.7099609375,1404.5699462890625,100328400
2023-07-21,1413.52001953125,1413.52001953125,1405.6400146484375,1407.47998046875,86987100
2023-07-24,1424.68994140625,1424.68994140625,1412.3800048828125,1412.6800537109375,87448700
2023-07-25,1436.7900390625,1437.81005859375,1425.280029296875,1425.760009765625,135600500
2023-07-26,1449.2900390625,1449.2900390625,1436.699951171875,1436.699951171875,133082000
2023-07-27,1451.27001953125,1456.3599853515625,1446.9200439453125,1447.6600341796875,123234900
2023-07-28,1450.3499755859375,1454.239990234375,1446.4599609375,1448.2099609375,101845900
2023-07-31,1459.4300537109375,1464.699951171875,1451.0699462890625,1451.0699462890625,164867900
2023-08-01,1451.239990234375,1462.56005859375,1449.02001953125,1458.9000244140625,98171000
2023-08-02,1444.56005859375,1450.280029296875,1441.8499755859375,1449.449951171875,91589600
2023-08-03,1441.8499755859375,1442.780029296875,1433.0400390625,1441.3699951171875,89240200
2023-08-04,1445.2099609375,1447.1300048828125,1442.22998046875,1442.489990234375,70523900
2023-08-07,1445.81005859375,1449.3800048828125,1442.1300048828125,1444.8900146484375,48138700
2023-08-08,1451.0,1452.469970703125,1441.6300048828125,1444.2099609375,87847500
2023-08-09,1462.030029296875,1462.030029296875,1446.7099609375,1450.300048828125,140193500
2023-08-10,1458.9300537109375,1460.699951171875,1453.3699951171875,1460.3599853515625,140203100
2023-08-11,1457.1600341796875,1458.969970703125,1449.6700439453125,1458.469970703125,116246300
2023-08-14,1457.0,1457.4300537109375,1452.1500244140625,1457.18994140625,83404700
2023-08-15,1460.280029296875,1463.2900390625,1456.27001953125,1456.8599853515625,84618900
2023-08-16,1463.510009765625,1464.27001953125,1458.3699951171875,1459.030029296875,120690800
2023-08-17,1447.97998046875,1460.760009765625,1447.97998046875,1460.6099853515625,154807600
2023-08-18,1446.0899658203125,1449.22998046875,1442.260009765625,1449.22998046875,127832700
2023-08-21,1450.5699462890625,1451.6800537109375,1445.0999755859375,1446.68994140625,121972100
2023-08-22,1451.530029296875,1456.4000244140625,1449.18994140625,1450.8699951171875,99704700
2023-08-23,1440.1099853515625,1451.719970703125,1439.1300048828125,1451.6300048828125,101613400
2023-08-24,1444.6700439453125,1446.75,1441.52001953125,1441.52001953125,87375800
2023-08-25,1444.489990234375,1444.81005859375,1438.510009765625,1444.2099609375,110374500
2023-08-28,1444.06005859375,1445.31005859375,1441.780029296875,1443.6700439453125,90966700
2023-08-29,1454.43994140625,1455.800048828125,1441.52001953125,1443.469970703125,124595100
2023-08-30,1451.93994140625,1462.800048828125,1451.93994140625,1456.22998046875,323180900
2023-09-01,1463.4300537109375,1463.4300537109375,1454.6700439453125,1461.9100341796875,163156900
2023-09-04,1462.719970703125,1465.9300537109375,1460.8399658203125,1464.0699462890625,95591500
2023-09-05,1454.8299560546875,1462.5799560546875,1452.47998046875,1462.5799560546875,112482000
2023-09-06,1460.6199951171875,1463.0400390625,1454.25,1455.010009765625,106479500
2023-09-07,1460.0699462890625,1463.300048828125,1458.27001953125,1458.969970703125,81318800
2023-09-08,1454.949951171875,1460.22998046875,1454.699951171875,1459.5400390625,82555700
2023-09-11,1455.0400390625,1455.56005859375,1450.6800537109375,1453.719970703125,69955700
2023-09-12,1453.3900146484375,1454.3199462890625,1447.9599609375,1454.2900390625,98947900
2023-09-13,1453.5400390625,1453.5400390625,1444.81005859375,1447.030029296875,87516400
2023-09-14,1449.5799560546875,1455.0899658203125,1445.31005859375,1449.219970703125,117849500
2023-09-15,1459.030029296875,1459.030029296875,1448.75,1449.0899658203125,318200600
2023-09-18,1457.989990234375,1458.4599609375,1452.8599853515625,1456.9599609375,83396200
2023-09-19,1457.6600341796875,1459.0,1454.6099853515625,1456.719970703125,78288600
2023-09-20,1451.56005859375,1456.77001953125,1450.3699951171875,1452.6300048828125,103370600
2023-09-21,1448.2099609375,1453.969970703125,1446.800048828125,1452.77001953125,106609700
2023-09-22,1450.22998046875,1450.68994140625,1441.5,1445.8800048828125,85968500
2023-09-25,1443.449951171875,1450.3199462890625,1441.1700439453125,1449.8299560546875,85332300
2023-09-26,1445.550048828125,1447.050048828125,1441.8900146484375,1442.7900390625,87996700
2023-09-27,1440.1099853515625,1441.8699951171875,1436.75,1440.8599853515625,100446200
2023-09-29,1424.1700439453125,1436.969970703125,1424.1700439453125,1436.3900146484375,170332100
2023-10-02,1418.760009765625,1428.0400390625,1418.760009765625,1424.0699462890625,77411100
2023-10-03,1420.010009765625,1424.1099853515625,1417.93994140625,1418.5799560546875,119741100
2023-10-04,1415.8399658203125,1419.6600341796875,1412.699951171875,1417.9100341796875,146327300
2023-10-05,1415.5999755859375,1420.6099853515625,1412.1700439453125,1413.43994140625,147628100
2023-10-06,1416.8800048828125,1419.9599609375,1415.280029296875,1415.2900390625,136679500
2023-10-09,1417.260009765625,1420.7099609375,1415.800048828125,1417.06005859375,85675400
2023-10-10,1435.1700439453125,1435.8900146484375,1419.3299560546875,1419.3299560546875,99011700
2023-10-11,1436.489990234375,1438.449951171875,1432.27001953125,1434.75,147588000
2023-10-12,1443.8199462890625,1446.06005859375,1437.9599609375,1437.9599609375,108247800
2023-10-13,1444.1400146484375,1444.969970703125,1440.489990234375,1443.3699951171875,75517900
2023-10-16,1438.9599609375,1446.1199951171875,1436.5,1445.3599853515625,122051500
2023-10-17,1444.1300048828125,1444.1300048828125,1438.949951171875,1439.0400390625,105407700
2023-10-18,1446.5400390625,1446.5400390625,1441.06005859375,1443.22998046875,146818700
2023-10-19,1442.6600341796875,1445.18994140625,1441.3399658203125,1443.260009765625,118185700
2023-10-20,1441.0400390625,1443.75,1438.3599853515625,1443.3499755859375,113336900
2023-10-23,1438.1199951171875,1443.8599853515625,1435.050048828125,1441.72998046875,100413700
2023-10-24,1435.6500244140625,1440.280029296875,1430.1500244140625,1438.280029296875,112931800
2023-10-25,1442.510009765625,1444.530029296875,1437.8199462890625,1437.969970703125,80810800
2023-10-26,1440.5999755859375,1445.1400146484375,1438.800048828125,1443.030029296875,107249600
2023-10-27,1441.9000244140625,1444.1500244140625,1439.3299560546875,1440.7099609375,79766900
2023-10-30,1439.199951171875,1441.800048828125,1436.97998046875,1440.0400390625,66151800
2023-10-31,1442.1400146484375,1443.4599609375,1437.97998046875,1438.75,99312300
2023-11-01,1435.3299560546875,1441.5899658203125,1434.9300537109375,1441.1700439453125,97118400
2023-11-02,1439.77001953125,1441.3499755859375,1435.8599853515625,1435.93994140625,87395200
2023-11-03,1449.9300537109375,1453.18994140625,1444.7900390625,1446.719970703125,115015400
2023-11-06,1464.6700439453125,1464.6700439453125,1452.2900390625,1452.3900146484375,146756600
2023-11-07,1463.3699951171875,1465.550048828125,1458.6600341796875,1464.050048828125,115794000
2023-11-08,1457.5999755859375,1462.010009765625,1454.4599609375,1461.1300048828125,86519800
2023-11-09,1452.27001953125,1457.8399658203125,1450.6400146484375,1456.8399658203125,95897900
2023-11-10,1445.1800537109375,1451.219970703125,1425.010009765625,1450.56005859375,67169000
2023-11-14,1451.719970703125,1453.989990234375,1444.9000244140625,1444.9000244140625,95686900
2023-11-15,1466.8399658203125,1466.8399658203125,1453.0699462890625,1453.6099853515625,168947800
2023-11-16,1464.6800537109375,1465.1600341796875,1460.4599609375,1464.780029296875,105484500
2023-11-17,1460.6700439453125,1462.31005859375,1458.530029296875,1461.5899658203125,100760200
2023-11-20,1456.9200439453125,1460.260009765625,1454.1199951171875,1460.260009765625,74149400
2023-11-21,1463.4000244140625,1463.4000244140625,1456.1600341796875,1458.1300048828125,138326700
2023-11-22,1455.8900146484375,1460.5899658203125,1454.52001953125,1460.5899658203125,97164200
2023-11-23,1453.2900390625,1456.6800537109375,1451.3499755859375,1456.6800537109375,93608000
2023-11-24,1453.9200439453125,1456.050048828125,1451.0799560546875,1455.780029296875,136984500
2023-11-27,1448.1500244140625,1455.780029296875,1448.0,1453.1500244140625,116835700
2023-11-28,1448.02001953125,1452.5999755859375,1444.5999755859375,1450.18994140625,156887400
2023-11-29,1446.0699462890625,1450.4200439453125,1445.6099853515625,1448.6300048828125,128149700
2023-11-30,1452.739990234375,1452.739990234375,1440.6199951171875,1444.3399658203125,530926800
2023-12-01,1456.3800048828125,1456.52001953125,1450.0899658203125,1452.0,165174800
2023-12-04,1451.02001953125,1457.02001953125,1448.1700439453125,1454.969970703125,106529100
2023-12-05,1449.4599609375,1451.5899658203125,1444.5799560546875,1451.1300048828125,101068000
2023-12-06,1445.8199462890625,1452.0699462890625,1444.6300048828125,1450.9100341796875,92070800
2023-12-07,1442.8499755859375,1447.6600341796875,1441.02001953125,1442.8900146484375,103661100
2023-12-08,1441.969970703125,1446.1300048828125,1441.0899658203125,1443.969970703125,84182800
2023-12-11,1446.3900146484375,1446.3900146484375,1440.4000244140625,1441.3199462890625,102401500
2023-12-12,1447.1199951171875,1447.719970703125,1444.260009765625,1446.1199951171875,127330900
2023-12-13,1448.0400390625,1448.47998046875,1443.719970703125,1446.0799560546875,130353700
2023-12-14,1456.260009765625,1456.260009765625,1448.1400146484375,1448.8800048828125,165231500
2023-12-15,1462.449951171875,1464.780029296875,1455.68994140625,1455.949951171875,284775700
2023-12-18,1465.280029296875,1468.739990234375,1460.4200439453125,1461.56005859375,216394300
2023-12-19,1465.6700439453125,1467.6099853515625,1464.550048828125,1466.56005859375,162662200
2023-12-20,1464.56005859375,1470.7900390625,1464.0899658203125,1466.4300537109375,200419300
2023-12-21,1455.5799560546875,1463.1700439453125,1454.969970703125,1463.1700439453125,157053500
2023-12-22,1454.3800048828125,1457.8599853515625,1451.989990234375,1456.760009765625,127764000
2023-12-26,1450.780029296875,1456.6600341796875,1450.780029296875,1454.0799560546875,130077700
2023-12-27,1454.219970703125,1455.43994140625,1452.0799560546875,1452.3699951171875,158320100
2023-12-28,1457.4100341796875,1459.0999755859375,1453.06005859375,1453.8599853515625,142538600
2023-12-29,1454.6600341796875,1461.4000244140625,1454.6600341796875,1457.5699462890625,265621800
2024-01-02,1453.0999755859375,1453.56005859375,1446.3599853515625,1452.199951171875,103277400
2024-01-03,1462.3699951171875,1465.68994140625,1450.1700439453125,1452.5400390625,215534000
2024-01-04,1477.260009765625,1477.56005859375,1461.030029296875,1462.8499755859375,286041200
2024-01-05,1487.6099853515625,1487.6099853515625,1476.8499755859375,1476.8900146484375,280921700
2024-01-08,1495.699951171875,1498.52001953125,1488.5999755859375,1488.5999755859375,301573200
2024-01-09,1498.8299560546875,1503.9300537109375,1496.8399658203125,1497.1700439453125,311176200
2024-01-10,1486.8599853515625,1497.800048828125,1486.719970703125,1497.800048828125,208376900
2024-01-11,1483.0,1492.43994140625,1483.0,1487.1500244140625,232402500
2024-01-12,1487.3399658203125,1487.3399658203125,1482.02001953125,1483.239990234375,225717600
2024-01-15,1501.1099853515625,1501.8599853515625,1487.81005859375,1488.280029296875,196067000
2024-01-16,1493.8699951171875,1503.72998046875,1492.4000244140625,1500.3900146484375,227111300
2024-01-17,1491.2099609375,1494.3199462890625,1487.52001953125,1491.8900146484375,216723800
2024-01-18,1479.1800537109375,1492.530029296875,1478.030029296875,1488.489990234375,315341100
2024-01-19,1486.3699951171875,1486.3699951171875,1477.050048828125,1480.1800537109375,199948900
2024-01-22,1491.18994140625,1493.97998046875,1485.510009765625,1487.3499755859375,234169100
2024-01-23,1496.1099853515625,1500.3900146484375,1490.199951171875,1492.56005859375,202846800
2024-01-24,1504.0999755859375,1504.43994140625,1497.1600341796875,1497.1600341796875,197527000
2024-01-26,1506.280029296875,1509.3900146484375,1502.8900146484375,1503.449951171875,238367000
2024-01-29,1515.3900146484375,1518.43994140625,1507.8800048828125,1508.1099853515625,211720800
2024-01-30,1512.75,1520.31005859375,1511.8399658203125,1517.75,213783400
2024-01-31,1512.97998046875,1516.4000244140625,1509.550048828125,1512.5999755859375,247472800
2024-02-02,1516.5799560546875,1521.22998046875,1508.5,1509.3499755859375,290509400
2024-02-05,1511.3399658203125,1520.97998046875,1511.3399658203125,1515.9100341796875,200808500
2024-02-06,1512.97998046875,1513.97998046875,1508.989990234375,1510.31005859375,186936700
2024-02-07,1513.1099853515625,1514.050048828125,1510.199951171875,1512.510009765625,174829400
2024-02-08,1512.3599853515625,1521.1800537109375,1512.3599853515625,1513.18994140625,171566000
2024-02-09,1512.280029296875,1514.719970703125,1509.56005859375,1513.8199462890625,79147200
2024-02-13,1531.3699951171875,1533.1600341796875,1512.6300048828125,1512.6300048828125,181535700
2024-02-14,1529.3299560546875,1530.949951171875,1521.7900390625,1527.7900390625,152259500
2024-02-15,1528.3800048828125,1532.6600341796875,1525.3900146484375,1529.2900390625,172624700
2024-02-16,1533.550048828125,1534.530029296875,1529.300048828125,1530.6800537109375,192387100
2024-02-19,1538.6099853515625,1539.25,1530.5799560546875,1533.3499755859375,160694400
2024-02-20,1555.5899658203125,1555.5899658203125,1537.93994140625,1538.719970703125,268959800
2024-02-21,1552.4000244140625,1554.949951171875,1547.489990234375,1554.0999755859375,241602800
2024-02-22,1545.489990234375,1551.969970703125,1542.719970703125,1550.7099609375,172375600
2024-02-23,1549.1099853515625,1551.1500244140625,1544.1800537109375,1546.3499755859375,340781400
2024-02-26,1547.5999755859375,1553.9000244140625,1544.469970703125,1548.9300537109375,314099700
2024-02-27,1558.800048828125,1559.02001953125,1545.1600341796875,1545.52001953125,309551300
2024-02-28,1545.5899658203125,1556.68994140625,1545.5899658203125,1556.300048828125,298350600
2024-02-29,1551.43994140625,1554.7900390625,1544.6700439453125,1547.6199951171875,973066200
2024-03-01,1538.02001953125,1556.219970703125,1537.1099853515625,1553.1600341796875,304487800
2024-03-04,1539.27001953125,1547.0999755859375,1537.030029296875,1539.0999755859375,234915700
2024-03-05,1536.97998046875,1537.9200439453125,1518.8399658203125,1537.9200439453125,292974200
2024-03-06,1531.510009765625,1535.199951171875,1527.9200439453125,1532.449951171875,266505400
2024-03-07,1535.8299560546875,1539.5999755859375,1531.699951171875,1531.699951171875,235394700
2024-03-08,1539.8599853515625,1541.1500244140625,1535.3199462890625,1536.52001953125,334762200
2024-03-11,1544.7099609375,1547.47998046875,1540.77001953125,1542.010009765625,282742100
2024-03-12,1554.56005859375,1556.7099609375,1541.3599853515625,1544.949951171875,236872900
2024-03-13,1538.1300048828125,1544.739990234375,1536.760009765625,1543.510009765625,230016100
2024-03-14,1543.75,1543.75,1533.800048828125,1535.5999755859375,226515700
2024-03-15,1552.8299560546875,1552.8299560546875,1535.469970703125,1536.949951171875,499854300
2024-03-18,1553.6400146484375,1557.3299560546875,1544.3199462890625,1547.449951171875,263219400
2024-03-19,1544.9599609375,1552.0999755859375,1544.9599609375,1551.5899658203125,299513700
2024-03-20,1535.7900390625,1546.0,1535.77001953125,1545.06005859375,182483300
2024-03-21,1541.4100341796875,1542.3299560546875,1534.6600341796875,1539.1199951171875,186197400
2024-03-22,1542.3900146484375,1543.8399658203125,1537.9200439453125,1541.56005859375,153442100
2024-03-25,1537.5400390625,1540.22998046875,1532.72998046875,1540.22998046875,144717400
2024-03-26,1538.4200439453125,1540.510009765625,1532.0699462890625,1536.06005859375,201823400
2024-03-27,1530.5999755859375,1536.5799560546875,1528.52001953125,1536.510009765625,213452700
2024-03-29,1536.0699462890625,1542.0,1532.030029296875,1532.1099853515625,197606300
2024-04-01,1544.02001953125,1544.7099609375,1537.0699462890625,1537.5,113539400
2024-04-02,1547.989990234375,1550.989990234375,1540.77001953125,1543.530029296875,188490400
2024-04-03,1537.010009765625,1548.4200439453125,1537.010009765625,1547.2900390625,185700600
2024-04-04,1553.239990234375,1554.3299560546875,1537.25,1538.97998046875,208034400
2024-04-05,1555.25,1555.969970703125,1547.9599609375,1551.0699462890625,183477400
2024-04-08,1559.97998046875,1560.260009765625,1554.1500244140625,1556.780029296875,136336200
2024-04-09,1553.510009765625,1565.5699462890625,1553.4300537109375,1559.9100341796875,148751200
2024-04-12,1551.0400390625,1556.6400146484375,1548.27001953125,1554.0899658203125,225170600
2024-04-15,1542.530029296875,1548.3399658203125,1542.530029296875,1545.449951171875,242539900
2024-04-16,1535.0,1541.5899658203125,1532.489990234375,1541.0799560546875,299007700
2024-04-17,1540.4200439453125,1541.8800048828125,1532.949951171875,1535.050048828125,201296200
2024-04-18,1544.760009765625,1548.4599609375,1538.6800537109375,1539.8399658203125,192585300
2024-04-19,1547.5699462890625,1552.449951171875,1545.9000244140625,1546.300048828125,217831000
2024-04-22,1559.5899658203125,1559.93994140625,1548.3800048828125,1548.5699462890625,162909500
2024-04-23,1561.6400146484375,1567.5699462890625,1559.81005859375,1559.81005859375,215225200
2024-04-24,1571.47998046875,1572.47998046875,1564.8900146484375,1565.489990234375,217218900
2024-04-25,1569.25,1574.449951171875,1569.030029296875,1573.2900390625,229077400
2024-04-26,1575.1600341796875,1575.5699462890625,1566.3399658203125,1567.6700439453125,249177600
2024-04-29,1582.6600341796875,1583.3399658203125,1575.0,1576.300048828125,284290000
2024-04-30,1575.969970703125,1589.06005859375,1575.969970703125,1583.5799560546875,333275400
2024-05-02,1580.300048828125,1582.6800537109375,1574.27001953125,1574.969970703125,246289200
2024-05-03,1589.5899658203125,1590.56005859375,1581.5899658203125,1581.5899658203125,262487200
2024-05-06,1597.3900146484375,1598.260009765625,1591.1700439453125,1591.800048828125,201147700
2024-05-07,1605.6800537109375,1610.3199462890625,1600.6600341796875,1600.8499755859375,265320400
2024-05-08,1604.75,1610.25,1602.2900390625,1606.9599609375,216508600
2024-05-09,1601.219970703125,1607.3800048828125,1599.2900390625,1606.2099609375,168553600
2024-05-10,1600.6700439453125,1604.0699462890625,1599.8399658203125,1603.4599609375,180639100
2024-05-13,1602.9100341796875,1604.800048828125,1600.4300537109375,1602.300048828125,163107600
2024-05-14,1605.8800048828125,1607.4200439453125,1601.43994140625,1601.6199951171875,208290100
2024-05-15,1603.22998046875,1607.6400146484375,1603.22998046875,1605.75,194095600
2024-05-16,1611.1099853515625,1611.5699462890625,1604.3800048828125,1604.3800048828125,183263300
2024-05-17,1616.6199951171875,1619.449951171875,1611.9300537109375,1612.4200439453125,219231700
2024-05-20,1627.5,1629.81005859375,1618.280029296875,1618.280029296875,200289800
2024-05-21,1622.0899658203125,1628.3800048828125,1620.800048828125,1628.3800048828125,230614000
2024-05-23,1629.1800537109375,1632.7900390625,1620.6600341796875,1620.6600341796875,249478800
2024-05-24,1619.4000244140625,1624.9599609375,1614.8299560546875,1624.9599609375,307419100
2024-05-27,1618.27001953125,1622.4000244140625,1617.97998046875,1620.6700439453125,177466500
2024-05-28,1615.8199462890625,1622.9300537109375,1612.9599609375,1620.6500244140625,214978500
2024-05-29,1605.3499755859375,1614.7099609375,1605.3499755859375,1614.7099609375,218199800
2024-05-30,1604.260009765625,1608.8399658203125,1602.3199462890625,1603.2099609375,219690300
2024-05-31,1596.6800537109375,1612.31005859375,1595.3599853515625,1608.8800048828125,652449300
2024-06-04,1615.4000244140625,1617.4100341796875,1595.3499755859375,1595.93994140625,280419400
2024-06-05,1608.530029296875,1622.6500244140625,1608.530029296875,1614.81005859375,197151900
2024-06-06,1614.72998046875,1617.050048828125,1609.3399658203125,1611.8199462890625,233096300
2024-06-07,1617.8599853515625,1622.489990234375,1614.9300537109375,1615.969970703125,213524300
2024-06-10,1614.3699951171875,1619.239990234375,1613.010009765625,1619.239990234375,158084400
2024-06-11,1611.489990234375,1617.3699951171875,1609.260009765625,1617.0,273386100
2024-06-12,1608.949951171875,1618.989990234375,1608.949951171875,1616.6300048828125,202814000
2024-06-13,1610.1700439453125,1616.8399658203125,1609.1300048828125,1612.5799560546875,218593000
2024-06-14,1607.3199462890625,1611.9000244140625,1604.47998046875,1611.0,225453600
2024-06-18,1606.1300048828125,1615.0899658203125,1606.1300048828125,1609.3900146484375,232582800
2024-06-19,1599.7900390625,1609.219970703125,1599.7900390625,1608.469970703125,211950200
2024-06-20,1592.68994140625,1596.27001953125,1590.3699951171875,1596.27001953125,189841500
2024-06-21,1590.3699951171875,1598.1600341796875,1590.0,1593.4100341796875,497243500
2024-06-24,1589.6600341796875,1594.0899658203125,1582.780029296875,1589.8699951171875,218922400
2024-06-25,1585.3800048828125,1594.7099609375,1582.3499755859375,1589.7099609375,229698100
2024-06-26,1590.949951171875,1593.4200439453125,1581.760009765625,1586.3900146484375,203208300
2024-06-27,1584.93994140625,1592.260009765625,1582.31005859375,1591.530029296875,198108200
2024-06-28,1590.0899658203125,1590.0899658203125,1581.52001953125,1583.530029296875,213091600
2024-07-01,1598.199951171875,1598.3599853515625,1587.030029296875,1590.260009765625,163914800
2024-07-02,1597.9599609375,1602.52001953125,1595.6199951171875,1598.5799560546875,232831300
2024-07-03,1615.3199462890625,1615.3199462890625,1599.5999755859375,1599.5999755859375,207024100
2024-07-04,1616.75,1619.75,1614.7099609375,1615.9599609375,213023400
2024-07-05,1611.02001953125,1616.260009765625,1608.4100341796875,1615.760009765625,151108400
2024-07-09,1614.4200439453125,1618.02001953125,1613.1500244140625,1617.1400146484375,251992400
2024-07-10,1618.3800048828125,1620.8299560546875,1613.6500244140625,1613.7099609375,223438200
2024-07-11,1623.1199951171875,1628.3499755859375,1620.02001953125,1621.1600341796875,266203500
2024-07-12,1619.06005859375,1622.969970703125,1616.219970703125,1622.72998046875,235110500
2024-07-15,1629.8199462890625,1632.68994140625,1619.18994140625,1619.8599853515625,224771200
2024-07-16,1625.9599609375,1633.969970703125,1624.3900146484375,1631.72998046875,234839500
2024-07-17,1633.5400390625,1638.030029296875,1629.8900146484375,1629.97998046875,205720300
2024-07-18,1633.81005859375,1634.239990234375,1627.9300537109375,1633.699951171875,247984400
2024-07-19,1636.550048828125,1638.2900390625,1632.530029296875,1634.06005859375,209483800
2024-07-22,1622.0699462890625,1637.1199951171875,1616.739990234375,1637.1199951171875,197940000
2024-07-23,1629.6800537109375,1632.5,1625.22998046875,1625.22998046875,208960700
2024-07-24,1621.1400146484375,1631.31005859375,1619.7099609375,1631.31005859375,167169600
2024-07-25,1615.1800537109375,1618.0,1610.5799560546875,1617.0799560546875,161845600
2024-07-26,1612.8800048828125,1616.8299560546875,1610.6500244140625,1613.989990234375,157390600
2024-07-29,1624.56005859375,1625.550048828125,1616.3499755859375,1617.1600341796875,169030700
2024-07-30,1611.93994140625,1629.3699951171875,1611.93994140625,1624.780029296875,188249200
2024-07-31,1625.5699462890625,1627.93994140625,1611.5999755859375,1613.3299560546875,223534700
2024-08-01,1624.25,1626.3499755859375,1621.43994140625,1625.8699951171875,176147500
2024-08-02,1611.050048828125,1619.31005859375,1607.75,1619.31005859375,244657700
2024-08-05,1536.47998046875,1593.3599853515625,1532.239990234375,1593.3599853515625,560210500
2024-08-06,1574.3900146484375,1574.3900146484375,1529.0899658203125,1542.1400146484375,352168600
2024-08-07,1591.8699951171875,1596.5999755859375,1563.77001953125,1576.1199951171875,240479600
2024-08-08,1590.3800048828125,1593.239990234375,1579.68994140625,1585.9599609375,214625200
2024-08-09,1596.050048828125,1604.06005859375,1591.75,1601.1600341796875,170811600
2024-08-12,1606.6600341796875,1609.5699462890625,1598.530029296875,1598.530029296875,161802300
2024-08-13,1609.52001953125,1609.52001953125,1598.300048828125,1605.8399658203125,165937700
2024-08-14,1612.3499755859375,1613.6300048828125,1606.489990234375,1611.7900390625,168958900
2024-08-15,1612.93994140625,1614.68994140625,1605.68994140625,1614.6300048828125,168628700
2024-08-16,1623.9000244140625,1624.7099609375,1617.1800537109375,1622.199951171875,192800500
2024-08-19,1648.699951171875,1653.3499755859375,1624.5799560546875,1625.1400146484375,400059100
2024-08-20,1642.77001953125,1660.2900390625,1637.449951171875,1649.56005859375,435814900
2024-08-21,1635.3199462890625,1646.3800048828125,1633.6400146484375,1641.719970703125,229135100
2024-08-22,1641.6600341796875,1642.1400146484375,1634.68994140625,1640.3299560546875,258146100
2024-08-23,1635.739990234375,1644.43994140625,1633.31005859375,1643.3299560546875,157513400
2024-08-26,1638.9599609375,1643.949951171875,1634.719970703125,1639.8199462890625,191621700
2024-08-27,1652.2900390625,1653.1199951171875,1639.1600341796875,1639.1600341796875,281615500
2024-08-28,1675.239990234375,1681.3699951171875,1657.77001953125,1657.77001953125,436809600
2024-08-29,1653.550048828125,1684.6800537109375,1651.72998046875,1672.949951171875,333067600
2024-08-30,1678.800048828125,1679.8499755859375,1651.0999755859375,1658.47998046875,713923400
2024-09-02,1678.18994140625,1683.4300537109375,1671.9000244140625,1680.3599853515625,207989000
2024-09-03,1676.6500244140625,1684.06005859375,1673.8599853515625,1677.8199462890625,216652100
2024-09-04,1670.239990234375,1675.530029296875,1662.219970703125,1662.6500244140625,231641900
2024-09-05,1664.8199462890625,1677.4599609375,1663.1800537109375,1670.550048828125,301092500
2024-09-06,1653.1199951171875,1671.8299560546875,1648.4200439453125,1669.469970703125,338233700
2024-09-09,1651.489990234375,1659.1099853515625,1642.31005859375,1647.199951171875,344983500
2024-09-10,1660.3499755859375,1661.0899658203125,1649.530029296875,1653.800048828125,343812800
2024-09-11,1639.800048828125,1654.3800048828125,1638.9000244140625,1653.5699462890625,289597400
2024-09-12,1638.31005859375,1649.8699951171875,1637.9100341796875,1644.0400390625,260029100
2024-09-13,1652.1500244140625,1652.25,1638.43994140625,1642.6300048828125,234704000
2024-09-17,1664.280029296875,1664.989990234375,1651.550048828125,1654.31005859375,0
2024-09-18,1660.5899658203125,1664.780029296875,1654.0,1664.3299560546875,174843900
2024-09-19,1665.6500244140625,1665.8399658203125,1657.1300048828125,1663.27001953125,297365300
2024-09-20,1668.8199462890625,1674.0400390625,1668.47998046875,1670.6800537109375,512720600
2024-09-23,1665.300048828125,1671.6199951171875,1658.47998046875,1669.9100341796875,234422400
2024-09-24,1670.3699951171875,1671.469970703125,1665.510009765625,1667.25,209130800
2024-09-25,1673.3800048828125,1675.72998046875,1665.18994140625,1674.06005859375,239938800
2024-09-26,1671.3199462890625,1672.5999755859375,1666.18994140625,1670.18994140625,223455500
2024-09-27,1660.0899658203125,1668.5899658203125,1658.489990234375,1668.5899658203125,204790600
2024-09-30,1648.9100341796875,1661.8900146484375,1647.280029296875,1661.8900146484375,279911900
2024-10-01,1656.3900146484375,1657.3199462890625,1643.1099853515625,1647.4200439453125,175516900
2024-10-02,1639.31005859375,1647.300048828125,1633.0799560546875,1642.780029296875,209417000
2024-10-03,1641.550048828125,1643.8199462890625,1630.449951171875,1640.699951171875,196807000
2024-10-04,1629.969970703125,1639.2900390625,1625.3499755859375,1638.489990234375,207710900
2024-10-07,1635.2900390625,1637.2900390625,1628.1199951171875,1633.5799560546875,204278000
2024-10-08,1635.6199951171875,1638.8699951171875,1629.219970703125,1631.6300048828125,217848800
2024-10-09,1634.9100341796875,1642.2900390625,1634.9100341796875,1637.6600341796875,157353300
2024-10-10,1640.93994140625,1646.1400146484375,1638.6700439453125,1639.75,146543200
2024-10-11,1633.550048828125,1643.0699462890625,1631.8900146484375,1635.7900390625,301967800
2024-10-14,1636.5400390625,1642.56005859375,1632.3699951171875,1637.1700439453125,208720300
2024-10-15,1641.969970703125,1643.6400146484375,1636.8900146484375,1638.56005859375,274146500
2024-10-16,1632.6300048828125,1643.800048828125,1629.81005859375,1643.800048828125,272688900
2024-10-17,1641.43994140625,1642.9300537109375,1633.719970703125,1634.469970703125,178991000
2024-10-18,1645.989990234375,1649.31005859375,1641.7099609375,1643.2900390625,166904600
2024-10-21,1645.6800537109375,1648.050048828125,1642.52001953125,1646.7099609375,130424800
2024-10-22,1642.5400390625,1648.31005859375,1642.3499755859375,1647.4599609375,166832000
2024-10-23,1641.530029296875,1645.9000244140625,1641.530029296875,1644.2099609375,157102800
2024-10-24,1632.22998046875,1643.0799560546875,1632.22998046875,1639.050048828125,183426400
2024-10-25,1618.300048828125,1635.280029296875,1617.5999755859375,1633.02001953125,187850900
2024-10-28,1610.469970703125,1630.3900146484375,1609.8699951171875,1622.3399658203125,165445500
2024-10-29,1615.0799560546875,1619.050048828125,1609.699951171875,1612.3699951171875,191664000
2024-10-30,1601.8800048828125,1615.3599853515625,1601.449951171875,1614.9000244140625,258086300
2024-11-01,1603.97998046875,1607.0400390625,1589.27001953125,1591.06005859375,200505300
2024-11-04,1616.4300537109375,1616.4300537109375,1607.75,1607.75,149138400
2024-11-05,1620.699951171875,1620.699951171875,1613.9100341796875,1618.199951171875,165303900
2024-11-06,1634.1700439453125,1634.1700439453125,1623.52001953125,1624.4100341796875,186223800
2024-11-07,1623.280029296875,1639.550048828125,1622.75,1636.1400146484375,248637300
2024-11-08,1621.239990234375,1627.6199951171875,1621.239990234375,1627.6199951171875,124916600
2024-11-11,1609.260009765625,1627.22998046875,1609.239990234375,1625.6300048828125,139228000
2024-11-12,1608.4300537109375,1615.9599609375,1605.4300537109375,1610.02001953125,188480100
2024-11-13,1611.5,1611.5400390625,1602.7099609375,1608.6099853515625,137174800
2024-11-14,1600.6800537109375,1615.8399658203125,1598.6400146484375,1614.8900146484375,196289600
2024-11-15,1592.43994140625,1604.510009765625,1592.43994140625,1601.4300537109375,256533800
2024-11-18,1604.0400390625,1605.4100341796875,1591.489990234375,1592.9100341796875,173933200
2024-11-19,1602.3399658203125,1608.8800048828125,1601.02001953125,1603.1800537109375,161534500
2024-11-20,1598.1800537109375,1606.280029296875,1594.510009765625,1602.8800048828125,185770600
2024-11-21,1588.6800537109375,1599.93994140625,1588.6800537109375,1599.81005859375,204393700
2024-11-22,1589.780029296875,1593.8499755859375,1587.739990234375,1593.0400390625,204266200
2024-11-25,1597.449951171875,1609.2900390625,1588.4599609375,1593.8699951171875,637394100
2024-11-26,1603.1500244140625,1607.760009765625,1596.030029296875,1600.5,176537000
2024-11-27,1604.25,1609.4100341796875,1600.8299560546875,1601.3399658203125,244744300
2024-11-28,1597.489990234375,1608.010009765625,1597.489990234375,1606.3199462890625,186825600
2024-11-29,1594.2900390625,1603.5899658203125,1586.3900146484375,1596.3599853515625,264216600
2024-12-02,1595.47998046875,1603.93994140625,1593.3699951171875,1596.8399658203125,169145800
2024-12-03,1606.9599609375,1606.9599609375,1594.0699462890625,1599.3199462890625,275533700
2024-12-04,1614.0899658203125,1616.030029296875,1606.530029296875,1606.969970703125,231303800
2024-12-05,1615.6400146484375,1617.780029296875,1610.77001953125,1616.1400146484375,190971200
2024-12-06,1613.25,1617.5699462890625,1611.25,1615.8499755859375,219299100
2024-12-09,1611.4300537109375,1611.4300537109375,1602.93994140625,1610.6199951171875,151300500
2024-12-10,1608.969970703125,1615.9300537109375,1607.8800048828125,1612.6500244140625,182557200
2024-12-11,1603.199951171875,1605.010009765625,1598.9300537109375,1603.18994140625,178589300
2024-12-12,1602.0799560546875,1605.949951171875,1597.1199951171875,1601.8299560546875,160848300
2024-12-13,1608.75,1611.97998046875,1603.739990234375,1603.8599853515625,145118100
2024-12-16,1606.8499755859375,1609.4300537109375,1603.2099609375,1608.8800048828125,142536000
2024-12-17,1597.3299560546875,1606.81005859375,1594.510009765625,1605.260009765625,179740700
2024-12-18,1599.5799560546875,1602.3800048828125,1594.75,1597.3299560546875,145107900
2024-12-19,1600.0899658203125,1600.72998046875,1590.8299560546875,1595.1800537109375,310879600
2024-12-20,1591.4100341796875,1606.280029296875,1591.4100341796875,1600.4100341796875,419509500
2024-12-23,1596.199951171875,1601.9000244140625,1592.5699462890625,1594.0999755859375,164811900
2024-12-24,1602.989990234375,1603.8900146484375,1596.6400146484375,1596.6400146484375,95048400
2024-12-26,1613.699951171875,1615.280029296875,1602.7900390625,1603.5799560546875,120934600
2024-12-27,1628.1400146484375,1632.6300048828125,1616.68994140625,1617.56005859375,130614200
2024-12-30,1637.6800537109375,1638.56005859375,1624.9200439453125,1626.1400146484375,134711300
2024-12-31,1642.3299560546875,1644.5400390625,1632.8499755859375,1638.4300537109375,161319700
2025-01-02,1632.8699951171875,1641.3199462890625,1629.22998046875,1641.3199462890625,105628200
2025-01-03,1629.4599609375,1636.0799560546875,1626.0400390625,1634.93994140625,165072500
2025-01-06,1625.469970703125,1631.7099609375,1623.6400146484375,1629.739990234375,152866300
2025-01-07,1629.7900390625,1634.27001953125,1624.5,1624.5,264411300
2025-01-08,1614.8299560546875,1631.1500244140625,1614.8299560546875,1628.9200439453125,235170400
2025-01-09,1600.81005859375,1618.1700439453125,1600.75,1618.1700439453125,237734300
2025-01-10,1602.4100341796875,1605.739990234375,1599.7099609375,1603.5400390625,183779800
2025-01-13,1585.5899658203125,1599.3599853515625,1578.969970703125,1598.9599609375,225808500
2025-01-14,1576.4599609375,1599.4300537109375,1576.4599609375,1592.969970703125,258188800
2025-01-15,1562.1199951171875,1586.2099609375,1558.5999755859375,1582.3299560546875,291412300
2025-01-16,1555.5400390625,1576.5699462890625,1555.5400390625,1572.6099853515625,262005600
2025-01-17,1566.719970703125,1569.4300537109375,1545.6700439453125,1553.4300537109375,319234200
2025-01-20,1572.3399658203125,1575.1099853515625,1563.47998046875,1571.1400146484375,206696900
2025-01-21,1580.4599609375,1582.3199462890625,1570.969970703125,1574.9100341796875,207221800
2025-01-22,1587.800048828125,1590.81005859375,1581.4000244140625,1583.219970703125,175761600
2025-01-23,1577.199951171875,1586.52001953125,1575.6700439453125,1586.52001953125,174593300
2025-01-24,1573.72998046875,1577.5,1566.8399658203125,1577.5,364513300
2025-01-27,1558.969970703125,1573.31005859375,1558.969970703125,1573.31005859375,249788000
2025-01-28,1552.68994140625,1557.43994140625,1544.8699951171875,1557.43994140625,252246900
2025-01-31,1556.9200439453125,1563.030029296875,1545.8399658203125,1553.780029296875,244494100
2025-02-03,1553.6300048828125,1556.739990234375,1546.6800537109375,1547.56005859375,143945600
2025-02-04,1564.56005859375,1564.969970703125,1554.5899658203125,1557.030029296875,172653100
2025-02-05,1574.510009765625,1576.449951171875,1564.4300537109375,1565.6300048828125,215008500
2025-02-06,1585.1700439453125,1585.1700439453125,1573.9000244140625,1576.4300537109375,150941600
2025-02-07,1590.9100341796875,1591.489990234375,1582.9200439453125,1583.6199951171875,181303100
2025-02-10,1589.949951171875,1590.489990234375,1584.199951171875,1587.6500244140625,152037700
2025-02-12,1603.050048828125,1603.050048828125,1592.3199462890625,1592.3199462890625,231113400
2025-02-13,1592.280029296875,1605.47998046875,1592.199951171875,1601.97998046875,162305100
2025-02-14,1591.5999755859375,1595.010009765625,1587.5799560546875,1592.9100341796875,155369300
2025-02-17,1582.760009765625,1592.47998046875,1580.93994140625,1592.47998046875,133784600
2025-02-18,1584.8399658203125,1584.8399658203125,1575.6800537109375,1580.219970703125,164129600
2025-02-19,1580.8800048828125,1583.75,1578.8900146484375,1583.219970703125,162777600
2025-02-20,1577.6700439453125,1581.489990234375,1572.510009765625,1580.6199951171875,185999400
2025-02-21,1591.030029296875,1591.030029296875,1578.1400146484375,1579.9200439453125,228060300
2025-02-24,1584.25,1586.3900146484375,1577.949951171875,1586.3900146484375,181639400
2025-02-25,1568.030029296875,1583.739990234375,1564.3199462890625,1582.72998046875,207845600
2025-02-26,1588.7099609375,1588.7099609375,1565.4599609375,1566.27001953125,187285900
2025-02-27,1586.5999755859375,1588.2900390625,1583.449951171875,1587.989990234375,199594400
2025-02-28,1574.699951171875,1581.969970703125,1573.8199462890625,1581.969970703125,587048700
2025-03-03,1571.3900146484375,1580.800048828125,1568.5899658203125,1572.27001953125,170194100
2025-03-04,1555.6600341796875,1564.260009765625,1555.0400390625,1561.699951171875,219136200
2025-03-05,1564.4200439453125,1569.6099853515625,1560.56005859375,1560.56005859375,241461300
2025-03-06,1558.9100341796875,1569.4300537109375,1554.8499755859375,1568.949951171875,221145000
2025-03-07,1547.27001953125,1556.4599609375,1543.2099609375,1555.75,202245800
2025-03-10,1536.4599609375,1550.0,1536.4599609375,1545.5799560546875,190074000
2025-03-11,1520.1500244140625,1527.18994140625,1514.47998046875,1526.010009765625,275241700
2025-03-12,1484.8299560546875,1505.3299560546875,1478.8399658203125,1504.7099609375,411940800
2025-03-13,1510.030029296875,1513.969970703125,1487.0,1488.7900390625,298233900
2025-03-14,1512.1500244140625,1516.25,1493.2900390625,1499.949951171875,244594300
2025-03-17,1527.81005859375,1531.6300048828125,1517.5799560546875,1517.5799560546875,228162100
2025-03-19,1517.6600341796875,1523.3900146484375,1512.2099609375,1513.2900390625,293983100
2025-03-20,1504.1600341796875,1524.22998046875,1504.1400146484375,1522.4000244140625,260956200
2025-03-21,1505.449951171875,1513.22998046875,1503.7099609375,1503.8699951171875,463348500
2025-03-24,1503.8199462890625,1508.9000244140625,1502.97998046875,1506.5,143484800
2025-03-25,1513.5999755859375,1515.8699951171875,1509.4000244140625,1510.0699462890625,234960900
2025-03-26,1518.050048828125,1525.72998046875,1514.6500244140625,1516.6099853515625,227859000
2025-03-27,1535.72998046875,1535.72998046875,1512.81005859375,1513.0799560546875,251004300
2025-03-28,1513.6500244140625,1533.52001953125,1513.6500244140625,1531.5699462890625,214329300
2025-04-02,1526.52001953125,1526.52001953125,1514.0799560546875,1517.1400146484375,192846200
2025-04-03,1518.9100341796875,1524.4100341796875,1512.3199462890625,1517.300048828125,135519700
2025-04-04,1504.1400146484375,1515.739990234375,1500.9000244140625,1509.010009765625,167969200
2025-04-07,1443.800048828125,1475.31005859375,1419.050048828125,1475.31005859375,433196400
2025-04-08,1443.56005859375,1454.5799560546875,1440.8900146484375,1451.4300537109375,270115200
2025-04-09,1400.5899658203125,1438.989990234375,1386.6300048828125,1437.010009765625,388230000
2025-04-10,1463.1300048828125,1473.3599853515625,1453.1300048828125,1464.300048828125,329775100
2025-04-11,1454.760009765625,1462.1500244140625,1434.9200439453125,1441.6600341796875,222545200
2025-04-14,1480.8599853515625,1480.8599853515625,1472.1400146484375,1474.050048828125,170780900
2025-04-15,1486.4300537109375,1489.9000244140625,1480.02001953125,1484.010009765625,160107300
2025-04-16,1476.9200439453125,1487.5,1472.8399658203125,1486.449951171875,127491300
2025-04-17,1483.27001953125,1487.27001953125,1473.2099609375,1475.1700439453125,147707100
2025-04-18,1499.4000244140625,1499.4000244140625,1480.52001953125,1481.6400146484375,92423500
2025-04-21,1499.469970703125,1502.0799560546875,1494.27001953125,1502.0799560546875,90688500
2025-04-22,1486.25,1492.43994140625,1482.699951171875,1492.43994140625,146820900
2025-04-23,1501.18994140625,1501.18994140625,1493.260009765625,1497.3599853515625,185262000
2025-04-24,1506.52001953125,1507.449951171875,1500.4000244140625,1500.550048828125,177143300
2025-04-25,1509.199951171875,1512.2900390625,1505.6800537109375,1511.6400146484375,144754400
2025-04-28,1521.5899658203125,1521.5899658203125,1511.47998046875,1511.8299560546875,115127200
2025-04-29,1515.56005859375,1524.5,1515.56005859375,1520.97998046875,124750500
2025-04-30,1540.219970703125,1540.219970703125,1518.0699462890625,1518.0699462890625,193655400
2025-05-02,1542.489990234375,1542.489990234375,1532.22998046875,1537.4200439453125,197063700
2025-05-05,1539.5400390625,1548.949951171875,1534.52001953125,1541.780029296875,165133400
2025-05-06,1536.800048828125,1544.97998046875,1533.1500244140625,1540.6400146484375,156487400
2025-05-07,1549.9000244140625,1549.9000244140625,1536.56005859375,1536.56005859375,227016800
2025-05-08,1542.739990234375,1551.5899658203125,1541.449951171875,1550.2099609375,224050100
2025-05-09,1546.5,1547.739990234375,1542.739990234375,1544.989990234375,135391100
2025-05-13,1582.3900146484375,1582.550048828125,1561.3900146484375,1561.3900146484375,386090800
2025-05-14,1583.510009765625,1583.6700439453125,1573.43994140625,1583.22998046875,230706300
2025-05-15,1573.02001953125,1586.8499755859375,1572.27001953125,1582.75,182969300
2025-05-16,1571.75,1580.06005859375,1568.699951171875,1575.5999755859375,176460500
2025-05-19,1556.1400146484375,1566.5699462890625,1550.9300537109375,1566.5699462890625,183818900
2025-05-20,1548.8699951171875,1561.0999755859375,1545.77001953125,1556.9200439453125,191012100
2025-05-21,1544.800048828125,1553.8399658203125,1542.469970703125,1552.93994140625,197463300
2025-05-22,1527.02001953125,1541.4599609375,1527.02001953125,1541.4599609375,202422700
2025-05-23,1535.3800048828125,1536.75,1531.760009765625,1531.9300537109375,199840200
2025-05-26,1534.300048828125,1537.27001953125,1528.9300537109375,1536.3299560546875,121986000
2025-05-27,1526.1600341796875,1535.4100341796875,1521.9300537109375,1535.239990234375,186428700
2025-05-28,1523.47998046875,1532.800048828125,1523.47998046875,1530.1400146484375,194154500
2025-05-29,1518.97998046875,1526.93994140625,1518.3800048828125,1525.5999755859375,174288200
2025-05-30,1508.3499755859375,1522.06005859375,1508.3499755859375,1521.219970703125,518591100
2025-06-03,1503.25,1514.1199951171875,1497.4200439453125,1512.719970703125,185951100
2025-06-04,1507.969970703125,1507.969970703125,1501.1099853515625,1507.0999755859375,216742500
2025-06-05,1518.1199951171875,1520.3399658203125,1509.25,1510.699951171875,253379700
2025-06-06,1516.7900390625,1518.7099609375,1513.3900146484375,1516.9100341796875,152100800
2025-06-09,1519.4100341796875,1521.6400146484375,1518.030029296875,1518.06005859375,144419200
2025-06-10,1516.949951171875,1522.4300537109375,1516.22998046875,1519.7099609375,173082800
2025-06-11,1523.8399658203125,1530.8499755859375,1520.8599853515625,1520.8599853515625,275860200
2025-06-12,1526.6199951171875,1528.719970703125,1523.219970703125,1527.7099609375,189752800
2025-06-13,1518.1099853515625,1522.699951171875,1515.0999755859375,1522.469970703125,160097400
2025-06-16,1519.989990234375,1521.3800048828125,1512.260009765625,1517.8699951171875,166021000
2025-06-17,1511.6400146484375,1520.8900146484375,1510.9200439453125,1518.8199462890625,147877300
2025-06-18,1511.949951171875,1512.9599609375,1509.4200439453125,1511.8900146484375,153701600
2025-06-19,1501.43994140625,1512.93994140625,1501.3800048828125,1512.93994140625,123664800
2025-06-20,1502.739990234375,1507.969970703125,1500.0400390625,1500.93994140625,404511300
2025-06-23,1516.6099853515625,1516.6099853515625,1488.8900146484375,1493.18994140625,152617200
2025-06-24,1514.2900390625,1519.06005859375,1511.0899658203125,1514.25,166304200
2025-06-25,1519.7900390625,1524.7099609375,1515.8599853515625,1518.6700439453125,180417200
2025-06-26,1528.1600341796875,1528.1600341796875,1520.239990234375,1520.239990234375,214545600
2025-06-30,1532.9599609375,1538.0999755859375,1526.300048828125,1533.4100341796875,275196200
2025-07-01,1541.530029296875,1541.530029296875,1532.2900390625,1533.989990234375,210974600
2025-07-02,1550.2099609375,1550.2099609375,1539.1800537109375,1539.72998046875,227442000
2025-07-03,1548.989990234375,1548.989990234375,1540.3499755859375,1546.1400146484375,246417400
2025-07-04,1550.18994140625,1551.780029296875,1547.699951171875,1550.739990234375,213981000
2025-07-07,1537.5400390625,1544.739990234375,1534.6700439453125,1544.739990234375,239519500
2025-07-08,1530.1400146484375,1531.1400146484375,1526.27001953125,1529.68994140625,175341200
2025-07-09,1529.239990234375,1532.6199951171875,1523.2099609375,1529.0,164963400
2025-07-10,1536.52001953125,1536.52001953125,1523.25,1531.4300537109375,204036900
2025-07-11,1536.0699462890625,1541.93994140625,1530.77001953125,1537.8800048828125,195392700
2025-07-14,1537.510009765625,1538.3299560546875,1533.9300537109375,1535.56005859375,115095900
2025-07-15,1525.4000244140625,1538.56005859375,1525.4000244140625,1536.06005859375,165557600
2025-07-16,1511.5,1526.2900390625,1510.1400146484375,1523.77001953125,178459700
2025-07-17,1520.93994140625,1521.1500244140625,1511.6400146484375,1511.8900146484375,197536400
2025-07-18,1525.8599853515625,1529.52001953125,1522.969970703125,1522.969970703125,231202000
2025-07-21,1524.5899658203125,1526.699951171875,1520.02001953125,1526.4599609375,160470400
2025-07-22,1519.4000244140625,1527.9000244140625,1518.75,1526.2900390625,123201100
2025-07-23,1529.7900390625,1529.7900390625,1519.47998046875,1519.47998046875,163155000
2025-07-24,1540.3199462890625,1540.3199462890625,1529.7099609375,1531.050048828125,171355500
2025-07-25,1533.760009765625,1539.8199462890625,1525.97998046875,1538.6600341796875,156077500
2025-07-28,1529.3800048828125,1539.3800048828125,1528.3399658203125,1538.050048828125,180890200
2025-07-29,1523.8199462890625,1537.6199951171875,1523.8199462890625,1529.5799560546875,177935200
2025-07-30,1524.5,1524.5,1516.9599609375,1524.0999755859375,164771700
2025-07-31,1513.25,1524.050048828125,1513.25,1523.989990234375,275598100
2025-08-01,1533.3499755859375,1534.47998046875,1519.1700439453125,1519.8699951171875,146055100
2025-08-04,1526.97998046875,1530.280029296875,1522.9599609375,1530.280029296875,127162100
2025-08-05,1538.6400146484375,1538.6400146484375,1528.6300048828125,1528.6300048828125,239523700
2025-08-06,1541.47998046875,1542.8900146484375,1533.06005859375,1537.9200439453125,186087600
2025-08-07,1549.1099853515625,1549.1099853515625,1537.739990234375,1540.5,177650300
2025-08-08,1556.97998046875,1556.97998046875,1546.4100341796875,1549.0,215176600
2025-08-11,1563.239990234375,1565.43994140625,1554.949951171875,1557.739990234375,186306900
2025-08-12,1567.9000244140625,1572.969970703125,1561.8299560546875,1561.8299560546875,168959000
2025-08-13,1586.5999755859375,1590.6099853515625,1569.0699462890625,1569.0699462890625,308045100
2025-08-14,1581.050048828125,1595.31005859375,1575.7900390625,1586.9100341796875,279484200
2025-08-15,1576.3399658203125,1581.7900390625,1571.18994140625,1581.75,180941100
2025-08-18,1584.9599609375,1588.6099853515625,1575.47998046875,1578.260009765625,291643200
2025-08-19,1590.239990234375,1594.4000244140625,1584.6199951171875,1587.4300537109375,255717800
2025-08-20,1588.2099609375,1591.0400390625,1583.4000244140625,1588.030029296875,273827300
2025-08-21,1592.8699951171875,1596.02001953125,1589.8800048828125,1591.9200439453125,305189800
2025-08-22,1597.469970703125,1603.18994140625,1593.4200439453125,1593.800048828125,244636700
2025-08-25,1602.449951171875,1609.6500244140625,1599.5899658203125,1602.8199462890625,298785900
2025-08-26,1581.5899658203125,1604.52001953125,1581.5899658203125,1602.9000244140625,922433700
2025-08-27,1587.9100341796875,1587.9100341796875,1576.75,1581.77001953125,292236900
2025-08-28,1587.0699462890625,1596.1600341796875,1587.0699462890625,1589.260009765625,307603100
2025-08-29,1575.1199951171875,1587.300048828125,1572.239990234375,1586.8299560546875,323883300
2025-09-02,1576.699951171875,1576.9100341796875,1561.3599853515625,1576.8599853515625,261521800
2025-09-03,1578.52001953125,1582.3399658203125,1573.949951171875,1575.22998046875,270878800
2025-09-04,1578.1500244140625,1581.8900146484375,1575.989990234375,1579.9200439453125,219533800
2025-09-08,1585.5899658203125,1587.1600341796875,1579.5699462890625,1581.219970703125,168392900
2025-09-09,1586.81005859375,1587.530029296875,1581.8900146484375,1586.97998046875,242971400
2025-09-10,1590.75,1590.800048828125,1585.2099609375,1588.0400390625,202912700
2025-09-11,1582.8499755859375,1583.8199462890625,1580.1600341796875,1582.8299560546875,205392000
2025-09-12,1600.1300048828125,1600.1300048828125,1585.06005859375,1588.0400390625,156386900
2025-09-17,1611.699951171875,1611.699951171875,1599.6099853515625,1602.219970703125,271473600
2025-09-18,1598.9300537109375,1606.8599853515625,1597.4100341796875,1606.8599853515625,197844300
2025-09-19,1598.22998046875,1600.4000244140625,1595.6800537109375,1598.989990234375,315299300
2025-09-22,1603.3399658203125,1604.31005859375,1596.4599609375,1599.780029296875,164779800
2025-09-23,1603.550048828125,1608.489990234375,1602.030029296875,1604.9000244140625,163967500
2025-09-24,1599.6600341796875,1602.81005859375,1597.800048828125,1602.81005859375,236874400
2025-09-25,1598.469970703125,1600.8900146484375,1595.0400390625,1599.5699462890625,210716300
2025-09-26,1609.050048828125,1611.3199462890625,1595.3199462890625,1597.010009765625,231477100
2025-09-29,1610.949951171875,1613.530029296875,1606.760009765625,1609.75,184578100
2025-09-30,1611.8800048828125,1619.1099853515625,1608.68994140625,1611.8199462890625,299730100
2025-10-01,1620.8699951171875,1624.0400390625,1612.6199951171875,1612.6199951171875,175175200
2025-10-02,1637.800048828125,1640.1700439453125,1621.6800537109375,1621.6800537109375,269241100
2025-10-03,1635.06005859375,1658.72998046875,1631.4300537109375,1658.72998046875,163922700
2025-10-06,1638.0899658203125,1638.0899658203125,1629.9300537109375,1636.1400146484375,180593900
2025-10-07,1630.030029296875,1636.5,1624.3499755859375,1636.06005859375,203738200
2025-10-08,1627.5,1628.1500244140625,1621.1700439453125,1628.1500244140625,190616300
2025-10-09,1629.6700439453125,1632.530029296875,1626.6700439453125,1628.8699951171875,254565400
2025-10-10,1622.25,1628.2099609375,1621.739990234375,1628.1600341796875,208692800
2025-10-13,1615.18994140625,1618.1300048828125,1601.75,1601.75,182977700
2025-10-14,1611.4599609375,1622.75,1610.050048828125,1617.2900390625,230412700
2025-10-15,1611.550048828125,1619.5799560546875,1611.1199951171875,1615.0699462890625,251767500
2025-10-16,1612.2900390625,1617.280029296875,1611.280029296875,1611.3900146484375,149365700
2025-10-17,1607.1800537109375,1616.3599853515625,1604.719970703125,1613.68994140625,185412200
2025-10-21,1616.8299560546875,1617.1500244140625,1609.02001953125,1611.780029296875,183064200
2025-10-22,1602.68994140625,1617.56005859375,1602.06005859375,1617.56005859375,146927500
2025-10-23,1608.0,1608.0,1601.260009765625,1601.260009765625,190152300
2025-10-24,1613.27001953125,1615.300048828125,1607.030029296875,1607.030029296875,172155600
2025-10-27,1618.3800048828125,1623.22998046875,1617.449951171875,1620.1099853515625,192924600
2025-10-28,1613.56005859375,1620.22998046875,1610.1800537109375,1620.22998046875,218172100
2025-10-29,1611.5400390625,1617.02001953125,1606.43994140625,1614.5699462890625,131280300
2025-10-30,1614.199951171875,1615.1800537109375,1611.6199951171875,1614.1600341796875,193579600
2025-10-31,1609.1500244140625,1615.0999755859375,1607.6600341796875,1609.8900146484375,180138900
2025-11-03,1622.4200439453125,1622.4200439453125,1608.8499755859375,1610.7900390625,81104400
2025-11-04,1623.5,1630.9100341796875,1621.219970703125,1621.219970703125,167092600
2025-11-05,1621.550048828125,1623.1600341796875,1614.300048828125,1622.239990234375,166965600
2025-11-06,1618.93994140625,1624.2900390625,1618.93994140625,1621.489990234375,177591400
2025-11-07,1619.1300048828125,1621.18994140625,1616.5,1617.6300048828125,176091000
2025-11-10,1627.3800048828125,1633.52001953125,1620.489990234375,1621.530029296875,156713600
2025-11-11,1634.8299560546875,1642.9000244140625,1630.77001953125,1631.52001953125,248402700
2025-11-12,1631.6099853515625,1641.27001953125,1630.1199951171875,1636.739990234375,251510200
2025-11-13,1632.27001953125,1635.27001953125,1631.1500244140625,1633.7900390625,209492900
2025-11-14,1625.6700439453125,1630.9599609375,1623.81005859375,1630.81005859375,199969600
2025-11-17,1627.4300537109375,1633.8399658203125,1626.22998046875,1627.469970703125,188900100
2025-11-18,1614.06005859375,1627.3199462890625,1613.760009765625,1627.0,234678400
2025-11-19,1623.8900146484375,1623.8900146484375,1613.050048828125,1613.43994140625,201224100
2025-11-20,1619.9599609375,1629.68994140625,1619.260009765625,1628.43994140625,185279400
2025-11-21,1617.5699462890625,1618.8599853515625,1614.5999755859375,1617.719970703125,203131600
2025-11-24,1618.780029296875,1621.260009765625,1609.8800048828125,1620.1400146484375,489576500
2025-11-25,1611.739990234375,1620.989990234375,1611.25,1619.5400390625,181857200
2025-11-26,1624.5,1624.969970703125,1614.4100341796875,1616.1300048828125,224037400
2025-11-27,1617.4599609375,1629.260009765625,1615.969970703125,1627.1600341796875,207334000
2025-11-28,1604.469970703125,1617.260009765625,1597.6800537109375,1616.75,277401500
2025-12-01,1624.5699462890625,1625.4200439453125,1608.260009765625,1608.260009765625,197661800
2025-12-02,1630.5999755859375,1634.3499755859375,1624.469970703125,1627.0699462890625,262521100
2025-12-03,1622.8399658203125,1632.949951171875,1617.7900390625,1631.4599609375,151137200
2025-12-04,1621.0699462890625,1625.989990234375,1616.489990234375,1624.6300048828125,182264300
2025-12-05,1616.52001953125,1621.25,1609.6700439453125,1620.699951171875,159772100
2025-12-08,1612.780029296875,1616.489990234375,1601.5,1616.030029296875,151561400
2025-12-09,1614.1700439453125,1620.72998046875,1606.22998046875,1619.1400146484375,176320100
2025-12-10,1611.0,1612.5,1606.1099853515625,1611.0400390625,134862500
2025-12-11,1625.3900146484375,1625.3900146484375,1609.9599609375,1612.8599853515625,203357400
2025-12-12,1637.81005859375,1640.3599853515625,1622.030029296875,1622.56005859375,202172000
2025-12-15,1643.719970703125,1644.050048828125,1632.5400390625,1635.0799560546875,166903100
2025-12-16,1648.31005859375,1648.7099609375,1636.5,1642.77001953125,180710600
2025-12-17,1641.43994140625,1646.6600341796875,1639.1300048828125,1645.3199462890625,190602200
2025-12-18,1646.9000244140625,1647.800048828125,1636.6099853515625,1640.22998046875,202204600
2025-12-19,1665.9000244140625,1668.1500244140625,1647.5999755859375,1648.050048828125,290716800
2025-12-22,1671.2900390625,1671.2900390625,1663.1199951171875,1664.280029296875,151411900
2025-12-23,1676.6400146484375,1676.6400146484375,1666.9599609375,1668.780029296875,137369300
2025-12-24,1678.31005859375,1678.8499755859375,1673.6400146484375,1676.0,154290900
2025-12-26,1677.0999755859375,1678.2900390625,1670.8299560546875,1677.5,95594100
2025-12-29,1680.989990234375,1680.989990234375,1668.47998046875,1677.31005859375,130192300
2025-12-30,1684.530029296875,1684.530029296875,1673.8699951171875,1677.6600341796875,150847100
2025-12-31,1680.1099853515625,1681.780029296875,1671.5899658203125,1681.780029296875,196453800
2026-01-02,1669.760009765625,1675.199951171875,1666.1700439453125,1675.199951171875,147526000
2026-01-05,1680.3199462890625,1681.93994140625,1669.0799560546875,1669.0799560546875,163418100
2026-01-06,1672.3499755859375,1679.260009765625,1667.8199462890625,1678.4100341796875,204528000
2026-01-07,1676.8299560546875,1676.8299560546875,1665.93994140625,1671.469970703125,212686900
2026-01-08,1669.5699462890625,1674.43994140625,1666.3399658203125,1674.219970703125,219763300
2026-01-09,1686.5400390625,1686.5400390625,1670.280029296875,1670.43994140625,217589200
2026-01-12,1695.43994140625,1697.780029296875,1686.5699462890625,1687.0699462890625,199132700
2026-01-13,1708.199951171875,1708.199951171875,1698.7900390625,1700.739990234375,272751600
2026-01-14,1710.9100341796875,1711.6600341796875,1704.030029296875,1705.8800048828125,252430200
2026-01-15,1715.1600341796875,1715.1600341796875,1701.8299560546875,1710.3499755859375,262232600
2026-01-16,1712.739990234375,1721.47998046875,1708.030029296875,1717.6300048828125,243266500
2026-01-19,1712.3299560546875,1712.3299560546875,1704.6400146484375,1710.5699462890625,178366700
2026-01-20,1699.06005859375,1711.02001953125,1695.81005859375,1711.02001953125,232590500
2026-01-21,1705.81005859375,1708.6199951171875,1693.949951171875,1694.81005859375,279431400
2026-01-22,1717.1400146484375,1717.6600341796875,1711.2900390625,1713.8900146484375,304214800
2026-01-23,1719.989990234375,1723.4100341796875,1711.8900146484375,1715.8399658203125,276287400
2026-01-26,1744.0699462890625,1746.97998046875,1721.6300048828125,1721.6300048828125,332534800
2026-01-27,1771.25,1771.25,1749.0999755859375,1749.25,408884100
2026-01-28,1756.489990234375,1769.9000244140625,1750.050048828125,1769.7900390625,330710700
2026-01-29,1730.8900146484375,1753.31005859375,1719.52001953125,1753.31005859375,332793600
2026-01-30,1740.8800048828125,1744.8199462890625,1732.6199951171875,1732.6199951171875,302487600
2026-02-03,1748.260009765625,1757.510009765625,1742.6800537109375,1756.0899658203125,302018600
2026-02-04,1742.8199462890625,1751.219970703125,1740.489990234375,1746.4200439453125,234761100
2026-02-05,1731.02001953125,1747.1800537109375,1731.02001953125,1745.8199462890625,269677200
2026-02-06,1732.8299560546875,1732.8299560546875,1723.9100341796875,1729.22998046875,248870100
2026-02-09,1751.300048828125,1752.1300048828125,1736.3199462890625,1744.739990234375,241030100
2026-02-10,1747.5400390625,1761.5699462890625,1745.1600341796875,1755.4599609375,246506700
2026-02-11,1756.3900146484375,1757.1500244140625,1745.510009765625,1751.22998046875,298514000
2026-02-12,1750.8499755859375,1758.06005859375,1748.300048828125,1755.0899658203125,231397800
2026-02-13,1739.5400390625,1751.3800048828125,1738.93994140625,1747.8900146484375,248850300
2026-02-16,1741.260009765625,1743.010009765625,1733.06005859375,1740.6600341796875,160013300
2026-02-19,1752.1099853515625,1755.0799560546875,1743.6300048828125,1748.0799560546875,232446000
2026-02-20,1752.8299560546875,1754.199951171875,1746.0799560546875,1752.7900390625,194450300
2026-02-23,1757.97998046875,1760.030029296875,1752.47998046875,1756.969970703125,234145400
2026-02-24,1754.010009765625,1756.0,1746.9100341796875,1755.989990234375,282172700
2026-02-25,1747.81005859375,1755.3599853515625,1744.4599609375,1755.3599853515625,270707000
2026-02-26,1740.93994140625,1749.4300537109375,1726.9200439453125,1749.4300537109375,369947200
2026-02-27,1716.6099853515625,1737.06005859375,1714.0899658203125,1737.06005859375,585591100
2026-03-02,1700.2099609375,1703.9000244140625,1684.280029296875,1688.6400146484375,300128000
2026-03-03,1711.949951171875,1715.9300537109375,1704.22998046875,1704.22998046875,305002300
2026-03-04,1698.219970703125,1713.18994140625,1694.75,1711.4300537109375,314172300
2026-03-05,1713.199951171875,1713.199951171875,1701.8299560546875,1706.25,268423000
2026-03-06,1718.06005859375,1719.949951171875,1708.47998046875,1712.5999755859375,352875300
2026-03-09,1674.1700439453125,1702.77001953125,1664.0699462890625,1699.1300048828125,463924500
2026-03-10,1701.6800537109375,1703.6099853515625,1684.8499755859375,1684.8499755859375,310624300
2026-03-11,1708.780029296875,1709.9300537109375,1699.02001953125,1700.0999755859375,220185500
2026-03-12,1711.010009765625,1711.010009765625,1694.800048828125,1700.68994140625,312402100
2026-03-13,1698.8499755859375,1709.050048828125,1696.0400390625,1701.93994140625,306252100
2026-03-16,1696.56005859375,1701.1800537109375,1688.4599609375,1696.4100341796875,224550900
2026-03-17,1710.989990234375,1713.25,1701.18994140625,1703.1600341796875,261486200
2026-03-18,1729.81005859375,1730.719970703125,1713.4200439453125,1713.969970703125,280433200
2026-03-19,1720.7099609375,1737.1199951171875,1719.9300537109375,1723.2900390625,427059000
2026-03-24,1708.760009765625,1732.0899658203125,1704.06005859375,1732.0899658203125,427164700
2026-03-25,1716.6800537109375,1725.9300537109375,1711.9000244140625,1722.5,381157400
2026-03-26,1710.8900146484375,1719.8900146484375,1710.8900146484375,1719.4599609375,368016900
2026-03-27,1712.6500244140625,1716.280029296875,1708.449951171875,1712.72998046875,408697800
2026-03-30,1687.9000244140625,1702.3800048828125,1682.7900390625,1702.0799560546875,588450600
2026-03-31,1690.3599853515625,1695.77001953125,1683.97998046875,1694.2900390625,460982100
2026-04-01,1708.9000244140625,1715.93994140625,1700.199951171875,1715.93994140625,351033100
2026-04-02,1698.300048828125,1712.800048828125,1688.8900146484375,1712.0400390625,355567800
2026-04-03,1695.5,1708.1199951171875,1693.6500244140625,1704.1199951171875,307479000
2026-04-06,1680.8299560546875,1697.8800048828125,1677.780029296875,1694.3199462890625,302919300
2026-04-07,1676.8599853515625,1687.5999755859375,1673.1400146484375,1684.050048828125,251437900
2026-04-08,1696.31005859375,1696.31005859375,1683.5799560546875,1688.510009765625,336574200
2026-04-09,1686.239990234375,1692.6500244140625,1680.010009765625,1692.6500244140625,272166600
2026-04-10,1691.31005859375,1692.969970703125,1685.6600341796875,1691.469970703125,271090100
2026-04-13,1680.52001953125,1685.52001953125,1675.6400146484375,1682.4300537109375,242099900
2026-04-14,1688.1199951171875,1694.1600341796875,1686.06005859375,1690.9599609375,242078200
2026-04-15,1683.4200439453125,1695.6800537109375,1680.4599609375,1691.4200439453125,266750200
2026-04-16,1689.7099609375,1690.8299560546875,1682.81005859375,1684.8599853515625,292753700
2026-04-17,1695.2099609375,1696.3900146484375,1682.8800048828125,1689.0699462890625,269384300
2026-04-20,1702.300048828125,1703.6400146484375,1689.0,1693.5,234380500
2026-04-21,1715.3299560546875,1716.6400146484375,1700.5400390625,1702.6099853515625,255418100
2026-04-22,1710.3900146484375,1720.4599609375,1705.1099853515625,1718.0,202099800
2026-04-23,1721.699951171875,1723.510009765625,1714.4100341796875,1715.550048828125,243313000
2026-04-24,1720.3399658203125,1724.300048828125,1719.72998046875,1723.25,234305600
2026-04-27,1717.27001953125,1731.7900390625,1717.27001953125,1724.469970703125,203342400
2026-04-28,1729.5999755859375,1729.5999755859375,1714.1199951171875,1721.4000244140625,234894500
2026-04-29,1720.4200439453125,1733.8399658203125,1718.449951171875,1731.6500244140625,218878100
2026-04-30,1722.02001953125,1722.030029296875,1712.1400146484375,1720.22998046875,255549000
2026-05-04,1739.77001953125,1739.77001953125,1725.010009765625,1728.739990234375,175441600
2026-05-05,1747.4300537109375,1747.8199462890625,1732.6400146484375,1737.800048828125,181688100
2026-05-06,1756.8699951171875,1760.300048828125,1746.800048828125,1749.0799560546875,338686500
2026-05-07,1758.8499755859375,1768.4599609375,1758.4200439453125,1762.81005859375,366627200
2026-05-08,1748.06005859375,1760.18994140625,1748.06005859375,1758.0699462890625,200609300
2026-05-11,1745.31005859375,1754.0,1744.989990234375,1754.0,208709200
2026-05-12,1750.56005859375,1755.5400390625,1748.449951171875,1748.449951171875,188430600
2026-05-13,1746.31005859375,1752.6400146484375,1742.4100341796875,1750.6600341796875,260399300
2026-05-14,1745.5799560546875,1750.6300048828125,1740.3499755859375,1749.0999755859375,204773300
2026-05-15,1740.219970703125,1748.8499755859375,1735.510009765625,1747.68994140625,238475000
2026-05-18,1727.7099609375,1742.5999755859375,1727.7099609375,1741.93994140625,162894000
2026-05-19,1727.27001953125,1734.3199462890625,1726.1300048828125,1732.8800048828125,216543600
2026-05-20,1717.68994140625,1727.5,1716.469970703125,1726.93994140625,263063300
2026-05-21,1708.3599853515625,1722.5,1708.3599853515625,1721.4300537109375,266698400
2026-05-22,1712.6700439453125,1715.7099609375,1710.300048828125,1711.7099609375,237529500
2026-05-25,1708.5,1713.5,1705.93994140625,1711.4300537109375,268009400
2026-05-26,1699.02001953125,1707.52001953125,1696.1400146484375,1706.77001953125,302403900
2026-05-28,1684.9300537109375,1707.9100341796875,1683.0799560546875,1706.8299560546875,372644800
2026-05-29,1683.0699462890625,1694.6500244140625,1680.5899658203125,1688.1800537109375,1664465000
2026-06-01,1683.0699462890625,1694.6500244140625,1680.5899658203125,1688.1800537109375,1664465000
2026-06-02,1683.0699462890625,1694.6500244140625,1680.5899658203125,1688.1800537109375,1664465000
2026-06-03,1672.739990234375,1693.0899658203125,1672.739990234375,1687.1300048828125,416284100
2026-06-04,1683.260009765625,1689.8299560546875,1673.699951171875,1674.489990234375,276628500
2026-06-05,1693.4300537109375,1698.530029296875,1684.3599853515625,1686.449951171875,238758500
2026-06-08,1679.52001953125,1684.1400146484375,1676.949951171875,1683.5400390625,179400500
2026-06-09,1675.5,1687.9300537109375,1675.0400390625,1687.9300537109375,202763800
2026-06-10,1678.9599609375,1684.219970703125,1673.6400146484375,1676.050048828125,209712400
2026-06-11,1679.530029296875,1680.530029296875,1674.6500244140625,1677.3800048828125,221709700
2026-06-12,1683.6300048828125,1685.3900146484375,1679.719970703125,1684.8699951171875,132982400
2026-06-15,1691.3900146484375,1697.47998046875,1688.0400390625,1690.3900146484375,286494100
2026-06-16,1709.989990234375,1711.199951171875,1685.5699462890625,1691.3199462890625,290148200
2026-06-18,1711.3900146484375,1722.6300048828125,1711.31005859375,1722.3499755859375,275773000
2026-06-19,1712.030029296875,1712.030029296875,1699.1800537109375,1704.0400390625,324539100
2026-06-22,1700.8399658203125,1712.3199462890625,1699.93994140625,1710.469970703125,151899100
2026-06-23,1679.9200439453125,1703.0999755859375,1679.9200439453125,1703.0999755859375,225825300
2026-06-24,1682.1300048828125,1690.6600341796875,1680.489990234375,1682.030029296875,154710400
2026-06-25,1663.8199462890625,1685.1700439453125,1663.8199462890625,1684.449951171875,216714100
2026-06-26,1667.739990234375,1668.75,1659.739990234375,1664.5,173707600
2026-06-29,1665.9100341796875,1669.2099609375,1655.280029296875,1668.780029296875,154504400
2026-06-30,1664.06005859375,1669.8800048828125,1661.800048828125,1667.280029296875,240522700
2026-07-01,1656.8299560546875,1670.989990234375,1656.8299560546875,1665.3499755859375,183116100
2026-07-02,1661.8299560546875,1666.260009765625,1657.77001953125,1658.8199462890625,148273400
2026-07-03,1679.050048828125,1682.6199951171875,1662.9100341796875,1665.72998046875,165190600
2026-07-06,1683.530029296875,1685.489990234375,1678.3699951171875,1682.4000244140625,111882100
2026-07-07,1682.9300537109375,1684.18994140625,1676.93994140625,1683.4200439453125,130880900
2026-07-08,1683.6099853515625,1690.5699462890625,1679.300048828125,1685.97998046875,158043700
2026-07-09,1677.6400146484375,1683.800048828125,1676.1800537109375,1680.989990234375,169270300
2026-07-10,1691.489990234375,1696.25,1682.780029296875,1682.780029296875,173519000
2026-07-13,1698.43994140625,1703.0999755859375,1685.739990234375,1693.300048828125,167312200
2026-07-14,1719.93994140625,1719.93994140625,1698.2099609375,1699.68994140625,202644700
2026-07-15,1713.760009765625,1724.8299560546875,1712.8800048828125,1720.6600341796875,175219300
2026-07-16,1722.18994140625,1726.75,1716.760009765625,1716.760009765625,195577300
2026-07-17,1731.449951171875,1735.6700439453125,1719.56005859375,1719.8599853515625,217428700
2026-07-20,1722.2900390625,1733.760009765625,1720.050048828125,1732.6500244140625,128070000
2026-07-21,1720.3699951171875,1726.8800048828125,1712.6600341796875,1725.6199951171875,137841400
2026-07-22,1711.3699951171875,1721.31005859375,1709.1500244140625,1719.8399658203125,164288900
2026-07-23,1714.5899658203125,1716.4300537109375,1709.050048828125,1714.3800048828125,145824600
2026-07-24,1701.02001953125,1710.800048828125,1697.760009765625,1710.449951171875,177175300
2026-07-27,1713.0899658203125,1718.31005859375,1702.3499755859375,1703.6500244140625,147159100
2026-07-28,1712.47998046875,1715.02001953125,1703.8299560546875,1711.949951171875,179145100
2026-07-29,1715.56005859375,1720.5899658203125,1710.7900390625,1714.3900146484375,169118100
2026-07-30,1720.4000244140625,1720.4000244140625,1710.68994140625,1714.4200439453125,160367000
2026-07-31,1724.9000244140625,1730.1199951171875,1715.6700439453125,1721.22998046875,259179700
2026-08-03,1725.72998046875,1729.719970703125,1719.469970703125,1725.260009765625,165737800
2026-08-04,1732.6600341796875,1732.6600341796875,1722.780029296875,1725.93994140625,202130300
2026-08-05,1748.1700439453125,1750.4100341796875,1732.6800537109375,1736.3599853515625,230534900
2026-08-06,1737.1500244140625,1749.6500244140625,1733.3800048828125,1749.6500244140625,194527100
2026-08-07,1735.75,1739.1400146484375,1729.3399658203125,1735.219970703125,273603000
2026-08-10,1735.3699951171875,1738.969970703125,1730.3499755859375,1735.8499755859375,146489400
2026-08-11,1731.4599609375,1738.2099609375,1725.47998046875,1735.4100341796875,218536000
2026-08-12,1741.6099853515625,1741.6099853515625,1728.6400146484375,1731.469970703125,261319500
2026-08-13,1734.7099609375,1742.7900390625,1732.8299560546875,1742.7900390625,213599500
2026-08-14,1727.3900146484375,1734.719970703125,1726.77001953125,1734.719970703125,192296600
2026-08-17,1725.8900146484375,1731.449951171875,1722.1600341796875,1726.93994140625,203394100
2026-08-18,1733.3599853515625,1734.530029296875,1723.5999755859375,1727.52001953125,195809400
2026-08-19,1731.3199462890625,1733.43994140625,1725.949951171875,1731.969970703125,179345200
2026-08-20,1736.7099609375,1739.1300048828125,1732.1099853515625,1732.1099853515625,305493900
2026-08-21,1736.47998046875,1738.300048828125,1733.1300048828125,1736.0799560546875,247093100
2026-08-24,1736.3299560546875,1739.469970703125,1733.0699462890625,1738.31005859375,157036700
