date,8869.KL,7113.KL
2015-01-02,0.38353490829467773,0.2887122333049774
2015-01-05,0.3805850148200989,0.2887122333049774
2015-01-06,0.36140838265419006,0.2887122333049774
2015-01-07,0.35845762491226196,0.287456750869751
2015-01-08,0.36288297176361084,0.287456750869751
2015-01-09,0.35255706310272217,0.28996777534484863
2015-01-12,0.36140838265419006,0.2938084304332733
2015-01-13,0.38648557662963867,0.30597013235092163
2015-01-14,0.3687836229801178,0.3066100776195526
2015-01-15,0.38353490829467773,0.30725064873695374
2015-01-16,0.38353490829467773,0.30597013235092163
2015-01-19,0.3938608169555664,0.30597013235092163
2015-01-20,0.3923862874507904,0.3066100776195526
2015-01-21,0.39828601479530334,0.31237101554870605
2015-01-22,0.40713754296302795,0.32005229592323303
2015-01-23,0.41156280040740967,0.3168522119522095
2015-01-26,0.3938608169555664,0.31749212741851807
2015-01-27,0.3968115746974945,0.3181318938732147
2015-01-28,0.3968115746974945,0.3168522119522095
2015-01-29,0.3923862874507904,0.3187725245952606
2015-01-30,0.39828601479530334,0.3187725245952606
2015-02-04,0.3938608169555664,0.3130115866661072
2015-02-05,0.40123674273490906,0.3098108172416687
2015-02-06,0.41156280040740967,0.3066100776195526
2015-02-09,0.40861207246780396,0.31237101554870605
2015-02-10,0.4277893602848053,0.3162115514278412
2015-02-11,0.4425406754016876,0.31749212741851807
2015-02-12,0.432214617729187,0.3187725245952606
2015-02-13,0.4454905092716217,0.32069283723831177
2015-02-16,0.44991573691368103,0.3181318938732147
2015-02-17,0.4381153881549835,0.3181318938732147
2015-02-18,0.44106534123420715,0.32005229592323303
2015-02-23,0.432214617729187,0.32069283723831177
2015-02-24,0.44106534123420715,0.32005229592323303
2015-02-25,0.4425406754016876,0.3213326632976532
2015-02-26,0.44401612877845764,0.3232530355453491
2015-02-27,0.44848600029945374,0.3238929212093353
2015-03-02,0.44252580404281616,0.3226132094860077
2015-03-03,0.4469956159591675,0.32069283723831177
2015-03-04,0.4693458080291748,0.3181318938732147
2015-03-05,0.46487513184547424,0.3194124102592468
2015-03-06,0.4738156497478485,0.3187725245952606
2015-03-09,0.4753050208091736,0.3187725245952606
2015-03-10,0.4961646795272827,0.32517337799072266
2015-03-11,0.49467524886131287,0.32005229592323303
2015-03-12,0.5125546455383301,0.3283741772174835
2015-03-13,0.5125546455383301,0.32517337799072266
2015-03-16,0.5125546455383301,0.329653799533844
2015-03-17,0.5051053166389465,0.3283741772174835
2015-03-18,0.47977545857429504,0.332854688167572
2015-03-19,0.48573511838912964,0.3322147727012634
2015-03-20,0.484245240688324,0.3373350501060486
2015-03-23,0.4872249662876129,0.34501639008522034
2015-03-24,0.5065946578979492,0.34821709990501404
2015-03-25,0.4991452693939209,0.35717886686325073
2015-03-26,0.4916948676109314,0.35781875252723694
2015-03-27,0.4961646795272827,0.3514179587364197
2015-03-30,0.49765485525131226,0.3507773280143738
2015-03-31,0.49318504333496094,0.3501374423503876
2015-04-01,0.4991452693939209,0.3507773280143738
2015-04-02,0.49467524886131287,0.348857045173645
2015-04-03,0.49467524886131287,0.348857045173645
2015-04-06,0.49318504333496094,0.34693673253059387
2015-04-07,0.49765485525131226,0.34565699100494385
2015-04-08,0.4991452693939209,0.3494977056980133
2015-04-09,0.5125546455383301,0.3494977056980133
2015-04-10,0.5021246671676636,0.3507773280143738
2015-04-13,0.5006353259086609,0.3507773280143738
2015-04-14,0.503615140914917,0.348857045173645
2015-04-15,0.5051053166389465,0.3507773280143738
2015-04-16,0.5110651850700378,0.3501374423503876
2015-04-17,0.5110651850700378,0.348857045173645
2015-04-20,0.508084774017334,0.3520577847957611
2015-04-21,0.5051053166389465,0.348857045173645
2015-04-22,0.4991452693939209,0.3475772738456726
2015-04-23,0.48275527358055115,0.348857045173645
2015-04-24,0.43209585547447205,0.3475772738456726
2015-04-27,0.4261358678340912,0.3520577847957611
2015-04-28,0.42017579078674316,0.3520577847957611
2015-04-29,0.42017579078674316,0.3494977056980133
2015-04-30,0.4216661751270294,0.35845860838890076
2015-05-05,0.4291154146194458,0.35845860838890076
2015-05-06,0.42464548349380493,0.3565382659435272
2015-05-07,0.43656566739082336,0.3565382659435272
2015-05-08,0.4544449746608734,0.3565382659435272
2015-05-11,0.4469956159591675,0.35717886686325073
2015-05-12,0.4469956159591675,0.3565382659435272
2015-05-13,0.44401514530181885,0.3565382659435272
2015-05-14,0.44401514530181885,0.35525861382484436
2015-05-15,0.44401514530181885,0.35717886686325073
2015-05-18,0.44401514530181885,0.3565382659435272
2015-05-19,0.4319745600223541,0.34629684686660767
2015-05-20,0.421438604593277,0.348857045173645
2015-05-21,0.4048821032047272,0.35781875252723694
2015-05-22,0.40939733386039734,0.3565382659435272
2015-05-25,0.398861289024353,0.3520577847957611
2015-05-26,0.40187129378318787,0.355898380279541
2015-05-27,0.3973560035228729,0.34501639008522034
2015-05-28,0.3958505690097809,0.34629684686660767
2015-05-29,0.39284077286720276,0.34693673253059387
2015-06-01,0.398861289024353,0.348857045173645
2015-06-02,0.4124073088169098,0.33925536274909973
2015-06-03,0.4048821032047272,0.33925536274909973
2015-06-04,0.40939733386039734,0.35269755125045776
2015-06-05,0.4048821032047272,0.3501374423503876
2015-06-08,0.4063865542411804,0.3520577847957611
2015-06-09,0.40187129378318787,0.3507773280143738
2015-06-10,0.4124073088169098,0.36742037534713745
2015-06-11,0.4048821032047272,0.36678043007850647
2015-06-12,0.4048821032047272,0.36998048424720764
2015-06-15,0.4033767282962799,0.37446171045303345
2015-06-16,0.3973560035228729,0.37382107973098755
2015-06-17,0.3958505690097809,0.3757414221763611
2015-06-18,0.3958505690097809,0.40710705518722534
2015-06-19,0.3958505690097809,0.4224696457386017
2015-06-22,0.40036681294441223,0.42182907462120056
2015-06-23,0.3958505690097809,0.419908732175827
2015-06-24,0.3958505690097809,0.41606810688972473
2015-06-25,0.398861289024353,0.43527111411094666
2015-06-26,0.3973560035228729,0.42887046933174133
2015-06-29,0.39284077286720276,0.4269501566886902
2015-06-30,0.3913353979587555,0.4308374524116516
2015-07-01,0.39284077286720276,0.4327811300754547
2015-07-02,0.3958505690097809,0.43213343620300293
2015-07-03,0.3973560035228729,0.4334293603897095
2015-07-06,0.39284077286720276,0.4334293603897095
2015-07-07,0.3807995021343231,0.4502737522125244
2015-07-08,0.36725348234176636,0.4599917531013489
2015-07-09,0.3717688322067261,0.47748440504074097
2015-07-10,0.3807995021343231,0.46064022183418274
2015-07-13,0.374778687953949,0.46647119522094727
2015-07-14,0.3777894675731659,0.47748440504074097
2015-07-15,0.3777894675731659,0.4859074652194977
2015-07-16,0.37929481267929077,0.48914632201194763
2015-07-20,0.374778687953949,0.5001603960990906
2015-07-21,0.3807995021343231,0.5046953558921814
2015-07-22,0.3777894675731659,0.4969208240509033
2015-07-23,0.3807995021343231,0.48785102367401123
2015-07-24,0.37929481267929077,0.4962731897830963
2015-07-27,0.3777894675731659,0.5118222236633301
2015-07-28,0.36725348234176636,0.48914632201194763
2015-07-29,0.368758887052536,0.4949772357940674
2015-07-30,0.3702634871006012,0.5105261206626892
2015-07-31,0.3702634871006012,0.49368196725845337
2015-08-03,0.3717688322067261,0.4988645017147064
2015-08-04,0.36725348234176636,0.5118222236633301
2015-08-05,0.3657480478286743,0.5234839916229248
2015-08-06,0.3627382516860962,0.5118222236633301
2015-08-07,0.3476870059967041,0.50080806016922
2015-08-10,0.33113038539886475,0.48655498027801514
2015-08-11,0.3115628659725189,0.48266780376434326
2015-08-12,0.2784504294395447,0.46647119522094727
2015-08-13,0.28447121381759644,0.4988645017147064
2015-08-14,0.27543967962265015,0.4839637875556946
2015-08-17,0.26339924335479736,0.48785102367401123
2015-08-18,0.26339924335479736,0.5059912800788879
2015-08-19,0.2588830888271332,0.5163570642471313
2015-08-20,0.2498525232076645,0.5241315960884094
2015-08-21,0.24232718348503113,0.5435678362846375
2015-08-24,0.22275985777378082,0.5506947636604309
2015-08-25,0.22656181454658508,0.5118222236633301
2015-08-26,0.22808267176151276,0.5137658715248108
2015-08-27,0.24784964323043823,0.5034000277519226
2015-08-28,0.261534184217453,0.5001603960990906
2015-09-01,0.261534184217453,0.5072873830795288
2015-09-02,0.2630549669265747,0.5098786354064941
2015-09-03,0.2767404615879059,0.5202443599700928
2015-09-04,0.2949865460395813,0.5027515888214111
2015-09-07,0.29042503237724304,0.5027515888214111
2015-09-08,0.2797812819480896,0.5137658715248108
2015-09-09,0.2949865460395813,0.5183007717132568
2015-09-10,0.2843426465988159,0.5332021117210388
2015-09-11,0.29194581508636475,0.533849835395813
2015-09-14,0.29042503237724304,0.5170055031776428
2015-09-15,0.293465793132782,0.5053437352180481
2015-09-17,0.30715125799179077,0.5072873830795288
2015-09-18,0.3497266173362732,0.4988645017147064
2015-09-21,0.3406035304069519,0.48266780376434326
2015-09-22,0.3345213532447815,0.4982168674468994
2015-09-23,0.317795068025589,0.5170055031776428
2015-09-25,0.3147535026073456,0.5247800350189209
2015-09-28,0.31627437472343445,0.5176530480384827
2015-09-29,0.3086720108985901,0.5176530480384827
2015-09-30,0.31323352456092834,0.5228365063667297
2015-10-01,0.3193158805370331,0.5163570642471313
2015-10-02,0.317795068025589,0.5150619149208069
2015-10-05,0.3284389078617096,0.5150619149208069
2015-10-06,0.3238773047924042,0.5254276394844055
2015-10-07,0.3299597501754761,0.5299625992774963
2015-10-08,0.317795068025589,0.5170055031776428
2015-10-09,0.3269181549549103,0.5176530480384827
2015-10-12,0.3299597501754761,0.5370892286300659
2015-10-13,0.3253973722457886,0.5215403437614441
2015-10-15,0.3314797580242157,0.546807587146759
2015-10-16,0.3345213532447815,0.5636526942253113
2015-10-19,0.3269181549549103,0.5707786679267883
2015-10-20,0.3269181549549103,0.5895674228668213
2015-10-21,0.3299597501754761,0.6187217831611633
2015-10-22,0.3238773047924042,0.6005814671516418
2015-10-23,0.34516510367393494,0.5992856025695801
2015-10-26,0.34668511152267456,0.6012292504310608
2015-10-27,0.354288250207901,0.6018768548965454
2015-10-28,0.3527674973011017,0.6102997660636902
2015-10-29,0.35732898116111755,0.6122432351112366
2015-10-30,0.354288250207901,0.6148346066474915
2015-11-02,0.35124751925468445,0.6148346066474915
2015-11-03,0.34668511152267456,0.6154821515083313
2015-11-04,0.35124751925468445,0.6154821515083313
2015-11-05,0.35580891370773315,0.6154821515083313
2015-11-06,0.35732898116111755,0.6090037822723389
2015-11-09,0.35732898116111755,0.6297359466552734
2015-11-11,0.3497266173362732,0.6478763818740845
2015-11-12,0.3436443507671356,0.649172306060791
2015-11-13,0.3482058346271515,0.6446366906166077
2015-11-16,0.3436443507671356,0.6349185109138489
2015-11-17,0.3497266173362732,0.6569468379020691
2015-11-18,0.3482058346271515,0.6452849507331848
2015-11-19,0.3406035304069519,0.6401017308235168
2015-11-20,0.3269181549549103,0.6465803384780884
2015-11-23,0.3117126524448395,0.6388057470321655
2015-11-24,0.317795068025589,0.6252003908157349
2015-11-25,0.3147535026073456,0.6018768548965454
2015-11-26,0.32083579897880554,0.6154821515083313
2015-11-27,0.3193158805370331,0.6277923583984375
2015-11-30,0.317795068025589,0.6290876269340515
2015-12-01,0.3238773047924042,0.6284400224685669
2015-12-02,0.3269181549549103,0.6478763818740845
2015-12-03,0.3269181549549103,0.6556509137153625
2015-12-04,0.3269181549549103,0.6686086058616638
2015-12-07,0.3299597501754761,0.7126636505126953
2015-12-08,0.32235658168792725,0.7126636505126953
2015-12-09,0.3253973722457886,0.6893402338027954
2015-12-10,0.32003867626190186,0.7333961129188538
2015-12-11,0.3154449462890625,0.7321000099182129
2015-12-14,0.31085115671157837,0.7126636505126953
2015-12-15,0.31391337513923645,0.7683812379837036
2015-12-16,0.31850719451904297,0.7942963242530823
2015-12-17,0.31391337513923645,0.8811118602752686
2015-12-18,0.32003867626190186,0.8422392010688782
2015-12-21,0.32003867626190186,0.8759286999702454
2015-12-22,0.31391337513923645,0.8966609239578247
2015-12-23,0.3169756233692169,0.883703351020813
2015-12-28,0.3215702772140503,0.8720411658287048
2015-12-29,0.32310089468955994,0.8914775252342224
2015-12-30,0.3215702772140503,0.8824077844619751
2015-12-31,0.32003867626190186,0.8798156976699829
2016-01-04,0.31391337513923645,0.868153989315033
2016-01-05,0.31085115671157837,0.890182375907898
2016-01-06,0.3169756233692169,0.8992520570755005
2016-01-07,0.3169756233692169,0.8966609239578247
2016-01-08,0.3154449462890625,0.890182375907898
2016-01-11,0.30931973457336426,0.9000078439712524
2016-01-12,0.30778807401657104,0.9117980599403381
2016-01-13,0.30625662207603455,0.9104880690574646
2016-01-14,0.3031945526599884,0.892147421836853
2016-01-15,0.30166295170783997,0.8973870873451233
2016-01-18,0.2986007332801819,0.9091776013374329
2016-01-19,0.29706913232803345,0.9104880690574646
2016-01-20,0.2909438908100128,0.896077573299408
2016-01-21,0.28635016083717346,0.8842869400978088
2016-01-22,0.2878815233707428,0.8790464997291565
2016-01-26,0.2802248001098633,0.8384347558021545
2016-01-27,0.2832878828048706,0.7991330623626709
2016-01-28,0.2786942422389984,0.7336304783821106
2016-01-29,0.2848186194896698,0.7100495100021362
2016-02-02,0.28635016083717346,0.7545915842056274
2016-02-03,0.2894132733345032,0.7650719881057739
2016-02-04,0.29706913232803345,0.7362504005432129
2016-02-05,0.30625662207603455,0.7165995240211487
2016-02-08,0.30625662207603455,0.7165995240211487
2016-02-09,0.30625662207603455,0.7165995240211487
2016-02-10,0.3031945526599884,0.7362504005432129
2016-02-11,0.3031945526599884,0.7375606894493103
2016-02-12,0.29553765058517456,0.7283901572227478
2016-02-15,0.30166295170783997,0.7205297350883484
2016-02-16,0.3031945526599884,0.7283901572227478
2016-02-17,0.30166295170783997,0.7428011894226074
2016-02-18,0.3169756233692169,0.721839964389801
2016-02-19,0.3169756233692169,0.7323201894760132
2016-02-22,0.31391337513923645,0.7611416578292847
2016-02-23,0.3276946246623993,0.7467312812805176
2016-02-24,0.3276946246623993,0.7611416578292847
2016-02-25,0.32922616600990295,0.7519710659980774
2016-02-26,0.324632465839386,0.7270805835723877
2016-02-29,0.324632465839386,0.7375606894493103
2016-03-01,0.32922616600990295,0.7297003865242004
2016-03-02,0.34607046842575073,0.7323201894760132
2016-03-03,0.34453892707824707,0.7205297350883484
2016-03-04,0.34453892707824707,0.7048089504241943
2016-03-07,0.35525792837142944,0.6524074673652649
2016-03-08,0.3659769892692566,0.6432366967201233
2016-03-09,0.352195680141449,0.674677848815918
2016-03-10,0.36221426725387573,0.7061193585395813
2016-03-11,0.3915001153945923,0.7126693725585938
2016-03-14,0.4269506633281708,0.696948766708374
2016-03-15,0.4284922182559967,0.696948766708374
2016-03-16,0.4069134294986725,0.6812279224395752
2016-03-17,0.4192443788051605,0.6890884637832642
2016-03-18,0.42232680320739746,0.6890884637832642
2016-03-21,0.4130789041519165,0.6851581931114197
2016-03-22,0.40845492482185364,0.6602676510810852
2016-03-23,0.3884178102016449,0.6432366967201233
2016-03-24,0.37300369143486023,0.6524074673652649
2016-03-25,0.3822523355484009,0.6524074673652649
2016-03-28,0.4022895395755768,0.640616774559021
2016-03-29,0.4022895395755768,0.6537169218063354
2016-03-30,0.4069134294986725,0.6615772843360901
2016-03-31,0.40845492482185364,0.6576470136642456
2016-04-01,0.40845492482185364,0.6524074673652649
2016-04-04,0.4038310945034027,0.6602676510810852
2016-04-05,0.4053718149662018,0.6812279224395752
2016-04-06,0.4038310945034027,0.6956391930580139
2016-04-07,0.4130789041519165,0.6890884637832642
2016-04-08,0.417702853679657,0.696948766708374
2016-04-11,0.4192443788051605,0.696948766708374
2016-04-12,0.43003377318382263,0.677297830581665
2016-04-13,0.44082319736480713,0.6681278944015503
2016-04-14,0.44852936267852783,0.6851581931114197
2016-04-15,0.4423646628856659,0.6890884637832642
2016-04-18,0.43928149342536926,0.6903988122940063
2016-04-19,0.44082319736480713,0.6890884637832642
2016-04-20,0.45623651146888733,0.6720581650733948
2016-04-21,0.46702587604522705,0.6615772843360901
2016-04-22,0.4747331440448761,0.6707478165626526
2016-04-25,0.47319144010543823,0.6655073761940002
2016-04-26,0.4608604907989502,0.6589574813842773
2016-04-27,0.45623651146888733,0.6681278944015503
2016-04-28,0.45777803659439087,0.6641978025436401
2016-04-29,0.4516124725341797,0.649786651134491
2016-05-03,0.4531540870666504,0.649786651134491
2016-05-04,0.47319144010543823,0.6458565592765808
2016-05-05,0.4793568551540375,0.6524074673652649
2016-05-06,0.4824393391609192,0.6524074673652649
2016-05-09,0.48089757561683655,0.6615772843360901
2016-05-10,0.4855223596096039,0.6799185276031494
2016-05-11,0.4824393391609192,0.6825383305549622
2016-05-12,0.4839807450771332,0.6655073761940002
2016-05-13,0.48089757561683655,0.6628875732421875
2016-05-16,0.4746721088886261,0.6524074673652649
2016-05-17,0.4808975160121918,0.6576470136642456
2016-05-18,0.4793418347835541,0.6563376784324646
2016-05-19,0.4777853786945343,0.6681278944015503
2016-05-20,0.4762286841869354,0.677297830581665
2016-05-23,0.46844786405563354,0.6917089223861694
2016-05-24,0.45288392901420593,0.6943289637565613
2016-05-25,0.4497716724872589,0.6799185276031494
2016-05-26,0.44354626536369324,0.6628875732421875
2016-05-27,0.4451029896736145,0.6602676510810852
2016-05-30,0.451328307390213,0.6694375276565552
2016-05-31,0.4622223973274231,0.6641978025436401
2016-06-01,0.4668911397457123,0.6707478165626526
2016-06-02,0.4622223973274231,0.674677848815918
2016-06-03,0.46377798914909363,0.6838487386703491
2016-06-06,0.4622223973274231,0.6681278944015503
2016-06-07,0.46533456444740295,0.677297830581665
2016-06-08,0.4871227443218231,0.6733676195144653
2016-06-09,0.5104676485061646,0.6681278944015503
2016-06-10,0.5089111328125,0.6550272107124329
2016-06-13,0.5026858448982239,0.6563376784324646
2016-06-14,0.507354736328125,0.6576470136642456
2016-06-15,0.5057989358901978,0.6432366967201233
2016-06-16,0.5057989358901978,0.615725576877594
2016-06-17,0.5120242834091187,0.6209660768508911
2016-06-20,0.5135798454284668,0.6091756224632263
2016-06-21,0.5229184031486511,0.6039350628852844
2016-06-23,0.5338125824928284,0.6117953062057495
2016-06-24,0.5229184031486511,0.6065549254417419
2016-06-27,0.5213618874549866,0.6052454113960266
2016-06-28,0.5338125824928284,0.615725576877594
2016-06-29,0.5415933728218079,0.6170528531074524
2016-06-30,0.5727193355560303,0.6104173064231873
2016-07-01,0.5851700305938721,0.6090908646583557
2016-07-04,0.5913953185081482,0.6197065114974976
2016-07-05,0.5976208448410034,0.6130717992782593
2016-07-06,0.5976208448410034,0.6130717992782593
2016-07-07,0.5976208448410034,0.6130717992782593
2016-07-08,0.6085149049758911,0.601128876209259
2016-07-11,0.6131837964057922,0.5971477627754211
2016-07-12,0.6116271615028381,0.5971477627754211
2016-07-13,0.6069584488868713,0.5958205461502075
2016-07-14,0.6147401928901672,0.5958205461502075
2016-07-15,0.6271899342536926,0.5971477627754211
2016-07-18,0.650534987449646,0.5852049589157104
2016-07-19,0.6458662152290344,0.586531400680542
2016-07-20,0.6458662152290344,0.5838776230812073
2016-07-21,0.6489784717559814,0.5812239646911621
2016-07-22,0.6396408081054688,0.5812239646911621
2016-07-25,0.6334153413772583,0.5759156346321106
2016-07-26,0.6489784717559814,0.5706073641777039
2016-07-27,0.6474226713180542,0.5772430300712585
2016-07-28,0.650534987449646,0.5812239646911621
2016-07-29,0.6489784717559814,0.5692810416221619
2016-08-01,0.6536480188369751,0.574588418006897
2016-08-02,0.6458662152290344,0.574588418006897
2016-08-03,0.6489784717559814,0.5798966884613037
2016-08-04,0.650534987449646,0.574588418006897
2016-08-05,0.6411976218223572,0.601128876209259
2016-08-08,0.6396408081054688,0.6037826538085938
2016-08-09,0.6474226713180542,0.598474383354187
2016-08-10,0.6567601561546326,0.598474383354187
2016-08-11,0.6676543354988098,0.6024553179740906
2016-08-12,0.6660977602005005,0.6051098704338074
2016-08-15,0.6676543354988098,0.601128876209259
2016-08-16,0.6692109704017639,0.5958205461502075
2016-08-17,0.6738797426223755,0.5798966884613037
2016-08-18,0.6676543354988098,0.5838776230812073
2016-08-19,0.6692109704017639,0.5852049589157104
2016-08-22,0.6598724722862244,0.5798966884613037
2016-08-23,0.6614288687705994,0.573262095451355
2016-08-24,0.6474226713180542,0.562645435333252
2016-08-25,0.6427537202835083,0.5586643815040588
2016-08-26,0.650534987449646,0.562645435333252
2016-08-29,0.650534987449646,0.5599917769432068
2016-08-30,0.6552373170852661,0.5639727115631104
2016-09-01,0.6552373170852661,0.5812239646911621
2016-09-02,0.6536697745323181,0.6104173064231873
2016-09-05,0.6458324790000916,0.6289958357810974
2016-09-06,0.641129732131958,0.6369578242301941
2016-09-07,0.620751142501831,0.6369578242301941
2016-09-08,0.6332914233207703,0.6369578242301941
2016-09-09,0.6474000811576843,0.6250147223472595
2016-09-13,0.642696738243103,0.6170528531074524
2016-09-14,0.641129732131958,0.6170528531074524
2016-09-15,0.6787509918212891,0.6223602294921875
2016-09-19,0.6583727598190308,0.6197065114974976
2016-09-20,0.6521027088165283,0.6250147223472595
2016-09-21,0.6583727598190308,0.6276684999465942
2016-09-22,0.6599398851394653,0.6356305480003357
2016-09-23,0.6662101745605469,0.6382840871810913
2016-09-26,0.6709129214286804,0.639611542224884
2016-09-27,0.6646424531936646,0.6634973883628845
2016-09-28,0.6630756258964539,0.67278653383255
2016-09-29,0.672480583190918,0.6661511063575745
2016-09-30,0.672480583190918,0.6767675280570984
2016-10-04,0.672480583190918,0.6794212460517883
2016-10-05,0.672480583190918,0.6780939698219299
2016-10-06,0.672480583190918,0.656862735748291
2016-10-07,0.6771831512451172,0.6422652006149292
2016-10-10,0.6756152510643005,0.6409388184547424
2016-10-11,0.688156008720398,0.656862735748291
2016-10-12,0.6975611448287964,0.6634973883628845
2016-10-13,0.6834536194801331,0.6648247241973877
2016-10-14,0.6850213408470154,0.6648247241973877
2016-10-17,0.6865881681442261,0.6542080640792847
2016-10-18,0.6850213408470154,0.6595163345336914
2016-10-19,0.681885838508606,0.6634973883628845
2016-10-20,0.6740483641624451,0.6595163345336914
2016-10-21,0.6756152510643005,0.6634973883628845
2016-10-24,0.6787509918212891,0.6595163345336914
2016-10-25,0.6787509918212891,0.6542080640792847
2016-10-26,0.6865881681442261,0.634303092956543
2016-10-27,0.688156008720398,0.6502271890640259
2016-10-28,0.681885838508606,0.6382840871810913
2016-10-31,0.6834536194801331,0.656862735748291
2016-11-01,0.681885838508606,0.6502271890640259
2016-11-02,0.6740483641624451,0.6369578242301941
2016-11-03,0.672480583190918,0.6435925364494324
2016-11-04,0.7198210954666138,0.6369578242301941
2016-11-07,0.728599488735199,0.6369578242301941
2016-11-08,0.7242103815078735,0.6435925364494324
2016-11-09,0.7110430002212524,0.6435925364494324
2016-11-10,0.746595025062561,0.6634973883628845
2016-11-11,0.7243748903274536,0.6953452825546265
2016-11-14,0.7199310064315796,0.6767675280570984
2016-11-15,0.7288188934326172,0.6780939698219299
2016-11-16,0.746595025062561,0.6794212460517883
2016-11-17,0.7243748903274536,0.6794212460517883
2016-11-18,0.7154868245124817,0.7033073306083679
2016-11-21,0.7243748903274536,0.6993263363838196
2016-11-22,0.7288188934326172,0.6966724991798401
2016-11-23,0.7288188934326172,0.697999119758606
2016-11-24,0.7243748903274536,0.6953452825546265
2016-11-25,0.7377070188522339,0.6887105107307434
2016-11-28,0.7421510219573975,0.67544025182724
2016-11-29,0.7377070188522339,0.6701321601867676
2016-11-30,0.7421510219573975,0.7006534934043884
2016-12-01,0.7377070188522339,0.6780939698219299
2016-12-02,0.7332630157470703,0.6767675280570984
2016-12-05,0.7332630157470703,0.6701321601867676
2016-12-06,0.7288188934326172,0.6489006876945496
2016-12-07,0.7288188934326172,0.6502271890640259
2016-12-08,0.7332630157470703,0.6595163345336914
2016-12-09,0.7332630157470703,0.6528818011283875
2016-12-13,0.7554830312728882,0.6542080640792847
2016-12-14,0.7554830312728882,0.6608437299728394
2016-12-15,0.7554830312728882,0.6714593172073364
2016-12-16,0.746595025062561,0.6794212460517883
2016-12-19,0.7510390281677246,0.6873832941055298
2016-12-20,0.7510390281677246,0.6940180659294128
2016-12-21,0.7554830312728882,0.7019799947738647
2016-12-22,0.7421510219573975,0.6993263363838196
2016-12-23,0.7288188934326172,0.6873832941055298
2016-12-27,0.7154868245124817,0.6834021806716919
2016-12-28,0.7243748903274536,0.6940180659294128
2016-12-29,0.7110430002212524,0.7033073306083679
2016-12-30,0.7065990567207336,0.7099419832229614
2017-01-02,0.7065990567207336,0.7099419832229614
2017-01-03,0.7554830312728882,0.7033073306083679
2017-01-04,0.7777032852172852,0.7179038524627686
2017-01-05,0.7777032852172852,0.7179038524627686
2017-01-06,0.773259162902832,0.718578577041626
2017-01-09,0.7910350561141968,0.7091411352157593
2017-01-10,0.786591112613678,0.7091411352157593
2017-01-11,0.8221433162689209,0.7212746739387512
2017-01-12,0.8176994919776917,0.7104895114898682
2017-01-13,0.8310312628746033,0.7091411352157593
2017-01-16,0.8221433162689209,0.6929629445075989
2017-01-17,0.8310312628746033,0.7050965428352356
2017-01-18,0.8443632125854492,0.6956596970558167
2017-01-19,0.8665833473205566,0.694311261177063
2017-01-20,0.8443632125854492,0.6956596970558167
2017-01-23,0.8443632125854492,0.7050965428352356
2017-01-24,0.8665833473205566,0.7050965428352356
2017-01-25,0.8976914286613464,0.7037489414215088
2017-01-26,0.9110235571861267,0.7010518908500671
2017-01-27,0.9199117422103882,0.7010518908500671
2017-01-31,0.9110235571861267,0.7010518908500671
2017-02-02,0.9376876354217529,0.6997043490409851
2017-02-03,0.9687957763671875,0.6875706911087036
2017-02-06,0.9865718483924866,0.6835261583328247
2017-02-07,0.9732400178909302,0.6983558535575867
2017-02-08,0.9687957763671875,0.6929629445075989
2017-02-10,0.9954600930213928,0.694311261177063
2017-02-13,1.0176798105239868,0.6929629445075989
2017-02-14,1.04878830909729,0.6848738789558411
2017-02-15,1.071008324623108,0.6956596970558167
2017-02-16,1.071008324623108,0.6997043490409851
2017-02-17,1.0443439483642578,0.6929629445075989
2017-02-20,1.0443439483642578,0.694311261177063
2017-02-21,1.0443439483642578,0.7010518908500671
2017-02-22,1.0399000644683838,0.7010518908500671
2017-02-23,1.066564679145813,0.6889183521270752
2017-02-24,1.0621201992034912,0.6889183521270752
2017-02-27,1.0443439483642578,0.6835261583328247
2017-02-28,1.1021164655685425,0.6781333684921265
2017-03-01,1.1198923587799072,0.6875706911087036
2017-03-02,1.159888505935669,0.697007417678833
2017-03-03,1.151000738143921,0.6929629445075989
2017-03-06,1.164332628250122,0.6956596970558167
2017-03-07,1.1732209920883179,0.6916152238845825
2017-03-08,1.1732209920883179,0.6929629445075989
2017-03-09,1.159888505935669,0.6956596970558167
2017-03-10,1.139775037765503,0.697007417678833
2017-03-13,1.1308354139328003,0.6997043490409851
2017-03-14,1.148714542388916,0.7077933549880981
2017-03-15,1.1129568815231323,0.7010518908500671
2017-03-16,1.1263657808303833,0.7010518908500671
2017-03-17,1.0950779914855957,0.7010518908500671
2017-03-20,1.0727297067642212,0.6983558535575867
2017-03-21,1.068259596824646,0.6916152238845825
2017-03-22,1.0861388444900513,0.6808293461799622
2017-03-23,1.148714542388916,0.6821777820587158
2017-03-24,1.1531840562820435,0.6835261583328247
2017-03-27,1.135305404663086,0.6727402210235596
2017-03-28,1.1442443132400513,0.6727402210235596
2017-03-29,1.166593074798584,0.674088716506958
2017-03-30,1.1710628271102905,0.6633036732673645
2017-03-31,1.184471845626831,0.6633036732673645
2017-04-03,1.1800026893615723,0.6713926196098328
2017-04-04,1.184471845626831,0.6713926196098328
2017-04-05,1.1978813409805298,0.6673480868339539
2017-04-06,1.2068206071853638,0.6606066226959229
2017-04-07,1.2023509740829468,0.6633036732673645
2017-04-10,1.2112903594970703,0.6633036732673645
2017-04-11,1.2112903594970703,0.6619550585746765
2017-04-12,1.2291697263717651,0.6606066226959229
2017-04-13,1.233638882637024,0.6606066226959229
2017-04-14,1.2157601118087769,0.6579105257987976
2017-04-17,1.2246989011764526,0.6511699557304382
2017-04-18,1.2515172958374023,0.6511699557304382
2017-04-19,1.2470475435256958,0.6511699557304382
2017-04-20,1.238108515739441,0.6444284319877625
2017-04-21,1.2291697263717651,0.6471254229545593
2017-04-24,1.2291697263717651,0.641732394695282
2017-04-25,1.2470475435256958,0.6444284319877625
2017-04-26,1.2649266719818115,0.6322948932647705
2017-04-27,1.2917449474334717,0.6174652576446533
2017-04-28,1.309624195098877,0.6161167621612549
2017-05-02,1.2693966627120972,0.6201612949371338
2017-05-03,1.278335690498352,0.6188137531280518
2017-05-04,1.2738661766052246,0.6188137531280518
2017-05-05,1.2649266719818115,0.6511699557304382
2017-05-08,1.2738661766052246,0.6592589616775513
2017-05-09,1.233638882637024,0.6794816851615906
2017-05-11,1.2291697263717651,0.694311261177063
2017-05-12,1.2470475435256958,0.6983558535575867
2017-05-15,1.2425785064697266,0.7010518908500671
2017-05-16,1.233638882637024,0.7037489414215088
2017-05-17,1.2291697263717651,0.7037489414215088
2017-05-18,1.2246989011764526,0.7010518908500671
2017-05-19,1.2202296257019043,0.7280160784721375
2017-05-22,1.2246989011764526,0.7441943287849426
2017-05-23,1.2112903594970703,0.7455418705940247
2017-05-24,1.2112903594970703,0.7522833347320557
2017-05-25,1.1889420747756958,0.741497278213501
2017-05-26,1.1800026893615723,0.7266677021980286
2017-05-29,1.166593074798584,0.7172300815582275
2017-05-31,1.1531840562820435,0.7104895114898682
2017-06-01,1.148714542388916,0.7212746739387512
2017-06-02,1.168946385383606,0.7334082126617432
2017-06-05,1.2004176378250122,0.7455418705940247
2017-06-06,1.1959221363067627,0.7441943287849426
2017-06-07,1.182434320449829,0.741497278213501
2017-06-08,1.1959221363067627,0.7738536596298218
2017-06-09,1.236385703086853,0.788684070110321
2017-06-13,1.2408814430236816,0.7846395969390869
2017-06-14,1.2318888902664185,0.7873356938362122
2017-06-15,1.2094097137451172,0.7819425463676453
2017-06-16,1.204913854598999,0.7563278675079346
2017-06-19,1.204913854598999,0.740149736404419
2017-06-20,1.204913854598999,0.7428457140922546
2017-06-21,1.204913854598999,0.7549792528152466
2017-06-22,1.204913854598999,0.7603724598884583
2017-06-23,1.204913854598999,0.7630684971809387
2017-06-26,1.204913854598999,0.7630684971809387
2017-06-27,1.204913854598999,0.7644169926643372
2017-06-28,1.204913854598999,0.7792465090751648
2017-06-29,1.204913854598999,0.7752020359039307
2017-06-30,1.204913854598999,0.7752020359039307
2017-07-03,1.204913854598999,0.779289186000824
2017-07-04,1.204913854598999,0.7874635457992554
2017-07-05,1.204913854598999,0.7847390174865723
2017-07-06,1.204913854598999,0.7901880741119385
2017-07-07,1.204913854598999,0.7656649947166443
2017-07-10,1.204913854598999,0.7629404067993164
2017-07-11,1.1779381036758423,0.7670276761054993
2017-07-12,1.182434320449829,0.768390417098999
2017-07-13,1.2004176378250122,0.7711149454116821
2017-07-14,1.2139055728912354,0.7711149454116821
2017-07-17,1.204913854598999,0.7724776268005371
2017-07-18,1.1959221363067627,0.780651867389679
2017-07-19,1.2004176378250122,0.7738394141197205
2017-07-20,1.2139055728912354,0.7765646576881409
2017-07-21,1.204913854598999,0.7833763957023621
2017-07-24,1.204913854598999,0.779289186000824
2017-07-25,1.204913854598999,0.779289186000824
2017-07-26,1.204913854598999,0.7820137739181519
2017-07-27,1.2273932695388794,0.7847390174865723
2017-07-28,1.2453771829605103,0.7833763957023621
2017-07-31,1.281345009803772,0.7820137739181519
2017-08-01,1.2903369665145874,0.7874635457992554
2017-08-02,1.2858407497406006,0.7847390174865723
2017-08-03,1.281345009803772,0.779289186000824
2017-08-04,1.2768491506576538,0.7833763957023621
2017-08-07,1.2858407497406006,0.7711149454116821
2017-08-08,1.3218084573745728,0.7765646576881409
2017-08-09,1.470174789428711,0.779289186000824
2017-08-10,1.49265456199646,0.7711149454116821
2017-08-11,1.4611828327178955,0.7697522640228271
2017-08-14,1.4656785726547241,0.7697522640228271
2017-08-15,1.470174789428711,0.7697522640228271
2017-08-16,1.4791665077209473,0.7765646576881409
2017-08-17,1.5016463994979858,0.7765646576881409
2017-08-18,1.5331180095672607,0.7738394141197205
2017-08-21,1.5466057062149048,0.761577844619751
2017-08-22,1.5645898580551147,0.7629404067993164
2017-08-23,1.5645898580551147,0.7643032073974609
2017-08-24,1.5870695114135742,0.7643032073974609
2017-08-25,1.5915652513504028,0.7656649947166443
2017-08-28,1.5870695114135742,0.7465918660163879
2017-08-29,1.60055673122406,0.7452290058135986
2017-08-30,1.6208745241165161,0.7643032073974609
2017-08-31,1.6208745241165161,0.7643032073974609
2017-09-01,1.6208745241165161,0.7643032073974609
2017-09-04,1.6208745241165161,0.7643032073974609
2017-09-05,1.6885991096496582,0.7670276761054993
2017-09-06,1.706658959388733,0.7738394141197205
2017-09-07,1.6705394983291626,0.7711149454116821
2017-09-08,1.6976286172866821,0.7602159976959229
2017-09-11,1.693113923072815,0.7356929779052734
2017-09-12,1.693113923072815,0.7356929779052734
2017-09-13,1.6885991096496582,0.7288804054260254
2017-09-14,1.6885991096496582,0.7425045967102051
2017-09-15,1.6705394983291626,0.7534035444259644
2017-09-18,1.6660239696502686,0.7425045967102051
2017-09-19,1.6615095138549805,0.7438673377037048
2017-09-20,1.6705394983291626,0.7493162155151367
2017-09-21,1.6885991096496582,0.7493162155151367
2017-09-22,1.6885991096496582,0.7493162155151367
2017-09-25,1.6840837001800537,0.7356929779052734
2017-09-26,1.679568886756897,0.7479544281959534
2017-09-27,1.6705394983291626,0.7493162155151367
2017-09-28,1.6705394983291626,0.7547661066055298
2017-09-29,1.7021437883377075,0.7561289072036743
2017-10-02,1.679568886756897,0.7629404067993164
2017-10-03,1.6840837001800537,0.7697522640228271
2017-10-04,1.6976286172866821,0.7724776268005371
2017-10-05,1.7247189283370972,0.7724776268005371
2017-10-06,1.7202035188674927,0.7697522640228271
2017-10-09,1.729233741760254,0.7697522640228271
2017-10-10,1.729233741760254,0.7697522640228271
2017-10-11,1.7337487936019897,0.7697522640228271
2017-10-12,1.729233741760254,0.8078995943069458
2017-10-13,1.7563236951828003,0.8187983632087708
2017-10-16,1.7698686122894287,0.8705700635910034
2017-10-17,1.7834136486053467,0.8623955845832825
2017-10-18,1.7834136486053467,0.8623955845832825
2017-10-19,1.8059883117675781,0.871931791305542
2017-10-20,1.8059883117675781,0.8978175520896912
2017-10-23,1.8105034828186035,0.9100790619850159
2017-10-24,1.842108130455017,0.8705700635910034
2017-10-25,1.8330779075622559,0.8787444829940796
2017-10-26,1.8737128973007202,0.871931791305542
2017-10-27,1.9369221925735474,0.8787444829940796
2017-10-30,1.9459519386291504,0.8787444829940796
2017-10-31,2.000131607055664,0.871931791305542
2017-11-01,2.131065607070923,0.871931791305542
2017-11-02,2.1987900733947754,0.871931791305542
2017-11-03,2.2845747470855713,0.8705700635910034
2017-11-06,2.347784996032715,0.9032673239707947
2017-11-07,2.2574851512908936,0.9032673239707947
2017-11-08,2.2123358249664307,0.9059919118881226
2017-11-09,2.216850519180298,0.9196160435676575
2017-11-10,2.216850519180298,0.9386892914772034
2017-11-13,2.216850519180298,0.9468638300895691
2017-11-14,2.1987900733947754,0.9305151104927063
2017-11-15,2.1987900733947754,0.9250651001930237
2017-11-16,2.099461317062378,0.9237034320831299
2017-11-17,2.0768864154815674,0.9182536005973816
2017-11-20,2.099461317062378,0.9264276623725891
2017-11-21,2.144611358642578,0.885556161403656
2017-11-22,2.144611358642578,0.9059919118881226
2017-11-23,2.162670373916626,0.912803590297699
2017-11-24,2.149125814437866,0.9196160435676575
2017-11-27,2.162670373916626,0.9332395195960999
2017-11-28,2.2303953170776367,0.9332395195960999
2017-11-29,2.29811954498291,0.9237034320831299
2017-11-30,2.347784996032715,0.9168906807899475
2017-12-01,2.347784996032715,0.9168906807899475
2017-12-04,2.338754415512085,0.9155290722846985
2017-12-05,2.334240198135376,0.8882805109024048
2017-12-06,2.293604612350464,0.8801060914993286
2017-12-07,2.29811954498291,0.871931791305542
2017-12-08,2.289090633392334,0.871931791305542
2017-12-11,2.293604612350464,0.8923676013946533
2017-12-12,2.24845552444458,0.8923676013946533
2017-12-13,2.2144906520843506,0.9059919118881226
2017-12-14,2.2144906520843506,0.9291526079177856
2017-12-15,2.255248785018921,0.9427765011787415
2017-12-18,2.273362398147583,0.9455010890960693
2017-12-19,2.286949396133423,1.0190703868865967
2017-12-20,2.286949396133423,1.0967267751693726
2017-12-21,2.268834352493286,1.0858279466629028
2017-12-22,2.273362398147583,1.0762909650802612
2017-12-25,2.273362398147583,1.0762909650802612
2017-12-26,2.268834352493286,1.0694791078567505
2017-12-27,2.3729920387268066,1.065392017364502
2017-12-28,2.4318642616271973,1.0735665559768677
2017-12-29,2.4409220218658447,1.0885522365570068
2018-01-02,2.4046924114227295,1.0858279466629028
2018-01-03,2.386577606201172,1.0762909650802612
2018-01-04,2.4001638889312744,1.1866447925567627
2018-01-05,2.490736484527588,1.2125306129455566
2018-01-08,2.490736484527588,1.2479525804519653
2018-01-09,2.504321336746216,1.224792242050171
2018-01-10,2.504321336746216,1.2378590106964111
2018-01-11,2.504321336746216,1.1965972185134888
2018-01-12,2.581308603286743,1.2378590106964111
2018-01-15,2.581308603286743,1.2254804372787476
2018-01-16,2.6039516925811768,1.2048496007919312
2018-01-17,2.549607515335083,1.2378590106964111
2018-01-18,2.5269644260406494,1.255738615989685
2018-01-19,2.536022424697876,1.2364833354949951
2018-01-22,2.540550947189331,1.258489966392517
2018-01-23,2.536022424697876,1.3465150594711304
2018-01-24,2.5450799465179443,1.3478906154632568
2018-01-25,2.581308603286743,1.299752116203308
2018-01-26,2.5948944091796875,1.306628704071045
2018-01-29,2.6265947818756104,1.3272595405578613
2018-01-30,2.617537021636963,1.2749947309494019
2018-02-02,2.6265947818756104,1.285997748374939
2018-02-05,2.5948944091796875,1.2543638944625854
2018-02-06,2.4862077236175537,1.1965972185134888
2018-02-07,2.581308603286743,1.2378590106964111
2018-02-08,2.6084797382354736,1.2543638944625854
2018-02-09,2.5631935596466064,1.279120922088623
2018-02-12,2.549607515335083,1.265366792678833
2018-02-13,2.531494379043579,1.2722434997558594
2018-02-14,2.549607515335083,1.3025025129318237
2018-02-15,2.576779842376709,1.3107547760009766
2018-02-19,2.6039516925811768,1.3176316022872925
2018-02-20,2.6039516925811768,1.3245092630386353
2018-02-21,2.6039516925811768,1.3588933944702148
2018-02-22,2.6039516925811768,1.3478906154632568
2018-02-23,2.6039516925811768,1.364395260810852
2018-02-26,2.6084797382354736,1.3753987550735474
2018-02-27,2.617537021636963,1.3891527652740479
2018-02-28,2.6265947818756104,1.3355120420455933
2018-03-01,2.622065782546997,1.3685215711593628
2018-03-02,2.477149486541748,1.3506412506103516
2018-03-05,2.2507195472717285,1.3506412506103516
2018-03-06,2.345820903778076,1.3341364860534668
2018-03-07,2.2416625022888184,1.285997748374939
2018-03-08,2.255248785018921,1.2763696908950806
2018-03-09,2.2507195472717285,1.2914996147155762
2018-03-12,2.264305353164673,1.3313859701156616
2018-03-13,2.2574920654296875,1.3616448640823364
2018-03-14,2.2711188793182373,1.3506412506103516
2018-03-15,2.2665767669677734,1.3547675609588623
2018-03-16,2.2484078407287598,1.3478906154632568
2018-03-19,2.2529501914978027,1.3341364860534668
2018-03-20,2.2484078407287598,1.3368878364562988
2018-03-21,2.2620346546173096,1.3368878364562988
2018-03-22,2.2620346546173096,1.3423887491226196
2018-03-23,2.2484078407287598,1.3162567615509033
2018-03-26,2.2029852867126465,1.3368878364562988
2018-03-27,2.18027400970459,1.3616448640823364
2018-03-28,2.166646957397461,1.3547675609588623
2018-03-29,2.062175750732422,1.3410141468048096
2018-03-30,1.9622465372085571,1.3258839845657349
2018-04-02,1.980415940284729,1.3753987550735474
2018-04-03,1.971331000328064,1.3753987550735474
2018-04-04,1.9031978845596313,1.306628704071045
2018-04-05,1.8986550569534302,1.3616448640823364
2018-04-06,1.748761773109436,1.3698973655700684
2018-04-09,1.989499807357788,1.3547675609588623
2018-04-10,2.121225118637085,1.372647762298584
2018-04-11,2.1711902618408203,1.3974050283432007
2018-04-12,2.1439361572265625,1.3891527652740479
2018-04-13,2.1575636863708496,1.3974050283432007
2018-04-16,2.193901300430298,1.3974050283432007
2018-04-17,2.2665767669677734,1.3974050283432007
2018-04-18,2.284745693206787,1.3836508989334106
2018-04-19,2.3755900859832764,1.402906894683838
2018-04-20,2.321082830429077,1.3753987550735474
2018-04-23,2.3165407180786133,1.3753987550735474
2018-04-24,2.175731658935547,1.299752116203308
2018-04-25,2.1530208587646484,1.2392339706420898
2018-04-26,2.1393942832946777,1.2956258058547974
2018-04-27,2.18027400970459,1.2914996147155762
2018-04-30,2.193901300430298,1.308004379272461
2018-05-02,2.18027400970459,1.308004379272461
2018-05-03,2.1984434127807617,1.3203829526901245
2018-05-04,2.162105083465576,1.3616448640823364
2018-05-07,2.166646957397461,1.3478906154632568
2018-05-08,2.18481707572937,1.3506412506103516
2018-05-14,2.2983717918395996,1.3946545124053955
2018-05-15,2.2484078407287598,1.3919031620025635
2018-05-16,2.2529501914978027,1.3753987550735474
2018-05-17,2.2529501914978027,1.3836508989334106
2018-05-18,2.1484785079956055,1.4139097929000854
2018-05-21,2.13031005859375,1.4111593961715698
2018-05-22,2.1439361572265625,1.4111593961715698
2018-05-23,2.1348516941070557,1.3781497478485107
2018-05-24,2.0985140800476074,1.3781497478485107
2018-05-25,2.0848872661590576,1.4166604280471802
2018-05-28,2.0894291400909424,1.402906894683838
2018-05-30,2.0894291400909424,1.402906894683838
2018-05-31,1.975873351097107,1.4084078073501587
2018-06-01,2.0829854011535645,1.4359164237976074
2018-06-04,2.0328478813171387,1.4661744832992554
2018-06-05,2.1057755947113037,1.4716765880584717
2018-06-06,2.073868989944458,1.4716765880584717
2018-06-07,2.0465219020843506,1.4854308366775513
2018-06-08,2.037405252456665,1.4991843700408936
2018-06-11,2.0328478813171387,1.6339738368988037
2018-06-12,2.0328478813171387,1.5321941375732422
2018-06-13,2.0237314701080322,1.5514498949050903
2018-06-14,2.005499839782715,1.5459480285644531
2018-06-18,1.9781525135040283,1.5679548978805542
2018-06-19,1.8778773546218872,1.5569511651992798
2018-06-20,1.9052248001098633,1.5624529123306274
2018-06-21,1.9052248001098633,1.5624529123306274
2018-06-22,1.9234564304351807,1.5899605751037598
2018-06-25,1.9006675481796265,1.554200530052185
2018-06-26,1.9325730800628662,1.5624529123306274
2018-06-27,1.9006675481796265,1.5817080736160278
2018-06-28,1.8961095809936523,1.5982129573822021
2018-06-29,1.9872686862945557,1.6697338819503784
2018-07-02,1.914340615272522,1.668351411819458
2018-07-03,1.88243567943573,1.687718391418457
2018-07-04,1.886993408203125,1.6849517822265625
2018-07-05,1.9052248001098633,1.7015522718429565
2018-07-06,1.8505300283432007,1.6738840341567993
2018-07-09,1.832297921180725,1.2630215883255005
2018-07-10,1.8687613010406494,1.369542121887207
2018-07-11,1.8414133787155151,1.368158221244812
2018-07-12,1.8231817483901978,1.369542121887207
2018-07-13,1.9097832441329956,1.3709248304367065
2018-07-16,1.8915513753890991,1.42487633228302
2018-07-17,1.88243567943573,1.4387105703353882
2018-07-18,1.8915513753890991,1.4802117347717285
2018-07-19,1.964477777481079,1.4387105703353882
2018-07-20,2.005499839782715,1.42487633228302
2018-07-23,2.005499839782715,1.4387105703353882
2018-07-24,2.0328478813171387,1.4387105703353882
2018-07-25,2.0237314701080322,1.4359439611434937
2018-07-26,2.0419633388519287,1.4193437099456787
2018-07-27,2.0510799884796143,1.3944426774978638
2018-07-30,2.0966591835021973,1.3944426774978638
2018-07-31,2.1787028312683105,1.4027431011199951
2018-08-01,2.1650290489196777,1.408276081085205
2018-08-02,2.160470485687256,1.4055097103118896
2018-08-03,2.1422383785247803,1.3833751678466797
2018-08-06,2.137681245803833,1.4055097103118896
2018-08-07,2.2288403511047363,1.3972092866897583
2018-08-08,2.2744195461273193,1.4221099615097046
2018-08-09,2.2698614597320557,1.4387105703353882
2018-08-10,2.278977394104004,1.4525445699691772
2018-08-13,2.2744195461273193,1.4359439611434937
2018-08-14,2.233397960662842,1.4359439611434937
2018-08-15,2.183259963989258,1.4525445699691772
2018-08-16,2.1285648345947266,1.4414770603179932
2018-08-17,2.1422383785247803,1.4387105703353882
2018-08-20,2.1787028312683105,1.4442442655563354
2018-08-21,2.1787028312683105,1.4580775499343872
2018-08-23,2.196934700012207,1.4912786483764648
2018-08-24,2.1787028312683105,1.4940459728240967
2018-08-27,2.2242820262908936,1.521713137626648
2018-08-28,2.2607455253601074,1.5327799320220947
2018-08-29,2.21972393989563,1.5466136932373047
2018-08-30,2.276874542236328,1.5410799980163574
2018-09-03,2.276874542236328,1.5383135080337524
2018-09-04,2.2585859298706055,1.5244795083999634
2018-09-05,2.222010374069214,1.521713137626648
2018-09-06,2.222010374069214,1.5161793231964111
2018-09-07,2.24029803276062,1.499578833580017
2018-09-12,2.103137254714966,1.4553111791610718
2018-09-13,2.139714002609253,1.4525445699691772
2018-09-14,2.180861234664917,1.4525445699691772
2018-09-18,2.16257381439209,1.4525445699691772
2018-09-19,2.222010374069214,1.4802117347717285
2018-09-20,2.2357265949249268,1.4829782247543335
2018-09-21,2.2997348308563232,1.4802117347717285
2018-09-24,2.20829439163208,1.463611364364624
2018-09-25,2.185433864593506,1.466377854347229
2018-09-26,2.185433864593506,1.463611364364624
2018-09-27,2.20829439163208,1.4719116687774658
2018-09-28,2.222010374069214,1.4746779203414917
2018-10-01,2.199150323867798,1.4802117347717285
2018-10-02,2.217437744140625,1.4802117347717285
2018-10-03,2.2677299976348877,1.4802117347717285
2018-10-04,2.359170913696289,1.4912786483764648
2018-10-05,2.32259464263916,1.4553111791610718
2018-10-08,2.254014492034912,1.4525445699691772
2018-10-09,2.24029803276062,1.4525445699691772
2018-10-10,2.2448699474334717,1.4525445699691772
2018-10-11,2.20829439163208,1.4802117347717285
2018-10-12,2.199150323867798,1.4912786483764648
2018-10-15,2.180861234664917,1.5521475076675415
2018-10-16,2.185433864593506,1.6047155857086182
2018-10-17,2.20829439163208,1.590881586074829
2018-10-18,2.2494428157806396,1.5936487913131714
2018-10-19,2.24029803276062,1.6047155857086182
2018-10-22,2.194577932357788,1.590881586074829
2018-10-23,2.194577932357788,1.590881586074829
2018-10-24,2.148857593536377,1.5659809112548828
2018-10-25,2.135141372680664,1.535547137260437
2018-10-26,2.148857593536377,1.5659809112548828
2018-10-29,2.112281560897827,1.5576804876327515
2018-10-30,2.1168532371520996,1.5493803024291992
2018-10-31,2.2128663063049316,1.643450379371643
2018-11-01,2.167145252227783,1.6047155857086182
2018-11-02,2.217437744140625,1.6047155857086182
2018-11-05,2.2585859298706055,1.6047155857086182
2018-11-07,2.263158082962036,1.6047155857086182
2018-11-08,2.281446695327759,1.6047155857086182
2018-11-09,2.222010374069214,1.599181890487671
2018-11-12,2.180861234664917,1.5964152812957764
2018-11-13,2.194577932357788,1.5881150960922241
2018-11-14,2.24029803276062,1.577048420906067
2018-11-15,2.222010374069214,1.577048420906067
2018-11-16,2.24029803276062,1.615782380104065
2018-11-19,2.2860183715820312,1.599181890487671
2018-11-21,2.24029803276062,1.6047155857086182
2018-11-22,2.24029803276062,1.6185497045516968
2018-11-23,2.217437744140625,1.6185497045516968
2018-11-26,2.2265820503234863,1.632383108139038
2018-11-27,2.176290273666382,1.6545169353485107
2018-11-28,2.176290273666382,1.6960184574127197
2018-11-29,2.194577932357788,1.6932519674301147
2018-11-30,2.176290273666382,1.6517506837844849
2018-12-03,2.2265820503234863,1.6960184574127197
2018-12-04,2.222010374069214,1.632383108139038
2018-12-05,2.194577932357788,1.646216630935669
2018-12-06,2.222125291824341,1.632383108139038
2018-12-07,2.217534065246582,1.632383108139038
2018-12-10,2.217534065246582,1.535547137260437
2018-12-11,2.1440751552581787,1.5327799320220947
2018-12-12,2.1624398231506348,1.577048420906067
2018-12-13,2.222125291824341,1.577048420906067
2018-12-14,2.1991682052612305,1.5936487913131714
2018-12-17,2.180804491043091,1.5881150960922241
2018-12-18,2.217534065246582,1.5106464624404907
2018-12-19,2.2083518505096436,1.4885119199752808
2018-12-20,2.226715326309204,1.4829782247543335
2018-12-21,2.2037599086761475,1.5134128332138062
2018-12-24,2.2037599086761475,1.577048420906067
2018-12-26,2.1440751552581787,1.5632144212722778
2018-12-27,2.176212787628174,1.5964152812957764
2018-12-28,2.212942600250244,1.5659809112548828
2018-12-31,2.217534065246582,1.5493803024291992
2019-01-02,2.1670308113098145,1.5438473224639893
2019-01-03,2.0752081871032715,1.535547137260437
2019-01-04,2.0889809131622314,1.5327799320220947
2019-01-07,2.1073455810546875,1.466377854347229
2019-01-08,2.1257097721099854,1.3916754722595215
2019-01-09,2.1027543544769287,1.3413747549057007
2019-01-10,2.134892463684082,1.3134288787841797
2019-01-11,2.134892463684082,1.3413747549057007
2019-01-14,2.0752081871032715,1.3022511005401611
2019-01-15,2.0522518157958984,1.3134288787841797
2019-01-16,2.0201127529144287,1.3134288787841797
2019-01-17,2.0201127529144287,1.3218125104904175
2019-01-18,2.043069362640381,1.3581420183181763
2019-01-22,2.043069362640381,1.3665252923965454
2019-01-23,1.9191069602966309,1.355346918106079
2019-01-24,1.928289532661438,1.3749090433120728
2019-01-25,1.9879759550094604,1.391676425933838
2019-01-28,1.9374715089797974,1.3665252923965454
2019-01-29,1.928289532661438,1.3749090433120728
2019-01-30,1.928289532661438,1.349758267402649
2019-01-31,1.9787929058074951,1.3469631671905518
2019-02-04,1.9787929058074951,1.3581420183181763
2019-02-07,1.951245903968811,1.3609360456466675
2019-02-08,1.9466547966003418,1.3665252923965454
2019-02-11,1.9099254608154297,1.3637303113937378
2019-02-12,1.8410580158233643,1.3693196773529053
2019-02-13,1.882378339767456,1.3693196773529053
2019-02-14,1.8777871131896973,1.3721141815185547
2019-02-15,1.882378339767456,1.377703309059143
2019-02-18,1.9007432460784912,1.394470453262329
2019-02-19,1.8731963634490967,1.4363884925842285
2019-02-20,1.8915610313415527,1.4447721242904663
2019-02-21,1.9650195837020874,1.42521071434021
2019-02-22,1.9742015600204468,1.349758267402649
2019-02-25,1.9650195837020874,1.3413747549057007
2019-02-26,1.9053343534469604,1.3357853889465332
2019-02-27,1.928289532661438,1.307840347290039
2019-02-28,1.942063570022583,1.2687166929244995
2019-03-01,1.928289532661438,1.2966617345809937
2019-03-04,1.9650195837020874,1.2854838371276855
2019-03-05,1.9787929058074951,1.2854838371276855
2019-03-06,2.0338873863220215,1.2798945903778076
2019-03-07,2.043069362640381,1.2826895713806152
2019-03-08,1.983384132385254,1.2826895713806152
2019-03-11,1.9787929058074951,1.2435659170150757
2019-03-12,2.0292954444885254,1.246360182762146
2019-03-13,2.0522518157958984,1.2072374820709229
2019-03-14,2.082195520401001,1.2295929193496704
2019-03-15,2.119047164916992,1.2743059396743774
2019-03-18,2.1466877460479736,1.2631272077560425
2019-03-19,2.155900478363037,1.257538914680481
2019-03-20,2.1605074405670166,1.2798945903778076
2019-03-21,2.151294231414795,1.246360182762146
2019-03-22,2.1743271350860596,1.2379764318466187
2019-03-25,2.072981357574463,1.251949667930603
2019-03-26,2.072981357574463,1.257538914680481
2019-03-27,2.0775883197784424,1.257538914680481
2019-03-28,2.0960144996643066,1.2547438144683838
2019-03-29,2.0775883197784424,1.291073203086853
2019-04-01,2.072981357574463,1.291073203086853
2019-04-02,2.063767433166504,1.2966617345809937
2019-04-03,2.10522723197937,1.307840347290039
2019-04-04,2.1006217002868652,1.2994565963745117
2019-04-05,2.0960144996643066,1.2854838371276855
2019-04-08,2.1006217002868652,1.2826895713806152
2019-04-09,2.1098341941833496,1.2826895713806152
2019-04-10,2.114440679550171,1.2771000862121582
2019-04-11,2.10522723197937,1.2715109586715698
2019-04-12,2.086801052093506,1.2715109586715698
2019-04-15,2.086801052093506,1.2659224271774292
2019-04-16,2.086801052093506,1.257538914680481
2019-04-17,2.0775883197784424,1.2715109586715698
2019-04-18,2.072981357574463,1.251949667930603
2019-04-19,2.072981357574463,1.2659224271774292
2019-04-22,2.086801052093506,1.2715109586715698
2019-04-23,2.142080307006836,1.3301961421966553
2019-04-24,2.1697206497192383,1.3413747549057007
2019-04-25,2.165113925933838,1.3469631671905518
2019-04-26,2.1881473064422607,1.3357853889465332
2019-04-29,2.1881473064422607,1.349758267402649
2019-04-30,2.1881473064422607,1.3609360456466675
2019-05-02,2.119047164916992,1.3469631671905518
2019-05-03,2.119047164916992,1.3525526523590088
2019-05-06,2.114440679550171,1.3441691398620605
2019-05-07,2.10522723197937,1.3441691398620605
2019-05-08,2.10522723197937,1.3441691398620605
2019-05-09,2.054555892944336,1.3301961421966553
2019-05-10,2.0453414916992188,1.3274016380310059
2019-05-13,1.9808486700057983,1.3050453662872314
2019-05-14,1.9439949989318848,1.3357853889465332
2019-05-15,1.9808486700057983,1.3888812065124512
2019-05-16,1.9578156471252441,1.3693196773529053
2019-05-17,1.9808486700057983,1.380497694015503
2019-05-21,1.9624228477478027,1.4112378358840942
2019-05-23,1.9946694374084473,1.4168270826339722
2019-05-24,1.967029094696045,1.397264838218689
2019-05-27,1.9532090425491333,1.397264838218689
2019-05-28,1.9532090425491333,1.414031982421875
2019-05-29,2.049948215484619,1.419621467590332
2019-05-30,2.063767433166504,1.4028539657592773
2019-05-31,2.063767433166504,1.4112378358840942
2019-06-03,2.0407354831695557,1.397264838218689
2019-06-04,1.9900622367858887,1.397264838218689
2019-06-05,1.9900622367858887,1.397264838218689
2019-06-06,1.9900622367858887,1.397264838218689
2019-06-07,2.054555892944336,1.414031982421875
2019-06-10,2.063767433166504,1.4168270826339722
2019-06-11,2.0453414916992188,1.4168270826339722
2019-06-12,2.0315215587615967,1.4112378358840942
2019-06-13,2.018817901611328,1.4084434509277344
2019-06-14,1.9818594455718994,1.4000599384307861
2019-06-17,1.9772398471832275,1.397264838218689
2019-06-18,2.009577989578247,1.3609360456466675
2019-06-19,2.0557751655578613,1.3693196773529053
2019-06-20,2.0557751655578613,1.3721141815185547
2019-06-21,2.0696346759796143,1.397264838218689
2019-06-24,2.0603952407836914,1.391676425933838
2019-06-25,2.0557751655578613,1.3860869407653809
2019-06-26,2.023437261581421,1.3888812065124512
2019-06-27,2.037296772003174,1.377703309059143
2019-06-28,2.0326764583587646,1.3721141815185547
2019-07-01,2.037296772003174,1.3888812065124512
2019-07-02,2.0511550903320312,1.3537023067474365
2019-07-03,2.0326764583587646,1.3790315389633179
2019-07-04,2.009577989578247,1.3677743673324585
2019-07-05,1.995719313621521,1.3621455430984497
2019-07-08,1.9864795207977295,1.3508884906768799
2019-07-09,2.014198064804077,1.3508884906768799
2019-07-10,2.0465359687805176,1.3480733633041382
2019-07-11,2.037296772003174,1.3368161916732788
2019-07-12,2.028057098388672,1.33118736743927
2019-07-15,2.000338554382324,1.3171160221099854
2019-07-16,2.028057098388672,1.3058581352233887
2019-07-17,2.023437261581421,1.2946009635925293
2019-07-18,2.0326764583587646,1.3086730241775513
2019-07-19,2.0419158935546875,1.3114874362945557
2019-07-22,2.078874111175537,1.3058581352233887
2019-07-23,2.0557751655578613,1.3058581352233887
2019-07-24,2.0557751655578613,1.3058581352233887
2019-07-25,2.1481692790985107,1.303044319152832
2019-07-26,2.143549919128418,1.3002300262451172
2019-07-29,2.1481692790985107,1.303044319152832
2019-07-31,2.1019723415374756,1.2777148485183716
2019-08-01,2.245183229446411,1.283344030380249
2019-08-02,2.2405643463134766,1.2805290222167969
2019-08-05,2.203605890274048,1.2720857858657837
2019-08-06,2.1712684631347656,1.2917869091033936
2019-08-07,2.1712684631347656,1.2889721393585205
2019-08-08,2.2220849990844727,1.2805290222167969
2019-08-09,2.245183229446411,1.2720857858657837
2019-08-13,2.208225727081299,1.2636429071426392
2019-08-14,2.2174651622772217,1.2664577960968018
2019-08-15,2.1989870071411133,1.2636429071426392
2019-08-16,2.21284556388855,1.2580146789550781
2019-08-19,2.2174651622772217,1.2720857858657837
2019-08-20,2.2220849990844727,1.2664577960968018
2019-08-21,2.21284556388855,1.2664577960968018
2019-08-22,2.2405643463134766,1.2889721393585205
2019-08-23,2.245183229446411,1.3368161916732788
2019-08-26,2.1943671703338623,1.3114874362945557
2019-08-27,2.208225727081299,1.3171160221099854
2019-08-28,2.2313249111175537,1.3114874362945557
2019-08-29,2.2359442710876465,1.3143012523651123
2019-08-30,2.272902727127075,1.3368161916732788
2019-09-03,2.2359442710876465,1.325559139251709
2019-09-04,2.25099778175354,1.3199303150177002
2019-09-05,2.269524097442627,1.325559139251709
2019-09-06,2.264892578125,1.325559139251709
2019-09-10,2.264892578125,1.3283731937408447
2019-09-11,2.269524097442627,1.3368161916732788
2019-09-12,2.269524097442627,1.3480733633041382
2019-09-13,2.269524097442627,1.3480733633041382
2019-09-17,2.269524097442627,1.3480733633041382
2019-09-18,2.269524097442627,1.3452595472335815
2019-09-19,2.283418893814087,1.3340022563934326
2019-09-20,2.274155616760254,1.3368161916732788
2019-09-23,2.241734027862549,1.3368161916732788
2019-09-24,2.269524097442627,1.33118736743927
2019-09-25,2.264892578125,1.33118736743927
2019-09-26,2.264892578125,1.3283731937408447
2019-09-27,2.223207473754883,1.2861579656600952
2019-09-30,2.2046804428100586,1.2523857355117798
2019-10-01,2.223207473754883,1.2636429071426392
2019-10-02,2.2139437198638916,1.2636429071426392
2019-10-03,2.1722588539123535,1.2608288526535034
2019-10-04,2.186152935028076,1.2608288526535034
2019-10-07,2.186152935028076,1.2636429071426392
2019-10-08,2.2046804428100586,1.2580146789550781
2019-10-09,2.186152935028076,1.2298707962036133
2019-10-10,2.1722588539123535,1.212984561920166
2019-10-11,2.1676266193389893,1.207356333732605
2019-10-14,2.1815226078033447,1.2017273902893066
2019-10-15,2.223207473754883,1.1960984468460083
2019-10-16,2.241734027862549,1.207356333732605
2019-10-17,2.2463650703430176,1.2214274406433105
2019-10-18,2.2093119621276855,1.218613862991333
2019-10-21,2.223207473754883,1.2270565032958984
2019-10-22,2.232470750808716,1.2242426872253418
2019-10-23,2.223207473754883,1.2354997396469116
2019-10-24,2.227839469909668,1.2326856851577759
2019-10-25,2.2185752391815186,1.2270565032958984
2019-10-29,2.223207473754883,1.2298707962036133
2019-10-30,2.223207473754883,1.2383137941360474
2019-10-31,2.2046804428100586,1.2242426872253418
2019-11-01,2.186152935028076,1.2383137941360474
2019-11-04,2.223207473754883,1.2720857858657837
2019-11-05,2.1629953384399414,1.2664577960968018
2019-11-06,2.2000489234924316,1.2298707962036133
2019-11-07,2.2139437198638916,1.24112868309021
2019-11-08,2.2093119621276855,1.2242426872253418
2019-11-11,2.2185752391815186,1.24112868309021
2019-11-12,2.2185752391815186,1.2383137941360474
2019-11-13,2.176889657974243,1.2523857355117798
2019-11-14,2.2046804428100586,1.2664577960968018
2019-11-15,2.2093119621276855,1.2692718505859375
2019-11-18,2.2046804428100586,1.2805290222167969
2019-11-19,2.2000489234924316,1.2917869091033936
2019-11-20,2.176889657974243,1.2946009635925293
2019-11-21,2.186152935028076,1.2946009635925293
2019-11-22,2.176889657974243,1.2946009635925293
2019-11-25,2.2000489234924316,1.2917869091033936
2019-11-26,2.2463650703430176,1.2917869091033936
2019-11-27,2.223207473754883,1.2974152565002441
2019-11-28,2.2093119621276855,1.2917869091033936
2019-11-29,2.176889657974243,1.2664577960968018
2019-12-02,2.176889657974243,1.2636429071426392
2019-12-03,2.1398375034332275,1.2439426183700562
2019-12-04,2.125941753387451,1.2298707962036133
2019-12-05,2.112046957015991,1.2383137941360474
2019-12-06,2.130573272705078,1.24112868309021
2019-12-09,2.1166787147521973,1.2297675609588623
2019-12-10,2.130573272705078,1.2524888515472412
2019-12-11,2.1815226078033447,1.263848900794983
2019-12-12,2.1815226078033447,1.2610090970993042
2019-12-13,2.1733949184417725,1.246808409690857
2019-12-16,2.1733949184417725,1.263848900794983
2019-12-17,2.178039073944092,1.3234913349151611
2019-12-18,2.1733949184417725,1.36041259765625
2019-12-19,2.182683229446411,1.3660929203033447
2019-12-20,2.1733949184417725,1.3660929203033447
2019-12-23,2.178039073944092,1.354732632637024
2019-12-24,2.1548190116882324,1.36041259765625
2019-12-26,2.1594624519348145,1.3490521907806396
2019-12-27,2.182683229446411,1.3518922328948975
2019-12-30,2.1594624519348145,1.3490521907806396
2019-12-31,2.1594624519348145,1.3348513841629028
2020-01-02,2.2059035301208496,1.3206515312194824
2020-01-03,2.2569873332977295,1.3263310194015503
2020-01-06,2.2384121417999268,1.3234913349151611
2020-01-07,2.252342939376831,1.3206515312194824
2020-01-08,2.298783302307129,1.3092905282974243
2020-01-09,2.2755630016326904,1.3007702827453613
2020-01-10,2.2941396236419678,1.3121311664581299
2020-01-13,2.2941396236419678,1.3178107738494873
2020-01-14,2.298783302307129,1.3234913349151611
2020-01-15,2.391664505004883,1.363253116607666
2020-01-16,2.414883613586426,1.337692141532898
2020-01-17,2.400951862335205,1.3518922328948975
2020-01-20,2.414883613586426,1.368932843208313
2020-01-21,2.419527530670166,1.4512962102890015
2020-01-22,2.400951862335205,1.5421799421310425
2020-01-23,2.414883613586426,1.522298812866211
2020-01-24,2.368443250656128,1.5734208822250366
2020-01-28,2.2941396236419678,1.7040663957595825
2020-01-29,2.3034274578094482,1.6586241722106934
2020-01-30,2.2941396236419678,1.6728248596191406
2020-01-31,2.26627516746521,1.6614646911621094
2020-02-03,2.2755630016326904,1.6415835618972778
2020-02-04,2.2941396236419678,1.6188629865646362
2020-02-05,2.322003126144409,1.604662299156189
2020-02-06,2.3591551780700684,1.5961418151855469
2020-02-07,2.3452236652374268,1.6075021028518677
2020-02-10,2.3266472816467285,1.6302231550216675
2020-02-11,2.317359209060669,1.6245428323745728
2020-02-12,2.317359209060669,1.6614646911621094
2020-02-13,2.322003126144409,1.6643047332763672
2020-02-14,2.322003126144409,1.6614646911621094
2020-02-17,2.3452236652374268,1.6131826639175415
2020-02-18,2.298783302307129,1.604662299156189
2020-02-19,2.2894954681396484,1.5421799421310425
2020-02-20,2.317359209060669,1.5052580833435059
2020-02-21,2.2755630016326904,1.5024183988571167
2020-02-24,2.26627516746521,1.5450199842453003
2020-02-25,2.23376727104187,1.5961418151855469
2020-02-26,2.2059035301208496,1.6131826639175415
2020-02-27,2.229123830795288,1.6160223484039307
2020-02-28,2.164107322692871,1.6018223762512207
2020-03-02,2.1594624519348145,1.5904616117477417
2020-03-03,2.1873271465301514,1.6188629865646362
2020-03-04,2.23376727104187,1.6188629865646362
2020-03-05,2.2569873332977295,1.6273832321166992
2020-03-06,2.1873271465301514,1.7040663957595825
2020-03-09,2.0480072498321533,1.735306978225708
2020-03-10,2.0062108039855957,1.7324672937393188
2020-03-11,2.058607578277588,1.783589243888855
2020-03-12,2.016690492630005,1.8489118814468384
2020-03-13,2.016690492630005,1.8489118814468384
2020-03-16,1.6161463260650635,1.669985055923462
2020-03-17,1.5788869857788086,1.6586241722106934
2020-03-18,1.397244930267334,1.6330631971359253
2020-03-19,1.3273824453353882,1.6614646911621094
2020-03-20,1.5136820077896118,1.7807490825653076
2020-03-23,1.4205323457717896,1.735306978225708
2020-03-24,1.373957633972168,1.735306978225708
2020-03-25,1.397244930267334,1.7608678340911865
2020-03-26,1.3879303932189941,1.7608678340911865
2020-03-27,1.4205323457717896,1.7949495315551758
2020-03-30,1.434504747390747,1.8119901418685913
2020-03-31,1.5323116779327393,1.8318712711334229
2020-04-01,1.42518949508667,1.8119901418685913
2020-04-02,1.4810796976089478,1.8176708221435547
2020-04-03,1.5136820077896118,1.8176708221435547
2020-04-06,1.5043671131134033,1.8205103874206543
2020-04-07,1.6068319082260132,1.8375509977340698
2020-04-08,1.6906664371490479,1.8233510255813599
2020-04-09,1.7279263734817505,1.8375509977340698
2020-04-10,1.7092963457107544,1.8460713624954224
2020-04-13,1.6999810934066772,1.8943532705307007
2020-04-14,1.751213788986206,1.9028741121292114
2020-04-15,1.8164185285568237,1.9170745611190796
2020-04-16,1.783815860748291,1.9113943576812744
2020-04-17,1.802445888519287,1.931274652481079
2020-04-20,1.8397059440612793,1.919914722442627
2020-04-21,1.755871057510376,1.8460713624954224
2020-04-22,1.751213788986206,1.9454758167266846
2020-04-23,1.755871057510376,1.9596760272979736
2020-04-24,1.7465561628341675,2.0363595485687256
2020-04-27,1.7232691049575806,2.042039155960083
2020-04-28,1.755871057510376,2.0505595207214355
2020-04-29,1.7605284452438354,2.061920642852783
2020-04-30,1.8350483179092407,2.061920642852783
2020-05-04,1.7977885007858276,2.042039155960083
2020-05-05,1.8164185285568237,2.0477194786071777
2020-05-06,1.8257335424423218,2.010798215866089
2020-05-08,1.7977885007858276,2.076120138168335
2020-05-12,1.741898536682129,2.2692484855651855
2020-05-13,1.7046387195587158,2.6441431045532227
2020-05-14,1.6720366477966309,2.925313711166382
2020-05-15,1.7092963457107544,2.9480347633361816
2020-05-18,1.718611240386963,2.982116222381592
2020-05-19,1.751213788986206,2.976435899734497
2020-05-20,1.751213788986206,3.067319631576538
2020-05-21,1.769843339920044,3.311568260192871
2020-05-22,1.741898536682129,3.35701060295105
2020-05-27,1.751213788986206,3.6523818969726562
2020-05-28,1.7325835227966309,3.7205448150634766
2020-05-29,1.755871057510376,3.7773470878601074
2020-06-02,1.755871057510376,3.7773470878601074
2020-06-03,1.951485514640808,4.174962520599365
2020-06-04,2.0027177333831787,4.385130405426025
2020-06-05,2.1191554069519043,4.652100563049316
2020-06-09,2.2123045921325684,4.828187465667725
2020-06-10,2.1890172958374023,4.8509087562561035
2020-06-11,2.198331594467163,4.742984294891357
2020-06-12,2.15641450881958,4.7997870445251465
2020-06-15,2.1051816940307617,4.3169684410095215
2020-06-16,2.2076468467712402,4.5328168869018555
2020-06-17,2.2076468467712402,4.458973407745361
2020-06-18,2.1843104362487793,4.174962520599365
2020-06-19,2.1703085899353027,4.373770236968994
2020-06-22,2.142305374145508,4.430572032928467
2020-06-23,2.1469717025756836,4.4419331550598145
2020-06-24,2.1236355304718018,4.430572032928467
2020-06-25,2.1049656867980957,4.430572032928467
2020-06-26,2.1049656867980957,4.259066104888916
2020-06-29,2.1002981662750244,4.487740516662598
2020-06-30,2.1143007278442383,4.602077484130859
2020-07-01,2.1329705715179443,4.899354934692383
2020-07-02,2.1609737873077393,5.002259254455566
2020-07-03,2.1889772415161133,5.276668548583984
2020-07-06,2.202979564666748,5.7054338455200195
2020-07-07,2.226316213607788,5.848355770111084
2020-07-08,2.2309837341308594,5.871222019195557
2020-07-09,2.2309837341308594,6.054162979125977
2020-07-10,2.240318536758423,6.265686988830566
2020-07-13,2.2356507778167725,6.860240459442139
2020-07-14,2.240318536758423,6.6201324462890625
2020-07-15,2.2169814109802246,6.231385231018066
2020-07-16,2.2123148441314697,5.6311140060424805
2020-07-17,2.1936450004577637,6.5686798095703125
2020-07-20,2.179642677307129,7.094631671905518
2020-07-21,2.174975872039795,7.128932476043701
2020-07-22,2.1936450004577637,7.060330390930176
2020-07-23,2.1983115673065186,7.46622896194458
2020-07-24,2.1936450004577637,7.271853923797607
2020-07-27,2.1703085899353027,7.3976263999938965
2020-07-28,2.202979564666748,7.546264171600342
2020-07-29,2.240318536758423,7.471945285797119
2020-07-30,2.2589879035949707,7.3976263999938965
2020-08-03,2.2169814109802246,7.683470249176025
2020-08-04,2.1983115673065186,8.106517791748047
2020-08-05,2.291658639907837,7.9864630699157715
2020-08-06,2.357001543045044,8.117950439453125
2020-08-07,2.333664894104004,8.043631553649902
2020-08-10,2.3289973735809326,7.774939060211182
2020-08-11,2.2356507778167725,7.803524971008301
2020-08-12,2.310328245162964,7.003161907196045
2020-08-13,2.333664894104004,7.146084308624268
2020-08-14,2.319662570953369,6.808789253234863
2020-08-17,2.361668825149536,6.4086079597473145
2020-08-18,2.3243296146392822,7.454794883728027
2020-08-19,2.375671148300171,7.75778865814209
2020-08-21,2.385004997253418,8.00361442565918
2020-08-24,2.380338191986084,7.975029945373535
2020-08-25,2.4130098819732666,7.260421276092529
2020-08-26,2.4036755561828613,7.529114723205566
2020-08-27,2.4316792488098145,7.546264171600342
2020-08-28,2.4316792488098145,7.511964321136475
2020-09-01,2.4316792488098145,7.574849605560303
2020-09-02,2.4410133361816406,7.454794883728027
2020-09-03,2.4130098819732666,7.177526473999023
2020-09-04,2.4317147731781006,7.186102867126465
2020-09-07,2.4317147731781006,7.100348472595215
2020-09-08,2.436391592025757,6.551529407501221
2020-09-09,2.4317147731781006,6.131340026855469
2020-09-10,2.436391592025757,5.531068801879883
2020-09-11,2.436391592025757,6.654433727264404
2020-09-14,2.4410674571990967,7.357608795166016
2020-09-15,2.4223623275756836,7.22898006439209
2020-09-17,2.4223623275756836,6.680160045623779
2020-09-18,2.445744276046753,6.843091011047363
2020-09-21,2.4130094051361084,6.860240459442139
2020-09-22,2.380275011062622,6.8859663009643555
2020-09-23,2.3428640365600586,6.877392292022705
2020-09-24,2.2773947715759277,7.331882953643799
2020-09-25,2.3615691661834717,7.546264171600342
2020-09-28,2.384950876235962,7.520537853240967
2020-09-29,2.389627695083618,7.263280868530273
2020-09-30,2.4036569595336914,7.117499828338623
2020-10-01,2.389627695083618,7.22898006439209
2020-10-02,2.3615691661834717,7.511964321136475
2020-10-05,2.370922327041626,7.649169445037842
2020-10-06,2.352217435836792,7.409060478210449
2020-10-07,2.3381872177124023,7.546264171600342
2020-10-08,2.4317147731781006,7.546264171600342
2020-10-09,2.4083333015441895,7.5548415184021
2020-10-12,2.4223623275756836,7.692045211791992
2020-10-13,2.4083333015441895,7.794949531555176
2020-10-14,2.4176862239837646,8.129384994506836
2020-10-15,2.4550962448120117,8.009331703186035
2020-10-16,2.4691262245178223,8.009331703186035
2020-10-19,2.4878315925598145,8.307896614074707
2020-10-20,2.604741334915161,8.204047203063965
2020-10-21,2.618769884109497,7.6848039627075195
2020-10-22,2.632798910140991,7.702112674713135
2020-10-23,2.6140940189361572,7.529031276702881
2020-10-26,2.595388174057007,7.529031276702881
2020-10-27,2.609417200088501,7.710764408111572
2020-10-28,2.6234469413757324,7.598263740539551
2020-10-30,2.5673298835754395,7.41652774810791
2020-11-02,2.600064277648926,7.260756015777588
2020-11-03,2.5813591480255127,7.200176239013672
2020-11-04,2.595388174057007,7.009787559509277
2020-11-05,2.688915967941284,7.182868480682373
2020-11-06,2.7543845176696777,7.355949878692627
2020-11-09,2.8011491298675537,7.338640213012695
2020-11-10,2.829206943511963,6.7501654624938965
2020-11-11,2.782442808151245,6.802089691162109
2020-11-12,2.8105015754699707,6.6636247634887695
2020-11-13,2.913381338119507,6.732857704162598
2020-11-16,2.9648213386535645,6.230922222137451
2020-11-17,3.006908893585205,6.057841777801514
2020-11-18,3.011585235595703,6.066494464874268
2020-11-19,3.006908893585205,6.005916118621826
2020-11-20,3.0396435260772705,6.308808326721191
2020-11-23,2.9461164474487305,6.3607330322265625
2020-11-24,2.8525888919830322,5.884759902954102
2020-11-25,2.992879629135132,5.75494909286499
2020-11-26,3.1331706047058105,6.101110935211182
2020-11-27,3.2734622955322266,6.049186706542969
2020-11-30,3.2734622955322266,6.161689758300781
2020-12-01,3.437135696411133,5.876106262207031
2020-12-02,3.437135696411133,5.780910491943359
2020-12-03,3.53066349029541,5.8674516677856445
2020-12-04,3.661602258682251,5.75494909286499
2020-12-07,3.684983491897583,5.7116780281066895
2020-12-08,3.694336414337158,6.135727405548096
2020-12-09,3.755129337310791,5.919375896453857
2020-12-10,3.764481782913208,6.049186706542969
2020-12-11,3.6989312171936035,5.9713006019592285
2020-12-14,3.670837879180908,5.452056884765625
2020-12-15,3.6989312171936035,5.547251224517822
2020-12-16,3.6802022457122803,5.858798027038574
2020-12-17,3.7597997188568115,5.798219203948975
2020-12-18,3.7691636085510254,5.7462944984436035
2020-12-21,3.745753288269043,5.728986740112305
2020-12-22,3.6567909717559814,5.789565086364746
2020-12-23,3.703612804412842,5.824182033538818
2020-12-24,3.745753288269043,5.757644176483154
2020-12-28,3.745753288269043,5.553598403930664
2020-12-29,3.745753288269043,5.3318095207214355
2020-12-30,3.979863405227661,5.429396629333496
2020-12-31,3.928359031677246,5.429396629333496
2021-01-04,3.9377236366271973,4.879360198974609
2021-01-05,3.862807273864746,5.074533939361572
2021-01-06,3.8393971920013428,5.110020637512207
2021-01-07,3.9143121242523193,5.145506858825684
2021-01-08,3.9330403804779053,5.766516208648682
2021-01-11,3.862807273864746,5.704415321350098
2021-01-12,3.872173309326172,5.926203727722168
2021-01-13,3.87685489654541,5.8818464279174805
2021-01-14,4.101599216461182,5.651185989379883
2021-01-15,4.087552547454834,5.6955437660217285
2021-01-18,4.1250104904174805,5.624570846557617
2021-01-19,4.115646839141846,5.438268184661865
2021-01-20,4.120327472686768,5.447139739990234
2021-01-21,4.078188896179199,5.340681076049805
2021-01-22,4.0688252449035645,5.544726371765137
2021-01-25,3.8815364837646484,5.784258842468262
2021-01-26,3.867490291595459,5.500368595123291
2021-01-27,3.7878923416137695,5.50924015045166
2021-01-29,3.74107027053833,5.979433536529541
2021-02-02,3.7270240783691406,6.254452228546143
2021-02-03,3.77384614944458,6.050405979156494
2021-02-04,3.7597997188568115,5.952818870544434
2021-02-05,3.7691636085510254,5.8641037940979
2021-02-08,3.8581247329711914,5.562469959259033
2021-02-09,4.050095081329346,5.500368595123291
2021-02-10,3.989227533340454,5.456010818481445
2021-02-11,4.003275394439697,5.482625961303711
2021-02-15,3.979863405227661,5.473754405975342
2021-02-16,4.064142227172852,5.376167297363281
2021-02-17,4.0735063552856445,5.491497039794922
2021-02-18,4.082871913909912,5.38503885269165
2021-02-19,4.167149543762207,5.36729621887207
2021-02-22,4.0735063552856445,5.127763748168945
2021-02-23,4.082871913909912,5.030176162719727
2021-02-24,4.190561294555664,4.639827251434326
2021-02-25,4.5229973793029785,4.70192813873291
2021-02-26,4.537043571472168,4.648698329925537
2021-03-01,4.56513786315918,4.3470659255981445
2021-03-02,4.541724681854248,4.213992595672607
2021-03-03,4.682190895080566,4.515625476837158
2021-03-04,4.551089763641357,4.400295257568359
2021-03-05,4.494904041290283,4.6575703620910645
2021-03-08,4.494904041290283,4.471268177032471
2021-03-09,4.513632774353027,4.604341506958008
2021-03-10,4.729013442993164,4.719671726226807
2021-03-11,4.682190895080566,4.719671726226807
2021-03-12,4.716180801391602,4.613212585449219
2021-03-15,4.734932899475098,4.5954694747924805
2021-03-16,4.716180801391602,4.613212585449219
2021-03-17,4.688052177429199,4.7729010581970215
2021-03-18,4.763061046600342,4.666441917419434
2021-03-19,4.603665828704834,4.799515724182129
2021-03-22,4.688052177429199,4.79064416885376
2021-03-23,4.641170501708984,4.699447154998779
2021-03-24,4.580226898193359,4.764587879180908
2021-03-25,4.655234336853027,4.745976448059082
2021-03-26,4.641170501708984,4.792505264282227
2021-03-29,4.697428226470947,4.699447154998779
2021-03-30,4.744307994842529,4.448189735412598
2021-03-31,4.641170501708984,4.20623779296875
2021-04-01,4.716180801391602,4.317907333374023
2021-04-02,4.716180801391602,4.420271873474121
2021-04-05,4.706803321838379,4.355131149291992
2021-04-06,4.734932899475098,4.438883304595947
2021-04-07,4.753684997558594,4.569164752960205
2021-04-08,4.744307994842529,5.025151252746582
2021-04-09,4.697428226470947,4.866951942443848
2021-04-12,4.772436141967773,4.885563373565674
2021-04-13,4.688052177429199,4.727364540100098
2021-04-14,4.697428226470947,4.7738938331604
2021-04-15,5.016214370727539,5.062374591827393
2021-04-16,5.063095569610596,5.183350563049316
2021-04-19,5.0443434715271,5.080986499786377
2021-04-20,4.931829929351807,5.025151252746582
2021-04-21,4.922453880310059,5.071680545806885
2021-04-22,4.88494873046875,5.229879379272461
2021-04-23,4.969334602355957,5.3322434425354
2021-04-26,5.0443434715271,5.490443229675293
2021-04-27,4.988087177276611,5.3787736892700195
2021-04-28,5.016214370727539,5.276408672332764
2021-04-30,4.875573635101318,5.257797718048096
2021-05-03,4.86619758605957,5.099597930908203
2021-05-04,4.86619758605957,5.071680545806885
2021-05-05,4.8286943435668945,4.950704574584961
2021-05-06,4.969334602355957,4.7087531089782715
2021-05-07,5.0443434715271,4.894869327545166
2021-05-10,5.0443434715271,4.8018107414245605
2021-05-11,5.063095569610596,4.820422649383545
2021-05-12,5.063095569610596,4.978621959686279
2021-05-17,4.988087177276611,4.922786712646484
2021-05-18,4.969334602355957,4.969316005706787
2021-05-19,4.875573635101318,5.071680545806885
2021-05-20,4.753684997558594,4.997233867645264
2021-05-21,4.688052177429199,4.941398620605469
2021-05-24,4.800565242767334,4.894869327545166
2021-05-25,4.88494873046875,4.839034557342529
2021-05-27,4.875573635101318,4.764587879180908
2021-05-28,4.875573635101318,4.73667049407959
2021-05-31,4.875573635101318,4.820422649383545
2021-06-01,4.86619758605957,4.73667049407959
2021-06-02,4.903700828552246,4.745976448059082
2021-06-03,4.875573635101318,4.652917861938477
2021-06-04,4.88494873046875,4.559859275817871
2021-06-08,4.88494873046875,4.448189735412598
2021-06-09,4.78181266784668,4.504024505615234
2021-06-10,4.809940338134766,4.466801643371582
2021-06-11,4.744307994842529,4.3923540115356445
2021-06-14,4.772436141967773,4.438883304595947
2021-06-15,4.78181266784668,4.410965919494629
2021-06-16,4.610445976257324,4.336519241333008
2021-06-17,4.478987693786621,4.308601379394531
2021-06-18,4.60105562210083,4.373742580413818
2021-06-21,4.460207939147949,4.3458251953125
2021-06-22,4.488378047943115,4.327213287353516
2021-06-23,4.507158279418945,4.307852745056152
2021-06-24,4.422649383544922,4.2110466957092285
2021-06-25,4.582277297973633,4.2110466957092285
2021-06-28,4.497767925262451,4.094880104064941
2021-06-29,4.544717311859131,4.162643909454346
2021-06-30,4.488378047943115,4.036797046661377
2021-07-01,4.460207939147949,3.939990997314453
2021-07-02,4.488378047943115,3.8819079399108887
2021-07-05,4.5634965896606445,3.823824167251587
2021-07-06,4.779464244842529,3.814143657684326
2021-07-07,4.73251485824585,3.736698865890503
2021-07-08,4.629225730895996,3.601170778274536
2021-07-09,4.60105562210083,3.697976589202881
2021-07-12,4.535327434539795,3.5914905071258545
2021-07-13,4.554105758666992,3.649573802947998
2021-07-14,4.554105758666992,3.6398932933807373
2021-07-15,4.60105562210083,3.9109489917755127
2021-07-16,4.554105758666992,3.8431854248046875
2021-07-19,4.507158279418945,3.8044629096984863
2021-07-21,4.507158279418945,4.027115821838379
2021-07-22,4.582277297973633,3.9690322875976562
2021-07-23,4.535327434539795,4.007754802703857
2021-07-26,4.60105562210083,3.9690322875976562
2021-07-27,4.60105562210083,3.8722269535064697
2021-07-28,4.544717311859131,3.8722269535064697
2021-07-29,4.554105758666992,3.8431854248046875
2021-07-30,4.525937557220459,3.8528659343719482
2021-08-02,4.5634965896606445,3.7947824001312256
2021-08-03,4.5634965896606445,3.697976589202881
2021-08-04,4.535327434539795,3.6786155700683594
2021-08-05,4.544717311859131,3.649573802947998
2021-08-06,4.582277297973633,3.5624489784240723
2021-08-09,4.638616561889648,3.610851526260376
2021-08-11,4.694955825805664,3.649573802947998
2021-08-12,4.6573967933654785,3.6689348220825195
2021-08-13,4.694955825805664,3.6302125453948975
2021-08-16,4.610445976257324,3.572129726409912
2021-08-17,4.788854598999023,3.649573802947998
2021-08-18,4.741906642913818,3.8044629096984863
2021-08-19,4.610445976257324,3.649573802947998
2021-08-20,4.582277297973633,3.6786155700683594
2021-08-23,4.648005485534668,3.6398932933807373
2021-08-24,4.694955825805664,3.727018356323242
2021-08-25,4.920313835144043,3.7947824001312256
2021-08-26,5.070551872253418,3.736698865890503
2021-08-27,5.04238224029541,3.785101890563965
2021-08-30,5.070551872253418,3.8722269535064697
2021-09-01,5.183231353759766,3.7947824001312256
2021-09-02,5.08933162689209,3.736698865890503
2021-09-03,5.117502212524414,3.6205320358276367
2021-09-06,5.173842430114746,3.601170778274536
2021-09-07,5.446148872375488,3.5527684688568115
2021-09-08,5.605776786804199,3.4656429290771484
2021-09-09,5.464928150177002,3.2913928031921387
2021-09-10,5.521365165710449,3.3204345703125
2021-09-13,5.464928150177002,3.1752259731292725
2021-09-14,5.248588562011719,3.1268234252929688
2021-09-15,5.399085998535156,3.0977816581726074
2021-09-17,5.455521583557129,2.9622538089752197
2021-09-20,5.314430236816406,2.7202394008636475
2021-09-21,5.25799560546875,2.5847115516662598
2021-09-22,5.314430236816406,2.7202394008636475
2021-09-23,5.361461162567139,2.5847115516662598
2021-09-24,5.295619487762451,2.662156105041504
2021-09-27,5.26740026473999,2.5847115516662598
2021-09-28,5.427303314208984,2.7202394008636475
2021-09-29,5.48374080657959,2.6718366146087646
2021-09-30,5.399085998535156,2.78800368309021
2021-10-01,5.314430236816406,2.6636974811553955
2021-10-04,5.389679908752441,2.6143698692321777
2021-10-05,5.436709880828857,2.703159809112549
2021-10-06,5.568395614624023,2.703159809112549
2021-10-07,5.549583911895752,2.7130253314971924
2021-10-08,5.728299140930176,2.742621898651123
2021-10-11,5.765923500061035,2.7722184658050537
2021-10-12,5.747110843658447,2.791949510574341
2021-10-13,5.737704753875732,2.7524874210357666
2021-10-14,5.831765651702881,2.7524874210357666
2021-10-15,5.822360038757324,2.722890853881836
2021-10-18,5.803547382354736,2.722890853881836
2021-10-20,5.6624555587768555,2.8215463161468506
2021-10-21,5.558988094329834,2.693294048309326
2021-10-22,5.408492088317871,2.722890853881836
2021-10-25,5.455521583557129,2.722890853881836
2021-10-26,5.417898654937744,2.6834285259246826
2021-10-27,5.361461162567139,2.6242353916168213
2021-10-28,5.135715961456299,2.555176258087158
2021-10-29,5.229776382446289,2.6834285259246826
2021-11-01,5.154528617858887,2.6143698692321777
2021-11-02,5.210965633392334,2.5453107357025146
2021-11-03,5.2015581130981445,2.4565212726593018
2021-11-05,5.135715961456299,2.446655750274658
2021-11-08,5.079279899597168,2.3677313327789307
2021-11-09,4.994624614715576,2.2986721992492676
2021-11-10,5.051061630249023,2.269075632095337
2021-11-11,4.975812911987305,2.269075632095337
2021-11-12,5.022844314575195,2.4170589447021484
2021-11-15,4.994624614715576,2.4565212726593018
2021-11-16,5.0322489738464355,2.3874623775482178
2021-11-17,5.116903781890869,2.476252317428589
2021-11-18,5.220371246337891,2.3677313327789307
2021-11-19,5.26740026473999,2.2789411544799805
2021-11-22,5.399085998535156,2.2098824977874756
2021-11-23,5.361461162567139,2.2296135425567627
2021-11-24,5.314430236816406,2.2394790649414062
2021-11-25,5.305025100708008,2.219748020172119
2021-11-26,5.23918342590332,2.604504346847534
2021-11-29,4.919375896453857,3.147109270095825
2021-11-30,5.0322489738464355,2.8906052112579346
2021-12-01,5.004031181335449,2.703159809112549
2021-12-02,4.975812911987305,2.7722184658050537
2021-12-06,4.985218048095703,2.53544545173645
2021-12-07,5.079279899597168,2.4663867950439453
2021-12-08,5.126310348510742,2.407193422317505
2021-12-09,5.192152976989746,2.377596855163574
2021-12-10,5.14512300491333,2.130958080291748
2021-12-13,5.154528617858887,1.982974886894226
2021-12-14,4.994332313537598,1.973109245300293
2021-12-15,4.994332313537598,2.0323023796081543
2021-12-16,4.994332313537598,2.012571334838867
2021-12-17,5.107411861419678,2.130958080291748
2021-12-20,4.966063022613525,2.1704201698303223
2021-12-21,4.9000983238220215,2.0717647075653076
2021-12-22,4.909523963928223,2.150689125061035
2021-12-23,5.277030944824219,2.130958080291748
2021-12-24,5.211067199707031,2.1726248264312744
2021-12-27,5.324146747589111,2.341275930404663
2021-12-28,5.390109062194824,2.351196765899658
2021-12-29,5.446649074554443,2.3908793926239014
2021-12-30,5.446649074554443,2.4206414222717285
2021-12-31,5.446649074554443,2.569451332092285
2022-01-03,5.33357048034668,2.3710381984710693
2022-01-04,5.371263027191162,2.311514139175415
2022-01-05,5.390109062194824,2.4206414222717285
2022-01-06,5.371263027191162,2.4206414222717285
2022-01-07,5.418380260467529,2.4504034519195557
2022-01-10,5.540882587432861,2.480165481567383
2022-01-11,5.672807693481445,2.4107208251953125
2022-01-12,5.738771438598633,2.3908793926239014
2022-01-13,5.842426776885986,2.3611176013946533
2022-01-14,5.701077938079834,2.321434736251831
2022-01-17,5.5785746574401855,2.331355333328247
2022-01-19,5.540882587432861,2.2222282886505127
2022-01-20,5.767041206359863,2.1924662590026855
2022-01-21,5.804733753204346,2.1527836322784424
2022-01-24,5.748194217681885,2.063497543334961
2022-01-25,5.653961181640625,2.0238149166107178
2022-01-26,5.719924449920654,2.063497543334961
2022-01-27,5.7293477058410645,2.063497543334961
2022-01-28,5.738771438598633,2.103180170059204
2022-01-31,5.804733753204346,2.113101005554199
2022-02-03,5.748194217681885,2.113101005554199
2022-02-04,5.8518500328063965,2.1527836322784424
2022-02-07,5.927237033843994,2.331355333328247
2022-02-08,5.936660289764404,2.271831512451172
2022-02-09,6.115702152252197,2.1627042293548584
2022-02-10,6.29474401473999,2.1726248264312744
2022-02-11,6.304168224334717,2.1428630352020264
2022-02-14,6.313590049743652,2.103180170059204
2022-02-15,6.445516586303711,2.073418140411377
2022-02-16,6.596288681030273,2.083338737487793
2022-02-17,6.511478900909424,2.04365611076355
2022-02-18,6.577441692352295,2.04365611076355
2022-02-21,6.266473293304443,2.04365611076355
2022-02-22,6.398399353027344,2.0039734840393066
2022-02-23,6.445516586303711,2.033735513687134
2022-02-24,6.360705852508545,1.954370379447937
2022-02-25,6.360705852508545,1.9841322898864746
2022-02-28,6.436091899871826,2.033735513687134
2022-03-01,6.398399353027344,2.04365611076355
2022-03-02,6.6622514724731445,2.0238149166107178
2022-03-03,6.803598880767822,2.0039734840393066
2022-03-04,6.803598880767822,1.9146876335144043
2022-03-07,6.690520763397217,1.8849256038665771
2022-03-08,6.398399353027344,1.8551636934280396
2022-03-09,6.473784923553467,1.6666710376739502
2022-03-10,6.172241687774658,1.696433186531067
2022-03-11,6.134548187255859,1.6567504405975342
2022-03-14,5.92691707611084,1.755957007408142
2022-03-15,5.775912284851074,1.7857190370559692
2022-03-16,6.002419948577881,1.7361156940460205
2022-03-17,5.99298095703125,1.8551636934280396
2022-03-18,5.99298095703125,1.7956396341323853
2022-03-21,5.99298095703125,1.8452430963516235
2022-03-22,5.653221607208252,1.8452430963516235
2022-03-23,5.794788360595703,1.8849256038665771
2022-03-24,5.794788360595703,1.8551636934280396
2022-03-25,5.898603439331055,1.8750050067901611
2022-03-28,5.747600078582764,1.8750050067901611
2022-03-29,5.851415157318115,1.835322380065918
2022-03-30,5.8702898025512695,1.9047669172286987
2022-03-31,5.851415157318115,1.9047669172286987
2022-04-01,5.785349369049072,2.033735513687134
2022-04-04,5.794788360595703,2.0039734840393066
2022-04-05,5.851415157318115,2.0039734840393066
2022-04-06,5.889164924621582,1.964290976524353
2022-04-07,5.775912284851074,1.9345290660858154
2022-04-08,5.99298095703125,1.954370379447937
2022-04-11,6.191173553466797,1.8948463201522827
2022-04-12,6.059045791625977,1.7956396341323853
2022-04-13,6.096796035766602,1.746036410331726
2022-04-14,6.228925704956055,1.7658777236938477
2022-04-15,6.15342378616333,1.7757983207702637
2022-04-18,6.172297954559326,1.7261950969696045
2022-04-20,6.181735992431641,1.706353783607483
2022-04-21,6.21948766708374,1.706353783607483
2022-04-22,6.068483352661133,1.7162744998931885
2022-04-25,5.823101997375488,1.696433186531067
2022-04-26,5.681534767150879,1.7162744998931885
2022-04-27,5.539968967437744,1.6765918731689453
2022-04-28,5.653221607208252,1.6666710376739502
2022-04-29,5.653221607208252,1.6666710376739502
2022-05-05,5.511654853820801,1.6567504405975342
2022-05-06,5.077517986297607,1.607147216796875
2022-05-09,4.907637596130371,1.5674645900726318
2022-05-10,4.718883037567139,1.5377024412155151
2022-05-11,4.784948825836182,1.5178611278533936
2022-05-12,4.53012752532959,1.47817862033844
2022-05-13,4.756633281707764,1.5476231575012207
2022-05-17,5.077517986297607,1.5277818441390991
2022-05-18,4.9831414222717285,1.5178611278533936
2022-05-19,4.79438591003418,1.4384959936141968
2022-05-20,4.964264392852783,1.4384959936141968
2022-05-23,5.002016544342041,1.47817862033844
2022-05-24,5.0114545822143555,1.3888925313949585
2022-05-25,5.002016544342041,1.398813247680664
2022-05-26,5.134144306182861,1.359130620956421
2022-05-27,5.1718950271606445,1.3888925313949585
2022-05-30,5.19077205657959,1.3789719343185425
2022-05-31,5.228522300720215,1.3888925313949585
2022-06-01,5.143581867218018,1.359130620956421
2022-06-02,5.153020858764648,1.2500033378601074
2022-06-03,5.0586419105529785,1.2301620244979858
2022-06-07,4.888762474060059,1.2400827407836914
2022-06-08,4.79438591003418,1.1706379652023315
2022-06-09,4.737758636474609,1.2103207111358643
2022-06-10,4.709445476531982,1.1210347414016724
2022-06-13,4.671694755554199,1.021828055381775
2022-06-14,4.714292526245117,1.021828055381775
2022-06-15,4.581762313842773,1.0019867420196533
2022-06-16,4.6669602394104,0.9672645330429077
2022-06-17,4.449232578277588,1.0019867420196533
2022-06-20,4.3451008796691895,0.9771851897239685
2022-06-21,4.487098217010498,1.0714315176010132
2022-06-22,4.439766883850098,1.0019867420196533
2022-06-23,4.382966995239258,1.0416693687438965
2022-06-24,4.51549768447876,1.0416693687438965
2022-06-27,4.439766883850098,1.0317487716674805
2022-06-28,4.600697040557861,1.0416693687438965
2022-06-29,4.401900291442871,1.1111141443252563
2022-06-30,4.506030559539795,1.0317487716674805
2022-07-01,4.449232578277588,1.0019867420196533
2022-07-04,4.373499393463135,0.9672645330429077
2022-07-05,4.4586992263793945,0.9375025033950806
2022-07-06,4.2693705558776855,0.9325421452522278
2022-07-07,4.04217529296875,1.0019867420196533
2022-07-08,4.051641941070557,0.9821454882621765
2022-07-12,3.919111490249634,1.0019867420196533
2022-07-13,3.8623127937316895,1.0019867420196533
2022-07-14,3.9569756984710693,1.0119074583053589
2022-07-15,3.7581818103790283,0.9871058464050293
2022-07-18,3.9285776615142822,1.0317487716674805
2022-07-19,3.9759106636047363,1.0119074583053589
2022-07-20,4.0705742835998535,0.9821454882621765
2022-07-21,4.155771255493164,0.9920661449432373
2022-07-22,4.2125701904296875,0.9871058464050293
2022-07-25,4.240970611572266,0.9871058464050293
2022-07-26,4.259903907775879,0.9821454882621765
2022-07-27,4.335634708404541,0.9871058464050293
2022-07-28,4.572296619415283,0.9623041749000549
2022-07-29,4.600697040557861,0.9573438167572021
2022-08-01,4.638560771942139,0.9821454882621765
2022-08-02,4.68589448928833,0.9722248315811157
2022-08-03,4.68589448928833,0.9623041749000549
2022-08-04,4.68589448928833,1.0019867420196533
2022-08-05,4.553362846374512,1.0019867420196533
2022-08-08,4.496565818786621,0.9771851897239685
2022-08-09,4.439766883850098,0.9771851897239685
2022-08-10,4.449232578277588,0.9226215481758118
2022-08-11,4.62909460067749,0.917661190032959
2022-08-12,4.581762313842773,0.8482165932655334
2022-08-15,4.553362846374512,0.7886925935745239
2022-08-16,4.553362846374512,0.8283752202987671
2022-08-17,4.496565818786621,0.8531768918037415
2022-08-18,4.496565818786621,0.8581372499465942
2022-08-19,4.591229438781738,0.8630975484848022
2022-08-22,4.430299758911133,0.8283752202987671
2022-08-23,4.430299758911133,0.8234148621559143
2022-08-24,4.401900291442871,0.8283752202987671
2022-08-25,4.62909460067749,0.8333355188369751
2022-08-26,4.449232578277588,0.8234148621559143
2022-08-29,4.468164920806885,0.7936529517173767
2022-08-30,4.524963855743408,0.7986132502555847
2022-09-01,4.449232578277588,0.7936529517173767
2022-09-02,4.364033222198486,0.7986132502555847
2022-09-05,4.468164920806885,0.8134942054748535
2022-09-06,4.54389762878418,0.7936529517173767
2022-09-07,4.723760604858398,0.7986132502555847
2022-09-08,4.752159118652344,0.7886925935745239
2022-09-09,4.733226299285889,0.7886925935745239
2022-09-12,4.648028373718262,0.8134942054748535
2022-09-13,4.550650119781494,0.7986132502555847
2022-09-14,4.389144420623779,0.7787719368934631
2022-09-15,4.484148025512695,0.7589305639266968
2022-09-19,4.208638668060303,0.699406623840332
2022-09-20,4.199138164520264,0.699406623840332
2022-09-21,3.93312931060791,0.6398826241493225
2022-09-22,3.8191258907318115,0.6250016689300537
2022-09-23,3.8096253871917725,0.6448429822921753
2022-09-26,3.7906248569488525,0.6299619674682617
2022-09-27,3.8001251220703125,0.6051603555679321
2022-09-28,3.8001251220703125,0.5853189826011658
2022-09-29,3.8001251220703125,0.5803586840629578
2022-09-30,3.8381261825561523,0.6200413703918457
2022-10-03,3.7906248569488525,0.5902794003486633
2022-10-04,3.8001251220703125,0.6150810122489929
2022-10-05,4.085134506225586,0.6349223256111145
2022-10-06,4.180137634277344,0.6696446537971497
2022-10-07,4.132636547088623,0.6398826241493225
2022-10-11,3.9806325435638428,0.6200413703918457
2022-10-12,3.914128541946411,0.6299619674682617
2022-10-13,3.9806325435638428,0.6845256090164185
2022-10-14,3.971130609512329,0.6845256090164185
2022-10-17,3.9616308212280273,0.7341289520263672
2022-10-18,3.9996323585510254,0.7341289520263672
2022-10-19,4.142136573791504,0.7192479968070984
2022-10-20,4.1706366539001465,0.7291686534881592
2022-10-21,4.180137634277344,0.7242082953453064
2022-10-25,4.180137634277344,0.7093272805213928
2022-10-26,4.104135990142822,0.749009907245636
2022-10-27,4.104135990142822,0.7688512206077576
2022-10-28,4.132636547088623,0.7837322950363159
2022-10-31,4.132636547088623,0.7886925935745239
2022-11-01,4.123135566711426,0.7936529517173767
2022-11-02,4.161135673522949,0.8035736083984375
2022-11-03,4.132636547088623,0.7142876386642456
2022-11-04,4.1706366539001465,0.7589305639266968
2022-11-07,4.180137634277344,0.7837322950363159
2022-11-08,4.132636547088623,0.8382959365844727
2022-11-09,4.218138694763184,0.8333355188369751
2022-11-10,4.227639198303223,0.877978503704071
2022-11-11,4.560150623321533,0.9523834586143494
2022-11-14,4.484148025512695,1.0119074583053589
2022-11-15,4.493648529052734,0.9623041749000549
2022-11-16,4.512648105621338,0.9523834586143494
2022-11-17,4.512648105621338,0.917661190032959
2022-11-21,4.465147018432617,0.9375025033950806
2022-11-22,4.484148025512695,0.9027802348136902
2022-11-23,4.588650703430176,0.8878991603851318
2022-11-24,4.636152267456055,0.9771851897239685
2022-11-25,4.617152214050293,0.9027802348136902
2022-11-29,4.560150623321533,0.8680578470230103
2022-11-30,4.607651710510254,0.8630975484848022
2022-12-01,4.607651710510254,0.8382959365844727
2022-12-02,4.550650119781494,0.8382959365844727
2022-12-05,4.550650119781494,0.8085339069366455
2022-12-06,4.607651710510254,0.8085339069366455
2022-12-07,4.560150623321533,0.8085339069366455
2022-12-08,4.607651710510254,0.7986132502555847
2022-12-09,4.598151683807373,0.8333355188369751
2022-12-12,4.617152214050293,0.8184545636177063
2022-12-13,4.550650119781494,0.7787719368934631
2022-12-14,4.6340837478637695,0.7787719368934631
2022-12-15,4.700828552246094,0.7291686534881592
2022-12-16,4.6722235679626465,0.7192479968070984
2022-12-19,4.6722235679626465,0.70436692237854
2022-12-20,4.471985340118408,0.699406623840332
2022-12-21,4.2908172607421875,0.7142876386642456
2022-12-22,4.386168479919434,0.749009907245636
2022-12-23,4.462450981140137,0.8134942054748535
2022-12-27,4.5673370361328125,0.917661190032959
2022-12-28,4.624547481536865,0.8878991603851318
2022-12-29,4.643617153167725,0.9027802348136902
2022-12-30,4.6531524658203125,0.8978198170661926
2023-01-03,4.6722235679626465,0.8581372499465942
2023-01-04,4.6722235679626465,0.8531768918037415
2023-01-05,4.700828552246094,0.9027802348136902
2023-01-06,4.68175745010376,0.8878991603851318
2023-01-09,4.700828552246094,0.8630975484848022
2023-01-10,4.691293716430664,0.8432562351226807
2023-01-11,4.719898700714111,0.8382959365844727
2023-01-12,4.7580389976501465,0.8382959365844727
2023-01-13,4.843856334686279,0.8184545636177063
2023-01-16,4.958277702331543,0.8829388618469238
2023-01-17,5.053629398345947,0.877978503704071
2023-01-18,5.10130500793457,0.8829388618469238
2023-01-19,5.044093608856201,0.8878991603851318
2023-01-20,5.0345587730407715,0.8878991603851318
2023-01-25,5.091770172119141,0.8630975484848022
2023-01-26,5.053629398345947,0.9077405333518982
2023-01-27,5.005954265594482,0.9077405333518982
2023-01-30,5.025023937225342,0.8928595185279846
2023-01-31,4.939207553863525,0.8234148621559143
2023-02-02,5.053629398345947,0.8283752202987671
2023-02-03,5.11083984375,0.8432562351226807
2023-02-07,5.091770172119141,0.8333355188369751
2023-02-08,5.005954265594482,0.8134942054748535
2023-02-09,5.015488624572754,0.8283752202987671
2023-02-10,4.977348327636719,0.8035736083984375
2023-02-13,4.91060209274292,0.7638909220695496
2023-02-14,5.005954265594482,0.7539702653884888
2023-02-15,5.005954265594482,0.7688512206077576
2023-02-16,5.005954265594482,0.8333355188369751
2023-02-17,5.0345587730407715,0.8134942054748535
2023-02-20,4.939207553863525,0.8283752202987671
2023-02-21,5.005954265594482,0.8283752202987671
2023-02-22,4.958277702331543,0.8234148621559143
2023-02-23,5.025023937225342,0.7787719368934631
2023-02-24,4.958277702331543,0.7688512206077576
2023-02-27,4.91060209274292,0.7589305639266968
2023-02-28,4.920137405395508,0.749009907245636
2023-03-01,4.91060209274292,0.7093272805213928
2023-03-02,4.91060209274292,0.70436692237854
2023-03-03,4.891531944274902,0.7192479968070984
2023-03-06,4.91060209274292,0.7142876386642456
2023-03-07,4.967813014984131,0.6894859671592712
2023-03-08,4.958277702331543,0.6696446537971497
2023-03-09,4.862926483154297,0.7093272805213928
2023-03-10,4.745718955993652,0.6944462656974792
2023-03-13,4.764854907989502,0.6944462656974792
2023-03-14,4.583063125610352,0.6795653104782104
2023-03-15,4.592630863189697,0.6944462656974792
2023-03-16,4.544790267944336,0.8283752202987671
2023-03-17,4.563926696777344,0.9077405333518982
2023-03-20,4.573495388031006,0.8978198170661926
2023-03-21,4.55435848236084,0.9523834586143494
2023-03-22,4.496951103210449,0.9424628019332886
2023-03-23,4.496951103210449,1.0119074583053589
2023-03-24,4.4682464599609375,0.9474231600761414
2023-03-27,4.4873833656311035,0.9623041749000549
2023-03-28,4.621335029602051,0.9474231600761414
2023-03-29,4.659605979919434,0.9871058464050293
2023-03-30,4.707446575164795,0.9573438167572021
2023-03-31,4.659605979919434,0.9325421452522278
2023-04-03,4.717014312744141,0.9771851897239685
2023-04-04,4.717014312744141,0.9722248315811157
2023-04-05,4.688310623168945,1.0019867420196533
2023-04-06,4.73615026473999,1.0119074583053589
2023-04-07,4.73615026473999,1.0615108013153076
2023-04-10,4.764854907989502,1.140876054763794
2023-04-11,4.9275102615356445,1.140876054763794
2023-04-12,4.898806095123291,1.1111141443252563
2023-04-13,4.889237880706787,1.140876054763794
2023-04-14,4.9275102615356445,1.1011934280395508
2023-04-17,4.9275102615356445,1.0416693687438965
2023-04-18,4.8318305015563965,1.0615108013153076
2023-04-19,4.8318305015563965,1.021828055381775
2023-04-20,4.975350379943848,1.021828055381775
2023-04-25,4.841398239135742,0.9920661449432373
2023-04-26,4.822261810302734,1.0119074583053589
2023-04-27,4.86053466796875,0.9722248315811157
2023-04-28,4.9275102615356445,0.9722248315811157
2023-05-02,4.95621395111084,1.0019867420196533
2023-05-03,4.86053466796875,1.021828055381775
2023-05-05,4.8318305015563965,1.0019867420196533
2023-05-08,4.841398239135742,0.9375025033950806
2023-05-09,4.783990383148193,1.0813521146774292
2023-05-10,4.678742408752441,1.0912728309631348
2023-05-11,4.688310623168945,1.051590085029602
2023-05-12,4.6500396728515625,1.0615108013153076
2023-05-15,4.583063125610352,1.0416693687438965
2023-05-16,4.611766815185547,1.0714315176010132
2023-05-17,4.592630863189697,1.1011934280395508
2023-05-18,4.5256547927856445,1.1607173681259155
2023-05-19,4.573495388031006,1.1904793977737427
2023-05-22,4.573495388031006,1.2103207111358643
2023-05-23,4.516087055206299,1.2004001140594482
2023-05-24,4.496951103210449,1.1805588006973267
2023-05-25,4.477816104888916,1.1210347414016724
2023-05-26,4.535223007202148,1.1607173681259155
2023-05-29,4.688310623168945,1.15079665184021
2023-05-30,4.5256547927856445,1.1011934280395508
2023-05-31,4.410839557647705,1.1309553384780884
2023-06-01,4.496951103210449,1.1210347414016724
2023-06-02,4.544790267944336,1.140876054763794
2023-06-06,4.573495388031006,1.1011934280395508
2023-06-07,4.583063125610352,1.1210347414016724
2023-06-08,4.4682464599609375,1.0813521146774292
2023-06-09,4.449111461639404,1.0615108013153076
2023-06-12,4.45867919921875,1.0912728309631348
2023-06-13,4.45867919921875,1.0714315176010132
2023-06-14,4.542713642120361,1.1011934280395508
2023-06-15,4.51390266418457,1.0813521146774292
2023-06-16,4.802023887634277,0.9672645330429077
2023-06-19,4.552318096160889,0.9077405333518982
2023-06-20,4.456277370452881,0.8630975484848022
2023-06-21,4.571526527404785,0.877978503704071
2023-06-22,4.552318096160889,0.8581372499465942
2023-06-23,4.552318096160889,0.8531768918037415
2023-06-26,4.5235066413879395,0.8234148621559143
2023-06-27,4.51390266418457,0.8234148621559143
2023-06-28,4.5235066413879395,0.8085339069366455
2023-06-30,4.51390266418457,0.8035736083984375
2023-07-03,4.629151344299316,0.8382959365844727
2023-07-04,4.677170753479004,0.8382959365844727
2023-07-05,4.677170753479004,0.8382959365844727
2023-07-06,4.561922550201416,0.8432562351226807
2023-07-07,4.600338459014893,0.8432562351226807
2023-07-10,4.677170753479004,0.8432562351226807
2023-07-11,4.60994291305542,0.8581372499465942
2023-07-12,4.6963791847229,0.8531768918037415
2023-07-13,4.667567253112793,0.8432562351226807
2023-07-14,4.715587615966797,0.8581372499465942
2023-07-17,4.629151344299316,0.917661190032959
2023-07-18,4.657962799072266,0.912700891494751
2023-07-20,4.667567253112793,0.8928595185279846
2023-07-21,4.60994291305542,0.8581372499465942
2023-07-24,4.619546413421631,0.8680578470230103
2023-07-25,4.754003047943115,0.8581372499465942
2023-07-26,4.802023887634277,0.8581372499465942
2023-07-27,4.763607978820801,0.8680578470230103
2023-07-28,4.802023887634277,0.8878991603851318
2023-07-31,4.840439319610596,0.912700891494751
2023-08-01,4.850043773651123,0.9325421452522278
2023-08-02,4.754003047943115,0.912700891494751
2023-08-03,4.705983638763428,0.8928595185279846
2023-08-04,4.773211479187012,0.8928595185279846
2023-08-07,4.773211479187012,0.873018205165863
2023-08-08,4.802023887634277,0.877978503704071
2023-08-09,4.821231842041016,0.873018205165863
2023-08-10,4.792419910430908,0.8581372499465942
2023-08-11,4.763607978820801,0.8333355188369751
2023-08-14,4.725192070007324,0.8184545636177063
2023-08-15,4.705983638763428,0.8234148621559143
2023-08-16,4.725192070007324,0.8085339069366455
2023-08-17,4.657962799072266,0.7986132502555847
2023-08-18,4.561922550201416,0.7986132502555847
2023-08-21,4.600338459014893,0.8184545636177063
2023-08-22,4.705983638763428,0.8283752202987671
2023-08-23,4.648359775543213,0.8134942054748535
2023-08-24,4.657962799072266,0.8184545636177063
2023-08-25,4.686775207519531,0.8035736083984375
2023-08-28,4.6963791847229,0.8234148621559143
2023-08-29,4.705983638763428,0.7837322950363159
2023-08-30,4.657962799072266,0.7589305639266968
2023-09-01,4.725192070007324,0.7341289520263672
2023-09-04,4.802023887634277,0.7291686534881592
2023-09-05,4.754003047943115,0.749009907245636
2023-09-06,4.725192070007324,0.7787719368934631
2023-09-07,4.725192070007324,0.8333355188369751
2023-09-08,4.6963791847229,0.8085339069366455
2023-09-11,4.705983638763428,0.8085339069366455
2023-09-12,4.705983638763428,0.8085339069366455
2023-09-13,4.725192070007324,0.7986132502555847
2023-09-14,4.6963791847229,0.8085339069366455
2023-09-15,4.761439800262451,0.8035736083984375
2023-09-18,4.722885608673096,0.7986132502555847
2023-09-19,4.7132463455200195,0.7936529517173767
2023-09-20,4.722885608673096,0.8234148621559143
2023-09-21,4.722885608673096,0.7986132502555847
2023-09-22,4.68433141708374,0.8035736083984375
2023-09-25,4.645776748657227,0.7886925935745239
2023-09-26,4.645776748657227,0.7936529517173767
2023-09-27,4.616860866546631,0.7837322950363159
2023-09-29,4.539752960205078,0.7688512206077576
2023-10-02,4.616860866546631,0.7886925935745239
2023-10-03,4.626500129699707,0.7787719368934631
2023-10-04,4.568668365478516,0.7688512206077576
2023-10-05,4.491559982299805,0.7787719368934631
2023-10-06,4.549391269683838,0.749009907245636
2023-10-09,4.530113697052002,0.7539702653884888
2023-10-10,4.6072235107421875,0.7341289520263672
2023-10-11,4.597583770751953,0.7291686534881592
2023-10-12,4.68433141708374,0.7341289520263672
2023-10-13,4.693969249725342,0.7341289520263672
2023-10-16,4.742163181304932,0.7291686534881592
2023-10-17,4.722885608673096,0.744049608707428
2023-10-18,4.722885608673096,0.7341289520263672
2023-10-19,4.7132463455200195,0.7291686534881592
2023-10-20,4.7132463455200195,0.7192479968070984
2023-10-23,4.68433141708374,0.70436692237854
2023-10-24,4.626500129699707,0.70436692237854
2023-10-25,4.645776748657227,0.7142876386642456
2023-10-26,4.645776748657227,0.7192479968070984
2023-10-27,4.703608989715576,0.7142876386642456
2023-10-30,4.703608989715576,0.7093272805213928
2023-10-31,4.742163181304932,0.7192479968070984
2023-11-01,4.645776748657227,0.699406623840332
2023-11-02,4.665053367614746,0.7093272805213928
2023-11-03,4.7132463455200195,0.7291686534881592
2023-11-06,4.703608989715576,0.7539702653884888
2023-11-07,4.722885608673096,0.7738115787506104
2023-11-08,4.7132463455200195,0.7837322950363159
2023-11-09,4.7132463455200195,0.7787719368934631
2023-11-10,4.665053367614746,0.7539702653884888
2023-11-14,4.693969249725342,0.73908931016922
2023-11-15,4.7325239181518555,0.744049608707428
2023-11-16,4.693969249725342,0.7837322950363159
2023-11-17,4.703608989715576,0.7787719368934631
2023-11-20,4.6554155349731445,0.7936529517173767
2023-11-21,4.761439800262451,0.8035736083984375
2023-11-22,4.693969249725342,0.8333355188369751
2023-11-23,4.722885608673096,0.877978503704071
2023-11-24,4.703608989715576,0.8928595185279846
2023-11-27,4.693969249725342,0.873018205165863
2023-11-28,4.6746931076049805,0.8928595185279846
2023-11-29,4.7132463455200195,0.8531768918037415
2023-11-30,4.626500129699707,0.8035736083984375
2023-12-01,4.6554155349731445,0.8234148621559143
2023-12-04,4.626500129699707,0.8134942054748535
2023-12-05,4.626500129699707,0.8333355188369751
2023-12-06,4.665053367614746,0.8184545636177063
2023-12-07,4.6072235107421875,0.8085339069366455
2023-12-08,4.626500129699707,0.7986132502555847
2023-12-11,4.636138439178467,0.8085339069366455
2023-12-12,4.6554155349731445,0.7886925935745239
2023-12-13,4.6554155349731445,0.8680578470230103
2023-12-14,4.751800537109375,0.9027802348136902
2023-12-15,4.768728256225586,0.8928595185279846
2023-12-18,4.720364570617676,0.9523834586143494
2023-12-19,4.720364570617676,0.9325421452522278
2023-12-20,4.681672096252441,0.8978198170661926
2023-12-21,4.662326812744141,0.9275818467140198
2023-12-22,4.662326812744141,0.917661190032959
2023-12-26,4.633307933807373,0.912700891494751
2023-12-27,4.642981052398682,0.912700891494751
2023-12-28,4.65265417098999,0.9027802348136902
2023-12-29,4.65265417098999,0.8928595185279846
2024-01-02,4.701018333435059,0.9027802348136902
2024-01-03,4.7784013748168945,0.9672645330429077
2024-01-04,4.730036735534668,0.9623041749000549
2024-01-05,4.720364570617676,0.9722248315811157
2024-01-08,4.759056091308594,0.9722248315811157
2024-01-09,4.710690975189209,0.9573438167572021
2024-01-10,4.739710330963135,0.9325421452522278
2024-01-11,4.662326812744141,0.9325421452522278
2024-01-12,4.681672096252441,0.9226215481758118
2024-01-15,4.807419300079346,0.912700891494751
2024-01-16,4.836437702178955,0.9226215481758118
2024-01-17,4.691345691680908,0.8978198170661926
2024-01-18,4.65265417098999,0.8928595185279846
2024-01-19,4.623635768890381,0.8928595185279846
2024-01-22,4.623635768890381,0.9077405333518982
2024-01-23,4.613961696624756,0.8878991603851318
2024-01-24,4.691345691680908,0.8928595185279846
2024-01-26,4.604289531707764,0.917661190032959
2024-01-29,4.671999454498291,0.9077405333518982
2024-01-30,4.594616889953613,0.912700891494751
2024-01-31,4.5849432945251465,0.9226215481758118
2024-02-02,4.497887134552002,0.917661190032959
2024-02-05,4.526906967163086,0.9275818467140198
2024-02-06,4.497887134552002,0.9027802348136902
2024-02-07,4.488214015960693,0.877978503704071
2024-02-08,4.468869209289551,0.877978503704071
2024-02-09,4.478542327880859,0.877978503704071
2024-02-13,4.507560729980469,0.8878991603851318
2024-02-14,4.44952392578125,0.8928595185279846
2024-02-15,4.430177688598633,0.8928595185279846
2024-02-16,4.459197044372559,0.8878991603851318
2024-02-19,4.497887134552002,0.8829388618469238
2024-02-20,4.565598011016846,0.8878991603851318
2024-02-21,4.54625129699707,0.877978503704071
2024-02-22,4.565598011016846,0.8978198170661926
2024-02-23,4.526906967163086,0.873018205165863
2024-02-26,4.507560729980469,0.8234148621559143
2024-02-27,4.53657865524292,0.8184545636177063
2024-02-28,4.497887134552002,0.8184545636177063
2024-02-29,4.526906967163086,0.7986132502555847
2024-03-01,4.5172343254089355,0.7986132502555847
2024-03-04,4.507560729980469,0.7936529517173767
2024-03-05,4.391486167907715,0.8035736083984375
2024-03-06,4.372140884399414,0.7936529517173767
2024-03-07,4.391486167907715,0.7886925935745239
2024-03-08,4.401158809661865,0.7837322950363159
2024-03-11,4.478542327880859,0.7986132502555847
2024-03-12,4.507560729980469,0.8134942054748535
2024-03-13,4.524552822113037,0.8234148621559143
2024-03-14,4.563389301300049,0.8184545636177063
2024-03-15,4.573099136352539,0.7886925935745239
2024-03-18,4.592517852783203,0.7936529517173767
2024-03-19,4.476005554199219,0.7886925935745239
2024-03-20,4.485715389251709,0.8531768918037415
2024-03-21,4.495424747467041,0.8085339069366455
2024-03-22,4.476005554199219,0.7886925935745239
2024-03-25,4.4662957191467285,0.7886925935745239
2024-03-26,4.495424747467041,0.7986132502555847
2024-03-27,4.524552822113037,0.7936529517173767
2024-03-29,4.514842987060547,0.7936529517173767
2024-04-01,4.553679466247559,0.7936529517173767
2024-04-02,4.543971538543701,0.8184545636177063
2024-04-03,4.631354331970215,0.8134942054748535
2024-04-04,4.971181869506836,0.8184545636177063
2024-04-05,5.136240005493164,0.8283752202987671
2024-04-08,5.048856258392334,0.8184545636177063
2024-04-09,5.00031042098999,0.8234148621559143
2024-04-12,5.029437065124512,0.8134942054748535
2024-04-15,5.06827449798584,0.7986132502555847
2024-04-16,5.165368556976318,0.7936529517173767
2024-04-17,5.107112407684326,0.8184545636177063
2024-04-18,5.12653112411499,0.8234148621559143
2024-04-19,5.2818803787231445,0.8035736083984375
2024-04-22,5.2818803787231445,0.8085339069366455
2024-04-23,5.2236247062683105,0.8382959365844727
2024-04-24,5.349845886230469,0.8432562351226807
2024-04-25,5.272170543670654,0.8283752202987671
2024-04-26,5.194496154785156,0.8234148621559143
2024-04-29,5.194496154785156,0.877978503704071
2024-04-30,5.2139153480529785,0.873018205165863
2024-05-02,5.17507791519165,0.8630975484848022
2024-05-03,5.165368556976318,0.8878991603851318
2024-05-06,5.17507791519165,0.8978198170661926
2024-05-07,5.2236247062683105,0.8878991603851318
2024-05-08,5.243043899536133,0.912700891494751
2024-05-09,5.17507791519165,0.9077405333518982
2024-05-10,5.184787273406982,0.9424628019332886
2024-05-13,5.184787273406982,0.9573438167572021
2024-05-14,5.2139153480529785,0.9523834586143494
2024-05-15,5.243043899536133,1.2500033378601074
2024-05-16,5.204205513000488,1.1904793977737427
2024-05-17,5.048856258392334,1.1904793977737427
2024-05-20,5.233334064483643,1.1805588006973267
2024-05-21,5.194496154785156,1.1805588006973267
2024-05-23,5.204205513000488,1.2004001140594482
2024-05-24,5.184787273406982,1.1210347414016724
2024-05-27,5.194496154785156,1.0912728309631348
2024-05-28,5.233334064483643,1.0813521146774292
2024-05-29,5.2139153480529785,1.0615108013153076
2024-05-30,5.427520275115967,1.051590085029602
2024-05-31,5.437230110168457,1.0416693687438965
2024-06-04,5.660543918609619,1.0317487716674805
2024-06-05,5.6508355140686035,1.0317487716674805
2024-06-06,5.6314167976379395,1.051590085029602
2024-06-07,5.7188005447387695,1.1111141443252563
2024-06-10,5.582869529724121,1.0912728309631348
2024-06-11,5.738219738006592,1.0813521146774292
2024-06-12,5.660543918609619,1.0813521146774292
2024-06-13,5.82560396194458,1.15079665184021
2024-06-14,5.647890090942383,1.1607173681259155
2024-06-18,5.725791931152344,1.1607173681259155
2024-06-19,5.628414630889893,1.1309553384780884
2024-06-20,5.647890090942383,1.15079665184021
2024-06-21,5.550512313842773,1.1210347414016724
2024-06-24,5.677103519439697,1.0615108013153076
2024-06-25,5.638152122497559,1.0714315176010132
2024-06-26,5.628414630889893,1.0813521146774292
2024-06-27,5.608939170837402,1.0615108013153076
2024-06-28,5.608939170837402,1.0912728309631348
2024-07-01,5.608939170837402,1.1111141443252563
2024-07-02,5.638152122497559,1.1111141443252563
2024-07-03,5.725791931152344,1.1210347414016724
2024-07-04,5.774479866027832,1.1805588006973267
2024-07-05,5.803693771362305,1.1805588006973267
2024-07-09,5.89133358001709,1.1904793977737427
2024-07-10,5.920546531677246,1.1607173681259155
2024-07-11,5.842644691467285,1.2004001140594482
2024-07-12,5.793956756591797,1.1805588006973267
2024-07-15,5.8718581199646,1.2103207111358643
2024-07-16,5.823169231414795,1.2004001140594482
2024-07-17,5.832906723022461,1.2202414274215698
2024-07-18,5.355758190155029,1.2301620244979858
2024-07-19,5.414184093475342,1.2103207111358643
2024-07-22,5.326544284820557,1.2103207111358643
2024-07-23,5.268118858337402,1.2301620244979858
2024-07-24,5.063625812530518,1.2004001140594482
2024-07-25,5.063625812530518,1.1805588006973267
2024-07-26,5.10257625579834,1.2004001140594482
2024-07-29,5.219429969787598,1.15079665184021
2024-07-30,5.161003589630127,1.0813521146774292
2024-07-31,5.219429969787598,1.021828055381775
2024-08-01,5.161003589630127,1.021828055381775
2024-08-02,4.946772575378418,0.9722248315811157
2024-08-05,4.635165214538574,0.877978503704071
2024-08-06,4.732542514801025,0.9077405333518982
2024-08-07,4.76175594329834,0.9275818467140198
2024-08-08,4.771493434906006,0.9325421452522278
2024-08-09,4.868871212005615,0.9523834586143494
2024-08-12,4.888345718383789,0.9275818467140198
2024-08-13,4.790968894958496,0.8978198170661926
2024-08-14,4.8980841636657715,0.912700891494751
2024-08-15,4.820181846618652,0.912700891494751
2024-08-16,4.888345718383789,0.9424628019332886
2024-08-19,5.005198955535889,0.9821454882621765
2024-08-20,4.9565110206604,0.9920661449432373
2024-08-21,4.9565110206604,0.9871058464050293
2024-08-22,4.9565110206604,1.0019867420196533
2024-08-23,5.005198955535889,0.9722248315811157
2024-08-26,5.073363304138184,0.9523834586143494
2024-08-27,5.209691524505615,0.9523834586143494
2024-08-28,4.9954609870910645,0.917661190032959
2024-08-29,5.014936923980713,0.9077405333518982
2024-08-30,4.839657306671143,0.912700891494751
2024-09-02,4.790968894958496,0.9325421452522278
2024-09-03,4.76175594329834,0.9623041749000549
2024-09-04,4.7033281326293945,0.9424628019332886
2024-09-05,4.732542514801025,0.9623041749000549
2024-09-06,4.6741156578063965,0.9325421452522278
2024-09-09,4.557262420654297,0.912700891494751
2024-09-10,4.381983757019043,0.9077405333518982
2024-09-11,4.391721725463867,0.8878991603851318
2024-09-12,4.489099025726318,0.9077405333518982
2024-09-13,4.6546406745910645,0.9077405333518982
2024-09-17,4.781230926513672,1.1309553384780884
2024-09-18,4.739697456359863,1.0615108013153076
2024-09-19,4.817878723144531,1.0317487716674805
2024-09-20,4.827650547027588,1.0912728309631348
2024-09-23,4.739697456359863,1.0813521146774292
2024-09-24,4.6908345222473145,1.0813521146774292
2024-09-25,4.788560390472412,0.9821454882621765
2024-09-26,4.769014835357666,1.0119074583053589
2024-09-27,4.9253764152526855,0.9920661449432373
2024-09-30,4.94492244720459,0.9920661449432373
2024-10-01,4.935149192810059,1.0317487716674805
2024-10-02,4.856968402862549,1.0019867420196533
2024-10-03,4.837423324584961,1.0019867420196533
2024-10-04,4.808105945587158,1.0019867420196533
2024-10-07,4.984011650085449,1.0416693687438965
2024-10-08,4.9546942710876465,1.0416693687438965
2024-10-09,4.769014835357666,1.0416693687438965
2024-10-10,4.7787885665893555,1.021828055381775
2024-10-11,4.769014835357666,1.051590085029602
2024-10-14,4.739697456359863,1.0615108013153076
2024-10-15,4.7103800773620605,1.0416693687438965
2024-10-16,4.602881908416748,1.0317487716674805
2024-10-17,4.612653732299805,1.0317487716674805
2024-10-18,4.6908345222473145,1.0317487716674805
2024-10-21,4.729925632476807,1.0416693687438965
2024-10-22,4.749470233917236,1.051590085029602
2024-10-23,4.661517143249512,1.051590085029602
2024-10-24,4.671289920806885,1.051590085029602
2024-10-25,4.661517143249512,1.051590085029602
2024-10-28,4.641972541809082,1.051590085029602
2024-10-29,4.622426986694336,1.0615108013153076
2024-10-30,4.641972541809082,1.0615108013153076
2024-11-01,4.573563575744629,1.0615108013153076
2024-11-04,4.573563575744629,1.0714315176010132
2024-11-05,4.554018974304199,1.0714315176010132
2024-11-06,4.729925632476807,1.15079665184021
2024-11-07,4.573563575744629,1.1111141443252563
2024-11-08,4.554018974304199,1.1011934280395508
2024-11-11,4.602881908416748,1.0714315176010132
2024-11-12,4.417202949523926,1.0912728309631348
2024-11-13,4.485611438751221,1.0912728309631348
2024-11-14,4.299931526184082,1.0912728309631348
2024-11-15,4.299931526184082,1.0912728309631348
2024-11-18,4.58333683013916,1.1011934280395508
2024-11-19,4.50515604019165,1.1309553384780884
2024-11-20,4.554018974304199,1.15079665184021
2024-11-21,4.534473896026611,1.140876054763794
2024-11-22,4.573563575744629,1.1309553384780884
2024-11-25,4.554018974304199,1.1210347414016724
2024-11-26,4.593109130859375,1.15079665184021
2024-11-27,4.593109130859375,1.15079665184021
2024-11-28,4.573563575744629,1.1607173681259155
2024-11-29,4.534473896026611,1.1607173681259155
2024-12-02,4.827650547027588,1.140876054763794
2024-12-03,4.896059036254883,1.1607173681259155
2024-12-04,4.866742134094238,1.2103207111358643
2024-12-05,4.886286735534668,1.2400827407836914
2024-12-06,4.847196102142334,1.3095273971557617
2024-12-09,4.817878723144531,1.3194479942321777
2024-12-10,4.847196102142334,1.359130620956421
2024-12-11,4.817878723144531,1.3392893075942993
2024-12-12,4.837423324584961,1.3095273971557617
2024-12-13,4.935149192810059,1.398813247680664
2024-12-16,4.932697772979736,1.3392893075942993
2024-12-17,4.76598596572876,1.2996065616607666
2024-12-18,4.736566066741943,1.369051218032837
2024-12-19,4.697340488433838,1.3888925313949585
2024-12-20,4.6188883781433105,1.3095273971557617
2024-12-23,4.579660892486572,1.3194479942321777
2024-12-24,4.589468479156494,1.3095273971557617
2024-12-26,4.707146644592285,1.3095273971557617
2024-12-27,4.785599231719971,1.359130620956421
2024-12-30,4.795405864715576,1.359130620956421
2024-12-31,4.80521297454834,1.3293687105178833
2025-01-02,4.736566066741943,1.3392893075942993
2025-01-03,4.756179332733154,1.3194479942321777
2025-01-06,4.756179332733154,1.3492100238800049
2025-01-07,4.697340488433838,1.3095273971557617
2025-01-08,4.697340488433838,1.2301620244979858
2025-01-09,4.589468479156494,1.1904793977737427
2025-01-10,4.589468479156494,1.2202414274215698
2025-01-13,4.609081268310547,1.2004001140594482
2025-01-14,4.579660892486572,1.1904793977737427
2025-01-15,4.726760387420654,1.140876054763794
2025-01-16,4.707146644592285,1.1805588006973267
2025-01-17,4.756179332733154,1.1904793977737427
2025-01-20,4.883665084838867,1.2004001140594482
2025-01-21,5.079795837402344,1.2103207111358643
2025-01-22,4.913084983825684,1.2004001140594482
2025-01-23,4.8934712409973145,1.2004001140594482
2025-01-24,4.922890663146973,1.2004001140594482
2025-01-27,4.854245185852051,1.1706379652023315
2025-01-28,4.785599231719971,1.1904793977737427
2025-01-31,4.795405864715576,1.1904793977737427
2025-02-03,4.80521297454834,1.2400827407836914
2025-02-04,4.824825286865234,1.2202414274215698
2025-02-05,4.883665084838867,1.2004001140594482
2025-02-06,4.8934712409973145,1.2103207111358643
2025-02-07,4.90327787399292,1.2103207111358643
2025-02-10,4.90327787399292,1.2103207111358643
2025-02-12,4.90327787399292,1.2103207111358643
2025-02-13,4.864051818847656,1.2004001140594482
2025-02-14,4.90327787399292,1.1805588006973267
2025-02-17,5.001343250274658,1.15079665184021
2025-02-18,5.050375938415527,0.9920661449432373
2025-02-19,4.991537570953369,0.9623041749000549
2025-02-20,5.099409103393555,0.9474231600761414
2025-02-21,5.079795837402344,0.9523834586143494
2025-02-24,5.030763149261475,0.9523834586143494
2025-02-25,4.922890663146973,0.917661190032959
2025-02-26,4.90327787399292,0.9275818467140198
2025-02-27,5.148441791534424,0.9226215481758118
2025-02-28,4.952310562133789,0.8978198170661926
2025-03-03,4.824825286865234,0.8978198170661926
2025-03-04,4.756179332733154,0.8581372499465942
2025-03-05,4.90327787399292,0.8829388618469238
2025-03-06,4.952310562133789,0.8978198170661926
2025-03-07,4.952310562133789,0.8928595185279846
2025-03-10,4.922890663146973,0.8432562351226807
2025-03-11,4.83463191986084,0.8333355188369751
2025-03-12,4.773122787475586,0.8333355188369751
2025-03-13,4.861695766448975,0.8333355188369751
2025-03-14,4.930586338043213,0.8531768918037415
2025-03-17,4.910903453826904,0.8581372499465942
2025-03-19,4.920744895935059,0.9027802348136902
2025-03-20,4.930586338043213,0.8829388618469238
2025-03-21,4.90106201171875,0.8680578470230103
2025-03-24,4.910903453826904,0.8333355188369751
2025-03-25,4.920744895935059,0.8333355188369751
2025-03-26,4.920744895935059,0.8234148621559143
2025-03-27,4.9699530601501465,0.8333355188369751
2025-03-28,4.960111618041992,0.8035736083984375
2025-04-02,4.95026969909668,0.7986132502555847
2025-04-03,4.7928056716918945,0.8382959365844727
2025-04-04,4.832171440124512,0.8184545636177063
2025-04-07,4.320413589477539,0.7638909220695496
2025-04-08,4.399146556854248,0.8134942054748535
2025-04-09,4.182633399963379,0.8134942054748535
2025-04-10,4.41882848739624,0.9027802348136902
2025-04-11,4.349938869476318,0.8978198170661926
2025-04-14,4.655025482177734,0.873018205165863
2025-04-15,4.871537685394287,0.8581372499465942
2025-04-16,4.743597507476807,0.8482165932655334
2025-04-17,4.7239155769348145,0.8630975484848022
2025-04-18,4.743597507476807,0.8680578470230103
2025-04-21,4.7239155769348145,0.8531768918037415
2025-04-22,4.625499725341797,0.8432562351226807
2025-04-23,4.674707889556885,0.8531768918037415
2025-04-24,4.6648664474487305,0.8482165932655334
2025-04-25,4.763280868530273,0.8630975484848022
2025-04-28,4.822330474853516,0.8829388618469238
2025-04-29,4.714073657989502,0.8878991603851318
2025-04-30,4.822330474853516,0.873018205165863
2025-05-02,4.802647113800049,0.9027802348136902
2025-05-05,4.832171440124512,0.873018205165863
2025-05-06,4.812488079071045,0.873018205165863
2025-05-07,4.822330474853516,0.877978503704071
2025-05-08,4.842013835906982,0.8581372499465942
2025-05-09,4.979793548583984,0.8531768918037415
2025-05-13,5.01915979385376,0.8333355188369751
2025-05-14,5.107733249664307,0.8432562351226807
2025-05-15,4.979793548583984,0.8531768918037415
2025-05-16,4.979793548583984,0.8432562351226807
2025-05-19,4.881379127502441,0.8333355188369751
2025-05-20,4.881379127502441,0.8234148621559143
2025-05-21,4.9699530601501465,0.8134942054748535
2025-05-22,4.95026969909668,0.8035736083984375
2025-05-23,5.038842678070068,0.8035736083984375
2025-05-26,5.009318828582764,0.8035736083984375
2025-05-27,5.009318828582764,0.7986132502555847
2025-05-28,4.920744895935059,0.8035736083984375
2025-05-29,4.95026969909668,0.8085339069366455
2025-05-30,4.960111618041992,0.8035736083984375
2025-06-03,4.871537685394287,0.7936529517173767
2025-06-04,4.822330474853516,0.7787719368934631
2025-06-05,4.9699530601501465,0.8085339069366455
2025-06-06,4.900787830352783,0.7886925935745239
2025-06-09,4.940310478210449,0.7837322950363159
2025-06-10,4.940310478210449,0.8085339069366455
2025-06-11,4.940310478210449,0.8035736083984375
2025-06-12,4.969952583312988,0.7936529517173767
2025-06-13,4.940310478210449,0.7638909220695496
2025-06-16,4.940310478210449,0.749009907245636
2025-06-17,4.940310478210449,0.7093272805213928
2025-06-18,4.930429935455322,0.7093272805213928
2025-06-19,4.8415045738220215,0.7093272805213928
2025-06-20,4.821743011474609,0.7093272805213928
2025-06-23,4.831623077392578,0.7242082953453064
2025-06-24,4.930429935455322,0.73908931016922
2025-06-25,4.940310478210449,0.73908931016922
2025-06-26,4.950191020965576,0.7142876386642456
2025-06-30,5.118162155151367,0.70436692237854
2025-07-01,5.068758010864258,0.6894859671592712
2025-07-02,5.04899787902832,0.6894859671592712
2025-07-03,5.147803783416748,0.6894859671592712
2025-07-04,5.236730098724365,0.6746050119400024
2025-07-07,5.226848602294922,0.6845256090164185
2025-07-08,5.128042221069336,0.6795653104782104
2025-07-09,5.078639030456543,0.6845256090164185
2025-07-10,5.098400592803955,0.6845256090164185
2025-07-11,5.08851957321167,0.6795653104782104
2025-07-14,5.078639030456543,0.6944462656974792
2025-07-15,5.058877944946289,0.6894859671592712
2025-07-16,4.969952583312988,0.6646843552589417
2025-07-17,5.009474754333496,0.6696446537971497
2025-07-18,5.068758010864258,0.6795653104782104
2025-07-21,5.246609687805176,0.6646843552589417
2025-07-22,5.147803783416748,0.6696446537971497
2025-07-23,5.20708703994751,0.6845256090164185
2025-07-24,5.266371250152588,0.6894859671592712
2025-07-25,5.276251792907715,0.6845256090164185
2025-07-28,5.286132335662842,0.6795653104782104
2025-07-29,5.3948187828063965,0.6696446537971497
2025-07-30,5.3948187828063965,0.6646843552589417
2025-07-31,5.276251792907715,0.6795653104782104
2025-08-01,5.266371250152588,0.6696446537971497
2025-08-04,5.226848602294922,0.6498032808303833
2025-08-05,5.355297088623047,0.6299619674682617
2025-08-06,5.276251792907715,0.6101207137107849
2025-08-07,5.3454155921936035,0.6101207137107849
2025-08-08,5.365176677703857,0.5902794003486633
2025-08-11,5.404699802398682,0.6051603555679321
2025-08-12,5.473864555358887,0.6051603555679321
2025-08-13,5.543029308319092,0.6150810122489929
2025-08-14,5.572669982910156,0.6150810122489929
2025-08-15,5.533147811889648,0.6002000570297241
2025-08-18,5.533147811889648,0.5952396988868713
2025-08-19,5.543029308319092,0.5952396988868713
2025-08-20,5.503506183624268,0.5952396988868713
2025-08-21,5.454102993011475,0.6101207137107849
2025-08-22,5.582550525665283,0.5952396988868713
2025-08-25,5.681356906890869,0.5902794003486633
2025-08-26,5.562789440155029,0.5902794003486633
2025-08-27,5.641834735870361,0.5952396988868713
2025-08-28,5.552908897399902,0.5902794003486633
2025-08-29,5.493625640869141,0.5803586840629578
2025-09-02,5.493625640869141,0.5952396988868713
2025-09-03,5.503506183624268,0.6299619674682617
2025-09-04,5.513386249542236,0.6051603555679321
2025-09-08,5.4837446212768555,0.6101207137107849
2025-09-09,5.4837446212768555,0.5952396988868713
2025-09-10,5.572991847991943,0.5952396988868713
2025-09-11,5.51349401473999,0.5952396988868713
2025-09-12,5.60274076461792,0.5952396988868713
2025-09-17,5.682071685791016,0.5952396988868713
2025-09-18,5.662239074707031,0.5803586840629578
2025-09-19,5.652322292327881,0.5803586840629578
2025-09-22,5.622573375701904,0.5803586840629578
2025-09-23,5.69198751449585,0.5902794003486633
2025-09-24,5.791151523590088,0.5853189826011658
2025-09-25,5.791151523590088,0.5902794003486633
2025-09-26,5.830817222595215,0.5803586840629578
2025-09-29,5.860566139221191,0.575398325920105
2025-09-30,5.860566139221191,0.575398325920105
2025-10-01,5.880398273468018,0.5803586840629578
2025-10-02,5.9597296714782715,0.5803586840629578
2025-10-03,5.9200639724731445,0.5803586840629578
2025-10-06,5.949812889099121,0.570438027381897
2025-10-07,5.929980278015137,0.5654776692390442
2025-10-08,5.910147666931152,0.575398325920105
2025-10-09,5.989478588104248,0.6646843552589417
2025-10-10,6.05889368057251,0.6696446537971497
2025-10-13,6.1977219581604,0.699406623840332
2025-10-14,6.2473039627075195,0.6795653104782104
2025-10-15,6.217554569244385,0.6795653104782104
2025-10-16,6.207638740539551,0.6894859671592712
2025-10-17,6.1977219581604,0.6696446537971497
2025-10-21,6.167972564697266,0.6795653104782104
2025-10-22,6.078725814819336,0.6646843552589417
2025-10-23,6.148139953613281,0.6746050119400024
2025-10-24,6.15805721282959,0.6696446537971497
2025-10-27,6.15805721282959,0.6795653104782104
2025-10-28,6.15805721282959,0.6646843552589417
2025-10-29,6.207638740539551,0.6398826241493225
2025-10-30,6.227471351623535,0.6299619674682617
2025-10-31,6.277052879333496,0.6250016689300537
2025-11-03,6.306802272796631,0.6200413703918457
2025-11-04,6.2473039627075195,0.6200413703918457
2025-11-05,6.1977219581604,0.6150810122489929
2025-11-06,6.257220268249512,0.6150810122489929
2025-11-07,6.257220268249512,0.6150810122489929
2025-11-10,6.326634883880615,0.6150810122489929
2025-11-11,6.326634883880615,0.6200413703918457
2025-11-12,6.326634883880615,0.6150810122489929
2025-11-13,6.44563102722168,0.6200413703918457
2025-11-14,6.376216411590576,0.6150810122489929
2025-11-17,6.405965805053711,0.6051603555679321
2025-11-18,6.386132717132568,0.5902794003486633
2025-11-19,6.3960490226745605,0.5952396988868713
2025-11-20,6.415882110595703,0.6051603555679321
2025-11-21,6.425798416137695,0.6002000570297241
2025-11-24,6.455547332763672,0.5849999785423279
2025-11-25,6.44563102722168,0.5899999737739563
2025-11-26,6.544794082641602,0.5899999737739563
2025-11-27,6.643957614898682,0.5899999737739563
2025-11-28,6.65387487411499,0.5950000286102295
2025-12-01,6.84228515625,0.5799999833106995
2025-12-02,6.792703151702881,0.574999988079071
2025-12-03,6.643957614898682,0.5950000286102295
2025-12-04,6.693539619445801,0.6000000238418579
2025-12-05,6.673648357391357,0.6000000238418579
2025-12-08,6.7532148361206055,0.6050000190734863
2025-12-09,6.802943706512451,0.6299999952316284
2025-12-10,6.713431358337402,0.6100000143051147
2025-12-11,6.812889575958252,0.6000000238418579
2025-12-12,6.8327813148498535,0.625
2025-12-15,6.902401924133301,0.625
2025-12-16,6.8924560546875,0.6349999904632568
2025-12-17,6.852672576904297,0.6499999761581421
2025-12-18,6.9620771408081055,0.6700000166893005
2025-12-19,6.882510662078857,0.6650000214576721
2025-12-22,7.051589488983154,0.6499999761581421
2025-12-23,7.111264228820801,0.6399999856948853
2025-12-24,7.151047706604004,0.6449999809265137
2025-12-26,7.141101837158203,0.6399999856948853
2025-12-29,7.1609930992126465,0.6399999856948853
2025-12-30,7.180884838104248,0.6499999761581421
2025-12-31,7.081426620483398,0.6449999809265137
2026-01-02,7.011806488037109,0.6399999856948853
2026-01-05,7.091372489929199,0.6549999713897705
2026-01-06,7.02175235748291,0.6349999904632568
2026-01-07,7.071481227874756,0.6399999856948853
2026-01-08,7.0416436195373535,0.6449999809265137
2026-01-09,7.1609930992126465,0.6600000262260437
2026-01-12,7.131155967712402,0.6399999856948853
2026-01-13,7.1609930992126465,0.6349999904632568
2026-01-14,7.2604522705078125,0.6349999904632568
2026-01-15,7.180884838104248,0.625
2026-01-16,7.240560531616211,0.625
2026-01-19,7.240560531616211,0.625
2026-01-20,7.20077657699585,0.6000000238418579
2026-01-21,7.359910011291504,0.6050000190734863
2026-01-22,7.4593682289123535,0.6050000190734863
2026-01-23,7.3698554039001465,0.6000000238418579
2026-01-26,7.519043445587158,0.6000000238418579
2026-01-27,7.737851619720459,0.6000000238418579
2026-01-28,7.698067665100098,0.6200000047683716
2026-01-29,7.678175926208496,0.6050000190734863
2026-01-30,7.519043445587158,0.6100000143051147
2026-02-03,7.678175926208496,0.5950000286102295
2026-02-04,7.618501663208008,0.6000000238418579
2026-02-05,7.469314098358154,0.5799999833106995
2026-02-06,7.449422359466553,0.5849999785423279
2026-02-09,7.558826446533203,0.5849999785423279
2026-02-10,7.558826446533203,0.6000000238418579
2026-02-11,7.708013534545898,0.5950000286102295
2026-02-12,7.648338794708252,0.5849999785423279
2026-02-13,7.528989315032959,0.5899999737739563
2026-02-16,7.638392925262451,0.5899999737739563
2026-02-19,7.638392925262451,0.5950000286102295
2026-02-20,7.6582841873168945,0.5950000286102295
2026-02-23,7.489205837249756,0.6000000238418579
2026-02-24,7.3698554039001465,0.6000000238418579
2026-02-25,7.479259967803955,0.5950000286102295
2026-02-26,7.558826446533203,0.5899999737739563
2026-02-27,7.091372489929199,0.5799999833106995
2026-03-02,7.1709394454956055,0.5600000023841858
2026-03-03,7.300235271453857,0.550000011920929
2026-03-04,7.359910011291504,0.550000011920929
2026-03-05,7.608555793762207,0.550000011920929
2026-03-06,7.767688751220703,0.5600000023841858
2026-03-09,7.449422359466553,0.550000011920929
2026-03-10,7.558826446533203,0.5450000166893005
2026-03-11,7.558826446533203,0.5649999976158142
2026-03-12,7.49899435043335,0.5649999976158142
2026-03-13,7.5289106369018555,0.6050000190734863
2026-03-16,7.588743209838867,0.5899999737739563
2026-03-17,7.578770637512207,0.5799999833106995
2026-03-18,7.638603210449219,0.574999988079071
2026-03-19,7.748295783996582,0.5550000071525574
2026-03-20,7.748295783996582,0.5550000071525574
2026-03-24,7.289580821990967,0.550000011920929
2026-03-25,7.5289106369018555,0.5550000071525574
2026-03-26,7.658547401428223,0.5450000166893005
2026-03-27,7.588743209838867,0.5699999928474426
2026-03-30,8.067401885986328,0.6299999952316284
2026-03-31,7.977653503417969,0.6899999976158142
2026-04-01,7.927793025970459,0.6600000262260437
2026-04-02,7.78818416595459,0.7599999904632568
2026-04-03,7.917820930480957,0.8100000023841858
2026-04-06,7.867960453033447,0.7850000262260437
2026-04-07,7.798156261444092,0.7749999761581421
2026-04-08,7.927793025970459,0.7350000143051147
2026-04-09,7.8380446434021,0.7900000214576721
2026-04-10,7.877933025360107,0.8050000071525574
2026-04-13,7.927793025970459,0.7749999761581421
2026-04-14,7.937765121459961,0.7699999809265137
2026-04-15,7.987625598907471,0.7599999904632568
2026-04-16,7.927793025970459,0.75
2026-04-17,7.937765121459961,0.7300000190734863
2026-04-20,7.917820930480957,0.7250000238418579
2026-04-21,7.758268356323242,0.7149999737739563
2026-04-22,7.8380446434021,0.7149999737739563
2026-04-23,8.047457695007324,0.75
2026-04-24,8.396480560302734,0.7300000190734863
2026-04-27,8.775419235229492,0.7200000286102295
2026-04-28,8.71558666229248,0.7200000286102295
2026-04-29,8.615865707397461,0.7149999737739563
2026-04-30,8.605894088745117,0.7250000238418579
2026-05-04,8.745503425598145,0.7200000286102295
2026-05-05,8.855195045471191,0.7350000143051147
2026-05-06,8.79536247253418,0.7200000286102295
2026-05-07,8.675698280334473,0.7200000286102295
2026-05-08,8.655754089355469,0.7599999904632568
2026-05-11,8.775419235229492,0.8550000190734863
2026-05-12,8.964887619018555,0.8500000238418579
2026-05-13,9.024721145629883,0.8399999737739563
2026-05-14,9.024721145629883,0.8299999833106995
2026-05-15,8.865167617797852,0.7799999713897705
2026-05-18,8.855195045471191,0.8100000023841858
2026-05-19,8.865167617797852,0.8100000023841858
2026-05-20,8.924999237060547,0.8100000023841858
2026-05-21,8.855195045471191,0.8100000023841858
2026-05-22,9.074581146240234,0.800000011920929
2026-05-25,8.944944381713867,0.7950000166893005
2026-05-26,8.974860191345215,0.7699999809265137
2026-05-27,8.974860191345215,0.7699999809265137
2026-05-28,8.974860191345215,0.7799999713897705
2026-05-29,8.974860191345215,0.8050000071525574
2026-06-02,8.974860191345215,0.8050000071525574
2026-06-03,9.254077911376953,0.8550000190734863
2026-06-04,8.974860191345215,0.8100000023841858
2026-06-05,9.074581146240234,0.8149999976158142
2026-06-08,8.875139236450195,0.8450000286102295
2026-06-09,8.934971809387207,0.824999988079071
2026-06-10,8.875139236450195,0.8100000023841858
2026-06-11,8.924999237060547,0.8299999833106995
2026-06-12,8.970000267028809,0.8050000071525574
2026-06-15,8.399999618530273,0.7799999713897705
2026-06-16,8.199999809265137,0.7450000047683716
2026-06-18,8.520000457763672,0.7200000286102295
2026-06-19,8.529999732971191,0.7200000286102295
2026-06-22,8.470000267028809,0.7099999785423279
2026-06-23,8.289999961853027,0.6899999976158142
2026-06-24,8.289999961853027,0.699999988079071
2026-06-25,7.789999961853027,0.699999988079071
2026-06-26,7.699999809265137,0.6850000023841858
2026-06-29,7.78000020980835,0.6949999928474426
2026-06-30,7.679999828338623,0.6850000023841858
2026-07-01,7.590000152587891,0.6850000023841858
2026-07-02,7.53000020980835,0.675000011920929
2026-07-03,7.71999979019165,0.6800000071525574
2026-07-06,7.570000171661377,0.6800000071525574
2026-07-07,7.670000076293945,0.6700000166893005
2026-07-08,7.5,0.6650000214576721
2026-07-09,7.559999942779541,0.6650000214576721
2026-07-10,7.699999809265137,0.6600000262260437
2026-07-13,7.849999904632568,0.6600000262260437
2026-07-14,8.1899995803833,0.6549999713897705
2026-07-15,8.020000457763672,0.6499999761581421
2026-07-16,8.069999694824219,0.6600000262260437
2026-07-17,8.0,0.6549999713897705
2026-07-20,7.909999847412109,0.6650000214576721
2026-07-21,7.900000095367432,0.6499999761581421
2026-07-22,8.050000190734863,0.6449999809265137
2026-07-23,8.050000190734863,0.6449999809265137
2026-07-24,7.860000133514404,0.6449999809265137
2026-07-27,7.820000171661377,0.6399999856948853
2026-07-28,7.889999866485596,0.6399999856948853
2026-07-29,7.900000095367432,0.6499999761581421
2026-07-30,7.909999847412109,0.6700000166893005
2026-07-31,7.960000038146973,0.6650000214576721
2026-08-03,7.949999809265137,0.6549999713897705
2026-08-04,8.0600004196167,0.6700000166893005
2026-08-05,8.3100004196167,0.6449999809265137
2026-08-06,7.989999771118164,0.6299999952316284
2026-08-07,7.929999828338623,0.625
2026-08-10,7.949999809265137,0.6299999952316284
2026-08-11,7.920000076293945,0.6600000262260437
2026-08-12,7.989999771118164,0.6650000214576721
2026-08-13,7.980000019073486,0.6549999713897705
2026-08-14,7.699999809265137,0.6549999713897705
2026-08-17,7.78000020980835,0.6549999713897705
2026-08-18,7.900000095367432,0.6600000262260437
2026-08-19,7.900000095367432,0.6650000214576721
2026-08-20,7.860000133514404,0.6650000214576721
2026-08-21,7.889999866485596,0.6650000214576721
2026-08-24,7.880000114440918,0.6650000214576721
