date,5285.KL,1961.KL,2445.KL
2015-01-02,,3.578500509262085,16.18332862854004
2015-01-05,,3.5188584327697754,16.18332862854004
2015-01-06,,3.496492862701416,15.992071151733398
2015-01-07,,3.503948450088501,16.036203384399414
2015-01-08,,3.533769369125366,16.77181053161621
2015-01-09,,3.533769369125366,16.30103302001953
2015-01-12,,3.5188584327697754,16.40401268005371
2015-01-13,,3.5412235260009766,16.168615341186523
2015-01-14,,3.5635902881622314,16.18332862854004
2015-01-15,,3.526313543319702,16.198040008544922
2015-01-16,,3.5114033222198486,16.18332862854004
2015-01-19,,3.503948450088501,16.18332862854004
2015-01-20,,3.503948450088501,16.198040008544922
2015-01-21,,3.503948450088501,16.609981536865234
2015-01-22,,3.533769369125366,16.874801635742188
2015-01-23,,3.533769369125366,16.845375061035156
2015-01-26,,3.533769369125366,16.815954208374023
2015-01-27,,3.556133985519409,16.78652572631836
2015-01-28,,3.578500509262085,16.91893768310547
2015-01-29,,3.533769369125366,16.93364906311035
2015-01-30,,3.5114033222198486,16.668827056884766
2015-02-04,,3.5412235260009766,16.845375061035156
2015-02-05,,3.5412235260009766,16.91893768310547
2015-02-06,,3.571044921875,16.91893768310547
2015-02-09,,3.571044921875,16.77181053161621
2015-02-10,,3.5486793518066406,16.55113410949707
2015-02-11,,3.556133985519409,16.55113410949707
2015-02-12,,3.5486793518066406,16.904224395751953
2015-02-13,,3.585955858230591,16.91893768310547
2015-02-16,,3.533769369125366,17.051349639892578
2015-02-17,,3.526313543319702,16.796850204467773
2015-02-18,,3.5114033222198486,16.781877517700195
2015-02-23,,3.5188584327697754,16.811819076538086
2015-02-24,,3.5188584327697754,16.781877517700195
2015-02-25,,3.5114033222198486,17.081287384033203
2015-02-26,,3.533769369125366,17.141170501708984
2015-02-27,,3.5114033222198486,16.991464614868164
2015-03-02,,3.5188584327697754,16.916610717773438
2015-03-03,,3.5226218700408936,16.916610717773438
2015-03-04,,3.53014874458313,17.036373138427734
2015-03-05,,3.5075671672821045,16.961523056030273
2015-03-06,,3.5150954723358154,16.841758728027344
2015-03-09,,3.492513656616211,16.632171630859375
2015-03-10,,3.424772024154663,16.632171630859375
2015-03-11,,3.4172451496124268,16.632171630859375
2015-03-12,,3.424772024154663,16.632171630859375
2015-03-13,,3.3871371746063232,16.632171630859375
2015-03-16,,3.424772024154663,16.542348861694336
2015-03-17,,3.3946642875671387,16.542348861694336
2015-03-18,,3.4097177982330322,16.587263107299805
2015-03-19,,3.45487904548645,16.991464614868164
2015-03-20,,3.4398255348205566,16.856731414794922
2015-03-23,,3.45487904548645,16.572288513183594
2015-03-24,,3.4699339866638184,16.916610717773438
2015-03-25,,3.5075671672821045,16.991464614868164
2015-03-26,,3.484987258911133,16.856731414794922
2015-03-27,,3.4398255348205566,17.11122703552246
2015-03-30,,3.4473519325256348,16.781877517700195
2015-03-31,,3.45487904548645,17.051349639892578
2015-04-01,,3.462406635284424,17.066312789916992
2015-04-02,,3.45487904548645,17.11122703552246
2015-04-03,,3.4699339866638184,17.066312789916992
2015-04-06,,3.462406635284424,17.11122703552246
2015-04-07,,3.462406635284424,17.290874481201172
2015-04-08,,3.4172451496124268,17.2010498046875
2015-04-09,,3.5000417232513428,17.066312789916992
2015-04-10,,3.4473519325256348,17.2010498046875
2015-04-13,,3.45487904548645,17.066312789916992
2015-04-14,,3.45487904548645,16.991464614868164
2015-04-15,,3.4322991371154785,16.841758728027344
2015-04-16,,3.4699339866638184,16.916610717773438
2015-04-17,,3.3871371746063232,16.931581497192383
2015-04-20,,3.3796093463897705,16.871702194213867
2015-04-21,,3.326920986175537,16.991464614868164
2015-04-22,,3.281759262084961,16.991464614868164
2015-04-23,,3.296813488006592,16.811819076538086
2015-04-24,,3.3118669986724854,17.530399322509766
2015-04-27,,3.3118669986724854,17.515430450439453
2015-04-28,,3.3118669986724854,17.260927200317383
2015-04-29,,3.3118669986724854,17.051349639892578
2015-04-30,,3.266704559326172,16.572288513183594
2015-05-05,,3.2365975379943848,16.76690673828125
2015-05-06,,3.221543550491333,16.46749496459961
2015-05-07,,3.1763815879821777,16.512405395507812
2015-05-08,,3.161327362060547,16.557323455810547
2015-05-11,,3.1086385250091553,16.25790786743164
2015-05-12,,3.131218910217285,16.018381118774414
2015-05-13,,3.2365975379943848,15.973471641540527
2015-05-14,,3.1688544750213623,16.46749496459961
2015-05-15,,3.1989622116088867,16.512405395507812
2015-05-18,,3.221543550491333,16.69205093383789
2015-05-19,,3.1538007259368896,16.512405395507812
2015-05-20,,3.131218910217285,16.76690673828125
2015-05-21,,3.078531503677368,16.886669158935547
2015-05-22,,3.0333690643310547,16.961523056030273
2015-05-25,,3.0333690643310547,16.617202758789062
2015-05-26,,3.0484228134155273,16.347728729248047
2015-05-27,,3.003261089324951,15.704005241394043
2015-05-28,,3.0484228134155273,15.718976020812988
2015-05-29,,3.003261089324951,15.494418144226074
2015-06-01,,3.018315315246582,15.718976020812988
2015-06-02,,3.04089617729187,16.063295364379883
2015-06-03,,3.0860583782196045,16.751934051513672
2015-06-04,,3.0107882022857666,16.991464614868164
2015-06-05,,3.0484228134155273,16.841758728027344
2015-06-08,,3.0333690643310547,16.27288246154785
2015-06-09,,3.018315315246582,16.13814926147461
2015-06-10,,3.0333690643310547,16.09323501586914
2015-06-11,,3.0258421897888184,16.09323501586914
2015-06-12,,3.04089617729187,16.09323501586914
2015-06-15,,3.0258421897888184,16.018381118774414
2015-06-16,,3.018315315246582,16.018381118774414
2015-06-17,,3.018315315246582,15.793830871582031
2015-06-18,,3.0107882022857666,16.018381118774414
2015-06-19,,3.0333690643310547,16.09323501586914
2015-06-22,,3.018315315246582,16.27288246154785
2015-06-23,,3.003261089324951,15.973471641540527
2015-06-24,,3.0484228134155273,16.10820960998535
2015-06-25,,2.9882068634033203,16.03335189819336
2015-06-26,,2.9882068634033203,16.03335189819336
2015-06-29,,3.003261089324951,15.853707313537598
2015-06-30,,3.0559496879577637,16.018381118774414
2015-07-01,,3.1161653995513916,16.27288246154785
2015-07-02,,3.1763815879821777,16.69205093383789
2015-07-03,,3.183908224105835,16.796850204467773
2015-07-06,,3.161327362060547,16.811819076538086
2015-07-07,,3.1914360523223877,16.841758728027344
2015-07-08,,3.0860583782196045,16.751934051513672
2015-07-09,,3.146272897720337,16.841758728027344
2015-07-10,,3.1989622116088867,16.976490020751953
2015-07-13,,3.1989622116088867,16.94655418395996
2015-07-14,,3.1914360523223877,17.081287384033203
2015-07-15,,3.221543550491333,17.149099349975586
2015-07-16,,3.244124412536621,17.329933166503906
2015-07-20,,3.221543550491333,17.25458335876465
2015-07-21,,3.244124412536621,17.329933166503906
2015-07-22,,3.2365975379943848,17.08881950378418
2015-07-23,,3.1989622116088867,16.953197479248047
2015-07-24,,3.1763815879821777,16.968265533447266
2015-07-27,,3.1763815879821777,16.66687774658203
2015-07-28,,3.1688544750213623,16.260000228881836
2015-07-29,,3.183908224105835,16.350418090820312
2015-07-30,,3.146272897720337,16.32027816772461
2015-07-31,,3.1914360523223877,16.576457977294922
2015-08-03,,3.2140164375305176,16.66687774658203
2015-08-04,,3.1914360523223877,16.380556106567383
2015-08-05,,3.221543550491333,16.425762176513672
2015-08-06,,3.1086385250091553,16.244930267333984
2015-08-07,,3.0559496879577637,16.229862213134766
2015-08-10,,3.0484228134155273,16.19972038269043
2015-08-11,,3.0484228134155273,16.184650421142578
2015-08-12,,3.0333690643310547,16.00381851196289
2015-08-13,,3.0258421897888184,15.838051795959473
2015-08-14,,3.018315315246582,15.536661148071289
2015-08-17,,2.9656264781951904,15.385965347290039
2015-08-18,,2.9656264781951904,15.265408515930176
2015-08-19,,2.9731531143188477,15.235267639160156
2015-08-20,,2.9731531143188477,15.25033950805664
2015-08-21,,3.0107882022857666,15.29554557800293
2015-08-24,,2.958099603652954,15.265408515930176
2015-08-25,,2.9731531143188477,15.325690269470215
2015-08-26,,2.980679988861084,15.672286033630371
2015-08-27,,3.003261089324951,15.672286033630371
2015-08-28,,3.0107882022857666,15.687355995178223
2015-09-01,,2.9656264781951904,15.370898246765137
2015-09-02,,2.9279918670654297,15.838051795959473
2015-09-03,,2.9430456161499023,15.7777738571167
2015-09-04,,2.935518503189087,15.762707710266113
2015-09-07,,2.9279918670654297,15.672286033630371
2015-09-08,,2.9394147396087646,15.70242691040039
2015-09-09,,2.9698739051818848,15.7777738571167
2015-09-10,,3.0612552165985107,15.822981834411621
2015-09-11,,3.046025037765503,15.74763298034668
2015-09-14,,3.0612552165985107,16.576457977294922
2015-09-15,,3.091714859008789,16.576457977294922
2015-09-17,,3.1374053955078125,16.923057556152344
2015-09-18,,3.0764851570129395,16.772363662719727
2015-09-21,,2.9089531898498535,16.727153778076172
2015-09-22,,3.0079498291015625,16.229862213134766
2015-09-23,,2.9698739051818848,16.049022674560547
2015-09-25,,2.954644203186035,16.049022674560547
2015-09-28,,2.954644203186035,16.049022674560547
2015-09-29,,2.977489471435547,16.0942325592041
2015-09-30,,3.099329948425293,16.350418090820312
2015-10-01,,3.3506271839141846,16.787429809570312
2015-10-02,,3.1983253955841064,16.953197479248047
2015-10-05,,3.175481081008911,17.05868148803711
2015-10-06,,3.2135562896728516,17.028541564941406
2015-10-07,,3.2744767665863037,16.907987594604492
2015-10-08,,3.304936408996582,16.862775802612305
2015-10-09,,3.381087064743042,17.028541564941406
2015-10-12,,3.3506271839141846,17.08881950378418
2015-10-13,,3.3201675415039062,17.11895751953125
2015-10-15,,3.2897069454193115,17.05868148803711
2015-10-16,,3.3506271839141846,17.028541564941406
2015-10-19,,3.3506271839141846,17.103897094726562
2015-10-20,,3.3201675415039062,17.028541564941406
2015-10-21,,3.3201675415039062,17.239519119262695
2015-10-22,,3.304936408996582,17.20937728881836
2015-10-23,,3.304936408996582,17.571044921875
2015-10-26,,3.396317958831787,17.450489044189453
2015-10-27,,3.3125522136688232,17.480632781982422
2015-10-28,,3.297321319580078,17.420352935791016
2015-10-29,,3.2440171241760254,17.314861297607422
2015-10-30,,3.2440171241760254,17.164167404174805
2015-11-02,,3.2820918560028076,16.99840545654297
2015-11-03,,3.297321319580078,17.103897094726562
2015-11-04,,3.3125522136688232,17.299795150756836
2015-11-05,,3.304936408996582,17.299795150756836
2015-11-06,,3.297321319580078,17.329933166503906
2015-11-09,,3.304936408996582,17.631324768066406
2015-11-11,,3.259247303009033,17.299795150756836
2015-11-12,,3.1450207233428955,16.983333587646484
2015-11-13,,3.1526355743408203,16.983333587646484
2015-11-16,,3.175481081008911,16.953197479248047
2015-11-17,,3.1602518558502197,16.983333587646484
2015-11-18,,3.5790796279907227,17.08881950378418
2015-11-19,,3.114561080932617,17.043615341186523
2015-11-20,,3.114561080932617,17.043615341186523
2015-11-23,,3.129790782928467,17.043615341186523
2015-11-24,,3.1526355743408203,17.179235458374023
2015-11-25,,3.167865753173828,17.164167404174805
2015-11-26,,3.167865753173828,17.073755264282227
2015-11-27,,3.3201675415039062,17.179235458374023
2015-11-30,,3.3125522136688232,17.28472900390625
2015-12-01,,3.2897069454193115,17.164167404174805
2015-12-02,,3.2211713790893555,17.05868148803711
2015-12-03,,3.2211713790893555,16.99840545654297
2015-12-04,,3.1983253955841064,16.8326416015625
2015-12-07,,3.2059412002563477,17.134033203125
2015-12-08,,3.2135562896728516,17.149099349975586
2015-12-09,,3.2135562896728516,17.164167404174805
2015-12-10,,3.2059412002563477,16.546314239501953
2015-12-11,,3.175481081008911,16.68194580078125
2015-12-14,,3.1602518558502197,16.68194580078125
2015-12-15,,3.1374053955078125,16.68194580078125
2015-12-16,,3.1374053955078125,16.87784767150879
2015-12-17,,3.259247303009033,17.299795150756836
2015-12-18,,3.2059412002563477,17.39021110534668
2015-12-21,,3.183096408843994,16.953197479248047
2015-12-22,,3.175481081008911,17.103897094726562
2015-12-23,,3.2744767665863037,17.329933166503906
2015-12-28,,3.259247303009033,17.25458335876465
2015-12-29,,3.297321319580078,17.329933166503906
2015-12-30,,3.3506271839141846,17.25458335876465
2015-12-31,,3.396317958831787,17.239519119262695
2016-01-04,,3.2135562896728516,17.179235458374023
2016-01-05,,3.388702392578125,17.329933166503906
2016-01-06,,3.4267780780792236,17.465564727783203
2016-01-07,,3.3658578395843506,17.314861297607422
2016-01-08,,3.3430123329162598,17.269655227661133
2016-01-11,,3.297321319580078,17.179235458374023
2016-01-12,,3.304936408996582,17.224449157714844
2016-01-13,,3.304936408996582,17.224449157714844
2016-01-14,,3.2897069454193115,17.028541564941406
2016-01-15,,3.2897069454193115,17.224449157714844
2016-01-18,,3.304936408996582,17.11895751953125
2016-01-19,,3.3125522136688232,17.149099349975586
2016-01-20,,3.2744767665863037,17.179235458374023
2016-01-21,,3.297321319580078,17.043615341186523
2016-01-22,,3.304936408996582,17.103897094726562
2016-01-26,,3.3430123329162598,17.164167404174805
2016-01-27,,3.3506271839141846,17.149099349975586
2016-01-28,,3.3734726905822754,17.58611488342285
2016-01-29,,3.693305492401123,18.008060455322266
2016-02-02,,3.5181593894958496,17.706666946411133
2016-02-03,,3.541004180908203,17.525835037231445
2016-02-04,,3.5790796279907227,17.69159698486328
2016-02-05,,3.6247689723968506,17.947782516479492
2016-02-08,,3.6247689723968506,17.947782516479492
2016-02-09,,3.6247689723968506,17.947782516479492
2016-02-10,,3.4572389125823975,17.299795150756836
2016-02-11,,3.510544776916504,17.420352935791016
2016-02-12,,3.556234836578369,17.465564727783203
2016-02-15,,3.556234836578369,17.631324768066406
2016-02-16,,3.5790796279907227,17.766950607299805
2016-02-17,,3.700920820236206,17.827224731445312
2016-02-18,,3.7313807010650635,18.20396614074707
2016-02-19,,3.6171538829803467,18.234102249145508
2016-02-22,,3.5866942405700684,18.31039810180664
2016-02-23,,3.5943095684051514,18.462982177734375
2016-02-24,,3.6095387935638428,18.676607131958008
2016-02-25,,3.655231475830078,18.31039810180664
2016-02-26,,3.6323845386505127,18.31039810180664
2016-02-29,,3.5790796279907227,18.15781021118164
2016-03-01,,3.5866942405700684,18.234102249145508
2016-03-02,,3.6399993896484375,18.218843460083008
2016-03-03,,3.6628453731536865,18.31039810180664
2016-03-04,,3.6513381004333496,18.096773147583008
2016-03-07,,3.682023525238037,18.31039810180664
2016-03-08,,3.6590094566345215,18.31039810180664
2016-03-09,,3.6590094566345215,18.31039810180664
2016-03-10,,3.697364091873169,18.29513931274414
2016-03-11,,3.8047568798065186,18.44772720336914
2016-03-14,,3.8354392051696777,18.44772720336914
2016-03-15,,3.797085762023926,18.722379684448242
2016-03-16,,3.797085762023926,18.417205810546875
2016-03-17,,3.812427282333374,18.569793701171875
2016-03-18,,3.812427282333374,18.462982177734375
2016-03-21,,3.7817440032958984,18.44772720336914
2016-03-22,,3.8047568798065186,18.524017333984375
2016-03-23,,3.6896936893463135,18.44772720336914
2016-03-24,,3.7050349712371826,18.31039810180664
2016-03-25,,3.5669593811035156,18.31039810180664
2016-03-28,,3.551617383956909,18.29513931274414
2016-03-29,,3.574629306793213,18.31039810180664
2016-03-30,,3.5899713039398193,18.31039810180664
2016-03-31,,3.505592107772827,18.31039810180664
2016-04-01,,3.4825801849365234,18.31039810180664
2016-04-04,,3.505592107772827,18.43246841430664
2016-04-05,,3.490250587463379,18.38669204711914
2016-04-06,,3.513262987136841,18.691864013671875
2016-04-07,,3.4442250728607178,18.279876708984375
2016-04-08,,3.4595673084259033,18.325653076171875
2016-04-11,,3.4595673084259033,18.325653076171875
2016-04-12,,3.4288830757141113,18.203584671020508
2016-04-13,,3.4749085903167725,18.31039810180664
2016-04-14,,3.4518964290618896,18.218843460083008
2016-04-15,,3.4672374725341797,18.31039810180664
2016-04-18,,3.4442250728607178,18.31039810180664
2016-04-19,,3.4288830757141113,18.24936294555664
2016-04-20,,3.3905293941497803,18.24936294555664
2016-04-21,,3.421212673187256,18.31039810180664
2016-04-22,,3.413541316986084,18.24936294555664
2016-04-25,,3.398200035095215,18.356170654296875
2016-04-26,,3.352174997329712,18.234102249145508
2016-04-27,,3.3828585147857666,18.24936294555664
2016-04-28,,3.3905293941497803,18.31039810180664
2016-04-29,,3.3905293941497803,18.24936294555664
2016-05-03,,3.3751866817474365,17.837377548217773
2016-05-04,,3.367516279220581,17.684797286987305
2016-05-05,,3.275465488433838,17.623760223388672
2016-05-06,,3.298478364944458,17.532201766967773
2016-05-09,,3.1910858154296875,17.48642921447754
2016-05-10,,3.206427812576294,17.51694679260254
2016-05-11,,3.214099168777466,17.608497619628906
2016-05-12,,3.2447822093963623,17.623760223388672
2016-05-13,,3.1680731773376465,17.440654754638672
2016-05-16,,3.160402297973633,17.623760223388672
2016-05-17,,3.206427812576294,17.54746437072754
2016-05-18,,3.206427812576294,17.54746437072754
2016-05-19,,3.2677950859069824,17.57798194885254
2016-05-20,,3.206427812576294,17.501691818237305
2016-05-23,,3.252453565597534,17.608497619628906
2016-05-24,,3.221769094467163,17.54746437072754
2016-05-25,,3.2371113300323486,17.562725067138672
2016-05-26,,3.252453565597534,17.669532775878906
2016-05-27,,3.252453565597534,17.608497619628906
2016-05-30,,3.206427812576294,17.57798194885254
2016-05-31,,3.1757442951202393,17.57798194885254
2016-06-01,,3.1834161281585693,17.57798194885254
2016-06-02,,3.1987569332122803,17.57798194885254
2016-06-03,,3.2294399738311768,17.608497619628906
2016-06-06,,3.275465488433838,17.745824813842773
2016-06-07,,3.3751866817474365,17.837377548217773
2016-06-08,,3.344503879547119,17.776342391967773
2016-06-09,,3.344503879547119,17.669532775878906
2016-06-10,,3.321490526199341,17.700054168701172
2016-06-13,,3.321490526199341,17.608497619628906
2016-06-14,,3.2908082008361816,17.57798194885254
2016-06-15,,3.321490526199341,17.562725067138672
2016-06-16,,3.298478364944458,17.54746437072754
2016-06-17,,3.3061490058898926,17.669532775878906
2016-06-20,,3.352174997329712,17.623760223388672
2016-06-21,,3.336832284927368,17.608497619628906
2016-06-23,,3.336832284927368,17.700054168701172
2016-06-24,,3.3291614055633545,17.54746437072754
2016-06-27,,3.344503879547119,17.54746437072754
2016-06-28,,3.336832284927368,17.54746437072754
2016-06-29,,3.352174997329712,17.715309143066406
2016-06-30,,3.3291614055633545,17.745824813842773
2016-07-01,,3.336832284927368,17.684797286987305
2016-07-04,,3.3598458766937256,17.715309143066406
2016-07-05,,3.352174997329712,17.715309143066406
2016-07-06,,3.352174997329712,17.715309143066406
2016-07-07,,3.352174997329712,17.715309143066406
2016-07-08,,3.2831368446350098,17.700054168701172
2016-07-11,,3.3598458766937256,17.776342391967773
2016-07-12,,3.344503879547119,17.684797286987305
2016-07-13,,3.3061490058898926,17.730566024780273
2016-07-14,,3.313819646835327,17.753610610961914
2016-07-15,,3.2831368446350098,17.784320831298828
2016-07-18,,3.313819646835327,17.815040588378906
2016-07-19,,3.336832284927368,17.84575080871582
2016-07-20,,3.298478364944458,17.738248825073242
2016-07-21,,3.298478364944458,17.76896095275879
2016-07-22,,3.2908082008361816,17.738248825073242
2016-07-25,,3.2831368446350098,17.830392837524414
2016-07-26,,3.252453565597534,17.676816940307617
2016-07-27,,3.2601239681243896,17.738248825073242
2016-07-28,,3.2601239681243896,17.738248825073242
2016-07-29,,3.2447822093963623,17.753610610961914
2016-08-01,,3.2831368446350098,17.815040588378906
2016-08-02,,3.2601239681243896,17.76896095275879
2016-08-03,,3.252453565597534,17.738248825073242
2016-08-04,,3.2447822093963623,17.76896095275879
2016-08-05,,3.413541316986084,17.753610610961914
2016-08-08,,3.3751866817474365,17.830392837524414
2016-08-09,,3.367516279220581,17.738248825073242
2016-08-10,,3.344503879547119,17.784320831298828
2016-08-11,,3.3598458766937256,17.84575080871582
2016-08-12,,3.367516279220581,17.861106872558594
2016-08-15,,3.3751866817474365,17.89182472229004
2016-08-16,,3.3751866817474365,17.89182472229004
2016-08-17,,3.3751866817474365,17.830392837524414
2016-08-18,,3.3751866817474365,17.76896095275879
2016-08-19,,3.405870199203491,18.15290641784668
2016-08-22,,3.405870199203491,18.07611846923828
2016-08-23,,3.398200035095215,18.045398712158203
2016-08-24,,3.3905293941497803,18.060762405395508
2016-08-25,,3.3905293941497803,18.1221923828125
2016-08-26,,3.3905293941497803,18.091474533081055
2016-08-29,,3.367516279220581,17.95325469970703
2016-08-30,,3.367516279220581,18.10683250427246
2016-09-01,,3.3751866817474365,18.10683250427246
2016-09-02,,3.3828585147857666,18.214338302612305
2016-09-05,,3.4442250728607178,18.137550354003906
2016-09-06,,3.4979214668273926,18.229694366455078
2016-09-07,,3.447563409805298,18.275768280029297
2016-09-08,,3.4708056449890137,18.352558135986328
2016-09-09,,3.486300468444824,18.245054244995117
2016-09-13,,3.4708056449890137,18.321842193603516
2016-09-14,,3.4708056449890137,18.291128158569336
2016-09-15,,3.408827781677246,18.275768280029297
2016-09-19,,3.4243218898773193,18.275768280029297
2016-09-20,,3.4320690631866455,18.291128158569336
2016-09-21,,3.416574716567993,18.275768280029297
2016-09-22,,3.385585069656372,18.30648422241211
2016-09-23,,3.4708056449890137,18.460060119628906
2016-09-26,,3.4708056449890137,18.506139755249023
2016-09-27,,3.4785523414611816,18.506139755249023
2016-09-28,,3.4940483570098877,18.49077796936035
2016-09-29,,3.5017950534820557,18.460060119628906
2016-09-30,,3.447563409805298,18.413990020751953
2016-10-04,,3.5017950534820557,18.460060119628906
2016-10-05,,3.4243218898773193,18.475418090820312
2016-10-06,,3.370089292526245,18.460060119628906
2016-10-07,,3.4243218898773193,18.521495819091797
2016-10-10,,3.447563409805298,18.429346084594727
2016-10-11,,3.486300468444824,18.444704055786133
2016-10-12,,3.486300468444824,18.460060119628906
2016-10-13,,3.455310821533203,18.460060119628906
2016-10-14,,3.447563409805298,18.383275985717773
2016-10-17,,3.447563409805298,18.413990020751953
2016-10-18,,3.4785523414611816,18.39862632751465
2016-10-19,,3.486300468444824,18.39862632751465
2016-10-20,,3.4785523414611816,18.367919921875
2016-10-21,,3.4940483570098877,18.70578956604004
2016-10-24,,3.486300468444824,18.644357681274414
2016-10-25,,3.4940483570098877,18.61363983154297
2016-10-26,,3.486300468444824,18.58292579650879
2016-10-27,,3.4940483570098877,18.58292579650879
2016-10-28,,3.517289876937866,18.367919921875
2016-10-31,,3.486300468444824,18.39862632751465
2016-11-01,,3.4630582332611084,18.39862632751465
2016-11-02,,3.408827781677246,18.352558135986328
2016-11-03,,3.370089292526245,18.506139755249023
2016-11-04,,3.385585069656372,18.30648422241211
2016-11-07,,3.385585069656372,18.321842193603516
2016-11-08,,3.447563409805298,18.321842193603516
2016-11-09,,3.377838134765625,18.1221923828125
2016-11-10,,3.4010798931121826,18.01468276977539
2016-11-11,,3.377838134765625,18.18362045288086
2016-11-14,,3.377838134765625,18.07611846923828
2016-11-15,,3.3933322429656982,18.19898223876953
2016-11-16,,3.416574716567993,18.367919921875
2016-11-17,,3.3933322429656982,18.352558135986328
2016-11-18,,3.385585069656372,18.275768280029297
2016-11-21,,3.377838134765625,18.229694366455078
2016-11-22,,3.377838134765625,18.229694366455078
2016-11-23,,3.408827781677246,18.229694366455078
2016-11-24,,3.3933322429656982,18.229694366455078
2016-11-25,,3.377838134765625,18.506139755249023
2016-11-28,,3.377838134765625,18.413990020751953
2016-11-29,,3.377838134765625,18.33719825744629
2016-11-30,,3.370089292526245,18.33719825744629
2016-12-01,,3.377838134765625,18.33719825744629
2016-12-02,,3.3933322429656982,18.33719825744629
2016-12-05,,3.385585069656372,18.19898223876953
2016-12-06,,3.3933322429656982,18.275768280029297
2016-12-07,,3.3933322429656982,18.30648422241211
2016-12-08,,3.408827781677246,18.475418090820312
2016-12-09,,3.4010798931121826,18.33719825744629
2016-12-13,,3.408827781677246,18.33719825744629
2016-12-14,,3.408827781677246,18.33719825744629
2016-12-15,,3.408827781677246,18.49077796936035
2016-12-16,,3.4320690631866455,18.321842193603516
2016-12-19,,3.3933322429656982,18.214338302612305
2016-12-20,,3.4010798931121826,18.275768280029297
2016-12-21,,3.3933322429656982,18.168262481689453
2016-12-22,,3.4010798931121826,18.229694366455078
2016-12-23,,3.377838134765625,18.07611846923828
2016-12-27,,3.4010798931121826,18.137550354003906
2016-12-28,,3.370089292526245,18.18362045288086
2016-12-29,,3.4243218898773193,18.58292579650879
2016-12-30,,3.408827781677246,18.429346084594727
2017-01-02,,3.408827781677246,18.429346084594727
2017-01-03,,3.4320690631866455,18.429346084594727
2017-01-04,,3.416574716567993,18.444704055786133
2017-01-05,,3.4398159980773926,18.444704055786133
2017-01-06,,3.486300468444824,18.521495819091797
2017-01-09,,3.486300468444824,18.506139755249023
2017-01-10,,3.486300468444824,18.506139755249023
2017-01-11,,3.486300468444824,18.521495819091797
2017-01-12,,3.4708056449890137,18.58292579650879
2017-01-13,,3.4785523414611816,18.58292579650879
2017-01-16,,3.455310821533203,18.506139755249023
2017-01-17,,3.4785523414611816,18.58292579650879
2017-01-18,,3.4785523414611816,18.521495819091797
2017-01-19,,3.4785523414611816,18.598281860351562
2017-01-20,,3.4785523414611816,18.61363983154297
2017-01-23,,3.4785523414611816,18.61363983154297
2017-01-24,,3.4785523414611816,18.628995895385742
2017-01-25,,3.4785523414611816,18.67506980895996
2017-01-26,,3.4785523414611816,18.690425872802734
2017-01-27,,3.4785523414611816,18.460060119628906
2017-01-31,,3.4785523414611816,18.506139755249023
2017-02-02,,3.4785523414611816,18.690425872802734
2017-02-03,,3.4785523414611816,18.813291549682617
2017-02-06,,3.4785523414611816,19.320096969604492
2017-02-07,,3.4785523414611816,19.212594985961914
2017-02-08,,3.4785523414611816,19.243310928344727
2017-02-10,,3.4785523414611816,19.258670806884766
2017-02-13,,3.4785523414611816,19.274023056030273
2017-02-14,,3.4785523414611816,19.274023056030273
2017-02-15,,3.4785523414611816,19.19723892211914
2017-02-16,,3.4785523414611816,19.135807037353516
2017-02-17,,3.4785523414611816,19.10508918762207
2017-02-20,,3.4785523414611816,19.06614875793457
2017-02-21,,3.4785523414611816,18.87922477722168
2017-02-22,,3.4785523414611816,18.84807014465332
2017-02-23,,3.4785523414611816,18.925954818725586
2017-02-24,,3.4785523414611816,18.754608154296875
2017-02-27,,3.4785523414611816,18.84807014465332
2017-02-28,,3.4785523414611816,18.80133819580078
2017-03-01,,3.4785523414611816,18.84807014465332
2017-03-02,,3.4785523414611816,18.941532135009766
2017-03-03,,3.5137693881988525,18.988262176513672
2017-03-06,,3.5137693881988525,18.988262176513672
2017-03-07,,3.5137693881988525,19.144027709960938
2017-03-08,,3.5137693881988525,19.003841400146484
2017-03-09,,3.5137693881988525,18.988262176513672
2017-03-10,,3.5137693881988525,18.988262176513672
2017-03-13,,3.5137693881988525,19.05057144165039
2017-03-14,,3.5137693881988525,19.081724166870117
2017-03-15,,3.5137693881988525,19.081724166870117
2017-03-16,,3.5137693881988525,19.237497329711914
2017-03-17,,3.5137693881988525,19.284221649169922
2017-03-20,,3.5137693881988525,19.315378189086914
2017-03-21,,3.5137693881988525,19.330955505371094
2017-03-22,,3.5137693881988525,19.315378189086914
2017-03-23,,3.5137693881988525,19.2219181060791
2017-03-24,,3.5137693881988525,19.06614875793457
2017-03-27,,3.5137693881988525,19.237497329711914
2017-03-28,,3.5137693881988525,19.2997989654541
2017-03-29,,3.5137693881988525,19.2997989654541
2017-03-30,,3.5137693881988525,19.2997989654541
2017-03-31,,3.5137693881988525,19.2219181060791
2017-04-03,,3.5137693881988525,19.237497329711914
2017-04-04,,3.5137693881988525,19.408842086791992
2017-04-05,,3.5137693881988525,19.175186157226562
2017-04-06,,3.5137693881988525,19.2219181060791
2017-04-07,,3.5137693881988525,19.2219181060791
2017-04-10,,3.5137693881988525,19.05057144165039
2017-04-11,,3.5137693881988525,19.05057144165039
2017-04-12,,3.5137693881988525,19.06614875793457
2017-04-13,,3.5137693881988525,18.770191192626953
2017-04-14,,3.5137693881988525,18.55211067199707
2017-04-17,,3.5137693881988525,18.676725387573242
2017-04-18,,3.5137693881988525,18.80133819580078
2017-04-19,,3.5137693881988525,18.816919326782227
2017-04-20,,3.5137693881988525,18.8636474609375
2017-04-21,,3.5528972148895264,18.941532135009766
2017-04-24,,3.5528972148895264,18.925954818725586
2017-04-25,,3.5607237815856934,19.128454208374023
2017-04-26,,3.5998523235321045,19.097299575805664
2017-04-27,,3.607677936553955,19.097299575805664
2017-04-28,,3.5920262336730957,19.097299575805664
2017-05-02,,3.5920262336730957,19.190763473510742
2017-05-03,,3.5294203758239746,19.15960693359375
2017-05-04,,3.5607237815856934,19.190763473510742
2017-05-05,,3.5763750076293945,19.237497329711914
2017-05-08,,3.5998523235321045,19.268646240234375
2017-05-09,,3.5920262336730957,19.315378189086914
2017-05-11,,3.615504026412964,19.36210823059082
2017-05-12,,3.6311557292938232,19.408842086791992
2017-05-15,,3.6311557292938232,19.393266677856445
2017-05-16,,3.6311557292938232,19.393266677856445
2017-05-17,,3.5998523235321045,19.393266677856445
2017-05-18,,3.5607237815856934,19.393266677856445
2017-05-19,,3.5450727939605713,19.36210823059082
2017-05-22,,3.5528972148895264,19.346534729003906
2017-05-23,,3.5294203758239746,19.284221649169922
2017-05-24,,3.5450727939605713,19.315378189086914
2017-05-25,,3.5763750076293945,19.237497329711914
2017-05-26,,3.584200859069824,19.2997989654541
2017-05-29,,3.5685501098632812,19.253070831298828
2017-05-31,,3.5607237815856934,19.284221649169922
2017-06-01,,3.4824650287628174,19.268646240234375
2017-06-02,,3.5137693881988525,19.2997989654541
2017-06-05,,3.537245988845825,19.315378189086914
2017-06-06,,3.5607237815856934,19.36210823059082
2017-06-07,,3.5528972148895264,19.377685546875
2017-06-08,,3.5450727939605713,19.393266677856445
2017-06-09,,3.5528972148895264,19.315378189086914
2017-06-13,,3.537245988845825,19.284221649169922
2017-06-14,,3.5137693881988525,19.315378189086914
2017-06-15,,3.4981164932250977,19.268646240234375
2017-06-16,,3.584200859069824,19.704801559448242
2017-06-19,,3.521594762802124,19.393266677856445
2017-06-20,,3.521594762802124,19.393266677856445
2017-06-21,,3.5137693881988525,19.393266677856445
2017-06-22,,3.5059428215026855,19.36210823059082
2017-06-23,,3.5059428215026855,19.315378189086914
2017-06-26,,3.5137693881988525,19.284221649169922
2017-06-27,,3.5137693881988525,19.284221649169922
2017-06-28,,3.4824650287628174,19.346534729003906
2017-06-29,,3.521594762802124,19.36210823059082
2017-06-30,,3.4824650287628174,19.377685546875
2017-07-03,,3.5059428215026855,19.393266677856445
2017-07-04,,3.4902915954589844,19.377685546875
2017-07-05,,3.4902915954589844,19.346534729003906
2017-07-06,,3.607677936553955,19.315378189086914
2017-07-07,,3.4981164932250977,19.2219181060791
2017-07-10,,3.5137693881988525,19.253070831298828
2017-07-11,,3.5059428215026855,19.284221649169922
2017-07-12,,3.5137693881988525,19.284221649169922
2017-07-13,,3.5294203758239746,19.354751586914062
2017-07-14,,3.5137693881988525,19.323406219482422
2017-07-17,,3.521594762802124,19.354751586914062
2017-07-18,,3.5137693881988525,19.354751586914062
2017-07-19,,3.5137693881988525,19.370418548583984
2017-07-20,,3.5137693881988525,19.386091232299805
2017-07-21,,3.5059428215026855,19.386091232299805
2017-07-24,,3.5059428215026855,19.40176010131836
2017-07-25,,3.5059428215026855,19.370418548583984
2017-07-26,,3.5294203758239746,19.354751586914062
2017-07-27,,3.5059428215026855,19.354751586914062
2017-07-28,,3.4981164932250977,19.354751586914062
2017-07-31,,3.4981164932250977,19.43310546875
2017-08-01,,3.4981164932250977,19.276386260986328
2017-08-02,,3.4824650287628174,19.370418548583984
2017-08-03,,3.4902915954589844,19.44877815246582
2017-08-04,,3.4902915954589844,19.40176010131836
2017-08-07,,3.5294203758239746,19.43310546875
2017-08-08,,3.521594762802124,19.44877815246582
2017-08-09,,3.5059428215026855,19.44877815246582
2017-08-10,,3.5137693881988525,19.41743278503418
2017-08-11,,3.474640369415283,19.386091232299805
2017-08-14,,3.4902915954589844,19.354751586914062
2017-08-15,,3.4902915954589844,19.33907699584961
2017-08-16,,3.5059428215026855,19.198030471801758
2017-08-17,,3.4981164932250977,19.041311264038086
2017-08-18,,3.5685501098632812,19.041311264038086
2017-08-21,,3.521594762802124,19.041311264038086
2017-08-22,,3.521594762802124,19.041311264038086
2017-08-23,,3.521594762802124,19.119672775268555
2017-08-24,,3.6323866844177246,19.119672775268555
2017-08-25,,3.6007320880889893,19.15101432800293
2017-08-28,,3.584904909133911,19.135343551635742
2017-08-29,,3.569077253341675,19.15101432800293
2017-08-30,,3.592818260192871,19.229373931884766
2017-08-31,,3.592818260192871,19.229373931884766
2017-09-01,,3.592818260192871,19.229373931884766
2017-09-04,,3.592818260192871,19.229373931884766
2017-09-05,,3.584904909133911,19.24504280090332
2017-09-06,,3.584904909133911,19.24504280090332
2017-09-07,,3.6086459159851074,19.29206085205078
2017-09-08,,3.6007320880889893,19.386091232299805
2017-09-11,,3.584904909133911,19.386091232299805
2017-09-12,,3.6007320880889893,19.43310546875
2017-09-13,,3.6719553470611572,19.44877815246582
2017-09-14,,3.592818260192871,19.354751586914062
2017-09-15,,3.6877832412719727,19.276386260986328
2017-09-18,,3.7036094665527344,19.276386260986328
2017-09-19,,3.6798694133758545,19.198030471801758
2017-09-20,,3.664041042327881,19.135343551635742
2017-09-21,,3.6402995586395264,19.229373931884766
2017-09-22,,3.6402995586395264,19.229373931884766
2017-09-25,,3.6007320880889893,19.29206085205078
2017-09-26,,3.584904909133911,19.24504280090332
2017-09-27,,3.569077253341675,19.182357788085938
2017-09-28,,3.6244728565216064,19.229373931884766
2017-09-29,,3.592818260192871,19.24504280090332
2017-10-02,,3.584904909133911,19.29206085205078
2017-10-03,,3.592818260192871,19.43310546875
2017-10-04,,3.584904909133911,19.41743278503418
2017-10-05,,3.584904909133911,19.41743278503418
2017-10-06,,3.592818260192871,19.43310546875
2017-10-09,,3.584904909133911,19.41743278503418
2017-10-10,,3.576991081237793,19.41743278503418
2017-10-11,,3.569077253341675,19.354751586914062
2017-10-12,,3.569077253341675,19.40176010131836
2017-10-13,,3.584904909133911,19.370418548583984
2017-10-16,,3.584904909133911,19.386091232299805
2017-10-17,,3.592818260192871,18.88459587097168
2017-10-18,,3.592818260192871,18.88459587097168
2017-10-19,,3.5532493591308594,19.1039981842041
2017-10-20,,3.529508590698242,19.166685104370117
2017-10-23,,3.505768299102783,19.119672775268555
2017-10-24,,3.5611631870269775,19.041311264038086
2017-10-25,,3.529508590698242,19.198030471801758
2017-10-26,,3.545334815979004,19.213701248168945
2017-10-27,,3.5532493591308594,19.182357788085938
2017-10-30,,3.576991081237793,19.276386260986328
2017-10-31,,3.529508590698242,19.276386260986328
2017-11-01,,3.545334815979004,19.276386260986328
2017-11-02,,3.5611631870269775,19.323406219482422
2017-11-03,,3.545334815979004,19.33907699584961
2017-11-06,,3.6323866844177246,19.40176010131836
2017-11-07,,3.569077253341675,19.33907699584961
2017-11-08,,3.529508590698242,19.33907699584961
2017-11-09,,3.5374221801757812,19.41743278503418
2017-11-10,,3.5611631870269775,19.354751586914062
2017-11-13,,3.497854471206665,19.24504280090332
2017-11-14,,3.4503722190856934,19.198030471801758
2017-11-15,,3.505768299102783,19.182357788085938
2017-11-16,,3.513680934906006,19.15101432800293
2017-11-17,,3.513680934906006,19.135343551635742
2017-11-20,,3.513680934906006,19.056982040405273
2017-11-21,,3.545334815979004,19.166685104370117
2017-11-22,,3.6007320880889893,19.198030471801758
2017-11-23,,3.576991081237793,19.009963989257812
2017-11-24,,3.521594524383545,19.198030471801758
2017-11-27,,3.521594524383545,19.15101432800293
2017-11-28,,3.497854471206665,19.056982040405273
2017-11-29,,3.513680934906006,19.088327407836914
2017-11-30,3.9227473735809326,3.529508590698242,19.1039981842041
2017-12-01,3.9227473735809326,3.529508590698242,19.1039981842041
2017-12-04,3.7974696159362793,3.529508590698242,19.1039981842041
2017-12-05,3.719170570373535,3.5611631870269775,19.15101432800293
2017-12-06,3.813129425048828,3.529508590698242,19.135343551635742
2017-12-07,4.040194034576416,3.5611631870269775,19.15101432800293
2017-12-08,4.1419830322265625,3.5532493591308594,19.166685104370117
2017-12-11,4.212450981140137,3.5374221801757812,19.1039981842041
2017-12-12,4.212450981140137,3.5374221801757812,19.119672775268555
2017-12-13,4.212450981140137,3.529508590698242,19.15101432800293
2017-12-14,4.126321792602539,3.5374221801757812,19.182357788085938
2017-12-15,4.110662460327148,3.4899399280548096,19.166685104370117
2017-12-18,4.1498122215271,3.4899399280548096,19.213701248168945
2017-12-19,4.1498122215271,3.4345438480377197,19.24504280090332
2017-12-20,4.24376916885376,3.4899399280548096,19.213701248168945
2017-12-21,4.24376916885376,3.529508590698242,19.276386260986328
2017-12-22,4.25160026550293,3.6007320880889893,19.33907699584961
2017-12-25,4.25160026550293,3.6007320880889893,19.33907699584961
2017-12-26,4.259428977966309,3.6007320880889893,19.464454650878906
2017-12-27,4.2829179763793945,3.584904909133911,19.57415199279785
2017-12-28,4.290750026702881,3.5611631870269775,19.323406219482422
2017-12-29,4.69789981842041,3.592818260192871,19.589828491210938
2018-01-02,4.29857873916626,3.592818260192871,19.370418548583984
2018-01-03,4.306407928466797,3.584904909133911,19.43310546875
2018-01-04,4.345556735992432,3.6402995586395264,19.464454650878906
2018-01-05,4.392537593841553,3.6402995586395264,19.49579429626465
2018-01-08,4.392537593841553,3.6719553470611572,19.683856964111328
2018-01-09,4.384706497192383,3.6956963539123535,19.73087501525879
2018-01-10,4.369047164916992,3.6877832412719727,19.69953155517578
2018-01-11,4.322068214416504,3.6956963539123535,19.683856964111328
2018-01-12,4.329898834228516,3.6719553470611572,19.73087501525879
2018-01-15,4.3377275466918945,3.6719553470611572,19.77788734436035
2018-01-16,4.306407928466797,3.664041042327881,19.762216567993164
2018-01-17,4.306407928466797,3.6877832412719727,19.74654769897461
2018-01-18,4.3377275466918945,3.6877832412719727,19.74654769897461
2018-01-19,4.306407928466797,3.6877832412719727,19.683856964111328
2018-01-22,4.306407928466797,3.6956963539123535,19.668184280395508
2018-01-23,4.314239025115967,3.6956963539123535,19.668184280395508
2018-01-24,4.3377275466918945,3.6877832412719727,19.77788734436035
2018-01-25,4.314239025115967,3.6956963539123535,19.77788734436035
2018-01-26,4.306407928466797,3.71943736076355,19.77788734436035
2018-01-29,4.306407928466797,3.6877832412719727,19.793561935424805
2018-01-30,4.306407928466797,3.7115249633789062,19.762216567993164
2018-02-02,4.345556735992432,3.71943736076355,19.793561935424805
2018-02-05,4.29857873916626,3.6798694133758545,19.69953155517578
2018-02-06,4.275089740753174,3.648214340209961,19.589828491210938
2018-02-07,4.306407928466797,3.7036094665527344,19.74654769897461
2018-02-08,4.306407928466797,3.7036094665527344,19.77788734436035
2018-02-09,4.306407928466797,3.7036094665527344,19.762216567993164
2018-02-12,4.361217498779297,3.7036094665527344,19.77788734436035
2018-02-13,4.369047164916992,3.71943736076355,19.80923080444336
2018-02-14,4.2281107902526855,3.7273507118225098,19.762216567993164
2018-02-15,4.29857873916626,3.7273507118225098,19.793561935424805
2018-02-16,4.29857873916626,,
2018-02-19,4.3377275466918945,3.7431771755218506,19.934608459472656
2018-02-20,4.345556735992432,3.7590057849884033,19.98162078857422
2018-02-21,4.329898834228516,3.7669193744659424,19.98162078857422
2018-02-22,4.306407928466797,3.7827465534210205,20.044309616088867
2018-02-23,4.322068214416504,3.7906606197357178,19.98162078857422
2018-02-26,4.306407928466797,3.7906606197357178,19.98162078857422
2018-02-27,4.329898834228516,3.7906606197357178,19.997295379638672
2018-02-28,4.188960552215576,3.7115249633789062,19.62116813659668
2018-03-01,4.306407928466797,3.735264778137207,19.824905395507812
2018-03-02,4.314239025115967,3.7906606197357178,19.840576171875
2018-03-05,4.322068214416504,3.7827465534210205,19.903261184692383
2018-03-06,4.314239025115967,3.806487798690796,19.903261184692383
2018-03-07,4.259428977966309,3.7906606197357178,19.85624885559082
2018-03-08,4.275089740753174,3.822314977645874,19.871919631958008
2018-03-09,4.26725959777832,3.8302299976348877,19.903261184692383
2018-03-12,4.353387832641602,3.8381431102752686,19.903261184692383
2018-03-13,4.384706497192383,3.8539695739746094,19.918933868408203
2018-03-14,4.353387832641602,3.8460566997528076,19.74654769897461
2018-03-15,4.322068214416504,3.798574447631836,19.887590408325195
2018-03-16,4.290750026702881,3.7494544982910156,19.840576171875
2018-03-19,4.306407928466797,3.774014472961426,19.871919631958008
2018-03-20,4.384706497192383,3.814948081970215,19.903261184692383
2018-03-21,4.3768768310546875,3.823133945465088,19.950279235839844
2018-03-22,4.384706497192383,3.8886265754699707,19.98162078857422
2018-03-23,4.416026592254639,3.9131858348846436,19.98162078857422
2018-03-26,4.369047164916992,3.921373128890991,19.965951919555664
2018-03-27,4.3768768310546875,3.9295594692230225,20.02863883972168
2018-03-28,4.322068214416504,3.9295594692230225,20.02863883972168
2018-03-29,4.306407928466797,3.9131858348846436,20.044309616088867
2018-03-30,4.322068214416504,3.921373128890991,20.044309616088867
2018-04-02,4.329898834228516,3.9131858348846436,20.02863883972168
2018-04-03,4.3377275466918945,3.9131858348846436,20.02863883972168
2018-04-04,4.314239025115967,3.823133945465088,19.965951919555664
2018-04-05,4.306407928466797,3.855879783630371,19.98162078857422
2018-04-06,4.306407928466797,3.847693920135498,20.02863883972168
2018-04-09,4.322068214416504,3.839508295059204,20.044309616088867
2018-04-10,4.541303634643555,3.880439281463623,20.044309616088867
2018-04-11,4.408196449279785,3.8886265754699707,19.965951919555664
2018-04-12,4.3768768310546875,3.904999017715454,20.357746124267578
2018-04-13,4.3768768310546875,3.921373128890991,20.02863883972168
2018-04-16,4.416026592254639,3.921373128890991,20.044309616088867
2018-04-17,4.384706497192383,3.904999017715454,20.01296615600586
2018-04-18,4.412283897399902,3.921373128890991,19.98162078857422
2018-04-19,4.412283897399902,3.921373128890991,20.01296615600586
2018-04-20,4.3492512702941895,3.9131858348846436,19.98162078857422
2018-04-23,4.388647079467773,3.9131858348846436,19.997295379638672
2018-04-24,4.365009784698486,3.9131858348846436,19.98162078857422
2018-04-25,4.333491802215576,3.8886265754699707,19.965951919555664
2018-04-26,4.380766868591309,3.904999017715454,19.98162078857422
2018-04-27,4.380766868591309,3.921373128890991,19.997295379638672
2018-04-30,4.388647079467773,3.921373128890991,19.965951919555664
2018-05-02,4.325613498687744,3.921373128890991,19.918933868408203
2018-05-03,4.341372013092041,3.904999017715454,19.950279235839844
2018-05-04,4.325613498687744,3.880439281463623,19.98162078857422
2018-05-07,4.301976680755615,3.839508295059204,19.871919631958008
2018-05-08,4.286218166351318,3.823133945465088,19.887590408325195
2018-05-14,4.294096946716309,3.823133945465088,19.887590408325195
2018-05-15,4.341372013092041,3.8886265754699707,19.98162078857422
2018-05-16,4.365009784698486,3.8886265754699707,19.903261184692383
2018-05-17,4.372888565063477,3.8886265754699707,19.135343551635742
2018-05-18,4.3492512702941895,3.8886265754699707,19.276386260986328
2018-05-21,4.380766868591309,3.921373128890991,19.605499267578125
2018-05-22,4.365009784698486,3.896813154220581,19.62116813659668
2018-05-23,4.333491802215576,3.8640668392181396,19.589828491210938
2018-05-24,4.341372013092041,3.8722522258758545,19.589828491210938
2018-05-25,4.333491802215576,3.8886265754699707,19.605499267578125
2018-05-28,4.325613498687744,3.855879783630371,19.636842727661133
2018-05-30,4.325613498687744,3.855879783630371,19.636842727661133
2018-05-31,4.2625813484191895,3.847693920135498,19.52713966369629
2018-06-01,4.215306758880615,3.7822000980377197,19.48012351989746
2018-06-04,4.136516571044922,3.765826940536499,19.49579429626465
2018-06-05,4.317735195159912,3.7903871536254883,19.5114688873291
2018-06-06,4.231065273284912,3.847693920135498,19.52713966369629
2018-06-07,4.231065273284912,3.814948081970215,19.52713966369629
2018-06-08,4.120758056640625,3.7903871536254883,19.52713966369629
2018-06-11,4.238945007324219,3.823133945465088,19.5114688873291
2018-06-12,4.207427978515625,3.8067612648010254,19.52713966369629
2018-06-13,4.301976680755615,3.765826940536499,19.542810440063477
2018-06-14,4.341372013092041,3.847693920135498,19.542810440063477
2018-06-18,4.317735195159912,3.774014472961426,19.041311264038086
2018-06-19,4.294096946716309,3.814948081970215,19.041311264038086
2018-06-20,4.294096946716309,3.7412681579589844,18.44577980041504
2018-06-21,4.215306758880615,3.774014472961426,18.63384246826172
2018-06-22,4.160154342651367,3.757641553878784,18.524139404296875
2018-06-25,4.215306758880615,3.7494544982910156,18.79056167602539
2018-06-26,4.168032646179199,3.7494544982910156,18.837575912475586
2018-06-27,4.1759114265441895,3.667587995529175,18.88459587097168
2018-06-28,4.215306758880615,3.683961868286133,18.88459587097168
2018-06-29,4.199549674987793,3.7167086601257324,18.931610107421875
2018-07-02,4.199549674987793,3.7494544982910156,18.96295166015625
2018-07-03,4.207427978515625,3.683961868286133,18.88459587097168
2018-07-04,4.215306758880615,3.6512155532836914,18.994295120239258
2018-07-05,4.215306758880615,3.6594021320343018,18.994295120239258
2018-07-06,4.144394874572754,3.585723400115967,18.994295120239258
2018-07-09,4.1759114265441895,3.6512155532836914,18.900264739990234
2018-07-10,4.215306758880615,3.7248950004577637,18.947282791137695
2018-07-11,4.238945007324219,3.667587995529175,18.994295120239258
2018-07-12,4.168032646179199,3.683961868286133,19.112567901611328
2018-07-13,4.168032646179199,3.7167086601257324,19.144105911254883
2018-07-16,4.1916704177856445,3.683961868286133,19.144105911254883
2018-07-17,4.120758056640625,3.6020963191986084,19.144105911254883
2018-07-18,4.136516571044922,3.667587995529175,19.207183837890625
2018-07-19,4.089241981506348,3.683961868286133,19.23872184753418
2018-07-20,4.081362247467041,3.7003352642059326,19.23872184753418
2018-07-23,4.065605163574219,3.733081817626953,19.222951889038086
2018-07-24,4.199549674987793,3.7412681579589844,19.254493713378906
2018-07-25,4.136516571044922,3.7412681579589844,19.254493713378906
2018-07-26,4.136516571044922,3.733081817626953,19.3648738861084
2018-07-27,4.120758056640625,3.733081817626953,19.38064193725586
2018-07-30,4.136516571044922,3.7167086601257324,19.396413803100586
2018-07-31,4.136516571044922,3.7822000980377197,19.52256965637207
2018-08-01,4.1916704177856445,3.7167086601257324,19.50680160522461
2018-08-02,4.081362247467041,3.708522319793701,19.50680160522461
2018-08-03,4.144394874572754,3.7494544982910156,19.45949363708496
2018-08-06,4.18379020690918,3.765826940536499,19.333337783813477
2018-08-07,4.207427978515625,3.847693920135498,19.396413803100586
2018-08-08,4.18379020690918,3.839508295059204,19.443727493286133
2018-08-09,4.207427978515625,3.8067612648010254,19.52256965637207
2018-08-10,4.231065273284912,3.798574209213257,19.47526741027832
2018-08-13,4.1050004959106445,3.733081817626953,19.45949363708496
2018-08-14,4.136516571044922,3.7248950004577637,19.601415634155273
2018-08-15,4.081362247467041,3.757641553878784,19.554109573364258
2018-08-16,4.065605163574219,3.708522319793701,19.38064193725586
2018-08-17,4.128636837005615,3.7412681579589844,19.45949363708496
2018-08-20,4.073483943939209,3.6921486854553223,19.412185668945312
2018-08-21,4.128636837005615,3.6921486854553223,19.47526741027832
2018-08-23,4.199549674987793,3.757641553878784,19.47526741027832
2018-08-24,4.207427978515625,3.7494544982910156,19.45949363708496
2018-08-27,4.09712028503418,3.733081817626953,19.491029739379883
2018-08-28,4.1759114265441895,3.7248950004577637,19.53833770751953
2018-08-29,4.207427978515625,3.6757750511169434,19.554109573364258
2018-08-30,4.2231855392456055,3.7003352642059326,19.443727493286133
2018-09-03,4.144394874572754,3.683961868286133,19.601415634155273
2018-09-04,4.144394874572754,3.7294440269470215,19.554109573364258
2018-09-05,4.128636837005615,3.704634428024292,19.554109573364258
2018-09-06,4.168032646179199,3.704634428024292,19.66449737548828
2018-09-07,4.1759114265441895,3.6632888317108154,19.632959365844727
2018-09-12,4.1050004959106445,3.6798267364501953,19.50680160522461
2018-09-13,4.120758056640625,3.6963653564453125,19.52256965637207
2018-09-14,4.18379020690918,3.754251003265381,19.617185592651367
2018-09-18,4.144172191619873,3.754251003265381,19.64872932434082
2018-09-19,4.199638366699219,3.7790586948394775,19.66449737548828
2018-09-20,4.215486526489258,3.7955970764160156,19.71180534362793
2018-09-21,4.247181415557861,3.704634428024292,19.7906494140625
2018-09-24,4.207561492919922,3.7211737632751465,19.71180534362793
2018-09-25,4.199638366699219,3.754251003265381,19.632959365844727
2018-09-26,4.223410129547119,3.754251003265381,19.69603157043457
2018-09-27,4.231334209442139,3.7707903385162354,19.71180534362793
2018-09-28,4.199638366699219,3.754251003265381,19.680265426635742
2018-10-01,4.152094841003418,3.7707903385162354,19.71180534362793
2018-10-02,4.183791637420654,3.7707903385162354,19.71180534362793
2018-10-03,4.167942523956299,3.7459821701049805,19.72757339477539
2018-10-04,4.160019397735596,3.7459821701049805,19.72757339477539
2018-10-05,4.160019397735596,3.712904214859009,19.71180534362793
2018-10-08,4.160019397735596,3.7790586948394775,19.71180534362793
2018-10-09,4.175867080688477,3.762519598007202,19.64872932434082
2018-10-10,4.152094841003418,3.7377119064331055,19.66449737548828
2018-10-11,4.152094841003418,3.7294440269470215,19.45949363708496
2018-10-12,4.128324031829834,3.7211737632751465,19.617185592651367
2018-10-15,4.104552268981934,3.712904214859009,19.617185592651367
2018-10-16,4.12039852142334,3.7459821701049805,19.64872932434082
2018-10-17,4.144172191619873,3.787327766418457,19.680265426635742
2018-10-18,4.064932823181152,3.787327766418457,19.69603157043457
2018-10-19,4.183791637420654,3.7459821701049805,19.71180534362793
2018-10-22,4.144172191619873,3.762519598007202,19.71180534362793
2018-10-23,4.12039852142334,3.7459821701049805,19.680265426635742
2018-10-24,4.160019397735596,3.7459821701049805,19.680265426635742
2018-10-25,4.0966291427612305,3.7294440269470215,19.680265426635742
2018-10-26,4.104552268981934,3.712904214859009,19.632959365844727
2018-10-29,4.104552268981934,3.6632888317108154,19.601415634155273
2018-10-30,4.057008743286133,3.7211737632751465,19.66449737548828
2018-10-31,4.167942523956299,3.7211737632751465,19.64872932434082
2018-11-01,4.183791637420654,3.704634428024292,19.64872932434082
2018-11-02,4.191714763641357,3.754251003265381,19.585651397705078
2018-11-05,4.183791637420654,3.7790586948394775,19.632959365844727
2018-11-07,4.12039852142334,3.7955970764160156,19.617185592651367
2018-11-08,4.12039852142334,3.7955970764160156,19.632959365844727
2018-11-09,4.160019397735596,3.7707903385162354,19.617185592651367
2018-11-12,4.088704586029053,3.712904214859009,19.617185592651367
2018-11-13,4.12039852142334,3.5971341133117676,19.632959365844727
2018-11-14,4.160019397735596,3.6219427585601807,19.64872932434082
2018-11-15,4.167942523956299,3.5971341133117676,19.601415634155273
2018-11-16,4.167942523956299,3.630211591720581,19.601415634155273
2018-11-19,4.191714763641357,3.5805957317352295,19.632959365844727
2018-11-21,4.144172191619873,3.5061726570129395,19.617185592651367
2018-11-22,4.104552268981934,3.530980348587036,19.617185592651367
2018-11-23,4.104552268981934,3.5640573501586914,19.632959365844727
2018-11-26,4.00946569442749,3.49790358543396,19.45949363708496
2018-11-27,3.977771043777466,3.473095178604126,19.270259857177734
2018-11-28,3.8826849460601807,3.5061726570129395,19.270259857177734
2018-11-29,3.93815016746521,3.6384809017181396,19.50680160522461
2018-11-30,3.7242069244384766,3.514442205429077,19.317569732666016
2018-12-03,3.9143800735473633,3.555788278579712,19.317569732666016
2018-12-04,3.8272173404693604,3.630211591720581,19.270259857177734
2018-12-05,3.892085313796997,3.6219427585601807,19.23872184753418
2018-12-06,3.786674976348877,3.588864803314209,19.222951889038086
2018-12-07,3.8028924465179443,3.5971341133117676,19.033716201782227
2018-12-10,3.6326138973236084,3.530980348587036,18.844482421875
2018-12-11,3.600179433822632,3.514442205429077,18.89179229736328
2018-12-12,3.600179433822632,3.5475192070007324,18.89179229736328
2018-12-13,3.616396427154541,3.5805957317352295,18.98641014099121
2018-12-14,3.5920703411102295,3.5392496585845947,18.92333221435547
2018-12-17,3.4866604804992676,3.4565563201904297,18.876028060913086
2018-12-18,3.3163814544677734,3.5227112770080566,18.860258102416992
2018-12-19,3.5839617252349854,3.5392496585845947,18.92333221435547
2018-12-20,3.535310983657837,3.4648258686065674,18.939098358154297
2018-12-21,3.8839776515960693,3.555788278579712,19.081026077270508
2018-12-24,3.754241943359375,3.630211591720581,19.065258026123047
2018-12-26,3.7380242347717285,3.630211591720581,19.081026077270508
2018-12-27,3.875869035720825,3.6384809017181396,19.033716201782227
2018-12-28,3.875869035720825,3.6963653564453125,19.427955627441406
2018-12-31,3.859652042388916,3.6798267364501953,19.491029739379883
2019-01-02,3.689373731613159,3.6384809017181396,18.98641014099121
2019-01-03,3.8191089630126953,3.688096523284912,18.98641014099121
2019-01-04,3.892085313796997,3.5971341133117676,19.081026077270508
2019-01-07,4.054256916046143,3.5971341133117676,18.970638275146484
2019-01-08,3.9893882274627686,3.6467502117156982,19.00218391418457
2019-01-09,4.0785813331604,3.6467502117156982,18.607942581176758
2019-01-10,4.094799041748047,3.712904214859009,18.89179229736328
2019-01-11,4.135341167449951,3.7377119064331055,19.00218391418457
2019-01-14,4.135341167449951,3.762519598007202,19.065258026123047
2019-01-15,4.119123935699463,3.803865671157837,19.15987205505371
2019-01-16,4.127233028411865,3.820404291152954,19.081026077270508
2019-01-17,4.135341167449951,3.8617515563964844,19.15987205505371
2019-01-18,4.143449306488037,3.8369433879852295,19.15987205505371
2019-01-22,4.192101001739502,3.8452131748199463,19.396413803100586
2019-01-23,4.175883769989014,3.8452131748199463,19.396413803100586
2019-01-24,4.175883769989014,3.853482246398926,19.412185668945312
2019-01-25,4.200209140777588,3.8617515563964844,19.47526741027832
2019-01-28,4.200209140777588,3.8452131748199463,19.491029739379883
2019-01-29,4.143449306488037,3.8286736011505127,19.317569732666016
2019-01-30,4.151557445526123,3.8121352195739746,19.222951889038086
2019-01-31,4.192101001739502,3.8452131748199463,19.45949363708496
2019-02-04,4.167774677276611,3.8452131748199463,19.270259857177734
2019-02-07,4.175883769989014,3.8452131748199463,19.47526741027832
2019-02-08,4.183992385864258,3.7790586948394775,19.333337783813477
2019-02-11,4.143449306488037,3.7459821701049805,19.23872184753418
2019-02-12,4.159667015075684,3.820404291152954,19.47526741027832
2019-02-13,4.167774677276611,3.754251003265381,19.491029739379883
2019-02-14,4.151557445526123,3.754251003265381,19.47526741027832
2019-02-15,4.183992385864258,3.803865671157837,19.554109573364258
2019-02-18,4.183992385864258,3.7790586948394775,19.50680160522461
2019-02-19,4.183992385864258,3.8700203895568848,19.71180534362793
2019-02-20,4.281295299530029,3.9113662242889404,19.948347091674805
2019-02-21,4.273185729980469,3.787327766418457,19.948347091674805
2019-02-22,4.248859882354736,3.7790586948394775,19.948347091674805
2019-02-25,4.265077114105225,3.803865671157837,20.107933044433594
2019-02-26,4.248859882354736,3.7707903385162354,19.932384490966797
2019-02-27,4.127233028411865,3.712904214859009,19.788759231567383
2019-02-28,4.135341167449951,3.712904214859009,19.74088478088379
2019-03-01,4.143449306488037,3.7377119064331055,19.756839752197266
2019-03-04,4.143449306488037,3.7377119064331055,19.756839752197266
2019-03-05,4.127233028411865,3.7377119064331055,19.72492218017578
2019-03-06,4.159667015075684,3.7459821701049805,19.788759231567383
2019-03-07,4.167774677276611,3.7459821701049805,19.804716110229492
2019-03-08,4.135341167449951,3.7584829330444336,19.77280044555664
2019-03-11,4.135341167449951,3.7584829330444336,19.77280044555664
2019-03-12,4.119123935699463,3.7584829330444336,19.788759231567383
2019-03-13,4.127233028411865,3.741814374923706,19.86855125427246
2019-03-14,4.111015796661377,3.716813564300537,19.836633682250977
2019-03-15,4.094799041748047,3.7834830284118652,19.948347091674805
2019-03-18,4.135341167449951,3.825151205062866,19.964303970336914
2019-03-19,4.127233028411865,3.791816234588623,19.8845157623291
2019-03-20,4.175883769989014,3.791816234588623,19.932384490966797
2019-03-21,4.102906703948975,3.741814374923706,19.533422470092773
2019-03-22,4.111015796661377,3.741814374923706,19.421709060668945
2019-03-25,4.102906703948975,3.741814374923706,19.43766975402832
2019-03-26,4.119123935699463,3.741814374923706,19.61321258544922
2019-03-27,4.127233028411865,3.766815185546875,19.708965301513672
2019-03-28,4.070472717285156,3.716813564300537,19.677047729492188
2019-03-29,4.070472717285156,3.716813564300537,19.788759231567383
2019-04-01,4.119123935699463,3.725146770477295,19.629175186157227
2019-04-02,4.070472717285156,3.725146770477295,19.69300651550293
2019-04-03,4.094799041748047,3.7751498222351074,19.756839752197266
2019-04-04,4.094799041748047,3.750148296356201,19.788759231567383
2019-04-05,4.175883769989014,3.733480215072632,19.756839752197266
2019-04-08,4.192101001739502,3.7751498222351074,19.8845157623291
2019-04-09,4.175883769989014,3.766815185546875,19.932384490966797
2019-04-10,4.167774677276611,3.766815185546875,19.86855125427246
2019-04-11,4.094799041748047,3.733480215072632,19.86855125427246
2019-04-12,4.135341167449951,3.766815185546875,19.86855125427246
2019-04-15,4.135341167449951,3.7751498222351074,19.948347091674805
2019-04-16,4.159667015075684,3.733480215072632,19.8845157623291
2019-04-17,4.143449306488037,3.750148296356201,19.708965301513672
2019-04-18,4.135341167449951,3.716813564300537,19.804716110229492
2019-04-19,4.135341167449951,3.725146770477295,19.788759231567383
2019-04-22,4.102906703948975,3.708479404449463,19.69300651550293
2019-04-23,4.086690425872803,3.6834795475006104,19.629175186157227
2019-04-24,4.127233028411865,3.741814374923706,19.677047729492188
2019-04-25,4.127233028411865,3.7584829330444336,19.708965301513672
2019-04-26,4.151557445526123,3.750148296356201,19.788759231567383
2019-04-29,4.175883769989014,3.733480215072632,19.77280044555664
2019-04-30,4.183992385864258,3.7584829330444336,19.74088478088379
2019-05-02,4.119123935699463,3.716813564300537,19.708965301513672
2019-05-03,4.119123935699463,3.716813564300537,19.708965301513672
2019-05-06,4.167774677276611,3.708479404449463,19.708965301513672
2019-05-07,4.135341167449951,3.6834795475006104,19.69300651550293
2019-05-08,4.111015796661377,3.675145387649536,19.708965301513672
2019-05-09,4.059760570526123,3.625142812728882,19.661088943481445
2019-05-10,4.027217388153076,3.533473253250122,19.54937744140625
2019-05-13,3.9946727752685547,3.550140619277954,19.501502990722656
2019-05-14,3.8075499534606934,3.533473253250122,19.453628540039062
2019-05-15,3.8156869411468506,3.558474063873291,19.46958351135254
2019-05-16,3.7750072479248047,3.5001380443573,19.246166229248047
2019-05-17,3.8075499534606934,3.508471727371216,19.2780818939209
2019-05-21,3.8075499534606934,3.516805648803711,19.2780818939209
2019-05-23,3.7912790775299072,3.491804361343384,19.2780818939209
2019-05-24,3.685513973236084,3.550140619277954,19.294038772583008
2019-05-27,3.8319575786590576,3.516805648803711,19.32595443725586
2019-05-28,3.8319575786590576,3.508471727371216,19.32595443725586
2019-05-29,3.758735418319702,3.516805648803711,19.310001373291016
2019-05-30,3.709920644760132,3.516805648803711,19.40574836730957
2019-05-31,3.7912790775299072,3.591808557510376,19.788759231567383
2019-06-03,3.7912790775299072,3.641810655593872,19.629175186157227
2019-06-04,3.726191759109497,3.541807174682617,19.61321258544922
2019-06-05,3.726191759109497,3.541807174682617,19.61321258544922
2019-06-06,3.726191759109497,3.541807174682617,19.61321258544922
2019-06-07,3.726191759109497,3.600142002105713,19.629175186157227
2019-06-10,3.726191759109497,3.583475112915039,19.677047729492188
2019-06-11,3.7180564403533936,3.591808557510376,19.661088943481445
2019-06-12,3.701785087585449,3.583475112915039,19.629175186157227
2019-06-13,3.7750072479248047,3.533473253250122,19.597253799438477
2019-06-14,3.79941463470459,3.47513747215271,19.629175186157227
2019-06-17,3.7750072479248047,3.4834704399108887,19.597253799438477
2019-06-18,3.9214515686035156,3.525139808654785,19.629175186157227
2019-06-19,4.067895889282227,3.641810655593872,19.629175186157227
2019-06-20,3.8889081478118896,3.608475685119629,19.61321258544922
2019-06-21,4.0353522300720215,3.541807174682617,19.581295013427734
2019-06-24,3.962130546569824,3.5001380443573,19.597253799438477
2019-06-25,3.9784018993377686,3.550140619277954,19.61321258544922
2019-06-26,3.9377238750457764,3.575141668319702,19.61321258544922
2019-06-27,3.9539952278137207,3.575141668319702,19.581295013427734
2019-06-28,4.002809047698975,3.541807174682617,19.597253799438477
2019-07-01,3.9865381717681885,3.533473253250122,19.61321258544922
2019-07-02,3.9377238750457764,3.533473253250122,19.54937744140625
2019-07-03,3.962130546569824,3.541807174682617,19.51746368408203
2019-07-04,3.9295873641967773,3.541807174682617,19.54937744140625
2019-07-05,3.962130546569824,3.575141668319702,19.597253799438477
2019-07-08,3.945859432220459,3.533473253250122,19.597253799438477
2019-07-09,3.9865381717681885,3.541807174682617,19.629175186157227
2019-07-10,3.9702656269073486,3.558474063873291,19.597253799438477
2019-07-11,3.9539952278137207,3.558474063873291,19.421709060668945
2019-07-12,3.9295873641967773,3.541807174682617,19.4779109954834
2019-07-15,3.945859432220459,3.516805648803711,19.429737091064453
2019-07-16,3.9295873641967773,3.516805648803711,19.3012752532959
2019-07-17,3.9133152961730957,3.533473253250122,19.269163131713867
2019-07-18,3.823822021484375,3.533473253250122,19.269163131713867
2019-07-19,3.79941463470459,3.525139808654785,19.188875198364258
2019-07-22,3.7912790775299072,3.533473253250122,19.028295516967773
2019-07-23,3.8889081478118896,3.508471727371216,19.01224136352539
2019-07-24,3.8889081478118896,3.5001380443573,18.980119705200195
2019-07-25,3.9214515686035156,3.541807174682617,19.124645233154297
2019-07-26,3.840092658996582,3.4834704399108887,18.915891647338867
2019-07-29,3.872636079788208,3.5001380443573,18.964069366455078
2019-07-31,3.7506000995635986,3.491804361343384,18.964069366455078
2019-08-01,3.766871929168701,3.5001380443573,18.86772346496582
2019-08-02,3.709920644760132,3.47513747215271,19.07647132873535
2019-08-05,3.6204276084899902,3.47513747215271,18.80348777770996
2019-08-06,3.596019983291626,3.47513747215271,18.739261627197266
2019-08-07,3.652970552444458,3.491804361343384,18.94801139831543
2019-08-08,3.823822021484375,3.566807746887207,19.01224136352539
2019-08-09,3.79941463470459,3.516805648803711,18.94801139831543
2019-08-13,3.742464065551758,3.5001380443573,18.915891647338867
2019-08-14,3.79941463470459,3.5001380443573,18.964069366455078
2019-08-15,3.9133152961730957,3.525139808654785,19.188875198364258
2019-08-16,3.823822021484375,3.525139808654785,19.28522300720215
2019-08-19,3.8319575786590576,3.516805648803711,19.092529296875
2019-08-20,3.840092658996582,3.566807746887207,19.124645233154297
2019-08-21,3.8319575786590576,3.541807174682617,18.964069366455078
2019-08-22,3.840092658996582,3.600142002105713,18.964069366455078
2019-08-23,3.9214515686035156,3.650144577026367,19.108585357666016
2019-08-26,3.9133152961730957,3.608475685119629,18.99618148803711
2019-08-27,3.9133152961730957,3.541807174682617,18.88378143310547
2019-08-28,3.9539952278137207,3.516805648803711,18.851659774780273
2019-08-29,3.9702656269073486,3.6334776878356934,18.94801139831543
2019-08-30,4.051623821258545,3.675145387649536,19.253103256225586
2019-09-03,3.8889081478118896,3.625142812728882,18.94801139831543
2019-09-04,3.945859432220459,3.66681170463562,19.14069938659668
2019-09-05,3.9214515686035156,3.675145387649536,18.99618148803711
2019-09-06,3.962130546569824,3.66681170463562,18.93195343017578
2019-09-10,3.9784018993377686,3.675145387649536,18.99618148803711
2019-09-11,4.0109453201293945,3.66681170463562,19.092529296875
2019-09-12,3.945859432220459,3.650144577026367,18.980119705200195
2019-09-13,3.9539952278137207,3.675145387649536,19.060413360595703
2019-09-17,3.9702656269073486,3.6834795475006104,18.93195343017578
2019-09-18,3.9865381717681885,3.6834795475006104,18.75531768798828
2019-09-19,3.9377238750457764,3.66681170463562,18.787433624267578
2019-09-20,3.9784018993377686,3.66681170463562,18.51445198059082
2019-09-23,3.8645012378692627,3.650144577026367,18.54656982421875
2019-09-24,3.9865381717681885,3.625142812728882,18.56262969970703
2019-09-25,3.945859432220459,3.66681170463562,18.450223922729492
2019-09-26,3.9702656269073486,3.6834795475006104,18.59473991394043
2019-09-27,3.9051802158355713,3.658478021621704,18.450223922729492
2019-09-30,3.8482296466827393,3.691812753677368,18.5305118560791
2019-10-01,3.9295873641967773,3.691812753677368,18.61079978942871
2019-10-02,3.8645012378692627,3.575141668319702,18.402048110961914
2019-10-03,3.823822021484375,3.566807746887207,18.289644241333008
2019-10-04,3.8482296466827393,3.583475112915039,17.05320930480957
2019-10-07,3.823822021484375,3.558474063873291,17.005033493041992
2019-10-08,3.823822021484375,3.558474063873291,17.133495330810547
2019-10-09,3.7831430435180664,3.525139808654785,17.10137939453125
2019-10-10,3.742464065551758,3.516805648803711,17.21378517150879
2019-10-11,3.758735418319702,3.508471727371216,17.18166732788086
2019-10-14,3.9051802158355713,3.5001380443573,17.197729110717773
2019-10-15,3.945859432220459,3.516805648803711,17.26195526123047
2019-10-16,3.9051802158355713,3.608475685119629,17.406478881835938
2019-10-17,3.962130546569824,3.66681170463562,17.358306884765625
2019-10-18,3.9133152961730957,3.541807174682617,17.26195526123047
2019-10-21,3.9214515686035156,3.541807174682617,17.358306884765625
2019-10-22,3.8645012378692627,3.575141668319702,17.454647064208984
2019-10-23,3.9051802158355713,3.566807746887207,17.422534942626953
2019-10-24,3.840092658996582,3.541807174682617,17.342247009277344
2019-10-25,3.9051802158355713,3.566807746887207,17.342247009277344
2019-10-29,3.9946727752685547,3.608475685119629,17.326189041137695
2019-10-30,3.9214515686035156,3.625142812728882,17.278017044067383
2019-10-31,3.9946727752685547,3.641810655593872,17.390419006347656
2019-11-01,3.9946727752685547,3.650144577026367,17.422534942626953
2019-11-04,4.067895889282227,3.6834795475006104,17.647336959838867
2019-11-05,4.092302322387695,3.716813564300537,17.888206481933594
2019-11-06,4.059760570526123,3.691812753677368,17.92032241821289
2019-11-07,4.043488025665283,3.658478021621704,18.402048110961914
2019-11-08,4.059760570526123,3.6542675495147705,18.08089256286621
2019-11-11,4.051623821258545,3.7047877311706543,17.823972702026367
2019-11-12,4.1899333000183105,3.74688720703125,17.952436447143555
2019-11-13,4.165524959564209,3.7047877311706543,17.823972702026367
2019-11-14,4.149253845214844,3.7047877311706543,18.08089256286621
2019-11-15,4.157389163970947,3.7047877311706543,17.984548568725586
2019-11-18,4.173661231994629,3.721628189086914,18.096956253051758
2019-11-19,4.181796550750732,3.7300477027893066,18.06484031677246
2019-11-20,4.181796550750732,3.74688720703125,18.94801139831543
2019-11-21,4.157389163970947,3.7805674076080322,19.028295516967773
2019-11-22,4.181796550750732,3.7805674076080322,19.108585357666016
2019-11-25,4.149253845214844,3.74688720703125,19.092529296875
2019-11-26,4.084167003631592,3.74688720703125,19.028295516967773
2019-11-27,4.149253845214844,3.7300477027893066,18.86772346496582
2019-11-28,4.108574867248535,3.7384674549102783,18.7071475982666
2019-11-29,4.051623821258545,3.662687301635742,18.739261627197266
2019-12-02,4.165524959564209,3.6963677406311035,19.060413360595703
2019-12-03,4.165524959564209,3.6963677406311035,18.86772346496582
2019-12-04,4.124846935272217,3.7047877311706543,18.89983367919922
2019-12-05,4.1899333000183105,3.7300477027893066,19.060413360595703
2019-12-06,4.295698165893555,3.772146701812744,19.397624969482422
2019-12-09,4.311970233917236,3.8142483234405518,19.92752456665039
2019-12-10,4.295698165893555,3.839508295059204,19.67060089111328
2019-12-11,4.311970233917236,3.8142483234405518,19.750890731811523
2019-12-12,4.311970233917236,3.85634708404541,19.831180572509766
2019-12-13,4.336376667022705,3.85634708404541,19.831180572509766
2019-12-16,4.336376667022705,3.831087112426758,19.67060089111328
2019-12-17,4.352648735046387,3.890026569366455,19.750890731811523
2019-12-18,4.36892032623291,3.906867027282715,19.831180572509766
2019-12-19,4.352648735046387,3.8731865882873535,19.89541244506836
2019-12-20,4.352648735046387,4.058427333831787,19.750890731811523
2019-12-23,4.385190963745117,3.8731865882873535,19.91147232055664
2019-12-24,4.36892032623291,3.839508295059204,19.91147232055664
2019-12-26,4.385190963745117,3.906867027282715,19.91147232055664
2019-12-27,4.442142009735107,3.974226474761963,19.91147232055664
2019-12-30,4.523499488830566,3.9573869705200195,20.152332305908203
2019-12-31,4.434006214141846,3.8816070556640625,19.91147232055664
2020-01-02,4.474685192108154,3.915287733078003,20.152332305908203
2020-01-03,4.474685192108154,3.9910662174224854,20.072044372558594
2020-01-06,4.377057075500488,3.974226474761963,20.055984497070312
2020-01-07,4.458414554595947,3.974226474761963,20.023874282836914
2020-01-08,4.417735576629639,3.9321272373199463,19.67060089111328
2020-01-09,4.434006214141846,3.9573869705200195,19.815120697021484
2020-01-10,4.434006214141846,3.9573869705200195,19.79906463623047
2020-01-13,4.409599304199219,3.9237070083618164,19.863296508789062
2020-01-14,4.311970233917236,3.9573869705200195,19.815120697021484
2020-01-15,4.311970233917236,3.940546751022339,19.734834671020508
2020-01-16,4.311970233917236,3.8816070556640625,19.67060089111328
2020-01-17,4.320106029510498,3.898446559906006,19.590314865112305
2020-01-20,4.295698165893555,3.8731865882873535,19.4779109954834
2020-01-21,4.311970233917236,3.9321272373199463,19.590314865112305
2020-01-22,4.320106029510498,3.8731865882873535,19.510025024414062
2020-01-23,4.303833484649658,3.864767074584961,19.188875198364258
2020-01-24,4.295698165893555,3.85634708404541,19.11553955078125
2020-01-28,4.059760570526123,3.7805674076080322,18.936281204223633
2020-01-29,4.059760570526123,3.8058271408081055,18.838504791259766
2020-01-30,4.067895889282227,3.7974085807800293,18.65924644470215
2020-01-31,4.124846935272217,3.8226675987243652,18.577762603759766
2020-02-03,4.059760570526123,3.7805674076080322,18.39850425720215
2020-02-04,4.13298225402832,3.7805674076080322,18.642946243286133
2020-02-05,4.149253845214844,3.74688720703125,19.0992431640625
2020-02-06,4.222476005554199,3.7805674076080322,19.24591064453125
2020-02-07,4.246882915496826,3.788987398147583,19.229616165161133
2020-02-10,4.206203460693359,3.7974085807800293,19.213321685791016
2020-02-11,4.238747596740723,3.8226675987243652,19.311094284057617
2020-02-12,4.238747596740723,3.831087112426758,19.311094284057617
2020-02-13,4.246882915496826,3.8226675987243652,19.066650390625
2020-02-14,4.303833484649658,3.831087112426758,19.18072509765625
2020-02-17,4.238747596740723,3.788987398147583,19.343687057495117
2020-02-18,4.222476005554199,3.788987398147583,18.854795455932617
2020-02-19,4.124846935272217,3.8058271408081055,18.75702476501465
2020-02-20,4.157389163970947,3.75530743598938,18.6103572845459
2020-02-21,4.108574867248535,3.74688720703125,18.903688430786133
2020-02-24,3.9865381717681885,3.6205883026123047,18.088876724243164
2020-02-25,4.0353522300720215,3.578488349914551,18.12146759033203
2020-02-26,4.084167003631592,3.603748321533203,18.12146759033203
2020-02-27,4.067895889282227,3.578488349914551,18.20294761657715
2020-02-28,4.0353522300720215,3.5111281871795654,17.79553985595703
2020-03-02,3.8482296466827393,3.527967929840088,17.697763442993164
2020-03-03,3.9051802158355713,3.5789754390716553,17.860729217529297
2020-03-04,3.9295873641967773,3.5874762535095215,17.73035430908203
2020-03-05,3.9377238750457764,3.5704734325408936,17.697763442993164
2020-03-06,3.962130546569824,3.536468982696533,17.76294708251953
2020-03-09,3.5797483921051025,3.349444627761841,17.06220817565918
2020-03-10,3.6204276084899902,3.3409435749053955,16.540725708007812
2020-03-11,3.7506000995635986,3.400451183319092,16.882949829101562
2020-03-12,3.628563165664673,3.332442283630371,16.296283721923828
2020-03-13,3.2624523639678955,3.332442283630371,16.296283721923828
2020-03-16,3.417032480239868,3.153918504714966,15.237025260925293
2020-03-17,3.384489059448242,3.1029117107391357,14.585171699523926
2020-03-18,3.311267137527466,3.0179004669189453,14.699246406555176
2020-03-19,3.457711696624756,3.0179004669189453,14.66665267944336
2020-03-20,3.945859432220459,3.128415584564209,15.188135147094727
2020-03-23,3.742464065551758,3.11141300201416,14.780728340148926
2020-03-24,3.7831430435180664,3.11141300201416,15.237025260925293
2020-03-25,3.823822021484375,3.1879231929779053,16.834060668945312
2020-03-26,3.823822021484375,3.230428695678711,16.703691482543945
2020-03-27,3.823822021484375,3.3154406547546387,16.768875122070312
2020-03-30,3.7831430435180664,3.2899367809295654,16.377765655517578
2020-03-31,4.019082069396973,3.400451183319092,16.91554069519043
2020-04-01,3.856365203857422,3.306938886642456,16.703691482543945
2020-04-02,3.8645012378692627,3.2984375953674316,16.785173416137695
2020-04-03,3.880772352218628,3.2984375953674316,16.866653442382812
2020-04-06,3.7831430435180664,3.2899367809295654,16.834060668945312
2020-04-07,4.108574867248535,3.3409435749053955,17.32295036315918
2020-04-08,3.872636079788208,3.2984375953674316,16.866653442382812
2020-04-09,4.027217388153076,3.3154406547546387,17.111099243164062
2020-04-10,4.043488025665283,3.281435489654541,16.866653442382812
2020-04-13,3.9539952278137207,3.281435489654541,16.91554069519043
2020-04-14,3.9946727752685547,3.2729341983795166,16.948135375976562
2020-04-15,4.002809047698975,3.323941230773926,17.111099243164062
2020-04-16,3.9946727752685547,3.3154406547546387,17.029617309570312
2020-04-17,3.9539952278137207,3.400451183319092,17.225170135498047
2020-04-20,3.9702656269073486,3.3919501304626465,17.20887565612793
2020-04-21,3.880772352218628,3.281435489654541,16.622207641601562
2020-04-22,3.8645012378692627,3.2134268283843994,16.622207641601562
2020-04-23,3.880772352218628,3.255932569503784,16.622207641601562
2020-04-24,3.8319575786590576,3.255932569503784,16.540725708007812
2020-04-27,3.9051802158355713,3.230428695678711,16.622207641601562
2020-04-28,3.880772352218628,3.281435489654541,16.540725708007812
2020-04-29,3.9295873641967773,3.383449077606201,16.817764282226562
2020-04-30,4.027217388153076,3.4514577388763428,17.111099243164062
2020-05-04,3.872636079788208,3.3154406547546387,16.948135375976562
2020-05-05,3.8889081478118896,3.3579461574554443,16.948135375976562
2020-05-06,3.8970444202423096,3.332442283630371,16.801469802856445
2020-05-08,3.8888914585113525,3.2984375953674316,16.785173416137695
2020-05-12,3.8644332885742188,3.2729341983795166,16.785173416137695
2020-05-13,3.8562800884246826,3.3919501304626465,16.817764282226562
2020-05-14,3.872586488723755,3.3579461574554443,16.149616241455078
2020-05-15,3.75844669342041,3.3919501304626465,16.426652908325195
2020-05-18,3.831822156906128,3.527968406677246,16.703691482543945
2020-05-19,3.9296555519104004,3.5959770679473877,17.290355682373047
2020-05-20,4.01118278503418,3.6384830474853516,17.339248657226562
2020-05-21,4.060100078582764,3.825507879257202,17.811840057373047
2020-05-22,4.01118278503418,3.74049711227417,17.665172576904297
2020-05-27,4.076406478881836,3.825507879257202,17.79553985595703
2020-05-28,4.084559917449951,3.825507879257202,17.925912857055664
2020-05-29,4.043794631958008,3.868014097213745,17.958507537841797
2020-06-02,4.043794631958008,3.868014097213745,17.958507537841797
2020-06-03,4.003030776977539,3.74049711227417,18.13776206970215
2020-06-04,4.060100078582764,3.74049711227417,18.25183868408203
2020-06-05,4.043794631958008,3.74049711227417,17.958507537841797
2020-06-09,4.035641670227051,3.7319953441619873,18.3170223236084
2020-06-10,4.051947116851807,3.7234947681427,18.39850425720215
2020-06-11,4.043794631958008,3.74049711227417,18.44739532470703
2020-06-12,4.043794631958008,3.74049711227417,18.3170223236084
2020-06-15,4.019336223602295,3.66398549079895,18.268129348754883
2020-06-16,4.051947116851807,3.680988311767578,18.25183868408203
2020-06-17,4.076406478881836,3.7319953441619873,18.25183868408203
2020-06-18,4.035641670227051,3.7064926624298096,18.088876724243164
2020-06-19,4.117170810699463,3.74049711227417,18.10516929626465
2020-06-22,4.060100078582764,3.680988311767578,18.07257652282715
2020-06-23,4.019336223602295,3.6894898414611816,18.023691177368164
2020-06-24,4.035641670227051,3.74049711227417,18.20294761657715
2020-06-25,3.994877815246582,3.680988311767578,17.99109649658203
2020-06-26,3.970419406890869,3.66398549079895,17.94220733642578
2020-06-29,4.035641670227051,3.7149932384490967,18.088876724243164
2020-06-30,4.01118278503418,3.6894898414611816,18.088876724243164
2020-07-01,4.060100078582764,3.74049711227417,18.088876724243164
2020-07-02,4.060100078582764,3.8085052967071533,18.333316802978516
2020-07-03,4.043794631958008,3.74049711227417,18.333316802978516
2020-07-06,4.051947116851807,3.825507879257202,18.44739532470703
2020-07-07,4.043794631958008,3.7489981651306152,18.414798736572266
2020-07-08,4.117170810699463,3.80000376701355,18.44739532470703
2020-07-09,4.043794631958008,3.825507879257202,18.3496150970459
2020-07-10,4.100864410400391,3.825507879257202,18.521873474121094
2020-07-13,4.076406478881836,3.8085052967071533,18.571088790893555
2020-07-14,4.100864410400391,3.8085052967071533,18.58749771118164
2020-07-15,4.182393550872803,3.8510119915008545,18.603900909423828
2020-07-16,4.190545558929443,3.8425099849700928,18.538278579711914
2020-07-17,4.157934188842773,3.8425099849700928,18.5546817779541
2020-07-20,4.174238681793213,3.8170056343078613,18.702333450317383
2020-07-21,4.157934188842773,3.80000376701355,18.390626907348633
2020-07-22,4.174238681793213,3.8425099849700928,18.62030792236328
2020-07-23,4.280226230621338,3.8425099849700928,18.718738555908203
2020-07-24,4.223156929016113,3.80000376701355,18.62030792236328
2020-07-27,4.1660871505737305,3.825507879257202,19.588233947753906
2020-07-28,4.206851959228516,3.8765149116516113,19.539016723632812
2020-07-29,4.1986985206604,3.868014097213745,19.424182891845703
2020-07-30,4.247615814208984,3.8935165405273438,19.19449806213379
2020-08-03,4.141628742218018,3.8170056343078613,19.0140438079834
2020-08-04,4.133476257324219,3.774500608444214,19.030445098876953
2020-08-05,4.117170810699463,3.7319953441619873,18.669523239135742
2020-08-06,4.1660871505737305,3.8425099849700928,18.866392135620117
2020-08-07,4.117170810699463,3.7660000324249268,18.489063262939453
2020-08-10,4.26392126083374,3.8170056343078613,18.5546817779541
2020-08-11,4.1660871505737305,3.7574989795684814,18.5546817779541
2020-08-12,4.149782180786133,3.7574989795684814,18.58749771118164
2020-08-13,4.1986985206604,3.825507879257202,18.62030792236328
2020-08-14,4.1660871505737305,3.825507879257202,18.58749771118164
2020-08-17,4.174238681793213,3.8765149116516113,18.63671112060547
2020-08-18,4.117170810699463,3.868014097213745,18.521873474121094
2020-08-19,4.133476257324219,3.8510119915008545,18.538278579711914
2020-08-21,4.174238681793213,3.7830018997192383,18.58749771118164
2020-08-24,4.174238681793213,3.825507879257202,18.58749771118164
2020-08-25,4.206851959228516,3.868014097213745,18.702333450317383
2020-08-26,4.157934188842773,3.8085052967071533,18.571088790893555
2020-08-27,4.206851959228516,3.8170056343078613,18.63671112060547
2020-08-28,4.157934188842773,3.7915031909942627,18.58749771118164
2020-09-01,4.157934188842773,3.8170056343078613,18.489063262939453
2020-09-02,4.174238681793213,3.8425099849700928,18.866392135620117
2020-09-03,4.141628742218018,3.7915031909942627,18.702333450317383
2020-09-04,4.109017372131348,3.74049711227417,18.505468368530273
2020-09-07,4.133476257324219,3.7830018997192383,18.866392135620117
2020-09-08,4.149782180786133,3.8170056343078613,18.538278579711914
2020-09-09,4.174238681793213,3.799851894378662,18.308605194091797
2020-09-10,4.125323295593262,3.8427391052246094,18.784364700317383
2020-09-11,4.125323295593262,3.8170063495635986,18.43984603881836
2020-09-14,4.117170810699463,3.8170063495635986,18.308605194091797
2020-09-15,4.174238681793213,3.8255841732025146,18.685928344726562
2020-09-17,4.182393550872803,3.7655413150787354,18.62030792236328
2020-09-18,4.100864410400391,3.8427391052246094,18.357816696166992
2020-09-21,4.117170810699463,3.8341610431671143,18.571088790893555
2020-09-22,4.117170810699463,3.8255841732025146,18.62030792236328
2020-09-23,4.117170810699463,3.8598945140838623,18.571088790893555
2020-09-24,4.117170810699463,3.8427391052246094,18.685928344726562
2020-09-25,4.092711925506592,3.8170063495635986,18.571088790893555
2020-09-28,4.117170810699463,3.8255841732025146,18.390626907348633
2020-09-29,4.100864410400391,3.8427391052246094,18.62030792236328
2020-09-30,4.117170810699463,3.8255841732025146,18.702333450317383
2020-10-01,3.905197858810425,3.7655413150787354,18.62030792236328
2020-10-02,3.937807559967041,3.7741193771362305,18.62030792236328
2020-10-05,4.076406478881836,3.8598945140838623,18.62030792236328
2020-10-06,4.092711925506592,3.7655413150787354,18.538278579711914
2020-10-07,3.986725091934204,3.662611246109009,18.423439025878906
2020-10-08,4.117170810699463,3.799851894378662,18.62030792236328
2020-10-09,4.206851959228516,3.8084287643432617,18.45625114440918
2020-10-12,4.076406478881836,3.7741193771362305,18.226572036743164
2020-10-13,4.076406478881836,3.8427391052246094,18.423439025878906
2020-10-14,4.003030776977539,3.8170063495635986,18.17735481262207
2020-10-15,4.035641670227051,3.705498456954956,17.964082717895508
2020-10-16,4.01118278503418,3.602567434310913,17.7672176361084
2020-10-19,4.076406478881836,3.6711885929107666,17.94767951965332
2020-10-20,4.060100078582764,3.6711885929107666,17.80002784729004
2020-10-21,4.003030776977539,3.6797664165496826,17.701597213745117
2020-10-22,4.019336223602295,3.7655413150787354,17.553943634033203
2020-10-23,3.986725091934204,3.705498456954956,17.553943634033203
2020-10-26,4.051947116851807,3.7569644451141357,18.45625114440918
2020-10-27,3.970419406890869,3.7826972007751465,18.341413497924805
2020-10-28,3.954113721847534,3.739809274673462,18.374223709106445
2020-10-30,3.9459619522094727,3.6883435249328613,17.406295776367188
2020-11-02,3.978571891784668,3.72265362739563,17.882055282592773
2020-11-03,3.962268114089966,3.72265362739563,17.78362274169922
2020-11-04,3.937807559967041,3.791274309158325,18.259382247924805
2020-11-05,4.1986985206604,3.8170063495635986,18.65311622619629
2020-11-06,4.174238681793213,3.8170063495635986,18.669523239135742
2020-11-09,4.190545558929443,3.8341610431671143,18.685928344726562
2020-11-10,4.1986985206604,3.877049207687378,18.702333450317383
2020-11-11,4.084559917449951,3.8598945140838623,18.866392135620117
2020-11-12,4.239462375640869,3.9113597869873047,19.079662322998047
2020-11-13,4.247615814208984,3.902782678604126,18.98122787475586
2020-11-16,4.239564418792725,3.868472099304199,18.866392135620117
2020-11-17,4.305293083190918,3.877049207687378,18.866392135620117
2020-11-18,4.313509464263916,3.9113597869873047,19.128875732421875
2020-11-19,4.272428512573242,3.877049207687378,19.325742721557617
2020-11-20,4.24777889251709,3.902782678604126,19.29293441772461
2020-11-23,4.24777889251709,3.8856277465820312,19.391366958618164
2020-11-24,4.206697940826416,3.8427391052246094,19.276527404785156
2020-11-25,4.264212131500244,3.8598945140838623,19.325742721557617
2020-11-26,4.280644416809082,3.851315975189209,19.374961853027344
2020-11-27,4.1491851806640625,3.7741193771362305,19.210906982421875
2020-11-30,4.025941848754883,3.7483863830566406,19.276527404785156
2020-12-01,4.173834323883057,3.8170063495635986,19.325742721557617
2020-12-02,4.132752418518066,3.851315975189209,19.276527404785156
2020-12-03,4.206697940826416,3.8341610431671143,19.325742721557617
2020-12-04,4.173834323883057,3.8427391052246094,19.358556747436523
2020-12-07,4.1491851806640625,3.7741193771362305,19.45699119567871
2020-12-08,4.140969276428223,3.7741193771362305,19.473398208618164
2020-12-09,4.132752418518066,3.8170063495635986,19.440589904785156
2020-12-10,4.1574015617370605,3.8170063495635986,19.40777015686035
2020-12-11,4.239564418792725,3.8427391052246094,19.489803314208984
2020-12-14,4.1820502281188965,3.8084287643432617,19.440589904785156
2020-12-15,4.23134708404541,3.8341610431671143,19.588233947753906
2020-12-16,4.206697940826416,3.7741193771362305,19.686668395996094
2020-12-17,4.239564418792725,3.8170063495635986,20.3428897857666
2020-12-18,4.173834323883057,3.7741193771362305,19.752288818359375
2020-12-21,4.23134708404541,3.7655413150787354,19.703073501586914
2020-12-22,4.140969276428223,3.7655413150787354,19.588233947753906
2020-12-23,4.239564418792725,3.7655413150787354,19.686668395996094
2020-12-24,4.255996227264404,3.8084287643432617,19.850723266601562
2020-12-28,4.23134708404541,3.8341610431671143,19.850723266601562
2020-12-29,4.165617942810059,3.8170063495635986,19.850723266601562
2020-12-30,4.24777889251709,3.7741193771362305,19.850723266601562
2020-12-31,4.099887371063232,3.7483863830566406,19.424182891845703
2021-01-04,4.099887371063232,3.799851894378662,19.473398208618164
2021-01-05,4.140969276428223,3.8341610431671143,19.473398208618164
2021-01-06,4.099887371063232,3.8427391052246094,19.506210327148438
2021-01-07,4.23134708404541,3.8598945140838623,19.621047973632812
2021-01-08,4.24777889251709,3.868472099304199,19.686668395996094
2021-01-11,4.280644416809082,3.8598945140838623,20.260866165161133
2021-01-12,4.272428512573242,3.8598945140838623,20.16242790222168
2021-01-13,4.272428512573242,3.8598945140838623,20.228052139282227
2021-01-14,4.272428512573242,3.8598945140838623,19.932748794555664
2021-01-15,4.1574015617370605,3.8170063495635986,19.817913055419922
2021-01-18,4.091671466827393,3.8170063495635986,19.588233947753906
2021-01-19,4.091671466827393,3.8170063495635986,19.489803314208984
2021-01-20,4.124536991119385,3.739809274673462,19.276527404785156
2021-01-21,4.091671466827393,3.7483863830566406,19.276527404785156
2021-01-22,4.091671466827393,3.739809274673462,19.26012420654297
2021-01-25,4.091671466827393,3.7140755653381348,19.276527404785156
2021-01-26,4.0752387046813965,3.731231212615967,19.26012420654297
2021-01-27,4.017725467681885,3.731231212615967,18.94841766357422
2021-01-29,3.984860897064209,3.619723320007324,19.06325912475586
2021-02-02,4.025941848754883,3.645456075668335,19.522613525390625
2021-02-03,4.0834550857543945,3.619723320007324,19.489803314208984
2021-02-04,4.0834550857543945,3.6797664165496826,19.522613525390625
2021-02-05,4.034157752990723,3.636878490447998,19.112470626831055
2021-02-08,4.058808326721191,3.619723320007324,18.94841766357422
2021-02-09,4.067022800445557,3.645456075668335,18.94841766357422
2021-02-10,4.0834550857543945,3.7140755653381348,18.94841766357422
2021-02-11,4.058808326721191,3.662611246109009,18.866392135620117
2021-02-15,4.067022800445557,3.7483863830566406,18.932010650634766
2021-02-16,3.984860897064209,3.636878490447998,18.80076789855957
2021-02-17,4.025941848754883,3.602567434310913,18.669523239135742
2021-02-18,4.067022800445557,3.636878490447998,19.0140438079834
2021-02-19,4.058808326721191,3.654033660888672,19.405479431152344
2021-02-22,4.001293182373047,3.636878490447998,19.405479431152344
2021-02-23,4.009509563446045,3.636878490447998,19.338851928710938
2021-02-24,4.0505900382995605,3.628300428390503,19.538738250732422
2021-02-25,4.0834550857543945,3.6883435249328613,19.388824462890625
2021-02-26,4.025941848754883,3.6711885929107666,19.572053909301758
2021-03-01,4.034157752990723,3.6711885929107666,19.488765716552734
2021-03-02,4.058808326721191,3.662611246109009,19.2722225189209
2021-03-03,4.0505900382995605,3.696920156478882,19.338851928710938
2021-03-04,4.067022800445557,3.6711885929107666,19.338851928710938
2021-03-05,4.067022800445557,3.662611246109009,19.488765716552734
2021-03-08,4.025941848754883,3.636878490447998,19.288881301879883
2021-03-09,4.058808326721191,3.7105696201324463,19.32219696044922
2021-03-10,4.067022800445557,3.7279088497161865,19.338851928710938
2021-03-11,4.034157752990723,3.701899528503418,19.388824462890625
2021-03-12,4.001293182373047,3.667221784591675,19.25556755065918
2021-03-15,4.025941848754883,3.675891160964966,19.32219696044922
2021-03-16,4.009509563446045,3.7105696201324463,19.2722225189209
2021-03-17,4.017725467681885,3.675891160964966,19.2722225189209
2021-03-18,4.009509563446045,3.6585521697998047,19.155624389648438
2021-03-19,3.984860897064209,3.675891160964966,19.55539321899414
2021-03-22,3.984860897064209,3.701899528503418,19.238908767700195
2021-03-23,3.984860897064209,3.675891160964966,19.238908767700195
2021-03-24,4.001293182373047,3.7279088497161865,19.288881301879883
2021-03-25,3.9109151363372803,3.6498827934265137,19.08899688720703
2021-03-26,3.9437808990478516,3.6412129402160645,19.222253799438477
2021-03-29,3.9026989936828613,3.667221784591675,19.25556755065918
2021-03-30,3.984860897064209,3.667221784591675,19.405479431152344
2021-03-31,3.8123207092285156,3.6325430870056152,19.105655670166016
2021-04-01,3.8205366134643555,3.6498827934265137,19.138965606689453
2021-04-02,3.8287532329559326,3.6585521697998047,19.155624389648438
2021-04-05,3.8369698524475098,3.6498827934265137,19.039026260375977
2021-04-06,3.689077138900757,3.606534481048584,18.90576934814453
2021-04-07,3.8616180419921875,3.7105696201324463,18.989057540893555
2021-04-08,3.771239995956421,3.623873710632324,18.839136123657227
2021-04-09,3.7465906143188477,3.6412129402160645,18.80582618713379
2021-04-12,3.721942663192749,3.623873710632324,18.739198684692383
2021-04-13,3.738374948501587,3.580526351928711,18.739198684692383
2021-04-14,3.7548069953918457,3.615204334259033,18.80582618713379
2021-04-15,3.721942663192749,3.580526351928711,18.655912399291992
2021-04-16,3.680861473083496,3.5285086631774902,18.456029891967773
2021-04-19,3.697293281555176,3.502500295639038,18.239484786987305
2021-04-20,3.705509662628174,3.51983904838562,18.27280044555664
2021-04-21,3.639779567718506,3.476491689682007,17.923006057739258
2021-04-22,3.639779567718506,3.502500295639038,18.15619659423828
2021-04-23,3.623347759246826,3.502500295639038,18.10622787475586
2021-04-26,3.730159044265747,3.5285086631774902,18.139545440673828
2021-04-27,3.7419662475585938,3.511169910430908,18.15619659423828
2021-04-28,3.7336509227752686,3.51983904838562,18.989057540893555
2021-04-30,3.775228977203369,3.5458483695983887,18.322772979736328
2021-05-03,3.7596046924591064,3.5285086631774902,18.439373016357422
2021-05-04,3.8013787269592285,3.5285086631774902,18.389400482177734
2021-05-05,3.7930243015289307,3.502500295639038,17.98963165283203
2021-05-06,3.8347976207733154,3.5371787548065186,18.489341735839844
2021-05-07,3.9350531101226807,3.5545175075531006,18.755855560302734
2021-05-10,3.9851815700531006,3.5545175075531006,18.739198684692383
2021-05-11,3.901634931564331,3.5718564987182617,18.53931427001953
2021-05-12,3.8097331523895264,3.5718564987182617,18.739198684692383
2021-05-17,3.7596046924591064,3.5285086631774902,18.289457321166992
2021-05-18,3.734541416168213,3.5458483695983887,18.33942985534668
2021-05-19,3.684412717819214,3.5458483695983887,18.33942985534668
2021-05-20,3.7178313732147217,3.5285086631774902,18.53931427001953
2021-05-21,3.7011215686798096,3.5545175075531006,18.505998611450195
2021-05-24,3.7679598331451416,3.5631871223449707,18.555971145629883
2021-05-25,3.7596046924591064,3.580526351928711,18.739198684692383
2021-05-27,3.8013787269592285,3.6325430870056152,18.68922996520996
2021-05-28,3.7930243015289307,3.5631871223449707,18.53931427001953
2021-05-31,3.8013787269592285,3.5458483695983887,18.489341735839844
2021-06-01,3.7596046924591064,3.502500295639038,18.372745513916016
2021-06-02,3.7930243015289307,3.511169910430908,18.22282600402832
2021-06-03,3.7178313732147217,3.5458483695983887,18.18951416015625
2021-06-04,3.659348726272583,3.493831157684326,17.98963165283203
2021-06-08,3.659348726272583,3.511169910430908,18.122888565063477
2021-06-09,3.550738573074341,3.485161304473877,18.122888565063477
2021-06-10,3.534029006958008,3.485161304473877,18.15619659423828
2021-06-11,3.450481653213501,3.4678220748901367,17.939659118652344
2021-06-14,3.483900785446167,3.4504828453063965,17.73977279663086
2021-06-15,3.458836793899536,3.3724567890167236,17.473257064819336
2021-06-16,3.425417900085449,3.3377790451049805,17.2567195892334
2021-06-17,3.4337728023529053,3.3377790451049805,17.406631469726562
2021-06-18,3.676058769226074,3.3551177978515625,17.85637664794922
2021-06-21,3.467191457748413,3.3637876510620117,17.906343460083008
2021-06-22,3.458836793899536,3.311769723892212,17.356664657592773
2021-06-23,3.458836793899536,3.303100109100342,17.240068435668945
2021-06-24,3.458836793899536,3.320439577102661,17.27337646484375
2021-06-25,3.500610113143921,3.311769723892212,17.106809616088867
2021-06-28,3.4087088108062744,3.2510828971862793,16.940237045288086
2021-06-29,3.4337728023529053,3.303100109100342,16.990203857421875
2021-06-30,3.3251616954803467,3.2597527503967285,16.95689582824707
2021-07-01,3.3919992446899414,3.2857613563537598,16.90692138671875
2021-07-02,3.3251616954803467,3.311769723892212,16.9235782623291
2021-07-05,3.3418710231781006,3.233743906021118,16.7070369720459
2021-07-06,3.300097703933716,3.2684223651885986,16.823637008666992
2021-07-07,3.291743040084839,3.2510828971862793,16.72369384765625
2021-07-08,3.216550588607788,3.1817264556884766,16.390552520751953
2021-07-09,3.2081961631774902,3.225074291229248,16.67662811279297
2021-07-12,3.1747775077819824,3.207735538482666,16.50834846496582
2021-07-13,3.1747775077819824,3.1903960704803467,16.71028709411621
2021-07-14,3.1246492862701416,3.1817264556884766,16.65980339050293
2021-07-15,2.9742653369903564,3.199065685272217,16.575664520263672
2021-07-16,3.0076842308044434,3.233743906021118,16.65980339050293
2021-07-19,3.082876443862915,3.216404676437378,16.59248924255371
2021-07-21,3.0076842308044434,3.1817264556884766,16.39055061340332
2021-07-22,3.082876443862915,3.1903960704803467,16.626148223876953
2021-07-23,3.0494577884674072,3.216404676437378,16.54200553894043
2021-07-26,2.9909746646881104,3.1730568408966064,16.37372398376465
2021-07-27,2.9909746646881104,3.225074291229248,16.323238372802734
2021-07-28,2.9742653369903564,3.199065685272217,16.10447120666504
2021-07-29,3.0327484607696533,3.207735538482666,16.205446243286133
2021-07-30,2.840590715408325,3.1643872261047363,15.582803726196289
2021-08-02,2.7570438385009766,3.1643872261047363,15.700599670410156
2021-08-03,2.8489456176757812,3.1643872261047363,16.23909568786621
2021-08-04,2.815526247024536,3.1643872261047363,16.272756576538086
2021-08-05,2.874009132385254,3.207735538482666,16.188613891601562
2021-08-06,2.9241373538970947,3.216404676437378,16.222270965576172
2021-08-09,2.865654706954956,3.1730568408966064,16.272756576538086
2021-08-11,2.907428026199341,3.216404676437378,16.49152183532715
2021-08-12,2.899073600769043,3.216404676437378,16.10447120666504
2021-08-13,2.9324920177459717,3.242413282394409,16.979534149169922
2021-08-16,3.0327484607696533,3.277092218399048,16.47469139099121
2021-08-17,3.1246492862701416,3.3464479446411133,16.407379150390625
2021-08-18,3.216550588607788,3.2944304943084717,16.72711181640625
2021-08-19,3.1664226055145264,3.277092218399048,16.828083038330078
2021-08-20,3.275033712387085,3.2597527503967285,16.844911575317383
2021-08-23,3.266679286956787,3.2510828971862793,16.89539337158203
2021-08-24,3.47554612159729,3.3724567890167236,17.24878692626953
2021-08-25,3.4337728023529053,3.4678220748901367,17.585346221923828
2021-08-26,3.47554612159729,3.5371787548065186,17.921905517578125
2021-08-27,3.483900785446167,3.5371787548065186,17.921905517578125
2021-08-30,3.3669352531433105,3.5718564987182617,17.972393035888672
2021-09-01,3.4337728023529053,3.5285086631774902,17.921905517578125
2021-09-02,3.3418710231781006,3.493831157684326,17.80411148071289
2021-09-03,3.3251616954803467,3.511169910430908,18.090187072753906
2021-09-06,3.291743040084839,3.4678220748901367,17.501205444335938
2021-09-07,3.258323907852173,3.407135248184204,17.66948699951172
2021-09-08,3.333516836166382,3.511169910430908,18.090187072753906
2021-09-09,3.266679286956787,3.4504828453063965,17.837766647338867
2021-09-10,3.266679286956787,3.441680908203125,17.652660369873047
2021-09-13,3.258323907852173,3.4504830837249756,17.53486442565918
2021-09-14,3.2081961631774902,3.4328784942626953,17.18147087097168
2021-09-15,3.224905252456665,3.441680908203125,17.24878692626953
2021-09-17,3.1747775077819824,3.3184492588043213,17.030017852783203
2021-09-20,2.88236403465271,3.300844430923462,16.72711181640625
2021-09-21,2.9826202392578125,3.3096470832824707,16.693456649780273
2021-09-22,2.9742653369903564,3.300844430923462,16.71028709411621
2021-09-23,3.066167116165161,3.3184492588043213,16.979534149169922
2021-09-24,3.016038656234741,3.300844430923462,16.693456649780273
2021-09-27,3.0327484607696533,3.3096470832824707,16.912227630615234
2021-09-28,3.016038656234741,3.344855785369873,17.046846389770508
2021-09-29,3.0327484607696533,3.362460136413574,16.861740112304688
2021-09-30,2.9909746646881104,3.3184492588043213,16.929054260253906
2021-10-01,3.0411031246185303,3.300844430923462,16.72711181640625
2021-10-04,3.016038656234741,3.2920422554016113,16.811250686645508
2021-10-05,3.057812213897705,3.3184492588043213,16.979534149169922
2021-10-06,3.5089645385742188,3.5913193225860596,18.426748275756836
2021-10-07,3.500610113143921,3.5649120807647705,18.7633113861084
2021-10-08,3.5423836708068848,3.573714256286621,18.89793586730957
2021-10-11,3.5674469470977783,3.582516670227051,19.099872589111328
2021-10-12,3.5590927600860596,3.5649120807647705,19.099872589111328
2021-10-13,3.7178313732147217,3.60012149810791,19.167186737060547
2021-10-14,3.6008665561676025,3.529703378677368,19.099872589111328
2021-10-15,3.634284734725952,3.5649120807647705,19.099872589111328
2021-10-18,3.634284734725952,3.5473079681396484,19.200843811035156
2021-10-20,3.5841567516326904,3.5209009647369385,19.26815414428711
2021-10-21,3.6008665561676025,3.5649120807647705,19.301809310913086
2021-10-22,3.5758023262023926,3.5649120807647705,19.26815414428711
2021-10-25,3.5758023262023926,3.5649120807647705,19.099872589111328
2021-10-26,3.5758023262023926,3.5649120807647705,18.813796997070312
2021-10-27,3.574951171875,3.5385055541992188,18.881107330322266
2021-10-28,3.5238804817199707,3.4944939613342285,18.32578468322754
2021-10-29,3.4132275581359863,3.459285020828247,18.1911563873291
2021-11-01,3.4047152996063232,3.4064714908599854,17.921905517578125
2021-11-02,3.6175103187561035,3.459285020828247,17.989219665527344
2021-11-03,3.5494158267974854,3.4064714908599854,17.871423721313477
2021-11-05,3.489832878112793,3.388867139816284,17.41706657409668
2021-11-08,3.4557857513427734,3.441680908203125,17.736799240112305
2021-11-09,3.430250883102417,3.3536579608917236,17.41706657409668
2021-11-10,3.4047152996063232,3.344855785369873,17.400236129760742
2021-11-11,3.336621046066284,3.362460136413574,17.585346221923828
2021-11-12,3.421738624572754,3.4240760803222656,17.484378814697266
2021-11-15,3.3110854625701904,3.3184492588043213,17.08050537109375
2021-11-16,3.2855498790740967,3.3096470832824707,16.945878982543945
2021-11-17,3.2940618991851807,3.327251672744751,17.19830322265625
2021-11-18,3.3706681728363037,3.3536579608917236,17.332923889160156
2021-11-19,3.3706681728363037,3.362460136413574,17.332923889160156
2021-11-22,3.4132275581359863,3.3976690769195557,17.501205444335938
2021-11-23,3.3110854625701904,3.3096470832824707,17.046846389770508
2021-11-24,3.302574396133423,3.3184492588043213,17.501205444335938
2021-11-25,3.2855498790740967,3.327251672744751,17.585346221923828
2021-11-26,3.1748971939086914,3.300844430923462,17.299266815185547
2021-11-29,3.132338047027588,3.204019784927368,16.945878982543945
2021-11-30,3.132338047027588,3.2392287254333496,17.70314598083496
2021-12-01,3.1748971939086914,3.25683331489563,17.332923889160156
2021-12-02,3.2259674072265625,3.2920422554016113,17.518033981323242
2021-12-06,3.208944320678711,3.2128219604492188,16.99636459350586
2021-12-07,3.191920280456543,3.2392287254333496,17.282440185546875
2021-12-08,3.200432300567627,3.23042631149292,17.349754333496094
2021-12-09,3.277038097381592,3.2480309009552,17.501205444335938
2021-12-10,3.191920280456543,3.27443790435791,17.501205444335938
2021-12-13,3.208944320678711,3.2832398414611816,18.073360443115234
2021-12-14,3.1578738689422607,3.186414957046509,17.837766647338867
2021-12-15,3.0727555751800537,3.1776130199432373,17.921905517578125
2021-12-16,3.03019642829895,3.1952176094055176,17.66948699951172
2021-12-17,3.0982911586761475,3.25683331489563,17.989219665527344
2021-12-20,3.0131733417510986,3.2128219604492188,17.736799240112305
2021-12-21,3.0897791385650635,3.1776130199432373,17.753625869750977
2021-12-22,3.0897791385650635,3.186414957046509,17.70314598083496
2021-12-23,3.2344794273376465,3.327251672744751,17.938735961914062
2021-12-24,3.1578738689422607,3.2832398414611816,18.022878646850586
2021-12-27,3.208944320678711,3.3096470832824707,18.1911563873291
2021-12-28,3.2259674072265625,3.362460136413574,18.20798110961914
2021-12-29,3.200432300567627,3.300844430923462,18.174327850341797
2021-12-30,3.2344794273376465,3.3360536098480225,18.342609405517578
2021-12-31,3.200432300567627,3.2832398414611816,18.32578468322754
2022-01-03,3.268526792526245,3.4240760803222656,18.359437942504883
2022-01-04,3.268526792526245,3.344855785369873,18.342609405517578
2022-01-05,3.2259674072265625,3.388867139816284,18.44357681274414
2022-01-06,3.2259674072265625,3.300844430923462,18.258468627929688
2022-01-07,3.353644371032715,3.415274143218994,18.477231979370117
2022-01-10,3.421738624572754,3.415274143218994,18.342609405517578
2022-01-11,3.430250883102417,3.503296375274658,18.376266479492188
2022-01-12,3.3706681728363037,3.485691785812378,18.32578468322754
2022-01-13,3.4387624263763428,3.4768896102905273,18.342609405517578
2022-01-14,3.4642977714538574,3.441680908203125,18.342609405517578
2022-01-17,3.3791797161102295,3.4328784942626953,17.719970703125
2022-01-19,3.3876914978027344,3.388867139816284,18.00604820251465
2022-01-20,3.3876914978027344,3.4064714908599854,17.989219665527344
2022-01-21,3.3791797161102295,3.4328784942626953,17.972393035888672
2022-01-24,3.4047152996063232,3.459285020828247,18.090187072753906
2022-01-25,3.302574396133423,3.3800647258758545,18.090187072753906
2022-01-26,3.251502752304077,3.344855785369873,18.090187072753906
2022-01-27,3.2344794273376465,3.4064714908599854,18.275300979614258
2022-01-28,3.2600152492523193,3.371262550354004,18.258468627929688
2022-01-31,3.0046610832214355,3.3360536098480225,18.174327850341797
2022-02-03,3.03019642829895,3.4240760803222656,18.073360443115234
2022-02-04,2.9961493015289307,3.2920422554016113,18.275300979614258
2022-02-07,3.038707971572876,3.371262550354004,18.258468627929688
2022-02-08,3.038707971572876,3.362460136413574,18.393095016479492
2022-02-09,3.1153147220611572,3.388867139816284,18.56137466430664
2022-02-10,3.336621046066284,3.4680871963500977,19.133529663085938
2022-02-11,3.6004865169525146,3.5385055541992188,20.311494827270508
2022-02-14,3.6089982986450195,3.644132137298584,20.496606826782227
2022-02-15,3.9920291900634766,3.758561372756958,21.47263526916504
2022-02-16,3.949469804763794,3.8201770782470703,21.539945602416992
2022-02-17,4.179288387298584,3.811375617980957,22.381351470947266
2022-02-18,4.170775890350342,4.057838439941406,22.953895568847656
2022-02-21,3.8983988761901855,3.8905951976776123,21.86085319519043
2022-02-22,3.9579813480377197,3.8729910850524902,21.687355041503906
2022-02-23,3.9579813480377197,3.8905951976776123,22.03434944152832
2022-02-24,4.085659027099609,3.9610137939453125,22.03434944152832
2022-02-25,4.068634033203125,4.049036026000977,22.10375213623047
2022-02-28,4.179288387298584,4.049036026000977,22.554847717285156
2022-03-01,4.179288387298584,4.049036026000977,22.589548110961914
2022-03-02,4.443152904510498,4.057838439941406,23.769338607788086
2022-03-03,4.477200508117676,4.075443267822266,25.157331466674805
2022-03-04,4.3410115242004395,4.040234088897705,24.32453727722168
2022-03-07,4.349523544311523,3.9610137939453125,24.02958869934082
2022-03-08,4.298452854156494,3.8465847969055176,23.422340393066406
2022-03-09,4.511248588562012,3.855509042739868,23.422340393066406
2022-03-10,4.409106254577637,3.8376595973968506,22.72834587097168
2022-03-11,4.400594234466553,3.7484114170074463,22.641597747802734
2022-03-14,4.298452854156494,3.7037878036499023,22.849796295166016
2022-03-15,4.213334560394287,3.6770131587982178,22.710996627807617
2022-03-16,4.238870143890381,3.6770131587982178,22.398700714111328
2022-03-17,4.170775890350342,3.6948626041412354,21.687355041503906
2022-03-18,4.238870143890381,3.6591637134552,21.947601318359375
2022-03-21,4.238870143890381,3.6413145065307617,21.67000389099121
2022-03-22,4.315476417541504,3.7484114170074463,22.294601440429688
2022-03-23,4.298452854156494,3.7305617332458496,22.12110137939453
2022-03-24,4.298452854156494,3.7037878036499023,22.086400985717773
2022-03-25,4.375058650970459,3.6948626041412354,22.12110137939453
2022-03-28,4.298452854156494,3.668088436126709,21.964954376220703
2022-03-29,4.264406681060791,3.6770131587982178,21.86085319519043
2022-03-30,4.255893707275391,3.6770131587982178,21.843503952026367
2022-03-31,4.230358123779297,3.6770131587982178,21.86085319519043
2022-04-01,4.213334560394287,3.7841107845306396,21.947601318359375
2022-04-04,4.323989391326904,3.7305617332458496,22.433399200439453
2022-04-05,4.36654806137085,3.7930352687835693,22.554847717285156
2022-04-06,4.48571252822876,3.8019607067108154,23.179441452026367
2022-04-07,4.468689441680908,3.8733582496643066,23.196796417236328
2022-04-08,4.468689441680908,3.8822829723358154,23.16209602355957
2022-04-11,4.511248588562012,3.9001336097717285,23.422340393066406
2022-04-12,4.477200508117676,3.8822829723358154,23.59583854675293
2022-04-13,4.511248588562012,3.926907539367676,23.647890090942383
2022-04-14,4.511248588562012,3.8822829723358154,23.474388122558594
2022-04-15,4.315476417541504,3.846583843231201,23.59583854675293
2022-04-18,4.383571147918701,3.8287341594696045,23.335596084594727
2022-04-20,4.545294761657715,3.864434242248535,24.30718994140625
2022-04-21,4.468689441680908,3.917982816696167,24.532733917236328
2022-04-22,4.468689441680908,3.953681707382202,24.289838790893555
2022-04-25,4.545294761657715,4.221425533294678,25.157331466674805
2022-04-26,4.468689441680908,4.176801681518555,25.08793067932129
2022-04-27,4.533022880554199,4.0964789390563965,24.98383331298828
2022-04-28,4.559175491333008,4.176801681518555,25.400232315063477
2022-04-29,4.567892551422119,4.167877674102783,25.556379318237305
2022-05-05,4.5940446853637695,4.212500095367432,25.07058334350586
2022-05-06,4.437132358551025,4.069704055786133,24.289838790893555
2022-05-09,4.288937091827393,3.917982816696167,23.682588577270508
2022-05-10,4.2715020179748535,3.917982816696167,23.248844146728516
2022-05-11,4.349958896636963,3.8912084102630615,23.335596084594727
2022-05-12,4.2715020179748535,3.757336378097534,22.884492874145508
2022-05-13,4.463284015655518,3.855509042739868,23.057994842529297
2022-05-17,4.567892551422119,3.9090576171875,23.16209602355957
2022-05-18,4.550457000732422,3.8733582496643066,23.16209602355957
2022-05-19,4.559175491333008,3.917982816696167,23.335596084594727
2022-05-20,4.51558780670166,3.926907539367676,23.335596084594727
2022-05-23,4.376110076904297,3.6413145065307617,22.91919708251953
2022-05-24,4.376110076904297,3.6770131587982178,22.468097686767578
2022-05-25,4.419697284698486,3.7841107845306396,22.815095901489258
2022-05-26,4.367393970489502,3.766261100769043,22.710996627807617
2022-05-27,4.402263164520264,3.8019607067108154,22.693647384643555
2022-05-30,4.341240406036377,3.775186061859131,22.381349563598633
2022-05-31,4.384828090667725,3.8376595973968506,22.173152923583984
2022-06-01,4.280220031738281,3.8019607067108154,22.554847717285156
2022-06-02,4.254067897796631,3.810884714126587,22.52014923095703
2022-06-03,4.280220031738281,3.775186061859131,22.554847717285156
2022-06-07,4.0971550941467285,3.7484114170074463,22.086400985717773
2022-06-08,4.210480213165283,3.7484114170074463,22.086400985717773
2022-06-09,4.105872631072998,3.6770131587982178,21.80880355834961
2022-06-10,4.044850826263428,3.6502392292022705,21.67000389099121
2022-06-13,3.9402425289154053,3.623464345932007,20.993358612060547
2022-06-14,4.175611972808838,3.668088436126709,21.427108764648438
2022-06-15,4.009981155395508,3.6413145065307617,20.81985855102539
2022-06-16,3.9576778411865234,3.5966904163360596,20.85456085205078
2022-06-17,3.887938976287842,3.6056151390075684,20.299360275268555
2022-06-20,3.8792219161987305,3.5609912872314453,20.091163635253906
2022-06-21,3.853069305419922,3.5074422359466553,20.334064483642578
2022-06-22,3.5218098163604736,3.328946352005005,19.206321716308594
2022-06-23,3.739743947982788,3.409269332885742,19.813570022583008
2022-06-24,3.6787221431732178,3.427119016647339,19.414518356323242
2022-06-27,3.7484610080718994,3.373570680618286,19.397171020507812
2022-06-28,3.861785888671875,3.47174334526062,19.57067108154297
2022-06-29,3.774613380432129,3.480668067932129,19.466569900512695
2022-06-30,3.774613380432129,3.427119016647339,19.03282356262207
2022-07-01,3.7658958435058594,3.480668067932129,19.171621322631836
2022-07-04,3.7310264110565186,3.4003446102142334,19.327770233154297
2022-07-05,3.713592052459717,3.3914196491241455,18.651124954223633
2022-07-06,3.3387458324432373,3.3557209968566895,17.367233276367188
2022-07-07,3.5305275917053223,3.328946352005005,17.93977928161621
2022-07-08,3.547961950302124,3.3914196491241455,18.062416076660156
2022-07-12,3.6002657413482666,3.47174334526062,18.395280838012695
2022-07-13,3.565397024154663,3.4628186225891113,18.377761840820312
2022-07-14,3.565397024154663,3.47174334526062,18.16752815246582
2022-07-15,3.5566799640655518,3.47174334526062,18.185047149658203
2022-07-18,3.6351358890533447,3.5520663261413574,18.67559051513672
2022-07-19,3.643852710723877,3.4985177516937256,18.53543472290039
2022-07-20,3.6525702476501465,3.516366958618164,18.780702590942383
2022-07-21,3.713592052459717,3.569915771484375,18.885822296142578
2022-07-22,3.6525702476501465,3.5520663261413574,19.008455276489258
2022-07-25,3.6787221431732178,3.569915771484375,19.096054077148438
2022-07-26,3.6351358890533447,3.5966904163360596,18.955900192260742
2022-07-27,3.6351358890533447,3.5966904163360596,19.008455276489258
2022-07-28,3.6874403953552246,3.6056151390075684,19.27124786376953
2022-07-29,3.800765037536621,3.5966904163360596,19.201169967651367
2022-08-01,3.835634708404541,3.6859381198883057,19.709230422973633
2022-08-02,3.7920479774475098,3.668088436126709,19.236207962036133
2022-08-03,3.800765037536621,3.668088436126709,19.236207962036133
2022-08-04,3.853069305419922,3.6859381198883057,19.446439743041992
2022-08-05,3.887938976287842,3.6770131587982178,19.709230422973633
2022-08-08,3.887938976287842,3.6859381198883057,19.621631622314453
2022-08-09,3.8792219161987305,3.668088436126709,19.499000549316406
2022-08-10,3.9402425289154053,3.668088436126709,19.709230422973633
2022-08-11,3.966395139694214,3.668088436126709,19.6741886138916
2022-08-12,4.044850826263428,3.6859381198883057,19.621631622314453
2022-08-15,3.9751126766204834,3.712712049484253,19.551555633544922
2022-08-16,4.088438510894775,3.766261100769043,19.6741886138916
2022-08-17,4.079719543457031,3.7841107845306396,20.1472110748291
2022-08-18,4.105872631072998,3.7841107845306396,20.042095184326172
2022-08-19,4.018700122833252,3.775186061859131,19.97201919555664
2022-08-22,3.9228081703186035,3.7394864559173584,19.796829223632812
2022-08-23,3.835634708404541,3.7394864559173584,19.06101417541504
2022-08-24,3.582831859588623,3.480668067932129,19.096054077148438
2022-08-25,3.6351358890533447,3.623464345932007,19.06101417541504
2022-08-26,3.722309112548828,3.72163724899292,19.53403663635254
2022-08-29,3.826917886734009,3.72163724899292,19.569074630737305
2022-08-30,3.887938976287842,3.775186061859131,20.269851684570312
2022-09-01,3.6787221431732178,3.668088436126709,19.709230422973633
2022-09-02,3.6177008152008057,3.6591637134552,19.656673431396484
2022-09-05,3.7048747539520264,3.668088436126709,19.53403663635254
2022-09-06,3.7310264110565186,3.6859381198883057,19.58659553527832
2022-09-07,3.739743947982788,3.668088436126709,19.551555633544922
2022-09-08,3.7484610080718994,3.668088436126709,19.551555633544922
2022-09-09,3.722309112548828,3.6413145065307617,19.551555633544922
2022-09-12,3.774613380432129,3.6959333419799805,19.27124786376953
2022-09-13,3.826917886734009,3.7505533695220947,19.27124786376953
2022-09-14,3.774613380432129,3.7141404151916504,19.341323852539062
2022-09-15,3.7833306789398193,3.5320746898651123,19.18364906311035
2022-09-19,3.8094823360443115,3.5684878826141357,19.21868896484375
2022-09-20,3.8705039024353027,3.5775909423828125,19.236207962036133
2022-09-21,3.7833306789398193,3.5411782264709473,19.27124786376953
2022-09-22,3.818199872970581,3.5411782264709473,19.253726959228516
2022-09-23,3.774613380432129,3.4683516025543213,18.955900192260742
2022-09-26,3.7833306789398193,3.4046285152435303,17.939777374267578
2022-09-27,3.722309112548828,3.4592480659484863,18.062416076660156
2022-09-28,3.5566799640655518,3.431938409805298,18.04489517211914
2022-09-29,3.6177008152008057,3.441041946411133,18.20256996154785
2022-09-30,3.565397024154663,3.431938409805298,18.132492065429688
2022-10-03,3.626418352127075,3.431938409805298,18.2200870513916
2022-10-04,3.5218098163604736,3.413731813430786,17.957300186157227
2022-10-05,3.661287546157837,3.4956612586975098,18.132492065429688
2022-10-06,3.6351358890533447,3.4501447677612305,18.132492065429688
2022-10-07,3.5218098163604736,3.413731813430786,17.869699478149414
2022-10-11,3.504375457763672,3.350008964538574,17.344120025634766
2022-10-12,3.4259192943573,3.350008964538574,17.60691261291504
2022-10-13,3.4346365928649902,3.3318023681640625,17.53683853149414
2022-10-14,3.5130929946899414,3.3864221572875977,17.834667205810547
2022-10-17,3.5130929946899414,3.359112024307251,17.694509506225586
2022-10-18,3.6089835166931152,3.595797300338745,18.132492065429688
2022-10-19,3.7048747539520264,3.486558437347412,18.57047462463379
2022-10-20,3.835634708404541,3.6413145065307617,18.868303298950195
2022-10-21,3.853069305419922,3.5866944789886475,18.850784301757812
2022-10-25,3.853069305419922,3.559384822845459,18.815744400024414
2022-10-26,3.9228081703186035,3.677727222442627,19.639148712158203
2022-10-27,3.8705039024353027,3.677727222442627,19.446439743041992
2022-10-28,3.7920479774475098,3.677727222442627,19.113571166992188
2022-10-31,3.835634708404541,3.7141404151916504,18.990938186645508
2022-11-01,3.774613380432129,3.623107671737671,18.377761840820312
2022-11-02,3.8094823360443115,3.6322109699249268,18.605514526367188
2022-11-03,3.791640043258667,3.550281286239624,18.360240936279297
2022-11-04,3.8897764682769775,3.6413145065307617,18.32520294189453
2022-11-07,3.8897764682769775,3.6322109699249268,18.395280838012695
2022-11-08,3.8630118370056152,3.6595208644866943,18.552955627441406
2022-11-09,3.91654109954834,3.6413145065307617,18.395280838012695
2022-11-10,3.880854606628418,3.6322109699249268,18.57047462463379
2022-11-11,3.97006893157959,3.6504175662994385,18.57047462463379
2022-11-14,3.9789910316467285,3.66862416267395,18.482877731323242
2022-11-15,3.97006893157959,3.66862416267395,18.885822296142578
2022-11-16,3.907618761062622,3.6595208644866943,18.93838119506836
2022-11-17,3.8451688289642334,3.732347011566162,18.763187408447266
2022-11-21,3.836246967315674,3.6595208644866943,18.552955627441406
2022-11-22,3.8630118370056152,3.6595208644866943,18.658069610595703
2022-11-23,3.952226400375366,3.6595208644866943,18.57047462463379
2022-11-24,3.8719334602355957,3.6413145065307617,18.482877731323242
2022-11-25,3.8630118370056152,3.623107671737671,18.44783592224121
2022-11-29,3.880854606628418,3.5320746898651123,18.51791763305664
2022-11-30,3.8005619049072266,3.477454662322998,18.30768394470215
2022-12-01,3.9343841075897217,3.5047647953033447,18.74566650390625
2022-12-02,4.01467752456665,3.5229713916778564,18.2200870513916
2022-12-05,3.9254627227783203,3.4592480659484863,18.20256996154785
2022-12-06,3.8451688289642334,3.4592480659484863,18.395280838012695
2022-12-07,3.880854606628418,3.441041946411133,18.44783592224121
2022-12-08,3.880854606628418,3.4592480659484863,18.395280838012695
2022-12-09,3.880854606628418,3.477454662322998,18.2200870513916
2022-12-12,3.8897764682769775,3.4592480659484863,18.430322647094727
2022-12-13,3.791640043258667,3.4046285152435303,18.395280838012695
2022-12-14,3.880854606628418,3.422835350036621,18.482877731323242
2022-12-15,3.880854606628418,3.359112024307251,18.41280174255371
2022-12-16,4.255558013916016,3.623107671737671,19.06101417541504
2022-12-19,3.952226400375366,3.595797300338745,18.83326530456543
2022-12-20,3.8986971378326416,3.559384822845459,18.83326530456543
2022-12-21,3.880854606628418,3.4956612586975098,18.623031616210938
2022-12-22,3.9254627227783203,3.5866944789886475,18.623031616210938
2022-12-23,3.880854606628418,3.550281286239624,18.57047462463379
2022-12-27,4.0771284103393555,3.677727222442627,19.043495178222656
2022-12-28,4.0771284103393555,3.686830759048462,19.008455276489258
2022-12-29,4.148500442504883,3.686830759048462,19.236207962036133
2022-12-30,4.148500442504883,3.686830759048462,19.58659553527832
2023-01-03,4.01467752456665,3.60490083694458,19.35884666442871
2023-01-04,3.880854606628418,3.5866944789886475,18.920860290527344
2023-01-05,3.97006893157959,3.6413145065307617,19.27124786376953
2023-01-06,3.8986971378326416,3.559384822845459,19.148611068725586
2023-01-09,3.952226400375366,3.6504175662994385,19.201169967651367
2023-01-10,3.8986971378326416,3.60490083694458,19.236207962036133
2023-01-11,3.907618761062622,3.614004373550415,19.21868896484375
2023-01-12,3.907618761062622,3.5866944789886475,19.27124786376953
2023-01-13,3.854090690612793,3.6322109699249268,19.428922653198242
2023-01-16,3.8986971378326416,3.595797300338745,19.06101417541504
2023-01-17,3.91654109954834,3.5684878826141357,19.096054077148438
2023-01-18,3.9254627227783203,3.5866944789886475,18.605514526367188
2023-01-19,3.8897764682769775,3.5320746898651123,18.658069610595703
2023-01-20,3.97006893157959,3.550281286239624,18.658069610595703
2023-01-25,3.8719334602355957,3.5047647953033447,18.640552520751953
2023-01-26,3.880854606628418,3.5047647953033447,18.885822296142578
2023-01-27,3.818404197692871,3.5411782264709473,19.078536987304688
2023-01-30,3.8719334602355957,3.4956612586975098,18.93838119506836
2023-01-31,3.8630118370056152,3.477454662322998,18.763187408447266
2023-02-02,3.97006893157959,3.477454662322998,19.06101417541504
2023-02-03,3.952226400375366,3.5138680934906006,19.288766860961914
2023-02-07,3.97006893157959,3.4683516025543213,19.16613006591797
2023-02-08,3.8897764682769775,3.486558437347412,19.201169967651367
2023-02-09,3.8451688289642334,3.477454662322998,19.253726959228516
2023-02-10,3.8630118370056152,3.4683516025543213,19.21868896484375
2023-02-13,3.8273255825042725,3.422835350036621,19.043495178222656
2023-02-14,3.8986971378326416,3.5047647953033447,19.35884666442871
2023-02-15,3.880854606628418,3.4956612586975098,19.35884666442871
2023-02-16,3.880854606628418,3.5047647953033447,19.35884666442871
2023-02-17,3.880854606628418,3.4683516025543213,19.32248878479004
2023-02-20,3.836246967315674,3.4501447677612305,19.26795768737793
2023-02-21,3.8986971378326416,3.4683516025543213,19.540616989135742
2023-02-22,3.8630118370056152,3.4592480659484863,19.37702178955078
2023-02-23,3.836246967315674,3.431938409805298,19.44972801208496
2023-02-24,3.8630118370056152,3.431938409805298,19.21342658996582
2023-02-27,3.836246967315674,3.4046285152435303,18.995298385620117
2023-02-28,3.773796319961548,3.486558437347412,18.904407501220703
2023-03-01,3.791640043258667,3.4501447677612305,18.940765380859375
2023-03-02,3.836246967315674,3.477454662322998,19.068004608154297
2023-03-03,3.8005619049072266,3.5229713916778564,19.086185455322266
2023-03-06,3.836246967315674,3.550281286239624,19.231599807739258
2023-03-07,4.023598670959473,3.623107671737671,19.649682998657227
2023-03-08,3.987912893295288,3.60490083694458,19.10436248779297
2023-03-09,3.836246967315674,3.5411782264709473,18.904407501220703
2023-03-10,3.791640043258667,3.4592480659484863,18.81352424621582
2023-03-13,3.8094828128814697,3.550281286239624,18.849876403808594
2023-03-14,3.7381107807159424,3.467071294784546,18.722639083862305
2023-03-15,3.7648746967315674,3.5132992267608643,18.77716827392578
2023-03-16,3.7648746967315674,3.4578258991241455,18.77716827392578
2023-03-17,3.8094828128814697,3.615000009536743,19.59514808654785
2023-03-20,3.7648746967315674,3.568772315979004,19.086185455322266
2023-03-21,3.7648746967315674,3.531790018081665,18.922588348388672
2023-03-22,3.7648746967315674,3.531790018081665,18.904407501220703
2023-03-23,3.773796319961548,3.587263345718384,18.904407501220703
2023-03-24,3.7648746967315674,3.4948081970214844,18.904407501220703
2023-03-27,3.71134614944458,3.448580503463745,18.81352424621582
2023-03-28,3.836246967315674,3.448580503463745,18.904407501220703
2023-03-29,3.791640043258667,3.4393346309661865,18.97711944580078
2023-03-30,3.818404197692871,3.4948081970214844,18.904407501220703
2023-03-31,3.8094828128814697,3.5225441455841064,18.886234283447266
2023-04-03,3.8273255825042725,3.5132992267608643,19.10436248779297
2023-04-04,3.755953550338745,3.4763169288635254,18.81352424621582
2023-04-05,3.773796319961548,3.5040535926818848,18.922588348388672
2023-04-06,3.773796319961548,3.4578258991241455,18.958940505981445
2023-04-07,3.7827184200286865,3.4578258991241455,19.086185455322266
2023-04-10,3.8451688289642334,3.5132992267608643,19.50425910949707
2023-04-11,3.8897764682769775,3.4948081970214844,19.57697296142578
2023-04-12,3.8451688289642334,3.5132992267608643,19.90416145324707
2023-04-13,3.854090690612793,3.568772315979004,19.686037063598633
2023-04-14,3.8094828128814697,3.5595269203186035,19.667856216430664
2023-04-17,3.755953550338745,3.5410356521606445,19.57697296142578
2023-04-18,3.8451688289642334,3.578017473220825,19.704214096069336
2023-04-19,3.836246967315674,3.5595269203186035,19.558795928955078
2023-04-20,3.8451688289642334,3.5225441455841064,19.486083984375
2023-04-25,3.9968340396881104,3.578017473220825,19.885984420776367
2023-04-26,3.952226400375366,3.5132992267608643,19.831451416015625
2023-04-27,3.907365083694458,3.550281047821045,19.867809295654297
2023-04-28,3.871185064315796,3.531790018081665,19.540616989135742
2023-05-02,3.9344987869262695,3.5595269203186035,19.17706871032715
2023-05-03,3.9435441493988037,3.5595269203186035,19.95869255065918
2023-05-05,3.9887683391571045,3.5595269203186035,19.540616989135742
2023-05-08,3.9706788063049316,3.531790018081665,19.63150405883789
2023-05-09,3.9164092540740967,3.531790018081665,19.667856216430664
2023-05-10,3.9525880813598633,3.5225441455841064,19.74056625366211
2023-05-11,4.024946212768555,3.587263345718384,20.013227462768555
2023-05-12,4.033991813659668,3.6242454051971436,20.17682456970215
2023-05-15,3.9616329669952393,3.5595269203186035,20.194997787475586
2023-05-16,3.9887683391571045,3.6057546138763428,20.44948387145996
2023-05-17,4.1425299644470215,3.6612274646759033,20.703964233398438
2023-05-18,4.124439716339111,3.698209762573242,20.649431228637695
2023-05-19,4.07017183303833,3.698209762573242,20.594898223876953
2023-05-22,4.088260650634766,3.698209762573242,20.72214126586914
2023-05-23,4.05208158493042,3.6612274646759033,20.54037094116211
2023-05-24,3.9887683391571045,3.679718494415283,20.485837936401367
2023-05-25,3.871185064315796,3.615000009536743,19.795101165771484
2023-05-26,3.81691575050354,3.615000009536743,19.667856216430664
2023-05-29,3.8440511226654053,3.651982069015503,19.867809295654297
2023-05-30,3.8530960083007812,3.615000009536743,19.667856216430664
2023-05-31,3.81691575050354,3.4115984439849854,18.97711944580078
2023-06-01,3.81691575050354,3.4300894737243652,19.10436248779297
2023-06-02,3.81691575050354,3.467071294784546,19.286134719848633
2023-06-06,3.9706788063049316,3.5225441455841064,19.413373947143555
2023-06-07,3.862140417098999,3.4948081970214844,19.63150405883789
2023-06-08,3.825960874557495,3.4763169288635254,19.704214096069336
2023-06-09,3.825960874557495,3.485562562942505,19.722389221191406
2023-06-12,3.9164092540740967,3.531790018081665,20.03140640258789
2023-06-13,3.8892745971679688,3.485562562942505,19.90416145324707
2023-06-14,3.8892745971679688,3.4763169288635254,19.63150405883789
2023-06-15,3.8530960083007812,3.4763169288635254,19.758745193481445
2023-06-16,3.862140417098999,3.4763169288635254,18.740816116333008
2023-06-19,3.907365083694458,3.4578258991241455,19.90416145324707
2023-06-20,3.8802297115325928,3.4763169288635254,19.97687339782715
2023-06-21,3.862140417098999,3.467071294784546,19.831451416015625
2023-06-22,3.8350062370300293,3.467071294784546,19.704214096069336
2023-06-23,3.8892745971679688,3.4578258991241455,19.795101165771484
2023-06-26,3.8440511226654053,3.4763169288635254,20.085939407348633
2023-06-27,3.8530960083007812,3.448580503463745,20.194997787475586
2023-06-28,3.8350062370300293,3.4578258991241455,20.14046859741211
2023-06-30,3.7536025047302246,3.448580503463745,19.95869255065918
2023-07-03,3.907365083694458,3.5132992267608643,20.267709732055664
2023-07-04,3.8892745971679688,3.5225441455841064,20.249534606933594
2023-07-05,3.9525880813598633,3.550281047821045,20.8675594329834
2023-07-06,3.871185064315796,3.550281047821045,20.75849723815918
2023-07-07,3.871185064315796,3.467071294784546,20.485837936401367
2023-07-10,3.9164092540740967,3.485562562942505,20.81595802307129
2023-07-11,3.9616329669952393,3.587263345718384,21.036041259765625
2023-07-12,3.9525880813598633,3.615000009536743,20.852636337280273
2023-07-13,3.9706788063049316,3.6057546138763428,20.81595802307129
2023-07-14,3.9797236919403076,3.578017473220825,20.81595802307129
2023-07-17,3.9525880813598633,3.5595269203186035,20.81595802307129
2023-07-18,3.9797236919403076,3.587263345718384,20.907657623291016
2023-07-20,3.9797236919403076,3.6889641284942627,20.81595802307129
2023-07-21,4.097305774688721,3.7629284858703613,20.889318466186523
2023-07-24,4.133485794067383,3.7629284858703613,21.384498596191406
2023-07-25,4.151575088500977,3.799910306930542,21.457857131958008
2023-07-26,4.16966438293457,3.8276469707489014,21.549558639526367
2023-07-27,4.160619258880615,3.85538387298584,21.549558639526367
2023-07-28,4.115396022796631,3.818401336669922,21.27446174621582
2023-07-31,4.115396022796631,3.85538387298584,21.384498596191406
2023-08-01,4.088260650634766,3.8276469707489014,21.329479217529297
2023-08-02,4.024946212768555,3.8276469707489014,21.27446174621582
2023-08-03,4.061126708984375,3.799910306930542,21.27446174621582
2023-08-04,4.043036937713623,3.7721738815307617,21.27446174621582
2023-08-07,4.043036937713623,3.781419515609741,21.40283966064453
2023-08-08,4.106350898742676,3.7906649112701416,21.421178817749023
2023-08-09,4.124439716339111,3.85538387298584,21.439517974853516
2023-08-10,4.07017183303833,3.781419515609741,21.256120681762695
2023-08-11,4.061126708984375,3.7721738815307617,21.182758331298828
2023-08-14,4.05208158493042,3.7629284858703613,21.09105682373047
2023-08-15,3.9797236919403076,3.7074553966522217,20.8709774017334
2023-08-16,4.024946212768555,3.716700315475464,20.81595802307129
2023-08-17,3.898319721221924,3.5965089797973633,20.632558822631836
2023-08-18,3.9706788063049316,3.679718494415283,20.77927589416504
2023-08-21,3.9616329669952393,3.7536826133728027,20.889318466186523
2023-08-22,3.9706788063049316,3.7444372177124023,20.889318466186523
2023-08-23,3.907365083694458,3.670473337173462,20.632558822631836
2023-08-24,3.9706788063049316,3.7074553966522217,20.540855407714844
2023-08-25,3.9525880813598633,3.716700315475464,19.93563461303711
2023-08-28,3.9616329669952393,3.716700315475464,19.71555519104004
2023-08-29,3.9616329669952393,3.716700315475464,19.788915634155273
2023-08-30,3.9706788063049316,3.7259461879730225,19.752235412597656
2023-09-01,3.9797236919403076,3.7444372177124023,19.660533905029297
2023-09-04,4.015902519226074,3.7259461879730225,19.605512619018555
2023-09-05,3.9254543781280518,3.716700315475464,19.53215217590332
2023-09-06,3.898319721221924,3.735424518585205,19.53215217590332
2023-09-07,3.9344987869262695,3.7915964126586914,19.56883430480957
2023-09-08,3.8802297115325928,3.7915964126586914,19.440454483032227
2023-09-11,3.8892745971679688,3.7728726863861084,19.440454483032227
2023-09-12,3.898319721221924,3.7822344303131104,19.71555519104004
2023-09-13,3.9435441493988037,3.829044818878174,19.752235412597656
2023-09-14,3.9797236919403076,3.8196823596954346,19.917295455932617
2023-09-15,4.1425299644470215,3.520099401473999,21.384498596191406
2023-09-18,4.024946212768555,3.735424518585205,19.697214126586914
2023-09-19,3.9887683391571045,3.726062536239624,19.733898162841797
2023-09-20,4.033991813659668,3.7447867393493652,19.660533905029297
2023-09-21,3.9344987869262695,3.735424518585205,19.53215217590332
2023-09-22,3.9344987869262695,3.7447867393493652,19.605512619018555
2023-09-25,3.9164092540740967,3.726062536239624,19.53215217590332
2023-09-26,3.9164092540740967,3.726062536239624,19.642194747924805
2023-09-27,3.8802297115325928,3.735424518585205,19.71555519104004
2023-09-29,3.871185064315796,3.726062536239624,19.62385368347168
2023-10-02,3.871185064315796,3.69797682762146,19.697214126586914
2023-10-03,3.907365083694458,3.69797682762146,19.697214126586914
2023-10-04,3.862140417098999,3.669890880584717,19.697214126586914
2023-10-05,3.862140417098999,3.6792526245117188,19.642194747924805
2023-10-06,3.871185064315796,3.6792526245117188,19.62385368347168
2023-10-09,3.825960874557495,3.6792526245117188,20.027334213256836
2023-10-10,3.871185064315796,3.69797682762146,20.265758514404297
2023-10-11,3.8350062370300293,3.6792526245117188,20.064014434814453
2023-10-12,3.825960874557495,3.669890880584717,19.71555519104004
2023-10-13,3.825960874557495,3.660529375076294,19.99065589904785
2023-10-16,3.7988266944885254,3.651167154312134,19.733898162841797
2023-10-17,3.8350062370300293,3.6792526245117188,20.155715942382812
2023-10-18,3.9164092540740967,3.707338571548462,20.155715942382812
2023-10-19,3.8892745971679688,3.69797682762146,20.540855407714844
2023-10-20,3.825960874557495,3.688614845275879,20.540855407714844
2023-10-23,3.8078713417053223,3.669890880584717,20.540855407714844
2023-10-24,3.8078713417053223,3.6230807304382324,20.540855407714844
2023-10-25,3.8440511226654053,3.651167154312134,20.540855407714844
2023-10-26,3.862140417098999,3.6418051719665527,20.357458114624023
2023-10-27,3.862140417098999,3.669890880584717,20.320775985717773
2023-10-30,3.9164092540740967,3.651167154312134,20.265758514404297
2023-10-31,3.9254543781280518,3.6792526245117188,20.155715942382812
2023-11-01,3.9277327060699463,3.660529375076294,20.137374877929688
2023-11-02,3.9277327060699463,3.6792526245117188,20.24741554260254
2023-11-03,3.991523504257202,3.707338571548462,20.24741554260254
2023-11-06,4.018863677978516,3.7541487216949463,20.265758514404297
2023-11-07,3.9732980728149414,3.716700792312622,20.210737228393555
2023-11-08,3.9824106693267822,3.716700792312622,20.174055099487305
2023-11-09,3.9550721645355225,3.707338571548462,20.064014434814453
2023-11-10,3.945958137512207,3.688614845275879,19.880615234375
2023-11-14,4.000637054443359,3.6792526245117188,19.99065589904785
2023-11-15,4.018863677978516,3.763510227203369,20.19239616394043
2023-11-16,3.991523504257202,3.763510227203369,20.19239616394043
2023-11-17,3.991523504257202,3.7447867393493652,20.174055099487305
2023-11-20,3.9824106693267822,3.69797682762146,20.174055099487305
2023-11-21,4.037088871002197,3.763510227203369,19.825597763061523
2023-11-22,3.9824106693267822,3.726062536239624,19.733898162841797
2023-11-23,3.9732980728149414,3.726062536239624,19.605512619018555
2023-11-24,3.9550721645355225,3.7447867393493652,19.51381492614746
2023-11-27,4.046202659606934,3.69797682762146,19.62385368347168
2023-11-28,4.109993934631348,3.735424518585205,19.71555519104004
2023-11-29,4.146446704864502,3.735424518585205,19.71555519104004
2023-11-30,4.109993934631348,3.763510227203369,20.064014434814453
2023-12-01,4.119106769561768,3.726062536239624,19.53215217590332
2023-12-04,4.1008806228637695,3.735424518585205,19.62385368347168
2023-12-05,4.1008806228637695,3.7447867393493652,19.605512619018555
2023-12-06,4.1008806228637695,3.716700792312622,19.587173461914062
2023-12-07,4.055315017700195,3.6792526245117188,19.71555519104004
2023-12-08,4.037088871002197,3.707338571548462,19.733898162841797
2023-12-11,4.08265495300293,3.716700792312622,19.62385368347168
2023-12-12,4.09176778793335,3.707338571548462,19.697214126586914
2023-12-13,4.1282196044921875,3.716700792312622,19.71555519104004
2023-12-14,4.137332916259766,3.726062536239624,19.71555519104004
2023-12-15,4.155559062957764,3.8009583950042725,19.62385368347168
2023-12-18,4.146446704864502,3.7541487216949463,19.67887306213379
2023-12-19,4.1008806228637695,3.716700792312622,19.71555519104004
2023-12-20,4.09176778793335,3.688614845275879,19.880615234375
2023-12-21,4.119106769561768,3.6792526245117188,20.100696563720703
2023-12-22,4.119106769561768,3.69797682762146,20.064014434814453
2023-12-26,4.097879409790039,3.688614845275879,20.045677185058594
2023-12-27,4.125567436218262,3.688614845275879,20.082353591918945
2023-12-28,4.144026279449463,3.688614845275879,20.045677185058594
2023-12-29,4.116337776184082,3.6792526245117188,20.008995056152344
2024-01-02,4.0332722663879395,3.69797682762146,19.862276077270508
2024-01-03,4.042501926422119,3.7447867393493652,19.953975677490234
2024-01-04,4.051732063293457,3.7447867393493652,20.174055099487305
2024-01-05,4.0148138999938965,3.726062536239624,20.174055099487305
2024-01-08,4.0332722663879395,3.735424518585205,20.44915771484375
2024-01-09,4.042501926422119,3.735424518585205,20.44915771484375
2024-01-10,4.0148138999938965,3.707338571548462,20.430816650390625
2024-01-11,4.079420566558838,3.716700792312622,20.540855407714844
2024-01-12,3.9778964519500732,3.726062536239624,20.559194564819336
2024-01-15,4.134797096252441,3.726062536239624,20.632558822631836
2024-01-16,4.116337776184082,3.707338571548462,20.632558822631836
2024-01-17,4.134797096252441,3.707338571548462,20.632558822631836
2024-01-18,4.0609612464904785,3.716700792312622,20.44915771484375
2024-01-19,4.107108116149902,3.707338571548462,20.595876693725586
2024-01-22,4.070190906524658,3.707338571548462,20.632558822631836
2024-01-23,4.0332722663879395,3.726062536239624,20.669239044189453
2024-01-24,4.042501926422119,3.7541487216949463,20.81595802307129
2024-01-26,4.0148138999938965,3.716700792312622,20.797616958618164
2024-01-29,4.1717143058776855,3.7447867393493652,20.797616958618164
2024-01-30,4.125567436218262,3.726062536239624,20.797616958618164
2024-01-31,4.079420566558838,3.735424518585205,20.741607666015625
2024-02-02,4.144026279449463,3.716700792312622,20.554916381835938
2024-02-05,4.079420566558838,3.716700792312622,20.741607666015625
2024-02-06,4.116337776184082,3.726062536239624,20.629594802856445
2024-02-07,4.116337776184082,3.726062536239624,20.554916381835938
2024-02-08,4.116337776184082,3.735424518585205,20.8349552154541
2024-02-09,4.107108116149902,3.726062536239624,20.946971893310547
2024-02-13,4.199403285980225,3.7822344303131104,21.07765769958496
2024-02-14,4.134797096252441,3.763510227203369,21.040319442749023
2024-02-15,4.097879409790039,3.726062536239624,21.002979278564453
2024-02-16,4.153255939483643,3.735424518585205,21.040319442749023
2024-02-19,4.153255939483643,3.726062536239624,21.021650314331055
2024-02-20,4.153255939483643,3.7728726863861084,21.096328735351562
2024-02-21,4.1717143058776855,3.763510227203369,21.096328735351562
2024-02-22,4.153255939483643,3.7728726863861084,21.339027404785156
2024-02-23,4.088649272918701,3.735424518585205,20.98430824279785
2024-02-26,3.9040606021881104,3.7447867393493652,20.760278701782227
2024-02-27,3.9686663150787354,3.763510227203369,20.778949737548828
2024-02-28,3.9502079486846924,3.7447867393493652,20.70427131652832
2024-02-29,3.996354818344116,3.726062536239624,20.909631729125977
2024-03-01,4.005584716796875,3.7447867393493652,20.57358741760254
2024-03-04,4.024044036865234,3.8103203773498535,20.8349552154541
2024-03-05,3.9317493438720703,3.707338571548462,20.442899703979492
2024-03-06,3.9409782886505127,3.7447867393493652,20.42422866821289
2024-03-07,3.9686663150787354,3.7447867393493652,20.442899703979492
2024-03-08,4.0332722663879395,3.7873947620391846,20.57358741760254
2024-03-11,4.0148138999938965,3.768458127975464,20.629594802856445
2024-03-12,4.070190906524658,3.8063318729400635,20.66693115234375
2024-03-13,3.996354818344116,3.7211153507232666,20.368223190307617
2024-03-14,4.051732063293457,3.777926445007324,20.517576217651367
2024-03-15,4.005584716796875,3.7873947620391846,20.53624725341797
2024-03-18,4.005584716796875,3.768458127975464,20.554916381835938
2024-03-19,3.9778964519500732,3.768458127975464,20.48023796081543
2024-03-20,4.005584716796875,3.768458127975464,20.57358741760254
2024-03-21,4.0609612464904785,3.8252689838409424,20.816287994384766
2024-03-22,3.996354818344116,3.8252689838409424,20.909631729125977
2024-03-25,4.0148138999938965,3.7589893341064453,20.909631729125977
2024-03-26,4.051732063293457,3.7968637943267822,20.85362434387207
2024-03-27,4.0148138999938965,3.7400527000427246,20.816287994384766
2024-03-29,3.9778964519500732,3.768458127975464,20.946971893310547
2024-04-01,4.024044036865234,3.768458127975464,21.07765769958496
2024-04-02,4.005584716796875,3.768458127975464,21.283018112182617
2024-04-03,4.0148138999938965,3.7589893341064453,21.26435089111328
2024-04-04,4.153255939483643,3.7873947620391846,21.26435089111328
2024-04-05,4.208632469177246,3.8347373008728027,21.30168914794922
2024-04-08,4.208632469177246,3.815800428390503,21.48838233947754
2024-04-09,4.208632469177246,3.815800428390503,21.469711303710938
2024-04-12,4.162485599517822,3.8347373008728027,21.26435089111328
2024-04-15,4.097879409790039,3.8347373008728027,21.376367568969727
2024-04-16,4.107108116149902,3.815800428390503,21.376367568969727
2024-04-17,4.079420566558838,3.768458127975464,21.152332305908203
2024-04-18,4.070190906524658,3.768458127975464,21.189674377441406
2024-04-19,4.116337776184082,3.777926445007324,21.339027404785156
2024-04-22,4.125567436218262,3.8063318729400635,21.376367568969727
2024-04-23,4.0609612464904785,3.7968637943267822,21.24567985534668
2024-04-24,4.097879409790039,3.8347373008728027,21.357696533203125
2024-04-25,4.097879409790039,3.815800428390503,21.395034790039062
2024-04-26,4.088649272918701,3.8347373008728027,21.469711303710938
2024-04-29,4.153255939483643,3.8820793628692627,21.65640640258789
2024-04-30,4.125567436218262,3.8536744117736816,21.600399017333984
2024-05-02,4.134797096252441,3.8915483951568604,21.693744659423828
2024-05-03,4.1352643966674805,3.8726115226745605,21.600399017333984
2024-05-06,4.144619941711426,3.815800428390503,21.563058853149414
2024-05-07,4.191399097442627,3.863142490386963,21.581729888916016
2024-05-08,4.322380542755127,3.863142490386963,21.65640640258789
2024-05-09,4.284957408905029,3.8252689838409424,21.395034790039062
2024-05-10,4.228822231292725,3.8252689838409424,21.152332305908203
2024-05-13,4.238178253173828,3.8252689838409424,21.058990478515625
2024-05-14,4.256890296936035,3.8726115226745605,20.965639114379883
2024-05-15,4.1539764404296875,3.844205856323242,20.965639114379883
2024-05-16,4.163331508636475,3.8536744117736816,21.021650314331055
2024-05-17,4.182043552398682,3.815800428390503,20.909631729125977
2024-05-20,4.191399097442627,3.815800428390503,20.946971893310547
2024-05-21,4.172688007354736,3.711646795272827,20.16286277770996
2024-05-23,4.116553783416748,3.768458127975464,20.405563354492188
2024-05-24,4.069774150848389,3.768458127975464,20.72294044494629
2024-05-27,4.05106258392334,3.7400527000427246,20.517576217651367
2024-05-28,4.05106258392334,3.7211153507232666,20.517576217651367
2024-05-29,3.966860294342041,3.664304256439209,19.938827514648438
2024-05-30,3.985572099685669,3.664304256439209,20.03217315673828
2024-05-31,3.9762163162231445,3.616961717605591,19.472095489501953
2024-06-04,4.163331508636475,3.645367383956909,19.789474487304688
2024-06-05,4.1539764404296875,3.645367383956909,19.69612693786621
2024-06-06,4.05106258392334,3.6737730503082275,19.640121459960938
2024-06-07,4.060418605804443,3.6927099227905273,19.75213623046875
2024-06-10,4.032351016998291,3.6548359394073486,19.472095489501953
2024-06-11,3.9762163162231445,3.635899066925049,19.210725784301758
2024-06-12,3.966860294342041,3.6074936389923096,19.565441131591797
2024-06-13,3.948148012161255,3.5885567665100098,19.378747940063477
2024-06-14,3.948148012161255,3.569619655609131,19.136049270629883
2024-06-18,4.0229949951171875,3.6074936389923096,18.874675750732422
2024-06-19,4.004283428192139,3.550682783126831,18.949356079101562
2024-06-20,4.0229949951171875,3.550682783126831,18.912017822265625
2024-06-21,4.0229949951171875,3.531745672225952,19.285402297973633
2024-06-24,4.0229949951171875,3.550682783126831,19.080039978027344
2024-06-25,3.9762163162231445,3.531745672225952,19.584110260009766
2024-06-26,3.985572099685669,3.503340244293213,19.304073333740234
2024-06-27,3.929436683654785,3.4938716888427734,19.15471839904785
2024-06-28,3.948148012161255,3.503340244293213,19.266735076904297
2024-07-01,3.966860294342041,3.531745672225952,19.11737823486328
2024-07-02,3.948148012161255,3.4749348163604736,19.024030685424805
2024-07-03,3.9762163162231445,3.5128087997436523,19.192058563232422
2024-07-04,3.9762163162231445,3.503340244293213,18.93068504333496
2024-07-05,3.9575045108795166,3.5222768783569336,19.062671661376953
2024-07-09,3.882658004760742,3.503340244293213,18.7987003326416
2024-07-10,3.9387927055358887,3.484403371810913,18.874120712280273
2024-07-11,3.9575045108795166,3.4938716888427734,18.62900161743164
2024-07-12,3.9387927055358887,3.4938716888427734,18.666709899902344
2024-07-15,3.9387927055358887,3.5222768783569336,18.723278045654297
2024-07-16,3.985572099685669,3.503340244293213,18.874120712280273
2024-07-17,4.0229949951171875,3.5885567665100098,19.345502853393555
2024-07-18,4.0229949951171875,3.6264305114746094,19.703750610351562
2024-07-19,4.210111141204834,3.645367383956909,20.2694091796875
2024-07-22,4.182043552398682,3.6548359394073486,20.137422561645508
2024-07-23,4.228822231292725,3.6737730503082275,19.647186279296875
2024-07-24,4.2194671630859375,3.6074936389923096,19.68489646911621
2024-07-25,4.2007551193237305,3.6074936389923096,19.439781188964844
2024-07-26,4.163331508636475,3.5790882110595703,19.458633422851562
2024-07-29,4.228822231292725,3.59802508354187,19.515201568603516
2024-07-30,4.172688007354736,3.6074936389923096,19.68489646911621
2024-07-31,4.182043552398682,3.616961717605591,19.873449325561523
2024-08-01,4.172688007354736,3.5885567665100098,19.911161422729492
2024-08-02,4.1539764404296875,3.5885567665100098,19.873449325561523
2024-08-05,4.013639450073242,3.503340244293213,19.32664680480957
2024-08-06,4.191399097442627,3.5412142276763916,20.193986892700195
2024-08-07,4.163331508636475,3.5412142276763916,19.609474182128906
2024-08-08,4.116553783416748,3.5412142276763916,19.703750610351562
2024-08-09,4.191399097442627,3.531745672225952,19.66604232788086
2024-08-12,4.210111141204834,3.5790882110595703,19.66604232788086
2024-08-13,4.275601863861084,3.5790882110595703,19.590621948242188
2024-08-14,4.31302547454834,3.5790882110595703,19.835739135742188
2024-08-15,4.24753475189209,3.6264305114746094,19.779170989990234
2024-08-16,4.322380542755127,3.645367383956909,19.79802894592285
2024-08-19,4.256890296936035,3.5885567665100098,19.892305374145508
2024-08-20,4.31302547454834,3.5790882110595703,19.515201568603516
2024-08-21,4.2194671630859375,3.569619655609131,19.47749137878418
2024-08-22,4.284957408905029,3.616961717605591,20.005435943603516
2024-08-23,4.3317365646362305,3.5885567665100098,20.005435943603516
2024-08-26,4.341092586517334,3.5885567665100098,20.23169708251953
2024-08-27,4.284957408905029,3.635899066925049,19.986581802368164
2024-08-28,4.303668975830078,3.7400527000427246,20.514530181884766
2024-08-29,4.294313430786133,3.730584144592285,20.47681999206543
2024-08-30,4.284957408905029,3.8063318729400635,20.514530181884766
2024-09-02,4.284957408905029,3.7873947620391846,20.307119369506836
2024-09-03,4.275601863861084,3.702178478240967,20.175132751464844
2024-09-04,4.322380542755127,3.6737730503082275,20.062002182006836
2024-09-05,4.238178253173828,3.711646795272827,20.09971046447754
2024-09-06,4.24753475189209,3.749521017074585,20.062002182006836
2024-09-09,4.210111141204834,3.6264305114746094,19.835739135742188
2024-09-10,4.24753475189209,3.6737730503082275,19.948871612548828
2024-09-11,4.2007551193237305,3.6548359394073486,19.609474182128906
2024-09-12,4.210111141204834,3.645367383956909,19.647186279296875
2024-09-13,4.24753475189209,3.6548359394073486,19.590621948242188
2024-09-17,4.303668975830078,3.7315778732299805,19.779170989990234
2024-09-18,4.303668975830078,3.6740214824676514,19.57176399230957
2024-09-19,4.322380542755127,3.6836140155792236,19.515201568603516
2024-09-20,4.415938854217529,3.6740214824676514,19.515201568603516
2024-09-23,4.378515243530273,3.6644287109375,19.307788848876953
2024-09-24,4.3972272872924805,3.6644287109375,19.534055709838867
2024-09-25,4.56563138961792,3.693206787109375,19.534055709838867
2024-09-26,4.444005966186523,3.6452431678771973,19.515201568603516
2024-09-27,4.50014066696167,3.616464853286743,19.345502853393555
2024-09-30,4.481429576873779,3.606872081756592,19.364360809326172
2024-10-01,4.444005966186523,3.587686538696289,19.79802894592285
2024-10-02,4.3972272872924805,3.587686538696289,19.892305374145508
2024-10-03,4.3972272872924805,3.587686538696289,19.892305374145508
2024-10-04,4.387871742248535,3.5685012340545654,19.703750610351562
2024-10-07,4.3972272872924805,3.587686538696289,19.79802894592285
2024-10-08,4.387871742248535,3.5685012340545654,19.873449325561523
2024-10-09,4.303668975830078,3.5780937671661377,19.779170989990234
2024-10-10,4.341092586517334,3.587686538696289,19.911161422729492
2024-10-11,4.31302547454834,3.616464853286743,19.816883087158203
2024-10-14,4.303668975830078,3.616464853286743,20.175132751464844
2024-10-15,4.415938854217529,3.616464853286743,20.2694091796875
2024-10-16,4.31302547454834,3.606872081756592,19.835739135742188
2024-10-17,4.378515243530273,3.616464853286743,20.0242919921875
2024-10-18,4.415938854217529,3.6260576248168945,20.15627670288086
2024-10-21,4.425293922424316,3.6260576248168945,19.96772575378418
2024-10-22,4.5282087326049805,3.6260576248168945,19.85459327697754
2024-10-23,4.472073554992676,3.606872081756592,19.948871612548828
2024-10-24,4.453361988067627,3.606872081756592,19.873449325561523
2024-10-25,4.481429576873779,3.606872081756592,19.892305374145508
2024-10-28,4.453361988067627,3.6260576248168945,20.307119369506836
2024-10-29,4.453361988067627,3.6548359394073486,20.401397705078125
2024-10-30,4.346126079559326,3.616464853286743,20.175132751464844
2024-11-01,4.676809310913086,3.6836140155792236,20.55223846435547
2024-11-04,4.676809310913086,3.8083200454711914,21.117895126342773
2024-11-05,4.771290302276611,3.7891345024108887,21.02362060546875
2024-11-06,4.724050045013428,3.7891345024108887,20.948198318481445
2024-11-07,4.686257839202881,3.7315778732299805,20.68422508239746
2024-11-08,4.714601516723633,3.769948959350586,20.740793228149414
2024-11-11,4.8468756675720215,3.7891345024108887,21.061330795288086
2024-11-12,4.865771770477295,3.8850622177124023,21.306447982788086
2024-11-13,4.733498573303223,3.8370981216430664,21.0047664642334
2024-11-14,4.582328796386719,3.79872727394104,21.117895126342773
2024-11-15,4.5445356369018555,3.769948959350586,20.646514892578125
2024-11-18,4.648464679718018,3.827505111694336,20.740793228149414
2024-11-19,4.620121002197266,3.7795417308807373,20.646514892578125
2024-11-20,4.6295695304870605,3.7795417308807373,20.68422508239746
2024-11-21,4.535088062286377,3.7027995586395264,20.646514892578125
2024-11-22,4.5917768478393555,3.6548359394073486,20.175132751464844
2024-11-25,4.506743907928467,3.635650396347046,20.23169708251953
2024-11-26,4.55398416519165,3.6452431678771973,20.38254165649414
2024-11-27,4.5445356369018555,3.693206787109375,19.32664680480957
2024-11-28,4.487847328186035,3.6836140155792236,19.79802894592285
2024-11-29,4.5445356369018555,3.6452431678771973,19.66604232788086
2024-12-02,4.695705890655518,3.7027995586395264,20.32597541809082
2024-12-03,4.79963493347168,3.721985101699829,20.288265228271484
2024-12-04,4.780738353729248,3.7891345024108887,20.118566513061523
2024-12-05,4.742946624755859,3.79872727394104,20.439109802246094
2024-12-06,4.733498573303223,3.7315778732299805,20.55223846435547
2024-12-09,4.780738353729248,3.750763416290283,20.212844848632812
2024-12-10,4.742946624755859,3.741170883178711,20.363685607910156
2024-12-11,4.676809310913086,3.7027995586395264,20.09971046447754
2024-12-12,4.724050045013428,3.7027995586395264,20.080854415893555
2024-12-13,4.686257839202881,3.7027995586395264,20.175132751464844
2024-12-16,4.686257839202881,3.7027995586395264,20.420251846313477
2024-12-17,4.639017105102539,3.7027995586395264,20.363685607910156
2024-12-18,4.648464679718018,3.7027995586395264,20.212844848632812
2024-12-19,4.639017105102539,3.6452431678771973,20.193986892700195
2024-12-20,4.55398416519165,3.606872081756592,20.2694091796875
2024-12-23,4.5917768478393555,3.6452431678771973,20.080854415893555
2024-12-24,4.610672950744629,3.6836140155792236,20.250553131103516
2024-12-26,4.582328796386719,3.7027995586395264,20.250553131103516
2024-12-27,4.667361259460449,3.7027995586395264,20.363685607910156
2024-12-30,4.676809310913086,3.7027995586395264,20.38254165649414
2024-12-31,4.676809310913086,3.721985101699829,20.55223846435547
2025-01-02,4.705153465270996,3.7123923301696777,20.439109802246094
2025-01-03,4.695705890655518,3.693206787109375,20.288265228271484
2025-01-06,4.648464679718018,3.7027995586395264,20.193986892700195
2025-01-07,4.771290302276611,3.7027995586395264,20.2694091796875
2025-01-08,4.657912731170654,3.7027995586395264,20.175132751464844
2025-01-09,4.676809310913086,3.693206787109375,20.137422561645508
2025-01-10,4.648464679718018,3.6740214824676514,19.892305374145508
2025-01-13,4.55398416519165,3.6260576248168945,19.892305374145508
2025-01-14,4.487847328186035,3.5972795486450195,19.458633422851562
2025-01-15,4.487847328186035,3.5972795486450195,19.47749137878418
2025-01-16,4.478399276733398,3.587686538696289,19.42092514038086
2025-01-17,4.506743907928467,3.558908700942993,19.42092514038086
2025-01-20,4.5445356369018555,3.5972795486450195,19.23236846923828
2025-01-21,4.620121002197266,3.5685012340545654,19.02496337890625
2025-01-22,4.6295695304870605,3.5972795486450195,19.0438175201416
2025-01-23,4.6295695304870605,3.5972795486450195,18.98725128173828
2025-01-24,4.6295695304870605,3.5972795486450195,19.138092041015625
2025-01-27,4.42171049118042,3.5972795486450195,19.062671661376953
2025-01-28,4.705153465270996,3.5780937671661377,19.3127384185791
2025-01-31,4.582328796386719,3.5685012340545654,19.139616012573242
2025-02-03,4.582328796386719,3.5685012340545654,19.139616012573242
2025-02-04,4.639017105102539,3.5685012340545654,19.0819091796875
2025-02-05,4.610672950744629,3.6452431678771973,19.42815399169922
2025-02-06,4.686257839202881,3.606872081756592,19.543567657470703
2025-02-07,4.639017105102539,3.606872081756592,19.58203887939453
2025-02-10,4.535088062286377,3.5972795486450195,19.4473876953125
2025-02-12,4.705153465270996,3.635650396347046,19.601274490356445
2025-02-13,4.601224422454834,3.6452431678771973,19.774398803710938
2025-02-14,4.5917768478393555,3.6260576248168945,19.62051010131836
2025-02-17,4.582328796386719,3.587686538696289,19.62051010131836
2025-02-18,4.582328796386719,3.5972795486450195,19.8128719329834
2025-02-19,4.563432216644287,3.5972795486450195,19.90904998779297
2025-02-20,4.535088062286377,3.5972795486450195,19.851341247558594
2025-02-21,4.601224422454834,3.6260576248168945,20.197586059570312
2025-02-24,4.724050045013428,3.6836140155792236,20.60153579711914
2025-02-25,4.563432216644287,3.6644287109375,20.31300163269043
2025-02-26,4.6295695304870605,3.7027995586395264,20.27452850341797
2025-02-27,4.695705890655518,3.606872081756592,20.33223533630371
2025-02-28,4.790186882019043,3.7315778732299805,19.832107543945312
2025-03-03,4.676809310913086,3.616464853286743,19.6782169342041
2025-03-04,4.6295695304870605,3.6836140155792236,19.8128719329834
2025-03-05,4.676809310913086,3.635650396347046,20.06293487548828
2025-03-06,4.686257839202881,3.6740214824676514,20.293766021728516
2025-03-07,4.610672950744629,3.5780937671661377,19.73592758178711
2025-03-10,4.535088062286377,3.558908700942993,19.6782169342041
2025-03-11,4.478399276733398,3.5978035926818848,19.697452545166016
2025-03-12,4.49729585647583,3.5686323642730713,19.79363441467285
2025-03-13,4.55398416519165,3.5686323642730713,19.8128719329834
2025-03-14,4.563432216644287,3.5880799293518066,20.197586059570312
2025-03-17,4.572880744934082,3.5978035926818848,20.351472854614258
2025-03-19,4.563432216644287,3.6366989612579346,20.5438289642334
2025-03-20,4.5917768478393555,3.5978035926818848,20.582300186157227
2025-03-21,4.6295695304870605,3.5880799293518066,20.197586059570312
2025-03-24,4.601224422454834,3.607527494430542,20.13987922668457
2025-03-25,4.6295695304870605,3.558908700942993,20.024463653564453
2025-03-26,4.6295695304870605,3.5978035926818848,19.90904998779297
2025-03-27,4.610672950744629,3.607527494430542,20.082170486450195
2025-03-28,4.639017105102539,3.549184799194336,19.90904998779297
2025-04-02,4.620121002197266,3.607527494430542,19.639745712280273
2025-04-03,4.610672950744629,3.607527494430542,19.6782169342041
2025-04-04,4.52564001083374,3.5978035926818848,19.697452545166016
2025-04-07,4.383918285369873,3.510289430618286,19.062673568725586
2025-04-08,4.308333396911621,3.3644325733184814,18.350948333740234
2025-04-09,4.176060199737549,3.3644325733184814,17.985469818115234
2025-04-10,4.308333396911621,3.490841865539551,18.658721923828125
2025-04-11,4.298885345458984,3.45194673538208,18.774137496948242
2025-04-14,4.4028143882751465,3.5783562660217285,19.351211547851562
2025-04-15,4.412262439727783,3.549184799194336,19.235795974731445
2025-04-16,4.346126079559326,3.490841865539551,19.42815399169922
2025-04-17,4.317781925201416,3.490841865539551,19.235795974731445
2025-04-18,4.346126079559326,3.558908700942993,19.351211547851562
2025-04-21,4.383918285369873,3.549184799194336,19.158851623535156
2025-04-22,4.39336633682251,3.5394608974456787,19.178089141845703
2025-04-23,4.39336633682251,3.549184799194336,19.101144790649414
2025-04-24,4.4028143882751465,3.549184799194336,18.774137496948242
2025-04-25,4.440606594085693,3.5783562660217285,18.889551162719727
2025-04-28,4.412262439727783,3.549184799194336,19.024202346801758
2025-04-29,4.308333396911621,3.5297372341156006,18.754901885986328
2025-04-30,4.487847328186035,3.558908700942993,18.870317459106445
2025-05-02,4.39336633682251,3.61725115776062,19.101144790649414
2025-05-05,4.39336633682251,3.5783562660217285,18.774137496948242
2025-05-06,4.412262439727783,3.607527494430542,18.9472599029541
2025-05-07,4.42171049118042,3.607527494430542,19.158851623535156
2025-05-08,4.428591251373291,3.4811182022094727,18.908788681030273
2025-05-09,4.457662582397461,3.5394608974456787,19.04343605041504
2025-05-13,4.5448784828186035,3.5978035926818848,19.466623306274414
2025-05-14,4.5448784828186035,3.5978035926818848,19.524330139160156
2025-05-15,4.496424674987793,3.6464226245880127,19.90904998779297
2025-05-16,4.5448784828186035,3.65614652633667,19.601274490356445
2025-05-19,4.535187244415283,3.607527494430542,19.235795974731445
2025-05-20,4.486734867095947,3.5200130939483643,19.04343605041504
2025-05-21,4.5448784828186035,3.5686323642730713,18.908788681030273
2025-05-22,4.486734867095947,3.5783562660217285,18.870317459106445
2025-05-23,4.525496959686279,3.5686323642730713,19.0819091796875
2025-05-26,4.535187244415283,3.5783562660217285,19.04343605041504
2025-05-27,4.525496959686279,3.61725115776062,19.58203887939453
2025-05-28,4.477044105529785,3.5200130939483643,19.139616012573242
2025-05-29,4.457662582397461,3.5394608974456787,18.985729217529297
2025-05-30,4.341375827789307,3.500565767288208,18.735666275024414
2025-06-03,4.370448112487793,3.5297372341156006,18.889551162719727
2025-06-04,4.389828681945801,3.500565767288208,18.889551162719727
2025-06-05,4.399519443511963,3.5297372341156006,18.985729217529297
2025-06-06,4.438282012939453,3.5394608974456787,19.158851623535156
2025-06-09,4.457662582397461,3.549184799194336,19.158851623535156
2025-06-10,4.380138397216797,3.490841865539551,19.197322845458984
2025-06-11,4.457662582397461,3.500565767288208,18.774137496948242
2025-06-12,4.380138397216797,3.500565767288208,18.889551162719727
2025-06-13,4.447972297668457,3.510289430618286,18.9472599029541
2025-06-16,4.554568290710449,3.61725115776062,19.351211547851562
2025-06-17,4.438282012939453,3.5297372341156006,19.197322845458984
2025-06-18,4.399519443511963,3.5394608974456787,19.25503158569336
2025-06-19,4.409210205078125,3.5394608974456787,18.966493606567383
2025-06-20,4.3510661125183105,3.5880799293518066,19.235795974731445
2025-06-23,4.428591251373291,3.549184799194336,19.3127384185791
2025-06-24,4.389828681945801,3.5783562660217285,19.33197593688965
2025-06-25,4.389828681945801,3.558908700942993,19.4473876953125
2025-06-26,4.438282012939453,3.607527494430542,20.389944076538086
2025-06-30,4.496424674987793,3.6366989612579346,19.90904998779297
2025-07-01,4.554568290710449,3.65614652633667,20.27452850341797
2025-07-02,4.554568290710449,3.6464226245880127,20.178348541259766
2025-07-03,4.63209342956543,3.6853177547454834,20.043699264526367
2025-07-04,4.6611647605896,3.6366989612579346,20.024463653564453
2025-07-07,4.622402667999268,3.6755940914154053,20.13987922668457
2025-07-08,4.5933308601379395,3.6853177547454834,20.178348541259766
2025-07-09,4.603021144866943,3.7922794818878174,20.391979217529297
2025-07-10,4.6127119064331055,3.7436604499816895,20.23661231994629
2025-07-11,4.63209342956543,3.6950414180755615,20.061824798583984
2025-07-14,4.641783714294434,3.6755940914154053,19.78993034362793
2025-07-15,4.603021144866943,3.6755940914154053,19.78993034362793
2025-07-16,4.622402667999268,3.6366989612579346,19.867612838745117
2025-07-17,4.622402667999268,3.7339367866516113,19.57630157470703
2025-07-18,4.622402667999268,3.6950414180755615,19.809350967407227
2025-07-21,4.622402667999268,3.665870189666748,19.751089096069336
2025-07-22,4.603021144866943,3.6464226245880127,19.28498649597168
2025-07-23,4.603021144866943,3.724212884902954,19.187883377075195
2025-07-24,4.6611647605896,3.7533843517303467,19.3626708984375
2025-07-25,4.63209342956543,3.6755940914154053,19.401512145996094
2025-07-28,4.709618091583252,3.7533843517303467,19.226722717285156
2025-07-29,4.651474475860596,3.6464226245880127,18.954830169677734
2025-07-30,4.641783714294434,3.65614652633667,19.129619598388672
2025-07-31,4.622402667999268,3.665870189666748,19.013092041015625
2025-08-01,4.603021144866943,3.6464226245880127,18.85772705078125
2025-08-04,4.6127119064331055,3.6366989612579346,18.72178077697754
2025-08-05,4.63209342956543,3.6366989612579346,18.5469913482666
2025-08-06,4.603021144866943,3.61725115776062,18.72178077697754
2025-08-07,4.622402667999268,3.6269750595092773,18.5469913482666
2025-08-08,4.69992733001709,3.6755940914154053,18.663515090942383
2025-08-11,4.758070468902588,3.6366989612579346,18.85772705078125
2025-08-12,4.787142276763916,3.724212884902954,19.05193519592285
2025-08-13,4.825904369354248,3.7436604499816895,19.42093276977539
2025-08-14,4.79683256149292,3.7436604499816895,19.246145248413086
2025-08-15,4.72899866104126,3.714488983154297,18.89656639099121
2025-08-18,4.80652379989624,3.714488983154297,18.877147674560547
2025-08-19,4.80652379989624,3.772831916809082,18.954830169677734
2025-08-20,4.971263408660889,3.7533843517303467,18.64409637451172
2025-08-21,4.942191123962402,3.7533843517303467,18.89656639099121
2025-08-22,4.884047985076904,3.7533843517303467,19.28498649597168
2025-08-25,4.942191123962402,3.7436604499816895,19.28498649597168
2025-08-26,4.884047985076904,3.7436604499816895,19.129619598388672
2025-08-27,4.864666938781738,3.7533843517303467,19.071353912353516
2025-08-28,4.9228105545043945,3.772831916809082,19.110197067260742
2025-08-29,4.893738746643066,3.7533843517303467,19.110197067260742
2025-09-02,4.884047985076904,3.7533843517303467,19.110197067260742
2025-09-03,4.874357223510742,3.772831916809082,19.42093276977539
2025-09-04,4.90342903137207,3.7533843517303467,19.34324836730957
2025-09-08,4.961572647094727,3.7533843517303467,19.42093276977539
2025-09-09,4.961572647094727,3.8408985137939453,19.518037796020508
2025-09-10,4.990644454956055,3.82145094871521,19.615142822265625
2025-09-11,4.990644454956055,3.82145094871521,19.518037796020508
2025-09-12,5.019715785980225,3.8756909370422363,19.382089614868164
2025-09-17,5.068169116973877,3.924999952316284,19.498615264892578
2025-09-18,5.087550163269043,3.8559675216674805,19.615142822265625
2025-09-19,5.087550163269043,3.8658292293548584,19.55687713623047
2025-09-22,5.136003017425537,3.8559675216674805,19.459775924682617
2025-09-23,5.106931209564209,3.8559675216674805,19.440353393554688
2025-09-24,5.068169116973877,3.8461055755615234,19.459775924682617
2025-09-25,5.087550163269043,3.8756909370422363,19.67340660095215
2025-09-26,5.077859401702881,3.8756909370422363,19.71224594116211
2025-09-29,5.077859401702881,3.8954145908355713,19.867612838745117
2025-09-30,5.058477878570557,3.8954145908355713,20.003562927246094
2025-10-01,5.058477878570557,3.905276298522949,20.02298355102539
2025-10-02,5.087550163269043,3.8954145908355713,19.94529914855957
2025-10-03,5.087550163269043,3.905276298522949,19.615142822265625
2025-10-06,5.087550163269043,3.9151382446289062,19.809350967407227
2025-10-07,5.058477878570557,3.9151382446289062,19.71224594116211
2025-10-08,5.097240447998047,3.8954145908355713,20.003562927246094
2025-10-09,5.116621971130371,3.944723606109619,20.08124542236328
2025-10-10,5.174765110015869,3.905276298522949,19.867612838745117
2025-10-13,5.136003017425537,3.8954145908355713,19.94529914855957
2025-10-14,5.058477878570557,3.905276298522949,19.906455993652344
2025-10-15,5.116621971130371,3.8756909370422363,19.906455993652344
2025-10-16,5.163337707519531,3.8954145908355713,20.003562927246094
2025-10-17,5.163337707519531,3.944723606109619,19.887033462524414
2025-10-21,5.212512493133545,3.9151382446289062,20.15892791748047
2025-10-22,5.18300724029541,3.905276298522949,20.120086669921875
2025-10-23,5.202677249908447,3.924999952316284,19.94529914855957
2025-10-24,5.163337707519531,3.964447259902954,19.92587661743164
2025-10-27,5.310861587524414,3.964447259902954,20.29487419128418
2025-10-28,5.2616868019104,3.964447259902954,20.256032943725586
2025-10-29,5.202677249908447,3.964447259902954,20.1783504486084
2025-10-30,5.232182025909424,4.003894329071045,20.275453567504883
2025-10-31,5.192842483520508,3.964447259902954,19.906455993652344
2025-11-03,5.2616868019104,4.013756275177002,20.1783504486084
2025-11-04,5.212512493133545,3.984170913696289,20.391979217529297
2025-11-05,5.192842483520508,4.023618221282959,20.469663619995117
2025-11-06,5.2616868019104,3.994032859802246,20.1783504486084
2025-11-07,5.310861587524414,4.023618221282959,20.469663619995117
2025-11-10,5.35020112991333,4.013756275177002,20.508506774902344
2025-11-11,5.379705905914307,4.043341636657715,20.780397415161133
2025-11-12,5.340365886688232,4.043341636657715,20.780397415161133
2025-11-13,5.310861587524414,4.043341636657715,20.780397415161133
2025-11-14,5.291191577911377,4.043341636657715,20.644451141357422
2025-11-17,5.2616868019104,4.053203582763672,20.15892791748047
2025-11-18,5.2616868019104,4.003894329071045,20.08124542236328
2025-11-19,5.310861587524414,4.043341636657715,20.197769165039062
2025-11-20,5.271522045135498,4.013756275177002,20.003562927246094
2025-11-21,5.310861587524414,4.003894329071045,20.003562927246094
2025-11-24,5.222346782684326,4.033480167388916,20.120086669921875
2025-11-25,5.232182025909424,4.023618221282959,20.430822372436523
2025-11-26,5.212512493133545,4.013756275177002,20.003562927246094
2025-11-27,5.163337707519531,3.984170913696289,19.615142822265625
2025-11-28,5.123997688293457,3.934861898422241,19.615142822265625
2025-12-01,5.153502464294434,3.974309206008911,18.5469913482666
2025-12-02,5.232182025909424,4.053203582763672,18.449886322021484
2025-12-03,5.212512493133545,4.043341636657715,18.449886322021484
2025-12-04,5.212512493133545,4.033480167388916,18.64409637451172
2025-12-05,5.192842483520508,4.053203582763672,18.62467384338379
2025-12-08,5.153502464294434,3.964447259902954,18.372203826904297
2025-12-09,5.212512493133545,4.013756275177002,18.48872947692871
2025-12-10,5.173172473907471,3.994032859802246,18.64409637451172
2025-12-11,5.310861587524414,4.043341636657715,18.954830169677734
2025-12-12,5.301026344299316,4.072926998138428,18.935409545898438
2025-12-15,5.2616868019104,4.003894329071045,19.226722717285156
2025-12-16,5.330531120300293,4.043341636657715,19.226722717285156
2025-12-17,5.3600358963012695,4.043341636657715,18.799463272094727
2025-12-18,5.409210681915283,4.043341636657715,19.129619598388672
2025-12-19,5.507559776306152,4.023618221282959,19.42093276977539
2025-12-22,5.43871545791626,3.984170913696289,19.440353393554688
2025-12-23,5.458385467529297,3.984170913696289,19.42093276977539
2025-12-24,5.5272297859191895,3.994032859802246,19.42093276977539
2025-12-26,5.59607458114624,3.964447259902954,19.42093276977539
2025-12-29,5.5665693283081055,4.003894329071045,19.498615264892578
2025-12-30,5.655083656311035,3.934861898422241,19.42093276977539
2025-12-31,5.635414123535156,3.944723606109619,19.42093276977539
2026-01-02,5.556734561920166,3.944723606109619,19.226722717285156
2026-01-05,5.556734561920166,3.974309206008911,19.401512145996094
2026-01-06,5.5272297859191895,3.974309206008911,19.207304000854492
2026-01-07,5.615744113922119,4.023618221282959,19.226722717285156
2026-01-08,5.586239337921143,3.964447259902954,19.265565872192383
2026-01-09,5.655083656311035,3.964447259902954,19.42093276977539
2026-01-12,5.812442779541016,4.033480167388916,19.67340660095215
2026-01-13,5.704258918762207,3.984170913696289,19.65398406982422
2026-01-14,5.6059088706970215,4.013756275177002,19.98413848876953
2026-01-15,5.507559776306152,4.003894329071045,19.94529914855957
2026-01-16,5.497725009918213,4.003894329071045,19.42093276977539
2026-01-19,5.497725009918213,4.003894329071045,19.42093276977539
2026-01-20,5.507559776306152,3.944723606109619,19.615142822265625
2026-01-21,5.5272297859191895,3.964447259902954,19.42093276977539
2026-01-22,5.556734561920166,3.984170913696289,19.518037796020508
2026-01-23,5.6059088706970215,3.974309206008911,19.459775924682617
2026-01-26,5.7534332275390625,3.994032859802246,19.440353393554688
2026-01-27,5.733763217926025,4.013756275177002,19.246145248413086
2026-01-28,5.704258918762207,4.053203582763672,19.498615264892578
2026-01-29,5.704258918762207,3.934861898422241,19.320276260375977
2026-01-30,5.743598461151123,3.934861898422241,19.320276260375977
2026-02-03,5.802608013153076,3.954585552215576,19.558063507080078
2026-02-04,5.743598461151123,3.974309206008911,19.53824806213379
2026-02-05,5.704258918762207,3.974309206008911,19.617509841918945
2026-02-06,5.704258918762207,3.974309206008911,19.399538040161133
2026-02-09,5.704258918762207,3.974309206008911,19.478801727294922
2026-02-10,5.68458890914917,3.974309206008911,19.716588973999023
2026-02-11,5.704258918762207,3.974309206008911,19.637327194213867
2026-02-12,5.704258918762207,3.964447259902954,19.617509841918945
2026-02-13,5.723928451538086,3.924999952316284,19.637327194213867
2026-02-16,5.714093208312988,3.9151382446289062,19.696773529052734
2026-02-19,5.7534332275390625,3.9151382446289062,19.83548355102539
2026-02-20,5.76326847076416,3.944723606109619,19.83548355102539
2026-02-23,5.822277545928955,4.033480167388916,19.8156681060791
2026-02-24,5.7927727699279785,3.954585552215576,19.419355392456055
2026-02-25,5.76326847076416,3.984170913696289,19.003225326538086
2026-02-26,5.723928451538086,3.954585552215576,19.062671661376953
2026-02-27,5.655083656311035,3.905276298522949,18.82488441467285
2026-03-02,5.546899318695068,3.8855528831481934,18.82488441467285
2026-03-03,5.507559776306152,3.8461055755615234,18.725805282592773
2026-03-04,5.448550224304199,3.8658292293548584,18.428571701049805
2026-03-05,5.507559776306152,3.8756909370422363,18.54746437072754
2026-03-06,5.507559776306152,3.8559675216674805,19.18156623840332
2026-03-09,5.694423675537109,3.924999952316284,19.399538040161133
2026-03-10,5.635414123535156,3.950000047683716,19.359909057617188
2026-03-11,5.586239337921143,3.9800000190734863,19.359909057617188
2026-03-12,5.655083656311035,4.019999980926514,19.59769630432129
2026-03-13,5.6059088706970215,3.990000009536743,19.558063507080078
2026-03-16,5.704258918762207,3.990000009536743,19.439170837402344
2026-03-17,5.655083656311035,4.010000228881836,19.419355392456055
2026-03-18,5.723928451538086,4.059999942779541,19.478801727294922
2026-03-19,5.802608013153076,4.090000152587891,19.736404418945312
2026-03-20,5.802608013153076,4.090000152587891,19.736404418945312
2026-03-24,5.76326847076416,4.150000095367432,19.637327194213867
2026-03-25,5.704258918762207,4.110000133514404,19.419355392456055
2026-03-26,5.7534332275390625,4.110000133514404,19.954376220703125
2026-03-27,5.822277545928955,4.170000076293945,19.93456268310547
2026-03-30,6.107490539550781,4.25,21.282026290893555
2026-03-31,5.950131893157959,4.21999979019165,21.301843643188477
2026-04-01,5.910792350769043,4.21999979019165,21.321659088134766
2026-04-02,6.048480987548828,4.28000020980835,21.6783390045166
2026-04-03,6.097655296325684,4.239999771118164,22.66912269592285
2026-04-06,6.097655296325684,4.239999771118164,21.995391845703125
2026-04-07,6.077985763549805,4.260000228881836,21.975576400756836
2026-04-08,5.900957107543945,4.199999809265137,21.75760269165039
2026-04-09,5.891121864318848,4.28000020980835,21.995391845703125
2026-04-10,5.891121864318848,4.25,21.7377872467041
2026-04-13,5.920627117156982,4.269999980926514,21.638710021972656
2026-04-14,5.900957107543945,4.320000171661377,21.262210845947266
2026-04-15,5.900957107543945,4.269999980926514,21.301843643188477
2026-04-16,5.891121864318848,4.28000020980835,20.885713577270508
2026-04-17,5.891121864318848,4.28000020980835,20.885713577270508
2026-04-20,5.861617565155029,4.25,20.687557220458984
2026-04-21,5.822277545928955,4.260000228881836,20.410139083862305
2026-04-22,5.891121864318848,4.28000020980835,20.469585418701172
2026-04-23,5.871452331542969,4.28000020980835,20.568662643432617
2026-04-24,5.900957107543945,4.28000020980835,20.469585418701172
2026-04-27,5.930461883544922,4.300000190734863,20.410139083862305
2026-04-28,5.959966659545898,4.289999961853027,20.311059951782227
2026-04-29,5.950131893157959,4.260000228881836,20.370506286621094
2026-04-30,6.097655296325684,4.320000171661377,21.024423599243164
2026-05-04,6.196005344390869,4.389999866485596,21.222579956054688
2026-05-05,6.196005344390869,4.400000095367432,21.301843643188477
2026-05-06,6.166500091552734,4.349999904632568,21.2027645111084
2026-05-07,6.199999809265137,4.349999904632568,21.10368537902832
2026-05-08,6.059999942779541,4.28000020980835,21.004608154296875
2026-05-11,6.099999904632568,4.28000020980835,20.80645179748535
2026-05-12,6.099999904632568,4.260000228881836,20.667741775512695
2026-05-13,6.0,4.199999809265137,20.727188110351562
2026-05-14,5.980000019073486,4.110000133514404,20.687557220458984
2026-05-15,5.909999847412109,4.039999961853027,20.132719039916992
2026-05-18,5.980000019073486,4.059999942779541,20.013824462890625
2026-05-19,5.949999809265137,4.050000190734863,20.370506286621094
2026-05-20,5.989999771118164,4.099999904632568,20.469585418701172
2026-05-21,5.920000076293945,4.039999961853027,20.033639907836914
2026-05-22,5.940000057220459,4.090000152587891,20.053455352783203
2026-05-25,5.940000057220459,4.010000228881836,19.736404418945312
2026-05-26,5.900000095367432,4.039999961853027,20.15253448486328
2026-05-27,5.900000095367432,4.039999961853027,20.15253448486328
2026-05-28,5.900000095367432,4.019999980926514,19.77603530883789
2026-05-29,5.809999942779541,3.990000009536743,20.132719039916992
2026-06-02,5.809999942779541,3.990000009536743,20.132719039916992
2026-06-03,5.840000152587891,4.050000190734863,19.320276260375977
2026-06-04,6.039999961853027,4.179999828338623,20.013824462890625
2026-06-05,5.909999847412109,4.170000076293945,19.974193572998047
2026-06-08,6.019999980926514,4.199999809265137,19.894929885864258
2026-06-09,6.019999980926514,4.21999979019165,19.93456268310547
2026-06-10,6.03000020980835,4.28000020980835,20.291242599487305
2026-06-11,6.050000190734863,4.230000019073486,20.747005462646484
2026-06-12,6.0,4.199999809265137,20.568662643432617
2026-06-15,6.010000228881836,4.179999828338623,20.44976806640625
2026-06-16,6.0,4.230000019073486,20.568662643432617
2026-06-18,6.010000228881836,4.239999771118164,20.469585418701172
2026-06-19,6.019999980926514,4.329999923706055,20.82626724243164
2026-06-22,6.099999904632568,4.269999980926514,20.727188110351562
2026-06-23,6.079999923706055,4.300000190734863,21.400920867919922
2026-06-24,6.090000152587891,4.269999980926514,21.400920867919922
2026-06-25,6.0,4.25,21.024423599243164
2026-06-26,6.03000020980835,4.269999980926514,21.10368537902832
2026-06-29,5.960000038146973,4.239999771118164,20.76681900024414
2026-06-30,5.980000019073486,4.21999979019165,20.964977264404297
2026-07-01,5.980000019073486,4.230000019073486,20.78663444519043
2026-07-02,6.039999961853027,4.239999771118164,20.76681900024414
2026-07-03,6.039999961853027,4.289999961853027,21.5
2026-07-06,6.150000095367432,4.289999961853027,21.361289978027344
2026-07-07,6.090000152587891,4.349999904632568,21.48018455505371
2026-07-08,6.119999885559082,4.329999923706055,21.5
2026-07-09,6.159999847412109,4.360000133514404,21.219999313354492
2026-07-10,6.239999771118164,4.510000228881836,21.600000381469727
2026-07-13,6.449999809265137,4.599999904632568,21.8799991607666
2026-07-14,6.5,4.510000228881836,21.799999237060547
2026-07-15,6.619999885559082,4.570000171661377,21.799999237060547
2026-07-16,6.699999809265137,4.559999942779541,21.65999984741211
2026-07-17,6.75,4.579999923706055,21.600000381469727
2026-07-20,6.730000019073486,4.590000152587891,21.579999923706055
2026-07-21,6.619999885559082,4.5,21.139999389648438
2026-07-22,6.590000152587891,4.5,20.920000076293945
2026-07-23,6.559999942779541,4.460000038146973,20.65999984741211
2026-07-24,6.630000114440918,4.429999828338623,20.8799991607666
2026-07-27,6.590000152587891,4.449999809265137,20.81999969482422
2026-07-28,6.570000171661377,4.369999885559082,20.540000915527344
2026-07-29,6.570000171661377,4.449999809265137,20.760000228881836
2026-07-30,6.599999904632568,4.46999979019165,21.200000762939453
2026-07-31,6.570000171661377,4.429999828338623,21.020000457763672
2026-08-03,6.570000171661377,4.389999866485596,21.0
2026-08-04,6.690000057220459,4.429999828338623,21.31999969482422
2026-08-05,6.809999942779541,4.550000190734863,21.600000381469727
2026-08-06,6.78000020980835,4.489999771118164,21.600000381469727
2026-08-07,6.78000020980835,4.5,22.899999618530273
2026-08-10,6.829999923706055,4.570000171661377,21.84000015258789
2026-08-11,6.909999847412109,4.5,21.520000457763672
2026-08-12,6.800000190734863,4.550000190734863,21.600000381469727
2026-08-13,6.690000057220459,4.460000038146973,21.719999313354492
2026-08-14,6.539999961853027,4.5,21.799999237060547
2026-08-17,6.53000020980835,4.5,21.559999465942383
2026-08-18,6.710000038146973,4.53000020980835,21.440000534057617
2026-08-19,6.539999961853027,4.550000190734863,21.3799991607666
2026-08-20,6.619999885559082,4.599999904632568,21.440000534057617
2026-08-21,6.639999866485596,4.699999809265137,21.639999389648438
2026-08-24,6.650000095367432,4.809999942779541,21.920000076293945
