,date,division,index
0,1980-01-01,overall,40.2
1,1980-02-01,overall,40.4
2,1980-03-01,overall,40.4
3,1980-04-01,overall,40.2
4,1980-05-01,overall,40.6
5,1980-06-01,overall,41.0
6,1980-07-01,overall,41.3
7,1980-08-01,overall,41.7
8,1980-09-01,overall,41.6
9,1980-10-01,overall,41.8
10,1980-11-01,overall,42.4
11,1980-12-01,overall,42.7
12,1981-01-01,overall,43.5
13,1981-02-01,overall,44.0
14,1981-03-01,overall,44.4
15,1981-04-01,overall,44.6
16,1981-05-01,overall,44.8
17,1981-06-01,overall,45.1
18,1981-07-01,overall,45.5
19,1981-08-01,overall,45.8
20,1981-09-01,overall,46.0
21,1981-10-01,overall,46.0
22,1981-11-01,overall,46.1
23,1981-12-01,overall,46.3
24,1982-01-01,overall,46.8
25,1982-02-01,overall,47.1
26,1982-03-01,overall,47.2
27,1982-04-01,overall,47.4
28,1982-05-01,overall,47.5
29,1982-06-01,overall,47.7
30,1982-07-01,overall,48.0
31,1982-08-01,overall,48.1
32,1982-09-01,overall,48.1
33,1982-10-01,overall,48.0
34,1982-11-01,overall,48.5
35,1982-12-01,overall,48.7
36,1983-01-01,overall,49.2
37,1983-02-01,overall,49.0
38,1983-03-01,overall,49.1
39,1983-04-01,overall,49.1
40,1983-05-01,overall,49.4
41,1983-06-01,overall,49.5
42,1983-07-01,overall,49.6
43,1983-08-01,overall,49.6
44,1983-09-01,overall,49.8
45,1983-10-01,overall,49.9
46,1983-11-01,overall,50.0
47,1983-12-01,overall,50.3
48,1984-01-01,overall,51.2
49,1984-02-01,overall,51.8
50,1984-03-01,overall,51.1
51,1984-04-01,overall,51.1
52,1984-05-01,overall,51.1
53,1984-06-01,overall,51.1
54,1984-07-01,overall,51.5
55,1984-08-01,overall,51.5
56,1984-09-01,overall,51.5
57,1984-10-01,overall,51.4
58,1984-11-01,overall,51.1
59,1984-12-01,overall,51.1
60,1985-01-01,overall,51.2
61,1985-02-01,overall,51.3
62,1985-03-01,overall,51.5
63,1985-04-01,overall,51.3
64,1985-05-01,overall,51.4
65,1985-06-01,overall,51.5
66,1985-07-01,overall,51.8
67,1985-08-01,overall,51.9
68,1985-09-01,overall,51.6
69,1985-10-01,overall,51.5
70,1985-11-01,overall,51.5
71,1985-12-01,overall,51.6
72,1986-01-01,overall,51.8
73,1986-02-01,overall,51.9
74,1986-03-01,overall,51.8
75,1986-04-01,overall,51.5
76,1986-05-01,overall,51.7
77,1986-06-01,overall,51.6
78,1986-07-01,overall,51.7
79,1986-08-01,overall,51.6
80,1986-09-01,overall,51.8
81,1986-10-01,overall,51.8
82,1986-11-01,overall,52.1
83,1986-12-01,overall,52.2
84,1987-01-01,overall,52.1
85,1987-02-01,overall,52.1
86,1987-03-01,overall,51.8
87,1987-04-01,overall,52.1
88,1987-05-01,overall,52.2
89,1987-06-01,overall,52.3
90,1987-07-01,overall,52.2
91,1987-08-01,overall,52.3
92,1987-09-01,overall,52.3
93,1987-10-01,overall,52.4
94,1987-11-01,overall,52.5
95,1987-12-01,overall,52.7
96,1988-01-01,overall,52.8
97,1988-02-01,overall,52.9
98,1988-03-01,overall,53.0
99,1988-04-01,overall,53.0
100,1988-05-01,overall,53.0
101,1988-06-01,overall,53.5
102,1988-07-01,overall,53.8
103,1988-08-01,overall,53.9
104,1988-09-01,overall,54.0
105,1988-10-01,overall,53.9
106,1988-11-01,overall,54.2
107,1988-12-01,overall,54.6
108,1989-01-01,overall,54.6
109,1989-02-01,overall,54.6
110,1989-03-01,overall,54.6
111,1989-04-01,overall,54.7
112,1989-05-01,overall,54.9
113,1989-06-01,overall,54.9
114,1989-07-01,overall,55.1
115,1989-08-01,overall,55.2
116,1989-09-01,overall,55.4
117,1989-10-01,overall,55.4
118,1989-11-01,overall,55.6
119,1989-12-01,overall,55.7
120,1990-01-01,overall,56.1
121,1990-02-01,overall,56.4
122,1990-03-01,overall,56.3
123,1990-04-01,overall,56.5
124,1990-05-01,overall,56.8
125,1990-06-01,overall,56.7
126,1990-07-01,overall,56.5
127,1990-08-01,overall,56.5
128,1990-09-01,overall,56.8
129,1990-10-01,overall,57.2
130,1990-11-01,overall,57.5
131,1990-12-01,overall,57.8
132,1991-01-01,overall,58.1
133,1991-02-01,overall,58.3
134,1991-03-01,overall,58.4
135,1991-04-01,overall,58.9
136,1991-05-01,overall,59.1
137,1991-06-01,overall,59.6
138,1991-07-01,overall,59.3
139,1991-08-01,overall,59.5
140,1991-09-01,overall,59.4
141,1991-10-01,overall,59.6
142,1991-11-01,overall,59.9
143,1991-12-01,overall,60.4
144,1992-01-01,overall,60.6
145,1992-02-01,overall,60.9
146,1992-03-01,overall,61.1
147,1992-04-01,overall,61.5
148,1992-05-01,overall,62.1
149,1992-06-01,overall,62.2
150,1992-07-01,overall,62.3
151,1992-08-01,overall,62.5
152,1992-09-01,overall,62.5
153,1992-10-01,overall,62.4
154,1992-11-01,overall,63.1
155,1992-12-01,overall,63.2
156,1993-01-01,overall,63.3
157,1993-02-01,overall,63.5
158,1993-03-01,overall,63.6
159,1993-04-01,overall,63.9
160,1993-05-01,overall,64.0
161,1993-06-01,overall,64.2
162,1993-07-01,overall,64.6
163,1993-08-01,overall,64.3
164,1993-09-01,overall,64.4
165,1993-10-01,overall,64.6
166,1993-11-01,overall,65.0
167,1993-12-01,overall,65.4
168,1994-01-01,overall,65.7
169,1994-02-01,overall,66.3
170,1994-03-01,overall,66.1
171,1994-04-01,overall,66.1
172,1994-05-01,overall,66.2
173,1994-06-01,overall,66.1
174,1994-07-01,overall,66.6
175,1994-08-01,overall,66.7
176,1994-09-01,overall,67.0
177,1994-10-01,overall,67.1
178,1994-11-01,overall,67.5
179,1994-12-01,overall,67.7
180,1995-01-01,overall,68.0
181,1995-02-01,overall,68.4
182,1995-03-01,overall,68.3
183,1995-04-01,overall,68.3
184,1995-05-01,overall,68.8
185,1995-06-01,overall,68.8
186,1995-07-01,overall,68.9
187,1995-08-01,overall,69.0
188,1995-09-01,overall,69.3
189,1995-10-01,overall,69.4
190,1995-11-01,overall,69.7
191,1995-12-01,overall,69.9
192,1996-01-01,overall,70.3
193,1996-02-01,overall,70.8
194,1996-03-01,overall,70.5
195,1996-04-01,overall,70.9
196,1996-05-01,overall,71.2
197,1996-06-01,overall,71.3
198,1996-07-01,overall,71.5
199,1996-08-01,overall,71.5
200,1996-09-01,overall,71.8
201,1996-10-01,overall,71.8
202,1996-11-01,overall,72.0
203,1996-12-01,overall,72.2
204,1997-01-01,overall,72.5
205,1997-02-01,overall,72.9
206,1997-03-01,overall,72.8
207,1997-04-01,overall,72.7
208,1997-05-01,overall,73.0
209,1997-06-01,overall,72.9
210,1997-07-01,overall,73.0
211,1997-08-01,overall,73.2
212,1997-09-01,overall,73.4
213,1997-10-01,overall,73.7
214,1997-11-01,overall,73.9
215,1997-12-01,overall,74.3
216,1998-01-01,overall,75.0
217,1998-02-01,overall,76.1
218,1998-03-01,overall,76.6
219,1998-04-01,overall,76.7
220,1998-05-01,overall,76.9
221,1998-06-01,overall,77.5
222,1998-07-01,overall,77.3
223,1998-08-01,overall,77.4
224,1998-09-01,overall,77.5
225,1998-10-01,overall,77.5
226,1998-11-01,overall,78.1
227,1998-12-01,overall,78.2
228,1999-01-01,overall,78.9
229,1999-02-01,overall,79.0
230,1999-03-01,overall,78.9
231,1999-04-01,overall,78.9
232,1999-05-01,overall,79.2
233,1999-06-01,overall,79.1
234,1999-07-01,overall,79.2
235,1999-08-01,overall,79.1
236,1999-09-01,overall,79.1
237,1999-10-01,overall,79.1
238,1999-11-01,overall,79.3
239,1999-12-01,overall,80.2
240,2000-01-01,overall,80.2
241,2000-02-01,overall,80.3
242,2000-03-01,overall,80.2
243,2000-04-01,overall,80.2
244,2000-05-01,overall,80.3
245,2000-06-01,overall,80.3
246,2000-07-01,overall,80.4
247,2000-08-01,overall,80.4
248,2000-09-01,overall,80.4
249,2000-10-01,overall,80.6
250,2000-11-01,overall,80.8
251,2000-12-01,overall,81.1
252,2001-01-01,overall,81.4
253,2001-02-01,overall,81.5
254,2001-03-01,overall,81.4
255,2001-04-01,overall,81.5
256,2001-05-01,overall,81.5
257,2001-06-01,overall,81.5
258,2001-07-01,overall,81.5
259,2001-08-01,overall,81.4
260,2001-09-01,overall,81.5
261,2001-10-01,overall,81.4
262,2001-11-01,overall,82.0
263,2001-12-01,overall,82.1
264,2002-01-01,overall,82.3
265,2002-02-01,overall,82.5
266,2002-03-01,overall,83.1
267,2002-04-01,overall,83.0
268,2002-05-01,overall,83.1
269,2002-06-01,overall,83.2
270,2002-07-01,overall,83.2
271,2002-08-01,overall,83.1
272,2002-09-01,overall,83.2
273,2002-10-01,overall,83.1
274,2002-11-01,overall,83.3
275,2002-12-01,overall,83.4
276,2003-01-01,overall,85.5
277,2003-02-01,overall,85.6
278,2003-03-01,overall,85.2
279,2003-04-01,overall,85.2
280,2003-05-01,overall,84.4
281,2003-06-01,overall,84.1
282,2003-07-01,overall,84.0
283,2003-08-01,overall,83.1
284,2003-09-01,overall,83.1
285,2003-10-01,overall,82.7
286,2003-11-01,overall,82.3
287,2003-12-01,overall,81.9
288,2004-01-01,overall,85.1
289,2004-02-01,overall,85.2
290,2004-03-01,overall,85.0
291,2004-04-01,overall,85.2
292,2004-05-01,overall,85.2
293,2004-06-01,overall,85.1
294,2004-07-01,overall,85.1
295,2004-08-01,overall,84.8
296,2004-09-01,overall,85.1
297,2004-10-01,overall,85.4
298,2004-11-01,overall,85.3
299,2004-12-01,overall,85.1
300,2005-01-01,overall,86.5
301,2005-02-01,overall,86.6
302,2005-03-01,overall,86.6
303,2005-04-01,overall,86.8
304,2005-05-01,overall,87.5
305,2005-06-01,overall,87.6
306,2005-07-01,overall,87.6
307,2005-08-01,overall,88.2
308,2005-09-01,overall,88.4
309,2005-10-01,overall,88.6
310,2005-11-01,overall,88.9
311,2005-12-01,overall,89.0
312,2006-01-01,overall,89.3
313,2006-02-01,overall,89.4
314,2006-03-01,overall,90.7
315,2006-04-01,overall,90.7
316,2006-05-01,overall,90.9
317,2006-06-01,overall,91.1
318,2006-07-01,overall,91.2
319,2006-08-01,overall,91.1
320,2006-09-01,overall,91.3
321,2006-10-01,overall,91.3
322,2006-11-01,overall,91.6
323,2006-12-01,overall,91.8
324,2007-01-01,overall,92.2
325,2007-02-01,overall,92.2
326,2007-03-01,overall,92.1
327,2007-04-01,overall,92.1
328,2007-05-01,overall,92.2
329,2007-06-01,overall,92.4
330,2007-07-01,overall,92.7
331,2007-08-01,overall,92.9
332,2007-09-01,overall,93.0
333,2007-10-01,overall,93.1
334,2007-11-01,overall,93.7
335,2007-12-01,overall,93.9
336,2008-01-01,overall,94.3
337,2008-02-01,overall,94.6
338,2008-03-01,overall,94.6
339,2008-04-01,overall,94.9
340,2008-05-01,overall,95.7
341,2008-06-01,overall,99.5
342,2008-07-01,overall,100.6
343,2008-08-01,overall,100.8
344,2008-09-01,overall,100.6
345,2008-10-01,overall,100.2
346,2008-11-01,overall,99.0
347,2008-12-01,overall,98.1
348,2009-01-01,overall,98.0
349,2009-02-01,overall,98.2
350,2009-03-01,overall,98.0
351,2009-04-01,overall,97.8
352,2009-05-01,overall,98.0
353,2009-06-01,overall,98.1
354,2009-07-01,overall,98.2
355,2009-08-01,overall,98.3
356,2009-09-01,overall,98.6
357,2009-10-01,overall,98.7
358,2009-11-01,overall,98.9
359,2009-12-01,overall,99.1
360,2010-01-01,overall,99.4
361,2010-02-01,overall,99.4
362,2010-03-01,overall,99.4
363,2010-04-01,overall,99.4
364,2010-05-01,overall,99.6
365,2010-06-01,overall,99.7
366,2010-07-01,overall,100.0
367,2010-08-01,overall,100.3
368,2010-09-01,overall,100.4
369,2010-10-01,overall,100.6
370,2010-11-01,overall,100.8
371,2010-12-01,overall,101.2
372,2011-01-01,overall,101.8
373,2011-02-01,overall,102.3
374,2011-03-01,overall,102.4
375,2011-04-01,overall,102.6
376,2011-05-01,overall,102.9
377,2011-06-01,overall,103.2
378,2011-07-01,overall,103.4
379,2011-08-01,overall,103.6
380,2011-09-01,overall,103.9
381,2011-10-01,overall,104.0
382,2011-11-01,overall,104.1
383,2011-12-01,overall,104.2
384,2012-01-01,overall,104.5
385,2012-02-01,overall,104.5
386,2012-03-01,overall,104.5
387,2012-04-01,overall,104.5
388,2012-05-01,overall,104.7
389,2012-06-01,overall,104.8
390,2012-07-01,overall,104.8
391,2012-08-01,overall,105.0
392,2012-09-01,overall,105.2
393,2012-10-01,overall,105.4
394,2012-11-01,overall,105.5
395,2012-12-01,overall,105.5
396,2013-01-01,overall,105.9
397,2013-02-01,overall,106.1
398,2013-03-01,overall,106.2
399,2013-04-01,overall,106.3
400,2013-05-01,overall,106.6
401,2013-06-01,overall,106.7
402,2013-07-01,overall,106.9
403,2013-08-01,overall,107.0
404,2013-09-01,overall,107.9
405,2013-10-01,overall,108.3
406,2013-11-01,overall,108.6
407,2013-12-01,overall,108.9
408,2014-01-01,overall,109.5
409,2014-02-01,overall,109.8
410,2014-03-01,overall,109.9
411,2014-04-01,overall,109.9
412,2014-05-01,overall,110.0
413,2014-06-01,overall,110.2
414,2014-07-01,overall,110.3
415,2014-08-01,overall,110.5
416,2014-09-01,overall,110.7
417,2014-10-01,overall,111.3
418,2014-11-01,overall,111.9
419,2014-12-01,overall,111.8
420,2015-01-01,overall,110.6
421,2015-02-01,overall,109.9
422,2015-03-01,overall,110.9
423,2015-04-01,overall,111.9
424,2015-05-01,overall,112.3
425,2015-06-01,overall,113.0
426,2015-07-01,overall,113.9
427,2015-08-01,overall,113.9
428,2015-09-01,overall,113.6
429,2015-10-01,overall,114.1
430,2015-11-01,overall,114.8
431,2015-12-01,overall,114.8
432,2016-01-01,overall,114.5
433,2016-02-01,overall,114.5
434,2016-03-01,overall,113.8
435,2016-04-01,overall,114.3
436,2016-05-01,overall,114.6
437,2016-06-01,overall,114.8
438,2016-07-01,overall,115.1
439,2016-08-01,overall,115.6
440,2016-09-01,overall,115.3
441,2016-10-01,overall,115.7
442,2016-11-01,overall,116.8
443,2016-12-01,overall,116.8
444,2017-01-01,overall,118.1
445,2017-02-01,overall,119.6
446,2017-03-01,overall,119.4
447,2017-04-01,overall,119.2
448,2017-05-01,overall,119.0
449,2017-06-01,overall,118.7
450,2017-07-01,overall,118.7
451,2017-08-01,overall,119.8
452,2017-09-01,overall,120.1
453,2017-10-01,overall,120.0
454,2017-11-01,overall,120.8
455,2017-12-01,overall,120.9
456,2018-01-01,overall,121.3
457,2018-02-01,overall,121.3
458,2018-03-01,overall,120.9
459,2018-04-01,overall,120.9
460,2018-05-01,overall,121.1
461,2018-06-01,overall,119.6
462,2018-07-01,overall,119.8
463,2018-08-01,overall,120.0
464,2018-09-01,overall,120.5
465,2018-10-01,overall,120.7
466,2018-11-01,overall,121.0
467,2018-12-01,overall,121.1
468,2019-01-01,overall,120.5
469,2019-02-01,overall,120.8
470,2019-03-01,overall,121.1
471,2019-04-01,overall,121.1
472,2019-05-01,overall,121.4
473,2019-06-01,overall,121.4
474,2019-07-01,overall,121.5
475,2019-08-01,overall,121.8
476,2019-09-01,overall,121.8
477,2019-10-01,overall,122.0
478,2019-11-01,overall,122.1
479,2019-12-01,overall,122.3
480,2020-01-01,overall,122.4
481,2020-02-01,overall,122.4
482,2020-03-01,overall,120.9
483,2020-04-01,overall,117.6
484,2020-05-01,overall,117.9
485,2020-06-01,overall,119.1
486,2020-07-01,overall,119.9
487,2020-08-01,overall,120.1
488,2020-09-01,overall,120.1
489,2020-10-01,overall,120.2
490,2020-11-01,overall,120.0
491,2020-12-01,overall,120.6
492,2021-01-01,overall,122.1
493,2021-02-01,overall,122.5
494,2021-03-01,overall,122.9
495,2021-04-01,overall,123.1
496,2021-05-01,overall,123.1
497,2021-06-01,overall,123.2
498,2021-07-01,overall,122.5
499,2021-08-01,overall,122.5
500,2021-09-01,overall,122.8
501,2021-10-01,overall,123.7
502,2021-11-01,overall,124.0
503,2021-12-01,overall,124.5
504,2022-01-01,overall,124.9
505,2022-02-01,overall,125.2
506,2022-03-01,overall,125.6
507,2022-04-01,overall,125.9
508,2022-05-01,overall,126.6
509,2022-06-01,overall,127.4
510,2022-07-01,overall,127.9
511,2022-08-01,overall,128.2
512,2022-09-01,overall,128.3
513,2022-10-01,overall,128.6
514,2022-11-01,overall,129.0
515,2022-12-01,overall,129.2
516,2023-01-01,overall,129.5
517,2023-02-01,overall,129.8
518,2023-03-01,overall,129.9
519,2023-04-01,overall,130.0
520,2023-05-01,overall,130.2
521,2023-06-01,overall,130.4
522,2023-07-01,overall,130.5
523,2023-08-01,overall,130.7
524,2023-09-01,overall,130.8
525,2023-10-01,overall,130.9
526,2023-11-01,overall,130.9
527,2023-12-01,overall,131.2
528,2024-01-01,overall,131.4
529,2024-02-01,overall,132.1
530,2024-03-01,overall,132.2
531,2024-04-01,overall,132.4
532,2024-05-01,overall,132.8
533,2024-06-01,overall,133.0
534,2024-07-01,overall,133.1
535,2024-08-01,overall,133.2
536,2024-09-01,overall,133.2
537,2024-10-01,overall,133.4
538,2024-11-01,overall,133.3
539,2024-12-01,overall,133.4
540,2025-01-01,overall,133.6
541,2025-02-01,overall,134.1
542,2025-03-01,overall,134.1
543,2025-04-01,overall,134.3
544,2025-05-01,overall,134.4
545,2025-06-01,overall,134.5
546,2025-07-01,overall,134.7
547,2025-08-01,overall,134.9
548,2025-09-01,overall,135.2
549,2025-10-01,overall,135.1
550,2025-11-01,overall,135.1
551,2025-12-01,overall,135.5
552,2026-01-01,overall,135.7
553,2026-02-01,overall,136.0
554,2026-03-01,overall,136.4
555,2026-04-01,overall,136.9
556,2026-05-01,overall,137.1
557,2026-06-01,overall,137.1
558,2026-07-01,overall,137.1
559,2026-08-01,overall,137.5
560,1980-01-01,01,33.1
561,1980-02-01,01,33.3
562,1980-03-01,01,33.3
563,1980-04-01,01,33.2
564,1980-05-01,01,33.4
565,1980-06-01,01,33.7
566,1980-07-01,01,33.9
567,1980-08-01,01,34.0
568,1980-09-01,01,33.7
569,1980-10-01,01,34.0
570,1980-11-01,01,34.4
571,1980-12-01,01,34.9
572,1981-01-01,01,35.8
573,1981-02-01,01,36.7
574,1981-03-01,01,37.1
575,1981-04-01,01,37.1
576,1981-05-01,01,37.2
577,1981-06-01,01,37.6
578,1981-07-01,01,37.7
579,1981-08-01,01,38.2
580,1981-09-01,01,38.3
581,1981-10-01,01,38.3
582,1981-11-01,01,38.5
583,1981-12-01,01,39.0
584,1982-01-01,01,39.4
585,1982-02-01,01,39.9
586,1982-03-01,01,40.0
587,1982-04-01,01,40.1
588,1982-05-01,01,40.4
589,1982-06-01,01,40.7
590,1982-07-01,01,40.8
591,1982-08-01,01,40.9
592,1982-09-01,01,40.8
593,1982-10-01,01,40.5
594,1982-11-01,01,40.5
595,1982-12-01,01,40.5
596,1983-01-01,01,40.6
597,1983-02-01,01,40.0
598,1983-03-01,01,40.3
599,1983-04-01,01,40.2
600,1983-05-01,01,40.7
601,1983-06-01,01,40.8
602,1983-07-01,01,40.2
603,1983-08-01,01,40.5
604,1983-09-01,01,40.7
605,1983-10-01,01,40.9
606,1983-11-01,01,40.9
607,1983-12-01,01,41.7
608,1984-01-01,01,42.5
609,1984-02-01,01,43.7
610,1984-03-01,01,42.3
611,1984-04-01,01,42.2
612,1984-05-01,01,42.2
613,1984-06-01,01,42.1
614,1984-07-01,01,42.2
615,1984-08-01,01,42.3
616,1984-09-01,01,42.1
617,1984-10-01,01,41.9
618,1984-11-01,01,41.6
619,1984-12-01,01,41.4
620,1985-01-01,01,41.2
621,1985-02-01,01,41.3
622,1985-03-01,01,41.5
623,1985-04-01,01,41.2
624,1985-05-01,01,41.2
625,1985-06-01,01,41.3
626,1985-07-01,01,41.3
627,1985-08-01,01,41.7
628,1985-09-01,01,40.9
629,1985-10-01,01,40.8
630,1985-11-01,01,40.9
631,1985-12-01,01,41.2
632,1986-01-01,01,41.6
633,1986-02-01,01,41.7
634,1986-03-01,01,41.7
635,1986-04-01,01,41.3
636,1986-05-01,01,41.7
637,1986-06-01,01,41.3
638,1986-07-01,01,40.9
639,1986-08-01,01,40.7
640,1986-09-01,01,41.0
641,1986-10-01,01,41.3
642,1986-11-01,01,41.1
643,1986-12-01,01,41.4
644,1987-01-01,01,41.2
645,1987-02-01,01,41.1
646,1987-03-01,01,40.7
647,1987-04-01,01,40.8
648,1987-05-01,01,40.9
649,1987-06-01,01,41.1
650,1987-07-01,01,40.9
651,1987-08-01,01,41.0
652,1987-09-01,01,41.0
653,1987-10-01,01,41.2
654,1987-11-01,01,41.3
655,1987-12-01,01,42.0
656,1988-01-01,01,42.1
657,1988-02-01,01,42.2
658,1988-03-01,01,42.2
659,1988-04-01,01,41.8
660,1988-05-01,01,41.9
661,1988-06-01,01,42.3
662,1988-07-01,01,42.9
663,1988-08-01,01,42.7
664,1988-09-01,01,43.1
665,1988-10-01,01,43.0
666,1988-11-01,01,43.4
667,1988-12-01,01,44.3
668,1989-01-01,01,44.0
669,1989-02-01,01,43.9
670,1989-03-01,01,43.9
671,1989-04-01,01,43.9
672,1989-05-01,01,44.1
673,1989-06-01,01,44.1
674,1989-07-01,01,44.0
675,1989-08-01,01,44.1
676,1989-09-01,01,44.4
677,1989-10-01,01,44.4
678,1989-11-01,01,45.0
679,1989-12-01,01,45.2
680,1990-01-01,01,45.4
681,1990-02-01,01,45.8
682,1990-03-01,01,45.6
683,1990-04-01,01,46.1
684,1990-05-01,01,46.4
685,1990-06-01,01,46.3
686,1990-07-01,01,45.8
687,1990-08-01,01,45.6
688,1990-09-01,01,46.0
689,1990-10-01,01,46.1
690,1990-11-01,01,46.8
691,1990-12-01,01,47.2
692,1991-01-01,01,47.2
693,1991-02-01,01,47.2
694,1991-03-01,01,47.4
695,1991-04-01,01,48.1
696,1991-05-01,01,48.4
697,1991-06-01,01,49.3
698,1991-07-01,01,48.5
699,1991-08-01,01,48.6
700,1991-09-01,01,48.1
701,1991-10-01,01,48.5
702,1991-11-01,01,48.9
703,1991-12-01,01,49.8
704,1992-01-01,01,50.1
705,1992-02-01,01,50.2
706,1992-03-01,01,50.4
707,1992-04-01,01,51.5
708,1992-05-01,01,52.1
709,1992-06-01,01,52.1
710,1992-07-01,01,52.0
711,1992-08-01,01,52.3
712,1992-09-01,01,52.2
713,1992-10-01,01,51.5
714,1992-11-01,01,51.5
715,1992-12-01,01,51.9
716,1993-01-01,01,51.7
717,1993-02-01,01,51.6
718,1993-03-01,01,51.7
719,1993-04-01,01,52.1
720,1993-05-01,01,52.3
721,1993-06-01,01,52.8
722,1993-07-01,01,53.3
723,1993-08-01,01,52.7
724,1993-09-01,01,52.7
725,1993-10-01,01,53.1
726,1993-11-01,01,53.8
727,1993-12-01,01,54.1
728,1994-01-01,01,54.7
729,1994-02-01,01,56.2
730,1994-03-01,01,55.6
731,1994-04-01,01,55.1
732,1994-05-01,01,55.2
733,1994-06-01,01,54.8
734,1994-07-01,01,54.9
735,1994-08-01,01,54.8
736,1994-09-01,01,55.4
737,1994-10-01,01,55.7
738,1994-11-01,01,56.2
739,1994-12-01,01,56.7
740,1995-01-01,01,57.2
741,1995-02-01,01,57.9
742,1995-03-01,01,57.6
743,1995-04-01,01,57.4
744,1995-05-01,01,58.0
745,1995-06-01,01,57.8
746,1995-07-01,01,58.0
747,1995-08-01,01,58.1
748,1995-09-01,01,58.4
749,1995-10-01,01,58.7
750,1995-11-01,01,59.1
751,1995-12-01,01,59.4
752,1996-01-01,01,60.0
753,1996-02-01,01,60.7
754,1996-03-01,01,60.3
755,1996-04-01,01,60.9
756,1996-05-01,01,61.1
757,1996-06-01,01,61.3
758,1996-07-01,01,61.9
759,1996-08-01,01,61.7
760,1996-09-01,01,62.2
761,1996-10-01,01,62.2
762,1996-11-01,01,62.8
763,1996-12-01,01,63.2
764,1997-01-01,01,63.5
765,1997-02-01,01,64.2
766,1997-03-01,01,63.9
767,1997-04-01,01,63.5
768,1997-05-01,01,63.5
769,1997-06-01,01,63.3
770,1997-07-01,01,63.5
771,1997-08-01,01,63.6
772,1997-09-01,01,64.1
773,1997-10-01,01,64.6
774,1997-11-01,01,64.7
775,1997-12-01,01,65.5
776,1998-01-01,01,66.7
777,1998-02-01,01,68.5
778,1998-03-01,01,69.2
779,1998-04-01,01,69.5
780,1998-05-01,01,69.7
781,1998-06-01,01,70.7
782,1998-07-01,01,70.1
783,1998-08-01,01,69.9
784,1998-09-01,01,70.0
785,1998-10-01,01,70.1
786,1998-11-01,01,71.0
787,1998-12-01,01,71.2
788,1999-01-01,01,72.7
789,1999-02-01,01,72.9
790,1999-03-01,01,72.3
791,1999-04-01,01,72.7
792,1999-05-01,01,73.1
793,1999-06-01,01,73.0
794,1999-07-01,01,73.1
795,1999-08-01,01,72.7
796,1999-09-01,01,72.7
797,1999-10-01,01,72.6
798,1999-11-01,01,73.1
799,1999-12-01,01,74.8
800,2000-01-01,01,74.9
801,2000-02-01,01,74.7
802,2000-03-01,01,74.4
803,2000-04-01,01,74.3
804,2000-05-01,01,74.4
805,2000-06-01,01,74.4
806,2000-07-01,01,74.4
807,2000-08-01,01,74.1
808,2000-09-01,01,74.0
809,2000-10-01,01,74.0
810,2000-11-01,01,74.0
811,2000-12-01,01,74.9
812,2001-01-01,01,75.3
813,2001-02-01,01,75.2
814,2001-03-01,01,74.9
815,2001-04-01,01,74.8
816,2001-05-01,01,75.0
817,2001-06-01,01,74.8
818,2001-07-01,01,74.7
819,2001-08-01,01,74.4
820,2001-09-01,01,74.8
821,2001-10-01,01,74.4
822,2001-11-01,01,74.9
823,2001-12-01,01,75.2
824,2002-01-01,01,75.6
825,2002-02-01,01,75.9
826,2002-03-01,01,75.3
827,2002-04-01,01,75.1
828,2002-05-01,01,75.0
829,2002-06-01,01,75.3
830,2002-07-01,01,75.2
831,2002-08-01,01,75.2
832,2002-09-01,01,75.2
833,2002-10-01,01,75.1
834,2002-11-01,01,75.6
835,2002-12-01,01,76.1
836,2003-01-01,01,78.3
837,2003-02-01,01,78.4
838,2003-03-01,01,77.5
839,2003-04-01,01,77.3
840,2003-05-01,01,76.8
841,2003-06-01,01,76.0
842,2003-07-01,01,76.2
843,2003-08-01,01,75.5
844,2003-09-01,01,75.4
845,2003-10-01,01,75.2
846,2003-11-01,01,74.6
847,2003-12-01,01,74.4
848,2004-01-01,01,78.0
849,2004-02-01,01,78.0
850,2004-03-01,01,77.8
851,2004-04-01,01,78.1
852,2004-05-01,01,78.1
853,2004-06-01,01,78.0
854,2004-07-01,01,78.0
855,2004-08-01,01,77.8
856,2004-09-01,01,77.6
857,2004-10-01,01,78.1
858,2004-11-01,01,78.0
859,2004-12-01,01,78.2
860,2005-01-01,01,79.8
861,2005-02-01,01,79.8
862,2005-03-01,01,79.9
863,2005-04-01,01,80.3
864,2005-05-01,01,80.6
865,2005-06-01,01,81.0
866,2005-07-01,01,80.8
867,2005-08-01,01,81.1
868,2005-09-01,01,81.3
869,2005-10-01,01,81.6
870,2005-11-01,01,82.1
871,2005-12-01,01,82.5
872,2006-01-01,01,83.2
873,2006-02-01,01,83.0
874,2006-03-01,01,82.8
875,2006-04-01,01,82.8
876,2006-05-01,01,83.3
877,2006-06-01,01,83.6
878,2006-07-01,01,83.9
879,2006-08-01,01,83.7
880,2006-09-01,01,83.8
881,2006-10-01,01,84.1
882,2006-11-01,01,84.5
883,2006-12-01,01,85.0
884,2007-01-01,01,85.8
885,2007-02-01,01,85.7
886,2007-03-01,01,85.3
887,2007-04-01,01,85.3
888,2007-05-01,01,85.3
889,2007-06-01,01,85.5
890,2007-07-01,01,85.8
891,2007-08-01,01,86.1
892,2007-09-01,01,86.3
893,2007-10-01,01,86.6
894,2007-11-01,01,87.8
895,2007-12-01,01,88.5
896,2008-01-01,01,89.1
897,2008-02-01,01,89.6
898,2008-03-01,01,89.5
899,2008-04-01,01,90.1
900,2008-05-01,01,92.2
901,2008-06-01,01,94.1
902,2008-07-01,01,95.5
903,2008-08-01,01,96.2
904,2008-09-01,01,96.9
905,2008-10-01,01,97.1
906,2008-11-01,01,97.4
907,2008-12-01,01,97.7
908,2009-01-01,01,97.8
909,2009-02-01,01,97.8
910,2009-03-01,01,97.3
911,2009-04-01,01,96.9
912,2009-05-01,01,97.0
913,2009-06-01,01,97.2
914,2009-07-01,01,97.4
915,2009-08-01,01,97.6
916,2009-09-01,01,97.9
917,2009-10-01,01,97.9
918,2009-11-01,01,98.3
919,2009-12-01,01,98.8
920,2010-01-01,01,99.0
921,2010-02-01,01,99.0
922,2010-03-01,01,99.0
923,2010-04-01,01,99.1
924,2010-05-01,01,99.5
925,2010-06-01,01,100.0
926,2010-07-01,01,100.2
927,2010-08-01,01,100.5
928,2010-09-01,01,100.5
929,2010-10-01,01,100.6
930,2010-11-01,01,101.1
931,2010-12-01,01,101.4
932,2011-01-01,01,102.6
933,2011-02-01,01,103.7
934,2011-03-01,01,103.7
935,2011-04-01,01,104.0
936,2011-05-01,01,104.0
937,2011-06-01,01,104.7
938,2011-07-01,01,105.1
939,2011-08-01,01,105.1
940,2011-09-01,01,105.5
941,2011-10-01,01,106.3
942,2011-11-01,01,106.3
943,2011-12-01,01,106.6
944,2012-01-01,01,107.5
945,2012-02-01,01,106.7
946,2012-03-01,01,106.7
947,2012-04-01,01,106.4
948,2012-05-01,01,107.1
949,2012-06-01,01,107.7
950,2012-07-01,01,107.8
951,2012-08-01,01,108.0
952,2012-09-01,01,108.0
953,2012-10-01,01,108.4
954,2012-11-01,01,108.4
955,2012-12-01,01,108.7
956,2013-01-01,01,109.9
957,2013-02-01,01,110.2
958,2013-03-01,01,110.2
959,2013-04-01,01,110.4
960,2013-05-01,01,110.8
961,2013-06-01,01,111.2
962,2013-07-01,01,112.0
963,2013-08-01,01,111.9
964,2013-09-01,01,112.2
965,2013-10-01,01,112.4
966,2013-11-01,01,112.6
967,2013-12-01,01,113.6
968,2014-01-01,01,114.5
969,2014-02-01,01,114.4
970,2014-03-01,01,114.5
971,2014-04-01,01,114.4
972,2014-05-01,01,114.5
973,2014-06-01,01,115.1
974,2014-07-01,01,115.5
975,2014-08-01,01,115.6
976,2014-09-01,01,115.8
977,2014-10-01,01,115.6
978,2014-11-01,01,115.9
979,2014-12-01,01,116.3
980,2015-01-01,01,117.7
981,2015-02-01,01,117.5
982,2015-03-01,01,117.1
983,2015-04-01,01,118.0
984,2015-05-01,01,118.5
985,2015-06-01,01,119.0
986,2015-07-01,01,119.9
987,2015-08-01,01,120.5
988,2015-09-01,01,120.8
989,2015-10-01,01,121.0
990,2015-11-01,01,120.7
991,2015-12-01,01,121.6
992,2016-01-01,01,122.3
993,2016-02-01,01,123.1
994,2016-03-01,01,123.0
995,2016-04-01,01,123.0
996,2016-05-01,01,123.4
997,2016-06-01,01,124.0
998,2016-07-01,01,124.4
999,2016-08-01,01,124.7
1000,2016-09-01,01,124.4
1001,2016-10-01,01,124.0
1002,2016-11-01,01,124.9
1003,2016-12-01,01,125.7
1004,2017-01-01,01,126.8
1005,2017-02-01,01,128.0
1006,2017-03-01,01,127.5
1007,2017-04-01,01,127.6
1008,2017-05-01,01,128.3
1009,2017-06-01,01,128.8
1010,2017-07-01,01,129.2
1011,2017-08-01,01,129.6
1012,2017-09-01,01,129.7
1013,2017-10-01,01,129.4
1014,2017-11-01,01,129.9
1015,2017-12-01,01,130.8
1016,2018-01-01,01,131.6
1017,2018-02-01,01,131.8
1018,2018-03-01,01,131.1
1019,2018-04-01,01,130.9
1020,2018-05-01,01,131.1
1021,2018-06-01,01,129.8
1022,2018-07-01,01,130.1
1023,2018-08-01,01,130.1
1024,2018-09-01,01,130.3
1025,2018-10-01,01,131.0
1026,2018-11-01,01,131.3
1027,2018-12-01,01,131.7
1028,2019-01-01,01,132.9
1029,2019-02-01,01,133.1
1030,2019-03-01,01,132.5
1031,2019-04-01,01,132.3
1032,2019-05-01,01,132.7
1033,2019-06-01,01,132.8
1034,2019-07-01,01,133.2
1035,2019-08-01,01,133.5
1036,2019-09-01,01,133.2
1037,2019-10-01,01,133.3
1038,2019-11-01,01,133.3
1039,2019-12-01,01,133.9
1040,2020-01-01,01,134.1
1041,2020-02-01,01,134.2
1042,2020-03-01,01,134.1
1043,2020-04-01,01,133.9
1044,2020-05-01,01,134.3
1045,2020-06-01,01,134.9
1046,2020-07-01,01,135.0
1047,2020-08-01,01,135.2
1048,2020-09-01,01,135.1
1049,2020-10-01,01,135.3
1050,2020-11-01,01,135.1
1051,2020-12-01,01,135.8
1052,2021-01-01,01,136.1
1053,2021-02-01,01,136.1
1054,2021-03-01,01,136.1
1055,2021-04-01,01,136.5
1056,2021-05-01,01,136.3
1057,2021-06-01,01,136.7
1058,2021-07-01,01,136.7
1059,2021-08-01,01,136.8
1060,2021-09-01,01,137.6
1061,2021-10-01,01,137.9
1062,2021-11-01,01,138.7
1063,2021-12-01,01,140.1
1064,2022-01-01,01,141.0
1065,2022-02-01,01,141.2
1066,2022-03-01,01,141.6
1067,2022-04-01,01,142.1
1068,2022-05-01,01,143.4
1069,2022-06-01,01,145.1
1070,2022-07-01,01,146.1
1071,2022-08-01,01,146.6
1072,2022-09-01,01,147.0
1073,2022-10-01,01,147.7
1074,2022-11-01,01,148.8
1075,2022-12-01,01,149.6
1076,2023-01-01,01,150.5
1077,2023-02-01,01,151.1
1078,2023-03-01,01,151.3
1079,2023-04-01,01,151.1
1080,2023-05-01,01,151.8
1081,2023-06-01,01,151.9
1082,2023-07-01,01,152.5
1083,2023-08-01,01,152.6
1084,2023-09-01,01,152.8
1085,2023-10-01,01,153.0
1086,2023-11-01,01,152.6
1087,2023-12-01,01,153.0
1088,2024-01-01,01,153.5
1089,2024-02-01,01,153.9
1090,2024-03-01,01,153.9
1091,2024-04-01,01,154.1
1092,2024-05-01,01,154.5
1093,2024-06-01,01,154.9
1094,2024-07-01,01,155.0
1095,2024-08-01,01,155.1
1096,2024-09-01,01,155.2
1097,2024-10-01,01,156.5
1098,2024-11-01,01,156.5
1099,2024-12-01,01,157.2
1100,2025-01-01,01,157.4
1101,2025-02-01,01,157.7
1102,2025-03-01,01,157.8
1103,2025-04-01,01,157.7
1104,2025-05-01,01,157.8
1105,2025-06-01,01,158.1
1106,2025-07-01,01,158.0
1107,2025-08-01,01,158.2
1108,2025-09-01,01,158.5
1109,2025-10-01,01,158.8
1110,2025-11-01,01,158.8
1111,2025-12-01,01,159.5
1112,2026-01-01,01,159.8
1113,2026-02-01,01,159.8
1114,2026-03-01,01,159.6
1115,2026-04-01,01,159.6
1116,2026-05-01,01,160.0
1117,2026-06-01,01,160.3
1118,2026-07-01,01,160.8
1119,2026-08-01,01,161.2
1120,1980-01-01,02,17.3
1121,1980-02-01,02,17.3
1122,1980-03-01,02,17.3
1123,1980-04-01,02,17.5
1124,1980-05-01,02,17.5
1125,1980-06-01,02,17.5
1126,1980-07-01,02,18.3
1127,1980-08-01,02,18.4
1128,1980-09-01,02,18.5
1129,1980-10-01,02,18.5
1130,1980-11-01,02,19.7
1131,1980-12-01,02,19.7
1132,1981-01-01,02,19.9
1133,1981-02-01,02,20.0
1134,1981-03-01,02,20.5
1135,1981-04-01,02,20.5
1136,1981-05-01,02,20.5
1137,1981-06-01,02,20.5
1138,1981-07-01,02,20.5
1139,1981-08-01,02,20.6
1140,1981-09-01,02,20.6
1141,1981-10-01,02,20.6
1142,1981-11-01,02,20.6
1143,1981-12-01,02,20.7
1144,1982-01-01,02,20.7
1145,1982-02-01,02,20.7
1146,1982-03-01,02,20.8
1147,1982-04-01,02,20.8
1148,1982-05-01,02,21.3
1149,1982-06-01,02,21.3
1150,1982-07-01,02,21.3
1151,1982-08-01,02,21.4
1152,1982-09-01,02,21.4
1153,1982-10-01,02,21.4
1154,1982-11-01,02,25.3
1155,1982-12-01,02,25.5
1156,1983-01-01,02,25.6
1157,1983-02-01,02,25.7
1158,1983-03-01,02,25.7
1159,1983-04-01,02,26.6
1160,1983-05-01,02,26.6
1161,1983-06-01,02,26.6
1162,1983-07-01,02,26.6
1163,1983-08-01,02,26.7
1164,1983-09-01,02,26.7
1165,1983-10-01,02,26.7
1166,1983-11-01,02,26.7
1167,1983-12-01,02,26.7
1168,1984-01-01,02,26.8
1169,1984-02-01,02,26.8
1170,1984-03-01,02,26.8
1171,1984-04-01,02,26.9
1172,1984-05-01,02,27.7
1173,1984-06-01,02,27.7
1174,1984-07-01,02,27.7
1175,1984-08-01,02,27.7
1176,1984-09-01,02,27.7
1177,1984-10-01,02,27.7
1178,1984-11-01,02,27.7
1179,1984-12-01,02,27.7
1180,1985-01-01,02,27.7
1181,1985-02-01,02,27.7
1182,1985-03-01,02,27.7
1183,1985-04-01,02,27.7
1184,1985-05-01,02,27.7
1185,1985-06-01,02,27.7
1186,1985-07-01,02,27.7
1187,1985-08-01,02,27.7
1188,1985-09-01,02,27.7
1189,1985-10-01,02,27.7
1190,1985-11-01,02,27.7
1191,1985-12-01,02,27.7
1192,1986-01-01,02,27.7
1193,1986-02-01,02,27.7
1194,1986-03-01,02,27.7
1195,1986-04-01,02,27.7
1196,1986-05-01,02,27.7
1197,1986-06-01,02,27.7
1198,1986-07-01,02,27.7
1199,1986-08-01,02,27.7
1200,1986-09-01,02,27.7
1201,1986-10-01,02,27.7
1202,1986-11-01,02,29.9
1203,1986-12-01,02,30.0
1204,1987-01-01,02,30.0
1205,1987-02-01,02,30.1
1206,1987-03-01,02,30.1
1207,1987-04-01,02,30.1
1208,1987-05-01,02,30.1
1209,1987-06-01,02,30.1
1210,1987-07-01,02,30.1
1211,1987-08-01,02,30.1
1212,1987-09-01,02,30.1
1213,1987-10-01,02,30.1
1214,1987-11-01,02,30.2
1215,1987-12-01,02,30.2
1216,1988-01-01,02,30.2
1217,1988-02-01,02,30.2
1218,1988-03-01,02,30.2
1219,1988-04-01,02,30.2
1220,1988-05-01,02,30.2
1221,1988-06-01,02,30.2
1222,1988-07-01,02,30.2
1223,1988-08-01,02,31.3
1224,1988-09-01,02,31.3
1225,1988-10-01,02,30.9
1226,1988-11-01,02,30.9
1227,1988-12-01,02,30.9
1228,1989-01-01,02,31.0
1229,1989-02-01,02,31.0
1230,1989-03-01,02,31.0
1231,1989-04-01,02,31.0
1232,1989-05-01,02,31.0
1233,1989-06-01,02,31.0
1234,1989-07-01,02,31.0
1235,1989-08-01,02,31.0
1236,1989-09-01,02,31.0
1237,1989-10-01,02,31.0
1238,1989-11-01,02,31.0
1239,1989-12-01,02,31.0
1240,1990-01-01,02,31.0
1241,1990-02-01,02,31.0
1242,1990-03-01,02,31.0
1243,1990-04-01,02,32.1
1244,1990-05-01,02,32.1
1245,1990-06-01,02,32.1
1246,1990-07-01,02,32.1
1247,1990-08-01,02,32.1
1248,1990-09-01,02,32.1
1249,1990-10-01,02,32.1
1250,1990-11-01,02,32.5
1251,1990-12-01,02,34.0
1252,1991-01-01,02,34.2
1253,1991-02-01,02,34.2
1254,1991-03-01,02,34.3
1255,1991-04-01,02,34.4
1256,1991-05-01,02,34.5
1257,1991-06-01,02,34.5
1258,1991-07-01,02,34.6
1259,1991-08-01,02,34.6
1260,1991-09-01,02,34.6
1261,1991-10-01,02,34.6
1262,1991-11-01,02,34.8
1263,1991-12-01,02,35.0
1264,1992-01-01,02,35.1
1265,1992-02-01,02,35.1
1266,1992-03-01,02,35.1
1267,1992-04-01,02,35.2
1268,1992-05-01,02,37.3
1269,1992-06-01,02,37.3
1270,1992-07-01,02,37.3
1271,1992-08-01,02,37.3
1272,1992-09-01,02,37.3
1273,1992-10-01,02,37.3
1274,1992-11-01,02,42.6
1275,1992-12-01,02,42.8
1276,1993-01-01,02,43.0
1277,1993-02-01,02,43.0
1278,1993-03-01,02,43.0
1279,1993-04-01,02,43.1
1280,1993-05-01,02,43.1
1281,1993-06-01,02,43.1
1282,1993-07-01,02,43.1
1283,1993-08-01,02,43.1
1284,1993-09-01,02,43.1
1285,1993-10-01,02,43.1
1286,1993-11-01,02,43.1
1287,1993-12-01,02,43.1
1288,1994-01-01,02,45.1
1289,1994-02-01,02,45.1
1290,1994-03-01,02,45.1
1291,1994-04-01,02,45.1
1292,1994-05-01,02,45.1
1293,1994-06-01,02,45.2
1294,1994-07-01,02,45.2
1295,1994-08-01,02,45.3
1296,1994-09-01,02,45.2
1297,1994-10-01,02,45.2
1298,1994-11-01,02,45.3
1299,1994-12-01,02,45.3
1300,1995-01-01,02,45.5
1301,1995-02-01,02,45.5
1302,1995-03-01,02,45.6
1303,1995-04-01,02,45.6
1304,1995-05-01,02,46.4
1305,1995-06-01,02,46.5
1306,1995-07-01,02,46.6
1307,1995-08-01,02,46.6
1308,1995-09-01,02,46.7
1309,1995-10-01,02,46.7
1310,1995-11-01,02,46.7
1311,1995-12-01,02,46.7
1312,1996-01-01,02,46.7
1313,1996-02-01,02,46.6
1314,1996-03-01,02,46.7
1315,1996-04-01,02,46.7
1316,1996-05-01,02,47.5
1317,1996-06-01,02,47.5
1318,1996-07-01,02,47.6
1319,1996-08-01,02,47.6
1320,1996-09-01,02,47.6
1321,1996-10-01,02,47.6
1322,1996-11-01,02,47.6
1323,1996-12-01,02,47.6
1324,1997-01-01,02,47.5
1325,1997-02-01,02,47.5
1326,1997-03-01,02,47.5
1327,1997-04-01,02,47.6
1328,1997-05-01,02,47.6
1329,1997-06-01,02,47.6
1330,1997-07-01,02,47.6
1331,1997-08-01,02,48.3
1332,1997-09-01,02,48.3
1333,1997-10-01,02,48.3
1334,1997-11-01,02,48.3
1335,1997-12-01,02,48.4
1336,1998-01-01,02,48.4
1337,1998-02-01,02,48.6
1338,1998-03-01,02,48.7
1339,1998-04-01,02,48.8
1340,1998-05-01,02,48.9
1341,1998-06-01,02,49.1
1342,1998-07-01,02,49.2
1343,1998-08-01,02,49.2
1344,1998-09-01,02,50.8
1345,1998-10-01,02,51.0
1346,1998-11-01,02,53.5
1347,1998-12-01,02,53.5
1348,1999-01-01,02,53.5
1349,1999-02-01,02,53.5
1350,1999-03-01,02,53.6
1351,1999-04-01,02,53.6
1352,1999-05-01,02,53.6
1353,1999-06-01,02,53.6
1354,1999-07-01,02,53.6
1355,1999-08-01,02,53.7
1356,1999-09-01,02,54.5
1357,1999-10-01,02,54.6
1358,1999-11-01,02,54.6
1359,1999-12-01,02,54.7
1360,2000-01-01,02,54.9
1361,2000-02-01,02,54.9
1362,2000-03-01,02,55.0
1363,2000-04-01,02,55.0
1364,2000-05-01,02,55.1
1365,2000-06-01,02,55.1
1366,2000-07-01,02,55.1
1367,2000-08-01,02,55.2
1368,2000-09-01,02,55.2
1369,2000-10-01,02,55.3
1370,2000-11-01,02,57.4
1371,2000-12-01,02,57.4
1372,2001-01-01,02,57.4
1373,2001-02-01,02,57.6
1374,2001-03-01,02,57.6
1375,2001-04-01,02,57.6
1376,2001-05-01,02,57.6
1377,2001-06-01,02,57.7
1378,2001-07-01,02,57.7
1379,2001-08-01,02,57.7
1380,2001-09-01,02,57.7
1381,2001-10-01,02,57.7
1382,2001-11-01,02,60.5
1383,2001-12-01,02,60.5
1384,2002-01-01,02,60.5
1385,2002-02-01,02,60.5
1386,2002-03-01,02,60.5
1387,2002-04-01,02,60.5
1388,2002-05-01,02,60.5
1389,2002-06-01,02,60.5
1390,2002-07-01,02,60.5
1391,2002-08-01,02,60.5
1392,2002-09-01,02,60.5
1393,2002-10-01,02,60.5
1394,2002-11-01,02,60.5
1395,2002-12-01,02,60.5
1396,2003-01-01,02,58.7
1397,2003-02-01,02,58.7
1398,2003-03-01,02,58.6
1399,2003-04-01,02,58.6
1400,2003-05-01,02,58.6
1401,2003-06-01,02,58.6
1402,2003-07-01,02,58.5
1403,2003-08-01,02,58.5
1404,2003-09-01,02,62.5
1405,2003-10-01,02,55.1
1406,2003-11-01,02,55.1
1407,2003-12-01,02,55.1
1408,2004-01-01,02,61.7
1409,2004-02-01,02,61.7
1410,2004-03-01,02,61.7
1411,2004-04-01,02,61.7
1412,2004-05-01,02,61.7
1413,2004-06-01,02,61.6
1414,2004-07-01,02,61.7
1415,2004-08-01,02,61.7
1416,2004-09-01,02,72.7
1417,2004-10-01,02,68.6
1418,2004-11-01,02,68.4
1419,2004-12-01,02,68.7
1420,2005-01-01,02,72.0
1421,2005-02-01,02,72.0
1422,2005-03-01,02,72.1
1423,2005-04-01,02,72.0
1424,2005-05-01,02,72.1
1425,2005-06-01,02,72.2
1426,2005-07-01,02,72.3
1427,2005-08-01,02,72.3
1428,2005-09-01,02,72.3
1429,2005-10-01,02,77.0
1430,2005-11-01,02,77.0
1431,2005-12-01,02,77.0
1432,2006-01-01,02,77.1
1433,2006-02-01,02,77.2
1434,2006-03-01,02,77.2
1435,2006-04-01,02,77.2
1436,2006-05-01,02,77.3
1437,2006-06-01,02,77.3
1438,2006-07-01,02,77.3
1439,2006-08-01,02,77.3
1440,2006-09-01,02,80.9
1441,2006-10-01,02,80.9
1442,2006-11-01,02,80.9
1443,2006-12-01,02,81.0
1444,2007-01-01,02,80.9
1445,2007-02-01,02,80.9
1446,2007-03-01,02,80.9
1447,2007-04-01,02,80.9
1448,2007-05-01,02,80.9
1449,2007-06-01,02,80.9
1450,2007-07-01,02,88.0
1451,2007-08-01,02,88.1
1452,2007-09-01,02,88.1
1453,2007-10-01,02,88.1
1454,2007-11-01,02,88.1
1455,2007-12-01,02,88.1
1456,2008-01-01,02,88.2
1457,2008-02-01,02,88.2
1458,2008-03-01,02,88.2
1459,2008-04-01,02,88.2
1460,2008-05-01,02,88.3
1461,2008-06-01,02,88.4
1462,2008-07-01,02,88.5
1463,2008-08-01,02,88.5
1464,2008-09-01,02,95.5
1465,2008-10-01,02,95.5
1466,2008-11-01,02,95.5
1467,2008-12-01,02,95.5
1468,2009-01-01,02,95.5
1469,2009-02-01,02,95.5
1470,2009-03-01,02,95.5
1471,2009-04-01,02,95.5
1472,2009-05-01,02,95.5
1473,2009-06-01,02,95.6
1474,2009-07-01,02,95.6
1475,2009-08-01,02,95.6
1476,2009-09-01,02,95.6
1477,2009-10-01,02,98.2
1478,2009-11-01,02,98.3
1479,2009-12-01,02,98.3
1480,2010-01-01,02,98.3
1481,2010-02-01,02,98.3
1482,2010-03-01,02,98.4
1483,2010-04-01,02,98.4
1484,2010-05-01,02,98.4
1485,2010-06-01,02,98.5
1486,2010-07-01,02,98.6
1487,2010-08-01,02,98.6
1488,2010-09-01,02,98.7
1489,2010-10-01,02,104.6
1490,2010-11-01,02,104.6
1491,2010-12-01,02,104.6
1492,2011-01-01,02,104.6
1493,2011-02-01,02,104.6
1494,2011-03-01,02,104.6
1495,2011-04-01,02,104.6
1496,2011-05-01,02,104.6
1497,2011-06-01,02,104.7
1498,2011-07-01,02,104.6
1499,2011-08-01,02,104.6
1500,2011-09-01,02,104.6
1501,2011-10-01,02,104.6
1502,2011-11-01,02,104.6
1503,2011-12-01,02,104.6
1504,2012-01-01,02,104.6
1505,2012-02-01,02,104.6
1506,2012-03-01,02,104.6
1507,2012-04-01,02,104.6
1508,2012-05-01,02,104.7
1509,2012-06-01,02,104.7
1510,2012-07-01,02,104.7
1511,2012-08-01,02,104.8
1512,2012-09-01,02,104.9
1513,2012-10-01,02,104.9
1514,2012-11-01,02,106.6
1515,2012-12-01,02,106.6
1516,2013-01-01,02,106.7
1517,2013-02-01,02,106.7
1518,2013-03-01,02,106.7
1519,2013-04-01,02,106.7
1520,2013-05-01,02,106.7
1521,2013-06-01,02,109.1
1522,2013-07-01,02,109.1
1523,2013-08-01,02,109.1
1524,2013-09-01,02,109.6
1525,2013-10-01,02,121.7
1526,2013-11-01,02,121.7
1527,2013-12-01,02,121.6
1528,2014-01-01,02,121.7
1529,2014-02-01,02,121.7
1530,2014-03-01,02,121.7
1531,2014-04-01,02,121.7
1532,2014-05-01,02,121.7
1533,2014-06-01,02,121.8
1534,2014-07-01,02,121.8
1535,2014-08-01,02,121.8
1536,2014-09-01,02,125.8
1537,2014-10-01,02,121.9
1538,2014-11-01,02,134.5
1539,2014-12-01,02,134.5
1540,2015-01-01,02,134.6
1541,2015-02-01,02,134.6
1542,2015-03-01,02,134.6
1543,2015-04-01,02,137.5
1544,2015-05-01,02,135.4
1545,2015-06-01,02,135.6
1546,2015-07-01,02,138.0
1547,2015-08-01,02,138.1
1548,2015-09-01,02,138.1
1549,2015-10-01,02,138.1
1550,2015-11-01,02,162.3
1551,2015-12-01,02,165.1
1552,2016-01-01,02,165.0
1553,2016-02-01,02,165.0
1554,2016-03-01,02,165.1
1555,2016-04-01,02,165.1
1556,2016-05-01,02,165.3
1557,2016-06-01,02,165.3
1558,2016-07-01,02,165.4
1559,2016-08-01,02,165.3
1560,2016-09-01,02,165.3
1561,2016-10-01,02,165.4
1562,2016-11-01,02,165.4
1563,2016-12-01,02,165.3
1564,2017-01-01,02,165.3
1565,2017-02-01,02,165.3
1566,2017-03-01,02,165.4
1567,2017-04-01,02,165.4
1568,2017-05-01,02,165.6
1569,2017-06-01,02,165.5
1570,2017-07-01,02,165.5
1571,2017-08-01,02,165.5
1572,2017-09-01,02,165.5
1573,2017-10-01,02,165.6
1574,2017-11-01,02,165.7
1575,2017-12-01,02,165.6
1576,2018-01-01,02,165.6
1577,2018-02-01,02,165.5
1578,2018-03-01,02,165.6
1579,2018-04-01,02,165.7
1580,2018-05-01,02,165.7
1581,2018-06-01,02,164.4
1582,2018-07-01,02,164.1
1583,2018-08-01,02,163.9
1584,2018-09-01,02,164.0
1585,2018-10-01,02,164.3
1586,2018-11-01,02,167.4
1587,2018-12-01,02,167.5
1588,2019-01-01,02,167.5
1589,2019-02-01,02,167.4
1590,2019-03-01,02,167.5
1591,2019-04-01,02,167.7
1592,2019-05-01,02,167.8
1593,2019-06-01,02,167.9
1594,2019-07-01,02,167.9
1595,2019-08-01,02,168.0
1596,2019-09-01,02,167.9
1597,2019-10-01,02,167.9
1598,2019-11-01,02,168.0
1599,2019-12-01,02,167.8
1600,2020-01-01,02,167.7
1601,2020-02-01,02,167.8
1602,2020-03-01,02,168.0
1603,2020-04-01,02,168.0
1604,2020-05-01,02,168.1
1605,2020-06-01,02,168.2
1606,2020-07-01,02,168.4
1607,2020-08-01,02,168.5
1608,2020-09-01,02,168.7
1609,2020-10-01,02,168.7
1610,2020-11-01,02,168.8
1611,2020-12-01,02,168.8
1612,2021-01-01,02,168.9
1613,2021-02-01,02,168.9
1614,2021-03-01,02,169.0
1615,2021-04-01,02,169.1
1616,2021-05-01,02,169.2
1617,2021-06-01,02,169.3
1618,2021-07-01,02,169.2
1619,2021-08-01,02,169.2
1620,2021-09-01,02,169.3
1621,2021-10-01,02,169.2
1622,2021-11-01,02,169.3
1623,2021-12-01,02,169.3
1624,2022-01-01,02,169.5
1625,2022-02-01,02,169.5
1626,2022-03-01,02,169.8
1627,2022-04-01,02,169.9
1628,2022-05-01,02,169.9
1629,2022-06-01,02,170.0
1630,2022-07-01,02,170.2
1631,2022-08-01,02,170.3
1632,2022-09-01,02,170.5
1633,2022-10-01,02,170.6
1634,2022-11-01,02,170.7
1635,2022-12-01,02,170.5
1636,2023-01-01,02,170.8
1637,2023-02-01,02,170.8
1638,2023-03-01,02,170.9
1639,2023-04-01,02,171.0
1640,2023-05-01,02,171.1
1641,2023-06-01,02,171.1
1642,2023-07-01,02,171.1
1643,2023-08-01,02,171.1
1644,2023-09-01,02,171.7
1645,2023-10-01,02,171.7
1646,2023-11-01,02,171.8
1647,2023-12-01,02,171.6
1648,2024-01-01,02,171.5
1649,2024-02-01,02,171.5
1650,2024-03-01,02,171.8
1651,2024-04-01,02,171.9
1652,2024-05-01,02,172.2
1653,2024-06-01,02,172.3
1654,2024-07-01,02,172.6
1655,2024-08-01,02,172.9
1656,2024-09-01,02,173.0
1657,2024-10-01,02,173.1
1658,2024-11-01,02,173.1
1659,2024-12-01,02,172.9
1660,2025-01-01,02,173.1
1661,2025-02-01,02,173.1
1662,2025-03-01,02,173.1
1663,2025-04-01,02,173.2
1664,2025-05-01,02,173.3
1665,2025-06-01,02,173.3
1666,2025-07-01,02,173.6
1667,2025-08-01,02,173.6
1668,2025-09-01,02,173.6
1669,2025-10-01,02,173.6
1670,2025-11-01,02,177.2
1671,2025-12-01,02,177.3
1672,2026-01-01,02,177.4
1673,2026-02-01,02,177.6
1674,2026-03-01,02,177.8
1675,2026-04-01,02,178.1
1676,2026-05-01,02,178.1
1677,2026-06-01,02,178.2
1678,2026-07-01,02,178.3
1679,2026-08-01,02,178.5
1680,1980-01-01,03,84.7
1681,1980-02-01,03,84.8
1682,1980-03-01,03,85.5
1683,1980-04-01,03,85.6
1684,1980-05-01,03,86.2
1685,1980-06-01,03,86.6
1686,1980-07-01,03,86.8
1687,1980-08-01,03,87.7
1688,1980-09-01,03,88.2
1689,1980-10-01,03,88.4
1690,1980-11-01,03,89.3
1691,1980-12-01,03,90.2
1692,1981-01-01,03,91.9
1693,1981-02-01,03,92.8
1694,1981-03-01,03,93.8
1695,1981-04-01,03,93.9
1696,1981-05-01,03,94.4
1697,1981-06-01,03,94.9
1698,1981-07-01,03,95.3
1699,1981-08-01,03,95.6
1700,1981-09-01,03,95.8
1701,1981-10-01,03,96.3
1702,1981-11-01,03,96.5
1703,1981-12-01,03,96.5
1704,1982-01-01,03,97.1
1705,1982-02-01,03,97.6
1706,1982-03-01,03,97.6
1707,1982-04-01,03,97.7
1708,1982-05-01,03,98.0
1709,1982-06-01,03,98.4
1710,1982-07-01,03,98.7
1711,1982-08-01,03,98.8
1712,1982-09-01,03,98.8
1713,1982-10-01,03,99.2
1714,1982-11-01,03,99.8
1715,1982-12-01,03,100.3
1716,1983-01-01,03,100.8
1717,1983-02-01,03,101.1
1718,1983-03-01,03,101.2
1719,1983-04-01,03,101.4
1720,1983-05-01,03,101.7
1721,1983-06-01,03,102.0
1722,1983-07-01,03,102.1
1723,1983-08-01,03,102.4
1724,1983-09-01,03,102.4
1725,1983-10-01,03,102.7
1726,1983-11-01,03,102.9
1727,1983-12-01,03,102.9
1728,1984-01-01,03,102.9
1729,1984-02-01,03,103.1
1730,1984-03-01,03,103.2
1731,1984-04-01,03,103.5
1732,1984-05-01,03,103.5
1733,1984-06-01,03,103.6
1734,1984-07-01,03,104.0
1735,1984-08-01,03,104.2
1736,1984-09-01,03,104.2
1737,1984-10-01,03,104.2
1738,1984-11-01,03,104.1
1739,1984-12-01,03,104.3
1740,1985-01-01,03,104.3
1741,1985-02-01,03,104.3
1742,1985-03-01,03,104.4
1743,1985-04-01,03,104.5
1744,1985-05-01,03,104.7
1745,1985-06-01,03,104.9
1746,1985-07-01,03,105.3
1747,1985-08-01,03,105.3
1748,1985-09-01,03,105.3
1749,1985-10-01,03,105.3
1750,1985-11-01,03,105.3
1751,1985-12-01,03,105.3
1752,1986-01-01,03,105.3
1753,1986-02-01,03,105.2
1754,1986-03-01,03,105.3
1755,1986-04-01,03,105.2
1756,1986-05-01,03,105.3
1757,1986-06-01,03,105.4
1758,1986-07-01,03,105.5
1759,1986-08-01,03,105.5
1760,1986-09-01,03,105.5
1761,1986-10-01,03,105.5
1762,1986-11-01,03,105.5
1763,1986-12-01,03,105.5
1764,1987-01-01,03,105.4
1765,1987-02-01,03,105.5
1766,1987-03-01,03,105.6
1767,1987-04-01,03,105.7
1768,1987-05-01,03,105.7
1769,1987-06-01,03,105.8
1770,1987-07-01,03,105.9
1771,1987-08-01,03,106.0
1772,1987-09-01,03,106.0
1773,1987-10-01,03,106.3
1774,1987-11-01,03,106.3
1775,1987-12-01,03,106.4
1776,1988-01-01,03,107.0
1777,1988-02-01,03,107.3
1778,1988-03-01,03,107.5
1779,1988-04-01,03,107.7
1780,1988-05-01,03,107.7
1781,1988-06-01,03,107.8
1782,1988-07-01,03,108.1
1783,1988-08-01,03,108.5
1784,1988-09-01,03,108.7
1785,1988-10-01,03,108.8
1786,1988-11-01,03,109.1
1787,1988-12-01,03,109.1
1788,1989-01-01,03,109.5
1789,1989-02-01,03,109.6
1790,1989-03-01,03,109.6
1791,1989-04-01,03,109.6
1792,1989-05-01,03,109.7
1793,1989-06-01,03,109.7
1794,1989-07-01,03,110.1
1795,1989-08-01,03,110.3
1796,1989-09-01,03,110.3
1797,1989-10-01,03,110.4
1798,1989-11-01,03,110.4
1799,1989-12-01,03,110.4
1800,1990-01-01,03,111.4
1801,1990-02-01,03,111.9
1802,1990-03-01,03,112.4
1803,1990-04-01,03,111.4
1804,1990-05-01,03,111.4
1805,1990-06-01,03,111.7
1806,1990-07-01,03,111.8
1807,1990-08-01,03,111.5
1808,1990-09-01,03,111.5
1809,1990-10-01,03,111.8
1810,1990-11-01,03,112.3
1811,1990-12-01,03,112.9
1812,1991-01-01,03,113.3
1813,1991-02-01,03,115.6
1814,1991-03-01,03,115.9
1815,1991-04-01,03,119.6
1816,1991-05-01,03,119.7
1817,1991-06-01,03,119.8
1818,1991-07-01,03,120.0
1819,1991-08-01,03,120.0
1820,1991-09-01,03,120.1
1821,1991-10-01,03,120.6
1822,1991-11-01,03,120.5
1823,1991-12-01,03,120.6
1824,1992-01-01,03,121.0
1825,1992-02-01,03,121.4
1826,1992-03-01,03,121.7
1827,1992-04-01,03,122.0
1828,1992-05-01,03,122.4
1829,1992-06-01,03,122.3
1830,1992-07-01,03,123.2
1831,1992-08-01,03,123.2
1832,1992-09-01,03,123.0
1833,1992-10-01,03,122.7
1834,1992-11-01,03,122.6
1835,1992-12-01,03,122.6
1836,1993-01-01,03,123.2
1837,1993-02-01,03,123.2
1838,1993-03-01,03,122.7
1839,1993-04-01,03,123.2
1840,1993-05-01,03,123.3
1841,1993-06-01,03,122.7
1842,1993-07-01,03,123.5
1843,1993-08-01,03,122.9
1844,1993-09-01,03,123.3
1845,1993-10-01,03,123.3
1846,1993-11-01,03,122.0
1847,1993-12-01,03,122.3
1848,1994-01-01,03,122.4
1849,1994-02-01,03,122.2
1850,1994-03-01,03,122.0
1851,1994-04-01,03,122.6
1852,1994-05-01,03,122.3
1853,1994-06-01,03,121.6
1854,1994-07-01,03,122.5
1855,1994-08-01,03,121.7
1856,1994-09-01,03,122.0
1857,1994-10-01,03,121.4
1858,1994-11-01,03,121.7
1859,1994-12-01,03,121.8
1860,1995-01-01,03,122.3
1861,1995-02-01,03,122.4
1862,1995-03-01,03,122.5
1863,1995-04-01,03,122.4
1864,1995-05-01,03,122.0
1865,1995-06-01,03,122.0
1866,1995-07-01,03,122.5
1867,1995-08-01,03,121.8
1868,1995-09-01,03,122.0
1869,1995-10-01,03,120.9
1870,1995-11-01,03,121.5
1871,1995-12-01,03,121.6
1872,1996-01-01,03,121.9
1873,1996-02-01,03,120.7
1874,1996-03-01,03,121.8
1875,1996-04-01,03,121.5
1876,1996-05-01,03,121.6
1877,1996-06-01,03,121.5
1878,1996-07-01,03,121.6
1879,1996-08-01,03,121.0
1880,1996-09-01,03,121.0
1881,1996-10-01,03,119.5
1882,1996-11-01,03,121.4
1883,1996-12-01,03,120.4
1884,1997-01-01,03,120.8
1885,1997-02-01,03,121.1
1886,1997-03-01,03,120.8
1887,1997-04-01,03,120.6
1888,1997-05-01,03,120.3
1889,1997-06-01,03,120.8
1890,1997-07-01,03,120.9
1891,1997-08-01,03,120.9
1892,1997-09-01,03,120.3
1893,1997-10-01,03,119.0
1894,1997-11-01,03,120.8
1895,1997-12-01,03,119.9
1896,1998-01-01,03,120.6
1897,1998-02-01,03,121.8
1898,1998-03-01,03,121.7
1899,1998-04-01,03,122.2
1900,1998-05-01,03,121.1
1901,1998-06-01,03,122.2
1902,1998-07-01,03,121.7
1903,1998-08-01,03,121.9
1904,1998-09-01,03,120.6
1905,1998-10-01,03,119.9
1906,1998-11-01,03,120.2
1907,1998-12-01,03,119.8
1908,1999-01-01,03,119.0
1909,1999-02-01,03,118.7
1910,1999-03-01,03,120.1
1911,1999-04-01,03,119.2
1912,1999-05-01,03,119.0
1913,1999-06-01,03,119.0
1914,1999-07-01,03,118.6
1915,1999-08-01,03,118.7
1916,1999-09-01,03,118.4
1917,1999-10-01,03,117.8
1918,1999-11-01,03,117.8
1919,1999-12-01,03,117.2
1920,2000-01-01,03,117.4
1921,2000-02-01,03,118.0
1922,2000-03-01,03,117.1
1923,2000-04-01,03,117.4
1924,2000-05-01,03,117.1
1925,2000-06-01,03,116.9
1926,2000-07-01,03,117.0
1927,2000-08-01,03,115.5
1928,2000-09-01,03,116.7
1929,2000-10-01,03,115.6
1930,2000-11-01,03,115.5
1931,2000-12-01,03,114.4
1932,2001-01-01,03,114.5
1933,2001-02-01,03,115.4
1934,2001-03-01,03,113.6
1935,2001-04-01,03,114.8
1936,2001-05-01,03,114.4
1937,2001-06-01,03,114.0
1938,2001-07-01,03,114.2
1939,2001-08-01,03,112.6
1940,2001-09-01,03,112.6
1941,2001-10-01,03,112.8
1942,2001-11-01,03,112.4
1943,2001-12-01,03,111.2
1944,2002-01-01,03,112.2
1945,2002-02-01,03,112.4
1946,2002-03-01,03,111.3
1947,2002-04-01,03,111.8
1948,2002-05-01,03,111.5
1949,2002-06-01,03,111.3
1950,2002-07-01,03,111.1
1951,2002-08-01,03,109.8
1952,2002-09-01,03,110.5
1953,2002-10-01,03,110.1
1954,2002-11-01,03,110.4
1955,2002-12-01,03,109.4
1956,2003-01-01,03,107.9
1957,2003-02-01,03,109.0
1958,2003-03-01,03,108.9
1959,2003-04-01,03,108.8
1960,2003-05-01,03,108.9
1961,2003-06-01,03,109.6
1962,2003-07-01,03,108.8
1963,2003-08-01,03,109.7
1964,2003-09-01,03,108.3
1965,2003-10-01,03,108.6
1966,2003-11-01,03,107.3
1967,2003-12-01,03,108.8
1968,2004-01-01,03,106.5
1969,2004-02-01,03,108.0
1970,2004-03-01,03,106.8
1971,2004-04-01,03,107.2
1972,2004-05-01,03,106.4
1973,2004-06-01,03,107.2
1974,2004-07-01,03,106.8
1975,2004-08-01,03,106.5
1976,2004-09-01,03,106.5
1977,2004-10-01,03,106.3
1978,2004-11-01,03,105.8
1979,2004-12-01,03,106.6
1980,2005-01-01,03,106.6
1981,2005-02-01,03,106.4
1982,2005-03-01,03,105.8
1983,2005-04-01,03,106.3
1984,2005-05-01,03,106.1
1985,2005-06-01,03,105.6
1986,2005-07-01,03,106.1
1987,2005-08-01,03,104.3
1988,2005-09-01,03,105.9
1989,2005-10-01,03,104.9
1990,2005-11-01,03,105.6
1991,2005-12-01,03,104.7
1992,2006-01-01,03,104.4
1993,2006-02-01,03,105.5
1994,2006-03-01,03,104.2
1995,2006-04-01,03,105.3
1996,2006-05-01,03,105.1
1997,2006-06-01,03,104.4
1998,2006-07-01,03,105.0
1999,2006-08-01,03,103.5
2000,2006-09-01,03,104.5
2001,2006-10-01,03,103.0
2002,2006-11-01,03,104.1
2003,2006-12-01,03,102.7
2004,2007-01-01,03,103.9
2005,2007-02-01,03,102.7
2006,2007-03-01,03,103.1
2007,2007-04-01,03,103.2
2008,2007-05-01,03,103.3
2009,2007-06-01,03,103.3
2010,2007-07-01,03,102.7
2011,2007-08-01,03,102.3
2012,2007-09-01,03,103.2
2013,2007-10-01,03,102.2
2014,2007-11-01,03,102.9
2015,2007-12-01,03,102.0
2016,2008-01-01,03,102.4
2017,2008-02-01,03,102.9
2018,2008-03-01,03,102.1
2019,2008-04-01,03,102.7
2020,2008-05-01,03,102.6
2021,2008-06-01,03,102.7
2022,2008-07-01,03,102.3
2023,2008-08-01,03,101.9
2024,2008-09-01,03,101.7
2025,2008-10-01,03,102.3
2026,2008-11-01,03,102.3
2027,2008-12-01,03,101.5
2028,2009-01-01,03,101.6
2029,2009-02-01,03,102.2
2030,2009-03-01,03,101.5
2031,2009-04-01,03,102.1
2032,2009-05-01,03,101.9
2033,2009-06-01,03,101.6
2034,2009-07-01,03,101.4
2035,2009-08-01,03,101.1
2036,2009-09-01,03,100.7
2037,2009-10-01,03,100.7
2038,2009-11-01,03,101.2
2039,2009-12-01,03,100.2
2040,2010-01-01,03,101.2
2041,2010-02-01,03,100.1
2042,2010-03-01,03,100.0
2043,2010-04-01,03,100.5
2044,2010-05-01,03,100.3
2045,2010-06-01,03,99.5
2046,2010-07-01,03,100.1
2047,2010-08-01,03,99.2
2048,2010-09-01,03,100.4
2049,2010-10-01,03,100.2
2050,2010-11-01,03,99.8
2051,2010-12-01,03,98.8
2052,2011-01-01,03,99.9
2053,2011-02-01,03,100.1
2054,2011-03-01,03,99.8
2055,2011-04-01,03,99.8
2056,2011-05-01,03,99.8
2057,2011-06-01,03,99.8
2058,2011-07-01,03,99.6
2059,2011-08-01,03,99.3
2060,2011-09-01,03,99.8
2061,2011-10-01,03,99.7
2062,2011-11-01,03,99.9
2063,2011-12-01,03,99.6
2064,2012-01-01,03,99.4
2065,2012-02-01,03,99.8
2066,2012-03-01,03,99.4
2067,2012-04-01,03,99.5
2068,2012-05-01,03,99.5
2069,2012-06-01,03,99.2
2070,2012-07-01,03,99.1
2071,2012-08-01,03,98.7
2072,2012-09-01,03,99.1
2073,2012-10-01,03,99.0
2074,2012-11-01,03,99.0
2075,2012-12-01,03,98.6
2076,2013-01-01,03,98.9
2077,2013-02-01,03,98.6
2078,2013-03-01,03,98.9
2079,2013-04-01,03,98.8
2080,2013-05-01,03,98.8
2081,2013-06-01,03,98.6
2082,2013-07-01,03,98.3
2083,2013-08-01,03,98.3
2084,2013-09-01,03,98.6
2085,2013-10-01,03,98.6
2086,2013-11-01,03,98.7
2087,2013-12-01,03,98.3
2088,2014-01-01,03,98.7
2089,2014-02-01,03,98.8
2090,2014-03-01,03,98.8
2091,2014-04-01,03,98.7
2092,2014-05-01,03,98.6
2093,2014-06-01,03,98.5
2094,2014-07-01,03,98.1
2095,2014-08-01,03,98.1
2096,2014-09-01,03,98.3
2097,2014-10-01,03,98.2
2098,2014-11-01,03,98.3
2099,2014-12-01,03,98.0
2100,2015-01-01,03,98.6
2101,2015-02-01,03,98.2
2102,2015-03-01,03,98.6
2103,2015-04-01,03,99.4
2104,2015-05-01,03,99.5
2105,2015-06-01,03,99.2
2106,2015-07-01,03,99.0
2107,2015-08-01,03,98.8
2108,2015-09-01,03,99.0
2109,2015-10-01,03,98.9
2110,2015-11-01,03,98.9
2111,2015-12-01,03,98.8
2112,2016-01-01,03,99.0
2113,2016-02-01,03,98.7
2114,2016-03-01,03,98.6
2115,2016-04-01,03,98.7
2116,2016-05-01,03,98.6
2117,2016-06-01,03,98.6
2118,2016-07-01,03,98.4
2119,2016-08-01,03,98.2
2120,2016-09-01,03,98.4
2121,2016-10-01,03,98.4
2122,2016-11-01,03,98.4
2123,2016-12-01,03,98.3
2124,2017-01-01,03,98.3
2125,2017-02-01,03,98.5
2126,2017-03-01,03,98.4
2127,2017-04-01,03,98.6
2128,2017-05-01,03,98.4
2129,2017-06-01,03,98.2
2130,2017-07-01,03,98.0
2131,2017-08-01,03,97.9
2132,2017-09-01,03,98.1
2133,2017-10-01,03,98.0
2134,2017-11-01,03,97.9
2135,2017-12-01,03,97.8
2136,2018-01-01,03,98.0
2137,2018-02-01,03,97.8
2138,2018-03-01,03,97.7
2139,2018-04-01,03,97.8
2140,2018-05-01,03,97.7
2141,2018-06-01,03,95.2
2142,2018-07-01,03,95.1
2143,2018-08-01,03,95.1
2144,2018-09-01,03,95.0
2145,2018-10-01,03,95.0
2146,2018-11-01,03,94.9
2147,2018-12-01,03,94.7
2148,2019-01-01,03,94.8
2149,2019-02-01,03,94.7
2150,2019-03-01,03,94.8
2151,2019-04-01,03,94.7
2152,2019-05-01,03,94.6
2153,2019-06-01,03,94.5
2154,2019-07-01,03,94.1
2155,2019-08-01,03,94.1
2156,2019-09-01,03,94.1
2157,2019-10-01,03,93.8
2158,2019-11-01,03,93.9
2159,2019-12-01,03,93.8
2160,2020-01-01,03,93.7
2161,2020-02-01,03,93.7
2162,2020-03-01,03,93.6
2163,2020-04-01,03,93.6
2164,2020-05-01,03,93.6
2165,2020-06-01,03,93.5
2166,2020-07-01,03,93.5
2167,2020-08-01,03,93.5
2168,2020-09-01,03,93.5
2169,2020-10-01,03,93.4
2170,2020-11-01,03,93.4
2171,2020-12-01,03,93.4
2172,2021-01-01,03,93.3
2173,2021-02-01,03,93.3
2174,2021-03-01,03,93.3
2175,2021-04-01,03,93.2
2176,2021-05-01,03,93.1
2177,2021-06-01,03,93.1
2178,2021-07-01,03,93.1
2179,2021-08-01,03,93.1
2180,2021-09-01,03,93.0
2181,2021-10-01,03,93.0
2182,2021-11-01,03,93.0
2183,2021-12-01,03,93.0
2184,2022-01-01,03,93.0
2185,2022-02-01,03,93.1
2186,2022-03-01,03,93.0
2187,2022-04-01,03,93.0
2188,2022-05-01,03,93.1
2189,2022-06-01,03,93.3
2190,2022-07-01,03,93.4
2191,2022-08-01,03,93.4
2192,2022-09-01,03,93.4
2193,2022-10-01,03,93.4
2194,2022-11-01,03,93.4
2195,2022-12-01,03,93.4
2196,2023-01-01,03,93.5
2197,2023-02-01,03,93.5
2198,2023-03-01,03,93.5
2199,2023-04-01,03,93.5
2200,2023-05-01,03,93.5
2201,2023-06-01,03,93.4
2202,2023-07-01,03,93.5
2203,2023-08-01,03,93.4
2204,2023-09-01,03,93.5
2205,2023-10-01,03,93.4
2206,2023-11-01,03,93.4
2207,2023-12-01,03,93.4
2208,2024-01-01,03,93.3
2209,2024-02-01,03,93.3
2210,2024-03-01,03,93.3
2211,2024-04-01,03,93.2
2212,2024-05-01,03,93.3
2213,2024-06-01,03,93.3
2214,2024-07-01,03,93.3
2215,2024-08-01,03,93.2
2216,2024-09-01,03,93.2
2217,2024-10-01,03,93.2
2218,2024-11-01,03,93.1
2219,2024-12-01,03,92.9
2220,2025-01-01,03,93.0
2221,2025-02-01,03,93.1
2222,2025-03-01,03,93.1
2223,2025-04-01,03,93.1
2224,2025-05-01,03,93.1
2225,2025-06-01,03,93.0
2226,2025-07-01,03,93.1
2227,2025-08-01,03,93.1
2228,2025-09-01,03,93.0
2229,2025-10-01,03,92.9
2230,2025-11-01,03,93.0
2231,2025-12-01,03,93.0
2232,2026-01-01,03,93.0
2233,2026-02-01,03,93.1
2234,2026-03-01,03,93.0
2235,2026-04-01,03,93.0
2236,2026-05-01,03,93.0
2237,2026-06-01,03,93.0
2238,2026-07-01,03,93.2
2239,2026-08-01,03,93.2
2240,1980-01-01,04,47.3
2241,1980-02-01,04,47.5
2242,1980-03-01,04,47.5
2243,1980-04-01,04,47.5
2244,1980-05-01,04,48.2
2245,1980-06-01,04,49.3
2246,1980-07-01,04,49.4
2247,1980-08-01,04,49.6
2248,1980-09-01,04,49.8
2249,1980-10-01,04,49.9
2250,1980-11-01,04,50.0
2251,1980-12-01,04,50.1
2252,1981-01-01,04,52.2
2253,1981-02-01,04,52.2
2254,1981-03-01,04,52.2
2255,1981-04-01,04,52.2
2256,1981-05-01,04,52.7
2257,1981-06-01,04,53.1
2258,1981-07-01,04,54.7
2259,1981-08-01,04,54.7
2260,1981-09-01,04,54.7
2261,1981-10-01,04,54.7
2262,1981-11-01,04,54.7
2263,1981-12-01,04,54.7
2264,1982-01-01,04,56.3
2265,1982-02-01,04,56.3
2266,1982-03-01,04,56.3
2267,1982-04-01,04,56.3
2268,1982-05-01,04,56.3
2269,1982-06-01,04,56.7
2270,1982-07-01,04,57.9
2271,1982-08-01,04,57.8
2272,1982-09-01,04,57.8
2273,1982-10-01,04,57.9
2274,1982-11-01,04,57.9
2275,1982-12-01,04,57.9
2276,1983-01-01,04,59.5
2277,1983-02-01,04,59.6
2278,1983-03-01,04,59.8
2279,1983-04-01,04,59.8
2280,1983-05-01,04,59.8
2281,1983-06-01,04,59.8
2282,1983-07-01,04,62.0
2283,1983-08-01,04,62.0
2284,1983-09-01,04,62.0
2285,1983-10-01,04,62.1
2286,1983-11-01,04,62.2
2287,1983-12-01,04,62.2
2288,1984-01-01,04,64.1
2289,1984-02-01,04,64.2
2290,1984-03-01,04,64.4
2291,1984-04-01,04,64.4
2292,1984-05-01,04,64.4
2293,1984-06-01,04,64.4
2294,1984-07-01,04,65.9
2295,1984-08-01,04,65.9
2296,1984-09-01,04,65.9
2297,1984-10-01,04,65.9
2298,1984-11-01,04,65.9
2299,1984-12-01,04,65.9
2300,1985-01-01,04,66.9
2301,1985-02-01,04,66.9
2302,1985-03-01,04,66.9
2303,1985-04-01,04,66.9
2304,1985-05-01,04,66.9
2305,1985-06-01,04,67.0
2306,1985-07-01,04,68.6
2307,1985-08-01,04,68.5
2308,1985-09-01,04,68.5
2309,1985-10-01,04,68.5
2310,1985-11-01,04,68.5
2311,1985-12-01,04,68.5
2312,1986-01-01,04,68.5
2313,1986-02-01,04,68.5
2314,1986-03-01,04,68.3
2315,1986-04-01,04,68.2
2316,1986-05-01,04,68.2
2317,1986-06-01,04,68.1
2318,1986-07-01,04,68.4
2319,1986-08-01,04,68.4
2320,1986-09-01,04,68.4
2321,1986-10-01,04,68.4
2322,1986-11-01,04,68.3
2323,1986-12-01,04,68.3
2324,1987-01-01,04,68.3
2325,1987-02-01,04,68.3
2326,1987-03-01,04,68.3
2327,1987-04-01,04,68.3
2328,1987-05-01,04,68.3
2329,1987-06-01,04,68.3
2330,1987-07-01,04,67.5
2331,1987-08-01,04,67.5
2332,1987-09-01,04,67.5
2333,1987-10-01,04,67.5
2334,1987-11-01,04,67.5
2335,1987-12-01,04,67.5
2336,1988-01-01,04,66.9
2337,1988-02-01,04,66.9
2338,1988-03-01,04,67.0
2339,1988-04-01,04,66.9
2340,1988-05-01,04,66.9
2341,1988-06-01,04,66.4
2342,1988-07-01,04,66.4
2343,1988-08-01,04,66.4
2344,1988-09-01,04,66.1
2345,1988-10-01,04,66.1
2346,1988-11-01,04,66.1
2347,1988-12-01,04,65.9
2348,1989-01-01,04,66.0
2349,1989-02-01,04,66.1
2350,1989-03-01,04,66.2
2351,1989-04-01,04,66.2
2352,1989-05-01,04,66.2
2353,1989-06-01,04,65.9
2354,1989-07-01,04,65.9
2355,1989-08-01,04,65.9
2356,1989-09-01,04,65.9
2357,1989-10-01,04,65.9
2358,1989-11-01,04,65.9
2359,1989-12-01,04,65.8
2360,1990-01-01,04,65.9
2361,1990-02-01,04,65.9
2362,1990-03-01,04,66.0
2363,1990-04-01,04,66.1
2364,1990-05-01,04,66.1
2365,1990-06-01,04,66.2
2366,1990-07-01,04,66.2
2367,1990-08-01,04,66.3
2368,1990-09-01,04,66.2
2369,1990-10-01,04,66.4
2370,1990-11-01,04,66.7
2371,1990-12-01,04,66.7
2372,1991-01-01,04,67.0
2373,1991-02-01,04,67.8
2374,1991-03-01,04,67.8
2375,1991-04-01,04,67.7
2376,1991-05-01,04,68.2
2377,1991-06-01,04,68.1
2378,1991-07-01,04,68.2
2379,1991-08-01,04,68.6
2380,1991-09-01,04,68.6
2381,1991-10-01,04,68.6
2382,1991-11-01,04,69.1
2383,1991-12-01,04,69.1
2384,1992-01-01,04,67.0
2385,1992-02-01,04,67.8
2386,1992-03-01,04,67.8
2387,1992-04-01,04,67.7
2388,1992-05-01,04,68.2
2389,1992-06-01,04,68.1
2390,1992-07-01,04,68.2
2391,1992-08-01,04,68.6
2392,1992-09-01,04,68.6
2393,1992-10-01,04,68.6
2394,1992-11-01,04,69.1
2395,1992-12-01,04,69.1
2396,1993-01-01,04,71.9
2397,1993-02-01,04,72.6
2398,1993-03-01,04,72.7
2399,1993-04-01,04,72.7
2400,1993-05-01,04,73.2
2401,1993-06-01,04,73.2
2402,1993-07-01,04,73.3
2403,1993-08-01,04,73.6
2404,1993-09-01,04,73.6
2405,1993-10-01,04,73.6
2406,1993-11-01,04,74.1
2407,1993-12-01,04,73.8
2408,1994-01-01,04,73.9
2409,1994-02-01,04,74.3
2410,1994-03-01,04,74.3
2411,1994-04-01,04,74.4
2412,1994-05-01,04,74.8
2413,1994-06-01,04,74.8
2414,1994-07-01,04,74.6
2415,1994-08-01,04,75.3
2416,1994-09-01,04,75.3
2417,1994-10-01,04,75.6
2418,1994-11-01,04,76.2
2419,1994-12-01,04,76.2
2420,1995-01-01,04,76.4
2421,1995-02-01,04,76.8
2422,1995-03-01,04,76.8
2423,1995-04-01,04,77.0
2424,1995-05-01,04,77.3
2425,1995-06-01,04,77.4
2426,1995-07-01,04,77.4
2427,1995-08-01,04,77.9
2428,1995-09-01,04,77.9
2429,1995-10-01,04,77.9
2430,1995-11-01,04,78.5
2431,1995-12-01,04,78.5
2432,1996-01-01,04,78.5
2433,1996-02-01,04,79.4
2434,1996-03-01,04,79.0
2435,1996-04-01,04,79.0
2436,1996-05-01,04,80.0
2437,1996-06-01,04,80.0
2438,1996-07-01,04,80.0
2439,1996-08-01,04,80.6
2440,1996-09-01,04,80.6
2441,1996-10-01,04,80.7
2442,1996-11-01,04,81.0
2443,1996-12-01,04,80.7
2444,1997-01-01,04,80.7
2445,1997-02-01,04,81.4
2446,1997-03-01,04,81.4
2447,1997-04-01,04,81.4
2448,1997-05-01,04,82.6
2449,1997-06-01,04,82.7
2450,1997-07-01,04,82.7
2451,1997-08-01,04,83.2
2452,1997-09-01,04,83.2
2453,1997-10-01,04,83.3
2454,1997-11-01,04,84.0
2455,1997-12-01,04,84.1
2456,1998-01-01,04,84.1
2457,1998-02-01,04,85.3
2458,1998-03-01,04,85.3
2459,1998-04-01,04,85.3
2460,1998-05-01,04,86.3
2461,1998-06-01,04,86.3
2462,1998-07-01,04,86.3
2463,1998-08-01,04,86.8
2464,1998-09-01,04,86.8
2465,1998-10-01,04,86.8
2466,1998-11-01,04,87.0
2467,1998-12-01,04,87.0
2468,1999-01-01,04,87.0
2469,1999-02-01,04,87.3
2470,1999-03-01,04,87.3
2471,1999-04-01,04,87.3
2472,1999-05-01,04,87.4
2473,1999-06-01,04,87.4
2474,1999-07-01,04,87.5
2475,1999-08-01,04,87.7
2476,1999-09-01,04,87.7
2477,1999-10-01,04,87.7
2478,1999-11-01,04,87.8
2479,1999-12-01,04,87.9
2480,2000-01-01,04,87.9
2481,2000-02-01,04,88.4
2482,2000-03-01,04,88.4
2483,2000-04-01,04,88.4
2484,2000-05-01,04,88.7
2485,2000-06-01,04,88.7
2486,2000-07-01,04,88.8
2487,2000-08-01,04,89.0
2488,2000-09-01,04,89.0
2489,2000-10-01,04,89.2
2490,2000-11-01,04,89.4
2491,2000-12-01,04,89.4
2492,2001-01-01,04,89.4
2493,2001-02-01,04,89.7
2494,2001-03-01,04,89.7
2495,2001-04-01,04,89.8
2496,2001-05-01,04,90.1
2497,2001-06-01,04,90.1
2498,2001-07-01,04,90.1
2499,2001-08-01,04,90.2
2500,2001-09-01,04,90.2
2501,2001-10-01,04,90.2
2502,2001-11-01,04,90.3
2503,2001-12-01,04,90.3
2504,2002-01-01,04,90.3
2505,2002-02-01,04,90.5
2506,2002-03-01,04,90.5
2507,2002-04-01,04,90.5
2508,2002-05-01,04,90.7
2509,2002-06-01,04,90.7
2510,2002-07-01,04,90.7
2511,2002-08-01,04,90.7
2512,2002-09-01,04,90.7
2513,2002-10-01,04,90.7
2514,2002-11-01,04,90.8
2515,2002-12-01,04,90.8
2516,2003-01-01,04,92.1
2517,2003-02-01,04,91.9
2518,2003-03-01,04,91.9
2519,2003-04-01,04,91.9
2520,2003-05-01,04,91.6
2521,2003-06-01,04,91.6
2522,2003-07-01,04,91.6
2523,2003-08-01,04,91.1
2524,2003-09-01,04,91.1
2525,2003-10-01,04,91.0
2526,2003-11-01,04,90.5
2527,2003-12-01,04,90.5
2528,2004-01-01,04,92.4
2529,2004-02-01,04,92.4
2530,2004-03-01,04,92.5
2531,2004-04-01,04,92.6
2532,2004-05-01,04,92.4
2533,2004-06-01,04,92.4
2534,2004-07-01,04,92.3
2535,2004-08-01,04,92.1
2536,2004-09-01,04,92.1
2537,2004-10-01,04,92.1
2538,2004-11-01,04,92.0
2539,2004-12-01,04,92.0
2540,2005-01-01,04,92.8
2541,2005-02-01,04,93.0
2542,2005-03-01,04,93.1
2543,2005-04-01,04,93.1
2544,2005-05-01,04,93.3
2545,2005-06-01,04,93.3
2546,2005-07-01,04,93.3
2547,2005-08-01,04,93.6
2548,2005-09-01,04,93.7
2549,2005-10-01,04,93.7
2550,2005-11-01,04,93.8
2551,2005-12-01,04,93.8
2552,2006-01-01,04,93.8
2553,2006-02-01,04,94.0
2554,2006-03-01,04,94.5
2555,2006-04-01,04,94.5
2556,2006-05-01,04,94.7
2557,2006-06-01,04,95.0
2558,2006-07-01,04,95.0
2559,2006-08-01,04,95.1
2560,2006-09-01,04,95.1
2561,2006-10-01,04,95.1
2562,2006-11-01,04,95.3
2563,2006-12-01,04,95.4
2564,2007-01-01,04,95.4
2565,2007-02-01,04,95.7
2566,2007-03-01,04,95.7
2567,2007-04-01,04,95.7
2568,2007-05-01,04,96.0
2569,2007-06-01,04,96.0
2570,2007-07-01,04,96.0
2571,2007-08-01,04,96.3
2572,2007-09-01,04,96.3
2573,2007-10-01,04,96.3
2574,2007-11-01,04,96.5
2575,2007-12-01,04,96.5
2576,2008-01-01,04,96.5
2577,2008-02-01,04,97.0
2578,2008-03-01,04,97.0
2579,2008-04-01,04,97.0
2580,2008-05-01,04,97.4
2581,2008-06-01,04,97.0
2582,2008-07-01,04,97.7
2583,2008-08-01,04,97.9
2584,2008-09-01,04,98.0
2585,2008-10-01,04,98.0
2586,2008-11-01,04,98.2
2587,2008-12-01,04,98.2
2588,2009-01-01,04,98.2
2589,2009-02-01,04,98.5
2590,2009-03-01,04,98.4
2591,2009-04-01,04,98.4
2592,2009-05-01,04,99.0
2593,2009-06-01,04,99.0
2594,2009-07-01,04,99.0
2595,2009-08-01,04,99.1
2596,2009-09-01,04,99.1
2597,2009-10-01,04,99.1
2598,2009-11-01,04,99.3
2599,2009-12-01,04,99.3
2600,2010-01-01,04,99.4
2601,2010-02-01,04,99.6
2602,2010-03-01,04,99.6
2603,2010-04-01,04,99.6
2604,2010-05-01,04,99.8
2605,2010-06-01,04,99.8
2606,2010-07-01,04,99.9
2607,2010-08-01,04,100.3
2608,2010-09-01,04,100.3
2609,2010-10-01,04,100.3
2610,2010-11-01,04,100.7
2611,2010-12-01,04,100.8
2612,2011-01-01,04,100.8
2613,2011-02-01,04,101.1
2614,2011-03-01,04,101.2
2615,2011-04-01,04,101.2
2616,2011-05-01,04,101.6
2617,2011-06-01,04,101.7
2618,2011-07-01,04,101.8
2619,2011-08-01,04,102.3
2620,2011-09-01,04,102.3
2621,2011-10-01,04,102.3
2622,2011-11-01,04,102.5
2623,2011-12-01,04,102.5
2624,2012-01-01,04,102.6
2625,2012-02-01,04,103.0
2626,2012-03-01,04,103.0
2627,2012-04-01,04,103.0
2628,2012-05-01,04,103.2
2629,2012-06-01,04,103.2
2630,2012-07-01,04,103.3
2631,2012-08-01,04,103.8
2632,2012-09-01,04,103.8
2633,2012-10-01,04,103.8
2634,2012-11-01,04,104.0
2635,2012-12-01,04,104.0
2636,2013-01-01,04,104.0
2637,2013-02-01,04,104.3
2638,2013-03-01,04,104.3
2639,2013-04-01,04,104.3
2640,2013-05-01,04,105.3
2641,2013-06-01,04,105.3
2642,2013-07-01,04,105.3
2643,2013-08-01,04,105.7
2644,2013-09-01,04,105.7
2645,2013-10-01,04,105.7
2646,2013-11-01,04,106.4
2647,2013-12-01,04,106.5
2648,2014-01-01,04,107.3
2649,2014-02-01,04,108.0
2650,2014-03-01,04,108.1
2651,2014-04-01,04,108.1
2652,2014-05-01,04,108.6
2653,2014-06-01,04,108.7
2654,2014-07-01,04,108.7
2655,2014-08-01,04,109.3
2656,2014-09-01,04,109.3
2657,2014-10-01,04,109.3
2658,2014-11-01,04,110.1
2659,2014-12-01,04,110.1
2660,2015-01-01,04,109.6
2661,2015-02-01,04,110.6
2662,2015-03-01,04,110.2
2663,2015-04-01,04,110.6
2664,2015-05-01,04,111.4
2665,2015-06-01,04,111.4
2666,2015-07-01,04,111.4
2667,2015-08-01,04,112.2
2668,2015-09-01,04,112.2
2669,2015-10-01,04,112.2
2670,2015-11-01,04,112.8
2671,2015-12-01,04,112.8
2672,2016-01-01,04,113.0
2673,2016-02-01,04,113.5
2674,2016-03-01,04,113.6
2675,2016-04-01,04,113.5
2676,2016-05-01,04,114.1
2677,2016-06-01,04,114.1
2678,2016-07-01,04,114.1
2679,2016-08-01,04,114.6
2680,2016-09-01,04,114.6
2681,2016-10-01,04,114.6
2682,2016-11-01,04,115.2
2683,2016-12-01,04,115.2
2684,2017-01-01,04,115.2
2685,2017-02-01,04,116.0
2686,2017-03-01,04,116.1
2687,2017-04-01,04,116.1
2688,2017-05-01,04,116.6
2689,2017-06-01,04,116.6
2690,2017-07-01,04,116.6
2691,2017-08-01,04,117.3
2692,2017-09-01,04,117.3
2693,2017-10-01,04,117.3
2694,2017-11-01,04,117.7
2695,2017-12-01,04,117.7
2696,2018-01-01,04,117.7
2697,2018-02-01,04,118.3
2698,2018-03-01,04,118.3
2699,2018-04-01,04,118.3
2700,2018-05-01,04,119.0
2701,2018-06-01,04,118.4
2702,2018-07-01,04,118.9
2703,2018-08-01,04,119.6
2704,2018-09-01,04,119.8
2705,2018-10-01,04,119.8
2706,2018-11-01,04,120.1
2707,2018-12-01,04,120.1
2708,2019-01-01,04,120.1
2709,2019-02-01,04,120.7
2710,2019-03-01,04,120.7
2711,2019-04-01,04,120.7
2712,2019-05-01,04,121.1
2713,2019-06-01,04,121.1
2714,2019-07-01,04,121.1
2715,2019-08-01,04,121.7
2716,2019-09-01,04,121.7
2717,2019-10-01,04,121.7
2718,2019-11-01,04,122.2
2719,2019-12-01,04,122.2
2720,2020-01-01,04,122.2
2721,2020-02-01,04,122.6
2722,2020-03-01,04,122.6
2723,2020-04-01,04,118.0
2724,2020-05-01,04,117.9
2725,2020-06-01,04,117.9
2726,2020-07-01,04,117.9
2727,2020-08-01,04,118.1
2728,2020-09-01,04,118.1
2729,2020-10-01,04,118.1
2730,2020-11-01,04,118.2
2731,2020-12-01,04,118.2
2732,2021-01-01,04,121.3
2733,2021-02-01,04,121.6
2734,2021-03-01,04,121.6
2735,2021-04-01,04,121.7
2736,2021-05-01,04,121.7
2737,2021-06-01,04,121.7
2738,2021-07-01,04,118.7
2739,2021-08-01,04,118.8
2740,2021-09-01,04,118.9
2741,2021-10-01,04,121.9
2742,2021-11-01,04,122.2
2743,2021-12-01,04,122.2
2744,2022-01-01,04,122.2
2745,2022-02-01,04,122.6
2746,2022-03-01,04,122.7
2747,2022-04-01,04,122.7
2748,2022-05-01,04,123.1
2749,2022-06-01,04,123.1
2750,2022-07-01,04,123.2
2751,2022-08-01,04,123.7
2752,2022-09-01,04,123.7
2753,2022-10-01,04,123.7
2754,2022-11-01,04,123.9
2755,2022-12-01,04,124.0
2756,2023-01-01,04,124.0
2757,2023-02-01,04,124.7
2758,2023-03-01,04,124.7
2759,2023-04-01,04,124.7
2760,2023-05-01,04,125.3
2761,2023-06-01,04,125.3
2762,2023-07-01,04,125.3
2763,2023-08-01,04,125.7
2764,2023-09-01,04,125.7
2765,2023-10-01,04,125.7
2766,2023-11-01,04,126.0
2767,2023-12-01,04,126.0
2768,2024-01-01,04,126.5
2769,2024-02-01,04,128.1
2770,2024-03-01,04,128.5
2771,2024-04-01,04,128.5
2772,2024-05-01,04,129.3
2773,2024-06-01,04,129.3
2774,2024-07-01,04,129.3
2775,2024-08-01,04,129.6
2776,2024-09-01,04,129.6
2777,2024-10-01,04,129.6
2778,2024-11-01,04,130.0
2779,2024-12-01,04,130.0
2780,2025-01-01,04,130.1
2781,2025-02-01,04,131.0
2782,2025-03-01,04,131.0
2783,2025-04-01,04,131.1
2784,2025-05-01,04,131.5
2785,2025-06-01,04,131.5
2786,2025-07-01,04,131.0
2787,2025-08-01,04,131.2
2788,2025-09-01,04,131.6
2789,2025-10-01,04,131.0
2790,2025-11-01,04,130.9
2791,2025-12-01,04,131.2
2792,2026-01-01,04,131.6
2793,2026-02-01,04,132.5
2794,2026-03-01,04,132.6
2795,2026-04-01,04,132.5
2796,2026-05-01,04,133.1
2797,2026-06-01,04,133.3
2798,2026-07-01,04,133.4
2799,2026-08-01,04,134.0
2800,1980-01-01,05,58.3
2801,1980-02-01,05,58.5
2802,1980-03-01,05,58.9
2803,1980-04-01,05,59.0
2804,1980-05-01,05,59.4
2805,1980-06-01,05,60.0
2806,1980-07-01,05,60.4
2807,1980-08-01,05,60.7
2808,1980-09-01,05,60.9
2809,1980-10-01,05,61.3
2810,1980-11-01,05,61.6
2811,1980-12-01,05,61.9
2812,1981-01-01,05,62.3
2813,1981-02-01,05,62.6
2814,1981-03-01,05,63.1
2815,1981-04-01,05,63.4
2816,1981-05-01,05,63.6
2817,1981-06-01,05,64.0
2818,1981-07-01,05,64.5
2819,1981-08-01,05,64.7
2820,1981-09-01,05,64.9
2821,1981-10-01,05,65.0
2822,1981-11-01,05,65.1
2823,1981-12-01,05,65.2
2824,1982-01-01,05,65.5
2825,1982-02-01,05,65.6
2826,1982-03-01,05,65.7
2827,1982-04-01,05,65.8
2828,1982-05-01,05,65.9
2829,1982-06-01,05,66.0
2830,1982-07-01,05,66.2
2831,1982-08-01,05,66.3
2832,1982-09-01,05,66.2
2833,1982-10-01,05,66.3
2834,1982-11-01,05,66.8
2835,1982-12-01,05,66.9
2836,1983-01-01,05,67.4
2837,1983-02-01,05,67.5
2838,1983-03-01,05,67.6
2839,1983-04-01,05,67.6
2840,1983-05-01,05,67.7
2841,1983-06-01,05,67.8
2842,1983-07-01,05,67.9
2843,1983-08-01,05,67.9
2844,1983-09-01,05,67.9
2845,1983-10-01,05,68.0
2846,1983-11-01,05,68.0
2847,1983-12-01,05,68.1
2848,1984-01-01,05,67.9
2849,1984-02-01,05,67.9
2850,1984-03-01,05,67.9
2851,1984-04-01,05,68.0
2852,1984-05-01,05,68.0
2853,1984-06-01,05,68.0
2854,1984-07-01,05,68.0
2855,1984-08-01,05,68.0
2856,1984-09-01,05,68.0
2857,1984-10-01,05,68.0
2858,1984-11-01,05,68.0
2859,1984-12-01,05,68.0
2860,1985-01-01,05,68.0
2861,1985-02-01,05,68.0
2862,1985-03-01,05,68.0
2863,1985-04-01,05,68.0
2864,1985-05-01,05,68.1
2865,1985-06-01,05,68.0
2866,1985-07-01,05,68.2
2867,1985-08-01,05,68.1
2868,1985-09-01,05,68.1
2869,1985-10-01,05,68.1
2870,1985-11-01,05,68.1
2871,1985-12-01,05,68.0
2872,1986-01-01,05,68.1
2873,1986-02-01,05,68.2
2874,1986-03-01,05,68.2
2875,1986-04-01,05,68.2
2876,1986-05-01,05,68.2
2877,1986-06-01,05,68.2
2878,1986-07-01,05,68.6
2879,1986-08-01,05,68.8
2880,1986-09-01,05,68.8
2881,1986-10-01,05,68.8
2882,1986-11-01,05,69.0
2883,1986-12-01,05,68.8
2884,1987-01-01,05,69.0
2885,1987-02-01,05,69.0
2886,1987-03-01,05,69.0
2887,1987-04-01,05,69.2
2888,1987-05-01,05,69.3
2889,1987-06-01,05,69.4
2890,1987-07-01,05,69.4
2891,1987-08-01,05,69.5
2892,1987-09-01,05,69.5
2893,1987-10-01,05,69.6
2894,1987-11-01,05,69.7
2895,1987-12-01,05,69.7
2896,1988-01-01,05,70.0
2897,1988-02-01,05,70.1
2898,1988-03-01,05,70.4
2899,1988-04-01,05,70.8
2900,1988-05-01,05,71.2
2901,1988-06-01,05,71.4
2902,1988-07-01,05,71.7
2903,1988-08-01,05,71.9
2904,1988-09-01,05,72.1
2905,1988-10-01,05,72.1
2906,1988-11-01,05,72.2
2907,1988-12-01,05,72.3
2908,1989-01-01,05,72.6
2909,1989-02-01,05,72.6
2910,1989-03-01,05,72.8
2911,1989-04-01,05,73.0
2912,1989-05-01,05,73.1
2913,1989-06-01,05,73.2
2914,1989-07-01,05,73.5
2915,1989-08-01,05,73.6
2916,1989-09-01,05,73.6
2917,1989-10-01,05,73.7
2918,1989-11-01,05,73.8
2919,1989-12-01,05,73.8
2920,1990-01-01,05,74.0
2921,1990-02-01,05,74.5
2922,1990-03-01,05,74.5
2923,1990-04-01,05,74.5
2924,1990-05-01,05,74.6
2925,1990-06-01,05,74.5
2926,1990-07-01,05,74.6
2927,1990-08-01,05,74.6
2928,1990-09-01,05,74.7
2929,1990-10-01,05,74.8
2930,1990-11-01,05,75.0
2931,1990-12-01,05,75.3
2932,1991-01-01,05,75.5
2933,1991-02-01,05,76.9
2934,1991-03-01,05,77.2
2935,1991-04-01,05,77.7
2936,1991-05-01,05,77.9
2937,1991-06-01,05,78.1
2938,1991-07-01,05,78.5
2939,1991-08-01,05,78.5
2940,1991-09-01,05,78.6
2941,1991-10-01,05,78.7
2942,1991-11-01,05,78.8
2943,1991-12-01,05,78.8
2944,1992-01-01,05,75.5
2945,1992-02-01,05,76.9
2946,1992-03-01,05,77.2
2947,1992-04-01,05,77.7
2948,1992-05-01,05,77.9
2949,1992-06-01,05,78.1
2950,1992-07-01,05,78.5
2951,1992-08-01,05,78.5
2952,1992-09-01,05,78.6
2953,1992-10-01,05,78.7
2954,1992-11-01,05,78.8
2955,1992-12-01,05,78.8
2956,1993-01-01,05,80.0
2957,1993-02-01,05,80.2
2958,1993-03-01,05,80.3
2959,1993-04-01,05,80.5
2960,1993-05-01,05,80.6
2961,1993-06-01,05,81.0
2962,1993-07-01,05,81.4
2963,1993-08-01,05,81.7
2964,1993-09-01,05,81.7
2965,1993-10-01,05,81.8
2966,1993-11-01,05,81.8
2967,1993-12-01,05,82.0
2968,1994-01-01,05,82.1
2969,1994-02-01,05,82.2
2970,1994-03-01,05,82.1
2971,1994-04-01,05,82.2
2972,1994-05-01,05,82.2
2973,1994-06-01,05,82.2
2974,1994-07-01,05,82.4
2975,1994-08-01,05,82.5
2976,1994-09-01,05,82.5
2977,1994-10-01,05,82.6
2978,1994-11-01,05,82.7
2979,1994-12-01,05,82.6
2980,1995-01-01,05,82.6
2981,1995-02-01,05,82.6
2982,1995-03-01,05,83.1
2983,1995-04-01,05,83.1
2984,1995-05-01,05,85.3
2985,1995-06-01,05,85.3
2986,1995-07-01,05,85.6
2987,1995-08-01,05,85.6
2988,1995-09-01,05,85.7
2989,1995-10-01,05,85.7
2990,1995-11-01,05,85.7
2991,1995-12-01,05,85.7
2992,1996-01-01,05,85.6
2993,1996-02-01,05,85.5
2994,1996-03-01,05,85.6
2995,1996-04-01,05,85.6
2996,1996-05-01,05,85.5
2997,1996-06-01,05,85.5
2998,1996-07-01,05,85.7
2999,1996-08-01,05,85.7
3000,1996-09-01,05,85.7
3001,1996-10-01,05,85.6
3002,1996-11-01,05,85.6
3003,1996-12-01,05,85.6
3004,1997-01-01,05,85.6
3005,1997-02-01,05,85.7
3006,1997-03-01,05,85.7
3007,1997-04-01,05,85.7
3008,1997-05-01,05,85.6
3009,1997-06-01,05,85.6
3010,1997-07-01,05,85.5
3011,1997-08-01,05,85.4
3012,1997-09-01,05,85.4
3013,1997-10-01,05,85.9
3014,1997-11-01,05,86.1
3015,1997-12-01,05,86.4
3016,1998-01-01,05,86.7
3017,1998-02-01,05,87.4
3018,1998-03-01,05,88.3
3019,1998-04-01,05,88.7
3020,1998-05-01,05,89.1
3021,1998-06-01,05,89.2
3022,1998-07-01,05,89.5
3023,1998-08-01,05,89.7
3024,1998-09-01,05,89.8
3025,1998-10-01,05,89.9
3026,1998-11-01,05,90.0
3027,1998-12-01,05,90.0
3028,1999-01-01,05,90.1
3029,1999-02-01,05,90.2
3030,1999-03-01,05,90.2
3031,1999-04-01,05,90.2
3032,1999-05-01,05,90.2
3033,1999-06-01,05,90.4
3034,1999-07-01,05,90.2
3035,1999-08-01,05,90.2
3036,1999-09-01,05,90.2
3037,1999-10-01,05,90.1
3038,1999-11-01,05,90.2
3039,1999-12-01,05,90.1
3040,2000-01-01,05,90.3
3041,2000-02-01,05,90.3
3042,2000-03-01,05,90.3
3043,2000-04-01,05,90.3
3044,2000-05-01,05,90.3
3045,2000-06-01,05,90.3
3046,2000-07-01,05,90.3
3047,2000-08-01,05,90.1
3048,2000-09-01,05,90.1
3049,2000-10-01,05,90.1
3050,2000-11-01,05,90.0
3051,2000-12-01,05,90.0
3052,2001-01-01,05,90.1
3053,2001-02-01,05,90.4
3054,2001-03-01,05,90.3
3055,2001-04-01,05,90.4
3056,2001-05-01,05,90.4
3057,2001-06-01,05,90.4
3058,2001-07-01,05,90.5
3059,2001-08-01,05,90.3
3060,2001-09-01,05,90.4
3061,2001-10-01,05,90.4
3062,2001-11-01,05,90.3
3063,2001-12-01,05,90.1
3064,2002-01-01,05,90.1
3065,2002-02-01,05,90.1
3066,2002-03-01,05,90.0
3067,2002-04-01,05,90.0
3068,2002-05-01,05,90.0
3069,2002-06-01,05,89.9
3070,2002-07-01,05,89.9
3071,2002-08-01,05,89.7
3072,2002-09-01,05,89.8
3073,2002-10-01,05,89.7
3074,2002-11-01,05,89.7
3075,2002-12-01,05,89.7
3076,2003-01-01,05,91.7
3077,2003-02-01,05,91.5
3078,2003-03-01,05,91.3
3079,2003-04-01,05,90.7
3080,2003-05-01,05,90.5
3081,2003-06-01,05,90.4
3082,2003-07-01,05,89.9
3083,2003-08-01,05,89.6
3084,2003-09-01,05,89.3
3085,2003-10-01,05,88.7
3086,2003-11-01,05,88.2
3087,2003-12-01,05,88.2
3088,2004-01-01,05,90.3
3089,2004-02-01,05,90.4
3090,2004-03-01,05,90.4
3091,2004-04-01,05,90.6
3092,2004-05-01,05,90.6
3093,2004-06-01,05,90.6
3094,2004-07-01,05,90.4
3095,2004-08-01,05,90.5
3096,2004-09-01,05,90.4
3097,2004-10-01,05,90.5
3098,2004-11-01,05,90.3
3099,2004-12-01,05,90.4
3100,2005-01-01,05,90.8
3101,2005-02-01,05,91.0
3102,2005-03-01,05,91.0
3103,2005-04-01,05,91.4
3104,2005-05-01,05,91.5
3105,2005-06-01,05,91.6
3106,2005-07-01,05,91.7
3107,2005-08-01,05,91.7
3108,2005-09-01,05,91.8
3109,2005-10-01,05,91.9
3110,2005-11-01,05,92.2
3111,2005-12-01,05,92.2
3112,2006-01-01,05,92.2
3113,2006-02-01,05,92.3
3114,2006-03-01,05,92.3
3115,2006-04-01,05,92.5
3116,2006-05-01,05,92.5
3117,2006-06-01,05,92.6
3118,2006-07-01,05,92.7
3119,2006-08-01,05,92.6
3120,2006-09-01,05,92.8
3121,2006-10-01,05,92.9
3122,2006-11-01,05,92.9
3123,2006-12-01,05,92.9
3124,2007-01-01,05,93.2
3125,2007-02-01,05,93.1
3126,2007-03-01,05,93.4
3127,2007-04-01,05,93.4
3128,2007-05-01,05,93.4
3129,2007-06-01,05,93.5
3130,2007-07-01,05,93.7
3131,2007-08-01,05,93.7
3132,2007-09-01,05,93.8
3133,2007-10-01,05,93.8
3134,2007-11-01,05,94.0
3135,2007-12-01,05,94.0
3136,2008-01-01,05,94.3
3137,2008-02-01,05,94.6
3138,2008-03-01,05,94.8
3139,2008-04-01,05,95.1
3140,2008-05-01,05,95.2
3141,2008-06-01,05,96.0
3142,2008-07-01,05,97.0
3143,2008-08-01,05,97.4
3144,2008-09-01,05,97.6
3145,2008-10-01,05,98.0
3146,2008-11-01,05,98.3
3147,2008-12-01,05,98.4
3148,2009-01-01,05,98.9
3149,2009-02-01,05,99.1
3150,2009-03-01,05,99.1
3151,2009-04-01,05,99.3
3152,2009-05-01,05,99.3
3153,2009-06-01,05,99.4
3154,2009-07-01,05,99.3
3155,2009-08-01,05,99.4
3156,2009-09-01,05,99.4
3157,2009-10-01,05,99.5
3158,2009-11-01,05,99.6
3159,2009-12-01,05,99.5
3160,2010-01-01,05,100.0
3161,2010-02-01,05,99.9
3162,2010-03-01,05,100.0
3163,2010-04-01,05,100.0
3164,2010-05-01,05,99.1
3165,2010-06-01,05,99.9
3166,2010-07-01,05,100.1
3167,2010-08-01,05,100.0
3168,2010-09-01,05,100.1
3169,2010-10-01,05,100.1
3170,2010-11-01,05,100.1
3171,2010-12-01,05,100.0
3172,2011-01-01,05,101.0
3173,2011-02-01,05,101.1
3174,2011-03-01,05,101.1
3175,2011-04-01,05,101.2
3176,2011-05-01,05,101.4
3177,2011-06-01,05,101.6
3178,2011-07-01,05,102.1
3179,2011-08-01,05,102.1
3180,2011-09-01,05,102.3
3181,2011-10-01,05,102.3
3182,2011-11-01,05,102.4
3183,2011-12-01,05,102.5
3184,2012-01-01,05,102.9
3185,2012-02-01,05,103.3
3186,2012-03-01,05,103.5
3187,2012-04-01,05,103.6
3188,2012-05-01,05,103.7
3189,2012-06-01,05,103.8
3190,2012-07-01,05,103.8
3191,2012-08-01,05,104.0
3192,2012-09-01,05,104.3
3193,2012-10-01,05,104.2
3194,2012-11-01,05,104.2
3195,2012-12-01,05,104.1
3196,2013-01-01,05,104.6
3197,2013-02-01,05,104.9
3198,2013-03-01,05,105.3
3199,2013-04-01,05,105.4
3200,2013-05-01,05,105.3
3201,2013-06-01,05,105.5
3202,2013-07-01,05,105.5
3203,2013-08-01,05,105.5
3204,2013-09-01,05,105.7
3205,2013-10-01,05,105.7
3206,2013-11-01,05,105.9
3207,2013-12-01,05,105.8
3208,2014-01-01,05,106.3
3209,2014-02-01,05,106.5
3210,2014-03-01,05,106.5
3211,2014-04-01,05,106.5
3212,2014-05-01,05,106.6
3213,2014-06-01,05,106.6
3214,2014-07-01,05,106.3
3215,2014-08-01,05,106.7
3216,2014-09-01,05,106.7
3217,2014-10-01,05,106.6
3218,2014-11-01,05,106.7
3219,2014-12-01,05,106.4
3220,2015-01-01,05,106.8
3221,2015-02-01,05,106.6
3222,2015-03-01,05,106.7
3223,2015-04-01,05,109.0
3224,2015-05-01,05,109.4
3225,2015-06-01,05,110.0
3226,2015-07-01,05,110.4
3227,2015-08-01,05,110.7
3228,2015-09-01,05,110.7
3229,2015-10-01,05,110.6
3230,2015-11-01,05,110.8
3231,2015-12-01,05,110.9
3232,2016-01-01,05,111.2
3233,2016-02-01,05,111.6
3234,2016-03-01,05,111.7
3235,2016-04-01,05,111.8
3236,2016-05-01,05,111.8
3237,2016-06-01,05,111.9
3238,2016-07-01,05,112.1
3239,2016-08-01,05,112.1
3240,2016-09-01,05,112.1
3241,2016-10-01,05,112.3
3242,2016-11-01,05,112.4
3243,2016-12-01,05,112.5
3244,2017-01-01,05,112.9
3245,2017-02-01,05,113.3
3246,2017-03-01,05,113.4
3247,2017-04-01,05,113.9
3248,2017-05-01,05,114.2
3249,2017-06-01,05,114.2
3250,2017-07-01,05,115.0
3251,2017-08-01,05,115.1
3252,2017-09-01,05,115.2
3253,2017-10-01,05,115.2
3254,2017-11-01,05,115.2
3255,2017-12-01,05,115.2
3256,2018-01-01,05,115.8
3257,2018-02-01,05,115.7
3258,2018-03-01,05,115.8
3259,2018-04-01,05,115.9
3260,2018-05-01,05,115.9
3261,2018-06-01,05,113.1
3262,2018-07-01,05,113.1
3263,2018-08-01,05,113.2
3264,2018-09-01,05,114.3
3265,2018-10-01,05,114.8
3266,2018-11-01,05,115.1
3267,2018-12-01,05,115.3
3268,2019-01-01,05,115.5
3269,2019-02-01,05,115.8
3270,2019-03-01,05,116.1
3271,2019-04-01,05,116.1
3272,2019-05-01,05,116.5
3273,2019-06-01,05,116.6
3274,2019-07-01,05,116.8
3275,2019-08-01,05,116.8
3276,2019-09-01,05,116.7
3277,2019-10-01,05,116.7
3278,2019-11-01,05,116.8
3279,2019-12-01,05,116.9
3280,2020-01-01,05,116.9
3281,2020-02-01,05,117.0
3282,2020-03-01,05,117.0
3283,2020-04-01,05,116.5
3284,2020-05-01,05,116.3
3285,2020-06-01,05,116.4
3286,2020-07-01,05,116.7
3287,2020-08-01,05,116.7
3288,2020-09-01,05,116.8
3289,2020-10-01,05,116.8
3290,2020-11-01,05,116.7
3291,2020-12-01,05,116.8
3292,2021-01-01,05,117.1
3293,2021-02-01,05,117.3
3294,2021-03-01,05,118.0
3295,2021-04-01,05,118.4
3296,2021-05-01,05,118.7
3297,2021-06-01,05,118.7
3298,2021-07-01,05,118.7
3299,2021-08-01,05,118.7
3300,2021-09-01,05,118.8
3301,2021-10-01,05,119.3
3302,2021-11-01,05,119.7
3303,2021-12-01,05,120.0
3304,2022-01-01,05,120.7
3305,2022-02-01,05,121.0
3306,2022-03-01,05,121.5
3307,2022-04-01,05,121.6
3308,2022-05-01,05,122.2
3309,2022-06-01,05,122.7
3310,2022-07-01,05,123.4
3311,2022-08-01,05,123.8
3312,2022-09-01,05,124.0
3313,2022-10-01,05,124.2
3314,2022-11-01,05,124.3
3315,2022-12-01,05,124.4
3316,2023-01-01,05,124.9
3317,2023-02-01,05,125.1
3318,2023-03-01,05,125.3
3319,2023-04-01,05,125.3
3320,2023-05-01,05,125.5
3321,2023-06-01,05,125.5
3322,2023-07-01,05,125.7
3323,2023-08-01,05,125.9
3324,2023-09-01,05,125.9
3325,2023-10-01,05,126.0
3326,2023-11-01,05,126.1
3327,2023-12-01,05,126.1
3328,2024-01-01,05,126.1
3329,2024-02-01,05,126.2
3330,2024-03-01,05,126.4
3331,2024-04-01,05,126.5
3332,2024-05-01,05,126.5
3333,2024-06-01,05,126.6
3334,2024-07-01,05,126.8
3335,2024-08-01,05,126.8
3336,2024-09-01,05,126.7
3337,2024-10-01,05,126.6
3338,2024-11-01,05,126.7
3339,2024-12-01,05,126.6
3340,2025-01-01,05,126.7
3341,2025-02-01,05,126.6
3342,2025-03-01,05,126.7
3343,2025-04-01,05,126.6
3344,2025-05-01,05,126.7
3345,2025-06-01,05,126.7
3346,2025-07-01,05,126.9
3347,2025-08-01,05,127.0
3348,2025-09-01,05,127.0
3349,2025-10-01,05,127.0
3350,2025-11-01,05,127.0
3351,2025-12-01,05,127.0
3352,2026-01-01,05,126.9
3353,2026-02-01,05,126.9
3354,2026-03-01,05,126.8
3355,2026-04-01,05,127.1
3356,2026-05-01,05,127.2
3357,2026-06-01,05,127.2
3358,2026-07-01,05,127.3
3359,2026-08-01,05,127.5
3360,1980-01-01,06,37.7
3361,1980-02-01,06,38.0
3362,1980-03-01,06,38.1
3363,1980-04-01,06,38.1
3364,1980-05-01,06,38.5
3365,1980-06-01,06,38.6
3366,1980-07-01,06,38.8
3367,1980-08-01,06,39.3
3368,1980-09-01,06,39.7
3369,1980-10-01,06,40.0
3370,1980-11-01,06,40.2
3371,1980-12-01,06,40.6
3372,1981-01-01,06,40.9
3373,1981-02-01,06,41.1
3374,1981-03-01,06,41.2
3375,1981-04-01,06,41.9
3376,1981-05-01,06,42.2
3377,1981-06-01,06,42.3
3378,1981-07-01,06,42.5
3379,1981-08-01,06,42.7
3380,1981-09-01,06,43.0
3381,1981-10-01,06,43.3
3382,1981-11-01,06,43.4
3383,1981-12-01,06,43.4
3384,1982-01-01,06,43.6
3385,1982-02-01,06,43.8
3386,1982-03-01,06,44.0
3387,1982-04-01,06,44.1
3388,1982-05-01,06,44.2
3389,1982-06-01,06,44.5
3390,1982-07-01,06,44.6
3391,1982-08-01,06,44.6
3392,1982-09-01,06,44.7
3393,1982-10-01,06,44.7
3394,1982-11-01,06,44.7
3395,1982-12-01,06,49.1
3396,1983-01-01,06,49.4
3397,1983-02-01,06,49.6
3398,1983-03-01,06,49.9
3399,1983-04-01,06,49.9
3400,1983-05-01,06,50.0
3401,1983-06-01,06,50.0
3402,1983-07-01,06,50.0
3403,1983-08-01,06,50.0
3404,1983-09-01,06,50.1
3405,1983-10-01,06,50.2
3406,1983-11-01,06,50.2
3407,1983-12-01,06,50.3
3408,1984-01-01,06,50.4
3409,1984-02-01,06,50.5
3410,1984-03-01,06,50.5
3411,1984-04-01,06,50.5
3412,1984-05-01,06,50.5
3413,1984-06-01,06,50.6
3414,1984-07-01,06,50.7
3415,1984-08-01,06,50.8
3416,1984-09-01,06,50.8
3417,1984-10-01,06,50.8
3418,1984-11-01,06,50.8
3419,1984-12-01,06,50.9
3420,1985-01-01,06,51.3
3421,1985-02-01,06,51.5
3422,1985-03-01,06,51.5
3423,1985-04-01,06,51.5
3424,1985-05-01,06,51.5
3425,1985-06-01,06,52.0
3426,1985-07-01,06,52.1
3427,1985-08-01,06,52.1
3428,1985-09-01,06,52.1
3429,1985-10-01,06,52.3
3430,1985-11-01,06,52.3
3431,1985-12-01,06,52.4
3432,1986-01-01,06,52.5
3433,1986-02-01,06,52.5
3434,1986-03-01,06,52.6
3435,1986-04-01,06,52.6
3436,1986-05-01,06,52.6
3437,1986-06-01,06,52.6
3438,1986-07-01,06,52.7
3439,1986-08-01,06,52.7
3440,1986-09-01,06,52.7
3441,1986-10-01,06,52.8
3442,1986-11-01,06,52.8
3443,1986-12-01,06,52.8
3444,1987-01-01,06,52.9
3445,1987-02-01,06,52.9
3446,1987-03-01,06,53.0
3447,1987-04-01,06,53.0
3448,1987-05-01,06,53.0
3449,1987-06-01,06,53.0
3450,1987-07-01,06,53.1
3451,1987-08-01,06,53.1
3452,1987-09-01,06,53.1
3453,1987-10-01,06,53.2
3454,1987-11-01,06,53.2
3455,1987-12-01,06,53.5
3456,1988-01-01,06,53.6
3457,1988-02-01,06,53.7
3458,1988-03-01,06,53.7
3459,1988-04-01,06,53.7
3460,1988-05-01,06,53.8
3461,1988-06-01,06,53.9
3462,1988-07-01,06,54.0
3463,1988-08-01,06,54.0
3464,1988-09-01,06,54.0
3465,1988-10-01,06,54.0
3466,1988-11-01,06,54.1
3467,1988-12-01,06,54.2
3468,1989-01-01,06,54.3
3469,1989-02-01,06,54.4
3470,1989-03-01,06,54.5
3471,1989-04-01,06,54.5
3472,1989-05-01,06,54.6
3473,1989-06-01,06,54.6
3474,1989-07-01,06,54.9
3475,1989-08-01,06,55.0
3476,1989-09-01,06,55.0
3477,1989-10-01,06,55.1
3478,1989-11-01,06,55.2
3479,1989-12-01,06,55.3
3480,1990-01-01,06,55.9
3481,1990-02-01,06,55.9
3482,1990-03-01,06,55.9
3483,1990-04-01,06,56.0
3484,1990-05-01,06,56.0
3485,1990-06-01,06,56.1
3486,1990-07-01,06,56.2
3487,1990-08-01,06,56.3
3488,1990-09-01,06,56.3
3489,1990-10-01,06,56.4
3490,1990-11-01,06,56.6
3491,1990-12-01,06,56.8
3492,1991-01-01,06,57.1
3493,1991-02-01,06,58.9
3494,1991-03-01,06,59.1
3495,1991-04-01,06,59.1
3496,1991-05-01,06,59.2
3497,1991-06-01,06,59.2
3498,1991-07-01,06,59.4
3499,1991-08-01,06,59.4
3500,1991-09-01,06,59.5
3501,1991-10-01,06,59.7
3502,1991-11-01,06,59.9
3503,1991-12-01,06,59.9
3504,1992-01-01,06,57.1
3505,1992-02-01,06,58.9
3506,1992-03-01,06,59.1
3507,1992-04-01,06,59.1
3508,1992-05-01,06,59.2
3509,1992-06-01,06,59.2
3510,1992-07-01,06,59.4
3511,1992-08-01,06,59.4
3512,1992-09-01,06,59.5
3513,1992-10-01,06,59.7
3514,1992-11-01,06,59.9
3515,1992-12-01,06,59.9
3516,1993-01-01,06,62.8
3517,1993-02-01,06,63.2
3518,1993-03-01,06,63.9
3519,1993-04-01,06,64.1
3520,1993-05-01,06,64.2
3521,1993-06-01,06,64.6
3522,1993-07-01,06,64.8
3523,1993-08-01,06,64.9
3524,1993-09-01,06,64.9
3525,1993-10-01,06,65.0
3526,1993-11-01,06,65.1
3527,1993-12-01,06,65.1
3528,1994-01-01,06,65.4
3529,1994-02-01,06,65.6
3530,1994-03-01,06,65.8
3531,1994-04-01,06,66.1
3532,1994-05-01,06,66.5
3533,1994-06-01,06,66.6
3534,1994-07-01,06,66.8
3535,1994-08-01,06,66.9
3536,1994-09-01,06,67.2
3537,1994-10-01,06,67.3
3538,1994-11-01,06,67.4
3539,1994-12-01,06,67.5
3540,1995-01-01,06,67.7
3541,1995-02-01,06,67.8
3542,1995-03-01,06,68.0
3543,1995-04-01,06,68.3
3544,1995-05-01,06,68.6
3545,1995-06-01,06,68.6
3546,1995-07-01,06,68.7
3547,1995-08-01,06,68.8
3548,1995-09-01,06,69.1
3549,1995-10-01,06,69.1
3550,1995-11-01,06,69.2
3551,1995-12-01,06,69.3
3552,1996-01-01,06,70.1
3553,1996-02-01,06,70.3
3554,1996-03-01,06,70.5
3555,1996-04-01,06,70.7
3556,1996-05-01,06,70.8
3557,1996-06-01,06,70.9
3558,1996-07-01,06,71.3
3559,1996-08-01,06,71.4
3560,1996-09-01,06,71.6
3561,1996-10-01,06,71.8
3562,1996-11-01,06,71.8
3563,1996-12-01,06,72.0
3564,1997-01-01,06,72.7
3565,1997-02-01,06,72.9
3566,1997-03-01,06,73.1
3567,1997-04-01,06,73.1
3568,1997-05-01,06,73.4
3569,1997-06-01,06,73.6
3570,1997-07-01,06,73.8
3571,1997-08-01,06,73.9
3572,1997-09-01,06,74.0
3573,1997-10-01,06,74.2
3574,1997-11-01,06,74.6
3575,1997-12-01,06,75.1
3576,1998-01-01,06,75.8
3577,1998-02-01,06,76.6
3578,1998-03-01,06,77.3
3579,1998-04-01,06,77.7
3580,1998-05-01,06,77.9
3581,1998-06-01,06,78.6
3582,1998-07-01,06,78.7
3583,1998-08-01,06,78.8
3584,1998-09-01,06,79.1
3585,1998-10-01,06,79.4
3586,1998-11-01,06,79.6
3587,1998-12-01,06,79.7
3588,1999-01-01,06,79.8
3589,1999-02-01,06,80.0
3590,1999-03-01,06,80.2
3591,1999-04-01,06,80.3
3592,1999-05-01,06,80.5
3593,1999-06-01,06,80.6
3594,1999-07-01,06,80.7
3595,1999-08-01,06,80.8
3596,1999-09-01,06,81.0
3597,1999-10-01,06,81.1
3598,1999-11-01,06,81.3
3599,1999-12-01,06,81.4
3600,2000-01-01,06,81.7
3601,2000-02-01,06,81.7
3602,2000-03-01,06,81.7
3603,2000-04-01,06,81.9
3604,2000-05-01,06,82.1
3605,2000-06-01,06,82.2
3606,2000-07-01,06,82.4
3607,2000-08-01,06,82.6
3608,2000-09-01,06,82.6
3609,2000-10-01,06,82.7
3610,2000-11-01,06,82.8
3611,2000-12-01,06,82.9
3612,2001-01-01,06,83.6
3613,2001-02-01,06,83.7
3614,2001-03-01,06,84.0
3615,2001-04-01,06,84.3
3616,2001-05-01,06,84.4
3617,2001-06-01,06,84.6
3618,2001-07-01,06,84.8
3619,2001-08-01,06,85.1
3620,2001-09-01,06,85.2
3621,2001-10-01,06,85.3
3622,2001-11-01,06,85.4
3623,2001-12-01,06,85.5
3624,2002-01-01,06,85.6
3625,2002-02-01,06,85.9
3626,2002-03-01,06,86.1
3627,2002-04-01,06,86.3
3628,2002-05-01,06,86.6
3629,2002-06-01,06,86.7
3630,2002-07-01,06,86.9
3631,2002-08-01,06,87.0
3632,2002-09-01,06,87.1
3633,2002-10-01,06,87.2
3634,2002-11-01,06,87.3
3635,2002-12-01,06,87.4
3636,2003-01-01,06,89.0
3637,2003-02-01,06,88.8
3638,2003-03-01,06,88.8
3639,2003-04-01,06,88.5
3640,2003-05-01,06,88.4
3641,2003-06-01,06,88.1
3642,2003-07-01,06,88.0
3643,2003-08-01,06,87.7
3644,2003-09-01,06,87.4
3645,2003-10-01,06,87.5
3646,2003-11-01,06,87.2
3647,2003-12-01,06,87.1
3648,2004-01-01,06,89.5
3649,2004-02-01,06,89.4
3650,2004-03-01,06,89.5
3651,2004-04-01,06,89.3
3652,2004-05-01,06,89.4
3653,2004-06-01,06,89.3
3654,2004-07-01,06,89.4
3655,2004-08-01,06,89.2
3656,2004-09-01,06,89.2
3657,2004-10-01,06,89.3
3658,2004-11-01,06,89.0
3659,2004-12-01,06,89.0
3660,2005-01-01,06,89.8
3661,2005-02-01,06,89.8
3662,2005-03-01,06,89.9
3663,2005-04-01,06,90.0
3664,2005-05-01,06,90.1
3665,2005-06-01,06,90.2
3666,2005-07-01,06,90.9
3667,2005-08-01,06,91.6
3668,2005-09-01,06,91.7
3669,2005-10-01,06,91.7
3670,2005-11-01,06,92.0
3671,2005-12-01,06,91.9
3672,2006-01-01,06,92.1
3673,2006-02-01,06,92.3
3674,2006-03-01,06,92.3
3675,2006-04-01,06,92.4
3676,2006-05-01,06,92.6
3677,2006-06-01,06,92.6
3678,2006-07-01,06,92.9
3679,2006-08-01,06,93.0
3680,2006-09-01,06,93.2
3681,2006-10-01,06,93.2
3682,2006-11-01,06,93.4
3683,2006-12-01,06,93.5
3684,2007-01-01,06,93.6
3685,2007-02-01,06,93.7
3686,2007-03-01,06,93.7
3687,2007-04-01,06,93.9
3688,2007-05-01,06,94.0
3689,2007-06-01,06,94.1
3690,2007-07-01,06,94.2
3691,2007-08-01,06,94.2
3692,2007-09-01,06,94.5
3693,2007-10-01,06,94.6
3694,2007-11-01,06,94.7
3695,2007-12-01,06,94.9
3696,2008-01-01,06,95.3
3697,2008-02-01,06,95.4
3698,2008-03-01,06,95.5
3699,2008-04-01,06,95.7
3700,2008-05-01,06,95.9
3701,2008-06-01,06,96.1
3702,2008-07-01,06,96.4
3703,2008-08-01,06,96.5
3704,2008-09-01,06,96.7
3705,2008-10-01,06,97.0
3706,2008-11-01,06,97.4
3707,2008-12-01,06,97.4
3708,2009-01-01,06,97.7
3709,2009-02-01,06,97.9
3710,2009-03-01,06,97.9
3711,2009-04-01,06,98.0
3712,2009-05-01,06,98.3
3713,2009-06-01,06,98.5
3714,2009-07-01,06,98.5
3715,2009-08-01,06,98.6
3716,2009-09-01,06,98.8
3717,2009-10-01,06,98.8
3718,2009-11-01,06,99.0
3719,2009-12-01,06,98.9
3720,2010-01-01,06,99.4
3721,2010-02-01,06,99.4
3722,2010-03-01,06,99.3
3723,2010-04-01,06,99.7
3724,2010-05-01,06,99.8
3725,2010-06-01,06,100.0
3726,2010-07-01,06,100.1
3727,2010-08-01,06,100.2
3728,2010-09-01,06,100.4
3729,2010-10-01,06,100.5
3730,2010-11-01,06,100.6
3731,2010-12-01,06,100.8
3732,2011-01-01,06,101.5
3733,2011-02-01,06,102.1
3734,2011-03-01,06,102.0
3735,2011-04-01,06,102.2
3736,2011-05-01,06,102.4
3737,2011-06-01,06,102.5
3738,2011-07-01,06,102.8
3739,2011-08-01,06,103.1
3740,2011-09-01,06,103.4
3741,2011-10-01,06,103.6
3742,2011-11-01,06,103.6
3743,2011-12-01,06,103.6
3744,2012-01-01,06,103.9
3745,2012-02-01,06,104.1
3746,2012-03-01,06,104.2
3747,2012-04-01,06,104.4
3748,2012-05-01,06,104.5
3749,2012-06-01,06,104.6
3750,2012-07-01,06,104.8
3751,2012-08-01,06,104.9
3752,2012-09-01,06,105.4
3753,2012-10-01,06,105.5
3754,2012-11-01,06,105.7
3755,2012-12-01,06,105.8
3756,2013-01-01,06,106.0
3757,2013-02-01,06,106.1
3758,2013-03-01,06,106.2
3759,2013-04-01,06,106.6
3760,2013-05-01,06,106.8
3761,2013-06-01,06,106.6
3762,2013-07-01,06,106.7
3763,2013-08-01,06,106.9
3764,2013-09-01,06,107.2
3765,2013-10-01,06,107.3
3766,2013-11-01,06,107.6
3767,2013-12-01,06,107.8
3768,2014-01-01,06,108.2
3769,2014-02-01,06,108.4
3770,2014-03-01,06,108.6
3771,2014-04-01,06,109.1
3772,2014-05-01,06,109.4
3773,2014-06-01,06,109.9
3774,2014-07-01,06,110.2
3775,2014-08-01,06,110.4
3776,2014-09-01,06,110.8
3777,2014-10-01,06,110.9
3778,2014-11-01,06,111.3
3779,2014-12-01,06,111.4
3780,2015-01-01,06,111.7
3781,2015-02-01,06,112.1
3782,2015-03-01,06,112.5
3783,2015-04-01,06,114.6
3784,2015-05-01,06,114.9
3785,2015-06-01,06,115.4
3786,2015-07-01,06,115.5
3787,2015-08-01,06,115.6
3788,2015-09-01,06,115.9
3789,2015-10-01,06,116.1
3790,2015-11-01,06,116.2
3791,2015-12-01,06,116.5
3792,2016-01-01,06,116.8
3793,2016-02-01,06,117.2
3794,2016-03-01,06,117.2
3795,2016-04-01,06,117.1
3796,2016-05-01,06,117.2
3797,2016-06-01,06,117.7
3798,2016-07-01,06,117.8
3799,2016-08-01,06,118.1
3800,2016-09-01,06,118.5
3801,2016-10-01,06,118.8
3802,2016-11-01,06,119.1
3803,2016-12-01,06,119.3
3804,2017-01-01,06,119.7
3805,2017-02-01,06,120.0
3806,2017-03-01,06,120.2
3807,2017-04-01,06,120.4
3808,2017-05-01,06,120.6
3809,2017-06-01,06,120.8
3810,2017-07-01,06,121.2
3811,2017-08-01,06,121.3
3812,2017-09-01,06,121.5
3813,2017-10-01,06,121.6
3814,2017-11-01,06,121.7
3815,2017-12-01,06,122.0
3816,2018-01-01,06,122.4
3817,2018-02-01,06,122.5
3818,2018-03-01,06,122.6
3819,2018-04-01,06,122.9
3820,2018-05-01,06,122.9
3821,2018-06-01,06,121.2
3822,2018-07-01,06,121.2
3823,2018-08-01,06,121.3
3824,2018-09-01,06,121.3
3825,2018-10-01,06,121.3
3826,2018-11-01,06,121.5
3827,2018-12-01,06,121.5
3828,2019-01-01,06,121.8
3829,2019-02-01,06,122.0
3830,2019-03-01,06,122.3
3831,2019-04-01,06,122.5
3832,2019-05-01,06,122.5
3833,2019-06-01,06,122.7
3834,2019-07-01,06,122.8
3835,2019-08-01,06,123.0
3836,2019-09-01,06,122.9
3837,2019-10-01,06,123.0
3838,2019-11-01,06,123.2
3839,2019-12-01,06,123.2
3840,2020-01-01,06,123.5
3841,2020-02-01,06,123.6
3842,2020-03-01,06,124.0
3843,2020-04-01,06,124.0
3844,2020-05-01,06,124.0
3845,2020-06-01,06,124.1
3846,2020-07-01,06,124.2
3847,2020-08-01,06,124.3
3848,2020-09-01,06,124.3
3849,2020-10-01,06,124.4
3850,2020-11-01,06,124.4
3851,2020-12-01,06,124.4
3852,2021-01-01,06,124.4
3853,2021-02-01,06,124.5
3854,2021-03-01,06,124.6
3855,2021-04-01,06,124.6
3856,2021-05-01,06,124.7
3857,2021-06-01,06,124.7
3858,2021-07-01,06,124.7
3859,2021-08-01,06,124.7
3860,2021-09-01,06,124.7
3861,2021-10-01,06,124.7
3862,2021-11-01,06,124.7
3863,2021-12-01,06,124.7
3864,2022-01-01,06,124.8
3865,2022-02-01,06,125.1
3866,2022-03-01,06,124.8
3867,2022-04-01,06,124.9
3868,2022-05-01,06,125.2
3869,2022-06-01,06,125.4
3870,2022-07-01,06,125.7
3871,2022-08-01,06,125.8
3872,2022-09-01,06,125.9
3873,2022-10-01,06,126.0
3874,2022-11-01,06,126.4
3875,2022-12-01,06,126.3
3876,2023-01-01,06,126.8
3877,2023-02-01,06,127.4
3878,2023-03-01,06,127.5
3879,2023-04-01,06,127.5
3880,2023-05-01,06,127.6
3881,2023-06-01,06,127.9
3882,2023-07-01,06,128.2
3883,2023-08-01,06,128.8
3884,2023-09-01,06,128.7
3885,2023-10-01,06,129.0
3886,2023-11-01,06,129.3
3887,2023-12-01,06,129.5
3888,2024-01-01,06,129.8
3889,2024-02-01,06,130.2
3890,2024-03-01,06,130.2
3891,2024-04-01,06,130.4
3892,2024-05-01,06,130.4
3893,2024-06-01,06,130.2
3894,2024-07-01,06,130.6
3895,2024-08-01,06,130.8
3896,2024-09-01,06,130.7
3897,2024-10-01,06,130.8
3898,2024-11-01,06,130.8
3899,2024-12-01,06,130.9
3900,2025-01-01,06,131.3
3901,2025-02-01,06,131.5
3902,2025-03-01,06,131.5
3903,2025-04-01,06,131.6
3904,2025-05-01,06,131.8
3905,2025-06-01,06,131.8
3906,2025-07-01,06,132.2
3907,2025-08-01,06,132.3
3908,2025-09-01,06,132.4
3909,2025-10-01,06,132.7
3910,2025-11-01,06,132.7
3911,2025-12-01,06,132.9
3912,2026-01-01,06,133.1
3913,2026-02-01,06,133.1
3914,2026-03-01,06,133.3
3915,2026-04-01,06,133.5
3916,2026-05-01,06,133.4
3917,2026-06-01,06,133.4
3918,2026-07-01,06,133.7
3919,2026-08-01,06,134.0
3920,1980-01-01,07,36.2
3921,1980-02-01,07,36.2
3922,1980-03-01,07,36.3
3923,1980-04-01,07,36.4
3924,1980-05-01,07,37.6
3925,1980-06-01,07,37.7
3926,1980-07-01,07,37.9
3927,1980-08-01,07,39.5
3928,1980-09-01,07,40.1
3929,1980-10-01,07,40.3
3930,1980-11-01,07,40.9
3931,1980-12-01,07,40.9
3932,1981-01-01,07,40.3
3933,1981-02-01,07,40.6
3934,1981-03-01,07,40.6
3935,1981-04-01,07,40.7
3936,1981-05-01,07,41.6
3937,1981-06-01,07,42.1
3938,1981-07-01,07,42.4
3939,1981-08-01,07,42.5
3940,1981-09-01,07,42.6
3941,1981-10-01,07,42.6
3942,1981-11-01,07,42.8
3943,1981-12-01,07,43.0
3944,1982-01-01,07,43.0
3945,1982-02-01,07,43.0
3946,1982-03-01,07,43.1
3947,1982-04-01,07,43.1
3948,1982-05-01,07,43.1
3949,1982-06-01,07,43.1
3950,1982-07-01,07,43.2
3951,1982-08-01,07,43.2
3952,1982-09-01,07,43.3
3953,1982-10-01,07,43.3
3954,1982-11-01,07,44.1
3955,1982-12-01,07,44.3
3956,1983-01-01,07,44.4
3957,1983-02-01,07,44.4
3958,1983-03-01,07,44.5
3959,1983-04-01,07,44.0
3960,1983-05-01,07,44.0
3961,1983-06-01,07,44.0
3962,1983-07-01,07,44.1
3963,1983-08-01,07,44.1
3964,1983-09-01,07,44.4
3965,1983-10-01,07,44.4
3966,1983-11-01,07,44.5
3967,1983-12-01,07,44.5
3968,1984-01-01,07,45.8
3969,1984-02-01,07,45.9
3970,1984-03-01,07,46.0
3971,1984-04-01,07,46.3
3972,1984-05-01,07,46.1
3973,1984-06-01,07,46.2
3974,1984-07-01,07,46.2
3975,1984-08-01,07,46.1
3976,1984-09-01,07,46.1
3977,1984-10-01,07,46.1
3978,1984-11-01,07,46.1
3979,1984-12-01,07,46.1
3980,1985-01-01,07,46.3
3981,1985-02-01,07,46.3
3982,1985-03-01,07,46.7
3983,1985-04-01,07,46.9
3984,1985-05-01,07,46.9
3985,1985-06-01,07,47.5
3986,1985-07-01,07,47.6
3987,1985-08-01,07,47.8
3988,1985-09-01,07,47.8
3989,1985-10-01,07,47.5
3990,1985-11-01,07,47.2
3991,1985-12-01,07,47.2
3992,1986-01-01,07,47.2
3993,1986-02-01,07,47.2
3994,1986-03-01,07,46.1
3995,1986-04-01,07,46.0
3996,1986-05-01,07,46.0
3997,1986-06-01,07,46.8
3998,1986-07-01,07,47.8
3999,1986-08-01,07,47.9
4000,1986-09-01,07,47.9
4001,1986-10-01,07,48.0
4002,1986-11-01,07,47.9
4003,1986-12-01,07,47.9
4004,1987-01-01,07,47.9
4005,1987-02-01,07,48.1
4006,1987-03-01,07,47.9
4007,1987-04-01,07,48.2
4008,1987-05-01,07,48.4
4009,1987-06-01,07,48.6
4010,1987-07-01,07,48.8
4011,1987-08-01,07,48.9
4012,1987-09-01,07,49.0
4013,1987-10-01,07,49.0
4014,1987-11-01,07,49.1
4015,1987-12-01,07,49.1
4016,1988-01-01,07,49.7
4017,1988-02-01,07,49.6
4018,1988-03-01,07,50.1
4019,1988-04-01,07,50.6
4020,1988-05-01,07,50.6
4021,1988-06-01,07,52.7
4022,1988-07-01,07,52.8
4023,1988-08-01,07,53.1
4024,1988-09-01,07,53.1
4025,1988-10-01,07,53.2
4026,1988-11-01,07,53.5
4027,1988-12-01,07,53.5
4028,1989-01-01,07,54.1
4029,1989-02-01,07,54.4
4030,1989-03-01,07,54.5
4031,1989-04-01,07,54.6
4032,1989-05-01,07,54.9
4033,1989-06-01,07,55.3
4034,1989-07-01,07,56.1
4035,1989-08-01,07,55.9
4036,1989-09-01,07,56.1
4037,1989-10-01,07,56.2
4038,1989-11-01,07,56.4
4039,1989-12-01,07,56.4
4040,1990-01-01,07,56.9
4041,1990-02-01,07,57.5
4042,1990-03-01,07,57.7
4043,1990-04-01,07,57.7
4044,1990-05-01,07,57.7
4045,1990-06-01,07,57.7
4046,1990-07-01,07,57.7
4047,1990-08-01,07,57.8
4048,1990-09-01,07,58.3
4049,1990-10-01,07,59.6
4050,1990-11-01,07,59.7
4051,1990-12-01,07,59.7
4052,1991-01-01,07,60.2
4053,1991-02-01,07,60.3
4054,1991-03-01,07,60.4
4055,1991-04-01,07,60.4
4056,1991-05-01,07,60.5
4057,1991-06-01,07,60.5
4058,1991-07-01,07,60.5
4059,1991-08-01,07,60.6
4060,1991-09-01,07,61.1
4061,1991-10-01,07,61.1
4062,1991-11-01,07,61.1
4063,1991-12-01,07,61.2
4064,1992-01-01,07,60.2
4065,1992-02-01,07,60.3
4066,1992-03-01,07,60.4
4067,1992-04-01,07,60.4
4068,1992-05-01,07,60.5
4069,1992-06-01,07,60.5
4070,1992-07-01,07,60.5
4071,1992-08-01,07,60.6
4072,1992-09-01,07,61.1
4073,1992-10-01,07,61.1
4074,1992-11-01,07,61.1
4075,1992-12-01,07,61.2
4076,1993-01-01,07,66.3
4077,1993-02-01,07,66.3
4078,1993-03-01,07,66.7
4079,1993-04-01,07,66.7
4080,1993-05-01,07,66.7
4081,1993-06-01,07,66.7
4082,1993-07-01,07,66.7
4083,1993-08-01,07,66.8
4084,1993-09-01,07,66.8
4085,1993-10-01,07,66.8
4086,1993-11-01,07,66.9
4087,1993-12-01,07,69.0
4088,1994-01-01,07,69.3
4089,1994-02-01,07,69.4
4090,1994-03-01,07,69.5
4091,1994-04-01,07,69.5
4092,1994-05-01,07,69.8
4093,1994-06-01,07,69.9
4094,1994-07-01,07,69.9
4095,1994-08-01,07,70.2
4096,1994-09-01,07,70.3
4097,1994-10-01,07,70.3
4098,1994-11-01,07,70.6
4099,1994-12-01,07,70.6
4100,1995-01-01,07,70.7
4101,1995-02-01,07,70.7
4102,1995-03-01,07,70.7
4103,1995-04-01,07,70.8
4104,1995-05-01,07,70.9
4105,1995-06-01,07,71.1
4106,1995-07-01,07,71.4
4107,1995-08-01,07,71.4
4108,1995-09-01,07,71.4
4109,1995-10-01,07,71.8
4110,1995-11-01,07,71.8
4111,1995-12-01,07,71.9
4112,1996-01-01,07,72.1
4113,1996-02-01,07,72.1
4114,1996-03-01,07,72.1
4115,1996-04-01,07,72.1
4116,1996-05-01,07,72.5
4117,1996-06-01,07,72.6
4118,1996-07-01,07,71.9
4119,1996-08-01,07,71.9
4120,1996-09-01,07,72.0
4121,1996-10-01,07,72.1
4122,1996-11-01,07,72.3
4123,1996-12-01,07,72.4
4124,1997-01-01,07,72.6
4125,1997-02-01,07,72.6
4126,1997-03-01,07,72.6
4127,1997-04-01,07,72.6
4128,1997-05-01,07,72.6
4129,1997-06-01,07,72.6
4130,1997-07-01,07,72.6
4131,1997-08-01,07,72.6
4132,1997-09-01,07,72.6
4133,1997-10-01,07,72.6
4134,1997-11-01,07,72.8
4135,1997-12-01,07,72.4
4136,1998-01-01,07,72.7
4137,1998-02-01,07,72.7
4138,1998-03-01,07,72.7
4139,1998-04-01,07,72.6
4140,1998-05-01,07,72.6
4141,1998-06-01,07,72.5
4142,1998-07-01,07,72.4
4143,1998-08-01,07,72.4
4144,1998-09-01,07,72.4
4145,1998-10-01,07,72.4
4146,1998-11-01,07,72.4
4147,1998-12-01,07,72.4
4148,1999-01-01,07,72.4
4149,1999-02-01,07,72.7
4150,1999-03-01,07,72.8
4151,1999-04-01,07,72.2
4152,1999-05-01,07,73.0
4153,1999-06-01,07,73.0
4154,1999-07-01,07,73.1
4155,1999-08-01,07,73.0
4156,1999-09-01,07,73.1
4157,1999-10-01,07,73.1
4158,1999-11-01,07,73.1
4159,1999-12-01,07,73.1
4160,2000-01-01,07,73.6
4161,2000-02-01,07,73.6
4162,2000-03-01,07,73.6
4163,2000-04-01,07,73.7
4164,2000-05-01,07,73.8
4165,2000-06-01,07,73.8
4166,2000-07-01,07,74.0
4167,2000-08-01,07,74.3
4168,2000-09-01,07,74.3
4169,2000-10-01,07,76.0
4170,2000-11-01,07,76.0
4171,2000-12-01,07,76.0
4172,2001-01-01,07,76.4
4173,2001-02-01,07,76.6
4174,2001-03-01,07,76.7
4175,2001-04-01,07,76.8
4176,2001-05-01,07,76.8
4177,2001-06-01,07,76.8
4178,2001-07-01,07,76.8
4179,2001-08-01,07,77.0
4180,2001-09-01,07,77.0
4181,2001-10-01,07,77.0
4182,2001-11-01,07,78.7
4183,2001-12-01,07,78.6
4184,2002-01-01,07,78.8
4185,2002-02-01,07,78.8
4186,2002-03-01,07,82.6
4187,2002-04-01,07,82.6
4188,2002-05-01,07,82.9
4189,2002-06-01,07,82.9
4190,2002-07-01,07,82.9
4191,2002-08-01,07,82.9
4192,2002-09-01,07,82.8
4193,2002-10-01,07,82.8
4194,2002-11-01,07,83.0
4195,2002-12-01,07,82.9
4196,2003-01-01,07,86.5
4197,2003-02-01,07,86.3
4198,2003-03-01,07,86.7
4199,2003-04-01,07,86.5
4200,2003-05-01,07,83.1
4201,2003-06-01,07,82.8
4202,2003-07-01,07,82.1
4203,2003-08-01,07,79.1
4204,2003-09-01,07,79.0
4205,2003-10-01,07,78.8
4206,2003-11-01,07,78.5
4207,2003-12-01,07,77.2
4208,2004-01-01,07,82.5
4209,2004-02-01,07,82.7
4210,2004-03-01,07,82.8
4211,2004-04-01,07,83.1
4212,2004-05-01,07,83.3
4213,2004-06-01,07,83.3
4214,2004-07-01,07,82.7
4215,2004-08-01,07,82.0
4216,2004-09-01,07,82.2
4217,2004-10-01,07,83.2
4218,2004-11-01,07,83.0
4219,2004-12-01,07,81.7
4220,2005-01-01,07,84.1
4221,2005-02-01,07,84.2
4222,2005-03-01,07,84.3
4223,2005-04-01,07,84.4
4224,2005-05-01,07,87.7
4225,2005-06-01,07,87.7
4226,2005-07-01,07,87.9
4227,2005-08-01,07,90.8
4228,2005-09-01,07,90.8
4229,2005-10-01,07,90.9
4230,2005-11-01,07,90.9
4231,2005-12-01,07,90.9
4232,2006-01-01,07,91.0
4233,2006-02-01,07,91.0
4234,2006-03-01,07,99.5
4235,2006-04-01,07,98.6
4236,2006-05-01,07,98.6
4237,2006-06-01,07,98.7
4238,2006-07-01,07,98.7
4239,2006-08-01,07,98.8
4240,2006-09-01,07,98.9
4241,2006-10-01,07,98.9
4242,2006-11-01,07,98.9
4243,2006-12-01,07,98.9
4244,2007-01-01,07,99.5
4245,2007-02-01,07,99.5
4246,2007-03-01,07,99.6
4247,2007-04-01,07,99.6
4248,2007-05-01,07,99.6
4249,2007-06-01,07,99.8
4250,2007-07-01,07,99.8
4251,2007-08-01,07,99.8
4252,2007-09-01,07,99.9
4253,2007-10-01,07,99.9
4254,2007-11-01,07,100.0
4255,2007-12-01,07,100.1
4256,2008-01-01,07,100.4
4257,2008-02-01,07,100.4
4258,2008-03-01,07,100.4
4259,2008-04-01,07,100.4
4260,2008-05-01,07,100.5
4261,2008-06-01,07,119.4
4262,2008-07-01,07,122.5
4263,2008-08-01,07,121.6
4264,2008-09-01,07,118.0
4265,2008-10-01,07,113.8
4266,2008-11-01,07,106.2
4267,2008-12-01,07,99.8
4268,2009-01-01,07,98.3
4269,2009-02-01,07,98.3
4270,2009-03-01,07,98.3
4271,2009-04-01,07,98.2
4272,2009-05-01,07,98.0
4273,2009-06-01,07,98.0
4274,2009-07-01,07,98.1
4275,2009-08-01,07,98.2
4276,2009-09-01,07,98.9
4277,2009-10-01,07,98.8
4278,2009-11-01,07,98.9
4279,2009-12-01,07,98.9
4280,2010-01-01,07,98.9
4281,2010-02-01,07,99.0
4282,2010-03-01,07,99.0
4283,2010-04-01,07,99.0
4284,2010-05-01,07,99.0
4285,2010-06-01,07,99.1
4286,2010-07-01,07,99.9
4287,2010-08-01,07,100.8
4288,2010-09-01,07,100.8
4289,2010-10-01,07,100.8
4290,2010-11-01,07,101.0
4291,2010-12-01,07,102.9
4292,2011-01-01,07,103.2
4293,2011-02-01,07,103.5
4294,2011-03-01,07,103.6
4295,2011-04-01,07,104.2
4296,2011-05-01,07,104.9
4297,2011-06-01,07,104.8
4298,2011-07-01,07,104.7
4299,2011-08-01,07,104.8
4300,2011-09-01,07,104.7
4301,2011-10-01,07,104.8
4302,2011-11-01,07,104.9
4303,2011-12-01,07,104.9
4304,2012-01-01,07,104.9
4305,2012-02-01,07,104.9
4306,2012-03-01,07,104.9
4307,2012-04-01,07,105.2
4308,2012-05-01,07,105.3
4309,2012-06-01,07,105.0
4310,2012-07-01,07,104.5
4311,2012-08-01,07,104.8
4312,2012-09-01,07,105.6
4313,2012-10-01,07,105.6
4314,2012-11-01,07,105.7
4315,2012-12-01,07,105.3
4316,2013-01-01,07,105.3
4317,2013-02-01,07,105.3
4318,2013-03-01,07,105.9
4319,2013-04-01,07,105.8
4320,2013-05-01,07,105.7
4321,2013-06-01,07,105.3
4322,2013-07-01,07,105.4
4323,2013-08-01,07,105.4
4324,2013-09-01,07,110.5
4325,2013-10-01,07,110.8
4326,2013-11-01,07,110.9
4327,2013-12-01,07,110.6
4328,2014-01-01,07,110.9
4329,2014-02-01,07,111.1
4330,2014-03-01,07,111.3
4331,2014-04-01,07,111.4
4332,2014-05-01,07,111.5
4333,2014-06-01,07,111.1
4334,2014-07-01,07,111.1
4335,2014-08-01,07,111.2
4336,2014-09-01,07,111.0
4337,2014-10-01,07,116.7
4338,2014-11-01,07,116.5
4339,2014-12-01,07,115.0
4340,2015-01-01,07,104.2
4341,2015-02-01,07,98.0
4342,2015-03-01,07,105.8
4343,2015-04-01,07,106.1
4344,2015-05-01,07,106.3
4345,2015-06-01,07,109.5
4346,2015-07-01,07,112.9
4347,2015-08-01,07,109.9
4348,2015-09-01,07,106.8
4349,2015-10-01,07,110.0
4350,2015-11-01,07,110.4
4351,2015-12-01,07,107.9
4352,2016-01-01,07,104.8
4353,2016-02-01,07,101.5
4354,2016-03-01,07,97.1
4355,2016-04-01,07,100.3
4356,2016-05-01,07,100.3
4357,2016-06-01,07,100.2
4358,2016-07-01,07,101.7
4359,2016-08-01,07,102.5
4360,2016-09-01,07,100.9
4361,2016-10-01,07,104.0
4362,2016-11-01,07,108.7
4363,2016-12-01,07,107.2
4364,2017-01-01,07,113.5
4365,2017-02-01,07,119.7
4366,2017-03-01,07,119.4
4367,2017-04-01,07,117.1
4368,2017-05-01,07,113.4
4369,2017-06-01,07,110.7
4370,2017-07-01,07,109.5
4371,2017-08-01,07,114.5
4372,2017-09-01,07,116.8
4373,2017-10-01,07,116.6
4374,2017-11-01,07,120.4
4375,2017-12-01,07,119.5
4376,2018-01-01,07,120.0
4377,2018-02-01,07,119.3
4378,2018-03-01,07,117.6
4379,2018-04-01,07,117.6
4380,2018-05-01,07,117.7
4381,2018-06-01,07,116.8
4382,2018-07-01,07,116.8
4383,2018-08-01,07,116.9
4384,2018-09-01,07,117.2
4385,2018-10-01,07,117.5
4386,2018-11-01,07,117.6
4387,2018-12-01,07,117.1
4388,2019-01-01,07,110.7
4389,2019-02-01,07,111.2
4390,2019-03-01,07,114.1
4391,2019-04-01,07,114.6
4392,2019-05-01,07,114.8
4393,2019-06-01,07,114.4
4394,2019-07-01,07,114.6
4395,2019-08-01,07,114.5
4396,2019-09-01,07,114.6
4397,2019-10-01,07,114.8
4398,2019-11-01,07,114.8
4399,2019-12-01,07,114.9
4400,2020-01-01,07,115.0
4401,2020-02-01,07,113.9
4402,2020-03-01,07,104.0
4403,2020-04-01,07,90.0
4404,2020-05-01,07,90.9
4405,2020-06-01,07,98.0
4406,2020-07-01,07,102.8
4407,2020-08-01,07,103.2
4408,2020-09-01,07,103.2
4409,2020-10-01,07,103.1
4410,2020-11-01,07,102.1
4411,2020-12-01,07,105.2
4412,2021-01-01,07,109.1
4413,2021-02-01,07,111.6
4414,2021-03-01,07,114.2
4415,2021-04-01,07,114.3
4416,2021-05-01,07,114.5
4417,2021-06-01,07,114.3
4418,2021-07-01,07,114.7
4419,2021-08-01,07,114.6
4420,2021-09-01,07,114.6
4421,2021-10-01,07,114.8
4422,2021-11-01,07,115.1
4423,2021-12-01,07,115.2
4424,2022-01-01,07,115.7
4425,2022-02-01,07,115.9
4426,2022-03-01,07,117.2
4427,2022-04-01,07,117.7
4428,2022-05-01,07,119.0
4429,2022-06-01,07,120.5
4430,2022-07-01,07,121.1
4431,2022-08-01,07,120.6
4432,2022-09-01,07,120.7
4433,2022-10-01,07,120.8
4434,2022-11-01,07,120.8
4435,2022-12-01,07,120.9
4436,2023-01-01,07,120.3
4437,2023-02-01,07,120.2
4438,2023-03-01,07,120.0
4439,2023-04-01,07,120.4
4440,2023-05-01,07,120.2
4441,2023-06-01,07,120.5
4442,2023-07-01,07,120.6
4443,2023-08-01,07,120.6
4444,2023-09-01,07,120.6
4445,2023-10-01,07,120.8
4446,2023-11-01,07,120.9
4447,2023-12-01,07,121.3
4448,2024-01-01,07,121.2
4449,2024-02-01,07,121.7
4450,2024-03-01,07,121.5
4451,2024-04-01,07,121.4
4452,2024-05-01,07,121.3
4453,2024-06-01,07,121.9
4454,2024-07-01,07,122.1
4455,2024-08-01,07,122.2
4456,2024-09-01,07,121.9
4457,2024-10-01,07,121.7
4458,2024-11-01,07,121.4
4459,2024-12-01,07,121.8
4460,2025-01-01,07,122.3
4461,2025-02-01,07,122.6
4462,2025-03-01,07,122.3
4463,2025-04-01,07,122.3
4464,2025-05-01,07,122.1
4465,2025-06-01,07,122.3
4466,2025-07-01,07,122.6
4467,2025-08-01,07,122.5
4468,2025-09-01,07,122.7
4469,2025-10-01,07,121.6
4470,2025-11-01,07,121.6
4471,2025-12-01,07,121.9
4472,2026-01-01,07,121.4
4473,2026-02-01,07,121.7
4474,2026-03-01,07,124.2
4475,2026-04-01,07,127.3
4476,2026-05-01,07,126.7
4477,2026-06-01,07,125.7
4478,2026-07-01,07,124.3
4479,2026-08-01,07,125.0
4480,1980-01-01,08,
4481,1980-02-01,08,
4482,1980-03-01,08,
4483,1980-04-01,08,
4484,1980-05-01,08,
4485,1980-06-01,08,
4486,1980-07-01,08,
4487,1980-08-01,08,
4488,1980-09-01,08,
4489,1980-10-01,08,
4490,1980-11-01,08,
4491,1980-12-01,08,
4492,1981-01-01,08,
4493,1981-02-01,08,
4494,1981-03-01,08,
4495,1981-04-01,08,
4496,1981-05-01,08,
4497,1981-06-01,08,
4498,1981-07-01,08,
4499,1981-08-01,08,
4500,1981-09-01,08,
4501,1981-10-01,08,
4502,1981-11-01,08,
4503,1981-12-01,08,
4504,1982-01-01,08,
4505,1982-02-01,08,
4506,1982-03-01,08,
4507,1982-04-01,08,
4508,1982-05-01,08,
4509,1982-06-01,08,
4510,1982-07-01,08,
4511,1982-08-01,08,
4512,1982-09-01,08,
4513,1982-10-01,08,
4514,1982-11-01,08,
4515,1982-12-01,08,
4516,1983-01-01,08,
4517,1983-02-01,08,
4518,1983-03-01,08,
4519,1983-04-01,08,
4520,1983-05-01,08,
4521,1983-06-01,08,
4522,1983-07-01,08,
4523,1983-08-01,08,
4524,1983-09-01,08,
4525,1983-10-01,08,
4526,1983-11-01,08,
4527,1983-12-01,08,
4528,1984-01-01,08,
4529,1984-02-01,08,
4530,1984-03-01,08,
4531,1984-04-01,08,
4532,1984-05-01,08,
4533,1984-06-01,08,
4534,1984-07-01,08,
4535,1984-08-01,08,
4536,1984-09-01,08,
4537,1984-10-01,08,
4538,1984-11-01,08,
4539,1984-12-01,08,
4540,1985-01-01,08,
4541,1985-02-01,08,
4542,1985-03-01,08,
4543,1985-04-01,08,
4544,1985-05-01,08,
4545,1985-06-01,08,
4546,1985-07-01,08,
4547,1985-08-01,08,
4548,1985-09-01,08,
4549,1985-10-01,08,
4550,1985-11-01,08,
4551,1985-12-01,08,
4552,1986-01-01,08,
4553,1986-02-01,08,
4554,1986-03-01,08,
4555,1986-04-01,08,
4556,1986-05-01,08,
4557,1986-06-01,08,
4558,1986-07-01,08,
4559,1986-08-01,08,
4560,1986-09-01,08,
4561,1986-10-01,08,
4562,1986-11-01,08,
4563,1986-12-01,08,
4564,1987-01-01,08,
4565,1987-02-01,08,
4566,1987-03-01,08,
4567,1987-04-01,08,
4568,1987-05-01,08,
4569,1987-06-01,08,
4570,1987-07-01,08,
4571,1987-08-01,08,
4572,1987-09-01,08,
4573,1987-10-01,08,
4574,1987-11-01,08,
4575,1987-12-01,08,
4576,1988-01-01,08,
4577,1988-02-01,08,
4578,1988-03-01,08,
4579,1988-04-01,08,
4580,1988-05-01,08,
4581,1988-06-01,08,
4582,1988-07-01,08,
4583,1988-08-01,08,
4584,1988-09-01,08,
4585,1988-10-01,08,
4586,1988-11-01,08,
4587,1988-12-01,08,
4588,1989-01-01,08,
4589,1989-02-01,08,
4590,1989-03-01,08,
4591,1989-04-01,08,
4592,1989-05-01,08,
4593,1989-06-01,08,
4594,1989-07-01,08,
4595,1989-08-01,08,
4596,1989-09-01,08,
4597,1989-10-01,08,
4598,1989-11-01,08,
4599,1989-12-01,08,
4600,1990-01-01,08,
4601,1990-02-01,08,
4602,1990-03-01,08,
4603,1990-04-01,08,
4604,1990-05-01,08,
4605,1990-06-01,08,
4606,1990-07-01,08,
4607,1990-08-01,08,
4608,1990-09-01,08,
4609,1990-10-01,08,
4610,1990-11-01,08,
4611,1990-12-01,08,
4612,1991-01-01,08,
4613,1991-02-01,08,
4614,1991-03-01,08,
4615,1991-04-01,08,
4616,1991-05-01,08,
4617,1991-06-01,08,
4618,1991-07-01,08,
4619,1991-08-01,08,
4620,1991-09-01,08,
4621,1991-10-01,08,
4622,1991-11-01,08,
4623,1991-12-01,08,
4624,1992-01-01,08,
4625,1992-02-01,08,
4626,1992-03-01,08,
4627,1992-04-01,08,
4628,1992-05-01,08,
4629,1992-06-01,08,
4630,1992-07-01,08,
4631,1992-08-01,08,
4632,1992-09-01,08,
4633,1992-10-01,08,
4634,1992-11-01,08,
4635,1992-12-01,08,
4636,1993-01-01,08,
4637,1993-02-01,08,
4638,1993-03-01,08,
4639,1993-04-01,08,
4640,1993-05-01,08,
4641,1993-06-01,08,
4642,1993-07-01,08,
4643,1993-08-01,08,
4644,1993-09-01,08,
4645,1993-10-01,08,
4646,1993-11-01,08,
4647,1993-12-01,08,
4648,1994-01-01,08,
4649,1994-02-01,08,
4650,1994-03-01,08,
4651,1994-04-01,08,
4652,1994-05-01,08,
4653,1994-06-01,08,
4654,1994-07-01,08,
4655,1994-08-01,08,
4656,1994-09-01,08,
4657,1994-10-01,08,
4658,1994-11-01,08,
4659,1994-12-01,08,
4660,1995-01-01,08,
4661,1995-02-01,08,
4662,1995-03-01,08,
4663,1995-04-01,08,
4664,1995-05-01,08,
4665,1995-06-01,08,
4666,1995-07-01,08,
4667,1995-08-01,08,
4668,1995-09-01,08,
4669,1995-10-01,08,
4670,1995-11-01,08,
4671,1995-12-01,08,
4672,1996-01-01,08,
4673,1996-02-01,08,
4674,1996-03-01,08,
4675,1996-04-01,08,
4676,1996-05-01,08,
4677,1996-06-01,08,
4678,1996-07-01,08,
4679,1996-08-01,08,
4680,1996-09-01,08,
4681,1996-10-01,08,
4682,1996-11-01,08,
4683,1996-12-01,08,
4684,1997-01-01,08,
4685,1997-02-01,08,
4686,1997-03-01,08,
4687,1997-04-01,08,
4688,1997-05-01,08,
4689,1997-06-01,08,
4690,1997-07-01,08,
4691,1997-08-01,08,
4692,1997-09-01,08,
4693,1997-10-01,08,
4694,1997-11-01,08,
4695,1997-12-01,08,
4696,1998-01-01,08,
4697,1998-02-01,08,
4698,1998-03-01,08,
4699,1998-04-01,08,
4700,1998-05-01,08,
4701,1998-06-01,08,
4702,1998-07-01,08,
4703,1998-08-01,08,
4704,1998-09-01,08,
4705,1998-10-01,08,
4706,1998-11-01,08,
4707,1998-12-01,08,
4708,1999-01-01,08,
4709,1999-02-01,08,
4710,1999-03-01,08,
4711,1999-04-01,08,
4712,1999-05-01,08,
4713,1999-06-01,08,
4714,1999-07-01,08,
4715,1999-08-01,08,
4716,1999-09-01,08,
4717,1999-10-01,08,
4718,1999-11-01,08,
4719,1999-12-01,08,
4720,2000-01-01,08,
4721,2000-02-01,08,
4722,2000-03-01,08,
4723,2000-04-01,08,
4724,2000-05-01,08,
4725,2000-06-01,08,
4726,2000-07-01,08,
4727,2000-08-01,08,
4728,2000-09-01,08,
4729,2000-10-01,08,
4730,2000-11-01,08,
4731,2000-12-01,08,
4732,2001-01-01,08,
4733,2001-02-01,08,
4734,2001-03-01,08,
4735,2001-04-01,08,
4736,2001-05-01,08,
4737,2001-06-01,08,
4738,2001-07-01,08,
4739,2001-08-01,08,
4740,2001-09-01,08,
4741,2001-10-01,08,
4742,2001-11-01,08,
4743,2001-12-01,08,
4744,2002-01-01,08,
4745,2002-02-01,08,
4746,2002-03-01,08,
4747,2002-04-01,08,
4748,2002-05-01,08,
4749,2002-06-01,08,
4750,2002-07-01,08,
4751,2002-08-01,08,
4752,2002-09-01,08,
4753,2002-10-01,08,
4754,2002-11-01,08,
4755,2002-12-01,08,
4756,2003-01-01,08,100.7
4757,2003-02-01,08,100.7
4758,2003-03-01,08,100.8
4759,2003-04-01,08,104.3
4760,2003-05-01,08,104.3
4761,2003-06-01,08,104.3
4762,2003-07-01,08,104.1
4763,2003-08-01,08,104.1
4764,2003-09-01,08,104.1
4765,2003-10-01,08,104.2
4766,2003-11-01,08,104.2
4767,2003-12-01,08,104.2
4768,2004-01-01,08,104.2
4769,2004-02-01,08,104.2
4770,2004-03-01,08,104.3
4771,2004-04-01,08,104.2
4772,2004-05-01,08,104.2
4773,2004-06-01,08,104.2
4774,2004-07-01,08,104.0
4775,2004-08-01,08,104.0
4776,2004-09-01,08,104.0
4777,2004-10-01,08,104.1
4778,2004-11-01,08,104.8
4779,2004-12-01,08,104.6
4780,2005-01-01,08,104.6
4781,2005-02-01,08,104.6
4782,2005-03-01,08,104.5
4783,2005-04-01,08,104.3
4784,2005-05-01,08,104.2
4785,2005-06-01,08,104.0
4786,2005-07-01,08,104.0
4787,2005-08-01,08,103.9
4788,2005-09-01,08,103.9
4789,2005-10-01,08,103.7
4790,2005-11-01,08,103.6
4791,2005-12-01,08,103.5
4792,2006-01-01,08,103.5
4793,2006-02-01,08,103.4
4794,2006-03-01,08,103.2
4795,2006-04-01,08,102.9
4796,2006-05-01,08,102.7
4797,2006-06-01,08,102.5
4798,2006-07-01,08,102.4
4799,2006-08-01,08,102.3
4800,2006-09-01,08,102.2
4801,2006-10-01,08,102.1
4802,2006-11-01,08,102.0
4803,2006-12-01,08,101.9
4804,2007-01-01,08,101.8
4805,2007-02-01,08,101.7
4806,2007-03-01,08,101.6
4807,2007-04-01,08,101.5
4808,2007-05-01,08,101.4
4809,2007-06-01,08,101.2
4810,2007-07-01,08,101.2
4811,2007-08-01,08,101.1
4812,2007-09-01,08,101.2
4813,2007-10-01,08,101.1
4814,2007-11-01,08,101.1
4815,2007-12-01,08,101.0
4816,2008-01-01,08,100.9
4817,2008-02-01,08,100.9
4818,2008-03-01,08,100.9
4819,2008-04-01,08,100.8
4820,2008-05-01,08,100.7
4821,2008-06-01,08,100.7
4822,2008-07-01,08,100.6
4823,2008-08-01,08,100.6
4824,2008-09-01,08,100.6
4825,2008-10-01,08,100.6
4826,2008-11-01,08,100.5
4827,2008-12-01,08,100.4
4828,2009-01-01,08,100.4
4829,2009-02-01,08,100.4
4830,2009-03-01,08,100.3
4831,2009-04-01,08,100.3
4832,2009-05-01,08,100.3
4833,2009-06-01,08,100.2
4834,2009-07-01,08,100.2
4835,2009-08-01,08,100.2
4836,2009-09-01,08,100.1
4837,2009-10-01,08,100.1
4838,2009-11-01,08,100.1
4839,2009-12-01,08,100.0
4840,2010-01-01,08,100.3
4841,2010-02-01,08,100.3
4842,2010-03-01,08,100.2
4843,2010-04-01,08,99.7
4844,2010-05-01,08,99.7
4845,2010-06-01,08,99.7
4846,2010-07-01,08,100.1
4847,2010-08-01,08,100.0
4848,2010-09-01,08,100.1
4849,2010-10-01,08,100.0
4850,2010-11-01,08,100.0
4851,2010-12-01,08,100.0
4852,2011-01-01,08,100.0
4853,2011-02-01,08,100.0
4854,2011-03-01,08,100.0
4855,2011-04-01,08,99.9
4856,2011-05-01,08,99.8
4857,2011-06-01,08,99.7
4858,2011-07-01,08,99.7
4859,2011-08-01,08,99.6
4860,2011-09-01,08,99.6
4861,2011-10-01,08,99.5
4862,2011-11-01,08,99.5
4863,2011-12-01,08,99.4
4864,2012-01-01,08,99.4
4865,2012-02-01,08,99.4
4866,2012-03-01,08,99.3
4867,2012-04-01,08,99.2
4868,2012-05-01,08,99.2
4869,2012-06-01,08,99.1
4870,2012-07-01,08,99.1
4871,2012-08-01,08,99.0
4872,2012-09-01,08,98.9
4873,2012-10-01,08,98.8
4874,2012-11-01,08,98.8
4875,2012-12-01,08,98.8
4876,2013-01-01,08,98.6
4877,2013-02-01,08,98.7
4878,2013-03-01,08,98.6
4879,2013-04-01,08,98.5
4880,2013-05-01,08,98.5
4881,2013-06-01,08,98.4
4882,2013-07-01,08,98.4
4883,2013-08-01,08,98.3
4884,2013-09-01,08,98.3
4885,2013-10-01,08,98.3
4886,2013-11-01,08,98.2
4887,2013-12-01,08,98.2
4888,2014-01-01,08,98.2
4889,2014-02-01,08,98.1
4890,2014-03-01,08,98.1
4891,2014-04-01,08,97.9
4892,2014-05-01,08,97.8
4893,2014-06-01,08,97.8
4894,2014-07-01,08,97.7
4895,2014-08-01,08,97.6
4896,2014-09-01,08,97.5
4897,2014-10-01,08,97.4
4898,2014-11-01,08,97.3
4899,2014-12-01,08,97.3
4900,2015-01-01,08,97.2
4901,2015-02-01,08,97.2
4902,2015-03-01,08,97.2
4903,2015-04-01,08,100.2
4904,2015-05-01,08,100.3
4905,2015-06-01,08,100.3
4906,2015-07-01,08,100.4
4907,2015-08-01,08,100.5
4908,2015-09-01,08,100.6
4909,2015-10-01,08,100.6
4910,2015-11-01,08,100.6
4911,2015-12-01,08,100.5
4912,2016-01-01,08,98.1
4913,2016-02-01,08,98.1
4914,2016-03-01,08,98.1
4915,2016-04-01,08,98.1
4916,2016-05-01,08,98.1
4917,2016-06-01,08,98.1
4918,2016-07-01,08,98.1
4919,2016-08-01,08,98.1
4920,2016-09-01,08,98.0
4921,2016-10-01,08,98.0
4922,2016-11-01,08,97.9
4923,2016-12-01,08,97.9
4924,2017-01-01,08,97.9
4925,2017-02-01,08,97.8
4926,2017-03-01,08,97.9
4927,2017-04-01,08,97.8
4928,2017-05-01,08,97.8
4929,2017-06-01,08,97.8
4930,2017-07-01,08,97.8
4931,2017-08-01,08,97.8
4932,2017-09-01,08,97.7
4933,2017-10-01,08,97.6
4934,2017-11-01,08,97.4
4935,2017-12-01,08,97.4
4936,2018-01-01,08,97.4
4937,2018-02-01,08,97.3
4938,2018-03-01,08,97.2
4939,2018-04-01,08,97.1
4940,2018-05-01,08,96.9
4941,2018-06-01,08,94.0
4942,2018-07-01,08,94.0
4943,2018-08-01,08,93.9
4944,2018-09-01,08,96.1
4945,2018-10-01,08,96.1
4946,2018-11-01,08,96.1
4947,2018-12-01,08,96.1
4948,2019-01-01,08,96.1
4949,2019-02-01,08,96.1
4950,2019-03-01,08,96.1
4951,2019-04-01,08,96.0
4952,2019-05-01,08,96.0
4953,2019-06-01,08,96.0
4954,2019-07-01,08,96.0
4955,2019-08-01,08,96.0
4956,2019-09-01,08,96.0
4957,2019-10-01,08,97.5
4958,2019-11-01,08,97.5
4959,2019-12-01,08,97.5
4960,2020-01-01,08,97.5
4961,2020-02-01,08,97.5
4962,2020-03-01,08,97.5
4963,2020-04-01,08,97.5
4964,2020-05-01,08,97.5
4965,2020-06-01,08,97.5
4966,2020-07-01,08,97.5
4967,2020-08-01,08,97.5
4968,2020-09-01,08,97.5
4969,2020-10-01,08,97.5
4970,2020-11-01,08,97.5
4971,2020-12-01,08,97.5
4972,2021-01-01,08,97.5
4973,2021-02-01,08,97.5
4974,2021-03-01,08,97.5
4975,2021-04-01,08,97.5
4976,2021-05-01,08,97.5
4977,2021-06-01,08,97.5
4978,2021-07-01,08,97.5
4979,2021-08-01,08,97.5
4980,2021-09-01,08,97.5
4981,2021-10-01,08,97.5
4982,2021-11-01,08,97.5
4983,2021-12-01,08,97.5
4984,2022-01-01,08,97.5
4985,2022-02-01,08,97.5
4986,2022-03-01,08,97.5
4987,2022-04-01,08,97.5
4988,2022-05-01,08,97.5
4989,2022-06-01,08,97.5
4990,2022-07-01,08,97.5
4991,2022-08-01,08,97.5
4992,2022-09-01,08,97.5
4993,2022-10-01,08,97.5
4994,2022-11-01,08,97.5
4995,2022-12-01,08,97.4
4996,2023-01-01,08,96.1
4997,2023-02-01,08,96.1
4998,2023-03-01,08,96.1
4999,2023-04-01,08,96.1
5000,2023-05-01,08,93.9
5001,2023-06-01,08,94.0
5002,2023-07-01,08,93.9
5003,2023-08-01,08,93.9
5004,2023-09-01,08,93.9
5005,2023-10-01,08,93.9
5006,2023-11-01,08,93.9
5007,2023-12-01,08,93.8
5008,2024-01-01,08,93.8
5009,2024-02-01,08,93.8
5010,2024-03-01,08,93.8
5011,2024-04-01,08,93.7
5012,2024-05-01,08,94.3
5013,2024-06-01,08,94.3
5014,2024-07-01,08,94.4
5015,2024-08-01,08,94.4
5016,2024-09-01,08,94.3
5017,2024-10-01,08,92.3
5018,2024-11-01,08,90.2
5019,2024-12-01,08,88.7
5020,2025-01-01,08,88.8
5021,2025-02-01,08,88.8
5022,2025-03-01,08,88.7
5023,2025-04-01,08,89.5
5024,2025-05-01,08,89.4
5025,2025-06-01,08,89.2
5026,2025-07-01,08,88.4
5027,2025-08-01,08,89.1
5028,2025-09-01,08,90.1
5029,2025-10-01,08,90.1
5030,2025-11-01,08,89.0
5031,2025-12-01,08,89.5
5032,2026-01-01,08,89.4
5033,2026-02-01,08,89.2
5034,2026-03-01,08,89.9
5035,2026-04-01,08,91.3
5036,2026-05-01,08,91.3
5037,2026-06-01,08,91.3
5038,2026-07-01,08,91.4
5039,2026-08-01,08,91.4
5040,1980-01-01,09,68.8
5041,1980-02-01,09,69.2
5042,1980-03-01,09,69.1
5043,1980-04-01,09,69.1
5044,1980-05-01,09,69.1
5045,1980-06-01,09,69.2
5046,1980-07-01,09,69.4
5047,1980-08-01,09,69.4
5048,1980-09-01,09,69.5
5049,1980-10-01,09,69.5
5050,1980-11-01,09,70.4
5051,1980-12-01,09,71.1
5052,1981-01-01,09,71.6
5053,1981-02-01,09,72.0
5054,1981-03-01,09,72.1
5055,1981-04-01,09,72.4
5056,1981-05-01,09,73.3
5057,1981-06-01,09,73.3
5058,1981-07-01,09,73.7
5059,1981-08-01,09,74.1
5060,1981-09-01,09,74.1
5061,1981-10-01,09,74.2
5062,1981-11-01,09,74.2
5063,1981-12-01,09,74.3
5064,1982-01-01,09,74.9
5065,1982-02-01,09,75.1
5066,1982-03-01,09,75.2
5067,1982-04-01,09,75.3
5068,1982-05-01,09,75.5
5069,1982-06-01,09,75.6
5070,1982-07-01,09,75.6
5071,1982-08-01,09,75.7
5072,1982-09-01,09,75.8
5073,1982-10-01,09,75.8
5074,1982-11-01,09,75.2
5075,1982-12-01,09,75.4
5076,1983-01-01,09,75.3
5077,1983-02-01,09,75.4
5078,1983-03-01,09,75.3
5079,1983-04-01,09,75.4
5080,1983-05-01,09,75.2
5081,1983-06-01,09,75.4
5082,1983-07-01,09,75.4
5083,1983-08-01,09,75.4
5084,1983-09-01,09,75.2
5085,1983-10-01,09,75.3
5086,1983-11-01,09,75.4
5087,1983-12-01,09,75.6
5088,1984-01-01,09,74.9
5089,1984-02-01,09,74.9
5090,1984-03-01,09,73.5
5091,1984-04-01,09,72.8
5092,1984-05-01,09,72.8
5093,1984-06-01,09,72.7
5094,1984-07-01,09,72.7
5095,1984-08-01,09,72.7
5096,1984-09-01,09,72.6
5097,1984-10-01,09,72.5
5098,1984-11-01,09,72.2
5099,1984-12-01,09,72.2
5100,1985-01-01,09,72.1
5101,1985-02-01,09,72.1
5102,1985-03-01,09,72.1
5103,1985-04-01,09,72.8
5104,1985-05-01,09,72.9
5105,1985-06-01,09,71.8
5106,1985-07-01,09,71.5
5107,1985-08-01,09,71.5
5108,1985-09-01,09,71.9
5109,1985-10-01,09,72.2
5110,1985-11-01,09,72.3
5111,1985-12-01,09,72.4
5112,1986-01-01,09,72.3
5113,1986-02-01,09,72.6
5114,1986-03-01,09,72.4
5115,1986-04-01,09,72.4
5116,1986-05-01,09,72.4
5117,1986-06-01,09,72.7
5118,1986-07-01,09,72.7
5119,1986-08-01,09,72.5
5120,1986-09-01,09,72.4
5121,1986-10-01,09,72.4
5122,1986-11-01,09,72.5
5123,1986-12-01,09,72.4
5124,1987-01-01,09,72.4
5125,1987-02-01,09,72.7
5126,1987-03-01,09,72.7
5127,1987-04-01,09,74.3
5128,1987-05-01,09,74.3
5129,1987-06-01,09,74.3
5130,1987-07-01,09,74.5
5131,1987-08-01,09,74.5
5132,1987-09-01,09,74.7
5133,1987-10-01,09,74.8
5134,1987-11-01,09,74.9
5135,1987-12-01,09,74.8
5136,1988-01-01,09,74.9
5137,1988-02-01,09,75.1
5138,1988-03-01,09,75.2
5139,1988-04-01,09,75.1
5140,1988-05-01,09,75.0
5141,1988-06-01,09,75.4
5142,1988-07-01,09,75.6
5143,1988-08-01,09,75.3
5144,1988-09-01,09,75.4
5145,1988-10-01,09,75.4
5146,1988-11-01,09,75.4
5147,1988-12-01,09,75.3
5148,1989-01-01,09,75.5
5149,1989-02-01,09,75.4
5150,1989-03-01,09,75.4
5151,1989-04-01,09,75.4
5152,1989-05-01,09,75.4
5153,1989-06-01,09,75.4
5154,1989-07-01,09,75.9
5155,1989-08-01,09,76.1
5156,1989-09-01,09,75.9
5157,1989-10-01,09,75.9
5158,1989-11-01,09,75.9
5159,1989-12-01,09,75.9
5160,1990-01-01,09,76.2
5161,1990-02-01,09,76.2
5162,1990-03-01,09,76.2
5163,1990-04-01,09,76.3
5164,1990-05-01,09,76.3
5165,1990-06-01,09,76.2
5166,1990-07-01,09,76.3
5167,1990-08-01,09,76.3
5168,1990-09-01,09,76.3
5169,1990-10-01,09,76.3
5170,1990-11-01,09,76.3
5171,1990-12-01,09,76.3
5172,1991-01-01,09,76.2
5173,1991-02-01,09,76.2
5174,1991-03-01,09,77.1
5175,1991-04-01,09,77.0
5176,1991-05-01,09,77.1
5177,1991-06-01,09,77.2
5178,1991-07-01,09,79.5
5179,1991-08-01,09,79.9
5180,1991-09-01,09,79.9
5181,1991-10-01,09,79.9
5182,1991-11-01,09,79.9
5183,1991-12-01,09,79.9
5184,1992-01-01,09,76.2
5185,1992-02-01,09,76.2
5186,1992-03-01,09,77.1
5187,1992-04-01,09,77.0
5188,1992-05-01,09,77.1
5189,1992-06-01,09,77.2
5190,1992-07-01,09,79.5
5191,1992-08-01,09,79.9
5192,1992-09-01,09,79.9
5193,1992-10-01,09,79.9
5194,1992-11-01,09,79.9
5195,1992-12-01,09,79.9
5196,1993-01-01,09,80.9
5197,1993-02-01,09,81.2
5198,1993-03-01,09,81.2
5199,1993-04-01,09,81.3
5200,1993-05-01,09,80.8
5201,1993-06-01,09,80.8
5202,1993-07-01,09,80.8
5203,1993-08-01,09,80.8
5204,1993-09-01,09,80.9
5205,1993-10-01,09,81.1
5206,1993-11-01,09,81.1
5207,1993-12-01,09,81.3
5208,1994-01-01,09,81.3
5209,1994-02-01,09,81.3
5210,1994-03-01,09,81.3
5211,1994-04-01,09,81.3
5212,1994-05-01,09,81.3
5213,1994-06-01,09,81.4
5214,1994-07-01,09,81.5
5215,1994-08-01,09,81.8
5216,1994-09-01,09,81.8
5217,1994-10-01,09,81.9
5218,1994-11-01,09,81.8
5219,1994-12-01,09,81.7
5220,1995-01-01,09,82.7
5221,1995-02-01,09,82.9
5222,1995-03-01,09,83.3
5223,1995-04-01,09,83.4
5224,1995-05-01,09,83.4
5225,1995-06-01,09,83.5
5226,1995-07-01,09,83.5
5227,1995-08-01,09,84.0
5228,1995-09-01,09,84.0
5229,1995-10-01,09,84.0
5230,1995-11-01,09,84.0
5231,1995-12-01,09,84.1
5232,1996-01-01,09,85.5
5233,1996-02-01,09,86.2
5234,1996-03-01,09,86.3
5235,1996-04-01,09,86.5
5236,1996-05-01,09,86.5
5237,1996-06-01,09,86.6
5238,1996-07-01,09,86.6
5239,1996-08-01,09,86.6
5240,1996-09-01,09,86.3
5241,1996-10-01,09,86.3
5242,1996-11-01,09,86.2
5243,1996-12-01,09,86.2
5244,1997-01-01,09,86.4
5245,1997-02-01,09,86.5
5246,1997-03-01,09,86.6
5247,1997-04-01,09,86.6
5248,1997-05-01,09,86.6
5249,1997-06-01,09,86.6
5250,1997-07-01,09,86.7
5251,1997-08-01,09,86.7
5252,1997-09-01,09,86.8
5253,1997-10-01,09,86.8
5254,1997-11-01,09,86.9
5255,1997-12-01,09,87.2
5256,1998-01-01,09,87.8
5257,1998-02-01,09,88.2
5258,1998-03-01,09,88.5
5259,1998-04-01,09,88.6
5260,1998-05-01,09,88.7
5261,1998-06-01,09,89.6
5262,1998-07-01,09,90.0
5263,1998-08-01,09,90.2
5264,1998-09-01,09,90.2
5265,1998-10-01,09,90.3
5266,1998-11-01,09,90.7
5267,1998-12-01,09,90.7
5268,1999-01-01,09,91.9
5269,1999-02-01,09,91.9
5270,1999-03-01,09,91.8
5271,1999-04-01,09,91.9
5272,1999-05-01,09,91.8
5273,1999-06-01,09,91.7
5274,1999-07-01,09,91.7
5275,1999-08-01,09,91.7
5276,1999-09-01,09,91.7
5277,1999-10-01,09,91.7
5278,1999-11-01,09,91.7
5279,1999-12-01,09,91.6
5280,2000-01-01,09,92.0
5281,2000-02-01,09,92.1
5282,2000-03-01,09,92.3
5283,2000-04-01,09,92.4
5284,2000-05-01,09,92.2
5285,2000-06-01,09,92.2
5286,2000-07-01,09,92.3
5287,2000-08-01,09,92.2
5288,2000-09-01,09,92.4
5289,2000-10-01,09,92.4
5290,2000-11-01,09,92.4
5291,2000-12-01,09,92.4
5292,2001-01-01,09,92.6
5293,2001-02-01,09,92.5
5294,2001-03-01,09,92.5
5295,2001-04-01,09,92.4
5296,2001-05-01,09,92.4
5297,2001-06-01,09,92.3
5298,2001-07-01,09,92.2
5299,2001-08-01,09,91.9
5300,2001-09-01,09,91.9
5301,2001-10-01,09,91.8
5302,2001-11-01,09,91.8
5303,2001-12-01,09,91.8
5304,2002-01-01,09,92.2
5305,2002-02-01,09,92.5
5306,2002-03-01,09,92.4
5307,2002-04-01,09,92.4
5308,2002-05-01,09,92.4
5309,2002-06-01,09,92.3
5310,2002-07-01,09,92.6
5311,2002-08-01,09,92.5
5312,2002-09-01,09,92.5
5313,2002-10-01,09,92.4
5314,2002-11-01,09,92.2
5315,2002-12-01,09,92.2
5316,2003-01-01,09,94.2
5317,2003-02-01,09,94.3
5318,2003-03-01,09,94.0
5319,2003-04-01,09,93.9
5320,2003-05-01,09,94.0
5321,2003-06-01,09,94.1
5322,2003-07-01,09,94.1
5323,2003-08-01,09,94.3
5324,2003-09-01,09,94.1
5325,2003-10-01,09,93.9
5326,2003-11-01,09,93.9
5327,2003-12-01,09,93.8
5328,2004-01-01,09,93.7
5329,2004-02-01,09,93.7
5330,2004-03-01,09,93.3
5331,2004-04-01,09,93.5
5332,2004-05-01,09,93.4
5333,2004-06-01,09,93.4
5334,2004-07-01,09,93.2
5335,2004-08-01,09,93.3
5336,2004-09-01,09,93.2
5337,2004-10-01,09,93.0
5338,2004-11-01,09,92.3
5339,2004-12-01,09,92.3
5340,2005-01-01,09,93.3
5341,2005-02-01,09,93.2
5342,2005-03-01,09,93.3
5343,2005-04-01,09,93.2
5344,2005-05-01,09,93.2
5345,2005-06-01,09,93.2
5346,2005-07-01,09,93.1
5347,2005-08-01,09,93.1
5348,2005-09-01,09,93.5
5349,2005-10-01,09,93.3
5350,2005-11-01,09,93.3
5351,2005-12-01,09,93.7
5352,2006-01-01,09,93.7
5353,2006-02-01,09,94.0
5354,2006-03-01,09,93.9
5355,2006-04-01,09,93.9
5356,2006-05-01,09,93.9
5357,2006-06-01,09,93.9
5358,2006-07-01,09,94.1
5359,2006-08-01,09,94.0
5360,2006-09-01,09,94.0
5361,2006-10-01,09,94.0
5362,2006-11-01,09,94.0
5363,2006-12-01,09,93.9
5364,2007-01-01,09,94.0
5365,2007-02-01,09,94.1
5366,2007-03-01,09,93.9
5367,2007-04-01,09,93.9
5368,2007-05-01,09,93.9
5369,2007-06-01,09,95.9
5370,2007-07-01,09,96.1
5371,2007-08-01,09,96.2
5372,2007-09-01,09,96.2
5373,2007-10-01,09,96.1
5374,2007-11-01,09,96.3
5375,2007-12-01,09,96.3
5376,2008-01-01,09,96.4
5377,2008-02-01,09,96.5
5378,2008-03-01,09,96.5
5379,2008-04-01,09,96.5
5380,2008-05-01,09,96.5
5381,2008-06-01,09,96.6
5382,2008-07-01,09,96.9
5383,2008-08-01,09,97.0
5384,2008-09-01,09,97.2
5385,2008-10-01,09,97.4
5386,2008-11-01,09,97.5
5387,2008-12-01,09,97.5
5388,2009-01-01,09,97.4
5389,2009-02-01,09,97.5
5390,2009-03-01,09,97.4
5391,2009-04-01,09,97.4
5392,2009-05-01,09,97.5
5393,2009-06-01,09,97.6
5394,2009-07-01,09,97.6
5395,2009-08-01,09,99.5
5396,2009-09-01,09,99.6
5397,2009-10-01,09,99.7
5398,2009-11-01,09,99.9
5399,2009-12-01,09,99.9
5400,2010-01-01,09,100.2
5401,2010-02-01,09,100.2
5402,2010-03-01,09,100.2
5403,2010-04-01,09,100.1
5404,2010-05-01,09,100.0
5405,2010-06-01,09,100.0
5406,2010-07-01,09,100.1
5407,2010-08-01,09,99.9
5408,2010-09-01,09,99.9
5409,2010-10-01,09,99.8
5410,2010-11-01,09,99.7
5411,2010-12-01,09,99.7
5412,2011-01-01,09,99.7
5413,2011-02-01,09,100.5
5414,2011-03-01,09,100.4
5415,2011-04-01,09,101.9
5416,2011-05-01,09,101.9
5417,2011-06-01,09,101.9
5418,2011-07-01,09,102.3
5419,2011-08-01,09,102.9
5420,2011-09-01,09,102.9
5421,2011-10-01,09,103.0
5422,2011-11-01,09,103.1
5423,2011-12-01,09,103.1
5424,2012-01-01,09,103.2
5425,2012-02-01,09,103.4
5426,2012-03-01,09,103.2
5427,2012-04-01,09,103.2
5428,2012-05-01,09,103.2
5429,2012-06-01,09,103.2
5430,2012-07-01,09,103.3
5431,2012-08-01,09,103.2
5432,2012-09-01,09,103.1
5433,2012-10-01,09,103.1
5434,2012-11-01,09,103.0
5435,2012-12-01,09,103.0
5436,2013-01-01,09,103.1
5437,2013-02-01,09,103.2
5438,2013-03-01,09,103.2
5439,2013-04-01,09,103.1
5440,2013-05-01,09,103.0
5441,2013-06-01,09,103.0
5442,2013-07-01,09,103.0
5443,2013-08-01,09,103.1
5444,2013-09-01,09,103.0
5445,2013-10-01,09,103.0
5446,2013-11-01,09,103.6
5447,2013-12-01,09,104.9
5448,2014-01-01,09,104.8
5449,2014-02-01,09,104.9
5450,2014-03-01,09,104.9
5451,2014-04-01,09,104.9
5452,2014-05-01,09,105.0
5453,2014-06-01,09,105.0
5454,2014-07-01,09,105.0
5455,2014-08-01,09,105.0
5456,2014-09-01,09,105.0
5457,2014-10-01,09,104.9
5458,2014-11-01,09,104.9
5459,2014-12-01,09,104.9
5460,2015-01-01,09,105.3
5461,2015-02-01,09,105.7
5462,2015-03-01,09,105.5
5463,2015-04-01,09,106.5
5464,2015-05-01,09,106.7
5465,2015-06-01,09,106.8
5466,2015-07-01,09,107.0
5467,2015-08-01,09,107.2
5468,2015-09-01,09,107.4
5469,2015-10-01,09,107.4
5470,2015-11-01,09,107.6
5471,2015-12-01,09,107.6
5472,2016-01-01,09,107.7
5473,2016-02-01,09,108.2
5474,2016-03-01,09,108.2
5475,2016-04-01,09,108.2
5476,2016-05-01,09,108.3
5477,2016-06-01,09,108.3
5478,2016-07-01,09,108.8
5479,2016-08-01,09,111.1
5480,2016-09-01,09,111.1
5481,2016-10-01,09,111.2
5482,2016-11-01,09,111.0
5483,2016-12-01,09,111.1
5484,2017-01-01,09,111.2
5485,2017-02-01,09,111.6
5486,2017-03-01,09,111.4
5487,2017-04-01,09,111.4
5488,2017-05-01,09,111.4
5489,2017-06-01,09,111.5
5490,2017-07-01,09,111.6
5491,2017-08-01,09,111.5
5492,2017-09-01,09,111.5
5493,2017-10-01,09,111.6
5494,2017-11-01,09,111.7
5495,2017-12-01,09,111.7
5496,2018-01-01,09,111.8
5497,2018-02-01,09,112.0
5498,2018-03-01,09,112.0
5499,2018-04-01,09,112.1
5500,2018-05-01,09,112.0
5501,2018-06-01,09,108.7
5502,2018-07-01,09,108.9
5503,2018-08-01,09,109.0
5504,2018-09-01,09,111.3
5505,2018-10-01,09,111.4
5506,2018-11-01,09,111.4
5507,2018-12-01,09,111.5
5508,2019-01-01,09,111.4
5509,2019-02-01,09,111.6
5510,2019-03-01,09,111.5
5511,2019-04-01,09,111.6
5512,2019-05-01,09,111.5
5513,2019-06-01,09,111.6
5514,2019-07-01,09,111.5
5515,2019-08-01,09,111.5
5516,2019-09-01,09,112.2
5517,2019-10-01,09,112.2
5518,2019-11-01,09,112.3
5519,2019-12-01,09,112.2
5520,2020-01-01,09,112.4
5521,2020-02-01,09,112.4
5522,2020-03-01,09,112.3
5523,2020-04-01,09,112.3
5524,2020-05-01,09,112.3
5525,2020-06-01,09,112.3
5526,2020-07-01,09,112.3
5527,2020-08-01,09,112.2
5528,2020-09-01,09,112.3
5529,2020-10-01,09,112.4
5530,2020-11-01,09,112.4
5531,2020-12-01,09,112.4
5532,2021-01-01,09,112.5
5533,2021-02-01,09,112.5
5534,2021-03-01,09,112.9
5535,2021-04-01,09,113.1
5536,2021-05-01,09,113.0
5537,2021-06-01,09,113.0
5538,2021-07-01,09,113.0
5539,2021-08-01,09,113.0
5540,2021-09-01,09,113.0
5541,2021-10-01,09,112.6
5542,2021-11-01,09,112.6
5543,2021-12-01,09,112.9
5544,2022-01-01,09,113.8
5545,2022-02-01,09,114.3
5546,2022-03-01,09,114.1
5547,2022-04-01,09,114.6
5548,2022-05-01,09,115.0
5549,2022-06-01,09,115.5
5550,2022-07-01,09,115.8
5551,2022-08-01,09,116.1
5552,2022-09-01,09,116.5
5553,2022-10-01,09,116.4
5554,2022-11-01,09,116.6
5555,2022-12-01,09,115.6
5556,2023-01-01,09,116.9
5557,2023-02-01,09,116.3
5558,2023-03-01,09,116.3
5559,2023-04-01,09,116.7
5560,2023-05-01,09,117.1
5561,2023-06-01,09,117.4
5562,2023-07-01,09,117.1
5563,2023-08-01,09,117.3
5564,2023-09-01,09,117.2
5565,2023-10-01,09,117.2
5566,2023-11-01,09,117.3
5567,2023-12-01,09,117.8
5568,2024-01-01,09,117.8
5569,2024-02-01,09,118.2
5570,2024-03-01,09,118.0
5571,2024-04-01,09,119.0
5572,2024-05-01,09,119.3
5573,2024-06-01,09,119.6
5574,2024-07-01,09,119.7
5575,2024-08-01,09,119.7
5576,2024-09-01,09,119.7
5577,2024-10-01,09,119.6
5578,2024-11-01,09,119.7
5579,2024-12-01,09,119.8
5580,2025-01-01,09,119.9
5581,2025-02-01,09,120.0
5582,2025-03-01,09,120.0
5583,2025-04-01,09,120.5
5584,2025-05-01,09,120.4
5585,2025-06-01,09,120.5
5586,2025-07-01,09,120.6
5587,2025-08-01,09,120.8
5588,2025-09-01,09,120.8
5589,2025-10-01,09,121.0
5590,2025-11-01,09,121.1
5591,2025-12-01,09,120.8
5592,2026-01-01,09,121.0
5593,2026-02-01,09,121.0
5594,2026-03-01,09,121.2
5595,2026-04-01,09,121.6
5596,2026-05-01,09,121.7
5597,2026-06-01,09,121.8
5598,2026-07-01,09,122.0
5599,2026-08-01,09,122.1
5600,1980-01-01,10,
5601,1980-02-01,10,
5602,1980-03-01,10,
5603,1980-04-01,10,
5604,1980-05-01,10,
5605,1980-06-01,10,
5606,1980-07-01,10,
5607,1980-08-01,10,
5608,1980-09-01,10,
5609,1980-10-01,10,
5610,1980-11-01,10,
5611,1980-12-01,10,
5612,1981-01-01,10,
5613,1981-02-01,10,
5614,1981-03-01,10,
5615,1981-04-01,10,
5616,1981-05-01,10,
5617,1981-06-01,10,
5618,1981-07-01,10,
5619,1981-08-01,10,
5620,1981-09-01,10,
5621,1981-10-01,10,
5622,1981-11-01,10,
5623,1981-12-01,10,
5624,1982-01-01,10,
5625,1982-02-01,10,
5626,1982-03-01,10,
5627,1982-04-01,10,
5628,1982-05-01,10,
5629,1982-06-01,10,
5630,1982-07-01,10,
5631,1982-08-01,10,
5632,1982-09-01,10,
5633,1982-10-01,10,
5634,1982-11-01,10,
5635,1982-12-01,10,
5636,1983-01-01,10,
5637,1983-02-01,10,
5638,1983-03-01,10,
5639,1983-04-01,10,
5640,1983-05-01,10,
5641,1983-06-01,10,
5642,1983-07-01,10,
5643,1983-08-01,10,
5644,1983-09-01,10,
5645,1983-10-01,10,
5646,1983-11-01,10,
5647,1983-12-01,10,
5648,1984-01-01,10,
5649,1984-02-01,10,
5650,1984-03-01,10,
5651,1984-04-01,10,
5652,1984-05-01,10,
5653,1984-06-01,10,
5654,1984-07-01,10,
5655,1984-08-01,10,
5656,1984-09-01,10,
5657,1984-10-01,10,
5658,1984-11-01,10,
5659,1984-12-01,10,
5660,1985-01-01,10,
5661,1985-02-01,10,
5662,1985-03-01,10,
5663,1985-04-01,10,
5664,1985-05-01,10,
5665,1985-06-01,10,
5666,1985-07-01,10,
5667,1985-08-01,10,
5668,1985-09-01,10,
5669,1985-10-01,10,
5670,1985-11-01,10,
5671,1985-12-01,10,
5672,1986-01-01,10,
5673,1986-02-01,10,
5674,1986-03-01,10,
5675,1986-04-01,10,
5676,1986-05-01,10,
5677,1986-06-01,10,
5678,1986-07-01,10,
5679,1986-08-01,10,
5680,1986-09-01,10,
5681,1986-10-01,10,
5682,1986-11-01,10,
5683,1986-12-01,10,
5684,1987-01-01,10,
5685,1987-02-01,10,
5686,1987-03-01,10,
5687,1987-04-01,10,
5688,1987-05-01,10,
5689,1987-06-01,10,
5690,1987-07-01,10,
5691,1987-08-01,10,
5692,1987-09-01,10,
5693,1987-10-01,10,
5694,1987-11-01,10,
5695,1987-12-01,10,
5696,1988-01-01,10,
5697,1988-02-01,10,
5698,1988-03-01,10,
5699,1988-04-01,10,
5700,1988-05-01,10,
5701,1988-06-01,10,
5702,1988-07-01,10,
5703,1988-08-01,10,
5704,1988-09-01,10,
5705,1988-10-01,10,
5706,1988-11-01,10,
5707,1988-12-01,10,
5708,1989-01-01,10,
5709,1989-02-01,10,
5710,1989-03-01,10,
5711,1989-04-01,10,
5712,1989-05-01,10,
5713,1989-06-01,10,
5714,1989-07-01,10,
5715,1989-08-01,10,
5716,1989-09-01,10,
5717,1989-10-01,10,
5718,1989-11-01,10,
5719,1989-12-01,10,
5720,1990-01-01,10,
5721,1990-02-01,10,
5722,1990-03-01,10,
5723,1990-04-01,10,
5724,1990-05-01,10,
5725,1990-06-01,10,
5726,1990-07-01,10,
5727,1990-08-01,10,
5728,1990-09-01,10,
5729,1990-10-01,10,
5730,1990-11-01,10,
5731,1990-12-01,10,
5732,1991-01-01,10,
5733,1991-02-01,10,
5734,1991-03-01,10,
5735,1991-04-01,10,
5736,1991-05-01,10,
5737,1991-06-01,10,
5738,1991-07-01,10,
5739,1991-08-01,10,
5740,1991-09-01,10,
5741,1991-10-01,10,
5742,1991-11-01,10,
5743,1991-12-01,10,
5744,1992-01-01,10,
5745,1992-02-01,10,
5746,1992-03-01,10,
5747,1992-04-01,10,
5748,1992-05-01,10,
5749,1992-06-01,10,
5750,1992-07-01,10,
5751,1992-08-01,10,
5752,1992-09-01,10,
5753,1992-10-01,10,
5754,1992-11-01,10,
5755,1992-12-01,10,
5756,1993-01-01,10,
5757,1993-02-01,10,
5758,1993-03-01,10,
5759,1993-04-01,10,
5760,1993-05-01,10,
5761,1993-06-01,10,
5762,1993-07-01,10,
5763,1993-08-01,10,
5764,1993-09-01,10,
5765,1993-10-01,10,
5766,1993-11-01,10,
5767,1993-12-01,10,
5768,1994-01-01,10,
5769,1994-02-01,10,
5770,1994-03-01,10,
5771,1994-04-01,10,
5772,1994-05-01,10,
5773,1994-06-01,10,
5774,1994-07-01,10,
5775,1994-08-01,10,
5776,1994-09-01,10,
5777,1994-10-01,10,
5778,1994-11-01,10,
5779,1994-12-01,10,
5780,1995-01-01,10,
5781,1995-02-01,10,
5782,1995-03-01,10,
5783,1995-04-01,10,
5784,1995-05-01,10,
5785,1995-06-01,10,
5786,1995-07-01,10,
5787,1995-08-01,10,
5788,1995-09-01,10,
5789,1995-10-01,10,
5790,1995-11-01,10,
5791,1995-12-01,10,
5792,1996-01-01,10,
5793,1996-02-01,10,
5794,1996-03-01,10,
5795,1996-04-01,10,
5796,1996-05-01,10,
5797,1996-06-01,10,
5798,1996-07-01,10,
5799,1996-08-01,10,
5800,1996-09-01,10,
5801,1996-10-01,10,
5802,1996-11-01,10,
5803,1996-12-01,10,
5804,1997-01-01,10,
5805,1997-02-01,10,
5806,1997-03-01,10,
5807,1997-04-01,10,
5808,1997-05-01,10,
5809,1997-06-01,10,
5810,1997-07-01,10,
5811,1997-08-01,10,
5812,1997-09-01,10,
5813,1997-10-01,10,
5814,1997-11-01,10,
5815,1997-12-01,10,
5816,1998-01-01,10,
5817,1998-02-01,10,
5818,1998-03-01,10,
5819,1998-04-01,10,
5820,1998-05-01,10,
5821,1998-06-01,10,
5822,1998-07-01,10,
5823,1998-08-01,10,
5824,1998-09-01,10,
5825,1998-10-01,10,
5826,1998-11-01,10,
5827,1998-12-01,10,
5828,1999-01-01,10,
5829,1999-02-01,10,
5830,1999-03-01,10,
5831,1999-04-01,10,
5832,1999-05-01,10,
5833,1999-06-01,10,
5834,1999-07-01,10,
5835,1999-08-01,10,
5836,1999-09-01,10,
5837,1999-10-01,10,
5838,1999-11-01,10,
5839,1999-12-01,10,
5840,2000-01-01,10,
5841,2000-02-01,10,
5842,2000-03-01,10,
5843,2000-04-01,10,
5844,2000-05-01,10,
5845,2000-06-01,10,
5846,2000-07-01,10,
5847,2000-08-01,10,
5848,2000-09-01,10,
5849,2000-10-01,10,
5850,2000-11-01,10,
5851,2000-12-01,10,
5852,2001-01-01,10,
5853,2001-02-01,10,
5854,2001-03-01,10,
5855,2001-04-01,10,
5856,2001-05-01,10,
5857,2001-06-01,10,
5858,2001-07-01,10,
5859,2001-08-01,10,
5860,2001-09-01,10,
5861,2001-10-01,10,
5862,2001-11-01,10,
5863,2001-12-01,10,
5864,2002-01-01,10,
5865,2002-02-01,10,
5866,2002-03-01,10,
5867,2002-04-01,10,
5868,2002-05-01,10,
5869,2002-06-01,10,
5870,2002-07-01,10,
5871,2002-08-01,10,
5872,2002-09-01,10,
5873,2002-10-01,10,
5874,2002-11-01,10,
5875,2002-12-01,10,
5876,2003-01-01,10,87.9
5877,2003-02-01,10,88.6
5878,2003-03-01,10,88.5
5879,2003-04-01,10,88.5
5880,2003-05-01,10,88.4
5881,2003-06-01,10,87.8
5882,2003-07-01,10,87.7
5883,2003-08-01,10,87.7
5884,2003-09-01,10,87.6
5885,2003-10-01,10,87.7
5886,2003-11-01,10,87.6
5887,2003-12-01,10,87.6
5888,2004-01-01,10,89.3
5889,2004-02-01,10,89.2
5890,2004-03-01,10,89.1
5891,2004-04-01,10,89.2
5892,2004-05-01,10,89.2
5893,2004-06-01,10,89.2
5894,2004-07-01,10,89.3
5895,2004-08-01,10,89.3
5896,2004-09-01,10,89.2
5897,2004-10-01,10,89.2
5898,2004-11-01,10,89.4
5899,2004-12-01,10,89.3
5900,2005-01-01,10,90.6
5901,2005-02-01,10,90.6
5902,2005-03-01,10,90.6
5903,2005-04-01,10,90.7
5904,2005-05-01,10,90.7
5905,2005-06-01,10,90.8
5906,2005-07-01,10,90.9
5907,2005-08-01,10,91.0
5908,2005-09-01,10,90.9
5909,2005-10-01,10,90.9
5910,2005-11-01,10,90.9
5911,2005-12-01,10,91.0
5912,2006-01-01,10,91.6
5913,2006-02-01,10,91.8
5914,2006-03-01,10,91.9
5915,2006-04-01,10,92.0
5916,2006-05-01,10,92.0
5917,2006-06-01,10,92.3
5918,2006-07-01,10,92.4
5919,2006-08-01,10,92.6
5920,2006-09-01,10,92.6
5921,2006-10-01,10,92.6
5922,2006-11-01,10,92.7
5923,2006-12-01,10,93.1
5924,2007-01-01,10,93.6
5925,2007-02-01,10,93.7
5926,2007-03-01,10,93.8
5927,2007-04-01,10,93.8
5928,2007-05-01,10,93.8
5929,2007-06-01,10,93.9
5930,2007-07-01,10,93.9
5931,2007-08-01,10,94.0
5932,2007-09-01,10,94.0
5933,2007-10-01,10,94.0
5934,2007-11-01,10,94.0
5935,2007-12-01,10,94.1
5936,2008-01-01,10,95.0
5937,2008-02-01,10,95.7
5938,2008-03-01,10,95.8
5939,2008-04-01,10,95.9
5940,2008-05-01,10,95.9
5941,2008-06-01,10,96.1
5942,2008-07-01,10,96.2
5943,2008-08-01,10,96.4
5944,2008-09-01,10,96.5
5945,2008-10-01,10,96.6
5946,2008-11-01,10,96.6
5947,2008-12-01,10,96.7
5948,2009-01-01,10,97.8
5949,2009-02-01,10,98.1
5950,2009-03-01,10,98.2
5951,2009-04-01,10,98.3
5952,2009-05-01,10,98.3
5953,2009-06-01,10,98.3
5954,2009-07-01,10,98.5
5955,2009-08-01,10,98.6
5956,2009-09-01,10,98.6
5957,2009-10-01,10,98.6
5958,2009-11-01,10,98.6
5959,2009-12-01,10,98.7
5960,2010-01-01,10,99.5
5961,2010-02-01,10,99.6
5962,2010-03-01,10,99.8
5963,2010-04-01,10,99.9
5964,2010-05-01,10,99.9
5965,2010-06-01,10,99.9
5966,2010-07-01,10,100.1
5967,2010-08-01,10,100.2
5968,2010-09-01,10,100.2
5969,2010-10-01,10,100.2
5970,2010-11-01,10,100.3
5971,2010-12-01,10,100.4
5972,2011-01-01,10,101.0
5973,2011-02-01,10,101.6
5974,2011-03-01,10,101.9
5975,2011-04-01,10,102.1
5976,2011-05-01,10,102.1
5977,2011-06-01,10,102.2
5978,2011-07-01,10,102.3
5979,2011-08-01,10,102.4
5980,2011-09-01,10,102.4
5981,2011-10-01,10,102.5
5982,2011-11-01,10,103.1
5983,2011-12-01,10,103.2
5984,2012-01-01,10,104.1
5985,2012-02-01,10,104.5
5986,2012-03-01,10,104.6
5987,2012-04-01,10,104.8
5988,2012-05-01,10,104.8
5989,2012-06-01,10,104.7
5990,2012-07-01,10,104.7
5991,2012-08-01,10,104.7
5992,2012-09-01,10,104.8
5993,2012-10-01,10,104.8
5994,2012-11-01,10,104.8
5995,2012-12-01,10,104.9
5996,2013-01-01,10,106.0
5997,2013-02-01,10,106.8
5998,2013-03-01,10,106.9
5999,2013-04-01,10,107.0
6000,2013-05-01,10,107.2
6001,2013-06-01,10,107.3
6002,2013-07-01,10,107.4
6003,2013-08-01,10,107.4
6004,2013-09-01,10,107.5
6005,2013-10-01,10,107.5
6006,2013-11-01,10,107.8
6007,2013-12-01,10,107.9
6008,2014-01-01,10,108.8
6009,2014-02-01,10,109.3
6010,2014-03-01,10,109.4
6011,2014-04-01,10,109.5
6012,2014-05-01,10,109.6
6013,2014-06-01,10,109.7
6014,2014-07-01,10,109.9
6015,2014-08-01,10,110.1
6016,2014-09-01,10,110.1
6017,2014-10-01,10,110.1
6018,2014-11-01,10,110.2
6019,2014-12-01,10,110.3
6020,2015-01-01,10,111.1
6021,2015-02-01,10,111.7
6022,2015-03-01,10,111.8
6023,2015-04-01,10,112.4
6024,2015-05-01,10,112.3
6025,2015-06-01,10,112.5
6026,2015-07-01,10,112.5
6027,2015-08-01,10,112.8
6028,2015-09-01,10,112.8
6029,2015-10-01,10,112.8
6030,2015-11-01,10,112.9
6031,2015-12-01,10,113.2
6032,2016-01-01,10,114.0
6033,2016-02-01,10,114.5
6034,2016-03-01,10,114.7
6035,2016-04-01,10,114.8
6036,2016-05-01,10,114.8
6037,2016-06-01,10,114.9
6038,2016-07-01,10,115.0
6039,2016-08-01,10,115.0
6040,2016-09-01,10,115.0
6041,2016-10-01,10,115.0
6042,2016-11-01,10,115.1
6043,2016-12-01,10,115.1
6044,2017-01-01,10,116.3
6045,2017-02-01,10,116.4
6046,2017-03-01,10,116.6
6047,2017-04-01,10,116.7
6048,2017-05-01,10,116.7
6049,2017-06-01,10,116.8
6050,2017-07-01,10,116.8
6051,2017-08-01,10,116.8
6052,2017-09-01,10,116.8
6053,2017-10-01,10,116.8
6054,2017-11-01,10,116.8
6055,2017-12-01,10,117.0
6056,2018-01-01,10,117.7
6057,2018-02-01,10,117.8
6058,2018-03-01,10,117.9
6059,2018-04-01,10,118.0
6060,2018-05-01,10,118.1
6061,2018-06-01,10,117.9
6062,2018-07-01,10,118.0
6063,2018-08-01,10,118.1
6064,2018-09-01,10,118.1
6065,2018-10-01,10,118.1
6066,2018-11-01,10,118.4
6067,2018-12-01,10,118.3
6068,2019-01-01,10,118.8
6069,2019-02-01,10,119.3
6070,2019-03-01,10,119.4
6071,2019-04-01,10,119.4
6072,2019-05-01,10,119.5
6073,2019-06-01,10,119.5
6074,2019-07-01,10,119.6
6075,2019-08-01,10,119.7
6076,2019-09-01,10,120.2
6077,2019-10-01,10,120.3
6078,2019-11-01,10,120.3
6079,2019-12-01,10,120.3
6080,2020-01-01,10,120.8
6081,2020-02-01,10,120.9
6082,2020-03-01,10,120.9
6083,2020-04-01,10,120.8
6084,2020-05-01,10,120.7
6085,2020-06-01,10,120.5
6086,2020-07-01,10,121.0
6087,2020-08-01,10,121.0
6088,2020-09-01,10,121.1
6089,2020-10-01,10,121.1
6090,2020-11-01,10,121.0
6091,2020-12-01,10,121.0
6092,2021-01-01,10,121.0
6093,2021-02-01,10,121.0
6094,2021-03-01,10,120.9
6095,2021-04-01,10,121.1
6096,2021-05-01,10,121.1
6097,2021-06-01,10,121.1
6098,2021-07-01,10,121.1
6099,2021-08-01,10,121.0
6100,2021-09-01,10,121.0
6101,2021-10-01,10,121.0
6102,2021-11-01,10,121.1
6103,2021-12-01,10,121.2
6104,2022-01-01,10,121.8
6105,2022-02-01,10,121.9
6106,2022-03-01,10,122.0
6107,2022-04-01,10,122.3
6108,2022-05-01,10,122.3
6109,2022-06-01,10,122.4
6110,2022-07-01,10,122.5
6111,2022-08-01,10,122.5
6112,2022-09-01,10,122.6
6113,2022-10-01,10,122.7
6114,2022-11-01,10,122.9
6115,2022-12-01,10,122.9
6116,2023-01-01,10,123.4
6117,2023-02-01,10,123.9
6118,2023-03-01,10,124.1
6119,2023-04-01,10,124.3
6120,2023-05-01,10,124.6
6121,2023-06-01,10,124.7
6122,2023-07-01,10,124.9
6123,2023-08-01,10,125.1
6124,2023-09-01,10,125.1
6125,2023-10-01,10,125.3
6126,2023-11-01,10,125.3
6127,2023-12-01,10,125.3
6128,2024-01-01,10,125.5
6129,2024-02-01,10,125.7
6130,2024-03-01,10,125.9
6131,2024-04-01,10,126.1
6132,2024-05-01,10,126.5
6133,2024-06-01,10,126.8
6134,2024-07-01,10,127.0
6135,2024-08-01,10,127.0
6136,2024-09-01,10,127.0
6137,2024-10-01,10,127.2
6138,2024-11-01,10,127.2
6139,2024-12-01,10,127.2
6140,2025-01-01,10,127.5
6141,2025-02-01,10,128.1
6142,2025-03-01,10,128.7
6143,2025-04-01,10,129.0
6144,2025-05-01,10,129.3
6145,2025-06-01,10,129.6
6146,2025-07-01,10,129.8
6147,2025-08-01,10,130.0
6148,2025-09-01,10,130.0
6149,2025-10-01,10,130.3
6150,2025-11-01,10,130.5
6151,2025-12-01,10,130.7
6152,2026-01-01,10,131.6
6153,2026-02-01,10,131.7
6154,2026-03-01,10,131.9
6155,2026-04-01,10,132.1
6156,2026-05-01,10,132.2
6157,2026-06-01,10,132.3
6158,2026-07-01,10,132.4
6159,2026-08-01,10,132.5
6160,1980-01-01,11,
6161,1980-02-01,11,
6162,1980-03-01,11,
6163,1980-04-01,11,
6164,1980-05-01,11,
6165,1980-06-01,11,
6166,1980-07-01,11,
6167,1980-08-01,11,
6168,1980-09-01,11,
6169,1980-10-01,11,
6170,1980-11-01,11,
6171,1980-12-01,11,
6172,1981-01-01,11,
6173,1981-02-01,11,
6174,1981-03-01,11,
6175,1981-04-01,11,
6176,1981-05-01,11,
6177,1981-06-01,11,
6178,1981-07-01,11,
6179,1981-08-01,11,
6180,1981-09-01,11,
6181,1981-10-01,11,
6182,1981-11-01,11,
6183,1981-12-01,11,
6184,1982-01-01,11,
6185,1982-02-01,11,
6186,1982-03-01,11,
6187,1982-04-01,11,
6188,1982-05-01,11,
6189,1982-06-01,11,
6190,1982-07-01,11,
6191,1982-08-01,11,
6192,1982-09-01,11,
6193,1982-10-01,11,
6194,1982-11-01,11,
6195,1982-12-01,11,
6196,1983-01-01,11,
6197,1983-02-01,11,
6198,1983-03-01,11,
6199,1983-04-01,11,
6200,1983-05-01,11,
6201,1983-06-01,11,
6202,1983-07-01,11,
6203,1983-08-01,11,
6204,1983-09-01,11,
6205,1983-10-01,11,
6206,1983-11-01,11,
6207,1983-12-01,11,
6208,1984-01-01,11,
6209,1984-02-01,11,
6210,1984-03-01,11,
6211,1984-04-01,11,
6212,1984-05-01,11,
6213,1984-06-01,11,
6214,1984-07-01,11,
6215,1984-08-01,11,
6216,1984-09-01,11,
6217,1984-10-01,11,
6218,1984-11-01,11,
6219,1984-12-01,11,
6220,1985-01-01,11,
6221,1985-02-01,11,
6222,1985-03-01,11,
6223,1985-04-01,11,
6224,1985-05-01,11,
6225,1985-06-01,11,
6226,1985-07-01,11,
6227,1985-08-01,11,
6228,1985-09-01,11,
6229,1985-10-01,11,
6230,1985-11-01,11,
6231,1985-12-01,11,
6232,1986-01-01,11,
6233,1986-02-01,11,
6234,1986-03-01,11,
6235,1986-04-01,11,
6236,1986-05-01,11,
6237,1986-06-01,11,
6238,1986-07-01,11,
6239,1986-08-01,11,
6240,1986-09-01,11,
6241,1986-10-01,11,
6242,1986-11-01,11,
6243,1986-12-01,11,
6244,1987-01-01,11,
6245,1987-02-01,11,
6246,1987-03-01,11,
6247,1987-04-01,11,
6248,1987-05-01,11,
6249,1987-06-01,11,
6250,1987-07-01,11,
6251,1987-08-01,11,
6252,1987-09-01,11,
6253,1987-10-01,11,
6254,1987-11-01,11,
6255,1987-12-01,11,
6256,1988-01-01,11,
6257,1988-02-01,11,
6258,1988-03-01,11,
6259,1988-04-01,11,
6260,1988-05-01,11,
6261,1988-06-01,11,
6262,1988-07-01,11,
6263,1988-08-01,11,
6264,1988-09-01,11,
6265,1988-10-01,11,
6266,1988-11-01,11,
6267,1988-12-01,11,
6268,1989-01-01,11,
6269,1989-02-01,11,
6270,1989-03-01,11,
6271,1989-04-01,11,
6272,1989-05-01,11,
6273,1989-06-01,11,
6274,1989-07-01,11,
6275,1989-08-01,11,
6276,1989-09-01,11,
6277,1989-10-01,11,
6278,1989-11-01,11,
6279,1989-12-01,11,
6280,1990-01-01,11,
6281,1990-02-01,11,
6282,1990-03-01,11,
6283,1990-04-01,11,
6284,1990-05-01,11,
6285,1990-06-01,11,
6286,1990-07-01,11,
6287,1990-08-01,11,
6288,1990-09-01,11,
6289,1990-10-01,11,
6290,1990-11-01,11,
6291,1990-12-01,11,
6292,1991-01-01,11,
6293,1991-02-01,11,
6294,1991-03-01,11,
6295,1991-04-01,11,
6296,1991-05-01,11,
6297,1991-06-01,11,
6298,1991-07-01,11,
6299,1991-08-01,11,
6300,1991-09-01,11,
6301,1991-10-01,11,
6302,1991-11-01,11,
6303,1991-12-01,11,
6304,1992-01-01,11,
6305,1992-02-01,11,
6306,1992-03-01,11,
6307,1992-04-01,11,
6308,1992-05-01,11,
6309,1992-06-01,11,
6310,1992-07-01,11,
6311,1992-08-01,11,
6312,1992-09-01,11,
6313,1992-10-01,11,
6314,1992-11-01,11,
6315,1992-12-01,11,
6316,1993-01-01,11,
6317,1993-02-01,11,
6318,1993-03-01,11,
6319,1993-04-01,11,
6320,1993-05-01,11,
6321,1993-06-01,11,
6322,1993-07-01,11,
6323,1993-08-01,11,
6324,1993-09-01,11,
6325,1993-10-01,11,
6326,1993-11-01,11,
6327,1993-12-01,11,
6328,1994-01-01,11,
6329,1994-02-01,11,
6330,1994-03-01,11,
6331,1994-04-01,11,
6332,1994-05-01,11,
6333,1994-06-01,11,
6334,1994-07-01,11,
6335,1994-08-01,11,
6336,1994-09-01,11,
6337,1994-10-01,11,
6338,1994-11-01,11,
6339,1994-12-01,11,
6340,1995-01-01,11,
6341,1995-02-01,11,
6342,1995-03-01,11,
6343,1995-04-01,11,
6344,1995-05-01,11,
6345,1995-06-01,11,
6346,1995-07-01,11,
6347,1995-08-01,11,
6348,1995-09-01,11,
6349,1995-10-01,11,
6350,1995-11-01,11,
6351,1995-12-01,11,
6352,1996-01-01,11,
6353,1996-02-01,11,
6354,1996-03-01,11,
6355,1996-04-01,11,
6356,1996-05-01,11,
6357,1996-06-01,11,
6358,1996-07-01,11,
6359,1996-08-01,11,
6360,1996-09-01,11,
6361,1996-10-01,11,
6362,1996-11-01,11,
6363,1996-12-01,11,
6364,1997-01-01,11,
6365,1997-02-01,11,
6366,1997-03-01,11,
6367,1997-04-01,11,
6368,1997-05-01,11,
6369,1997-06-01,11,
6370,1997-07-01,11,
6371,1997-08-01,11,
6372,1997-09-01,11,
6373,1997-10-01,11,
6374,1997-11-01,11,
6375,1997-12-01,11,
6376,1998-01-01,11,
6377,1998-02-01,11,
6378,1998-03-01,11,
6379,1998-04-01,11,
6380,1998-05-01,11,
6381,1998-06-01,11,
6382,1998-07-01,11,
6383,1998-08-01,11,
6384,1998-09-01,11,
6385,1998-10-01,11,
6386,1998-11-01,11,
6387,1998-12-01,11,
6388,1999-01-01,11,
6389,1999-02-01,11,
6390,1999-03-01,11,
6391,1999-04-01,11,
6392,1999-05-01,11,
6393,1999-06-01,11,
6394,1999-07-01,11,
6395,1999-08-01,11,
6396,1999-09-01,11,
6397,1999-10-01,11,
6398,1999-11-01,11,
6399,1999-12-01,11,
6400,2000-01-01,11,
6401,2000-02-01,11,
6402,2000-03-01,11,
6403,2000-04-01,11,
6404,2000-05-01,11,
6405,2000-06-01,11,
6406,2000-07-01,11,
6407,2000-08-01,11,
6408,2000-09-01,11,
6409,2000-10-01,11,
6410,2000-11-01,11,
6411,2000-12-01,11,
6412,2001-01-01,11,
6413,2001-02-01,11,
6414,2001-03-01,11,
6415,2001-04-01,11,
6416,2001-05-01,11,
6417,2001-06-01,11,
6418,2001-07-01,11,
6419,2001-08-01,11,
6420,2001-09-01,11,
6421,2001-10-01,11,
6422,2001-11-01,11,
6423,2001-12-01,11,
6424,2002-01-01,11,
6425,2002-02-01,11,
6426,2002-03-01,11,
6427,2002-04-01,11,
6428,2002-05-01,11,
6429,2002-06-01,11,
6430,2002-07-01,11,
6431,2002-08-01,11,
6432,2002-09-01,11,
6433,2002-10-01,11,
6434,2002-11-01,11,
6435,2002-12-01,11,
6436,2003-01-01,11,81.0
6437,2003-02-01,11,80.8
6438,2003-03-01,11,80.5
6439,2003-04-01,11,80.1
6440,2003-05-01,11,79.6
6441,2003-06-01,11,79.1
6442,2003-07-01,11,78.9
6443,2003-08-01,11,78.4
6444,2003-09-01,11,78.0
6445,2003-10-01,11,77.7
6446,2003-11-01,11,77.4
6447,2003-12-01,11,76.9
6448,2004-01-01,11,80.5
6449,2004-02-01,11,80.4
6450,2004-03-01,11,80.3
6451,2004-04-01,11,80.2
6452,2004-05-01,11,80.2
6453,2004-06-01,11,80.3
6454,2004-07-01,11,80.3
6455,2004-08-01,11,80.4
6456,2004-09-01,11,80.4
6457,2004-10-01,11,80.3
6458,2004-11-01,11,80.8
6459,2004-12-01,11,80.4
6460,2005-01-01,11,81.7
6461,2005-02-01,11,81.8
6462,2005-03-01,11,81.9
6463,2005-04-01,11,82.2
6464,2005-05-01,11,82.7
6465,2005-06-01,11,83.0
6466,2005-07-01,11,83.4
6467,2005-08-01,11,83.9
6468,2005-09-01,11,84.1
6469,2005-10-01,11,84.4
6470,2005-11-01,11,84.6
6471,2005-12-01,11,84.7
6472,2006-01-01,11,85.1
6473,2006-02-01,11,85.3
6474,2006-03-01,11,85.6
6475,2006-04-01,11,85.9
6476,2006-05-01,11,86.1
6477,2006-06-01,11,86.4
6478,2006-07-01,11,86.5
6479,2006-08-01,11,86.7
6480,2006-09-01,11,86.8
6481,2006-10-01,11,86.8
6482,2006-11-01,11,86.9
6483,2006-12-01,11,87.1
6484,2007-01-01,11,87.4
6485,2007-02-01,11,87.3
6486,2007-03-01,11,87.7
6487,2007-04-01,11,87.9
6488,2007-05-01,11,88.3
6489,2007-06-01,11,89.2
6490,2007-07-01,11,89.9
6491,2007-08-01,11,90.3
6492,2007-09-01,11,90.7
6493,2007-10-01,11,90.8
6494,2007-11-01,11,91.8
6495,2007-12-01,11,92.3
6496,2008-01-01,11,93.2
6497,2008-02-01,11,93.7
6498,2008-03-01,11,93.9
6499,2008-04-01,11,94.3
6500,2008-05-01,11,94.5
6501,2008-06-01,11,95.2
6502,2008-07-01,11,95.8
6503,2008-08-01,11,96.3
6504,2008-09-01,11,96.4
6505,2008-10-01,11,96.8
6506,2008-11-01,11,96.9
6507,2008-12-01,11,97.2
6508,2009-01-01,11,97.5
6509,2009-02-01,11,97.7
6510,2009-03-01,11,97.8
6511,2009-04-01,11,97.9
6512,2009-05-01,11,98.0
6513,2009-06-01,11,98.2
6514,2009-07-01,11,98.2
6515,2009-08-01,11,98.3
6516,2009-09-01,11,98.3
6517,2009-10-01,11,98.4
6518,2009-11-01,11,98.6
6519,2009-12-01,11,98.8
6520,2010-01-01,11,98.7
6521,2010-02-01,11,98.9
6522,2010-03-01,11,99.3
6523,2010-04-01,11,99.5
6524,2010-05-01,11,99.6
6525,2010-06-01,11,99.8
6526,2010-07-01,11,99.9
6527,2010-08-01,11,100.2
6528,2010-09-01,11,100.5
6529,2010-10-01,11,100.9
6530,2010-11-01,11,101.1
6531,2010-12-01,11,101.6
6532,2011-01-01,11,103.2
6533,2011-02-01,11,104.2
6534,2011-03-01,11,104.7
6535,2011-04-01,11,105.1
6536,2011-05-01,11,105.6
6537,2011-06-01,11,105.9
6538,2011-07-01,11,106.4
6539,2011-08-01,11,106.5
6540,2011-09-01,11,106.8
6541,2011-10-01,11,107.1
6542,2011-11-01,11,107.4
6543,2011-12-01,11,107.5
6544,2012-01-01,11,107.8
6545,2012-02-01,11,108.1
6546,2012-03-01,11,108.4
6547,2012-04-01,11,108.6
6548,2012-05-01,11,108.8
6549,2012-06-01,11,109.0
6550,2012-07-01,11,109.2
6551,2012-08-01,11,109.2
6552,2012-09-01,11,109.5
6553,2012-10-01,11,109.7
6554,2012-11-01,11,109.9
6555,2012-12-01,11,109.9
6556,2013-01-01,11,110.1
6557,2013-02-01,11,110.5
6558,2013-03-01,11,110.9
6559,2013-04-01,11,111.1
6560,2013-05-01,11,111.3
6561,2013-06-01,11,111.4
6562,2013-07-01,11,111.5
6563,2013-08-01,11,111.8
6564,2013-09-01,11,112.2
6565,2013-10-01,11,112.5
6566,2013-11-01,11,113.2
6567,2013-12-01,11,113.5
6568,2014-01-01,11,114.7
6569,2014-02-01,11,115.4
6570,2014-03-01,11,115.9
6571,2014-04-01,11,116.4
6572,2014-05-01,11,116.7
6573,2014-06-01,11,116.9
6574,2014-07-01,11,117.1
6575,2014-08-01,11,117.5
6576,2014-09-01,11,117.6
6577,2014-10-01,11,117.7
6578,2014-11-01,11,118.1
6579,2014-12-01,11,118.2
6580,2015-01-01,11,118.6
6581,2015-02-01,11,118.8
6582,2015-03-01,11,119.2
6583,2015-04-01,11,121.4
6584,2015-05-01,11,121.9
6585,2015-06-01,11,122.2
6586,2015-07-01,11,122.5
6587,2015-08-01,11,122.8
6588,2015-09-01,11,123.0
6589,2015-10-01,11,123.2
6590,2015-11-01,11,123.5
6591,2015-12-01,11,123.8
6592,2016-01-01,11,123.9
6593,2016-02-01,11,124.4
6594,2016-03-01,11,124.6
6595,2016-04-01,11,124.7
6596,2016-05-01,11,125.0
6597,2016-06-01,11,124.9
6598,2016-07-01,11,125.1
6599,2016-08-01,11,125.4
6600,2016-09-01,11,125.7
6601,2016-10-01,11,125.7
6602,2016-11-01,11,125.8
6603,2016-12-01,11,126.1
6604,2017-01-01,11,126.5
6605,2017-02-01,11,127.3
6606,2017-03-01,11,127.5
6607,2017-04-01,11,127.7
6608,2017-05-01,11,127.9
6609,2017-06-01,11,128.0
6610,2017-07-01,11,128.3
6611,2017-08-01,11,128.9
6612,2017-09-01,11,129.0
6613,2017-10-01,11,129.1
6614,2017-11-01,11,129.3
6615,2017-12-01,11,129.4
6616,2018-01-01,11,129.5
6617,2018-02-01,11,129.6
6618,2018-03-01,11,130.0
6619,2018-04-01,11,130.5
6620,2018-05-01,11,130.6
6621,2018-06-01,11,129.6
6622,2018-07-01,11,129.6
6623,2018-08-01,11,129.8
6624,2018-09-01,11,130.4
6625,2018-10-01,11,130.6
6626,2018-11-01,11,130.9
6627,2018-12-01,11,131.1
6628,2019-01-01,11,131.1
6629,2019-02-01,11,131.3
6630,2019-03-01,11,131.3
6631,2019-04-01,11,131.6
6632,2019-05-01,11,131.4
6633,2019-06-01,11,131.7
6634,2019-07-01,11,131.8
6635,2019-08-01,11,132.0
6636,2019-09-01,11,132.2
6637,2019-10-01,11,132.2
6638,2019-11-01,11,132.3
6639,2019-12-01,11,132.5
6640,2020-01-01,11,132.6
6641,2020-02-01,11,132.8
6642,2020-03-01,11,132.5
6643,2020-04-01,11,132.5
6644,2020-05-01,11,132.6
6645,2020-06-01,11,132.1
6646,2020-07-01,11,132.0
6647,2020-08-01,11,132.1
6648,2020-09-01,11,132.3
6649,2020-10-01,11,132.3
6650,2020-11-01,11,132.3
6651,2020-12-01,11,132.3
6652,2021-01-01,11,132.5
6653,2021-02-01,11,132.4
6654,2021-03-01,11,132.5
6655,2021-04-01,11,132.7
6656,2021-05-01,11,132.8
6657,2021-06-01,11,132.8
6658,2021-07-01,11,132.9
6659,2021-08-01,11,132.9
6660,2021-09-01,11,132.7
6661,2021-10-01,11,133.1
6662,2021-11-01,11,133.5
6663,2021-12-01,11,134.0
6664,2022-01-01,11,135.3
6665,2022-02-01,11,135.8
6666,2022-03-01,11,136.4
6667,2022-04-01,11,136.9
6668,2022-05-01,11,137.7
6669,2022-06-01,11,139.5
6670,2022-07-01,11,140.6
6671,2022-08-01,11,141.4
6672,2022-09-01,11,141.8
6673,2022-10-01,11,142.2
6674,2022-11-01,11,142.9
6675,2022-12-01,11,143.9
6676,2023-01-01,11,144.5
6677,2023-02-01,11,145.8
6678,2023-03-01,11,146.2
6679,2023-04-01,11,146.0
6680,2023-05-01,11,146.9
6681,2023-06-01,11,147.1
6682,2023-07-01,11,147.6
6683,2023-08-01,11,148.0
6684,2023-09-01,11,148.1
6685,2023-10-01,11,148.8
6686,2023-11-01,11,149.0
6687,2023-12-01,11,149.2
6688,2024-01-01,11,149.1
6689,2024-02-01,11,150.0
6690,2024-03-01,11,150.6
6691,2024-04-01,11,151.1
6692,2024-05-01,11,151.6
6693,2024-06-01,11,152.0
6694,2024-07-01,11,152.6
6695,2024-08-01,11,152.7
6696,2024-09-01,11,152.8
6697,2024-10-01,11,153.0
6698,2024-11-01,11,153.2
6699,2024-12-01,11,153.6
6700,2025-01-01,11,154.3
6701,2025-02-01,11,155.2
6702,2025-03-01,11,155.0
6703,2025-04-01,11,155.5
6704,2025-05-01,11,156.1
6705,2025-06-01,11,156.2
6706,2025-07-01,11,157.4
6707,2025-08-01,11,158.0
6708,2025-09-01,11,157.9
6709,2025-10-01,11,158.2
6710,2025-11-01,11,158.4
6711,2025-12-01,11,158.4
6712,2026-01-01,11,158.9
6713,2026-02-01,11,159.1
6714,2026-03-01,11,159.0
6715,2026-04-01,11,159.6
6716,2026-05-01,11,160.0
6717,2026-06-01,11,160.2
6718,2026-07-01,11,160.6
6719,2026-08-01,11,161.3
6720,1980-01-01,12,
6721,1980-02-01,12,
6722,1980-03-01,12,
6723,1980-04-01,12,
6724,1980-05-01,12,
6725,1980-06-01,12,
6726,1980-07-01,12,
6727,1980-08-01,12,
6728,1980-09-01,12,
6729,1980-10-01,12,
6730,1980-11-01,12,
6731,1980-12-01,12,
6732,1981-01-01,12,
6733,1981-02-01,12,
6734,1981-03-01,12,
6735,1981-04-01,12,
6736,1981-05-01,12,
6737,1981-06-01,12,
6738,1981-07-01,12,
6739,1981-08-01,12,
6740,1981-09-01,12,
6741,1981-10-01,12,
6742,1981-11-01,12,
6743,1981-12-01,12,
6744,1982-01-01,12,
6745,1982-02-01,12,
6746,1982-03-01,12,
6747,1982-04-01,12,
6748,1982-05-01,12,
6749,1982-06-01,12,
6750,1982-07-01,12,
6751,1982-08-01,12,
6752,1982-09-01,12,
6753,1982-10-01,12,
6754,1982-11-01,12,
6755,1982-12-01,12,
6756,1983-01-01,12,
6757,1983-02-01,12,
6758,1983-03-01,12,
6759,1983-04-01,12,
6760,1983-05-01,12,
6761,1983-06-01,12,
6762,1983-07-01,12,
6763,1983-08-01,12,
6764,1983-09-01,12,
6765,1983-10-01,12,
6766,1983-11-01,12,
6767,1983-12-01,12,
6768,1984-01-01,12,
6769,1984-02-01,12,
6770,1984-03-01,12,
6771,1984-04-01,12,
6772,1984-05-01,12,
6773,1984-06-01,12,
6774,1984-07-01,12,
6775,1984-08-01,12,
6776,1984-09-01,12,
6777,1984-10-01,12,
6778,1984-11-01,12,
6779,1984-12-01,12,
6780,1985-01-01,12,
6781,1985-02-01,12,
6782,1985-03-01,12,
6783,1985-04-01,12,
6784,1985-05-01,12,
6785,1985-06-01,12,
6786,1985-07-01,12,
6787,1985-08-01,12,
6788,1985-09-01,12,
6789,1985-10-01,12,
6790,1985-11-01,12,
6791,1985-12-01,12,
6792,1986-01-01,12,
6793,1986-02-01,12,
6794,1986-03-01,12,
6795,1986-04-01,12,
6796,1986-05-01,12,
6797,1986-06-01,12,
6798,1986-07-01,12,
6799,1986-08-01,12,
6800,1986-09-01,12,
6801,1986-10-01,12,
6802,1986-11-01,12,
6803,1986-12-01,12,
6804,1987-01-01,12,
6805,1987-02-01,12,
6806,1987-03-01,12,
6807,1987-04-01,12,
6808,1987-05-01,12,
6809,1987-06-01,12,
6810,1987-07-01,12,
6811,1987-08-01,12,
6812,1987-09-01,12,
6813,1987-10-01,12,
6814,1987-11-01,12,
6815,1987-12-01,12,
6816,1988-01-01,12,
6817,1988-02-01,12,
6818,1988-03-01,12,
6819,1988-04-01,12,
6820,1988-05-01,12,
6821,1988-06-01,12,
6822,1988-07-01,12,
6823,1988-08-01,12,
6824,1988-09-01,12,
6825,1988-10-01,12,
6826,1988-11-01,12,
6827,1988-12-01,12,
6828,1989-01-01,12,
6829,1989-02-01,12,
6830,1989-03-01,12,
6831,1989-04-01,12,
6832,1989-05-01,12,
6833,1989-06-01,12,
6834,1989-07-01,12,
6835,1989-08-01,12,
6836,1989-09-01,12,
6837,1989-10-01,12,
6838,1989-11-01,12,
6839,1989-12-01,12,
6840,1990-01-01,12,
6841,1990-02-01,12,
6842,1990-03-01,12,
6843,1990-04-01,12,
6844,1990-05-01,12,
6845,1990-06-01,12,
6846,1990-07-01,12,
6847,1990-08-01,12,
6848,1990-09-01,12,
6849,1990-10-01,12,
6850,1990-11-01,12,
6851,1990-12-01,12,
6852,1991-01-01,12,
6853,1991-02-01,12,
6854,1991-03-01,12,
6855,1991-04-01,12,
6856,1991-05-01,12,
6857,1991-06-01,12,
6858,1991-07-01,12,
6859,1991-08-01,12,
6860,1991-09-01,12,
6861,1991-10-01,12,
6862,1991-11-01,12,
6863,1991-12-01,12,
6864,1992-01-01,12,
6865,1992-02-01,12,
6866,1992-03-01,12,
6867,1992-04-01,12,
6868,1992-05-01,12,
6869,1992-06-01,12,
6870,1992-07-01,12,
6871,1992-08-01,12,
6872,1992-09-01,12,
6873,1992-10-01,12,
6874,1992-11-01,12,
6875,1992-12-01,12,
6876,1993-01-01,12,
6877,1993-02-01,12,
6878,1993-03-01,12,
6879,1993-04-01,12,
6880,1993-05-01,12,
6881,1993-06-01,12,
6882,1993-07-01,12,
6883,1993-08-01,12,
6884,1993-09-01,12,
6885,1993-10-01,12,
6886,1993-11-01,12,
6887,1993-12-01,12,
6888,1994-01-01,12,
6889,1994-02-01,12,
6890,1994-03-01,12,
6891,1994-04-01,12,
6892,1994-05-01,12,
6893,1994-06-01,12,
6894,1994-07-01,12,
6895,1994-08-01,12,
6896,1994-09-01,12,
6897,1994-10-01,12,
6898,1994-11-01,12,
6899,1994-12-01,12,
6900,1995-01-01,12,
6901,1995-02-01,12,
6902,1995-03-01,12,
6903,1995-04-01,12,
6904,1995-05-01,12,
6905,1995-06-01,12,
6906,1995-07-01,12,
6907,1995-08-01,12,
6908,1995-09-01,12,
6909,1995-10-01,12,
6910,1995-11-01,12,
6911,1995-12-01,12,
6912,1996-01-01,12,
6913,1996-02-01,12,
6914,1996-03-01,12,
6915,1996-04-01,12,
6916,1996-05-01,12,
6917,1996-06-01,12,
6918,1996-07-01,12,
6919,1996-08-01,12,
6920,1996-09-01,12,
6921,1996-10-01,12,
6922,1996-11-01,12,
6923,1996-12-01,12,
6924,1997-01-01,12,
6925,1997-02-01,12,
6926,1997-03-01,12,
6927,1997-04-01,12,
6928,1997-05-01,12,
6929,1997-06-01,12,
6930,1997-07-01,12,
6931,1997-08-01,12,
6932,1997-09-01,12,
6933,1997-10-01,12,
6934,1997-11-01,12,
6935,1997-12-01,12,
6936,1998-01-01,12,
6937,1998-02-01,12,
6938,1998-03-01,12,
6939,1998-04-01,12,
6940,1998-05-01,12,
6941,1998-06-01,12,
6942,1998-07-01,12,
6943,1998-08-01,12,
6944,1998-09-01,12,
6945,1998-10-01,12,
6946,1998-11-01,12,
6947,1998-12-01,12,
6948,1999-01-01,12,
6949,1999-02-01,12,
6950,1999-03-01,12,
6951,1999-04-01,12,
6952,1999-05-01,12,
6953,1999-06-01,12,
6954,1999-07-01,12,
6955,1999-08-01,12,
6956,1999-09-01,12,
6957,1999-10-01,12,
6958,1999-11-01,12,
6959,1999-12-01,12,
6960,2000-01-01,12,
6961,2000-02-01,12,
6962,2000-03-01,12,
6963,2000-04-01,12,
6964,2000-05-01,12,
6965,2000-06-01,12,
6966,2000-07-01,12,
6967,2000-08-01,12,
6968,2000-09-01,12,
6969,2000-10-01,12,
6970,2000-11-01,12,
6971,2000-12-01,12,
6972,2001-01-01,12,
6973,2001-02-01,12,
6974,2001-03-01,12,
6975,2001-04-01,12,
6976,2001-05-01,12,
6977,2001-06-01,12,
6978,2001-07-01,12,
6979,2001-08-01,12,
6980,2001-09-01,12,
6981,2001-10-01,12,
6982,2001-11-01,12,
6983,2001-12-01,12,
6984,2002-01-01,12,
6985,2002-02-01,12,
6986,2002-03-01,12,
6987,2002-04-01,12,
6988,2002-05-01,12,
6989,2002-06-01,12,
6990,2002-07-01,12,
6991,2002-08-01,12,
6992,2002-09-01,12,
6993,2002-10-01,12,
6994,2002-11-01,12,
6995,2002-12-01,12,
6996,2003-01-01,12,
6997,2003-02-01,12,
6998,2003-03-01,12,
6999,2003-04-01,12,
7000,2003-05-01,12,
7001,2003-06-01,12,
7002,2003-07-01,12,
7003,2003-08-01,12,
7004,2003-09-01,12,
7005,2003-10-01,12,
7006,2003-11-01,12,
7007,2003-12-01,12,
7008,2004-01-01,12,
7009,2004-02-01,12,
7010,2004-03-01,12,
7011,2004-04-01,12,
7012,2004-05-01,12,
7013,2004-06-01,12,
7014,2004-07-01,12,
7015,2004-08-01,12,
7016,2004-09-01,12,
7017,2004-10-01,12,
7018,2004-11-01,12,
7019,2004-12-01,12,
7020,2005-01-01,12,
7021,2005-02-01,12,
7022,2005-03-01,12,
7023,2005-04-01,12,
7024,2005-05-01,12,
7025,2005-06-01,12,
7026,2005-07-01,12,
7027,2005-08-01,12,
7028,2005-09-01,12,
7029,2005-10-01,12,
7030,2005-11-01,12,
7031,2005-12-01,12,
7032,2006-01-01,12,
7033,2006-02-01,12,
7034,2006-03-01,12,
7035,2006-04-01,12,
7036,2006-05-01,12,
7037,2006-06-01,12,
7038,2006-07-01,12,
7039,2006-08-01,12,
7040,2006-09-01,12,
7041,2006-10-01,12,
7042,2006-11-01,12,
7043,2006-12-01,12,
7044,2007-01-01,12,
7045,2007-02-01,12,
7046,2007-03-01,12,
7047,2007-04-01,12,
7048,2007-05-01,12,
7049,2007-06-01,12,
7050,2007-07-01,12,
7051,2007-08-01,12,
7052,2007-09-01,12,
7053,2007-10-01,12,
7054,2007-11-01,12,
7055,2007-12-01,12,
7056,2008-01-01,12,
7057,2008-02-01,12,
7058,2008-03-01,12,
7059,2008-04-01,12,
7060,2008-05-01,12,
7061,2008-06-01,12,
7062,2008-07-01,12,
7063,2008-08-01,12,
7064,2008-09-01,12,
7065,2008-10-01,12,
7066,2008-11-01,12,
7067,2008-12-01,12,
7068,2009-01-01,12,
7069,2009-02-01,12,
7070,2009-03-01,12,
7071,2009-04-01,12,
7072,2009-05-01,12,
7073,2009-06-01,12,
7074,2009-07-01,12,
7075,2009-08-01,12,
7076,2009-09-01,12,
7077,2009-10-01,12,
7078,2009-11-01,12,
7079,2009-12-01,12,
7080,2010-01-01,12,99.9
7081,2010-02-01,12,99.9
7082,2010-03-01,12,100.0
7083,2010-04-01,12,100.0
7084,2010-05-01,12,100.0
7085,2010-06-01,12,100.0
7086,2010-07-01,12,100.0
7087,2010-08-01,12,100.0
7088,2010-09-01,12,100.0
7089,2010-10-01,12,100.0
7090,2010-11-01,12,100.0
7091,2010-12-01,12,100.0
7092,2011-01-01,12,100.1
7093,2011-02-01,12,100.1
7094,2011-03-01,12,100.1
7095,2011-04-01,12,100.1
7096,2011-05-01,12,100.2
7097,2011-06-01,12,100.2
7098,2011-07-01,12,100.3
7099,2011-08-01,12,100.2
7100,2011-09-01,12,100.2
7101,2011-10-01,12,100.2
7102,2011-11-01,12,100.0
7103,2011-12-01,12,100.0
7104,2012-01-01,12,100.3
7105,2012-02-01,12,101.0
7106,2012-03-01,12,101.3
7107,2012-04-01,12,101.3
7108,2012-05-01,12,101.2
7109,2012-06-01,12,101.2
7110,2012-07-01,12,101.2
7111,2012-08-01,12,101.6
7112,2012-09-01,12,101.7
7113,2012-10-01,12,102.0
7114,2012-11-01,12,102.0
7115,2012-12-01,12,102.0
7116,2013-01-01,12,102.4
7117,2013-02-01,12,102.4
7118,2013-03-01,12,102.6
7119,2013-04-01,12,102.6
7120,2013-05-01,12,102.6
7121,2013-06-01,12,102.6
7122,2013-07-01,12,103.4
7123,2013-08-01,12,103.4
7124,2013-09-01,12,103.4
7125,2013-10-01,12,103.5
7126,2013-11-01,12,103.5
7127,2013-12-01,12,103.5
7128,2014-01-01,12,103.5
7129,2014-02-01,12,103.7
7130,2014-03-01,12,104.4
7131,2014-04-01,12,104.5
7132,2014-05-01,12,104.5
7133,2014-06-01,12,104.5
7134,2014-07-01,12,104.5
7135,2014-08-01,12,104.8
7136,2014-09-01,12,104.8
7137,2014-10-01,12,104.8
7138,2014-11-01,12,104.8
7139,2014-12-01,12,105.0
7140,2015-01-01,12,105.0
7141,2015-02-01,12,105.1
7142,2015-03-01,12,105.4
7143,2015-04-01,12,109.0
7144,2015-05-01,12,109.8
7145,2015-06-01,12,110.0
7146,2015-07-01,12,109.8
7147,2015-08-01,12,109.9
7148,2015-09-01,12,110.1
7149,2015-10-01,12,110.1
7150,2015-11-01,12,110.5
7151,2015-12-01,12,110.5
7152,2016-01-01,12,110.6
7153,2016-02-01,12,110.6
7154,2016-03-01,12,110.6
7155,2016-04-01,12,111.2
7156,2016-05-01,12,111.4
7157,2016-06-01,12,111.5
7158,2016-07-01,12,111.5
7159,2016-08-01,12,111.6
7160,2016-09-01,12,111.5
7161,2016-10-01,12,111.5
7162,2016-11-01,12,111.5
7163,2016-12-01,12,111.5
7164,2017-01-01,12,111.6
7165,2017-02-01,12,111.6
7166,2017-03-01,12,111.6
7167,2017-04-01,12,111.6
7168,2017-05-01,12,111.6
7169,2017-06-01,12,111.6
7170,2017-07-01,12,111.6
7171,2017-08-01,12,111.6
7172,2017-09-01,12,111.6
7173,2017-10-01,12,111.6
7174,2017-11-01,12,111.6
7175,2017-12-01,12,111.6
7176,2018-01-01,12,111.6
7177,2018-02-01,12,111.7
7178,2018-03-01,12,111.7
7179,2018-04-01,12,111.7
7180,2018-05-01,12,111.7
7181,2018-06-01,12,108.8
7182,2018-07-01,12,108.8
7183,2018-08-01,12,108.8
7184,2018-09-01,12,109.2
7185,2018-10-01,12,109.8
7186,2018-11-01,12,109.8
7187,2018-12-01,12,109.8
7188,2019-01-01,12,109.9
7189,2019-02-01,12,109.9
7190,2019-03-01,12,109.9
7191,2019-04-01,12,109.9
7192,2019-05-01,12,109.9
7193,2019-06-01,12,109.9
7194,2019-07-01,12,109.9
7195,2019-08-01,12,109.9
7196,2019-09-01,12,109.9
7197,2019-10-01,12,109.9
7198,2019-11-01,12,109.9
7199,2019-12-01,12,109.8
7200,2020-01-01,12,109.8
7201,2020-02-01,12,109.8
7202,2020-03-01,12,109.9
7203,2020-04-01,12,109.9
7204,2020-05-01,12,109.9
7205,2020-06-01,12,109.9
7206,2020-07-01,12,109.9
7207,2020-08-01,12,109.9
7208,2020-09-01,12,109.9
7209,2020-10-01,12,109.9
7210,2020-11-01,12,109.9
7211,2020-12-01,12,109.9
7212,2021-01-01,12,109.9
7213,2021-02-01,12,109.9
7214,2021-03-01,12,109.9
7215,2021-04-01,12,109.9
7216,2021-05-01,12,109.9
7217,2021-06-01,12,109.9
7218,2021-07-01,12,109.9
7219,2021-08-01,12,109.9
7220,2021-09-01,12,109.9
7221,2021-10-01,12,109.9
7222,2021-11-01,12,109.9
7223,2021-12-01,12,109.9
7224,2022-01-01,12,109.9
7225,2022-02-01,12,109.9
7226,2022-03-01,12,109.9
7227,2022-04-01,12,109.9
7228,2022-05-01,12,109.9
7229,2022-06-01,12,110.2
7230,2022-07-01,12,110.2
7231,2022-08-01,12,110.2
7232,2022-09-01,12,110.2
7233,2022-10-01,12,110.2
7234,2022-11-01,12,110.2
7235,2022-12-01,12,110.2
7236,2023-01-01,12,110.2
7237,2023-02-01,12,110.3
7238,2023-03-01,12,110.3
7239,2023-04-01,12,110.3
7240,2023-05-01,12,110.3
7241,2023-06-01,12,110.3
7242,2023-07-01,12,110.2
7243,2023-08-01,12,110.2
7244,2023-09-01,12,110.2
7245,2023-10-01,12,110.2
7246,2023-11-01,12,110.2
7247,2023-12-01,12,110.2
7248,2024-01-01,12,110.2
7249,2024-02-01,12,110.2
7250,2024-03-01,12,110.2
7251,2024-04-01,12,110.2
7252,2024-05-01,12,110.2
7253,2024-06-01,12,110.2
7254,2024-07-01,12,110.8
7255,2024-08-01,12,110.8
7256,2024-09-01,12,110.8
7257,2024-10-01,12,110.8
7258,2024-11-01,12,110.8
7259,2024-12-01,12,110.8
7260,2025-01-01,12,110.9
7261,2025-02-01,12,111.8
7262,2025-03-01,12,111.8
7263,2025-04-01,12,111.8
7264,2025-05-01,12,111.8
7265,2025-06-01,12,111.8
7266,2025-07-01,12,116.9
7267,2025-08-01,12,117.0
7268,2025-09-01,12,117.0
7269,2025-10-01,12,117.0
7270,2025-11-01,12,117.0
7271,2025-12-01,12,117.0
7272,2026-01-01,12,117.0
7273,2026-02-01,12,117.0
7274,2026-03-01,12,117.3
7275,2026-04-01,12,117.3
7276,2026-05-01,12,117.3
7277,2026-06-01,12,118.2
7278,2026-07-01,12,118.2
7279,2026-08-01,12,118.2
7280,1980-01-01,13,
7281,1980-02-01,13,
7282,1980-03-01,13,
7283,1980-04-01,13,
7284,1980-05-01,13,
7285,1980-06-01,13,
7286,1980-07-01,13,
7287,1980-08-01,13,
7288,1980-09-01,13,
7289,1980-10-01,13,
7290,1980-11-01,13,
7291,1980-12-01,13,
7292,1981-01-01,13,
7293,1981-02-01,13,
7294,1981-03-01,13,
7295,1981-04-01,13,
7296,1981-05-01,13,
7297,1981-06-01,13,
7298,1981-07-01,13,
7299,1981-08-01,13,
7300,1981-09-01,13,
7301,1981-10-01,13,
7302,1981-11-01,13,
7303,1981-12-01,13,
7304,1982-01-01,13,
7305,1982-02-01,13,
7306,1982-03-01,13,
7307,1982-04-01,13,
7308,1982-05-01,13,
7309,1982-06-01,13,
7310,1982-07-01,13,
7311,1982-08-01,13,
7312,1982-09-01,13,
7313,1982-10-01,13,
7314,1982-11-01,13,
7315,1982-12-01,13,
7316,1983-01-01,13,
7317,1983-02-01,13,
7318,1983-03-01,13,
7319,1983-04-01,13,
7320,1983-05-01,13,
7321,1983-06-01,13,
7322,1983-07-01,13,
7323,1983-08-01,13,
7324,1983-09-01,13,
7325,1983-10-01,13,
7326,1983-11-01,13,
7327,1983-12-01,13,
7328,1984-01-01,13,
7329,1984-02-01,13,
7330,1984-03-01,13,
7331,1984-04-01,13,
7332,1984-05-01,13,
7333,1984-06-01,13,
7334,1984-07-01,13,
7335,1984-08-01,13,
7336,1984-09-01,13,
7337,1984-10-01,13,
7338,1984-11-01,13,
7339,1984-12-01,13,
7340,1985-01-01,13,
7341,1985-02-01,13,
7342,1985-03-01,13,
7343,1985-04-01,13,
7344,1985-05-01,13,
7345,1985-06-01,13,
7346,1985-07-01,13,
7347,1985-08-01,13,
7348,1985-09-01,13,
7349,1985-10-01,13,
7350,1985-11-01,13,
7351,1985-12-01,13,
7352,1986-01-01,13,
7353,1986-02-01,13,
7354,1986-03-01,13,
7355,1986-04-01,13,
7356,1986-05-01,13,
7357,1986-06-01,13,
7358,1986-07-01,13,
7359,1986-08-01,13,
7360,1986-09-01,13,
7361,1986-10-01,13,
7362,1986-11-01,13,
7363,1986-12-01,13,
7364,1987-01-01,13,
7365,1987-02-01,13,
7366,1987-03-01,13,
7367,1987-04-01,13,
7368,1987-05-01,13,
7369,1987-06-01,13,
7370,1987-07-01,13,
7371,1987-08-01,13,
7372,1987-09-01,13,
7373,1987-10-01,13,
7374,1987-11-01,13,
7375,1987-12-01,13,
7376,1988-01-01,13,
7377,1988-02-01,13,
7378,1988-03-01,13,
7379,1988-04-01,13,
7380,1988-05-01,13,
7381,1988-06-01,13,
7382,1988-07-01,13,
7383,1988-08-01,13,
7384,1988-09-01,13,
7385,1988-10-01,13,
7386,1988-11-01,13,
7387,1988-12-01,13,
7388,1989-01-01,13,
7389,1989-02-01,13,
7390,1989-03-01,13,
7391,1989-04-01,13,
7392,1989-05-01,13,
7393,1989-06-01,13,
7394,1989-07-01,13,
7395,1989-08-01,13,
7396,1989-09-01,13,
7397,1989-10-01,13,
7398,1989-11-01,13,
7399,1989-12-01,13,
7400,1990-01-01,13,
7401,1990-02-01,13,
7402,1990-03-01,13,
7403,1990-04-01,13,
7404,1990-05-01,13,
7405,1990-06-01,13,
7406,1990-07-01,13,
7407,1990-08-01,13,
7408,1990-09-01,13,
7409,1990-10-01,13,
7410,1990-11-01,13,
7411,1990-12-01,13,
7412,1991-01-01,13,
7413,1991-02-01,13,
7414,1991-03-01,13,
7415,1991-04-01,13,
7416,1991-05-01,13,
7417,1991-06-01,13,
7418,1991-07-01,13,
7419,1991-08-01,13,
7420,1991-09-01,13,
7421,1991-10-01,13,
7422,1991-11-01,13,
7423,1991-12-01,13,
7424,1992-01-01,13,
7425,1992-02-01,13,
7426,1992-03-01,13,
7427,1992-04-01,13,
7428,1992-05-01,13,
7429,1992-06-01,13,
7430,1992-07-01,13,
7431,1992-08-01,13,
7432,1992-09-01,13,
7433,1992-10-01,13,
7434,1992-11-01,13,
7435,1992-12-01,13,
7436,1993-01-01,13,
7437,1993-02-01,13,
7438,1993-03-01,13,
7439,1993-04-01,13,
7440,1993-05-01,13,
7441,1993-06-01,13,
7442,1993-07-01,13,
7443,1993-08-01,13,
7444,1993-09-01,13,
7445,1993-10-01,13,
7446,1993-11-01,13,
7447,1993-12-01,13,
7448,1994-01-01,13,
7449,1994-02-01,13,
7450,1994-03-01,13,
7451,1994-04-01,13,
7452,1994-05-01,13,
7453,1994-06-01,13,
7454,1994-07-01,13,
7455,1994-08-01,13,
7456,1994-09-01,13,
7457,1994-10-01,13,
7458,1994-11-01,13,
7459,1994-12-01,13,
7460,1995-01-01,13,
7461,1995-02-01,13,
7462,1995-03-01,13,
7463,1995-04-01,13,
7464,1995-05-01,13,
7465,1995-06-01,13,
7466,1995-07-01,13,
7467,1995-08-01,13,
7468,1995-09-01,13,
7469,1995-10-01,13,
7470,1995-11-01,13,
7471,1995-12-01,13,
7472,1996-01-01,13,
7473,1996-02-01,13,
7474,1996-03-01,13,
7475,1996-04-01,13,
7476,1996-05-01,13,
7477,1996-06-01,13,
7478,1996-07-01,13,
7479,1996-08-01,13,
7480,1996-09-01,13,
7481,1996-10-01,13,
7482,1996-11-01,13,
7483,1996-12-01,13,
7484,1997-01-01,13,
7485,1997-02-01,13,
7486,1997-03-01,13,
7487,1997-04-01,13,
7488,1997-05-01,13,
7489,1997-06-01,13,
7490,1997-07-01,13,
7491,1997-08-01,13,
7492,1997-09-01,13,
7493,1997-10-01,13,
7494,1997-11-01,13,
7495,1997-12-01,13,
7496,1998-01-01,13,
7497,1998-02-01,13,
7498,1998-03-01,13,
7499,1998-04-01,13,
7500,1998-05-01,13,
7501,1998-06-01,13,
7502,1998-07-01,13,
7503,1998-08-01,13,
7504,1998-09-01,13,
7505,1998-10-01,13,
7506,1998-11-01,13,
7507,1998-12-01,13,
7508,1999-01-01,13,
7509,1999-02-01,13,
7510,1999-03-01,13,
7511,1999-04-01,13,
7512,1999-05-01,13,
7513,1999-06-01,13,
7514,1999-07-01,13,
7515,1999-08-01,13,
7516,1999-09-01,13,
7517,1999-10-01,13,
7518,1999-11-01,13,
7519,1999-12-01,13,
7520,2000-01-01,13,
7521,2000-02-01,13,
7522,2000-03-01,13,
7523,2000-04-01,13,
7524,2000-05-01,13,
7525,2000-06-01,13,
7526,2000-07-01,13,
7527,2000-08-01,13,
7528,2000-09-01,13,
7529,2000-10-01,13,
7530,2000-11-01,13,
7531,2000-12-01,13,
7532,2001-01-01,13,
7533,2001-02-01,13,
7534,2001-03-01,13,
7535,2001-04-01,13,
7536,2001-05-01,13,
7537,2001-06-01,13,
7538,2001-07-01,13,
7539,2001-08-01,13,
7540,2001-09-01,13,
7541,2001-10-01,13,
7542,2001-11-01,13,
7543,2001-12-01,13,
7544,2002-01-01,13,
7545,2002-02-01,13,
7546,2002-03-01,13,
7547,2002-04-01,13,
7548,2002-05-01,13,
7549,2002-06-01,13,
7550,2002-07-01,13,
7551,2002-08-01,13,
7552,2002-09-01,13,
7553,2002-10-01,13,
7554,2002-11-01,13,
7555,2002-12-01,13,
7556,2003-01-01,13,86.3
7557,2003-02-01,13,87.1
7558,2003-03-01,13,86.6
7559,2003-04-01,13,86.3
7560,2003-05-01,13,86.1
7561,2003-06-01,13,86.0
7562,2003-07-01,13,85.7
7563,2003-08-01,13,85.9
7564,2003-09-01,13,85.8
7565,2003-10-01,13,84.8
7566,2003-11-01,13,84.3
7567,2003-12-01,13,83.6
7568,2004-01-01,13,87.4
7569,2004-02-01,13,87.5
7570,2004-03-01,13,87.3
7571,2004-04-01,13,87.7
7572,2004-05-01,13,87.0
7573,2004-06-01,13,86.5
7574,2004-07-01,13,86.6
7575,2004-08-01,13,86.8
7576,2004-09-01,13,86.6
7577,2004-10-01,13,86.4
7578,2004-11-01,13,86.4
7579,2004-12-01,13,86.3
7580,2005-01-01,13,87.8
7581,2005-02-01,13,87.7
7582,2005-03-01,13,87.6
7583,2005-04-01,13,87.8
7584,2005-05-01,13,87.9
7585,2005-06-01,13,87.8
7586,2005-07-01,13,87.9
7587,2005-08-01,13,87.9
7588,2005-09-01,13,88.2
7589,2005-10-01,13,88.4
7590,2005-11-01,13,88.5
7591,2005-12-01,13,88.8
7592,2006-01-01,13,89.2
7593,2006-02-01,13,89.5
7594,2006-03-01,13,89.3
7595,2006-04-01,13,89.8
7596,2006-05-01,13,90.8
7597,2006-06-01,13,90.3
7598,2006-07-01,13,90.2
7599,2006-08-01,13,90.3
7600,2006-09-01,13,90.3
7601,2006-10-01,13,89.8
7602,2006-11-01,13,90.1
7603,2006-12-01,13,90.2
7604,2007-01-01,13,90.1
7605,2007-02-01,13,90.3
7606,2007-03-01,13,90.3
7607,2007-04-01,13,90.5
7608,2007-05-01,13,90.6
7609,2007-06-01,13,90.5
7610,2007-07-01,13,90.6
7611,2007-08-01,13,90.7
7612,2007-09-01,13,91.0
7613,2007-10-01,13,91.2
7614,2007-11-01,13,92.0
7615,2007-12-01,13,92.0
7616,2008-01-01,13,92.8
7617,2008-02-01,13,93.3
7618,2008-03-01,13,93.7
7619,2008-04-01,13,93.5
7620,2008-05-01,13,93.4
7621,2008-06-01,13,93.8
7622,2008-07-01,13,94.4
7623,2008-08-01,13,94.2
7624,2008-09-01,13,93.9
7625,2008-10-01,13,95.0
7626,2008-11-01,13,94.2
7627,2008-12-01,13,94.4
7628,2009-01-01,13,95.2
7629,2009-02-01,13,96.8
7630,2009-03-01,13,97.0
7631,2009-04-01,13,96.8
7632,2009-05-01,13,96.7
7633,2009-06-01,13,97.2
7634,2009-07-01,13,97.2
7635,2009-08-01,13,97.3
7636,2009-09-01,13,97.9
7637,2009-10-01,13,98.0
7638,2009-11-01,13,98.7
7639,2009-12-01,13,99.3
7640,2010-01-01,13,99.9
7641,2010-02-01,13,99.6
7642,2010-03-01,13,99.6
7643,2010-04-01,13,99.5
7644,2010-05-01,13,99.7
7645,2010-06-01,13,99.9
7646,2010-07-01,13,100.0
7647,2010-08-01,13,99.8
7648,2010-09-01,13,100.2
7649,2010-10-01,13,100.5
7650,2010-11-01,13,100.7
7651,2010-12-01,13,100.8
7652,2011-01-01,13,101.1
7653,2011-02-01,13,101.0
7654,2011-03-01,13,101.2
7655,2011-04-01,13,101.3
7656,2011-05-01,13,101.7
7657,2011-06-01,13,101.9
7658,2011-07-01,13,102.4
7659,2011-08-01,13,103.2
7660,2011-09-01,13,103.9
7661,2011-10-01,13,103.5
7662,2011-11-01,13,103.9
7663,2011-12-01,13,103.9
7664,2012-01-01,13,103.8
7665,2012-02-01,13,104.2
7666,2012-03-01,13,104.1
7667,2012-04-01,13,103.9
7668,2012-05-01,13,103.9
7669,2012-06-01,13,104.1
7670,2012-07-01,13,104.5
7671,2012-08-01,13,104.4
7672,2012-09-01,13,104.9
7673,2012-10-01,13,105.0
7674,2012-11-01,13,105.1
7675,2012-12-01,13,104.9
7676,2013-01-01,13,105.6
7677,2013-02-01,13,105.4
7678,2013-03-01,13,105.3
7679,2013-04-01,13,104.9
7680,2013-05-01,13,104.3
7681,2013-06-01,13,104.1
7682,2013-07-01,13,103.9
7683,2013-08-01,13,104.7
7684,2013-09-01,13,104.9
7685,2013-10-01,13,104.6
7686,2013-11-01,13,104.6
7687,2013-12-01,13,104.3
7688,2014-01-01,13,104.4
7689,2014-02-01,13,105.0
7690,2014-03-01,13,105.4
7691,2014-04-01,13,105.4
7692,2014-05-01,13,105.4
7693,2014-06-01,13,105.4
7694,2014-07-01,13,105.4
7695,2014-08-01,13,105.6
7696,2014-09-01,13,105.6
7697,2014-10-01,13,105.3
7698,2014-11-01,13,105.5
7699,2014-12-01,13,105.8
7700,2015-01-01,13,106.2
7701,2015-02-01,13,106.7
7702,2015-03-01,13,107.0
7703,2015-04-01,13,109.7
7704,2015-05-01,13,110.0
7705,2015-06-01,13,110.2
7706,2015-07-01,13,110.4
7707,2015-08-01,13,110.4
7708,2015-09-01,13,111.5
7709,2015-10-01,13,111.4
7710,2015-11-01,13,111.7
7711,2015-12-01,13,111.5
7712,2016-01-01,13,112.0
7713,2016-02-01,13,112.3
7714,2016-03-01,13,112.5
7715,2016-04-01,13,112.5
7716,2016-05-01,13,112.7
7717,2016-06-01,13,112.7
7718,2016-07-01,13,113.1
7719,2016-08-01,13,113.2
7720,2016-09-01,13,113.2
7721,2016-10-01,13,113.1
7722,2016-11-01,13,113.7
7723,2016-12-01,13,113.5
7724,2017-01-01,13,113.6
7725,2017-02-01,13,113.9
7726,2017-03-01,13,114.0
7727,2017-04-01,13,114.2
7728,2017-05-01,13,114.2
7729,2017-06-01,13,114.1
7730,2017-07-01,13,114.4
7731,2017-08-01,13,114.2
7732,2017-09-01,13,114.4
7733,2017-10-01,13,114.5
7734,2017-11-01,13,114.5
7735,2017-12-01,13,114.3
7736,2018-01-01,13,114.6
7737,2018-02-01,13,114.3
7738,2018-03-01,13,114.5
7739,2018-04-01,13,114.6
7740,2018-05-01,13,114.7
7741,2018-06-01,13,111.1
7742,2018-07-01,13,111.0
7743,2018-08-01,13,110.8
7744,2018-09-01,13,111.0
7745,2018-10-01,13,111.3
7746,2018-11-01,13,111.5
7747,2018-12-01,13,111.5
7748,2019-01-01,13,111.9
7749,2019-02-01,13,111.8
7750,2019-03-01,13,112.2
7751,2019-04-01,13,112.3
7752,2019-05-01,13,112.3
7753,2019-06-01,13,112.6
7754,2019-07-01,13,113.0
7755,2019-08-01,13,113.6
7756,2019-09-01,13,114.0
7757,2019-10-01,13,113.8
7758,2019-11-01,13,114.3
7759,2019-12-01,13,114.2
7760,2020-01-01,13,114.7
7761,2020-02-01,13,114.6
7762,2020-03-01,13,115.1
7763,2020-04-01,13,114.9
7764,2020-05-01,13,115.5
7765,2020-06-01,13,116.0
7766,2020-07-01,13,116.3
7767,2020-08-01,13,117.1
7768,2020-09-01,13,117.1
7769,2020-10-01,13,117.0
7770,2020-11-01,13,116.9
7771,2020-12-01,13,116.7
7772,2021-01-01,13,116.8
7773,2021-02-01,13,116.4
7774,2021-03-01,13,116.2
7775,2021-04-01,13,116.3
7776,2021-05-01,13,116.3
7777,2021-06-01,13,116.4
7778,2021-07-01,13,116.4
7779,2021-08-01,13,116.4
7780,2021-09-01,13,116.5
7781,2021-10-01,13,116.8
7782,2021-11-01,13,117.0
7783,2021-12-01,13,117.2
7784,2022-01-01,13,117.5
7785,2022-02-01,13,117.7
7786,2022-03-01,13,118.4
7787,2022-04-01,13,118.4
7788,2022-05-01,13,118.5
7789,2022-06-01,13,119.0
7790,2022-07-01,13,118.9
7791,2022-08-01,13,119.2
7792,2022-09-01,13,119.3
7793,2022-10-01,13,119.6
7794,2022-11-01,13,120.0
7795,2022-12-01,13,119.9
7796,2023-01-01,13,120.2
7797,2023-02-01,13,120.6
7798,2023-03-01,13,120.9
7799,2023-04-01,13,121.4
7800,2023-05-01,13,121.9
7801,2023-06-01,13,122.1
7802,2023-07-01,13,122.0
7803,2023-08-01,13,122.1
7804,2023-09-01,13,122.3
7805,2023-10-01,13,122.3
7806,2023-11-01,13,122.8
7807,2023-12-01,13,123.1
7808,2024-01-01,13,123.2
7809,2024-02-01,13,123.6
7810,2024-03-01,13,124.1
7811,2024-04-01,13,125.2
7812,2024-05-01,13,125.6
7813,2024-06-01,13,125.5
7814,2024-07-01,13,125.9
7815,2024-08-01,13,126.0
7816,2024-09-01,13,126.1
7817,2024-10-01,13,126.4
7818,2024-11-01,13,127.0
7819,2024-12-01,13,127.0
7820,2025-01-01,13,127.3
7821,2025-02-01,13,128.2
7822,2025-03-01,13,128.6
7823,2025-04-01,13,130.3
7824,2025-05-01,13,130.3
7825,2025-06-01,13,130.8
7826,2025-07-01,13,130.8
7827,2025-08-01,13,131.1
7828,2025-09-01,13,132.1
7829,2025-10-01,13,134.0
7830,2025-11-01,13,134.1
7831,2025-12-01,13,134.3
7832,2026-01-01,13,135.7
7833,2026-02-01,13,137.0
7834,2026-03-01,13,137.6
7835,2026-04-01,13,136.6
7836,2026-05-01,13,136.5
7837,2026-06-01,13,135.3
7838,2026-07-01,13,134.6
7839,2026-08-01,13,135.3
